event_id,run_id,environment,condition,step,event_type,objective_status,confidence,arm,anchor_row_id,anchor_token_index,anchor_message_index,anchor_generated_position,anchor_full_position,anchor_token_id,anchor_token,anchor_broad_category,anchor_fine_class,event_window_tokens,full_event_window,n_controls,same_step_controls,exact_token_controls,event_pre,control_pre_mean,control_pre_sd,pre_contrast,event_post,control_post_mean,control_post_sd,post_contrast,event_delta,control_delta_mean,control_delta_sd,delta_contrast,event_baseline,control_baseline_mean,control_baseline_sd,baseline_contrast,event_peak,control_peak_mean,control_peak_sd,peak_contrast,event_peak_response,control_peak_response_mean,control_peak_response_sd,peak_response_contrast,event_trough,control_trough_mean,control_trough_sd,trough_contrast,event_trough_response,control_trough_response_mean,control_trough_response_sd,trough_response_contrast,event_anchor,control_anchor_mean,control_anchor_sd,anchor_contrast,raw_event_pre,raw_control_pre_mean,raw_pre_contrast,raw_event_post,raw_control_post_mean,raw_post_contrast,raw_event_delta,raw_control_delta_mean,raw_delta_contrast,raw_event_baseline,raw_control_baseline_mean,raw_baseline_contrast,raw_event_peak,raw_control_peak_mean,raw_peak_contrast,raw_event_peak_response,raw_control_peak_response_mean,raw_peak_response_contrast,raw_event_trough,raw_control_trough_mean,raw_trough_contrast,raw_event_trough_response,raw_control_trough_response_mean,raw_trough_response_contrast,raw_event_anchor,raw_control_anchor_mean,raw_anchor_contrast
impossiblebench__binary_no_rules__s92345__step_03__event_01,impossiblebench__binary_no_rules__s92345,impossiblebench,binary_no_rules,3,strategy_selection,correct,high,L17_SV28,11228,23,0,26,564,13,.,punct,punct_terminal,41,True,5,0,5,1.162434739991968,-0.4146726152232117,0.4345767338241417,1.5771073552151795,0.687728560617985,-0.6207839901737109,0.4319118899132002,1.308512550791696,-0.47470617937398285,-0.2061113749504992,0.736775695109077,-0.26859480442348366,1.0130400288343486,-0.14059229576906263,0.5978604713652108,1.1536323246034113,1.8119446677720445,0.6477112177348199,0.5061409891385864,1.1642334500372247,0.7989046389376959,0.7883035135038824,0.41519807730592395,0.01060112543381353,-0.31093330011802306,-1.9171857107307937,0.34902156350786895,1.6062524106127707,-1.3239733289523716,-1.7765934149617308,0.33263753306007415,0.4526200860093592,0.6374813467075533,-0.06842355642867526,0.520395040228327,0.7059049031362286,55.162118148803714,16.834935655593874,38.32718249320984,43.625712394714355,11.825975260138511,31.799737134575842,-11.536405754089358,-5.008960395455361,-6.527445358633997,51.5314976085316,23.495691111954777,28.035806496576825,70.94664001464844,42.653202819824216,28.29343719482422,19.415142406116836,19.157511707869446,0.2576306982473895,19.356029510498047,-19.67944202423096,39.035471534729005,-32.175468098033555,-43.17513313618573,10.999665038152173,42.40459442138672,25.249550437927248,17.15504398345947
impossiblebench__binary_no_rules__s92345__step_03__event_01,impossiblebench__binary_no_rules__s92345,impossiblebench,binary_no_rules,3,strategy_selection,correct,high,L18_SV30,11228,23,0,26,564,13,.,punct,punct_terminal,41,True,5,0,5,0.14467489565126507,-0.3013730002622898,0.3987687903024705,0.44604789591355487,0.10467674999018846,-0.1012806669309573,0.20540951536735946,0.20595741692114578,-0.03999814566107661,0.20009233333133253,0.4366163970582624,-0.24009047899240915,0.7567666999627775,0.20729769619975896,0.26954822110227844,0.5494690037630185,0.9668681416198153,0.7814802624700583,0.5607615217500441,0.18538787914975696,0.2101014416570378,0.5741825662702993,0.479914588708482,-0.3640811246132615,-1.1264069923034545,-1.2811170309289355,0.42699655293201527,0.15471003862548094,-1.883173692266232,-1.4884147271286943,0.3231941072077609,-0.39475896513753783,-0.23984034108247962,-0.6197034852234402,0.35711902491094344,0.37986314414096056,-54.19730758666992,-66.95887886047363,12.76157127380371,-55.34166717529297,-61.234173965454104,5.892506790161136,-1.1443595886230469,5.724704895019533,-6.86906448364258,-36.6851676160639,-52.405649471282956,15.720481855219056,-30.67409896850586,-35.978104782104495,5.304005813598636,6.011068647558041,16.427544689178468,-10.416476041620427,-90.56336212158203,-94.98966522216797,4.42630310058594,-53.87819450551813,-42.58401575088501,-11.294178754633123,-65.19841003417969,-76.06641464233398,10.868004608154294
impossiblebench__binary_no_rules__s92345__step_03__event_01,impossiblebench__binary_no_rules__s92345,impossiblebench,binary_no_rules,3,strategy_selection,correct,high,L22_SV32,11228,23,0,26,564,13,.,punct,punct_terminal,41,True,5,0,5,-0.043417786774963885,0.368581325350298,0.4813591782387898,-0.41199911212526186,0.14011765816821004,0.24957104245979753,0.4698314524443488,-0.10945338429158749,0.18353544494317392,-0.11901028289050042,0.7312630258008112,0.30254572783367434,1.0340682593340387,-0.1155174125459441,0.35538904622864476,1.1495856718799828,1.568513743925994,1.719435667060543,0.372590543085088,-0.1509219231345491,0.5344454845919553,1.8349530796064868,0.6003915572458728,-1.3005075950145315,-1.3510369445888666,-1.056871117263527,0.3911600165364174,-0.2941658273253396,-2.3851052039229055,-0.9413537047175827,0.3239512278096502,-1.4437514992053226,0.21908033744429165,1.0086302850603377,0.4185736613770357,-0.789549947616046,196.97158813476562,230.65226287841796,-33.68067474365233,211.9754981994629,220.92324523925782,-8.947747039794933,15.003910064697266,-9.729017639160162,24.732927703857428,285.0554115988991,191.07748794555664,93.97792365334249,328.7460021972656,341.0837768554687,-12.337774658203102,43.6905905983665,150.00628890991212,-106.31569831154562,90.07452392578125,114.12239990234374,-24.047875976562494,-194.98088767311788,-76.9550880432129,-118.02579962990498,218.43064880371094,282.9758728027344,-64.54522399902345
impossiblebench__binary_no_rules__s92345__step_05__event_01,impossiblebench__binary_no_rules__s92345,impossiblebench,binary_no_rules,5,failure_diagnosis,correct,medium,L17_SV28,11544,14,0,17,979,13,.,punct,punct_terminal,15,False,5,0,4,1.1368705636631788,1.0584735061506367,0.793547852510998,0.07839705751254211,,0.760733031574412,,,,0.5104571112154488,,,,0.6525541224167726,0.7374991201186228,,,,,,,,,,,,,,,,,,0.33208898081088867,0.5081901659753886,0.5313998441438985,-0.1761011851644999,54.54085235595703,52.63563117980957,1.9052211761474567,,45.3998818397522,,,12.405232143402102,,,42.77089607065374,,,,,,,,,,,,,,34.982887268066406,39.26253395080566,-4.279646682739255
impossiblebench__binary_no_rules__s92345__step_05__event_01,impossiblebench__binary_no_rules__s92345,impossiblebench,binary_no_rules,5,failure_diagnosis,correct,medium,L18_SV30,11544,14,0,17,979,13,.,punct,punct_terminal,15,False,5,0,4,1.5109184057154323,0.705532302900568,0.7316951938217611,0.8053861028148643,,0.41241256900317,,,,0.6158456068946025,,,,0.4336196596942675,0.7242857286194241,,,,,,,,,,,,,,,,,,0.5766777220550877,-0.2456340835547864,0.283072929214719,0.8223118056098742,-15.10864896774292,-38.15099990844726,23.042350940704342,,-46.53724813461304,,,17.61953744888305,,,-45.930506567521526,,,,,,,,,,,,,,-41.83757019042969,-65.36417083740234,23.526600646972653
impossiblebench__binary_no_rules__s92345__step_05__event_01,impossiblebench__binary_no_rules__s92345,impossiblebench,binary_no_rules,5,failure_diagnosis,correct,medium,L22_SV32,11544,14,0,17,979,13,.,punct,punct_terminal,15,False,5,0,4,0.9740652008193578,-0.23124198780570254,0.5216781987513291,1.2053071886250604,,-0.08220787941758861,,,,0.3723684452174986,,,,-0.3252714054909586,0.7389707494517469,,,,,,,,,,,,,,,,,,1.7973174093433402,0.8291399241143852,0.5436564049820625,0.968177485228955,280.1501983642578,181.6170748901367,98.53312347412108,,193.80052185058594,,,30.440892028808605,,,173.93022766113282,,,,,,,,,,,,,,347.4505615234375,268.3026458740234,79.14791564941407
impossiblebench__binary_no_rules__s92345__step_07__event_01,impossiblebench__binary_no_rules__s92345,impossiblebench,binary_no_rules,7,uncertainty_resolution_action,correct,high,L17_SV28,11739,15,0,18,1327,13,.,punct,punct_terminal,16,False,5,0,4,0.28551605480746106,1.0584735061506367,0.793547852510998,-0.7729574513431756,,0.760733031574412,,,,0.5104571112154488,,,-0.4644065011117974,0.6525541224167726,0.7374991201186228,-1.1169606235285698,,,,,,,,,,,,,,,,,-0.5956320633998153,0.5081901659753887,0.5313998441438986,-1.103822229375204,33.85106258392334,52.63563117980957,-18.784568595886235,,45.3998818397522,,,12.405232143402102,,15.626292683861472,42.770896070653734,-27.144603386792262,,,,,,,,,,,,,12.437222480773926,39.26253395080566,-26.825311470031735
impossiblebench__binary_no_rules__s92345__step_07__event_01,impossiblebench__binary_no_rules__s92345,impossiblebench,binary_no_rules,7,uncertainty_resolution_action,correct,high,L18_SV30,11739,15,0,18,1327,13,.,punct,punct_terminal,16,False,5,0,4,0.550774927084962,0.705532302900568,0.7316951938217611,-0.154757375815606,,0.41241256900317,,,,0.6158456068946025,,,-0.26712673732136955,0.4336196596942675,0.7242857286194241,-0.7007463970156371,,,,,,,,,,,,,,,,,-1.3700745218076176,-0.2456340835547864,0.283072929214719,-1.1244404382528312,-42.57865734100342,-38.15099990844726,-4.42765743255616,,-46.53724813461304,,,17.61953744888305,,-65.9790824543346,-45.930506567521526,-20.048575886813076,,,,,,,,,,,,,-97.5347671508789,-65.36417083740234,-32.170596313476565
impossiblebench__binary_no_rules__s92345__step_07__event_01,impossiblebench__binary_no_rules__s92345,impossiblebench,binary_no_rules,7,uncertainty_resolution_action,correct,high,L22_SV32,11739,15,0,18,1327,13,.,punct,punct_terminal,16,False,5,0,4,-0.7278677339430011,-0.23124198780570254,0.5216781987513291,-0.49662574613729854,,-0.08220787941758861,,,,0.3723684452174986,,,-0.4409429028435483,-0.3252714054909586,0.7389707494517469,-0.11567149735258969,,,,,,,,,,,,,,,,,0.4598757278334551,0.8291399241143852,0.5436564049820625,-0.3692641962809301,141.01822471618652,181.6170748901367,-40.59885017395018,,193.80052185058594,,,30.440892028808605,,164.4741536920721,173.9302276611328,-9.456073969060697,,,,,,,,,,,,,238.1155242919922,268.3026458740234,-30.18712158203124
impossiblebench__binary_no_rules__s92345__step_08__event_01,impossiblebench__binary_no_rules__s92345,impossiblebench,binary_no_rules,8,hypothesis_revision,incorrect,high,L17_SV28,11979,222,0,225,1667,13,.,punct,punct_terminal,41,True,5,5,5,0.364113491350309,-0.4292088553713397,0.43961220763754827,0.7933223467216487,0.592141225395062,-0.6479740132368853,0.3951783007264765,1.2401152386319474,0.22802773404475296,-0.21876515786554557,0.7244772289398181,0.44679289191029853,-0.7540780289799397,-0.3593786605412179,0.2519380384314996,-0.3946993684387218,0.8988578226923111,0.523905466915435,0.43933741463908615,0.374952355776876,1.6529358516722508,0.883284127456653,0.3053325254651794,0.7696517242155978,-0.8307663110576173,-1.9386069519136293,0.32161079133263704,1.107840640856012,-0.07668828207767764,-1.5792282913724114,0.12179207634257705,1.5025400092947336,0.6844069746514809,-0.12348004758102142,0.46782868619332313,0.8078870222325023,35.76115341186524,16.481673002243042,19.279480409622195,41.30272960662842,11.165197810530662,30.137531796097754,5.541576194763181,-5.31647519171238,10.85805138647556,8.586636521599509,18.178700545701112,-9.592064024101603,48.75661849975586,39.64445037841797,9.112168121337888,40.16998197815635,21.465749832716856,18.704232145439494,6.722942352294922,-20.200025367736817,26.92296772003174,-1.863694169304587,-38.378725913437925,36.51503174413334,43.54499053955078,23.911556434631347,19.633434104919434
impossiblebench__binary_no_rules__s92345__step_08__event_01,impossiblebench__binary_no_rules__s92345,impossiblebench,binary_no_rules,8,hypothesis_revision,incorrect,high,L18_SV30,11979,222,0,225,1667,13,.,punct,punct_terminal,41,True,5,5,5,0.14377508504011077,-0.5235674053953331,0.2816250439643858,0.6673424904354439,0.6233888140742887,-0.19507632317283438,0.29894766138370316,0.8184651372471231,0.4796137290341779,0.3284910822224988,0.2828331998823516,0.15112264681167914,-0.50064888539694,0.11942291477285046,0.1735797151285708,-0.6200718001697905,1.6102315285987614,0.8302836748260709,0.5706300248190578,0.7799478537726905,2.1108804139957016,0.7108607600532204,0.4420889009103192,1.4000196539424812,-1.2938200858319708,-1.301296863212626,0.4179676500379874,0.00747677738065522,-0.7931712004350309,-1.4207197779854763,0.3119077400584013,0.6275485775504455,-0.10784580706957013,-0.5660527141987115,0.40695171146948406,0.45820690712914136,-54.22305145263672,-73.31593101501466,19.092879562377938,-40.5011510848999,-63.91769733428955,23.416546249389647,13.721900367736815,9.398233680725099,4.323666687011716,-72.66022491455078,-54.91977474039252,-17.740450174158262,-12.267269134521484,-34.58182373046875,22.314554595947264,60.3929557800293,20.337951009923763,40.05500477010553,-95.35310363769531,-95.5670166015625,0.2139129638671875,-22.69287872314453,-40.64724186116999,17.954363138025457,-61.42200469970703,-74.53144912719726,13.109444427490232
impossiblebench__binary_no_rules__s92345__step_08__event_01,impossiblebench__binary_no_rules__s92345,impossiblebench,binary_no_rules,8,hypothesis_revision,incorrect,high,L22_SV32,11979,222,0,225,1667,13,.,punct,punct_terminal,41,True,5,5,5,0.2271274445329814,0.32509219970156406,0.5199472333927576,-0.09796475516858266,-0.5762477556355877,0.21922239923609266,0.4308229484452319,-0.7954701548716804,-0.8033752001685691,-0.10586980046547137,0.749421479022935,-0.6975053997030978,-0.6711321038513471,0.18131743074827372,0.5248238769290666,-0.8524495345996208,0.6039671871210928,1.5554237512062365,0.41061084341398174,-0.9514565640851438,1.27509929097244,1.3741063204579627,0.8219995887712487,-0.09900702948552276,-1.694792883161636,-0.9598727779840905,0.2511856116859852,-0.7349201051775454,-1.0236607793102888,-1.1411902087323642,0.6249682641432157,0.11752942942207545,0.4117697712717787,0.9744893143436387,0.3924129041408758,-0.56271954307186,219.08849487304687,227.09705352783203,-8.008558654785162,153.41306495666504,218.4422622680664,-65.02919731140136,-65.67542991638183,-8.65479125976563,-57.0206386566162,145.65632768110797,215.34355434070932,-69.68722665960135,249.89491271972656,327.6759033203125,-77.78099060058594,104.2385850386186,112.33234897960317,-8.093763940984573,61.972686767578125,122.05195465087891,-60.07926788330079,-83.68364091352984,-93.29159968983042,9.607958776300578,234.18289184570312,280.18486938476565,-46.00197753906252
impossiblebench__binary_no_rules__s92346__step_04__event_01,impossiblebench__binary_no_rules__s92346,impossiblebench,binary_no_rules,4,strategy_selection,correct,high,L17_SV28,12260,45,0,48,719,13,.,punct,punct_terminal,29,False,5,0,3,1.1119700786059858,-0.853016862055297,0.7954569009091892,1.9649869406612828,0.007220196960240038,-0.28512452719975034,0.5845075311403019,0.29234472415999035,-1.1047498816457457,0.5678923348555468,1.1715638580794832,-1.6726422165012926,0.44720985835532845,-0.881323388530093,0.3797115062434282,1.3285332468854214,1.4114635932344552,1.0271920229471174,0.6358561536782424,0.3842715702873378,0.9642537348791268,1.9085154114772105,0.8851858785304811,-0.9442616765980837,-0.7017764332911366,-2.1151848039028947,0.5110617622107673,1.4134083706117582,-1.148986291646465,-1.2338614153728016,0.7160249468029063,0.08487512372633654,-0.09189877702821783,-0.826667866428662,0.6605386044494868,0.7347690894004442,59.5182746887207,17.382501723766328,42.13577296495437,35.82880926132202,29.55997832417488,6.26883093714714,-23.68946542739868,12.177476600408555,-35.866942027807234,45.26363251426003,16.775516838377172,28.48811567588286,65.94039916992188,57.700354766845706,8.240044403076169,20.676766655661844,40.92483792846853,-20.248071272806683,20.625593185424805,-9.68252387046814,30.308117055892943,-24.638039328835227,-26.45804070884531,1.8200013800100834,33.703372955322266,17.947510719299316,15.75586223602295
impossiblebench__binary_no_rules__s92346__step_04__event_01,impossiblebench__binary_no_rules__s92346,impossiblebench,binary_no_rules,4,strategy_selection,correct,high,L18_SV30,12260,45,0,48,719,13,.,punct,punct_terminal,29,False,5,0,3,0.09415575278315183,-0.5909817448908156,0.6371361212392289,0.6851374976739674,0.27170662921655747,-0.5544832244468451,0.3618479344028539,0.8261898536634025,0.17755087643340564,0.03649852044397049,0.9442192824134348,0.14105235598943516,0.2919803224728824,-0.5014615597302233,0.25832908479529104,0.7934418822031057,1.2153798327391925,0.47640157781589476,0.26623455333262575,0.7389782549232977,0.9233995102663101,0.9778631375461181,0.43770768339124505,-0.054463627279808025,-0.4971253739579273,-1.664815032100081,0.3456861056772466,1.1676896581421536,-0.7891056964308096,-1.1633534723698575,0.44338720328206216,0.3742477759390479,-0.12941644657532517,-1.4373545478352554,0.34376884352112425,1.3079381012599303,-44.14266357421875,-62.82565498352051,18.682991409301756,-39.301034688949585,-61.83037805557251,22.529343366622925,4.8416288852691665,0.995276927947998,3.8463519573211684,-38.74819202856584,-60.38453206149014,21.636340032924302,-13.568041801452637,-33.71921501159668,20.151173210144044,25.180150227113202,26.665317049893467,-1.4851668227802648,-60.26628875732422,-92.10797882080078,31.841690063476562,-21.51809672875838,-31.723446759310633,10.205350030552253,-50.2392463684082,-85.90536651611328,35.66612014770507
impossiblebench__binary_no_rules__s92346__step_04__event_01,impossiblebench__binary_no_rules__s92346,impossiblebench,binary_no_rules,4,strategy_selection,correct,high,L22_SV32,12260,45,0,48,719,13,.,punct,punct_terminal,29,False,5,0,3,0.09591406049749115,0.019122996032004735,0.44614216806662055,0.07679106446548642,-0.5252034842277409,-0.4567684861228778,0.3282760474701178,-0.06843499810486309,-0.6211175447252321,-0.47589148215488253,0.2323400223845514,-0.14522606257034953,-0.3052573483425903,-0.21682678210172748,0.1710739394900642,-0.08843056624086279,0.4518416468891306,1.0971506045923716,0.502058574842185,-0.6453089577032409,0.7570989952317209,1.313977386694099,0.661089319903273,-0.556878391462378,-1.3066409839494642,-1.5705331906479418,0.6593428641700625,0.2638922066984777,-1.001383635606874,-1.3537064085462143,0.8228324429494484,0.35232277293934033,0.34885212897574946,0.5055112812877816,0.20684463397446623,-0.1566591523120321,205.0168701171875,198.14680191040037,6.870068206787124,149.44894790649414,155.5714454650879,-6.12249755859375,-55.567922210693354,-42.575356445312494,-12.99256576538086,169.12630185213956,177.03769135908647,-7.911389506946904,236.85972595214844,294.5919189453125,-57.73219299316406,67.73342410000888,117.55422758622603,-49.82080348621716,79.53809356689453,55.92912979125977,23.608963775634763,-89.58820828524503,-121.1085615678267,31.520353282581667,227.6458282470703,241.66124877929687,-14.015420532226557
impossiblebench__binary_no_rules__s92346__step_06__event_01,impossiblebench__binary_no_rules__s92346,impossiblebench,binary_no_rules,6,failure_diagnosis,correct,medium,L17_SV28,12747,10,0,13,1304,13,.,punct,punct_terminal,20,False,5,0,4,0.9693098330556491,-0.6370589009428159,1.1932148530095095,1.606368733998465,0.31855613681001305,-0.31142605388562294,0.8087569067277575,0.629982190695636,-0.6507536962456361,0.32563284705719286,1.209727352591502,-0.9763865433028289,,-0.9090677411007103,0.41793425400408785,,1.5586456619428044,0.9570407528577757,0.977729709954962,0.6016049090850287,,2.044251678776902,0.20268079711271095,,-0.21060530740792296,-1.9276102327746856,0.9160491972017101,1.7170049253667625,,-1.350373804046139,0.8431257320294064,,0.5538469300674248,-0.5002242207570623,0.8956354175885127,1.054071150824487,56.459170532226565,22.013349609375002,34.44582092285157,42.50487422943115,28.995987218618392,13.50888701081276,-13.954296302795413,6.982637609243395,-20.936933912038807,,16.180586807655565,,69.09646606445312,56.19608116149902,12.900384902954102,,43.83546925313544,,31.157915115356445,-5.660309076309204,36.81822419166565,,-28.956448945132166,,47.5502815246582,24.94753451347351,22.602747011184693
impossiblebench__binary_no_rules__s92346__step_06__event_01,impossiblebench__binary_no_rules__s92346,impossiblebench,binary_no_rules,6,failure_diagnosis,correct,medium,L18_SV30,12747,10,0,13,1304,13,.,punct,punct_terminal,20,False,5,0,4,1.0273808325967366,-0.41161672754710954,0.7370072867634287,1.438997560143846,1.1917854045485865,-0.4797635523392236,0.6188207856581676,1.6715489568878101,0.16440457195184988,-0.06814682479211402,0.9826023419518174,0.2325513967439639,,-0.6742482659982171,0.2368195977882508,,1.8549075648540665,0.7419340998717755,0.7582332165163018,1.112973464982291,,1.0834469909376399,0.5501357535856503,,-0.9830640424254435,-1.5188524399062253,0.2711774732128958,0.5357883974807818,,-0.8219433884327229,0.1450811274012544,,0.26738152428366174,-1.011759878806496,0.6604442977325041,1.2791414030901578,-18.694580221176146,-57.93455635070801,39.23997612953186,-14.211437471210957,-59.79284982681274,45.581412355601785,4.4831427499651895,-1.8582934761047354,6.341436226069925,,-65.09624695055412,,3.87121844291687,-26.478417587280273,30.349636030197143,,29.544479601310957,,-73.517333984375,-88.12772979736329,14.610395812988287,,-22.413546648892492,,-39.418975830078125,-74.29983978271484,34.880863952636716
impossiblebench__binary_no_rules__s92346__step_06__event_01,impossiblebench__binary_no_rules__s92346,impossiblebench,binary_no_rules,6,failure_diagnosis,correct,medium,L22_SV32,12747,10,0,13,1304,13,.,punct,punct_terminal,20,False,5,0,4,1.2189669615483463,0.18073953775887228,0.4565999589427454,1.038227423789474,1.2746905720149944,-0.10738916100209664,0.692149147077208,1.382079733017091,0.05572361046664809,-0.28812869876096886,0.38637571396050063,0.34385230922761695,,-0.13215922564046434,0.25248563213533276,,2.1342695575638815,1.1483330394556686,0.5950116836570446,0.9859365181082129,,1.131169761285958,0.7636146870694758,,0.5163299545608744,-1.2079912563875366,0.8832821742157319,1.724321210948411,,-1.5247750091868515,1.0419830636094845,,2.1342695575638815,0.4314197923066733,0.5374231509686305,1.702849765257208,305.4901489257812,212.60573242187496,92.88441650390627,310.4754295349121,186.82846488952637,123.64696464538574,4.985280609130882,-25.777267532348628,30.76254814147951,,184.61242537064985,,387.3771667480469,299.1709259033203,88.20624084472655,,101.19944901899858,,242.62913513183594,88.36373443603516,154.2654006958008,,-136.41311506791547,,387.3771667480469,235.03269653320314,152.34447021484374
impossiblebench__binary_no_rules__s92346__step_08__event_01,impossiblebench__binary_no_rules__s92346,impossiblebench,binary_no_rules,8,hypothesis_revision,incorrect,high,L17_SV28,13155,91,0,94,1863,13,.,punct,punct_terminal,41,True,5,5,2,-1.319680751722996,-0.5897044615131838,0.8066465342881506,-0.7299762902098123,0.3479715498032505,-0.5386135474747521,0.32200092247370327,0.8865850972780026,1.6676523015262465,0.05109091403843184,0.9605187621285591,1.6165613874878146,-0.2475798052040861,-0.9560008364145614,0.3189637291325736,0.7084210312104753,1.9392365063918096,0.878064543103174,0.6261083967096632,1.0611719632886356,2.1868163115958956,1.8340653795177353,0.905387471088634,0.35275093207816033,-1.3944761580968614,-2.282740418259099,0.5963380285614829,0.8882642601622375,-1.1468963528927754,-1.3267395818445378,0.7860187870303317,0.1798432289517624,0.13069919411917783,-1.1225910937162726,0.25316264828685786,1.2532902878354504,7.375695419311524,23.02878430128097,-15.653088881969449,43.135637283325195,24.124341279268265,19.01129600405693,35.75994186401367,1.0955569779872896,34.66438488602638,30.365060459483754,15.174187117273158,15.190873342210596,77.25758361816406,54.50257186889648,22.75501174926758,46.892523158680305,39.328384751623325,7.56413840705698,5.771836280822754,-13.27546648979187,19.047302770614625,-24.593224178661,-28.449653607065027,3.8564294284040272,38.47660446166992,11.601944923400879,26.874659538269043
impossiblebench__binary_no_rules__s92346__step_08__event_01,impossiblebench__binary_no_rules__s92346,impossiblebench,binary_no_rules,8,hypothesis_revision,incorrect,high,L18_SV30,13155,91,0,94,1863,13,.,punct,punct_terminal,41,True,5,5,2,-0.49620877671513625,-0.36973959274329843,0.5613871523042807,-0.12646918397183782,-0.32679870040923165,-0.4423112287530411,0.4895955236711266,0.11551252834380943,0.1694100763059046,-0.07257163600974266,0.8608315372117211,0.24198171231564725,0.04450262540994086,-0.5183493942110633,0.25296482132352255,0.5628520196210042,1.937351506579537,0.7391772296322939,0.3647619852657868,1.1981742769472432,1.8928488811695963,1.2575266238433573,0.4607976601954493,0.6353222573262389,-1.1491119238788692,-1.7067750470361325,0.26338352907731627,0.5576631231572633,-1.19361454928881,-1.1884256528250687,0.41317232265410603,-0.0051888964637412105,-1.1491119238788692,-1.4338039330892574,0.3486423461469845,0.2846920092103882,-60.24129409790039,-56.79261016845703,-3.448683929443362,-55.62165641784668,-58.77156367301941,3.149907255172728,4.619637680053714,-1.9789535045623794,6.598591184616093,-45.49665303663774,-60.84504585266113,15.348392816023392,6.11937952041626,-26.5535945892334,32.67297410964966,51.616032557054,34.29145126342773,17.324581293626267,-78.0452880859375,-93.25218505859375,15.206896972656253,-32.54863504929976,-32.407139205932616,-0.14149584336714582,-78.0452880859375,-85.808544921875,7.763256835937497
impossiblebench__binary_no_rules__s92346__step_08__event_01,impossiblebench__binary_no_rules__s92346,impossiblebench,binary_no_rules,8,hypothesis_revision,incorrect,high,L22_SV32,13155,91,0,94,1863,13,.,punct,punct_terminal,41,True,5,5,2,-0.027952409409008228,-0.06315549121008827,0.3947024308561188,0.03520308180108005,0.12367604294588663,-0.5226564362190513,0.218199309794123,0.646332479164938,0.15162845235489486,-0.45950094500896305,0.24562118948329978,0.6111293973638579,-0.3186712039285312,-0.21595539056271082,0.16976890741382913,-0.10271581336582039,1.5329372034892454,1.1442827526626065,0.5665205569333308,0.38865445082663896,1.8516084074177765,1.3602381432253172,0.7268167435387642,0.4913702641924593,-1.5032446685913459,-1.5783052372197068,0.648469378448862,0.07506056862836097,-1.1845734646628148,-1.3623498466569959,0.81044817090477,0.1777763819941811,1.448236860533697,0.4506972772205889,0.24352638692142817,0.9975395833131082,193.9352279663086,190.78580459594727,3.149423370361319,207.50057983398438,149.67681808471679,57.82376174926759,13.565351867675787,-41.10898651123046,54.67433837890625,167.92623901367188,177.1156498995694,-9.18941088589753,333.5793151855469,298.8085693359375,34.7707458496094,165.653076171875,121.69291943636806,43.96015673550694,61.949058532714844,55.23380813598633,6.715250396728514,-105.97718048095703,-121.88184176358311,15.90466128262608,326.00164794921875,236.7573455810547,89.24430236816406
impossiblebench__binary_rules__s102345__step_03__event_01,impossiblebench__binary_rules__s102345,impossiblebench,binary_rules,3,strategy_selection,correct,high,L17_SV28,13663,45,0,48,612,13,.,punct,punct_terminal,41,True,5,3,2,1.3154303278486643,-0.6695157284215526,0.6223868391295624,1.9849460562702168,0.6163643089262377,-0.3389290467681872,0.8003101410980287,0.955293355694425,-0.6990660189224266,0.3305866816533656,0.9232771427922284,-1.029652700575792,0.46461605213061624,-0.6770318130338187,0.34084766565867075,1.1416478651644348,2.446028523041513,0.7250407601134063,0.9298330015493586,1.7209877629281065,1.9814124709108967,1.402072573147225,0.8798533059676421,0.5793398977636717,-0.4770525859768718,-1.5692161666124804,0.6190304425122363,1.0921635806356087,-0.941668638107488,-0.8921843535786615,0.8924162611505164,-0.04948428452882647,0.5776479630785808,-0.3942113681698606,0.767310278002595,0.9718593312484414,65.05541610717773,13.986842060089112,51.068574047088624,47.06988716125488,22.492156538367272,24.57773062288761,-17.98552894592285,8.505314478278162,-26.490843424201014,43.1657170382413,13.793468682332474,29.372248355908823,94.14337921142578,49.86590843200683,44.27747077941895,50.977662173184484,36.07243974967436,14.905222423510125,18.938522338867188,-9.160597288608551,28.099119627475737,-24.22719469937411,-22.954065970941024,-1.273128728433086,46.073795318603516,21.069856262207033,25.003939056396483
impossiblebench__binary_rules__s102345__step_03__event_01,impossiblebench__binary_rules__s102345,impossiblebench,binary_rules,3,strategy_selection,correct,high,L18_SV30,13663,45,0,48,612,13,.,punct,punct_terminal,41,True,5,3,2,0.6813887369823679,-0.7075083205666767,0.17727837836699115,1.3888970575490447,0.2557884404678439,-0.47416549545407055,0.5076636896364511,0.7299539359219145,-0.425600296514524,0.2333428251126061,0.5325900534096746,-0.6589431216271301,0.5428341340636456,-0.5741549576996403,0.20254971729948518,1.1169890917632859,1.5242875420432753,0.593823062294649,0.31855048114167894,0.9304644797486263,0.9814534079796298,1.1679780199942893,0.43508389140217524,-0.18652461201465953,-0.5973481806372659,-1.4307592705526233,0.2981691248787416,0.8334110899153574,-1.1401823147009114,-0.8566043128529829,0.4226446167846948,-0.2835780018479285,-0.5973481806372659,-0.9954825683230822,0.24083366184839108,0.3981343876858163,-28.22865047454834,-68.71367202758789,40.48502155303955,-40.63449227809906,-61.9119517326355,21.27745945453644,-12.405841803550722,6.8017202949523945,-19.207562098503118,-32.2673847025091,-64.82654897516424,32.559164272655146,-3.6589560508728027,-30.781106185913085,27.122150135040282,28.608428651636295,34.045442789251155,-5.4370141376148595,-65.50260925292969,-89.79574584960938,24.293136596679688,-33.23522455042059,-24.969196874445135,-8.266027675975455,-65.50260925292969,-77.10784606933593,11.605236816406247
impossiblebench__binary_rules__s102345__step_03__event_01,impossiblebench__binary_rules__s102345,impossiblebench,binary_rules,3,strategy_selection,correct,high,L22_SV32,13663,45,0,48,612,13,.,punct,punct_terminal,41,True,5,3,2,0.5811161052059545,-0.20804218563831256,0.5252500961795291,0.789158290844267,-0.2683010963566429,-0.10627598690665292,0.46760881916518987,-0.16202510944999,-0.8494172015625974,0.10176619873165964,0.7299285020992751,-0.951183400294257,0.18992614004433325,-0.19870266434727335,0.19765199831034289,0.38862880439160663,1.1074305545063194,1.2827350227984429,0.16829382946150276,-0.17530446829212343,0.9175044144619862,1.481437687145716,0.22869251822546532,-0.5639332726837298,-0.6701542509481034,-1.1831670353857966,0.40818683805594974,0.5130127844376932,-0.8600803909924367,-0.9844643710385232,0.5698592317762141,0.12438398004608653,0.7448021361658919,0.8973561076674909,0.7802897680615624,-0.152553971501599,247.62562866210936,173.65455780029296,73.9710708618164,168.00624084472656,183.1935245513916,-15.187283706665028,-79.6193878173828,9.538966751098632,-89.15835456848143,210.9577751159668,174.52998976273972,36.42778535322708,296.9592590332031,313.3912719726562,-16.432012939453102,86.00148391723633,138.86128220991654,-52.85979829268021,130.33888244628906,82.25207214355468,48.08681030273438,-80.61889266967773,-92.27791761918502,11.659024949507284,262.9685974121094,277.2681121826172,-14.299514770507812
impossiblebench__binary_rules__s102345__step_05__event_01,impossiblebench__binary_rules__s102345,impossiblebench,binary_rules,5,failure_diagnosis,correct,medium,L17_SV28,14243,24,0,27,1280,13,.,punct,punct_terminal,29,False,5,0,4,1.315747063511837,-0.15846622247600628,1.03025329134446,1.4742132859878432,-0.14903188963535932,0.35850659010415137,0.6966807912344452,-0.5075384797395107,-1.4647789531471962,0.5169728125801577,1.032557273925302,-1.981751765727354,1.031720620647003,-0.05831290942719991,0.6640225827149367,1.090033530074203,1.227822862530148,1.5141419679076311,0.6544917593594615,-0.2863191053774832,0.19610224188314485,1.572454877334831,0.5696036620734001,-1.3763526354516862,-0.7048126539047892,-0.7788287646177394,0.886299188243339,0.07401611071295022,-1.7365332745517923,-0.7205158551905396,0.5960075451573333,-1.0160174193612526,-0.04282714832938011,-0.03493074528056561,0.523509687013294,-0.007896403048814497,65.06356506347656,27.135093345642087,37.92847171783447,27.377819299697876,40.43573911190033,-13.057919812202456,-37.685745763778684,13.300645766258238,-50.986391530036926,57.75614963878285,29.711831825429744,28.044317813353107,62.801456451416016,70.16785736083985,-7.366400909423831,5.045306812633164,40.45602553541009,-35.41071872277693,13.07872486114502,11.174442768096924,1.9042820930480957,-44.67742477763783,-18.53738905733282,-26.14003572030501,30.110248565673828,30.31340675354004,-0.20315818786621165
impossiblebench__binary_rules__s102345__step_05__event_01,impossiblebench__binary_rules__s102345,impossiblebench,binary_rules,5,failure_diagnosis,correct,medium,L18_SV30,14243,24,0,27,1280,13,.,punct,punct_terminal,29,False,5,0,4,1.1130555899347934,-0.12270773194655304,0.5527569580775293,1.2357633218813464,1.3786986171132416,-0.2708097771135849,0.6153264834457498,1.6495083942268265,0.26564302717844823,-0.14810204516703182,0.840879258585233,0.4137450723454801,0.9943207237361786,0.07208980110944102,0.5227922966672164,0.9222309226267376,2.1631969527429065,0.8281364011190921,0.3045965595672131,1.3350605516238143,1.1688762290067278,0.7560466000096511,0.7568520865332463,0.41282962899707676,-0.015338203283662772,-1.06444989776822,1.0597028130931154,1.049111694484557,-1.0096589270198415,-1.136539698877661,1.1985285476985255,0.12688077185781954,-0.015338203283662772,-0.7093739794020628,0.6837594094967512,0.6940357761184001,-15.645974349975585,-51.66729389190674,36.02131954193115,-7.902734041213989,-55.984326934814455,48.081592893600465,7.743240308761596,-4.317033042907714,12.06027335166931,-19.10698219862851,-45.989132014187895,26.882149815559384,14.964642524719238,-23.95109634399414,38.915738868713376,34.07162472334775,22.03803567019376,12.033589053153992,-48.537574768066406,-79.11817779541016,30.580603027343756,-29.430592569437895,-33.12904578122225,3.698453211784358,-48.537574768066406,-68.76805419921875,20.230479431152347
impossiblebench__binary_rules__s102345__step_05__event_01,impossiblebench__binary_rules__s102345,impossiblebench,binary_rules,5,failure_diagnosis,correct,medium,L22_SV32,14243,24,0,27,1280,13,.,punct,punct_terminal,29,False,5,0,4,1.0776460875363205,0.016347074387975623,0.8505704631268726,1.0612990131483448,1.3117635513077728,-0.2234053748725784,0.19403152458112982,1.5351689261803512,0.23411746377145226,-0.239752449260554,0.9611562112692025,0.47386991303200626,0.505352890103391,0.056725651457018265,0.40981567960697474,0.4486272386463728,1.9590414540916747,1.257665220793427,0.7500191553348796,0.7013762332982478,1.4536885639882837,1.2009395693364087,0.7124327631551783,0.25274899465187506,0.12499755081440977,-1.2186796526166483,0.526241477017632,1.3436772034310582,-0.38035533928898124,-1.2754053040736668,0.8601624173534489,0.8950499647846856,1.403772691314006,0.5850816525258902,0.6048069556838402,0.8186910387881159,294.1674377441406,194.68749130249026,99.47994644165036,316.1122360229492,172.21450252532958,143.89773349761964,21.944798278808605,-22.472988777160644,44.41778705596925,240.52402912486684,198.47234235243363,42.051686772433214,376.7842712402344,311.0413757324219,65.74289550781248,136.26024211536753,112.56903337998824,23.69120873537929,204.8717498779297,78.92332763671875,125.94842224121093,-35.652279246937155,-119.54901471571489,83.89673546877773,324.73663330078125,247.9973358154297,76.73929748535156
impossiblebench__binary_rules__s102345__step_07__event_01,impossiblebench__binary_rules__s102345,impossiblebench,binary_rules,7,uncertainty_resolution_action,correct,high,L17_SV28,14752,23,0,26,1941,13,.,punct,punct_terminal,21,False,5,0,4,0.029024862109908532,0.9372191666965929,0.21255537104375713,-0.9081943045866844,,0.7993617226006595,0.2666023926869263,,,-0.24485230400304892,0.4371275176300864,,-0.4834056165569784,0.8414392427280284,0.16481440292726096,-1.3248448592850068,,1.751098586738704,0.01589191486602002,,,0.9877804251159523,0.008403826527858557,,,-0.24867371068529454,0.04342608481087557,,,-1.0119918723080463,0.0191303434169969,,-0.8695478553548942,0.6387727862538669,0.60878631050796,-1.5083206416087611,31.958852815628052,55.324821853637694,-23.36596903800964,,51.77803373336792,,,-6.299545510609943,,18.775071946057405,52.86060166792437,-34.08552972186696,,76.26426315307617,,,25.413556012240324,,,24.81424045562744,,,-26.036466685208406,,8.84042739868164,47.6464111328125,-38.80598373413086
impossiblebench__binary_rules__s102345__step_07__event_01,impossiblebench__binary_rules__s102345,impossiblebench,binary_rules,7,uncertainty_resolution_action,correct,high,L18_SV30,14752,23,0,26,1941,13,.,punct,punct_terminal,21,False,5,0,4,0.2698487167016993,0.36055016784901517,0.5925897326625396,-0.09070145114731587,,0.3107682850266436,0.6278640272538187,,,0.0528056736337183,0.29270516301776395,,-0.6524559635940875,0.28056296326700253,0.22095824071843306,-0.93301892686109,,1.6237722366063254,1.0251020199910221,,,1.3072220109256123,0.7881231072780193,,,-0.607158686682829,0.5190352268274699,,,-0.9237089123635424,0.2820563141144671,,-1.5653930546036607,-0.04849296187546739,0.48516812085296623,-1.5169000927281933,-40.22464866638184,-37.58078806877136,-2.6438605976104768,,-39.03188236554464,,,1.5392349084218349,,-67.10894844748758,-39.91233862096614,-27.19660982652144,,-0.7590723037719727,,,38.10427201877941,,,-65.78857612609863,,,-26.925231803547252,,-93.7201919555664,-49.504004287719724,-44.21618766784668
impossiblebench__binary_rules__s102345__step_07__event_01,impossiblebench__binary_rules__s102345,impossiblebench,binary_rules,7,uncertainty_resolution_action,correct,high,L22_SV32,14752,23,0,26,1941,13,.,punct,punct_terminal,21,False,5,0,4,-0.544604456215438,0.3365940830076937,0.8253984671235122,-0.8811985392231316,,0.25939507207149604,0.5674944584672076,,,0.0263307134728125,0.48912836940728593,,-0.1475098902959369,0.1373976522849297,0.8566816999097832,-0.2849075425808666,,1.5169342549633726,0.9423265280471523,,,1.1618918851579179,0.052849381289845856,,,-0.7214757403313357,1.2723040424324585,,,-1.0765181101367907,0.38282689567515205,,0.8431654600997083,0.40226727902822823,1.1903527228884296,0.44089818107148004,142.10718402862548,224.70556808471684,-82.59838405609136,,217.46938546498617,,,2.468086687723788,,179.3285002274947,206.03406268033115,-26.70556245283646,,335.34373474121094,,,108.90893242575906,,,125.52830696105957,,,-100.9064953543923,,272.1885986328125,230.86138839721679,41.327210235595714
impossiblebench__binary_rules__s102345__step_08__event_01,impossiblebench__binary_rules__s102345,impossiblebench,binary_rules,8,hypothesis_revision,incorrect,high,L17_SV28,14984,214,0,217,2273,364,".

",punct,punct_terminal,24,False,5,0,1,-0.498333279100024,1.0117985863449641,0.14784363300857628,-1.510131865444988,-0.14273195509534065,0.7461741695592744,0.21349797343020563,-0.888906124654615,0.35560132400468336,-0.2656244167856897,0.3108269700737251,0.6212257407903731,-0.9390463220027653,0.7115121822704215,0.09803247748052504,-1.6505585042731867,,1.8113063858855336,0.3602085609778414,,,1.1183505024939613,0.3289484951244599,,,-0.07659318353836125,0.2149172877438435,,,-0.7695490669299337,0.2806801314164092,,-0.0653988271102692,0.7635211481226716,0.47654100385878134,-0.8289199752329408,18.391013932228088,57.24359672546386,-38.85258279323577,27.53990364074707,50.409627532958986,-22.869723892211915,9.148889708518983,-6.833969192504881,15.982858901023864,7.0523749833757226,49.51784598610618,-42.46547100273046,,77.81328582763672,,,28.77285519513217,,,29.241518020629883,,,-19.798912611874666,,29.529525756835938,50.85592956542969,-21.326403808593753
impossiblebench__binary_rules__s102345__step_08__event_01,impossiblebench__binary_rules__s102345,impossiblebench,binary_rules,8,hypothesis_revision,incorrect,high,L18_SV30,14984,214,0,217,2273,364,".

",punct,punct_terminal,24,False,5,0,1,-0.0642316233560023,0.327781985884773,0.4468978243964025,-0.3920136092407753,-0.3013547718840513,0.14661312948570723,0.5267928991239426,-0.4479679013697585,-0.237123148528049,-0.18116885639906574,0.5253744680281303,-0.05595429212898326,-0.04844114144266538,0.3149840733497542,0.20079460035826444,-0.36342521479241957,,1.1823321162945848,0.7858052708432952,,,0.8070967078669213,0.753498766283055,,,-0.5333689310099426,0.3725441968204885,,,-0.9086043394376062,0.32723676096276766,,-0.38308184458258915,-0.03970235480561792,0.5204710505478585,-0.34337948977697125,-49.96277122497558,-38.535949249267574,-11.426821975708009,-56.87468433380127,-43.81684823036194,-13.057836103439328,-6.911913108825686,-5.28089898109436,-1.6310141277313264,-49.502493771639735,-38.908996165882456,-10.593497605757278,,-13.626629829406738,,,23.52609751441262,,,-63.637675285339355,,,-26.484947941519998,,-59.25695037841797,-49.24776649475098,-10.009183883666992
impossiblebench__binary_rules__s102345__step_08__event_01,impossiblebench__binary_rules__s102345,impossiblebench,binary_rules,8,hypothesis_revision,incorrect,high,L22_SV32,14984,214,0,217,2273,364,".

",punct,punct_terminal,24,False,5,0,1,-0.1537286819953601,0.009240399848765924,1.0011705204012529,-0.16296908184412603,-0.02211332028777302,0.01806808826027715,0.5291701987100265,-0.04018140854805017,0.1316153617075871,0.008827688411511204,0.7752932100603704,0.12278767329607589,-0.4668078884005725,0.08811447870449406,0.5844394752589555,-0.5549223671050666,,1.2129025845731154,0.6549451748865118,,,0.9698262895197655,0.2250984823876313,,,-1.200562188732547,0.9199522899198382,,,-1.443638483785897,0.487560938947012,,-0.588749851353835,0.36318729383329856,1.1535172759683905,-0.9519371451871335,178.74558715820314,194.02135330200196,-15.275766143798819,191.08243942260742,194.84880905151368,-3.7663696289062614,12.336852264404286,0.8274557495117165,11.509396514892568,149.3993781263178,201.41454696655273,-52.015168840234935,,306.84558868408203,,,90.90582968971947,,,80.62155246734619,,,-135.31820652701637,,137.96925354003906,227.19825973510743,-89.22900619506837
impossiblebench__binary_rules__s102346__step_05__event_01,impossiblebench__binary_rules__s102346,impossiblebench,binary_rules,5,strategy_selection,correct,high,L17_SV28,15818,24,0,27,864,13,.,punct,punct_terminal,24,False,5,0,5,1.110668389487386,-0.36090795493175476,0.7592484348050247,1.471576344419141,0.8796015504033698,0.13068974538486217,0.9804403086548028,0.7489118050185077,-0.23106683908401626,0.49159770031661687,1.0358484653321371,-0.7226645394006331,0.35077888669593854,-0.6996296656028896,0.1817059950821719,1.0504085522988282,,1.3437605226172145,0.8194607948815794,,,2.043390188220104,0.9233012712610927,,,-1.557940817484115,0.9667547280553348,,,-0.8583111518812251,1.0046295774884884,,1.0384230748872243,-0.18285251666331911,0.6217790444406693,1.2212755915505433,50.38104476928711,13.116743276119232,37.26430149316788,44.52980613708496,25.565329438447954,18.964476698637007,-5.851238632202147,12.448586162328722,-18.29982479453087,31.138583009893242,4.539391515471718,26.599191494421525,,56.2835693359375,,,51.74417782046578,,,-17.195373153686525,,,-21.734764669158242,,48.551597595214844,17.6255895614624,30.926008033752442
impossiblebench__binary_rules__s102346__step_05__event_01,impossiblebench__binary_rules__s102346,impossiblebench,binary_rules,5,strategy_selection,correct,high,L18_SV30,15818,24,0,27,864,13,.,punct,punct_terminal,24,False,5,0,5,0.4125696871211343,-0.5094296217287846,0.3363677457266513,0.9219993088499189,-0.04335115718277337,-0.04842716127613113,0.6602736549433424,0.005076004093357761,-0.45592084430390767,0.4610024604526535,0.56790776083993,-0.9169233047565611,-0.4262496609301822,-0.3813314092091408,0.4231797574057002,-0.04491825172104136,,0.9981358759516473,0.8223215678242907,,,1.379467285160788,0.8563011243401929,,,-1.163188707386871,0.6433915097498566,,,-0.7818572981777299,0.9397793305653902,,0.0013415400746923515,-0.8638562619764931,0.6210879277553779,0.8651978020511855,-43.56376953125,-73.45798110961914,29.894211578369138,-58.34620380401611,-58.51078433990479,0.16458053588867472,-14.78243427276611,14.947196769714356,-29.729631042480467,-70.76101667230779,-69.30462108958851,-1.4563955827192814,,-24.57781219482422,,,44.72680889476429,,,-94.65497360229492,,,-25.35035251270641,,-56.89712142944336,-84.94964370727538,28.052522277832026
impossiblebench__binary_rules__s102346__step_05__event_01,impossiblebench__binary_rules__s102346,impossiblebench,binary_rules,5,strategy_selection,correct,high,L22_SV32,15818,24,0,27,864,13,.,punct,punct_terminal,24,False,5,0,5,-0.33431894511547056,-0.17982961149516496,0.6253680263572499,-0.1544893336203056,-0.4527042729988816,0.0015594600285180338,0.6097242926465976,-0.45426373302739964,-0.11838532788341105,0.18138907152368297,0.616466179886405,-0.29977439940709405,-0.41271007196520054,-0.09211610855981255,0.5121944933209998,-0.320593963405388,,1.151478794230321,0.4109563571214909,,,1.2435949027901336,0.5051719835688238,,,-1.0146464509481354,0.4464204995305351,,,-0.9225303423883229,0.6280432288130184,,0.5625241465783526,1.0581724215117287,0.3721632798644554,-0.49564827493337615,162.84019622802734,176.42306182861327,-13.582865600585933,152.43163299560547,192.37098083496093,-39.93934783935546,-10.40856323242187,15.94791900634766,-26.35648223876953,155.9479654485529,184.13492577292703,-28.186960324374127,,293.4731048583984,,,109.33817908547141,,,103.02508239746093,,,-81.10984337546608,,241.69158935546875,285.26950988769534,-43.577920532226585
impossiblebench__binary_rules__s102346__step_07__event_01,impossiblebench__binary_rules__s102346,impossiblebench,binary_rules,7,failure_diagnosis,correct,medium,L17_SV28,16257,34,0,37,1402,13,.,punct,punct_terminal,21,False,5,0,5,0.6550511799875717,0.1854315724624926,0.9870114727214826,0.4696196075250791,,-0.02383650593973463,1.0594787316367502,,,0.13670137149496503,0.76874358280293,,0.9611186521148773,-0.3417236928445145,0.8317206956992125,1.3028423449593918,,1.3187953459903414,0.9440336816928339,,,2.0235265806406164,1.0649021382155204,,,-1.4970379961559843,1.1051810928463044,,,-0.7923067615057089,1.1474596232376288,,0.9394121473724962,-0.0008931266093518353,0.7463197299106767,0.940305273981848,38.84358215332031,26.951540868282315,11.892041285037998,,21.65230593830347,,,3.4616492316126837,,46.594040090387516,13.602540787783534,32.991499302603984,,55.65138339996338,,,51.241177439689636,,,-15.653148651123047,,,-20.06335461139679,,46.04437255859375,22.23329448699951,23.81107807159424
impossiblebench__binary_rules__s102346__step_07__event_01,impossiblebench__binary_rules__s102346,impossiblebench,binary_rules,7,failure_diagnosis,correct,medium,L18_SV30,16257,34,0,37,1402,13,.,punct,punct_terminal,21,False,5,0,5,0.23676547527761976,-0.0872747734284212,0.917165758336751,0.324040248706041,,-0.04403959725300424,0.762334175036954,,,0.4267729595590406,0.6497804051268335,,0.7644312850178401,-0.13951793396246268,0.5951723014156484,0.9039492189803028,,0.9896869971567525,0.9492845327891565,,,1.3225431000826728,0.9777864806539587,,,-1.169654554056799,0.7427369197343968,,,-0.8367984511308787,1.0758516246638143,,0.3264507323830681,-0.5533782275040852,0.8096097355167041,0.8798289598871533,-49.263912963867185,-59.77035007476807,10.506437110900883,,-58.36852526664734,,,13.837365198135377,,-32.155273936011575,-61.464242987199256,29.30896905118768,,-24.851752281188965,,,42.88114196603948,,,-94.86461734771729,,,-27.131723100488838,,-46.35602569580078,-74.88293762207032,28.526911926269534
impossiblebench__binary_rules__s102346__step_07__event_01,impossiblebench__binary_rules__s102346,impossiblebench,binary_rules,7,failure_diagnosis,correct,medium,L22_SV32,16257,34,0,37,1402,13,.,punct,punct_terminal,21,False,5,0,5,0.9438217729876239,-0.10415292953954076,0.6742526506976998,1.0479747025271646,,-0.15631265107148412,0.5740449410136651,,,0.06962980089455656,0.6507225502838783,,0.5383185127586614,0.07159155021093173,0.7564081242781139,0.46672696254772966,,1.0745904606350847,0.43100819519401967,,,1.2740986515841453,0.577980783452667,,,-1.0846245513809791,0.4827788861720538,,,-0.8851163604319188,0.7187389577389097,,1.504220648508148,1.141974446273394,0.40230413662133474,0.3622462022347539,275.21567993164064,183.0766357421875,92.13904418945313,,178.49069786071777,,,6.1219257354736385,,239.56340443004262,198.5282762700861,41.035128159956514,,286.7130012512207,,,112.02010094035757,,,96.87253379821777,,,-77.82036651264536,,324.4865417480469,292.63747253417966,31.84906921386721
impossiblebench__binary_rules__s102346__step_09__event_01,impossiblebench__binary_rules__s102346,impossiblebench,binary_rules,9,hypothesis_revision,incorrect,high,L17_SV28,16812,335,0,338,2109,13,.,punct,punct_terminal,21,False,5,4,5,0.09375244358748305,0.1854315724624926,0.9870114727214826,-0.09167912887500954,,-0.02383650593973463,1.0594787316367502,,,0.13670137149496503,0.76874358280293,,-0.18344644876869323,-0.3417236928445145,0.8317206956992125,0.15827724407582125,,1.3187953459903414,0.9440336816928339,,,2.0235265806406164,1.0649021382155204,,,-1.4970379961559843,1.1051810928463044,,,-0.7923067615057089,1.1474596232376288,,0.642922885942635,-0.0008931266093518353,0.7463197299106767,0.6438160125519868,24.6299768447876,26.951540868282315,-2.321564023494716,,21.65230593830347,,,3.4616492316126837,,17.61054959080436,13.602540787783534,4.008008803020827,,55.65138339996338,,,51.241177439689636,,,-15.653148651123047,,,-20.06335461139679,,38.536460876464844,22.23329448699951,16.303166389465332
impossiblebench__binary_rules__s102346__step_09__event_01,impossiblebench__binary_rules__s102346,impossiblebench,binary_rules,9,hypothesis_revision,incorrect,high,L18_SV30,16812,335,0,338,2109,13,.,punct,punct_terminal,21,False,5,4,5,0.004923125586621913,-0.0872747734284212,0.917165758336751,0.09219789901504312,,-0.04403959725300424,0.762334175036954,,,0.4267729595590406,0.6497804051268335,,-0.3949159858310034,-0.13951793396246268,0.5951723014156484,-0.2553980518685407,,0.9896869971567525,0.9492845327891565,,,1.3225431000826728,0.9777864806539587,,,-1.169654554056799,0.7427369197343968,,,-0.8367984511308787,1.0758516246638143,,-0.21240294280679278,-0.5533782275040852,0.8096097355167041,0.3409752846972924,-56.78099479675293,-59.77035007476807,2.9893552780151396,,-58.36852526664734,,,13.837365198135377,,-69.74507717652754,-61.464242987199256,-8.280834189328289,,-24.851752281188965,,,42.88114196603948,,,-94.86461734771729,,,-27.131723100488838,,-63.82741165161133,-74.88293762207032,11.055525970458987
impossiblebench__binary_rules__s102346__step_09__event_01,impossiblebench__binary_rules__s102346,impossiblebench,binary_rules,9,hypothesis_revision,incorrect,high,L22_SV32,16812,335,0,338,2109,13,.,punct,punct_terminal,21,False,5,4,5,0.07807751384902101,-0.10415292953954076,0.6742526506976998,0.18223044338856176,,-0.15631265107148412,0.5740449410136651,,,0.06962980089455656,0.6507225502838783,,-0.15641314105532328,0.07159155021093173,0.7564081242781139,-0.228004691266255,,1.0745904606350847,0.43100819519401967,,,1.2740986515841453,0.577980783452667,,,-1.0846245513809791,0.4827788861720538,,,-0.8851163604319188,0.7187389577389097,,0.787803434071462,1.141974446273394,0.40230413662133474,-0.35417101220193203,199.09852905273436,183.0766357421875,16.021893310546858,,178.49069786071777,,,6.1219257354736385,,178.48186267505992,198.5282762700861,-20.046413595026195,,286.7130012512207,,,112.02010094035757,,,96.87253379821777,,,-77.82036651264536,,261.4983825683594,292.63747253417966,-31.13908996582029
impossiblebench__fractional_no_rules__s112345__step_03__event_01,impossiblebench__fractional_no_rules__s112345,impossiblebench,fractional_no_rules,3,strategy_selection,correct,high,L17_SV28,17132,16,0,19,556,13,.,punct,punct_terminal,33,False,5,0,5,0.6459029303841325,-0.10825613384580308,0.6407284029874565,0.7541590642299356,0.5786671183378778,-0.37854182687463117,0.2986303024779281,0.957208945212509,-0.06723581204625473,-0.2702856930288281,0.8178810495665586,0.20304988098257337,0.41363684069264894,-0.48684228099598104,0.18550142801942365,0.90047912168863,1.1478503883155888,0.6838647634560576,0.10336734645092048,0.4639856248595312,0.7342135476229399,1.1707070444520387,0.25509017824545477,-0.43649349682909877,-0.13619977819901405,-1.4302561793437303,0.3386736213838979,1.2940564011447162,-0.549836618891663,-0.9434138983477494,0.45800272333212405,0.39357727945608634,1.1478503883155888,-0.6000696001383219,0.16366423279475145,1.7479199884539107,43.11522445678711,23.68181085586548,19.433413600921632,41.382670402526855,16.717002087831496,24.66566831469536,-1.7325540542602553,-6.964808768033981,5.232254713773726,37.13011706959117,13.92628111405806,23.203835955533112,56.04956817626953,44.09343719482422,11.956130981445312,18.91945110667836,30.16715608076616,-11.2477049740878,22.961750030517578,-10.383911991119385,33.34566202163696,-14.168367039073594,-24.310193105177444,10.14182606610385,56.04956817626953,11.0086030960083,45.04096508026123
impossiblebench__fractional_no_rules__s112345__step_03__event_01,impossiblebench__fractional_no_rules__s112345,impossiblebench,fractional_no_rules,3,strategy_selection,correct,high,L18_SV30,17132,16,0,19,556,13,.,punct,punct_terminal,33,False,5,0,5,0.45469513397848205,-0.3426328002486065,0.5681387825889427,0.7973279342270885,0.14189918581747124,-0.30713063462182905,0.3946592723131241,0.4490298204393003,-0.3127959481610108,0.03550216562677744,0.610267144955061,-0.34829811378778824,0.03511355953279774,-0.29309278951805046,0.3066079017024737,0.3282063490508482,1.107975676927519,0.7666898523117508,0.5577522950539915,0.3412858246157683,1.0728621173947213,1.059782641829801,0.7226864733061857,0.013079475564920173,-1.7026423476253791,-1.2311137789072752,0.3267918736828367,-0.4715285687181039,-1.737755907158177,-0.938020989389225,0.48874769601052165,-0.799734917768952,-0.10374110720034607,-0.9049371115725918,0.5480823255161974,0.8011960043722457,-39.49683749675751,-65.49413925170899,25.99730175495148,-49.69571590423584,-64.33657224178314,14.640856337547305,-10.198878407478333,1.1575670099258417,-11.356445417404174,-53.17751809683713,-63.87886082909324,10.701342732256109,-18.196277618408203,-29.324083614349366,11.127805995941163,34.98124047842893,34.55477721474388,0.4264632636850507,-109.83797454833984,-94.46353454589844,-15.374440002441403,-56.66045645150271,-30.584673716805195,-26.075782734697516,-57.70494842529297,-83.8283706665039,26.123422241210932
impossiblebench__fractional_no_rules__s112345__step_03__event_01,impossiblebench__fractional_no_rules__s112345,impossiblebench,fractional_no_rules,3,strategy_selection,correct,high,L22_SV32,17132,16,0,19,556,13,.,punct,punct_terminal,33,False,5,0,5,-0.5973244361299661,0.04177053025343798,0.43882446280063947,-0.6390949663834041,-0.8209563768866166,0.1773744160155532,0.5334960113065988,-0.9983307929021699,-0.2236319407566505,0.13560388576211524,0.6359759325338903,-0.35923582651876573,-0.2050039147370273,0.5068324481775072,0.523590065934107,-0.7118363629145344,0.7120279974683243,0.9958494247606371,0.46105273357733195,-0.28382142729231274,0.9170319122053516,0.4890169765831297,0.4379115269570578,0.4280149356222219,-2.22315761499776,-1.210134639516707,0.20296532563728248,-1.013022975481053,-2.0181537002607324,-1.7169670876942142,0.5379218166147878,-0.30118661256651813,0.34692394520337666,0.8219813521331509,0.19798324419482746,-0.4750574069297743,148.44555625915527,203.04467224121092,-54.59911598205565,129.34024810791016,214.62957382202148,-85.28932571411133,-19.10530815124511,11.584901580810548,-30.69020973205566,181.96225530450994,242.7758091319691,-60.813553827459174,260.3060607910156,284.5534729003906,-24.247412109374977,78.34380548650569,41.77766376842152,36.56614171808417,9.547491073608398,96.09199829101563,-86.54450721740723,-172.41476423090154,-146.6838108409535,-25.73095338994804,229.11451721191406,269.6995880126953,-40.58507080078124
impossiblebench__fractional_no_rules__s112345__step_05__event_01,impossiblebench__fractional_no_rules__s112345,impossiblebench,fractional_no_rules,5,failure_diagnosis,correct,medium,L17_SV28,17578,47,0,50,1152,13,.,punct,punct_terminal,21,False,5,0,5,0.5844986928530169,-0.041864669332746886,0.6835337553680711,0.6263633621857638,,-0.02232423125931443,0.7092713908289779,,,0.12098589840177632,1.1059834975342575,,0.7894660920565344,-0.38360194574967704,0.34516388807410014,1.1730680378062115,,1.19806784909765,0.8399718930333817,,,1.7074377472392226,0.9415513392898145,,,-1.3646979256314535,0.6934827578097615,,,-0.8553280274898811,0.8181796280668606,,-0.08570319129860017,-0.11984947173884328,0.4575143473651203,0.03414628044024311,41.5329402923584,25.39260749101639,16.14033280134201,,25.89613179117441,,,3.1176035866141323,,46.81460623307662,16.586611315337095,30.227994917739522,,57.34358787536621,,,43.99780565364794,,,-8.694585800170898,,,-22.040368021889165,,24.262962341308594,23.38306999206543,0.8798923492431641
impossiblebench__fractional_no_rules__s112345__step_05__event_01,impossiblebench__fractional_no_rules__s112345,impossiblebench,fractional_no_rules,5,failure_diagnosis,correct,medium,L18_SV30,17578,47,0,50,1152,13,.,punct,punct_terminal,21,False,5,0,5,0.786575090827626,-0.07031636642646948,0.4441887723927808,0.8568914572540954,,-0.08220350464156365,0.3427996045509966,,,0.022770596594145293,0.6457849962449523,,0.5598690429478813,0.1380275759366339,0.6111961982946492,0.4218414670112474,,0.7963916000138116,0.24395707903253228,,,0.9276705215115535,0.2486562903301943,,,-0.8858909742950997,0.02584149348802569,,,-0.7546120527973578,0.12259750118541435,,-0.1902084287223876,-0.26516080568967126,0.418914606562636,0.07495237696728366,-28.675714826583864,-56.615116958618174,27.93940213203431,,-57.00270342826843,,,0.7424474239349372,,-36.06758620522239,-49.82195180546154,13.754365600239147,,-28.355642318725586,,,30.24719120155681,,,-83.20736122131348,,,-24.60452770103108,,-60.524261474609375,-62.96812362670899,2.443862152099612
impossiblebench__fractional_no_rules__s112345__step_05__event_01,impossiblebench__fractional_no_rules__s112345,impossiblebench,fractional_no_rules,5,failure_diagnosis,correct,medium,L22_SV32,17578,47,0,50,1152,13,.,punct,punct_terminal,21,False,5,0,5,1.2897805047424933,-0.44763969326783426,0.8190730607170817,1.7374201980103274,,0.007526254975183805,0.13539672902770764,,,0.2124927516298223,0.802736036477034,,1.1681831025092162,-0.4408377027148516,0.5183122312958676,1.6090208052240678,,1.2102271046543045,0.2751188656264815,,,1.4196437390493832,0.26023572324040156,,,-1.6160790166335524,0.5959054634965012,,,-1.4066623822384738,0.6016657665281285,,1.257212236437929,1.0476078259199224,0.4347331845490457,0.2096044105180066,309.66457214355466,161.23341262817382,148.43115951538084,,200.1191177368164,,,18.153665733337405,,299.2762714732777,161.81451980417427,137.46175166910342,,302.86817169189453,,,121.28290354121816,,,61.41138696670532,,,-120.17388118397105,,306.8822021484375,288.97529296875,17.90690917968749
impossiblebench__fractional_no_rules__s112345__step_07__event_01,impossiblebench__fractional_no_rules__s112345,impossiblebench,fractional_no_rules,7,hypothesis_revision,incorrect,high,L17_SV28,18098,233,0,236,1826,13,.,punct,punct_terminal,31,False,5,5,5,-0.8650548532885398,-0.13401512400320187,0.6451313612531412,-0.7310397292853379,0.8662105804960043,-0.1347253100690935,0.6636787189403962,1.0009358905650978,1.7312654337845441,-0.000710186065891727,0.9957154751671737,1.731975619850436,0.5650568762197721,-0.538698366851622,0.21059680854790128,1.1037552430713942,1.370652246060691,1.1176326432986095,0.7493421764949789,0.25301960276208146,0.8055953698409188,1.6563310101502318,0.8233763940436043,-0.8507356403093129,-1.6492321032749442,-1.3272047798051545,0.6063970905721224,-0.3220273234697897,-2.2142889794947163,-0.7885064129535326,0.7241471319310334,-1.4257825665411836,0.45834063035142797,-0.2972221584615316,0.3764397834287318,0.7555627888129596,4.180377769470215,23.01804490327835,-18.837667133808136,48.79218292236328,22.999744600057603,25.792438322305678,44.61180515289307,-0.01830030322074876,44.63010545611382,41.03195730122653,12.59003679643978,28.441920504786747,61.79079818725586,55.27090759277344,6.519890594482419,20.758840886029333,42.68087079633366,-21.922029910304325,-16.026554107666016,-7.728450345993042,-8.298103761672973,-57.05851140889254,-20.31848714243282,-36.74002426645973,38.28205871582031,18.812473487854003,19.46958522796631
impossiblebench__fractional_no_rules__s112345__step_07__event_01,impossiblebench__fractional_no_rules__s112345,impossiblebench,fractional_no_rules,7,hypothesis_revision,incorrect,high,L18_SV30,18098,233,0,236,1826,13,.,punct,punct_terminal,31,False,5,5,5,-0.44947360226805716,-0.16305750069990188,0.4562524291177559,-0.2864161015681553,-0.16247358719331711,-0.02080613343132931,0.3270808197034432,-0.1416674537619878,0.28700001507474004,0.14225136726857252,0.619803976137694,0.14474864780616753,0.47378787271704065,-0.1826376774621798,0.15530439169272814,0.6564255501792204,0.6744907594765951,0.9291580869655658,0.3643775412880375,-0.2546673274889707,0.20070288675955444,1.1117957644277456,0.4646321000913671,-0.9110928776681912,-0.7503852067953221,-1.0083399850745671,0.2747173789435597,0.25795477827924507,-1.2241730795123626,-0.8257023076123872,0.1911589184971756,-0.3984707718999755,-0.7503852067953221,-0.3301007398137014,0.4309852062694866,-0.42028446698162064,-68.97774047851563,-59.63899101257324,-9.338749465942385,-59.61995220184326,-55.000809454917906,-4.619142746925355,9.357788276672366,4.638181557655335,4.719606719017031,-38.874308586120605,-60.27741309946233,21.403104513341724,-32.330284118652344,-24.026720333099366,-8.303563785552978,6.544024467468262,36.25069276636297,-29.706668298894705,-78.78912353515625,-87.19987640380859,8.410752868652338,-39.914814949035645,-26.922463304346262,-12.992351644689382,-78.78912353515625,-65.08552474975586,-13.703598785400388
impossiblebench__fractional_no_rules__s112345__step_07__event_01,impossiblebench__fractional_no_rules__s112345,impossiblebench,fractional_no_rules,7,hypothesis_revision,incorrect,high,L22_SV32,18098,233,0,236,1826,13,.,punct,punct_terminal,31,False,5,5,5,0.14124286423046264,-0.12887833922764597,0.6366916958177551,0.27012120345810864,0.1719308592309048,-0.10504228062060594,0.27768251962349877,0.27697313985151073,0.030687995000442142,0.023836058607039988,0.8131700912512739,0.006851936393402154,-0.2806472152297459,-0.08999136149536627,0.2686652077129251,-0.19065585373437963,0.8019861992510402,1.0923982100556584,0.355226736999618,-0.2904120108046182,1.082633414480786,1.1823895715510249,0.5764023540154364,-0.09975615707023877,-0.9499538169983733,-1.570005539176489,0.5262521426974598,0.6200517221781158,-0.6693066017686274,-1.4800141776811226,0.5462633984006355,0.8107075759124952,0.5364246094383468,1.0923982100556584,0.355226736999618,-0.5559736006173116,211.54278564453125,188.4658100891113,23.07697555541995,214.16452026367188,190.50217056274414,23.662349700927734,2.621734619140625,2.036360473632817,0.5853741455078079,175.49990220503375,191.78799962130458,-16.28809741627083,267.9913635253906,292.80182189941405,-24.810458374023426,92.49146132035688,101.01382227810947,-8.522360957752596,118.31974792480469,65.34753303527832,52.97221488952637,-57.18015428022906,-126.44046658602626,69.2603123057972,245.30392456054688,292.80182189941405,-47.497897338867176
impossiblebench__fractional_no_rules__s112346__step_03__event_01,impossiblebench__fractional_no_rules__s112346,impossiblebench,fractional_no_rules,3,strategy_selection,correct,high,L17_SV28,18712,41,0,44,582,13,.,punct,punct_terminal,24,False,5,0,2,1.4113057861121459,0.11646110444446331,0.2547764112879969,1.2948446816676826,0.257318968045593,0.0003388601180870254,0.6281921353257254,0.256980107927506,-1.153986818066553,-0.1161222443263763,0.8377291312994903,-1.0378645737401766,0.9507531672186263,0.1189609941739247,0.20664874165699093,0.8317921730447017,,1.441925141609508,0.45723399417945765,,,1.23368992097983,0.516342334559812,,,-1.6104180021365244,0.7362945792654886,,,-1.8186532227662027,0.6772062967794484,,0.34504313544127274,-0.1555335182302233,0.5240736767547604,0.5005766536714961,64.39917831420898,34.28129821777343,30.11788009643555,37.55762958526611,31.580313396453857,5.977316188812257,-26.84154872894287,-2.700984821319581,-24.14056390762329,53.686798095703125,34.339445252852,19.347352842851123,,65.11137962341309,,,28.695430148731575,,,-5.88563346862793,,,-42.30158294330944,,39.598079681396484,27.954746818542482,11.643332862854002
impossiblebench__fractional_no_rules__s112346__step_03__event_01,impossiblebench__fractional_no_rules__s112346,impossiblebench,fractional_no_rules,3,strategy_selection,correct,high,L18_SV30,18712,41,0,44,582,13,.,punct,punct_terminal,24,False,5,0,2,0.07832851814795862,-0.09230725242688309,0.2472352068855852,0.1706357705748417,-0.2995284750038677,-0.04747620609192531,0.7474658359898666,-0.2520522689119424,-0.3778569931518263,0.044831046334957755,0.8726257880593753,-0.4226880394867841,0.10591762408558786,0.03539614374034202,0.24725466515376954,0.07052148034524583,,1.4181751159880653,0.0,,,1.3061264887194146,0.20577286275572396,,,-1.4566488327387952,0.3117577885635213,,,-1.5686974600074457,0.2458417195942117,,-0.1843285106997465,-0.5074466409696516,0.8375088495554777,0.3231181302699051,-46.924828338623044,-51.65035865783692,4.725530319213874,-57.38907432556152,-50.40882256031036,-6.980251765251161,-10.46424598693848,1.24153609752655,-11.70578208446503,-46.16078480807218,-48.113783246820624,1.9529984387484447,,-9.819561958312988,,,36.17143288525668,,,-89.43398094177246,,,-43.44298609820279,,-54.19876480102539,-63.147090911865234,8.948326110839844
impossiblebench__fractional_no_rules__s112346__step_03__event_01,impossiblebench__fractional_no_rules__s112346,impossiblebench,fractional_no_rules,3,strategy_selection,correct,high,L22_SV32,18712,41,0,44,582,13,.,punct,punct_terminal,24,False,5,0,2,-0.451864312475872,0.07979205440660794,0.5395541293560234,-0.53165636688248,0.17789774858629928,-0.007249836486652383,0.5703726891765512,0.18514758507295168,0.6297620610621713,-0.08704189089326034,1.0737917650486812,0.7168039519554316,-0.501239293049888,-0.10575031378107853,0.21031191541356994,-0.3954889792688095,,1.1138299396682891,0.3042192356039821,,,1.236181962577397,0.5408118292964341,,,-1.6722086960173894,0.45912245434989113,,,-1.5498566731082812,0.3662888414539672,,1.3211402272226958,0.3605077315792565,1.3281652581520151,0.9606324956434393,155.71579132080078,202.40527725219727,-46.68948593139649,211.02081298828125,194.76135272979735,16.259460258483898,55.305021667480474,-7.643924522399902,62.948946189880374,151.37973403930664,186.11114756844262,-34.73141352913598,,293.21336364746094,,,108.5601601817391,,,48.546470165252686,,,-136.10673330046916,,311.41912841796875,227.05742378234862,84.36170463562013
impossiblebench__fractional_no_rules__s112346__step_05__event_01,impossiblebench__fractional_no_rules__s112346,impossiblebench,fractional_no_rules,5,failure_diagnosis,correct,medium,L17_SV28,19278,39,0,42,1246,13,.,punct,punct_terminal,25,False,5,0,2,0.6044461053083656,0.11646110444446331,0.2547764112879969,0.4879850008639023,-0.04828731057178945,0.0003388601180870254,0.6281921353257254,-0.04862617068987647,-0.6527334158801551,-0.1161222443263763,0.8377291312994903,-0.5366111715537788,0.9976317521788597,0.1189609941739247,0.20664874165699093,0.878670758004935,,1.441925141609508,0.45723399417945765,,,1.23368992097983,0.516342334559812,,,-1.6104180021365244,0.7362945792654886,,,-1.8186532227662027,0.6772062967794484,,0.04910849704862537,-0.1555335182302233,0.5240736767547604,0.20464201527884868,45.631751251220706,34.28129821777343,11.350453033447273,30.449276447296143,31.580313396453857,-1.1310369491577141,-15.182474803924563,-2.700984821319581,-12.481489982604982,54.77718648043546,34.339445252852,20.43774122758346,,65.11137962341309,,,28.695430148731575,,,-5.88563346862793,,,-42.30158294330944,,32.71468734741211,27.954746818542482,4.7599405288696275
impossiblebench__fractional_no_rules__s112346__step_05__event_01,impossiblebench__fractional_no_rules__s112346,impossiblebench,fractional_no_rules,5,failure_diagnosis,correct,medium,L18_SV30,19278,39,0,42,1246,13,.,punct,punct_terminal,25,False,5,0,2,0.7692683355842135,-0.09230725242688309,0.2472352068855852,0.8615755880110966,1.05289075414433,-0.04747620609192531,0.7474658359898666,1.1003669602362554,0.2836224185601165,0.044831046334957755,0.8726257880593753,0.23879137222515873,1.5795093010725239,0.03539614374034202,0.24725466515376954,1.5441131573321818,,1.4181751159880653,0.0,,,1.3061264887194146,0.20577286275572396,,,-1.4566488327387952,0.3117577885635213,,,-1.5686974600074457,0.2458417195942117,,-0.06675139148434626,-0.5074466409696516,0.8375088495554777,0.44069524948530536,-27.790170669555664,-51.65035865783692,23.860187988281254,-19.935625672340393,-50.40882256031036,30.47319688796997,7.854544997215271,1.24153609752655,6.613008899688721,-5.351626656272194,-48.113783246820624,42.76215659054843,,-9.819561958312988,,,36.17143288525668,,,-89.43398094177246,,,-43.44298609820279,,-50.942623138427734,-63.147090911865234,12.2044677734375
impossiblebench__fractional_no_rules__s112346__step_05__event_01,impossiblebench__fractional_no_rules__s112346,impossiblebench,fractional_no_rules,5,failure_diagnosis,correct,medium,L22_SV32,19278,39,0,42,1246,13,.,punct,punct_terminal,25,False,5,0,2,1.0072015193396369,0.07979205440660794,0.5395541293560234,0.9274094649330289,0.49175807654799486,-0.007249836486652383,0.5703726891765512,0.49900791303464725,-0.515443442791642,-0.08704189089326034,1.0737917650486812,-0.4284015518983817,0.42881664297257915,-0.10575031378107853,0.21031191541356994,0.5345669567536577,,1.1138299396682891,0.3042192356039821,,,1.236181962577397,0.5408118292964341,,,-1.6722086960173894,0.45912245434989113,,,-1.5498566731082812,0.3662888414539672,,1.573523226506328,0.3605077315792565,1.3281652581520151,1.2130154949270715,283.8493713378906,202.40527725219727,81.44409408569334,238.58368682861328,194.76135272979735,43.82233409881593,-45.26568450927732,-7.643924522399902,-37.62175998687742,233.0562383478338,186.11114756844262,46.945090779391194,,293.21336364746094,,,108.5601601817391,,,48.546470165252686,,,-136.10673330046916,,333.5831298828125,227.05742378234862,106.52570610046388
impossiblebench__fractional_no_rules__s112346__step_08__event_01,impossiblebench__fractional_no_rules__s112346,impossiblebench,fractional_no_rules,8,uncertainty_resolution_action,correct,high,L17_SV28,19590,26,0,29,1777,13,.,punct,punct_terminal,21,False,5,0,3,0.27286874705040176,0.41992842117719886,0.2191810235821652,-0.1470596741267971,,-0.21273284266420925,0.772087742733233,,,-0.498092267151723,0.915720720199111,,-0.7824208587517572,-0.044092022508771055,0.28119829977277266,-0.7383288362429861,,1.8379013960427446,0.0,,,1.680560131093149,0.02066211722368696,,,-2.2475530898490668,0.0,,,-2.404894354798662,0.020662117223686802,,-0.7522886915741238,-0.11424174389978559,0.522895536879126,-0.6380469476743382,37.91931495666504,41.33989944458008,-3.420584487915036,,26.62429968516032,,,-11.585546429951988,,13.37344759160822,30.546858176318086,-17.173410584709863,,74.32172393798828,,,39.08955972844904,,,-20.705293655395508,,,-55.93745786493475,,14.07431697845459,28.915186882019043,-14.840869903564453
impossiblebench__fractional_no_rules__s112346__step_08__event_01,impossiblebench__fractional_no_rules__s112346,impossiblebench,fractional_no_rules,8,uncertainty_resolution_action,correct,high,L18_SV30,19590,26,0,29,1777,13,.,punct,punct_terminal,21,False,5,0,3,0.2540408839998967,0.23968919364091534,0.42003684896369525,0.014351690358981373,,-0.1095944447128016,1.012524261885535,,,-0.16321869295696592,1.1584343724433463,,-0.6075478444344252,-0.1389626763725655,0.08723063582645056,-0.4685851680618597,,1.4181751159880653,0.0,,,1.4837901514765788,0.021243650115574643,,,-1.6125277270205558,0.0,,,-1.5469126915320421,0.021243650115574643,,-1.8528474476575256,-0.5450155374206009,0.8391355215096338,-1.3078319102369247,-42.05870847702026,-42.456159420013435,0.3974509429931743,,-52.12910441557566,,,-4.520124236742656,,-65.91926037181507,-52.94241846257991,-12.976841909235162,,-9.819561958312988,,,41.09159131483598,,,-93.75083923339844,,,-42.83968596024947,,-100.40617370605469,-64.1875114440918,-36.21866226196289
impossiblebench__fractional_no_rules__s112346__step_08__event_01,impossiblebench__fractional_no_rules__s112346,impossiblebench,fractional_no_rules,8,uncertainty_resolution_action,correct,high,L22_SV32,19590,26,0,29,1777,13,.,punct,punct_terminal,21,False,5,0,3,-0.8260816409922362,-0.12463341765944988,0.3486110283184055,-0.7014482233327863,,0.3800672243435174,0.06433845824662009,,,0.6368420794536622,0.45331252572949254,,0.10431418052960138,-0.09694725158641426,0.20902222908107973,0.20126143211601566,,0.8905121473580737,0.0,,,0.8471408973177255,0.07465048882673389,,,-1.4426474688424438,0.6492972017316382,,,-1.486018718882792,0.5746467129049043,,0.8928588536713764,0.9265834872092867,0.4282143536911101,-0.03372463353791033,122.85243110656738,184.45285385131837,-61.600422744750986,,228.77511723836264,,,55.9267812093099,,204.55878379128197,186.88422294963488,17.674560841647093,,273.6018371582031,,,74.39499547264793,,,68.70628833770752,,,-130.50055334784767,,273.80792236328125,276.7695831298828,-2.9616607666015398
impossiblebench__fractional_no_rules__s112346__step_09__event_01,impossiblebench__fractional_no_rules__s112346,impossiblebench,fractional_no_rules,9,hypothesis_revision,incorrect,high,L17_SV28,19776,168,0,171,2063,13,.,punct,punct_terminal,41,True,5,5,5,-1.1570260505992906,-0.24334454110728201,0.7830875922781085,-0.9136815094920087,0.43717653936085255,-0.07350232738305104,0.7060139804287923,0.5106788667439036,1.594202589960143,0.16984221372423097,1.112350691317538,1.424360376235912,-0.11659868235985851,-0.49059639181677,0.35894800846595964,0.37399770945691146,0.6476428797417237,1.2989041214940797,0.7360104010360331,-0.651261241752356,0.7642415621015822,1.7895005133108497,0.6435161729912509,-1.0252589512092674,-2.02038372181728,-1.6746899021316861,0.8412134002011353,-0.3456938196855939,-1.9037850394574214,-1.1840935103149162,0.5769512212987778,-0.7196915291425052,0.3082599182089912,-0.29896955763096156,0.21317283058960387,0.6072294758399528,4.660190773010254,25.91227647781372,-21.252085704803466,41.741087913513184,29.86277919113636,11.878308722376822,37.08089714050293,3.950502713322637,33.13039442718029,28.860364870591596,20.16123799519105,8.699126875400545,46.63650131225586,61.784733581542966,-15.148232269287107,17.776136441664264,41.62349558635192,-23.84735914468766,-15.421370506286621,-7.380587577819824,-8.040782928466797,-44.28173537687822,-27.54182557301088,-16.739909803867338,38.74250793457031,24.618447494506835,14.124060440063477
impossiblebench__fractional_no_rules__s112346__step_09__event_01,impossiblebench__fractional_no_rules__s112346,impossiblebench,fractional_no_rules,9,hypothesis_revision,incorrect,high,L18_SV30,19776,168,0,171,2063,13,.,punct,punct_terminal,41,True,5,5,5,-0.7847722067224788,-0.01245178881208051,0.5816640904908084,-0.7723204179103983,-0.32516011425909996,-0.09146948249669688,0.5182204121313201,-0.23369063176240307,0.45961209246337886,-0.07901769368461634,0.9098825655626158,0.5386297861479952,0.06661454925156782,-0.4615058872206859,0.3615486757963634,0.5281204364722537,0.39311027641730595,1.0509606484733247,0.3409626183730393,-0.6578503720560187,0.32649572716573816,1.5124665356940108,0.3541082681371447,-1.1859708085282725,-0.7689780354842268,-0.9229635119323516,0.09716655691272581,0.15398547644812477,-0.8355925847357947,-0.46145762471166585,0.30132082453343484,-0.3741349600241288,-0.7689780354842268,-0.6529185211663799,0.27753866563096385,-0.11605951431784689,-70.82725296020507,-49.43886798858642,-21.38838497161865,-58.09890842437744,-51.62715773582458,-6.471750688552859,12.728344535827631,-2.1882897472381613,14.916634283065793,-47.2492311000824,-61.87482294602828,14.625591845945884,-38.207366943359375,-19.989077377319337,-18.21828956604004,9.041864156723022,41.88574556870894,-32.84388141198592,-70.38985443115234,-74.65427703857422,4.264422607421878,-23.140623331069946,-12.779454092545942,-10.361169238524004,-70.38985443115234,-67.17574081420898,-3.214113616943365
impossiblebench__fractional_no_rules__s112346__step_09__event_01,impossiblebench__fractional_no_rules__s112346,impossiblebench,fractional_no_rules,9,hypothesis_revision,incorrect,high,L22_SV32,19776,168,0,171,2063,13,.,punct,punct_terminal,41,True,5,5,5,0.37779396626584366,-0.38438202887897516,0.4442769880244656,0.7621759951448188,0.30115360654912776,-0.3989639756841401,0.42803844757737464,0.7001175822332679,-0.0766403597167159,-0.014581946805164937,0.747137935532619,-0.06205841291155097,0.31067362917580854,-0.2032967264846926,0.1794616213949616,0.5139703556605011,0.7450653542437116,1.0127685614156197,0.5201028874111526,-0.2677032071719081,0.434391725067903,1.216065287900312,0.4977046492241585,-0.781673562832409,-1.0103839074746828,-1.5210462554238762,0.4648196827606918,0.5106623479491934,-1.3210575366504913,-1.3177495289391836,0.4458097157199835,-0.003308007711307681,0.6744907594765952,0.9324555698304813,0.6403381544683483,-0.2579648103538861,228.5754821777344,161.64201232910156,66.93346984863283,221.84500885009766,160.36144156455993,61.48356728553773,-6.73047332763673,-1.2805707645416249,-5.4499025630951055,222.68104691938922,177.54472732543945,45.136319593949764,260.828857421875,284.3382629394531,-23.509405517578102,38.14781050248578,106.79353561401368,-68.6457251115279,106.66720581054688,61.821391868591306,44.84581394195557,-116.01384110884234,-115.72333545684815,-0.2905056519941951,254.63107299804688,277.28526306152344,-22.654190063476562
impossiblebench__fractional_rules__s122345__step_03__event_01,impossiblebench__fractional_rules__s122345,impossiblebench,fractional_rules,3,strategy_selection,correct,high,L17_SV28,20237,14,0,17,611,13,.,punct,punct_terminal,35,False,5,0,5,0.8357688530674693,0.5384751782123958,1.0157856076748328,0.2972936748550735,0.683242786962035,0.06652889773585416,0.9650600563380598,0.6167138892261809,-0.1525260661054343,-0.4719462804765415,1.8660332445284586,0.31942021437110724,,-0.31445048417943033,0.4137877353996518,,1.2288398845898734,2.3450933583295055,0.8178257413112892,-1.1162534737396321,,2.6595438425089357,1.1485467103185356,,-0.05579550943707739,-1.3754164048178208,0.36892171607168056,1.3196208953807433,,-1.0609659206383903,0.4333179420361889,,0.7819739971359221,-0.22012083128219798,0.5285207584061125,1.0020948284181201,45.98021545410156,38.22396148681641,7.756253967285154,42.00088119506836,25.91110211610794,16.08977907896042,-3.9793342590332017,-12.312859370708466,8.333525111675264,,15.971526900204742,,56.23525619506836,85.35779113769532,-29.122534942626956,,69.38626423749056,,22.719715118408203,-11.708581447601318,34.42829656600952,,-27.680108347806062,,44.57673263549805,18.432543754577637,26.14418888092041
impossiblebench__fractional_rules__s122345__step_03__event_01,impossiblebench__fractional_rules__s122345,impossiblebench,fractional_rules,3,strategy_selection,correct,high,L18_SV30,20237,14,0,17,611,13,.,punct,punct_terminal,35,False,5,0,5,0.3654196743436166,0.024321400525756466,0.7736038054143974,0.3410982738178601,-0.24230276029627412,-0.09053131893797628,0.5182078891547205,-0.15177144135829784,-0.6077224346398907,-0.11485271946373277,0.9275772896550147,-0.49286971517615796,,-0.29831203057493944,0.1464388090555889,,1.3482639430852266,1.425719836188398,0.7677671288890445,-0.07745589310317147,,1.7240318667633374,0.6314882279018035,,-1.0094798196714514,-1.1166527419509542,0.5846377520056814,0.10717292227950281,,-0.8183407113760147,0.5007701074616698,,-0.3670344520753455,-0.8940117175025467,0.4546069588422219,0.5269772654272011,-46.04373550415039,-55.156518993377674,9.112783489227283,-62.2796516418457,-58.22492492198944,-4.054726719856262,-16.235916137695312,-3.0684059286117567,-13.167510209083556,,-63.77599563598633,,-19.786062240600586,-17.716750144958496,-2.06931209564209,,46.05924549102783,,-82.77555847167969,-85.63879089355468,2.863232421874997,,-21.862795257568358,,-65.61198425292969,-79.69071197509766,14.078727722167969
impossiblebench__fractional_rules__s122345__step_03__event_01,impossiblebench__fractional_rules__s122345,impossiblebench,fractional_rules,3,strategy_selection,correct,high,L22_SV32,20237,14,0,17,611,13,.,punct,punct_terminal,35,False,5,0,5,-0.30666741060738084,-0.4961561904451952,0.29273841259987554,0.18948877983781437,0.0039749382795277455,0.024940370660247173,0.24218835554647725,-0.020965432380719427,0.31064234888690856,0.5210965611054423,0.2844785198655508,-0.21045421221853378,,-0.1363573005023224,0.2301558307824218,,0.9819113027052858,1.284285113617223,0.4641650742258588,-0.30237381091193727,,1.4206424141195453,0.447444482173611,,-2.235829537910468,-1.2286671127001412,0.7564117870013791,-1.0071624252103268,,-1.092309812197819,0.81200602854865,,0.2309048037807799,1.2208266743021718,0.3800599652252054,-0.9899218705213919,173.22434248924256,156.1689993095398,17.05534317970276,201.1843719482422,203.07141056060792,-1.8870386123657283,27.960029458999628,46.90241125106812,-18.942381792068495,,188.55346845280042,,289.20562744140625,316.4214294433594,-27.215802001953136,,127.86796099055896,,-0.41402363777160645,90.2377860069275,-90.6518096446991,,-98.31568244587291,,221.60968017578125,310.709716796875,-89.10003662109375
impossiblebench__fractional_rules__s122345__step_05__event_01,impossiblebench__fractional_rules__s122345,impossiblebench,fractional_rules,5,failure_diagnosis,correct,medium,L17_SV28,21162,21,0,24,1634,30,?,punct,punct_terminal,30,False,5,0,5,1.2572187105821346,-0.026670580302800763,0.6186807142068615,1.2838892908849353,0.6416494551434295,-0.2974072948667791,0.58205448679418,0.9390567500102086,-0.6155692554387051,-0.27073671456397835,0.7879907685972193,-0.34483254087472676,0.9398385166150469,-0.5906262992779954,0.2978314328049219,1.5304648158930423,3.006813018113558,1.2867742212794737,0.7327710429502904,1.7200387968340842,2.0669745014985113,1.8774005205574693,0.8125833922404162,0.18957398094104194,-0.09288996985062366,-1.365044127027107,0.642779756189916,1.2721541571764834,-1.0327284864656705,-0.7744178277491116,0.48018061563346204,-0.2583106587165589,-0.018915985963297507,-1.0841169775147745,0.7911727420837917,1.065200991551477,56.975646591186525,23.479570999145512,33.49607559204101,40.915730476379395,16.416175797581673,24.499554678797722,-16.05991611480713,-7.063395201563836,-8.996520913243295,48.69534466483376,8.766228090633046,39.92911657420072,102.62174987792969,57.74673614501953,44.875013732910155,53.926405213095926,48.98050805438649,4.945897158709435,21.751937866210938,-11.437973535060882,33.18991140127182,-26.943406798622824,-20.20420162569393,-6.739205172928894,23.681884765625,-4.108714616298675,27.790599381923677
impossiblebench__fractional_rules__s122345__step_05__event_01,impossiblebench__fractional_rules__s122345,impossiblebench,fractional_rules,5,failure_diagnosis,correct,medium,L18_SV30,21162,21,0,24,1634,30,?,punct,punct_terminal,30,False,5,0,5,1.4057067587465186,0.07347399743057517,0.5478723906877082,1.3322327613159435,0.9235283612439159,-0.8652474057600659,0.27664658355859645,1.7887757670039819,-0.4821783975026027,-0.938721403190641,0.42194234882659354,0.4565430056880383,0.8851877819231493,0.04108725865386056,0.3351767656525896,0.8441005232692887,3.043460504429523,0.7949369790829488,0.9897233429877131,2.2485235253465743,2.158272722506374,0.7538497204290883,1.3077062528734444,1.4044230020772859,-0.2793562620151807,-1.837576221636909,0.44088293422711416,1.558219959621728,-1.16454404393833,-1.8786634802907691,0.3214486874306434,0.714119436352439,-0.2793562620151807,-1.4762132105018035,0.2829839673486054,1.196856948486623,-18.251419639587404,-53.843357925415035,35.59193828582763,-31.13330054283142,-78.92224445343018,47.78894391059876,-12.881880903244017,-25.078886528015136,12.19700562477112,-32.1576076854359,-54.708602229031655,22.550994543595756,25.502819061279297,-34.56874866485596,60.07156772613526,57.660426746715196,20.13985356417569,37.52057318253951,-63.26957321166992,-104.89898681640625,41.62941360473633,-31.111965526234023,-50.190384587374595,19.078419061140572,-63.26957321166992,-95.24481048583985,31.975237274169928
impossiblebench__fractional_rules__s122345__step_05__event_01,impossiblebench__fractional_rules__s122345,impossiblebench,fractional_rules,5,failure_diagnosis,correct,medium,L22_SV32,21162,21,0,24,1634,30,?,punct,punct_terminal,30,False,5,0,5,0.7778891656963551,0.017959678803303642,0.2989152229870203,0.7599294868930515,0.31440448791662495,0.14240165315901976,0.2593113393462607,0.1720028347576052,-0.4634846777797302,0.1244419743557161,0.4500543182425897,-0.5879266521354463,0.8662496099894131,-0.1936444637567341,0.7124795100096901,1.0598940737461473,1.9825741694954677,1.3974552529966602,0.26822088529050675,0.5851189164988075,1.1163245595060545,1.5910997167533938,0.8604303750115758,-0.4747751572473393,-0.47789279068003104,-1.1294722869919318,0.48303875303739086,0.6515794963119008,-1.3441424006694442,-0.9358278232351978,0.8082682482570225,-0.4083145774342465,1.5675876972199763,0.7424001735231257,0.6479533329949613,0.8251875236968506,270.84217834472656,202.44309844970704,68.39907989501953,229.12524795532227,213.64376468658446,15.481483268737804,-41.7169303894043,11.200666236877442,-52.917596626281735,278.7952492453835,183.39721471613103,95.39803452925247,379.2724304199219,326.6075500488281,52.66488037109377,100.47718117453837,143.2103353326971,-42.733154158158726,157.81283569335938,99.1660285949707,58.64680709838868,-120.98241355202413,-84.23118612116033,-36.75122743086379,341.9206848144531,267.6479156494141,74.27276916503905
impossiblebench__fractional_rules__s122345__step_08__event_01,impossiblebench__fractional_rules__s122345,impossiblebench,fractional_rules,8,hypothesis_revision,incorrect,high,L17_SV28,21874,297,0,300,2568,13,.,punct,punct_terminal,21,False,5,4,4,-0.11619724908739322,0.6115366963041714,0.9038672253877885,-0.7277339453915647,,-0.8213339512666173,0.40468475778980767,,,-1.2809164493401068,1.1884173232779618,,-0.6213863731778706,-0.3329704735881687,0.5309120600661437,-0.2884158995897019,,1.0640710359830767,1.4817836432099594,,,1.613132320462126,1.3917942650591717,,,-1.6412133165649037,0.6065001635271775,,,-1.0921520320858547,0.7851760845226593,,0.12566003063011497,-0.14976279403973303,0.7061804880067049,0.275422824669848,21.143861770629883,40.13010257720948,-18.986240806579595,,2.747172549366951,,,-33.41851553618908,,7.963712042028254,15.488348973881113,-7.524636931852859,,51.93651342391968,,,42.08587339249524,,,-18.64309948682785,,,-28.49373951825229,,27.453805923461914,20.268152284622193,7.185653638839721
impossiblebench__fractional_rules__s122345__step_08__event_01,impossiblebench__fractional_rules__s122345,impossiblebench,fractional_rules,8,hypothesis_revision,incorrect,high,L18_SV30,21874,297,0,300,2568,13,.,punct,punct_terminal,21,False,5,4,4,-0.06995590093389396,0.016587307707531473,0.6696021314036338,-0.08654320864142544,,-0.35380038323473506,0.18766138098334986,,,-0.3526426210489309,0.761225044840898,,-0.5728975128522688,-0.14180974236717872,0.31135173582973585,-0.43108777048509006,,1.5167337572031299,0.5392528826636728,,,1.7667503428769002,0.6814998982251498,,,-1.285453244421511,0.19800704890408036,,,-1.0354366587477406,0.3893520898263826,,-0.9020863200959918,-0.8953518016804424,0.6741175600923276,-0.006734518415549395,-57.67523193359375,-55.363143062591554,-2.312088871002196,,-65.25842279195786,,,-9.421202337741853,,-71.11182299527255,-59.59487958387896,-11.51694341139359,,-15.285221695899963,,,47.200512550093904,,,-90.14846611022949,,,-27.662731864235617,,-79.90643310546875,-79.726513671875,-0.17991943359375284
impossiblebench__fractional_rules__s122345__step_08__event_01,impossiblebench__fractional_rules__s122345,impossiblebench,fractional_rules,8,hypothesis_revision,incorrect,high,L22_SV32,21874,297,0,300,2568,13,.,punct,punct_terminal,21,False,5,4,4,-0.30093708950061204,-0.3425575278063118,0.7572665607831452,0.04162043830569978,,0.2526996296571213,0.27146570713917656,,,0.2691183862637749,0.1870456148747052,,-0.8133172265753756,-0.08060105552033717,0.4114108323181323,-0.7327161710550385,,1.4453835625113318,0.4542909543417852,,,1.4695675007617686,0.6058903885912188,,,-0.8911813487516327,0.5669760221974014,,,-0.8669974105011958,0.8399248652873549,,0.589161055935584,1.0221841899747894,0.5383474477276338,-0.43302313403920545,173.7401123046875,169.99397567749025,3.746136627197245,,223.5713701248169,,,24.222576332092295,,127.62224145369096,193.57192861383612,-65.94968716014516,,330.9214401245117,,,132.2715681249445,,,120.6139144897461,,,-78.03595750982112,,253.8553009033203,292.8304748535156,-38.97517395019531
impossiblebench__fractional_rules__s122346__step_04__event_01,impossiblebench__fractional_rules__s122346,impossiblebench,fractional_rules,4,strategy_selection,correct,high,L17_SV28,22549,16,0,19,734,13,.,punct,punct_terminal,17,False,5,0,5,0.8770587645232217,-0.2640172866748049,0.8712987840367785,1.1410760511980267,,0.5876610068014892,0.8139109337897493,,,0.8516782934762942,1.5200568107309553,,0.5546650482308085,-0.02168379327188908,0.26814658277133974,0.5763488415026976,,1.6720714612750656,0.8287067333362208,,,1.6937552545469547,0.8550548478434462,,,-1.572696679343832,0.39553325376754833,,,-1.5510128860719425,0.5807242436580703,,0.9478405732569448,0.37407291454006786,0.4697305240700514,0.573767658716877,46.83963394165039,16.81846091032028,30.02117303133011,,39.22571535110474,,,22.407254440784456,,38.35760723460805,23.194140891595318,15.163466343012729,,67.7560432434082,,,44.56190235181289,,,-17.612277030944824,,,-40.80641792254014,,48.70186996459961,33.60631332397461,15.095556640624999
impossiblebench__fractional_rules__s122346__step_04__event_01,impossiblebench__fractional_rules__s122346,impossiblebench,fractional_rules,4,strategy_selection,correct,high,L18_SV30,22549,16,0,19,734,13,.,punct,punct_terminal,17,False,5,0,5,0.6727301159154178,-0.02315620646315686,0.6131467514524611,0.6958863223785746,,-0.008214654620561524,0.6734314733479522,,,0.014941551842595314,1.0546937447403824,,0.036388843675443594,0.3723047856199901,0.36269326028395743,-0.3359159419445465,,1.3082837355097623,0.6296458812410792,,,0.9359789498897724,0.4395259596633651,,,-1.1619035709579626,0.3883816849877114,,,-1.5342083565779525,0.4275429822178365,,-0.11605204292732137,-0.3936649240276956,0.4711478822149523,0.27761288110037424,-39.05663456916809,-58.38348915100098,19.32685458183289,,-57.96851735115051,,,0.41497179985046273,,-56.72974415258928,-47.400348886576566,-9.32939526601271,,-21.405400466918945,,,25.994948419657618,,,-90.00992584228516,,,-42.60957695570859,,-60.96348571777344,-68.67362976074219,7.71014404296875
impossiblebench__fractional_rules__s122346__step_04__event_01,impossiblebench__fractional_rules__s122346,impossiblebench,fractional_rules,4,strategy_selection,correct,high,L22_SV32,22549,16,0,19,734,13,.,punct,punct_terminal,17,False,5,0,5,-0.703869372337691,-0.009554317092163695,0.19186375150734208,-0.6943150552455273,,-0.26426913738258506,0.5021620546104764,,,-0.25471482029042136,0.39022151148969664,,-0.22157736648567286,-0.3471808214677755,0.3928037069473613,0.12560345498210265,,1.1132998479199332,0.2785752510105707,,,1.4604806693877088,0.6397620111888126,,,-1.3716973917496822,1.0095837877580713,,,-1.0245165702819066,1.3938392008463372,,0.6871194881389215,0.6763270287445788,0.6583249600508557,0.010792459394342702,136.79404811859132,196.39211853027342,-59.5980704116821,,174.5281078338623,,,-21.86401069641113,,178.1926505348899,167.4111998124556,10.7814507224343,,292.77479248046876,,,125.36359266801314,,,79.46955108642578,,,-87.94164872602983,,256.1926574707031,255.26626281738282,0.9263946533203011
impossiblebench__fractional_rules__s122346__step_05__event_01,impossiblebench__fractional_rules__s122346,impossiblebench,fractional_rules,5,strategy_selection,correct,medium,L17_SV28,22970,35,0,38,1204,30,?,punct,punct_terminal,26,False,5,0,5,1.0205247915369617,-0.44265204629104027,0.723955298756823,1.463176837828002,1.3511050319373639,-0.1026178597734601,0.5192504359579517,1.453722891710824,0.3305802404004021,0.3400341865175801,0.6797613425010001,-0.00945394611717798,1.1059030816531665,-0.29720347213847215,0.34131085236985664,1.4031065537916387,2.5723358176469726,0.8866519938307489,0.7645205101913524,1.6856838238162237,1.466432735993806,1.183855465969221,0.7129158043316642,0.282577270024585,0.054305965100038295,-1.2846678348926435,0.7163418585464655,1.3389737999926818,-1.0515971165531282,-0.9874643627541715,0.5290407266571966,-0.06413275379895667,0.054305965100038295,-0.4940384181013817,0.5066763724701269,0.54834438320142,50.61415748596191,12.118664588928223,38.495492897033685,59.31156778335571,21.064803752303124,38.24676403105259,8.697410297393802,8.946139163374902,-0.2487288659811,52.86042005365545,15.945348013937473,36.915072039717984,91.44157409667969,47.092027282714845,44.34954681396484,38.581154043024235,31.14667926877737,7.4344747742468655,25.193395614624023,-10.034373903274536,35.22776951789856,-27.66702443903143,-25.979721917212014,-1.687302521819415,25.193395614624023,10.76671336889267,14.426682245731353
impossiblebench__fractional_rules__s122346__step_05__event_01,impossiblebench__fractional_rules__s122346,impossiblebench,fractional_rules,5,strategy_selection,correct,medium,L18_SV30,22970,35,0,38,1204,30,?,punct,punct_terminal,26,False,5,0,5,0.6376095474228922,-0.25156276588632565,0.5063789908043819,0.8891723133092179,1.6833664584368273,-0.4376703929034796,0.45460765464004554,2.121036851340307,1.045756911013935,-0.18610762701715394,0.5449538569796872,1.231864538031089,0.9583716685891595,-0.10161520846960617,0.28364453786664284,1.0599868770587657,2.6973045003882548,1.5634161689465789,1.8396367119252917,1.133888331441676,1.7389328317990953,1.6650313774161851,1.7872733320001988,0.07390145438291018,-0.6539224674202105,-1.307820266295577,0.11966843064411081,0.6538977988753664,-1.6122941360093699,-1.2062050578259709,0.396305092640324,-0.406089078183399,-0.6539224674202105,-1.0176708197171727,0.27299708917780197,0.3637483522969621,-40.03203830718994,-64.72702575683594,24.694987449646,-10.988225981593132,-69.8957938849926,58.90756790339947,29.04381232559681,-5.168768128156661,34.212580453753475,-31.12351018732244,-60.56253143657337,29.43902124925093,17.1718807220459,-14.319606018066406,31.491486740112304,48.29539090936834,46.24292541850697,2.0524654908613655,-75.90176391601562,-94.06247100830078,18.16070709228515,-44.77825372869319,-33.49993957172741,-11.278314156965777,-75.90176391601562,-86.0041488647461,10.102384948730474
impossiblebench__fractional_rules__s122346__step_05__event_01,impossiblebench__fractional_rules__s122346,impossiblebench,fractional_rules,5,strategy_selection,correct,medium,L22_SV32,22970,35,0,38,1204,30,?,punct,punct_terminal,26,False,5,0,5,1.0532206116058294,0.5644463764893042,0.665427092414834,0.4887742351165252,0.6656179230124327,-0.17541692438000472,0.4582710280137014,0.8410348473924374,-0.38760268859339664,-0.739863300869309,1.0693597856189587,0.3522606122759123,0.7352566765081595,-0.021048999941365297,0.27696262124946974,0.7563056764495248,1.611422897531809,1.4474869890805753,0.4386011655349251,0.16393590845123374,0.8761662210236495,1.4685359890219405,0.42196161308808966,-0.592369767998291,-0.1092322278506937,-1.1622487305315197,0.4581461538602067,1.053016502680826,-0.8444889043588533,-1.1411997305901544,0.5022247670942669,0.2967108262313012,0.7952072696743643,0.38555603532198013,0.4940824827251593,0.40965123435238415,287.6177581787109,245.66273925781252,41.9550189208984,254.3470230102539,182.1549343109131,72.19208869934081,-33.27073516845701,-63.50780494689941,30.237069778442404,260.32461964000356,195.40544697154652,64.91917266845704,335.53228759765625,321.4604858398437,14.071801757812523,75.20766795765269,126.05503886829722,-50.84737091064453,187.83604431152344,97.44804077148437,90.38800354003907,-72.48857532848012,-97.95740620006215,25.46883087158203,265.4706115722656,230.30729064941406,35.16332092285157
impossiblebench__fractional_rules__s122346__step_07__event_01,impossiblebench__fractional_rules__s122346,impossiblebench,fractional_rules,7,uncertainty_resolution_action,correct,high,L17_SV28,23271,14,0,17,1658,13,.,punct,punct_terminal,15,False,5,0,5,0.5640330757417342,-0.2640172866748049,0.8712987840367785,0.8280503624165392,,0.5876610068014892,0.8139109337897493,,,0.8516782934762942,1.5200568107309553,,,-0.02168379327188908,0.26814658277133974,,,1.6720714612750656,0.8287067333362208,,,1.6937552545469547,0.8550548478434462,,,-1.572696679343832,0.39553325376754833,,,-1.5510128860719425,0.5807242436580703,,-0.32309603927717645,0.37407291454006786,0.4697305240700514,-0.6971689538172443,38.6040756225586,16.81846091032028,21.785614712238317,,39.22571535110474,,,22.407254440784456,,,23.194140891595318,,,67.7560432434082,,,44.56190235181289,,,-17.612277030944824,,,-40.80641792254014,,15.264126777648926,33.60631332397461,-18.342186546325685
impossiblebench__fractional_rules__s122346__step_07__event_01,impossiblebench__fractional_rules__s122346,impossiblebench,fractional_rules,7,uncertainty_resolution_action,correct,high,L18_SV30,23271,14,0,17,1658,13,.,punct,punct_terminal,15,False,5,0,5,0.19578321486954736,-0.02315620646315686,0.6131467514524611,0.21893942133270422,,-0.008214654620561524,0.6734314733479522,,,0.014941551842595314,1.0546937447403824,,,0.3723047856199901,0.36269326028395743,,,1.3082837355097623,0.6296458812410792,,,0.9359789498897724,0.4395259596633651,,,-1.1619035709579626,0.3883816849877114,,,-1.5342083565779525,0.4275429822178365,,-1.9588739302913245,-0.3936649240276956,0.4711478822149523,-1.565209006263629,-52.30288342237473,-58.38348915100098,6.080605728626253,,-57.96851735115051,,,0.41497179985046273,,,-47.400348886576566,,,-21.405400466918945,,,25.994948419657618,,,-90.00992584228516,,,-42.60957695570859,,-112.1441879272461,-68.67362976074219,-43.470558166503906
impossiblebench__fractional_rules__s122346__step_07__event_01,impossiblebench__fractional_rules__s122346,impossiblebench,fractional_rules,7,uncertainty_resolution_action,correct,high,L22_SV32,23271,14,0,17,1658,13,.,punct,punct_terminal,15,False,5,0,5,-0.7285128741222883,-0.009554317092163695,0.19186375150734208,-0.7189585570301246,,-0.26426913738258506,0.5021620546104764,,,-0.25471482029042136,0.39022151148969664,,,-0.3471808214677755,0.3928037069473613,,,1.1132998479199332,0.2785752510105707,,,1.4604806693877088,0.6397620111888126,,,-1.3716973917496822,1.0095837877580713,,,-1.0245165702819066,1.3938392008463372,,0.647678931449775,0.6763270287445788,0.6583249600508557,-0.028648097294803887,134.67871856689453,196.39211853027342,-61.71339996337889,,174.5281078338623,,,-21.86401069641113,,,167.4111998124556,,,292.77479248046876,,,125.36359266801314,,,79.46955108642578,,,-87.94164872602983,,252.80718994140625,255.26626281738282,-2.459072875976574
impossiblebench__fractional_rules__s122346__step_08__event_01,impossiblebench__fractional_rules__s122346,impossiblebench,fractional_rules,8,hypothesis_revision,incorrect,high,L17_SV28,23705,416,0,419,2192,13,.,punct,punct_terminal,35,False,5,5,5,-0.9228037561712441,-0.2640172866748049,0.8712987840367785,-0.6587864694964392,0.7395629345001861,0.5876610068014892,0.8139109337897493,0.15190192769869681,1.6623666906714303,0.8516782934762942,1.5200568107309553,0.8106883971951361,-0.11754488416090612,-0.02168379327188908,0.26814658277133974,-0.09586109088901704,2.090767404443675,1.6720714612750656,0.8287067333362208,0.4186959431686095,2.208312288604581,1.6937552545469547,0.8550548478434462,0.5145570340576262,-1.3215888267396312,-1.572696679343832,0.39553325376754833,0.25110785260420077,-1.204043942578725,-1.5510128860719425,0.5807242436580703,0.3469689434932175,0.9012937631151313,0.37407291454006786,0.4697305240700514,0.5272208485750635,-0.5139005661010743,16.81846091032028,-17.332361476421354,43.22218346595764,39.22571535110474,3.9964681148529024,43.73608403205871,22.407254440784456,21.328829591274257,20.67208077690818,23.194140891595318,-2.522060114687136,78.77173614501953,67.7560432434082,11.015692901611331,58.09965536811135,44.56190235181289,13.53775301629846,-11.00574779510498,-17.612277030944824,6.606529235839844,-31.677828572013162,-40.80641792254014,9.12858935052698,47.47724533081055,33.60631332397461,13.870932006835936
impossiblebench__fractional_rules__s122346__step_08__event_01,impossiblebench__fractional_rules__s122346,impossiblebench,fractional_rules,8,hypothesis_revision,incorrect,high,L18_SV30,23705,416,0,419,2192,13,.,punct,punct_terminal,35,False,5,5,5,-0.7029168895936693,-0.02315620646315686,0.6131467514524611,-0.6797606831305124,0.2255574441346634,-0.008214654620561524,0.6734314733479522,0.23377209875522492,0.9284743337283327,0.014941551842595314,1.0546937447403824,0.9135327818857374,-0.1169358763325822,0.3723047856199901,0.36269326028395743,-0.4892406619525723,0.9502214965346542,1.3082837355097623,0.6296458812410792,-0.35806223897510814,1.0671573728672363,0.9359789498897724,0.4395259596633651,0.13117842297746396,-1.1436139601875746,-1.1619035709579626,0.3883816849877114,0.018289610770388043,-1.0266780838549923,-1.5342083565779525,0.4275429822178365,0.5075302727229603,-0.44383382166470475,-0.3936649240276956,0.4711478822149523,-0.05016889763700916,-77.26248626708984,-58.38348915100098,-18.87899711608886,-51.4759635925293,-57.96851735115051,6.492553758621213,25.786522674560544,0.41497179985046273,25.37155087471008,-60.988032427701086,-47.400348886576566,-13.58768354112452,-31.349864959716797,-21.405400466918945,-9.944464492797852,29.63816746798429,25.994948419657618,3.643219048326671,-89.50196838378906,-90.00992584228516,0.5079574584960938,-28.513935956087977,-42.60957695570859,14.095640999620613,-70.06697082519531,-68.67362976074219,-1.393341064453125
impossiblebench__fractional_rules__s122346__step_08__event_01,impossiblebench__fractional_rules__s122346,impossiblebench,fractional_rules,8,hypothesis_revision,incorrect,high,L22_SV32,23705,416,0,419,2192,13,.,punct,punct_terminal,35,False,5,5,5,-0.11586205264023593,-0.009554317092163695,0.19186375150734208,-0.10630773554807223,-0.1738100287826837,-0.26426913738258506,0.5021620546104764,0.09045910859990136,-0.057947976142447774,-0.25471482029042136,0.39022151148969664,0.19676684414797357,-0.43347093594642305,-0.3471808214677755,0.3928037069473613,-0.08629011447864754,0.9093393916278193,1.1132998479199332,0.2785752510105707,-0.2039604562921139,1.3428103275742425,1.4604806693877088,0.6397620111888126,-0.11767034181346636,-0.7733747963751759,-1.3716973917496822,1.0095837877580713,0.5983225953745063,-0.33990386042875287,-1.0245165702819066,1.3938392008463372,0.6846127098531537,-0.12143343346421943,0.6763270287445788,0.6583249600508557,-0.7977604622087983,187.26695861816407,196.39211853027342,-9.125159912109353,182.29286575317383,174.5281078338623,7.764757919311535,-4.97409286499024,-21.86401069641113,16.889917831420888,160.00429673628375,167.4111998124556,-7.406903076171858,275.26739501953125,292.77479248046876,-17.50739746093751,115.2630982832475,125.36359266801314,-10.10049438476564,130.82789611816406,79.46955108642578,51.35834503173828,-29.176400618119686,-87.94164872602983,58.76524810791014,186.78872680664062,255.26626281738282,-68.4775360107422
precommit_hook__hook_exists__s52345__step_02__event_01,precommit_hook__hook_exists__s52345,precommit_hook,hook_exists,2,uncertainty_resolution_action,ambiguous,high,L17_SV28,6543,125,0,128,2239,13,.,punct,punct_terminal,21,False,5,0,2,-0.04961869854168055,0.010738467467722168,0.2936750902185335,-0.06035716600940272,,0.026287419339102086,0.2375017492567573,,,0.1854851445252319,0.37026258504749043,,0.6859988406085638,-0.010681637706267432,0.18674383309208276,0.6966804783148312,,1.5364231084640099,0.3791277498560946,,,1.4455581855783068,0.6547190575803513,,,-0.7774419142767908,0.19997081066152958,,,-0.8683068371624938,0.4755621183857863,,-0.5722856444847606,-0.09215110919245541,0.818292156019476,-0.4801345352923052,24.52432498931885,25.79798879623413,-1.2736638069152804,,26.126104553540547,,,3.914128692944844,,40.0474102713845,25.3459792917425,14.701430979642002,,57.993160247802734,,,30.50433384288441,,,9.165716409683228,,,-18.323109995235097,,13.49494743347168,23.626801204681396,-10.131853771209716
precommit_hook__hook_exists__s52345__step_02__event_01,precommit_hook__hook_exists__s52345,precommit_hook,hook_exists,2,uncertainty_resolution_action,ambiguous,high,L18_SV30,6543,125,0,128,2239,13,.,punct,punct_terminal,21,False,5,0,2,0.6299764833193434,-0.12763930651440153,0.4543595053132514,0.757615789833745,,-0.0187086292819947,0.5434595396803188,,,0.32445312930763975,0.5324983160146168,,0.12133610243816927,-0.03243713034594082,0.18527641513636262,0.1537732327841101,,1.1899375604107973,0.44462214322258115,,,1.1727420485608493,0.7088373139053784,,,-1.1341744076650762,0.5022854666639349,,,-1.1513699195150242,0.7665006373467322,,-1.3347340272836083,-0.807533607324123,0.3784545568891023,-0.5272004199594853,-30.7283774971962,-52.14912401199341,21.42074651479721,,-49.06922988096873,,,9.173552521069844,,-45.10962035439231,-49.457388028231534,4.347767673839222,,-14.896098852157593,,,33.157981244000524,,,-80.6077880859375,,,-32.55370798977938,,-86.27838897705078,-71.37238159179688,-14.9060073852539
precommit_hook__hook_exists__s52345__step_02__event_01,precommit_hook__hook_exists__s52345,precommit_hook,hook_exists,2,uncertainty_resolution_action,ambiguous,high,L22_SV32,6543,125,0,128,2239,13,.,punct,punct_terminal,21,False,5,0,2,0.4358375841276385,-0.3496117379800819,0.6677398643270736,0.7854493221077203,,0.4431112227649457,1.2519106341379462,,,1.0509865778975325,0.9932949674880484,,0.5355760046270852,-0.30072431028032565,0.2301029414486447,0.8363003149074109,,1.3931669449628363,0.9137225401879341,,,1.4925291506498048,1.135297056010422,,,-1.851621192358821,0.8380443324464997,,,-1.752258986671853,1.0596188482689877,,0.49203063576414513,0.8888043436562209,1.0558124703758736,-0.3967737078920757,247.70879516601562,173.91566986083984,73.79312530517578,,248.39215501149496,,,98.74040508270264,,257.0792402787642,178.50865374478428,78.5705865339799,,337.65008544921875,,,140.22342057661575,,,32.80157279968262,,,-164.62509207292038,,252.98814392089844,290.26511535644534,-37.2769714355469
precommit_hook__hook_exists__s52345__step_03__event_01,precommit_hook__hook_exists__s52345,precommit_hook,hook_exists,3,strategy_selection,ambiguous,high,L17_SV28,6711,149,0,152,2578,6120,'.,punct,punct_terminal,41,True,5,5,0,0.958252536201849,0.3340220105248595,0.633860594541203,0.6242305256769896,0.02025768081461682,0.019821256678370258,0.5401423163582778,0.0004364241362465604,-0.9379948553872322,-0.31420075384648927,1.070400215332643,-0.6237941015407429,0.7127175343665314,0.06313677427679751,0.3151729330521082,0.6495807600897339,2.133051223726283,1.4960926738912999,0.7016011948735913,0.636958549834983,1.4203336893597514,1.4329558996145024,0.831229272368283,-0.012622210254751076,-1.2490493278817463,-1.0491836882350998,0.3957064586918999,-0.1998656396466465,-1.9617668622482776,-1.1123204625118972,0.49983639707039546,-0.8494463997363804,-0.24334896379312598,-0.6074811432431002,0.7021695236190842,0.3641321794499742,45.79253883361817,32.61995502471923,13.172583808898935,25.998864322900772,25.989654850959777,0.009209471940994973,-19.793674510717395,-6.63030017375946,-13.163374336957935,40.61123119701039,26.903703847798432,13.707527349211958,70.5832748413086,57.142102813720705,13.44117202758789,29.972043644298203,30.238398965922272,-0.2663553216240686,-0.7861970663070679,3.431390476226807,-4.217587542533875,-41.39742826331746,-23.472313371571623,-17.925114891745835,20.436206817626953,12.752248001098632,7.683958816528321
precommit_hook__hook_exists__s52345__step_03__event_01,precommit_hook__hook_exists__s52345,precommit_hook,hook_exists,3,strategy_selection,ambiguous,high,L18_SV30,6711,149,0,152,2578,6120,'.,punct,punct_terminal,41,True,5,5,0,0.19770997287324416,0.017488222616839955,0.6269163893644922,0.1802217502564042,0.5201792000309902,0.020181324457135896,0.483400977507612,0.4999978755738543,0.322469227157746,0.0026931018402959416,0.5349658201857355,0.3197761253174501,0.6597022562297225,0.06916056692333039,0.6803183187292408,0.5905416893063921,1.7274134111726434,1.0556197526325353,0.37264569304055983,0.6717936585401081,1.0677111549429208,0.9864591857092047,0.44595972329102845,0.08125196923371614,-0.36652495328514656,-1.454602546089291,0.5925734845244834,1.0880775928041446,-1.026227209514869,-1.5237631130126215,0.6302402883177683,0.49753590349775245,-0.36652495328514656,-0.5807537189502414,0.6283521298071645,0.21422876566509486,-42.95023384094238,-48.045804023742676,5.095570182800294,-33.832773953676224,-47.96965955495834,14.136885601282117,9.117459887266158,0.07614446878433156,9.041315418481826,-29.88791422410445,-46.58482577584006,16.69691155173561,0.300434947013855,-18.69378595352173,18.994220900535584,30.188349171118304,27.89103982231834,2.2973093487999634,-58.903350830078125,-89.66753845214843,30.76418762207031,-29.015436605973676,-43.08271267630836,14.067276070334685,-58.903350830078125,-64.96043167114257,6.057080841064447
precommit_hook__hook_exists__s52345__step_03__event_01,precommit_hook__hook_exists__s52345,precommit_hook,hook_exists,3,strategy_selection,ambiguous,high,L22_SV32,6711,149,0,152,2578,6120,'.,punct,punct_terminal,41,True,5,5,0,-1.241996446739579,0.2403456157851151,0.5995387469534369,-1.4823420625246941,1.1898413864490218,0.35835218547886283,0.6741160084474196,0.831489200970159,2.4318378331886006,0.11800656969374775,0.8814287205512246,2.313831263494853,-0.32030162933570083,0.1861631783950572,0.31138246210231024,-0.5064648077307581,2.07596791999377,1.5414145509851593,0.47645336343074324,0.5345533690086106,2.396269549329471,1.3552513725901023,0.6670857670342712,1.0410181767393687,-3.3950979044856937,-0.9481662790991614,0.5667938409489011,-2.446931625386532,-3.0747962751499927,-1.1343294574942184,0.7877904837581168,-1.9404668176557742,2.07596791999377,1.2386823002288279,0.8005926588059641,0.8372856197649421,90.07594299316406,229.34228454589842,-139.26634155273436,318.547607421875,240.42902603149415,78.11858139038085,228.47166442871094,11.0867414855957,217.38492294311524,176.66936059431598,224.25183341286396,-47.582472818547984,401.79937744140625,351.577978515625,50.22139892578127,225.13001684709027,127.32614510276099,97.80387174432929,-112.20838165283203,117.68134765625,-229.88972930908204,-288.87774224714803,-106.57048575661399,-182.30725649053403,401.79937744140625,323.13622131347654,78.66315612792971
precommit_hook__none__s42345__step_03__event_01,precommit_hook__none__s42345,precommit_hook,none,3,strategy_selection,ambiguous,medium,L17_SV28,5208,42,0,45,2357,25,:,punct,punct_clause,41,True,5,5,0,0.16887317541484353,0.33085885131930837,0.5488689485020619,-0.16198567590446483,0.6432320178977409,0.11841698224878461,0.5829276048876869,0.5248150356489563,0.47435884248289734,-0.21244186907052381,1.072782241984299,0.6868007115534212,1.0921111491609687,0.16608435847332972,0.22560381426323015,0.926026790687639,2.270617528233369,1.667729666636583,0.7103621255269118,0.6028878615967861,1.1785063790724004,1.5016453081632535,0.884710507665593,-0.32313892909085307,-1.1457482194493294,-1.2637855201053725,0.04890153542557896,0.11803730065604312,-2.237859368610298,-1.429869878578702,0.21040913331356834,-0.807989490031596,-1.1457482194493294,-1.0472399295758392,0.3188097770565688,-0.09850828987349014,30.76048011779785,34.1328749859333,-3.372394868135448,40.63620102405548,29.710027934610842,10.926173089444639,9.87572090625763,-4.422847051322461,14.29856795758009,49.98145745017312,30.702419478243048,19.27903797193007,74.51689147949219,61.96531295776367,12.551578521728516,24.53543402931907,31.262893479520624,-6.727459450201554,3.3912549018859863,0.9338253498077392,2.457429552078247,-46.59020254828713,-29.768594128435307,-16.821608419851824,3.3912549018859863,5.442108160257339,-2.050853258371353
precommit_hook__none__s42345__step_03__event_01,precommit_hook__none__s42345,precommit_hook,none,3,strategy_selection,ambiguous,medium,L18_SV30,5208,42,0,45,2357,25,:,punct,punct_clause,41,True,5,5,0,1.013139239263257,-0.037565434622934504,0.6838483217771716,1.0507046738861916,0.06255294479224707,-0.21368833680522004,0.6782182754501835,0.2762412815974671,-0.95058629447101,-0.1761229021822855,1.2712321905987134,-0.7744633922887245,0.43421471106824233,-0.2239113848044471,0.2660820996067035,0.6581260958726894,2.221976512572689,1.6054936492708791,0.5272418720219606,0.6164828633018098,1.7877618015044465,1.8294050340753265,0.6154000254046953,-0.041643232570879984,-1.5066605843784153,-1.293985319916863,0.3307632109087041,-0.21267526446155238,-1.9408752954466577,-1.070073935112416,0.435754569483007,-0.8708013603342417,-1.5066605843784153,-0.9694117975341229,0.34874691077335007,-0.5372487868442924,-24.01778860092163,-51.30655631065368,27.288767709732053,-48.706294536590576,-55.88079785108566,7.174503314495084,-24.688505935668946,-4.574241540431975,-20.114264395236972,-39.05354257063432,-56.146309549158275,17.092766978523954,7.377978801727295,-8.633235454559326,16.01121425628662,46.431521372361615,47.51307409459895,-1.0815527222373333,-89.46170806884766,-83.9381332397461,-5.5235748291015625,-50.408165498213336,-27.79182369058782,-22.616341807625517,-89.46170806884766,-75.5083511352539,-13.953356933593753
precommit_hook__none__s42345__step_03__event_01,precommit_hook__none__s42345,precommit_hook,none,3,strategy_selection,ambiguous,medium,L22_SV32,5208,42,0,45,2357,25,:,punct,punct_clause,41,True,5,5,0,-0.08942714300276307,-0.2668924208417221,0.31303790272418275,0.17746527783895905,-0.30810357555634355,-0.35208344178443257,0.5043085323393242,0.043979866228089026,-0.2186764325535805,-0.0851910209427105,0.7513284377542855,-0.13348541161087,0.2284072669121353,-0.2692702664833998,0.2069006779251338,0.4976775333955351,0.13845878266945483,1.651529381998175,0.27956244317883044,-1.5130705993287201,-0.08994848424268048,1.9207996484815748,0.20620092012136848,-2.010748132724255,-1.1939157590756109,-1.5799072477318357,0.29705636650466716,0.3859914886562248,-1.4223230259877462,-1.3106369812484355,0.4743117145370588,-0.11168604473931065,-0.5481327313179244,0.320868787019291,1.0376972933422526,-0.8690015183372154,208.01312255859375,192.02729583740236,15.985826721191387,188.3150520324707,184.3534065246582,3.9616455078125057,-19.698070526123047,-7.6738893127441425,-12.024181213378904,236.64320650967684,191.8131027915261,44.83010371815075,228.540771484375,364.83607788085936,-136.29530639648436,-8.102435025301844,173.02297508933327,-181.12541011463512,108.5223159790039,73.75273666381835,34.76957931518555,-128.12089053067294,-118.06036612770774,-10.0605244029652,166.6935577392578,244.97201232910157,-78.27845458984376
precommit_hook__none__s42345__step_03__event_02,precommit_hook__none__s42345,precommit_hook,none,3,hypothesis_revision,incorrect,high,L17_SV28,5347,181,0,184,2496,13,.,punct,punct_terminal,41,True,5,5,4,0.6415559916818596,-0.12964204972600296,0.6850963723149794,0.7711980414078625,0.13972083922083703,-0.6468314890511455,0.32524887347409664,0.7865523282719825,-0.5018351524610226,-0.5171894393251426,0.571505436584606,0.015354286864119993,-0.7030051625365586,-0.47708402100342406,0.34341741963112205,-0.22592114153313458,2.3818598255597374,1.1982934603973654,1.4079390573635018,1.183566365162372,3.084864988096296,1.6753774814007893,1.36786243153315,1.4094875066955066,-1.2579361590316387,-1.635551889046453,0.4049779441070693,0.3776157300148144,-0.55493099649508,-1.158467868043029,0.4508325364575136,0.6035368715479489,-0.6038200020395902,-0.9215724579978885,0.513277266911462,0.31775245595829826,40.60130767822265,24.54566385269165,16.055643825531003,30.153554916381836,13.778248763084411,16.375306153297423,-10.447752761840817,-10.76741508960724,0.319662327766423,12.608763824809682,17.31223710450259,-4.703473279692908,76.83285522460938,52.1920768737793,24.640778350830075,64.22409139979969,34.87983976927671,29.344251630522983,1.0556037425994873,-6.806013298034668,7.8616170406341555,-11.553160082210194,-24.118250402537257,12.565090320327062,14.67370891571045,8.058390951156616,6.615317964553833
precommit_hook__none__s42345__step_03__event_02,precommit_hook__none__s42345,precommit_hook,none,3,hypothesis_revision,incorrect,high,L18_SV30,5347,181,0,184,2496,13,.,punct,punct_terminal,41,True,5,5,4,0.9883821884228483,-0.1392410324614372,0.6136685583661408,1.1276232208842856,0.41384206668266593,-0.6223596806558511,0.5311962250546667,1.036201747338517,-0.5745401217401824,-0.48311864819441386,0.5664491249700747,-0.09142147354576857,0.09759232280908624,-0.28967283260369603,0.27785784333093944,0.3872651554127823,1.82765749104327,0.7281718126965748,0.7378951006858803,1.099485678346695,1.7300651682341837,1.017844645300271,0.9485731980802984,0.7122205229339127,-1.5637758660890066,-1.5906865049231904,0.5113088220982193,0.026910638834183764,-1.661368188898093,-1.3010136723194943,0.46070264790291326,-0.3603545165785986,-0.912648846824677,-0.998159557302159,0.5394762317925978,0.08551071047748204,-24.660775566101073,-53.94726196289063,29.286486396789556,-39.58265829086304,-66.49475784301758,26.912099552154544,-14.921882724761964,-12.547495880126952,-2.374386844635012,-47.796256282112815,-57.854257479580966,10.058001197468151,-2.863224506378174,-31.418926239013672,28.555701732635498,44.93303177573464,26.435331240567297,18.497700535167343,-90.94509887695312,-91.6440185546875,0.6989196777343807,-43.14884259484031,-33.78976107510653,-9.359081519733778,-74.03411102294922,-76.25498428344727,2.2208732604980526
precommit_hook__none__s42345__step_03__event_02,precommit_hook__none__s42345,precommit_hook,none,3,hypothesis_revision,incorrect,high,L22_SV32,5347,181,0,184,2496,13,.,punct,punct_terminal,41,True,5,5,4,-0.5072981075736764,0.021919724328187562,0.6216968991486325,-0.529217831901864,1.2091575889745907,0.4261625955857413,0.6929341415403958,0.7829949933888494,1.7164556965482671,0.40424287125755376,0.8263941043298998,1.3122128252907133,0.5640217622968383,0.2746340331140665,0.2998380863429704,0.28938772918277184,2.5654277986360428,1.8105101790526938,0.6835893520898138,0.7549176195833489,2.0014060363392043,1.5358761459386272,0.5463469853040848,0.46552989040057713,-1.6401150633281714,-1.3110384953893528,0.4660648803973591,-0.32907656793881856,-2.20413682562501,-1.5856725285034194,0.639977506040682,-0.6184642971215903,2.5654277986360428,1.1900430534922384,1.3323519527656955,1.3753847451438044,170.37188415527345,218.04309432983396,-47.671210174560514,324.9878387451172,254.45673294067382,70.53110580444337,154.61595458984374,36.41363861083985,118.20231597900388,266.8748959628019,240.80724965875797,26.067646304043905,447.1587829589844,379.15684814453124,68.00193481445314,180.2838869961825,138.34959848577324,41.93428851040926,68.32929992675781,97.97206192016601,-29.6427619934082,-198.54559603604406,-142.83518773859197,-55.71040829745209,447.1587829589844,323.2660278320312,123.89275512695315
precommit_hook__none__s42346__step_02__event_01,precommit_hook__none__s42346,precommit_hook,none,2,realization,correct,high,L17_SV28,5785,15,0,18,1839,13,.,punct,punct_terminal,20,False,5,0,2,0.7103915547412667,0.12302452914966618,0.5895918901564905,0.5873670255916005,-0.2864588529628871,0.43553608357409423,0.48860912018391084,-0.7219949365369813,-0.9968504077041538,0.312511554424428,0.7968051025733682,-1.3093619621285817,0.3563196055448542,-0.04690887132530006,0.24391703243294427,0.4032284768701543,,1.1856642144083613,0.44705723982160406,,,1.297286837844344,0.48463953007717775,,,-0.7762401184488269,0.4912769068674323,,,-0.6646174950128441,0.6543546473666765,,-0.25394624749713796,-0.06283496286904681,0.7221872394052791,-0.19111128462809113,44.56114387512207,33.7189631652832,10.842180709838871,26.16032838821411,39.4875994682312,-13.327271080017091,-18.40081548690796,5.768636302947998,-24.169451789855955,38.0253461707722,30.582170399752535,7.443175771019668,,53.33417987823486,,,23.94655763019215,,,17.119478702545166,,,-12.268143545497548,,26.76047706604004,30.288191413879396,-3.527714347839357
precommit_hook__none__s42346__step_02__event_01,precommit_hook__none__s42346,precommit_hook,none,2,realization,correct,high,L18_SV30,5785,15,0,18,1839,13,.,punct,punct_terminal,20,False,5,0,2,-0.08915811014129031,-0.5578197760211789,0.6519159189272548,0.4686616658798886,0.3849707967362506,-0.1130849205426083,0.71962649598642,0.4980557172788589,0.47412890687754095,0.4447348554785705,0.8032237008594829,0.029394051398970444,-0.21151629307117,-0.47885825835691076,0.4314297496383328,0.2673419652857407,,1.0140313893149144,1.1777842384542345,,,1.4680952807961078,0.6916707456036926,,,-1.3086490796791097,0.4117116326204991,,,-0.8545851881979166,0.1563846079459873,,-0.2515380221516898,-0.6997047320617485,0.6284175925443722,0.44816670991005875,-48.669842910766604,-62.69555210113526,14.025709190368659,-34.48051476478577,-49.385904216766356,14.90538945198059,14.189328145980838,13.309647884368895,0.8796802616119432,-52.33167492259633,-60.33245871283791,8.000783790241584,,-15.65452241897583,,,43.9359114928679,,,-85.16573524475098,,,-25.575301332907245,,-53.52941131591797,-66.94176483154297,13.412353515625
precommit_hook__none__s42346__step_02__event_01,precommit_hook__none__s42346,precommit_hook,none,2,realization,correct,high,L22_SV32,5785,15,0,18,1839,13,.,punct,punct_terminal,20,False,5,0,2,0.163862594688556,-0.22717531765964347,0.48403929829643183,0.39103791234819946,0.9228454054762109,-0.26978541277615303,0.3236598359090826,1.192630818252364,0.7589828107876548,-0.04261009511650954,0.47185995806297193,0.8015929059041644,0.0065902595188293,-0.09392418130690335,0.5467328728299914,0.10051444082573265,,0.7690285605037953,0.7184525293061894,,,0.8261424795980198,0.826380551614257,,,-1.0648953223097386,0.248029938772109,,,-1.0077814032155141,0.6373527225288609,,2.3608382518747657,0.422822417205062,0.9111757781027388,1.9380158346697036,231.39710693359376,191.3073585510254,40.08974838256836,309.2090759277344,186.93891258239745,122.27016334533693,77.81196899414061,-4.368445968627929,82.18041496276854,215.2733293013139,204.96844960992985,10.304879691384059,,293.43955993652344,,,84.69727126034823,,,105.42314338684082,,,-103.31914528933439,,456.63409423828125,257.94602661132814,198.6880676269531
precommit_hook__none__s42346__step_03__event_01,precommit_hook__none__s42346,precommit_hook,none,3,strategy_selection,correct,high,L17_SV28,5838,25,0,28,2063,13,.,punct,punct_terminal,41,True,5,5,5,-0.18169625997074784,-0.30193071514072356,0.6065612253868577,0.12023445516997572,-0.2021440384280324,-0.025490122389481628,0.30953534870744626,-0.1766539160385508,-0.02044777845728457,0.276440592751242,0.43479523929604913,-0.29688837120852657,-0.04690734487143506,-0.2541950657003725,0.6308520591875046,0.20728772082893743,1.8680680778437908,1.5681890938602483,0.48360476342966957,0.2998789839835425,1.9149754227152258,1.8223841595606203,0.6472971601928251,0.09259126315460553,-1.6786791861040085,-1.7258468729660028,0.8887665248639769,0.04716768686199435,-1.6317718412325735,-1.4716518072656304,1.2868756368550547,-0.16012003396694308,-0.47647174319105645,-0.23575415256884807,0.26837971700058905,-0.24071759062220838,28.094136238098145,25.87473400115967,2.2194022369384747,27.71669164299965,30.977538093924522,-3.2608464509248734,-0.3774445950984955,5.102804092764854,-5.48024868786335,30.582198576493695,26.755884142355484,3.8263144341382116,65.9306411743164,60.395188903808595,5.535452270507811,35.34844259782271,33.63930476145311,1.7091378363695995,0.46139776706695557,-0.4092683792114258,0.8706661462783813,-30.12080080942674,-27.16515252156691,-2.9556482878598302,22.652889251708984,27.096284103393554,-4.44339485168457
precommit_hook__none__s42346__step_03__event_01,precommit_hook__none__s42346,precommit_hook,none,3,strategy_selection,correct,high,L18_SV30,5838,25,0,28,2063,13,.,punct,punct_terminal,41,True,5,5,5,0.4711794860414561,0.21346638717754027,0.4248036410735303,0.2577130988639158,0.6388209741787664,0.4558068929879256,0.5444181336766464,0.18301408119084078,0.16764148813731028,0.24234050581038535,0.46116397381731544,-0.07469901767307507,0.19483802378188625,0.2111024723669861,0.5282838777648222,-0.016264448585099844,1.8597373954598442,1.7993562857812182,0.7814798582492637,0.06038110967862598,1.6648993716779579,1.5882538134142323,0.8011919056134614,0.07664555826372554,-0.67891424722611,-0.6915834082930096,0.1552158628466153,0.012669161066899526,-0.8737522710079964,-0.9026858806599958,0.6457936849256571,0.028933609651999426,-0.67891424722611,-0.48556671519682587,0.26512906812020937,-0.19334753202928417,-31.900534164905547,-39.61315340042114,7.712619235515593,-26.883501768112183,-32.36059210300446,5.477090334892274,5.017032396793365,7.252561297416688,-2.235528900623323,-40.17064727436412,-39.68389863967896,-0.4867486346851635,9.655050277709961,7.848015594482422,1.8070346832275392,49.82569755207408,47.531914234161384,2.2937833179126983,-66.31956481933594,-66.69871673583984,0.37915191650390057,-26.148917544971816,-27.014818096160887,0.8659005511890712,-66.31956481933594,-60.533223724365236,-5.786341094970702
precommit_hook__none__s42346__step_03__event_01,precommit_hook__none__s42346,precommit_hook,none,3,strategy_selection,correct,high,L22_SV32,5838,25,0,28,2063,13,.,punct,punct_terminal,41,True,5,5,5,-0.5850212429216695,-0.0027863583365310253,0.534365852333151,-0.5822348845851384,1.5309351342685358,0.6920259737184508,0.6655559725186747,0.838909160550085,2.115956377190205,0.6948123320549819,1.1039378904046837,1.421144045135223,0.2384007384155021,0.21770336884027222,0.40745781012505816,0.020697369575229885,2.4687113131728546,1.7349720209634718,0.22939025582406683,0.7337392922093828,2.2303105747573526,1.5172686521231997,0.5308029763281369,0.7130419226341529,-1.4202557111853773,-1.5054564412182745,1.1213091871315384,0.08520073003289719,-1.6586564496008793,-1.7231598100585466,1.4152546192485889,0.06450336045766725,2.4687113131728546,1.5854538039671913,0.28619288256875625,0.8832575092056634,154.62049865722656,214.31202545166016,-59.6915267944336,371.55127716064453,285.54514808654784,86.00612907409669,216.93077850341797,71.2331226348877,145.69765586853026,239.0388606678356,236.91693767200815,2.121922995827447,467.6933898925781,392.46942138671875,75.22396850585938,228.65452922474253,155.55248371471058,73.10204551003196,68.99110412597656,60.25620727539062,8.73489685058594,-170.04775654185903,-176.6607303966175,6.612973854758479,467.6933898925781,377.14060668945314,90.55278320312499
precommit_hook__none__s42346__step_04__event_01,precommit_hook__none__s42346,precommit_hook,none,4,failure_diagnosis,correct,high,L17_SV28,6182,8,0,11,2458,13,.,punct,punct_terminal,29,False,5,5,5,0.7407870330421241,-0.48565999361162443,0.6441150671517185,1.2264470266537486,0.7962502542168667,-0.14136694036886116,0.32473896602704866,0.9376171945857279,0.05546322117474256,0.34429305324276327,0.8969695530131215,-0.2888298320680207,,-0.08497781418368704,0.14504425857176165,,2.488718132335627,1.5918681751549848,1.0108102234442766,0.8968499571806421,,1.6768459893386716,1.1009421614775592,,-0.8676883326744015,-1.7864034240831672,0.48603273233192223,0.9187150914087657,,-1.70142560989948,0.6210955896552256,,-0.4629137142069467,-0.4818604531699259,0.39154689451930325,0.01894673896297916,45.12221260070801,22.483283762931823,22.638928837776188,46.146005630493164,28.838573279976845,17.30743235051632,1.0237930297851534,6.355289517045021,-5.331496487259868,,29.879457547447902,,77.38719177246094,60.832279968261716,16.55491180419922,,30.952822420813824,,15.431440353393555,-1.5270789504051208,16.958519303798674,,-31.406536497853022,,22.903156280517578,22.553419303894042,0.34973697662353587
precommit_hook__none__s42346__step_04__event_01,precommit_hook__none__s42346,precommit_hook,none,4,failure_diagnosis,correct,high,L18_SV30,6182,8,0,11,2458,13,.,punct,punct_terminal,29,False,5,5,5,1.2588727642879354,-0.43027334967885206,0.3580930072595312,1.6891461139667874,1.483250271952949,-0.06896525805709688,0.4751379667859211,1.552215530010046,0.22437750766501363,0.36130809162175515,0.3985071237754514,-0.13693058395674151,,-0.06141038274944004,0.3191648247541755,,2.810707053565473,1.2236107438235875,0.8511810558260143,1.5870963097418853,,1.2850211265730276,0.5647965572684839,,-0.33265196375133893,-1.4578015291279982,0.4903434624555314,1.1251495653766592,,-1.396391146378558,0.5050130151235988,,0.494102622438447,-0.8350878223408975,0.4888738004165383,1.3291904447793446,-8.327117228507996,-58.878450736999504,50.55133350849151,-1.6121373176574707,-48.065528345108035,46.453391027450564,6.714979910850525,10.81292239189148,-4.097942481040954,,-47.839432438937095,,38.114864349365234,-9.38240909576416,47.497273445129395,,38.45702334317294,,-55.9569206237793,-89.629443359375,33.672522735595706,,-41.790010920437894,,-31.214509963989258,-70.9933952331543,39.778885269165045
precommit_hook__none__s42346__step_04__event_01,precommit_hook__none__s42346,precommit_hook,none,4,failure_diagnosis,correct,high,L22_SV32,6182,8,0,11,2458,13,.,punct,punct_terminal,29,False,5,5,5,0.6026379704721425,-0.5658264084885796,0.7051688344211938,1.168464378960722,0.5471422052416319,0.5275529352494372,0.27453668151589905,0.01958926999219468,-0.055495765230510585,1.0933793437380168,0.6965548333312029,-1.1488751089685274,,-0.02298070693911321,0.30802961516186617,,1.1940442427263396,1.1161375380200371,0.3346222300122872,0.07790670470630245,,1.1391182449591502,0.2798109166126262,,-0.13793196360640161,-1.2108268904718955,0.5941547602695407,1.072894926865494,,-1.187846183532782,0.3177580150278261,,1.1940442427263396,0.8711040151679492,0.37804950621114775,0.32294022755839036,276.38096618652344,156.58837966918946,119.79258651733397,270.691463470459,268.6831443786621,2.0083190917968636,-5.689502716064453,112.09476470947266,-117.78426742553711,,212.24167286265978,,337.01275634765625,329.02565307617186,7.987103271484386,,116.78398021351207,,200.4567108154297,90.46203689575195,109.99467391967774,,-121.77963596690786,,337.01275634765625,303.90447692871095,33.1082794189453
precommit_hook__review_hook__s62345__step_02__event_01,precommit_hook__review_hook__s62345,precommit_hook,review_hook,2,strategy_selection,incorrect,medium,L17_SV28,8148,481,0,484,2583,13,.,punct,punct_terminal,21,False,5,2,4,0.4683298001800679,0.051986545939390706,0.48369818690070665,0.4163432542406772,,-0.05734711730972469,0.6508015884412057,,,0.03205175568759744,0.743117450548615,,0.2788214990313733,-0.2548955618739652,0.16379187645574828,0.5337170609053385,,0.9572672150334617,0.41482319309198346,,,1.19631998463674,0.558880576407392,,,-2.0102055573293516,0.6590490995044064,,,-1.7711527877260735,0.8829665070588021,,0.1976924171948596,-0.15554544533407183,0.6217008763567562,0.3532378625289314,36.254500198364255,26.92319683551788,9.331303362846374,,24.472753435373306,,,0.7183607578277593,,32.007140766490586,20.045194092663852,11.961946673826734,,47.21282196044922,,,26.812550898754235,,,-19.29573408762614,,,-39.696005149321124,,30.188833236694336,22.271881008148192,7.916952228546144
precommit_hook__review_hook__s62345__step_02__event_01,precommit_hook__review_hook__s62345,precommit_hook,review_hook,2,strategy_selection,incorrect,medium,L18_SV30,8148,481,0,484,2583,13,.,punct,punct_terminal,21,False,5,2,4,0.4707042920337,-0.36377460691821895,0.5360072954148383,0.834478898951919,,-0.31827935526242135,0.7483399897279492,,,0.20676960555820928,0.868807080937682,,0.11416264352432628,-0.46982183416921036,0.20152561366093213,0.5839844776935367,,1.045654879233648,0.34298288106171815,,,1.417502476736867,0.5279501320816411,,,-1.2280628692003095,0.31265110545775476,,,-0.8562152716970903,0.40362077978388733,,-0.44010263287526064,-0.987073942701967,0.4013186943969586,0.5469713098267064,-40.97541732788086,-61.53459541320801,20.559178085327147,,-60.41372227668762,,,5.094212865829469,,-49.759585814042524,-64.14729638533159,14.387710571289062,,-26.81027603149414,,,34.92321482571688,,,-82.82819112141927,,,-21.094700264208246,,-63.41510009765625,-76.89091186523437,13.475811767578122
precommit_hook__review_hook__s62345__step_02__event_01,precommit_hook__review_hook__s62345,precommit_hook,review_hook,2,strategy_selection,incorrect,medium,L22_SV32,8148,481,0,484,2583,13,.,punct,punct_terminal,21,False,5,2,4,-0.18822479548206214,-0.6587412482936462,0.4423741901646306,0.47051645281158405,,-0.09275942074145363,0.3984745629494513,,,0.6349668265018013,0.6919781322734527,,-0.5760627707463499,-0.6191772937599643,0.22552495823133045,0.0431145230136144,,0.9440885351392584,0.6563392156891397,,,1.5532507403693954,0.5735715130566955,,,-1.64547040526494,0.4416107417897214,,,-1.0363082000348027,0.22750782745714612,,0.5334885386514323,1.0154634567289054,0.5087696038460193,-0.48197491807747306,182.10273132324218,139.304199962616,42.798531360626185,,190.78633379936218,,,57.75706136226654,,146.8246966275302,142.9029671018774,3.921729525652779,,285.0988057454427,,,141.28485863859,,,49.55057175954183,,,-94.26337534731086,,247.7503204345703,291.59112243652345,-43.840802001953136
precommit_hook__review_hook_diff__s72345__step_03__event_01,precommit_hook__review_hook_diff__s72345,precommit_hook,review_hook_diff,3,uncertainty_resolution_action,correct,high,L17_SV28,8406,16,0,19,2362,13,.,punct,punct_terminal,20,False,5,0,5,0.9648565974268847,0.10264189158827493,0.9320331118220834,0.8622147058386097,-0.2873393473151318,0.08905509739022524,1.0228063901018931,-0.376394444705357,-1.2521959447420166,-0.013586794198049668,0.8467373848895485,-1.238609150543967,0.23180298087200982,-0.23361882694260477,0.512840540095513,0.4654218078146146,,0.7769630305233289,0.993628608739209,,,1.0573782908669807,0.6497421765127873,,,-1.4605374109622355,0.683367626307689,,,-1.1801221506185837,0.34963227538769387,,-0.5964947016606096,0.36575853888264176,0.9045628429849667,-0.9622532405432513,46.548485565185544,28.939936962127682,17.608548603057862,20.97555923461914,28.662461149692536,-7.6869019150733955,-25.572926330566403,-0.2774758124351491,-25.295450518131254,31.57772463018244,22.072664616324687,9.505060013857754,,42.711236000061035,,,21.594269850037314,,,-2.9840357303619385,,,-24.10100188038566,,14.661845207214355,34.31342716217041,-19.651581954956058
precommit_hook__review_hook_diff__s72345__step_03__event_01,precommit_hook__review_hook_diff__s72345,precommit_hook,review_hook_diff,3,uncertainty_resolution_action,correct,high,L18_SV30,8406,16,0,19,2362,13,.,punct,punct_terminal,20,False,5,0,5,0.3615218773188451,-0.5684348905118115,0.7671388655344676,0.9299567678306566,-0.9159712727379015,-0.23888914840307868,0.8186385732880268,-0.6770821243348228,-1.2774931500567466,0.32954574210873294,0.34852049599020607,-1.6070388921654795,0.011955517000998582,-0.46520272661451756,0.6297830945632648,0.4771582436155161,,0.5406736394234625,0.7881890530428789,,,1.0146240695299875,0.33118286075039255,,,-1.241523067460098,0.7760615804071255,,,-0.767572637353573,0.20411721090253268,,-1.196300777852375,-0.6008231040507277,0.8532687581317843,-0.5954776738016474,-33.399751853942874,-59.636024780273445,26.23627292633057,-69.44084548950195,-50.33876244425774,-19.102083045244214,-36.04109363555908,9.297262336015702,-45.338355971574785,-43.26184303110296,-56.72360205216842,13.461759021065454,,-28.345458269119263,,,28.624937122518364,,,-78.62542915344238,,,-21.655033761804756,,-77.34960174560547,-60.54977264404297,-16.7998291015625
precommit_hook__review_hook_diff__s72345__step_03__event_01,precommit_hook__review_hook_diff__s72345,precommit_hook,review_hook_diff,3,uncertainty_resolution_action,correct,high,L22_SV32,8406,16,0,19,2362,13,.,punct,punct_terminal,20,False,5,0,5,0.40110171223160423,-0.08635953179789521,1.0107292758182516,0.4874612440294994,0.5366551880117292,0.4056125356324912,0.6390553845794642,0.13104265237923796,0.13555347578012494,0.4919720674303865,0.752163626908515,-0.3564185916502616,0.7356118441732107,0.09880724235093283,0.5466470222517482,0.6368046018222778,,1.8597660347640121,0.25677216214660753,,,1.6499747800559017,0.32258194672746915,,,-1.3648893639805388,1.2858468622499293,,,-1.574680618688649,1.2678798769324306,,1.0337532963877953,1.3640831123972088,0.6489008846982276,-0.33032981600941347,265.3520141601563,219.99995208740233,45.35206207275394,277.96353912353516,265.7716888427734,12.191850280761741,12.611524963378884,45.771736755371094,-33.16021179199221,296.4739227294922,237.22736275412822,59.246559975363965,,401.0621566772461,,,153.50914469632232,,,101.04903030395508,,,-146.5039816769687,,324.2121887207031,354.94517211914064,-30.73298339843751
precommit_hook__review_hook_diff__s72345__step_04__event_01,precommit_hook__review_hook_diff__s72345,precommit_hook,review_hook_diff,4,constraint_discovery,correct,high,L17_SV28,8437,7,0,10,2691,13,.,punct,punct_terminal,28,False,5,0,3,0.5195082772502388,-0.5547352916727958,0.6175909940088643,1.0742435689230345,0.49845323572939637,-0.7881363933077548,0.6066008481599687,1.286589629037151,-0.021055041520842477,-0.23340110163495895,1.087785914339888,0.21234606011411647,,-0.6803938238846232,0.06492194968398929,,2.370228454534922,1.023062041712073,1.0068380715132974,1.347166412822849,,0.6466341835357194,0.5112591995626288,,-0.5204387306808961,-2.54464759394967,0.6792564709725777,2.024208863268774,,-1.3681949814210017,0.06492194968398929,,-0.5204387306808961,-0.5816733273484542,0.34068097345924775,0.06123459666755815,37.45337562561035,15.514675245285034,21.938700380325315,37.02337980270386,10.748049700260163,26.275330102443696,-0.4299958229064913,-4.766625545024872,4.3366297221183805,,12.948418422178788,,75.24964141845703,47.73718414306641,27.512457275390624,,13.205863194032151,,16.21509552001953,-25.12423667907715,41.33933219909668,,-27.941912455992263,,16.21509552001953,14.964534187316895,1.2505613327026364
precommit_hook__review_hook_diff__s72345__step_04__event_01,precommit_hook__review_hook_diff__s72345,precommit_hook,review_hook_diff,4,constraint_discovery,correct,high,L18_SV30,8437,7,0,10,2691,13,.,punct,punct_terminal,28,False,5,0,3,0.29084892816226826,-1.1588858381640794,0.19494144217886974,1.4497347663263476,0.27571625029078917,-1.0249607219145682,0.24808619209793156,1.3006769722053573,-0.015132677871479094,0.1339251162495113,0.4381754716815193,-0.1490577941209904,,-1.0665033083460032,0.15203886479786102,,0.8525988425236809,-0.07887564094878874,0.1582323210138596,0.9314744834724696,,1.1031842161248004,0.1520388647978611,,-0.4926601756587066,-1.953026684349254,0.15512788355242957,1.4603665086905475,,-0.7773443977831438,0.30363451397273855,,-0.4926601756587066,-1.2571545689533279,0.6648222605078379,0.7644943932946213,-35.39360237121582,-76.2940380859375,40.90043571472168,-35.82053089141846,-72.51569480895996,36.69516391754151,-0.4269285202026367,3.7783432769775374,-4.205271797180174,,-73.6877091147683,,-19.545312881469727,-45.82440414428711,26.27909126281738,,31.123427651145242,,-57.49824142456055,-98.69862365722656,41.200382232666016,,-21.93071816184304,,-57.49824142456055,-79.0664306640625,21.568189239501947
precommit_hook__review_hook_diff__s72345__step_04__event_01,precommit_hook__review_hook_diff__s72345,precommit_hook,review_hook_diff,4,constraint_discovery,correct,high,L22_SV32,8437,7,0,10,2691,13,.,punct,punct_terminal,28,False,5,0,3,-0.39610849422091676,0.6921041014378844,0.4544453600571603,-1.0882125956588011,1.17150317404937,0.8247575332672797,0.5575891799238744,0.34674564078209025,1.5676116682702868,0.13265343182939526,0.9645038249220228,1.4349582364408915,,0.44609528129683085,0.048244184295159115,,2.4093279396060048,1.9533847517815164,0.1012462576974015,0.4559431878244884,,1.5692766776218394,0.048244184295159,,-2.051499482342612,-0.5247907210389504,0.2197780034374489,-1.5267087613036614,,-0.7331204841462835,0.11729497029167768,,2.4093279396060048,1.1647303622561507,0.8503570241998238,1.244597577349854,191.18175506591797,292.42608123779297,-101.244326171875,337.02806091308594,304.7677940368652,32.260266876220726,145.84630584716797,12.341712799072269,133.5045930480957,,269.5380928733132,,452.19189453125,409.7721862792969,42.419708251953125,,146.00121376731178,,37.168701171875,179.20951232910156,-142.04081115722656,,-68.20752646706322,,452.19189453125,336.39793701171874,115.79395751953126
precommit_hook__review_hook_diff__s72345__step_04__event_02,precommit_hook__review_hook_diff__s72345,precommit_hook,review_hook_diff,4,strategy_selection,correct,high,L17_SV28,8529,99,0,102,2783,364,".

",punct,punct_terminal,41,True,5,5,1,0.7953424323796717,-0.33300382648395244,0.5692751888077474,1.1283462588636242,-0.12673977060794187,-0.3278615857794656,0.5570165098970279,0.20112181517152375,-0.9220822029876136,0.005142240704486811,0.6321943618341479,-0.9272244436921003,0.12986548328306868,-0.1587494077883659,0.6215046299431646,0.28861489107143457,1.5701563682040756,1.160536671513917,0.7218116675571805,0.40961969669015863,1.4402908849210068,1.319286079302283,0.7293206666609447,0.12100480561872384,-0.4916880316116796,-1.6406775989282063,0.9451949701203869,1.1489895673165267,-0.6215535148947483,-1.4819281911398405,1.55354117758827,0.8603746762450922,-0.4916880316116796,-0.6450058092669324,0.6128074292598363,0.15331777765525278,43.08658866882324,20.042978062629697,23.043610606193543,24.255398273468018,20.147995287179945,4.107402986288072,-18.83119039535522,0.10501722455024627,-18.936207619905467,29.495909777554598,23.60168261744759,5.8942271601070075,58.91019821166992,50.54475479125976,8.365443420410159,29.414288434115324,26.943072173812176,2.471216260303148,16.802255630493164,-6.66294219493866,23.465197825431822,-12.693654147061434,-30.264624812386252,17.57097066532482,16.802255630493164,13.671128869056702,3.1311267614364624
precommit_hook__review_hook_diff__s72345__step_04__event_02,precommit_hook__review_hook_diff__s72345,precommit_hook,review_hook_diff,4,strategy_selection,correct,high,L18_SV30,8529,99,0,102,2783,364,".

",punct,punct_terminal,41,True,5,5,1,0.7911427700946974,-0.20028282090137148,0.6494667797540308,0.9914255909960689,1.0451229555145,-0.00293396573994551,0.7066961446449646,1.0480569212544455,0.2539801854198027,0.19734885516142592,0.8617899966787241,0.0566313302583768,0.009655367554606942,-0.18596798506173579,0.40456543065011114,0.19562335261634273,1.7522190943452869,1.0271246346462897,0.5925833786780331,0.7250944596989972,1.74256372679068,1.2130926197080256,0.9707101127043153,0.5294711070826543,0.35213054893173035,-1.3140177981230152,0.4397420588052774,1.6661483470547456,0.3424751813771234,-1.1280498130612793,0.7775397298765807,1.4705249944384027,0.4705488144938666,-0.7661286401595977,0.5433489631725255,1.2366774546534642,-21.27913357615471,-49.24958692550659,27.97045334935188,-14.113753750920296,-43.681910443305966,29.56815669238567,7.165379825234414,5.567676482200625,1.597703343033789,-43.326735669916324,-48.84573165720159,5.518995987285265,5.835095405578613,-14.621528816223144,20.456624221801757,49.16183107549494,34.22420284097844,14.937628234516495,-33.664703369140625,-80.67067642211914,47.00597305297852,9.6620323007757,-31.824944764917554,41.48697706569325,-30.32384490966797,-65.21343154907227,34.8895866394043
precommit_hook__review_hook_diff__s72345__step_04__event_02,precommit_hook__review_hook_diff__s72345,precommit_hook,review_hook_diff,4,strategy_selection,correct,high,L22_SV32,8529,99,0,102,2783,364,".

",punct,punct_terminal,41,True,5,5,1,1.128321271135577,0.11730686235276773,0.37519627600532035,1.0110144087828092,0.8510403311592888,0.38929211389402385,0.5990438750815725,0.46174821726526494,-0.2772809399762882,0.27198525154125613,0.4969476498925158,-0.5492661915175443,0.0857998861813327,0.020974237867524115,0.2739311306473322,0.06482564831380859,1.8911751507740024,1.9420958683544811,0.562363476102664,-0.05092071758047867,1.8053752645926697,1.921121630486957,0.4744913698167045,-0.11574636589428722,-0.3238786224903648,-1.2964848626038654,0.7852813364330359,0.9726062401135006,-0.4096785086716975,-1.3174591004713894,0.9992700733579597,0.9077805917996918,0.9439612792081752,1.4259439683266009,0.7412664635332541,-0.4819826891184257,333.0105346679687,238.94851684570312,94.0620178222656,307.21307373046875,264.2532814025879,42.95979232788085,-25.797460937499977,25.30476455688476,-51.10222549438474,236.01719388094816,229.98599270907317,6.031201171874983,403.984375,408.7218994140625,-4.737524414062477,167.96718111905184,178.73590670498936,-10.768725585937517,197.90182495117188,107.41319818496704,90.48862676620483,-38.11536892977628,-122.5727945241061,84.45742559432982,315.8581848144531,360.700537109375,-44.84235229492185
precommit_hook__review_hook_diff_history__s82345__step_04__event_01,precommit_hook__review_hook_diff_history__s82345,precommit_hook,review_hook_diff_history,4,realization,correct,high,L17_SV28,9688,16,0,19,2749,13,.,punct,punct_terminal,37,False,5,5,1,0.4568650499372574,-0.30011127888530187,0.5616902950691363,0.7569763288225593,-0.024851409625737148,-0.8964859988293051,0.218934462220535,0.871634589203568,-0.4817164595629946,-0.5963747199440033,0.45507195998407113,0.11465826038100868,-0.14511450486438918,-0.03971682729741028,0.7811374006901868,-0.1053976775669789,1.5921338449604396,0.46377258872009364,0.604717905021965,1.128361256240346,1.7372483498248288,0.5034894160175039,0.7784925478838711,1.233758933807325,-2.1423090740939745,-2.0235395893524046,0.09803435331153826,-0.1187694847415699,-1.9971945692295854,-1.9838227620549946,0.6905021373433409,-0.013371807174590744,-0.03830238275379058,-1.057300987587363,0.7636322246130625,1.0189986048335724,38.59591178894043,21.62897970199585,16.966932086944578,27.798677921295166,8.261785793304444,19.536892127990722,-10.79723386764526,-13.367193908691405,2.5699600410461443,25.103090633045543,27.46548317995938,-2.3623925469138385,64.04192352294922,38.75073795318603,25.291185569763186,38.93883288990368,11.285254773226653,27.653578116677025,-19.662199020385742,-17.000089645385742,-2.662109375,-44.76528965343128,-44.46557282534513,-0.2997168280861544,27.4971866607666,4.65726490020752,22.839921760559083
precommit_hook__review_hook_diff_history__s82345__step_04__event_01,precommit_hook__review_hook_diff_history__s82345,precommit_hook,review_hook_diff_history,4,realization,correct,high,L18_SV30,9688,16,0,19,2749,13,.,punct,punct_terminal,37,False,5,5,1,0.6410601168545942,-0.40687326717967504,0.4396698628115292,1.0479333840342693,1.5675540975670685,-0.5363590305715455,0.13458010244133017,2.103913128138614,0.9264939807124744,-0.12948576339187054,0.4946322115769985,1.0559797441043448,0.43676697224570393,-0.012110949919826353,0.6485966953160875,0.4488779221655303,2.2196159657618195,0.3768723219273008,0.12903294961636372,1.8427436438345186,1.7828489935161156,0.38898327184712717,0.7386035007040104,1.3938657216689885,-1.0534742817634077,-2.1143031511852928,0.5046165687462995,1.060828869421885,-1.4902412540091117,-2.1021922012654666,0.8557821103616073,0.6119509472563549,-0.0262773451146817,-0.5006488693535399,0.702156697600709,0.4743715242388582,-23.436826705932617,-53.083287487030034,29.646460781097417,2.774064064025879,-56.746492290496825,59.520556354522704,26.210890769958496,-3.663204803466796,29.874095573425294,-29.216362687674437,-41.915301301262595,12.698938613588158,21.221158981323242,-30.91080665588379,52.13196563720703,50.437521668997675,11.00449464537881,39.43302702361886,-71.37589263916016,-101.38717193603516,30.011279296875003,-42.15952995148572,-59.471870634772564,17.31234068328684,-42.31607437133789,-55.736237335205075,13.420162963867185
precommit_hook__review_hook_diff_history__s82345__step_04__event_01,precommit_hook__review_hook_diff_history__s82345,precommit_hook,review_hook_diff_history,4,realization,correct,high,L22_SV32,9688,16,0,19,2749,13,.,punct,punct_terminal,37,False,5,5,1,-0.4690159851123058,-0.34217524545213623,0.15152737865491284,-0.12684073966016957,0.9697640230062768,-0.13155392022236437,0.5346210538200248,1.1013179432286413,1.4387800081185826,0.21062132522977187,0.5389596697517686,1.2281586828888107,0.47978667366961286,-0.18336216063826918,0.1868257753933325,0.6631488343078821,2.228951453817853,0.7950082752623154,0.5325819029701963,1.4339431785555377,1.7491647801482402,0.9783704359005846,0.6636555319262848,0.7707943442476556,-1.5036267810844244,-0.9249610564132451,0.44110722647238776,-0.5786657246711793,-1.9834134547540372,-0.7415988957749761,0.6263992875678114,-1.241814558979061,2.228951453817853,-0.303147828891518,0.6039725248248798,2.532099282709371,185.2256851196289,198.19888580322265,-12.973200683593745,332.38330841064453,219.7411184310913,112.64218997955322,147.15762329101562,21.54223262786865,125.61539066314697,282.2686961780895,214.44220026189632,67.82649591619318,461.17230224609375,314.50938720703124,146.6629150390625,178.90360606800425,100.06718694513495,78.8364191228693,79.40626525878906,138.59187545776368,-59.185610198974615,-202.86243091930044,-75.85032480413263,-127.01210611516781,461.17230224609375,202.19058837890626,258.9817138671875
precommit_hook__review_hook_diff_history__s82345__step_07__event_01,precommit_hook__review_hook_diff_history__s82345,precommit_hook,review_hook_diff_history,7,failure_diagnosis,correct,high,L17_SV28,9969,18,0,21,3685,13,.,punct,punct_terminal,25,False,5,0,1,-0.6417364050607006,0.2787769598484349,0.7428635570967846,-0.9205133649091355,-0.2957478981076673,0.6186175262491501,0.8392160906363753,-0.9143654243568173,0.34598850695303335,0.33984056640071514,1.4861488666294376,0.00614794055231821,0.8227009324295902,0.08471259164140973,0.35536780557570913,0.7379883407881804,2.5851004908305586,1.3926280145406138,1.0653754202130672,1.1924724762899448,1.7623995584009684,1.307915422899204,1.3571659397550164,0.45448413550176436,-0.7649654894589376,-1.315595060937953,1.313753591935748,0.5506295714790154,-1.5876664218885277,-1.400307652579363,1.2805844916697584,-0.18735876930916473,-0.6810194934907348,0.5148271576628508,0.4025963950734442,-1.1958466511535857,13.971764945983887,34.604230127334596,-20.63246518135071,21.726780891418457,42.221445608139035,-20.494664716720578,7.75501594543457,7.617215480804444,0.13780046463012585,46.79578850486062,30.254454803466796,16.54133370139382,86.2983627319336,59.57018280029297,26.728179931640625,39.50257422707298,29.315727996826173,10.186846230246804,11.209697723388672,-1.132160520553589,12.34185824394226,-35.586090781471945,-31.386615324020386,-4.199475457451559,13.091270446777344,39.89507942199707,-26.803808975219724
precommit_hook__review_hook_diff_history__s82345__step_07__event_01,precommit_hook__review_hook_diff_history__s82345,precommit_hook,review_hook_diff_history,7,failure_diagnosis,correct,high,L18_SV30,9969,18,0,21,3685,13,.,punct,punct_terminal,25,False,5,0,1,0.45197707800599113,0.18656771712647607,0.6033772043820496,0.26540936087951505,1.5069865005634837,-0.16681620877481823,0.5029151313963975,1.6738027093383019,1.0550094225574926,-0.3533839259012943,1.0183394937016426,1.408393348458787,0.6229417661210973,0.40765385541671223,0.6113709320201569,0.21528791070438508,3.0892575807222604,1.2944864546372574,0.6689675871227135,1.794771126085003,2.4663158146011632,0.8868325992205452,0.9078405829855528,1.579483215380618,-0.07701384375896134,-1.031473624221217,0.20704657590415002,0.9544597804622557,-0.6999556098800587,-1.4391274796379294,0.7824015153269315,0.7391718697578707,0.41210544719641,-0.24635614119907617,0.5341491830952941,0.6584615883954862,-28.78606262207031,-36.294601168632504,7.5085385465621926,1.060582160949707,-46.29197586774826,47.35255802869797,29.846644783020018,-9.997374699115754,39.84401948213577,-23.94940220225941,-30.03998457951979,6.090582377260379,45.823673248291016,-4.951130390167236,50.77480363845825,69.77307545055042,25.088854189352556,44.68422126119786,-43.75143051147461,-70.75348510742188,27.00205459594727,-19.8020283092152,-40.713500527902085,20.911472218686885,-29.914047241210938,-48.54219284057617,18.628145599365233
precommit_hook__review_hook_diff_history__s82345__step_07__event_01,precommit_hook__review_hook_diff_history__s82345,precommit_hook,review_hook_diff_history,7,failure_diagnosis,correct,high,L22_SV32,9969,18,0,21,3685,13,.,punct,punct_terminal,25,False,5,0,1,1.1008131290177443,-0.2823307715921559,0.5987680194377593,1.3831439006099002,0.8369229618403103,0.1546085657982245,0.728053258793382,0.6823143960420859,-0.26389016717743397,0.4369393373903804,0.6909399811814992,-0.7008295045678143,0.5553843678825726,-0.6244917821397101,0.44746555229832635,1.1798761500222827,1.5150409481429856,1.5491228940037591,0.7044326436036807,-0.03408194586077351,0.959656580260413,2.1736146761434694,0.6544806604829185,-1.2139580958830565,-0.015096705056359069,-1.5645114242334084,0.9484666484874509,1.5494147191770493,-0.5704810729389317,-0.9400196420936983,1.3583171078227285,0.36953856915476657,1.5150409481429856,0.6611438417994524,1.3230810211455217,0.8538971063435332,345.7869384765625,204.31974548339844,141.46719299316408,318.7963981628418,249.0096591949463,69.7867389678955,-26.990540313720714,44.68991371154785,-71.68045402526857,290.00078652121806,169.32370660955254,120.67707991166552,388.1539306640625,391.6398132324219,-3.4858825683593864,98.15314414284444,222.31610662286934,-124.1629624800249,231.6522979736328,73.17901763916015,158.47328033447266,-58.34848854758525,-96.1446889703924,37.796200422807146,388.1539306640625,300.81780700683595,87.33612365722655
precommit_hook__review_hook_diff_history__s82345__step_08__event_01,precommit_hook__review_hook_diff_history__s82345,precommit_hook,review_hook_diff_history,8,conclusion,incorrect,high,L17_SV28,10066,33,0,36,4130,13,.,punct,punct_terminal,41,True,5,1,4,-0.5377599959132346,0.33123744803242666,0.940510218492311,-0.8689974439456614,0.015699762125012007,-0.2762113495713779,0.3272397830983957,0.2919111116963899,0.5534597580382467,-0.6074487976038047,1.2617832896413819,1.1609085556420513,-0.22516069431859265,0.27917079833106306,0.4959682834052946,-0.5043314926496557,1.2076204973346385,1.5253236271057802,0.5825384077005402,-0.3177031297711417,1.4327811916532311,1.2461528287747172,0.8191655532768688,0.18662836287851392,-0.9115256629039393,-1.401574391383545,0.6615882950285947,0.4900487284796057,-0.6863649685853467,-1.680745189714608,1.121846484367022,0.9943802211292613,-0.8603899974893034,-0.48839884713898896,0.2284764735885564,-0.3719911503503145,16.30230106115341,35.78008399009705,-19.477782928943636,28.707595348358154,22.164674758911133,6.5429205894470215,12.405294287204743,-13.615409231185913,26.020703518390654,23.30892850594087,34.61305765672164,-11.304129150780767,55.42340850830078,62.54443359375,-7.121025085449219,32.11448000235991,27.931375937028367,4.183104065331545,7.924685478210449,-3.059308576583862,10.983994054794312,-15.38424302773042,-37.6723662333055,22.288123205575083,9.070844650268555,17.408686065673827,-8.337841415405272
precommit_hook__review_hook_diff_history__s82345__step_08__event_01,precommit_hook__review_hook_diff_history__s82345,precommit_hook,review_hook_diff_history,8,conclusion,incorrect,high,L18_SV30,10066,33,0,36,4130,13,.,punct,punct_terminal,41,True,5,1,4,0.12224908580827179,0.1947108393665071,0.6703979186780181,-0.07246175355823531,0.37845418206366477,0.1364279205528629,0.5493049742455558,0.24202626151080187,0.256205096255393,-0.058282918813644224,0.8723083766012943,0.31448801506903723,0.08281722680925291,-0.06684785603270615,0.2749301412597943,0.14966508284195906,1.922655752939801,1.7276541728189236,0.33579920938622365,0.19500158012087732,1.839838526130548,1.79450202885163,0.39152215661518075,0.045336497278918086,-0.731401140426603,-0.9016089801230699,0.6012792147833925,0.1702078396964669,-0.8142183672358558,-0.8347611240903638,0.48258811122176715,0.020542756854508015,-0.10470634169813534,-0.092812747429076,0.6957993458208273,-0.011893594269059338,-38.114201354980466,-36.0642289352417,-2.049972419738765,-30.866055190563202,-37.71307636499405,6.84702117443085,7.248146164417264,-1.648847429752348,8.896993594169611,-39.22974465110085,-43.463830592415555,4.234085941314703,12.82003402709961,7.303360176086426,5.516673851013183,52.04977867820046,50.767190768501976,1.282587909698485,-62.264312744140625,-67.07956161499024,4.815248870849615,-23.034568093039773,-23.615731022574682,0.5811629295349086,-44.53486251831055,-44.198387908935544,-0.33647460937500284
precommit_hook__review_hook_diff_history__s82345__step_08__event_01,precommit_hook__review_hook_diff_history__s82345,precommit_hook,review_hook_diff_history,8,conclusion,incorrect,high,L22_SV32,10066,33,0,36,4130,13,.,punct,punct_terminal,41,True,5,1,4,1.0051112408251257,-0.3930081158901151,0.5575192664850438,1.3981193567152408,0.9556403544697742,-0.2627333748609641,0.6784281981936715,1.2183737293307384,-0.04947088635535146,0.13027474102915101,0.6582903526444635,-0.17974562738450248,0.5201215480016832,-0.044037057238702756,0.46361485047465256,0.564158605240386,2.4400794551153604,0.9298761719840016,0.5374944125136188,1.5102032831313588,1.9199579071136772,0.9739132292227044,0.904154792297727,0.9460446778909728,-0.40481556589283657,-1.8307138594663308,1.0684599902344425,1.4258982935734943,-0.9249371138945197,-1.7866768022276278,1.2937111557868,0.8617396883331081,2.4400794551153604,0.5086559764428965,1.0716413203627886,1.931423478672464,335.99860229492185,192.99972793579104,142.9988743591308,330.93874740600586,206.3241563796997,124.61459102630616,-5.059854888915993,13.324428443908692,-18.384283332824687,286.3941248113459,228.6922947623513,57.701830048994566,482.766357421875,328.30360107421876,154.46275634765624,196.37223261052912,99.61130631186745,96.76092629866167,191.7920684814453,45.95197982788086,145.84008865356446,-94.60205632990056,-182.74031493447043,88.13825860456987,482.766357421875,285.2214324951172,197.5449249267578
precommit_hook__review_hook_diff_history__s82345__step_09__event_01,precommit_hook__review_hook_diff_history__s82345,precommit_hook,review_hook_diff_history,9,failure_diagnosis,incorrect,high,L17_SV28,10148,27,0,30,4472,13,.,punct,punct_terminal,41,True,5,5,3,0.036851440929826264,0.6215168387219497,0.7278098663849387,-0.5846653977921235,0.30000165483605423,0.2255718384135105,0.5433334898005932,0.07442981642254373,0.26315021390622795,-0.3959450003084394,0.8908723051252799,0.6590952142146673,-0.29849677685721215,1.0161812555352392,0.5151085827560573,-1.3146780323924514,0.9739168038090762,2.0183429989150454,0.8531838968503471,-1.0444261951059692,1.2724135806662884,1.0021617433798065,0.7748759794705502,0.27025183728648194,-1.6742438950936138,-1.0906579151690705,0.7447831936999542,-0.5835859799245433,-1.3757471182364016,-2.1068391707043097,1.0029880204629273,0.7310920524679081,-0.11056623197231143,-0.39629583955873526,0.4957460878933459,0.28572960758642385,29.181690883636474,42.28643104553223,-13.104740161895759,35.07996225357056,33.41168599128723,1.668276262283328,5.898271369934083,-8.874745054244993,14.773016424179076,21.665167288346723,51.13247299194336,-29.467305703596637,50.18515396118164,73.59501190185547,-23.40985794067383,28.519986672834918,22.46253890991211,6.057447762922809,-9.17094612121582,3.9095998764038087,-13.080545997619629,-30.836113409562543,-47.22287311553955,16.386759705977006,25.877458572387695,19.473090744018556,6.404367828369139
precommit_hook__review_hook_diff_history__s82345__step_09__event_01,precommit_hook__review_hook_diff_history__s82345,precommit_hook,review_hook_diff_history,9,failure_diagnosis,incorrect,high,L18_SV30,10148,27,0,30,4472,13,.,punct,punct_terminal,41,True,5,5,3,1.1333719043456572,0.12976184460577406,0.42258685601610857,1.0036100597398832,1.5963528620674947,-0.321533107827203,0.34263300222617066,1.9178859698946977,0.46298095772183756,-0.45129495243297707,0.3653467685805814,0.9142759101548146,0.470838901576643,0.4963250734311003,0.5247002491838394,-0.02548617185445734,2.9003077779390103,1.2504380498201333,0.7017824855497715,1.649869728118877,2.4294688763623675,0.7541129763890329,0.9201469669196563,1.6753558999733347,-0.5264515483440884,-1.442666685512754,0.3642812351444902,0.9162151371686655,-0.9972904499207313,-1.9389917589438543,0.8856366019730281,0.941701309023123,0.08942390475964243,-0.7915411037315127,0.7461812210749413,0.8809650084911551,-9.5091264128685,-37.90166235923767,28.39253594636917,3.5887928009033203,-50.668979740142824,54.257772541046144,13.09791921377182,-12.76731738090515,25.865236594676972,-28.252453977411445,-27.53143983104012,-0.7210141463713242,40.478206634521484,-6.197277641296386,46.67548427581787,68.73066061193293,21.334162189743736,47.3964984221892,-56.46620559692383,-82.3863037109375,25.92009811401367,-28.213751619512383,-54.85486387989738,26.641112260384997,-39.04283905029297,-63.96569671630859,24.922857666015624
precommit_hook__review_hook_diff_history__s82345__step_09__event_01,precommit_hook__review_hook_diff_history__s82345,precommit_hook,review_hook_diff_history,9,failure_diagnosis,incorrect,high,L22_SV32,10148,27,0,30,4472,13,.,punct,punct_terminal,41,True,5,5,3,-0.3132837297828156,-0.4144206108204199,0.27917936759811185,0.10113688103760432,0.5328836794747993,-0.33103042552440337,0.3121638657128964,0.8639141049992027,0.8461674092576149,0.0833901852960165,0.4764544992533742,0.7627772239615984,0.649437935011206,-0.13622048797526082,0.3498350382733754,0.7856584229864667,1.2812281308596911,0.826707163719037,0.165240899523449,0.45452096714065415,0.6317901958484852,0.9629276516942976,0.44042508510523565,-0.33113745584581245,-0.8720898644934225,-1.1276841093087742,0.2793963290152061,0.25559424481535165,-1.5215277995046286,-0.9914636213335133,0.18300154251302395,-0.5300641781711153,1.2812281308596911,0.13164396032027575,0.8684360246790533,1.1495841705394154,201.15389404296874,190.80966979980468,10.344224243164064,287.6994285583496,199.33877182006836,88.36065673828125,86.54553451538087,8.529102020263679,78.01643249511719,299.6205333362926,219.26382446289062,80.356708873402,364.23968505859375,317.75153198242185,46.4881530761719,64.61915172230113,98.48770751953126,-33.86855579723013,143.99951171875,117.85747375488282,26.142037963867182,-155.62102161754262,-101.4063507080078,-54.21467090953482,364.23968505859375,246.66085205078124,117.5788330078125
precommit_hook__review_hook_diff_history__s82346__step_06__event_01,precommit_hook__review_hook_diff_history__s82346,precommit_hook,review_hook_diff_history,6,strategy_selection,ambiguous,medium,L17_SV28,10585,42,0,45,2683,13,.,punct,punct_terminal,41,True,5,1,5,1.4054588554432166,0.05888914870556976,0.7634189951459142,1.3465697067376468,0.4447810205690435,-0.11584241674297761,0.48295617406317815,0.5606234373120211,-0.9606778348741731,-0.1747315654485474,0.7198546322701516,-0.7859462694256257,0.41505588439385427,0.23077522721863902,0.3450687900246255,0.18428065717521525,2.467553517495283,1.3688260938108734,0.6704521175094746,1.0987274236844098,2.052497633101429,1.1380508665922342,0.8932723550227161,0.9144467665091947,-0.07891409939729664,-1.3905704176607194,0.9693199053386456,1.3116563182634229,-0.4939699837911509,-1.6213456448793582,1.0191949585133198,1.1273756610882073,0.13414728720886335,-0.36547056027995295,0.29221024647811156,0.4996178474888163,56.61859817504883,29.211872367858888,27.406725807189943,37.065927505493164,25.655561780929567,11.410365724563597,-19.552670669555667,-3.556310586929321,-15.996360082626346,36.46093197302385,32.71026877489957,3.750663198124279,78.23540496826172,55.87301177978516,22.36239318847656,41.77447299523787,23.162743004885588,18.611729990352284,26.407163619995117,-0.2889701843261719,26.69613380432129,-10.05376835302873,-32.999238959225735,22.945470606197006,30.743600845336914,20.574881553649902,10.168719291687012
precommit_hook__review_hook_diff_history__s82346__step_06__event_01,precommit_hook__review_hook_diff_history__s82346,precommit_hook,review_hook_diff_history,6,strategy_selection,ambiguous,medium,L18_SV30,10585,42,0,45,2683,13,.,punct,punct_terminal,41,True,5,1,5,1.3040420572989508,-0.14443329959972387,0.4399690621910207,1.4484753568986748,0.7565191645919805,-0.04673471851194868,0.399245538746027,0.8032538831039292,-0.5475228927069703,0.09769858108777517,0.3383579911936904,-0.6452214737947455,0.5654489612110773,0.1735299850680207,0.58497662448623,0.39191897614305665,2.1935009547740876,1.034646145559711,0.6210012490956335,1.1588548092143767,1.6280519935630102,0.8611161604916902,1.029195768050645,0.7669358330713201,-0.30790973432224333,-0.8864518665061505,0.49775817830780567,0.5785421321839072,-0.8733586955333207,-1.0599818515741712,0.6977542184595286,0.18662315604085056,-0.14973242891368038,-0.5553543572818372,0.5060830933033592,0.40562192836815686,-13.819056737422944,-52.757517814636216,38.938461077213276,-28.537773728370667,-50.13114769458771,21.593373966217044,-14.718716990947723,2.6263701200485228,-17.345087110996246,-33.67419502951882,-44.209908823533496,10.535713794014676,10.091712951660156,-21.061059284210206,31.152772235870362,43.76590798117898,23.148849539323287,20.61705844185569,-57.15215301513672,-72.70474090576172,15.552587890625006,-23.4779579856179,-28.494832082228232,5.016874096610334,-52.89997100830078,-63.804052734375,10.904081726074217
precommit_hook__review_hook_diff_history__s82346__step_06__event_01,precommit_hook__review_hook_diff_history__s82346,precommit_hook,review_hook_diff_history,6,strategy_selection,ambiguous,medium,L22_SV32,10585,42,0,45,2683,13,.,punct,punct_terminal,41,True,5,1,5,-0.1955578561558943,-0.2568299434720923,0.5348434416433552,0.061272087316198015,0.4107099580653339,0.25536750885765436,0.5109235622693906,0.15534244920767953,0.6062678142212282,0.5121974523297468,0.6701301536352778,0.09407036189148144,0.3987599354472161,0.018821173801595693,0.4959512626457097,0.3799387616456204,1.845943328408104,1.3343335103640617,0.38541567074821825,0.5116098180440423,1.4471833929608877,1.315512336562466,0.5182907994884596,0.1316710563984218,-0.330373126090401,-1.4417030158203556,0.48688302195146804,1.1113298897299546,-0.729133061537617,-1.4605241896219514,0.3248465542210776,0.7313911280843344,1.845943328408104,1.0392353492006796,0.6621265791288635,0.8067079792074243,198.91392822265624,193.38429870605466,5.529629516601574,253.6278533935547,239.60864448547363,14.019208908081055,54.71392517089845,46.224345779418954,8.489579391479495,252.54939824884588,218.26101861433554,34.288379634510335,383.1535339355469,336.9822204589844,46.17131347656249,130.604135686701,118.72120184464889,11.882933842052111,186.7472381591797,86.45291442871094,100.29432373046875,-65.80216008966619,-131.80810418562456,66.00594409595837,383.1535339355469,310.3504608154297,72.80307312011718
precommit_hook__review_hook_diff_history__s82346__step_06__event_02,precommit_hook__review_hook_diff_history__s82346,precommit_hook,review_hook_diff_history,6,hypothesis_revision,incorrect,high,L17_SV28,10640,97,0,100,2738,13,.,punct,punct_terminal,41,True,5,1,5,-1.0038056906090091,0.1840639625365204,0.6297119040891203,-1.1878696531455295,-0.21381819272317243,-0.15178421178994134,0.7713196945532772,-0.06203398093323109,0.7899874978858368,-0.33584817432646175,1.147109278463812,1.1258356722122986,0.2606202763117799,-0.3018747500694131,0.27977704053486996,0.562495026381193,0.7892148401445549,1.713979201337413,0.7875990144226538,-0.9247643611928582,0.5285945638327749,2.015853951406826,0.8046967573551485,-1.4872593875740512,-1.7722403633243553,-1.4733923618079294,0.45829621964098705,-0.2988480015164259,-2.032860639636135,-1.1715176117385162,0.43595776412738363,-0.8613430278976189,-0.20188868575701815,-0.10427550338209739,1.0649844892756537,-0.09761318237492077,7.582850170135498,31.75955466270447,-24.176704492568973,23.661461353302002,24.92403862476349,-1.2625772714614882,16.078611183166505,-6.8355160379409785,22.914127221107485,33.31770489432595,21.869246727770026,11.448458166555923,44.07618713378906,62.897911071777344,-18.82172393798828,10.758482239463113,41.02866434400732,-30.270182104544205,-8.057096481323242,-1.9746447563171388,-6.082451725006104,-41.37480137564919,-23.843891484087163,-17.53090989156203,23.90426254272461,25.89098310470581,-1.9867205619812012
precommit_hook__review_hook_diff_history__s82346__step_06__event_02,precommit_hook__review_hook_diff_history__s82346,precommit_hook,review_hook_diff_history,6,hypothesis_revision,incorrect,high,L18_SV30,10640,97,0,100,2738,13,.,punct,punct_terminal,41,True,5,1,5,1.049478425289537,-0.13136108941701657,0.47999685515119467,1.1808395147065536,0.505250471097497,0.16630491545768666,0.2628967798955808,0.3389455556398103,-0.5442279541920401,0.2976660048747032,0.5583638369079404,-0.8418939590667432,-0.06879141606458589,-0.28166246007966284,0.5824456294144617,0.21287104401507695,2.163436653800844,1.5159829692758455,0.07119249252952944,0.6474536845249985,2.23222806986543,1.7976454293555082,0.5826785640978799,0.4345826405099218,-0.13808699509955985,-1.5160686185424646,0.9249521830611906,1.3779816234429048,-0.06929557903497396,-1.2344061584628017,0.5932337744990357,1.1651105794278278,-0.13808699509955985,-0.7986160975307003,0.7144641800666861,0.6605291024311404,-20.662332344055176,-52.40610572814942,31.743773384094244,-35.292473554611206,-44.40413587093353,9.111662316322324,-14.63014121055603,8.001969857215881,-22.63211106777191,-50.724084160544656,-56.44656388542869,5.722479724884032,9.283513069152832,-8.121581172943115,17.40509424209595,60.00759722969749,48.32498271248557,11.682614517211917,-52.5869140625,-89.63033599853516,37.04342193603516,-1.8628299019553438,-33.183772113106464,31.32094221115112,-52.5869140625,-70.34350662231445,17.75659255981445
precommit_hook__review_hook_diff_history__s82346__step_06__event_02,precommit_hook__review_hook_diff_history__s82346,precommit_hook,review_hook_diff_history,6,hypothesis_revision,incorrect,high,L22_SV32,10640,97,0,100,2738,13,.,punct,punct_terminal,41,True,5,1,5,0.3636916405214016,0.14701808822026624,0.3325126485633707,0.21667355230113539,0.44773373743782907,0.1111229237687377,0.4836231895032854,0.3366108136690914,0.08404209691642744,-0.035895164451528586,0.5303049970522746,0.11993726136795603,0.01750101358455973,-0.050681761848399474,0.40264930917732883,0.0681827754329592,1.1076162131655503,0.9285348748876494,0.47157099000672303,0.17908133827790085,1.0901151995809906,0.9792166367360486,0.5016043740870271,0.11089856284494193,-0.8431434606636636,-1.0392821499488494,0.4218203267257385,0.19613868928518574,-0.8606444742482233,-0.9886003881004501,0.32025213927606433,0.12795591385222682,1.1076162131655503,0.5920189646143228,0.5402432465977677,0.5155972485512275,249.38458557128905,229.8304211425781,19.554164428710948,256.96914291381836,226.59098587036132,30.378157043457037,7.584557342529308,-3.2394352722167867,10.823992614746095,218.14187795465642,211.98857872702857,6.153299227627855,316.5216369628906,300.3600616455078,16.161575317382812,98.3797590082342,88.37148291847923,10.008276089754972,140.47119140625,122.7702392578125,17.700952148437494,-77.67068654840642,-89.21833946921609,11.547652920809668,316.5216369628906,269.99046936035154,46.531167602539085
precommit_hook__review_hook_diff_history__s82346__step_07__event_01,precommit_hook__review_hook_diff_history__s82346,precommit_hook,review_hook_diff_history,7,failure_diagnosis,correct,high,L17_SV28,10983,12,0,15,3121,13,.,punct,punct_terminal,33,False,5,2,3,1.557518356248928,0.04509656327539091,0.6014167582815924,1.5124217929735373,0.6734753043321915,-0.17155053711691443,0.5296418774170155,0.8450258414491059,-0.8840430519167366,-0.21664710039230534,0.5038606184859061,-0.6673959515244312,,-0.0787469399556226,0.5550654852355267,,1.6782938823380134,1.222979342643098,0.6112994448310668,0.4553145396949154,,1.3699867503852148,0.9517879032333664,,0.1077614315917497,-1.7185734406294366,0.8476586635951229,1.8263348722211863,,-1.6293863423669364,1.2121950029498691,,1.6091459391332954,0.06910103026880776,0.6669335852427438,1.5400449088644876,59.71346435546875,28.931151952743527,30.782312402725225,41.72054100036621,24.521734714508057,17.198806285858154,-17.99292335510254,-4.409417238235473,-13.583506116867067,,26.41056581518867,,62.171607971191406,52.90459365844727,9.267014312744138,,27.883332767269827,,30.20656967163086,-6.964813899993897,37.17138357162476,,-33.162891230799936,,60.76424026489258,29.419714736938477,31.3445255279541
precommit_hook__review_hook_diff_history__s82346__step_07__event_01,precommit_hook__review_hook_diff_history__s82346,precommit_hook,review_hook_diff_history,7,failure_diagnosis,correct,high,L18_SV30,10983,12,0,15,3121,13,.,punct,punct_terminal,33,False,5,2,3,0.3442994374438751,-0.22420081329398583,0.34118372300986194,0.5685002507378609,0.9724082729987891,-0.09101906021422443,0.4776822716762616,1.0634273332130135,0.628108835554914,0.13318175307976138,0.7601754617771876,0.49492708247515266,,-0.02279185187649055,0.6615195654418415,,1.8710544542832726,0.9224662212864262,0.5245460730926651,0.9485882329968464,,0.8529189613204905,1.1640358421196575,,-0.8418477519915969,-1.499654610458083,0.4215146424302589,0.6578068584664861,,-1.4547321062850067,0.7268791509050502,,0.190687557583224,0.08784260871309843,0.7744538474103888,0.10284494887012557,-39.61921997070313,-54.90185821533203,15.282638244628899,-22.734161257743835,-51.321616077423094,28.58745481967926,16.885058712959292,3.5802421379089338,13.304816575050358,,-49.48750651966442,,1.4235844612121582,-24.07672233581543,25.500306797027587,,22.928489338267934,,-71.50567626953125,-89.1890884399414,17.68341217041015,,-39.106657374988906,,-43.74867248535156,-46.51338920593262,2.764716720581056
precommit_hook__review_hook_diff_history__s82346__step_07__event_01,precommit_hook__review_hook_diff_history__s82346,precommit_hook,review_hook_diff_history,7,failure_diagnosis,correct,high,L22_SV32,10983,12,0,15,3121,13,.,punct,punct_terminal,33,False,5,2,3,0.062128212996682364,-0.09218799623587375,0.3668759862909183,0.15431620923255612,0.2790390204056732,-0.5965090730725597,0.5198758837887931,0.8755480934782329,0.21691080740899082,-0.504321076836686,0.784364341990362,0.7212318842456769,,0.024821983988499136,0.43107665671185447,,1.2773253972823129,0.8832503492224488,0.3454541315415696,0.39407504805986404,,0.7778129183281217,0.3970213119398449,,-0.46308520286510113,-2.1387048379468885,0.9818101697117424,1.6756196350817874,,-2.055555035824855,1.1004457948065172,,1.2773253972823129,-0.8876229771086056,2.0800490928808086,2.1649483743909186,222.1693542480469,208.24276054382327,13.92659370422362,241.74493026733398,162.72923498153688,79.01569528579711,19.575576019287098,-45.513525562286375,65.08910158157347,,218.80257446115667,,331.83740234375,296.2732635498047,35.56413879394529,,70.19537704641169,,174.77035522460938,23.55050621032715,151.21984901428223,,-185.50792533701116,,331.83740234375,136.45704307556153,195.38035926818847
secret_number__base__s12345__step_00__event_01,secret_number__base__s12345,secret_number,base,0,hypothesis_revision,correct,high,L17_SV28,92,91,0,94,537,13,.,punct,punct_terminal,41,True,5,5,5,0.16487902024025275,0.2287073294626713,0.5563483666514835,-0.06382830922241856,-1.2099095233279793,-0.4152642746342273,0.7097933915994565,-0.794645248693752,-1.374788543568232,-0.6439716040968988,0.8927124051728714,-0.7308169394713333,-0.5979574636083739,0.26826376953548153,0.2525043365345888,-0.8662212331438555,0.5411602361763004,1.4485580606489195,0.7963880521933576,-0.9073978244726191,1.1391176997846744,1.1802942911134378,0.7102492716108739,-0.04117659132876339,-2.11570978554274,-1.2512900017824429,0.7447161958695266,-0.8644197837602972,-1.517752321934366,-1.5195537713179244,0.8972167266698151,0.0018014493835583067,-0.4982053723908419,0.03656021818384762,0.7781774679693457,-0.5347655905746895,45.556302070617676,46.94289943695069,-1.3865973663330138,15.690585792064667,32.95334932804108,-17.26276353597641,-29.86571627855301,-13.989550108909608,-15.876166169643401,28.984547745097768,47.80221807306463,-18.817670327966862,53.73058319091797,73.44276809692383,-19.71218490600586,24.7460354458202,25.6405500238592,-0.8945145780389971,-3.986893892288208,14.791641998291016,-18.778535890579224,-32.97144163738598,-33.01057607477362,0.03913443738763789,31.151548385620117,42.76872215270996,-11.617173767089845
secret_number__base__s12345__step_00__event_01,secret_number__base__s12345,secret_number,base,0,hypothesis_revision,correct,high,L18_SV30,92,91,0,94,537,13,.,punct,punct_terminal,41,True,5,5,5,-0.017377900908942468,-0.9233369715672459,0.848248563397477,0.9059590706583035,-0.6358325094972095,-0.8940023309203855,0.37723498382528575,0.258169821423176,-0.6184546085882671,0.02933464064686031,0.6628870887409092,-0.6477892492351274,-0.7318763149411318,-0.26344324357651555,0.2008892921642634,-0.46843307136461626,0.7903977237626533,0.5052933670500266,0.46947460116765316,0.2851043567126267,1.522274038703785,0.7687366106265421,0.6676360537657966,0.7535374280772429,-1.9700024202301119,-2.016226868843895,0.7126050451757933,0.046224448613783276,-1.23812610528898,-1.7527836252673796,0.8170855068910112,0.5146575199783996,-0.8229160041392376,-1.5557767936143598,0.6420745065865477,0.7328607894751222,-39.66112594604492,-61.590466041564945,21.929340095520025,-54.631229877471924,-60.880401611328125,6.249171733856201,-14.970103931427005,0.7100644302368166,-15.68016836166382,-56.95603388006037,-45.61730074449019,-11.33873313557018,-20.108381271362305,-27.009521293640137,6.901140022277833,36.84765260869806,18.607779450850053,18.23987315784801,-86.92569732666016,-88.04459075927734,1.1188934326171847,-29.96966344659979,-42.427290014787154,12.457626568187365,-59.15970993041992,-76.89909133911132,17.7393814086914
secret_number__base__s12345__step_00__event_01,secret_number__base__s12345,secret_number,base,0,hypothesis_revision,correct,high,L22_SV32,92,91,0,94,537,13,.,punct,punct_terminal,41,True,5,5,5,-0.330600318651648,-1.0565438577271977,0.7587512199446935,0.7259435390755498,0.5374424953621681,0.039388037348442095,0.32676309829220385,0.49805445801372605,0.8680428140138161,1.09593189507564,0.661286860705721,-0.22788908106182393,-0.07177039048792007,-0.27914400377450105,0.5463986765679936,0.207373613286581,1.5834320965456066,0.9686348255542232,0.2667000120095157,0.6147972709913834,1.6552024870335267,1.2477788293287244,0.41413091979729794,0.40742365770480227,-1.7320966208052957,-2.0123444264363624,0.5210011893731575,0.28024780563106666,-1.6603262303173756,-1.7332004226618616,0.49957179351925396,0.072874192344486,1.5834320965456066,0.8514555106224805,0.2902764966448639,0.7319765859231261,138.77093315124512,78.34276420593261,60.42816894531251,211.02756881713867,169.56908435821532,41.45848445892335,72.25663566589355,91.22632015228271,-18.969684486389156,160.31616054881704,143.05420136885212,17.26195917996492,298.0966491699219,246.92039184570314,51.17625732421874,137.78048862110484,103.86619047685103,33.914298144253806,22.109167098999023,-1.2189029693603515,23.328070068359374,-138.20699344981801,-144.27310433821248,6.066110888394462,298.0966491699219,237.1662841796875,60.93036499023438
secret_number__base__s12345__step_00__event_02,secret_number__base__s12345,secret_number,base,0,strategy_selection,ambiguous,high,L17_SV28,479,478,0,481,924,13,.,punct,punct_terminal,41,True,5,5,5,-0.487301026692868,-0.40280177327079303,0.7332004178266798,-0.08449925342207498,-0.10114640040323472,-0.4759571051918442,0.26023745742658777,0.37481070478860945,0.38615462628963326,-0.07315533192105124,0.6695583559008759,0.4593099582106845,-0.12060858763999621,-0.12121773599999926,0.46581148992126314,0.0006091483600030451,0.4305580710514634,0.8738215845888291,0.8015285919581582,-0.4432635135373657,0.5511666586914596,0.9950393205888284,0.7464785671817133,-0.44387266189736874,-1.6711575281951407,-1.5161676695753712,0.573858962822075,-0.15498985861976955,-1.5505489405551445,-1.394949933575372,0.6139804696076335,-0.15559900697977258,-0.7560147162333439,-1.0270272478636904,0.493804006760504,0.27101253163034644,31.388432884216307,33.224082984924316,-1.8356501007080084,39.77720260620117,31.634866666793823,8.14233593940735,8.388769721984865,-1.589216318130493,9.977986040115358,39.354408740997314,39.34117568622936,0.013233054767951558,51.327877044677734,60.957272338867185,-9.62939529418945,11.97346830368042,21.61609665263783,-9.642628348957409,5.670497894287109,9.03747615814209,-3.36697826385498,-33.683910846710205,-30.30369952808727,-3.3802113186229334,25.550933837890625,19.66349506378174,5.887438774108887
secret_number__base__s12345__step_00__event_02,secret_number__base__s12345,secret_number,base,0,strategy_selection,ambiguous,high,L18_SV30,479,478,0,481,924,13,.,punct,punct_terminal,41,True,5,5,5,0.4885139823240604,0.08881802348541734,0.3849059958495843,0.39969595883864306,0.6252362390255836,0.3309254481924019,0.7169934922674548,0.2943107908331817,0.13672225670152316,0.24210742470698454,0.6450473062853833,-0.10538516800546138,0.23403316502583235,0.4681860726154355,0.15659848065873141,-0.23415290758960314,0.8595810880350003,1.6380340422061006,0.800226074769183,-0.7784529541711003,0.625547923009168,1.1698479695906652,0.649979961626145,-0.5443000465814972,-1.0086957330698787,-0.9594831211327515,0.5924292769820262,-0.049212611937127226,-1.242728898095711,-1.427669193748187,0.4401161350235123,0.18494029565247594,0.49997704138377236,-0.14552049649920823,0.7941457273852934,0.6454975378829806,-27.415677428245544,-37.09058317184448,9.674905743598934,-24.106224536895752,-31.23021240234375,7.123987865447997,3.3094528913497925,5.860370769500731,-2.5509178781509387,-33.57555437088013,-27.907727963274176,-5.667826407605951,-18.433752059936523,0.40921792984008787,-18.842969989776613,15.141802310943604,28.31694589311427,-13.175143582170666,-63.65663146972656,-62.46540756225586,-1.1912239074707003,-30.081077098846436,-34.55767959898168,4.476602500135243,-27.138206481933594,-42.762902450561526,15.624695968627933
secret_number__base__s12345__step_00__event_02,secret_number__base__s12345,secret_number,base,0,strategy_selection,ambiguous,high,L22_SV32,479,478,0,481,924,13,.,punct,punct_terminal,41,True,5,5,5,-1.372016583512234,0.022142329284161898,0.3677769726319242,-1.3941589127963958,-0.1637188969188848,-0.13824878483401534,0.4295448302072575,-0.025470112084869462,1.2082976865933492,-0.16039111411817725,0.7513435621696722,1.3686888007115265,0.10456949030129764,0.14426879465064163,0.3468985429743052,-0.03969930434934399,2.322690004058621,1.6149942910160124,0.32636999991229804,0.7076957130426087,2.2181205137573237,1.4707254963653706,0.28636156092502796,0.747395017391953,-2.2222553723481053,-1.9928511137890144,0.40927693671437904,-0.22940425855909097,-2.326824862649403,-2.1371199084396557,0.2745750085209196,-0.1897049542097471,2.322690004058621,1.420014475773473,0.6337285276304666,0.9026755282851482,52.08254127502441,168.1335366821289,-116.05099540710448,152.66228723526,154.7824414253235,-2.120154190063488,100.5797459602356,-13.351095256805422,113.93084121704102,174.99484495683149,178.29944943514735,-3.3046044783158663,359.63311767578125,300.7239135742187,58.90920410156252,184.63827271894976,122.42446413907139,62.213808579878375,-18.69207191467285,0.4037372589111328,-19.095809173583984,-193.68691687150434,-177.89571217623623,-15.791204695268107,359.63311767578125,284.4936248779297,75.13949279785157
secret_number__base__s12346__step_00__event_01,secret_number__base__s12346,secret_number,base,0,intermediate_result,incorrect,high,L17_SV28,1112,158,0,161,604,364,".

",punct,punct_terminal,41,True,5,5,2,0.026997220342389338,0.03551660373538028,0.6372297973380449,-0.00851938339299094,0.002152740430074504,-0.8658063547336983,0.9017364180703403,0.8679590951637728,-0.024844479912314834,-0.9013229584690787,0.7719324250877578,0.8764784785567639,-0.8088338954912178,-0.21622245385093528,1.0930707704153466,-0.5926114416402825,1.2705990223527917,1.53553497768729,0.8158012318366819,-0.2649359553344983,2.0794329178440094,1.7517574315382252,0.8152469502948374,0.32767548630578425,-0.8552258146666291,-2.2886109081981685,0.8781444602325377,1.4333850935315393,-0.0463919191754113,-2.072388454347233,1.6339483196712326,2.0259965351718217,-0.4209500623310016,-1.0654535854467635,0.6529996853815399,0.6445035231157619,42.83587875366211,42.99676604032516,-0.16088728666305485,42.36669445037842,25.975416195392608,16.39127825498581,-0.46918430328369,-17.02134984493255,16.55216554164886,27.05133260380138,38.242711426995015,-11.191378823193634,66.32111358642578,71.3243896484375,-5.003276062011722,39.2697809826244,33.08167822144248,6.188102761181916,26.175228118896484,-0.8940359115600586,27.069264030456544,-0.8761044849048965,-39.136747338555075,38.26064285365018,34.376461029052734,22.205107975006104,12.17135305404663
secret_number__base__s12346__step_00__event_01,secret_number__base__s12346,secret_number,base,0,intermediate_result,incorrect,high,L18_SV30,1112,158,0,161,604,364,".

",punct,punct_terminal,41,True,5,5,2,-0.5008103304040542,-0.003255252916916196,0.30663831966635796,-0.497555077487138,1.5210776078163963,-0.03361365796143177,0.272175047748278,1.554691265777828,2.0218879382204507,-0.030358405044515573,0.5454984602495133,2.052246343264966,-0.689423498938598,-0.17981487342259747,0.6963796500599346,-0.5096086255160005,1.9363100319438815,1.5718593278647244,0.28764755175315854,0.36445070407915714,2.6257335308824796,1.7516742012873217,0.6888906064993442,0.874059329595158,-0.48101045888415167,-1.524283371173754,0.4214259157937155,1.0432729122896023,0.20841304005444633,-1.3444684977511563,0.917242537328111,1.5528815378056027,1.6902290163049243,-0.5739393860310089,0.4037742154509687,2.264168402335933,-51.41221227645874,-38.76325390338898,-12.64895837306976,-0.011317133903503418,-39.5350321829319,39.5237150490284,51.400895142555235,-0.7717782795429244,52.17267342209816,-56.20717915621671,-43.25179274298928,-12.95538641322743,10.544816017150879,1.2796673059463501,9.265148711204528,66.75199517336759,44.53146004893563,22.22053512443196,-50.90885543823242,-77.4311767578125,26.522321319580072,5.298323717984289,-34.17938401482322,39.47770773280751,4.288888454437256,-53.27131576538086,57.56020421981812
secret_number__base__s12346__step_00__event_01,secret_number__base__s12346,secret_number,base,0,intermediate_result,incorrect,high,L22_SV32,1112,158,0,161,604,364,".

",punct,punct_terminal,41,True,5,5,2,-0.36071233893619203,-0.07579680214537987,0.7585894306954423,-0.28491553679081216,-0.3554550655276111,0.2442008533689223,0.6231693609996817,-0.5996559188965334,0.005257273408580954,0.31999765551430215,0.7635509586114051,-0.3147403821057212,-0.6892279778541387,-0.34020061940084617,0.5913501483655833,-0.3490273584532925,1.8863338625847645,1.0541084128813136,0.3190735890018208,0.8322254497034509,2.5755618404389033,1.3943090322821596,0.8727570024008776,1.1812528081567437,-1.7893595179258417,-1.377966840005629,0.8826309684688286,-0.4113926779202126,-1.100131540071703,-1.0377662206047826,1.24559411255046,-0.06236531946692048,0.08048220507795759,0.7792372098973115,0.6103602390120264,-0.6987550048193539,113.43515586853027,139.10721740722659,-25.672061538696312,113.90885782241821,167.9403221130371,-54.031464290618885,0.47370195388793945,28.83310470581055,-28.35940275192261,83.83454582907937,115.28334615013816,-31.448800321058783,315.90325927734375,240.91632385253905,74.9869354248047,232.06871344826436,125.63297770240092,106.43573574586344,-15.291830062866211,21.77634201049805,-37.06817207336426,-99.12637589194559,-93.5070041396401,-5.619371752305483,153.1885986328125,216.14929809570313,-62.96069946289063
secret_number__base__s12346__step_00__event_02,secret_number__base__s12346,secret_number,base,0,strategy_selection,incorrect,high,L17_SV28,1341,387,0,390,833,364,".

",punct,punct_terminal,36,False,5,4,2,-0.14204182222149395,0.385749148114627,0.27789245460928325,-0.527790970336121,-0.5653302205074149,-0.5517916659140913,0.8440605651399788,-0.013538554593323537,-0.4232883982859209,-0.9375408140287183,1.0792830925577157,0.5142524157427973,0.24604190744457607,-0.17287534969716575,0.6573177878030508,0.41891725714174183,1.5388007155728702,1.4314754775830747,0.6010952640189381,0.10732523798979554,1.2927588081282941,1.6043508272802405,0.8344510802707291,-0.31159201915194634,-1.8714383753303734,-2.0020651309594415,1.084750624314742,0.13062675562906811,-2.1174802827749493,-1.8291897812622757,1.42070441473361,-0.28829050151267355,0.08098079354867793,-0.8420002953419885,0.6486489507440915,0.9229810888906664,39.64360160827637,49.61085548400879,-9.967253875732418,31.649863243103027,31.905536830425262,-0.2556735873222351,-7.993738365173343,-17.705318653583525,9.711580288410183,46.972505049272016,39.06131503365257,7.911190015619447,71.38606262207031,69.3592414855957,2.0268211364746094,24.413557572798297,30.297926451943134,-5.884368879144837,6.98420524597168,4.517338418960572,2.466866827011108,-39.988299803300336,-34.543976614692,-5.444323188608337,43.855350494384766,26.424990081787108,17.430360412597658
secret_number__base__s12346__step_00__event_02,secret_number__base__s12346,secret_number,base,0,strategy_selection,incorrect,high,L18_SV30,1341,387,0,390,833,364,".

",punct,punct_terminal,36,False,5,4,2,0.020039090752307503,0.04726067509100137,0.348284764175754,-0.027221584338693865,0.8253807361900215,0.042293122052159494,0.45403673584231663,0.783087614137862,0.805341645437714,-0.004967553038841865,0.6880482553988491,0.8103091984765559,0.4227690151160661,-0.3527082207854583,0.5930180448780976,0.7754772359015245,1.2653812640564488,1.4129034345082387,0.3843948460541766,-0.14752217045178995,0.8426122489403827,1.7656116552936971,0.6767508017663971,-0.9229994063533145,-1.9386563828870094,-1.3387707002275744,0.5067636687567386,-0.599885682659435,-2.3614253980030755,-0.986062479442116,0.8277240598427581,-1.3753629185609595,1.2653812640564488,-0.4798023471785024,0.668230727046522,1.7451836112349512,-38.17105979919434,-37.479026489257805,-0.6920333099365337,-17.697481274604797,-37.60531275272369,19.907831478118894,20.47357852458954,-0.12628626346588162,20.599864788055424,-27.932768041437324,-47.647126752679995,19.71435871124267,-6.511687755584717,-2.7613455772399904,-3.7503421783447264,21.421080285852607,44.88578117544001,-23.4647008895874,-87.96546173095703,-72.71503143310547,-15.250430297851565,-60.032693689519704,-25.06790468042547,-34.96478900909423,-6.511687755584717,-50.878142547607425,44.36645479202271
secret_number__base__s12346__step_00__event_02,secret_number__base__s12346,secret_number,base,0,strategy_selection,incorrect,high,L22_SV32,1341,387,0,390,833,364,".

",punct,punct_terminal,36,False,5,4,2,-0.8532977393198266,0.3025900024321658,0.6250838615691123,-1.1558877417519924,0.024045848015487814,0.3508289612839105,0.3062747069216509,-0.3267831132684227,0.8773435873353144,0.04823895885174465,0.4753430395220986,0.8291046284835697,-0.5016013824678907,0.27330536220154994,0.0744068647531622,-0.7749067446694407,0.8741426477930031,1.3496989541309388,0.7271419150171218,-0.47555630633793566,1.3757440302608939,1.0763935919293888,0.7540864904250905,0.2993504383315051,-1.3391580422272114,-1.3747185893685971,0.5094921965964164,0.03556054714138579,-0.8375566597593207,-1.648023951570147,0.4989216916847239,0.8104672918108262,-0.6982132832590804,0.7901030378883247,0.6655406325468207,-1.488316321147405,69.05118560791016,173.20142456054685,-104.1502389526367,148.10345077514648,177.5479531288147,-29.444502353668213,79.05226516723633,4.346528568267823,74.7057365989685,100.74047366055575,170.56275804693047,-69.82228438637472,224.70066833496094,267.5502471923828,-42.849578857421875,123.96019467440519,96.98748914545233,26.972705528952858,25.273174285888672,22.069022750854494,3.2041515350341783,-75.46729937466708,-148.49373529607595,73.02643592140888,83.02493286132812,217.12835388183595,-134.10342102050782
secret_number__commands_reviewed__s22345__step_00__event_01,secret_number__commands_reviewed__s22345,secret_number,commands_reviewed,0,constraint_discovery,correct,high,L17_SV28,2125,67,0,70,558,13,.,punct,punct_terminal,41,True,5,5,5,0.6225163909798872,0.03561340980688273,0.2957950069695923,0.5869029811730044,-0.953830418900431,0.2658940684703042,0.5805699150928861,-1.2197244873707351,-1.5763468098803182,0.23028065866342148,0.6380137186962624,-1.8066274685437396,0.7124699901607308,-0.19610869969480635,0.09368467498519725,0.9085786898555371,0.8241930126700722,1.3345176611578686,0.17879689056444525,-0.5103246484877965,0.11172302250934141,1.5306263608526751,0.13032050363954528,-1.4189033383433336,-1.797594956004849,-1.6357761184842161,0.20136485892883274,-0.16181883752063286,-2.5100649461655795,-1.4396674187894098,0.27373793274669495,-1.0703975273761697,-0.6358886589348375,0.5868271344435542,0.873715105343184,-1.2227157933783916,55.95559997558594,43.130865215063096,12.824734760522844,21.509992480278015,48.162852549552916,-26.6528600692749,-34.445607495307925,5.0319873344898225,-39.477594829797745,57.92122476751154,38.06737995797937,19.85384480953217,60.362545013427734,71.51392517089843,-11.151380157470697,2.441320245916195,33.44654521291907,-31.005224967002874,3.072436809539795,6.608427828550338,-3.5359910190105435,-54.848787957971744,-31.458952129429036,-23.389835828542708,28.457509994506836,55.17573471069336,-26.718224716186526
secret_number__commands_reviewed__s22345__step_00__event_01,secret_number__commands_reviewed__s22345,secret_number,commands_reviewed,0,constraint_discovery,correct,high,L18_SV30,2125,67,0,70,558,13,.,punct,punct_terminal,41,True,5,5,5,0.09455398878452963,-0.22624433820787435,0.5544595191419864,0.32079832699240396,-0.4977198829719921,-0.08002081374864553,0.5297416884065466,-0.41769906922334654,-0.5922738717565217,0.1462235244592288,0.4500300526544876,-0.7384973962157505,-0.5071967250161697,-0.32847039982304727,0.4366005644542339,-0.17872632519312248,1.5474016002023039,1.3549713756259802,0.5352491161897006,0.19243022457632364,2.054598325218474,1.6834417754490274,0.8517899652884188,0.37115654976944645,-1.6925019092766393,-1.4349335306225446,0.8056774474036279,-0.25756837865409477,-1.1853051842604696,-1.1064631307994974,1.1129453907062272,-0.07884205346097217,-0.7652708381951462,-0.8422415178099637,0.5400937199286816,0.07697067961481752,-35.41350193023682,-44.264796524047846,8.851294593811026,-51.75520348548889,-40.230275821685794,-11.524927663803098,-16.341701555252072,4.0345207023620615,-20.376222257614135,-52.01668340509588,-47.08536293723366,-4.931320467862221,4.672686576843262,-0.636744499206543,5.309431076049805,56.689369981939144,46.44861843802712,10.240751543912026,-84.72098541259766,-77.61429748535156,-7.106687927246099,-32.704302007501774,-30.5289345481179,-2.1753674593838745,-59.137325286865234,-61.26105880737305,2.1237335205078125
secret_number__commands_reviewed__s22345__step_00__event_01,secret_number__commands_reviewed__s22345,secret_number,commands_reviewed,0,constraint_discovery,correct,high,L22_SV32,2125,67,0,70,558,13,.,punct,punct_terminal,41,True,5,5,5,1.0513301308399594,-0.7747106419659369,0.958045293448756,1.8260407728058963,0.7528389761737914,-0.06221539270247589,0.3243910882176637,0.8150543688762673,-0.29849115466616805,0.7124952492634609,0.8283128192042563,-1.0109864039296288,0.2500146584110699,-0.8788126946319934,0.42849113861788324,1.1288273530430633,1.7557356099875956,0.8724677663389746,0.5373757616289954,0.883267843648621,1.5057209515765257,1.7512804609709682,0.6766342800222922,-0.2455595093944425,-0.27048720037526575,-1.663847375206359,1.4000563821790852,1.393360174831093,-0.5205018587863357,-0.7850346805743653,1.5618504159756743,0.2645328217880296,1.7557356099875956,0.3110701615011887,0.795602970378776,1.4446654484864068,245.49923400878907,71.86674114227296,173.63249286651612,217.11664581298828,139.61568088531493,77.50096492767335,-28.382588195800793,67.748939743042,-96.1315279388428,169.3046576760032,61.96800329034979,107.33665438565339,312.47894287109375,228.4917724609375,83.98717041015624,143.17428519509056,166.5237691705877,-23.34948397549715,119.811767578125,-12.678483581542968,132.49025115966796,-49.49289009787819,-74.64648687189276,25.153596774014574,312.47894287109375,175.11023406982423,137.36870880126952
secret_number__commands_reviewed__s22345__step_00__event_02,secret_number__commands_reviewed__s22345,secret_number,commands_reviewed,0,strategy_selection,incorrect,high,L17_SV28,2162,104,0,107,595,13,.,punct,punct_terminal,41,True,5,5,5,0.23662135770784412,-0.2065974080250268,0.4397921028791693,0.4432187657328709,-0.15562775353000421,0.30110464045514207,0.5281379422329044,-0.4567323939851463,-0.39224911123784834,0.507702048480169,0.2652668637838916,-0.8999511597180173,0.7735900322798887,-0.2632954807374436,0.19571745194745563,1.0368855130173322,1.0532400856396131,1.1410044395085372,0.566121322280012,-0.08776435386892412,0.2796500533597245,1.4042999202459812,0.3870578357478137,-1.1246498668862568,-0.8349345995614316,-1.5511923692593261,0.3643618486028423,0.7162577696978946,-1.6085246318413202,-1.2878968885218822,0.5541597520271715,-0.320627743319438,-0.0008262557716385236,0.7091300619218777,0.7210748853998374,-0.7099563176935162,47.52319869995117,37.83818551421165,9.685013185739521,38.951951026916504,48.93225781917572,-9.980306792259213,-8.57124767303467,11.094072304964065,-19.665319977998735,59.25679189508612,36.599245233969256,22.65754666111686,65.3675765991211,67.2853630065918,-1.9177864074707003,6.110784704034977,30.686117772622545,-24.575333068587568,24.108049392700195,8.45671312212944,15.651336270570756,-35.14874250238592,-28.142532111839813,-7.006210390546109,42.33460235595703,57.8482421875,-15.513639831542967
secret_number__commands_reviewed__s22345__step_00__event_02,secret_number__commands_reviewed__s22345,secret_number,commands_reviewed,0,strategy_selection,incorrect,high,L18_SV30,2162,104,0,107,595,13,.,punct,punct_terminal,41,True,5,5,5,0.39759077400583887,-0.30354038500387726,0.5853735901386777,0.7011311590097161,0.18772159035485708,0.061598158358410905,0.4656002551282335,0.12612343199644618,-0.20986918365098178,0.3651385433622881,0.4512598807277176,-0.5750077270132699,-0.21778277345574307,-0.14185719816936132,0.2307523060470112,-0.07592557528638175,1.4511296817983885,1.3789925960340512,0.5566298890304078,0.0721370857643373,1.6689124552541317,1.5208497942034125,0.6692080157504362,0.1480626610507192,-0.2225393669517482,-1.351615525390401,0.8400132274433455,1.1290761584386528,-0.004756593496005129,-1.2097583272210397,1.0452526819593275,1.2050017337250345,-0.19084034461743804,-0.8660262160092719,0.5400994918434804,0.6751858713918338,-27.052274227142334,-46.39750740051269,19.345233173370353,-32.84287166595459,-36.322801446914674,3.4799297809600844,-5.790597438812256,10.074705953598023,-15.86530339241028,-44.031329588456586,-41.936432023481885,-2.0948975649747013,2.0164036750793457,0.02603607177734375,1.990367603302002,46.04773326353593,41.96246809525923,4.085265168276699,-44.16257095336914,-75.31543197631837,31.152861022949224,-0.13124136491255456,-33.37899995283647,33.24775858792392,-43.28794860839844,-61.91731338500976,18.629364776611325
secret_number__commands_reviewed__s22345__step_00__event_02,secret_number__commands_reviewed__s22345,secret_number,commands_reviewed,0,strategy_selection,incorrect,high,L22_SV32,2162,104,0,107,595,13,.,punct,punct_terminal,41,True,5,5,5,-0.2660460707849365,-0.9151061901375336,0.8066797837860303,0.6490601193525971,-0.36723419288880277,-0.25781665022419814,0.148341745328833,-0.10941754266460463,-0.1011881221038663,0.6572895399133355,0.8761554544704325,-0.7584776620172018,-0.5796513382645524,-0.7619399117809216,0.6074634934134682,0.18228857351636918,0.13304910408531276,0.570435008445912,0.3622097981076405,-0.4373859043605992,0.7127004423498652,1.3323749202268336,0.9507023129974985,-0.6196744778769684,-1.403041791683698,-1.87169129405073,1.1982424735005668,0.46864950236703207,-0.8233904534191455,-1.1097513822698084,1.4612579835015174,0.2863609288506629,0.13304910408531276,-0.0830992259386021,0.23603079969543359,0.21614833002391487,120.23406066894532,58.516968574523936,61.71709209442138,110.6123993396759,121.01657047271729,-10.404171133041388,-9.621661329269415,62.499601898193376,-72.12126322746279,90.41431886499578,73.08106984225188,17.3332490227439,158.18276977539062,199.77242431640624,-41.58965454101562,67.76845091039485,126.6913544741544,-58.92290356375955,12.120701789855957,-32.44171028137207,44.562412071228025,-78.29361707513982,-105.52278012362392,27.229163048484097,158.18276977539062,137.6299026489258,20.552867126464832
secret_number__commands_reviewed__s22345__step_00__event_03,secret_number__commands_reviewed__s22345,secret_number,commands_reviewed,0,hypothesis_revision,correct,high,L17_SV28,2285,227,0,230,718,13,.,punct,punct_terminal,41,True,5,5,5,-0.21121246521295092,-0.3431836099651413,0.3562284684260217,0.13197114475219038,-1.0216473433109814,0.16443166245593463,0.7523971069255341,-1.186079005766916,-0.8104348780980305,0.507615272421076,0.9168163526655542,-1.3180501505191065,-0.11171803923307425,-0.30453253839852207,0.5892580336650971,0.19281449916544782,0.28042139787058523,1.1968583869750906,0.4369464641861935,-0.9164369891045054,0.3921394371036595,1.5013909253736126,0.6690622966319026,-1.1092514882699531,-2.062805743204439,-1.384746286110678,0.3254233948408644,-0.6780594570937608,-1.9510877039713646,-1.0802137477121558,0.5354553701123401,-0.8708739562592087,-0.9058425501087543,0.4414003926285587,0.5733584162406101,-1.347242942737313,37.737339401245116,34.85356647491456,2.8837729263305576,20.0280881524086,45.94574258923531,-25.91765443682671,-17.709251248836516,11.092176114320754,-28.80142736315727,39.911445964466445,35.69815196340734,4.213294001059104,48.48029708862305,68.5058578491211,-20.025560760498053,8.568851124156602,32.80770588571376,-24.238854761557157,-2.722827672958374,12.093816590309142,-14.816644263267516,-42.63427363742482,-23.6043353730982,-19.02993826432662,22.55860137939453,51.9979362487793,-29.439334869384766
secret_number__commands_reviewed__s22345__step_00__event_03,secret_number__commands_reviewed__s22345,secret_number,commands_reviewed,0,hypothesis_revision,correct,high,L18_SV30,2285,227,0,230,718,13,.,punct,punct_terminal,41,True,5,5,5,-0.3452539325515877,0.3796740110356276,0.19998757383870003,-0.7249279435872154,-0.6453835269748218,0.4866968227658381,0.8840635179804296,-1.13208034974066,-0.3001295944232341,0.10702281173021042,0.8283161369553276,-0.4071524061534445,-0.468072351363419,0.16488838893847393,0.5458472748593111,-0.632960740301893,1.690587852524537,1.7600278696318938,0.6416343194064842,-0.06944001710735681,2.158660203887956,1.5951394806934196,0.8817874992176378,0.5635207231945365,-1.050401938243688,-0.8932820910555519,0.4933493381619692,-0.1571198471881361,-0.5823295868802689,-1.058170479994026,0.9123984133827546,0.475840893113757,-0.970591194789971,-0.582373160283393,0.7488024392622802,-0.388218034506578,-47.54844512939453,-27.54662389755249,-20.00182123184204,-55.82945919036865,-24.593708139657974,-31.23575105071068,-8.281014060974123,2.952915757894517,-11.233929818868639,-50.937184767289594,-33.47287305701863,-17.464311710270962,8.623404502868652,10.53935604095459,-1.9159515380859382,59.560589270158246,44.01222909797322,15.548360172185028,-67.00450897216797,-62.669342803955075,-4.3351661682128935,-16.067324204878375,-29.19646974693645,13.129145542058076,-64.80241394042969,-54.090911102294925,-10.711502838134763
secret_number__commands_reviewed__s22345__step_00__event_03,secret_number__commands_reviewed__s22345,secret_number,commands_reviewed,0,hypothesis_revision,correct,high,L22_SV32,2285,227,0,230,718,13,.,punct,punct_terminal,41,True,5,5,5,-0.15554114659602075,-0.7170927232113945,0.19861111830079406,0.5615515766153738,-0.06672819113911488,-0.1664720492876684,0.32168895227836325,0.09974385814855352,0.08881295545690587,0.550620673923726,0.2044499584487523,-0.46180771846682017,-1.673678699308696,-0.4994881635022906,0.27243579370174387,-1.1741905358064055,1.0268596117459996,1.2619060190070968,0.8801767494991037,-0.23504640726109716,2.7005383110546957,1.7613941825093875,0.7486071859310276,0.9391441285453082,-1.4758921639862739,-1.9104817818059345,0.6154109325941419,0.43458961781966066,0.19778653532242219,-1.410993618303644,0.7831209554488,1.6087801536260662,1.0022855560523274,0.5538853922685729,0.8808484880057408,0.44840016378375447,130.74162750244142,77.34544841766358,53.39617908477784,139.18657302856445,129.702242231369,9.48433079719544,8.444945526123036,52.35679381370544,-43.9118482875824,-13.61331337148493,98.03678385994651,-111.65009723143145,243.1724090576172,265.52223510742186,-22.349826049804676,256.7857224291021,167.4854512474754,89.30027118162673,5.1935882568359375,-36.13017616271973,41.323764419555665,18.806901628320865,-134.16696002266622,152.9738616509871,240.8357391357422,198.1987731933594,42.6369659423828
secret_number__commands_reviewed__s22346__step_00__event_01,secret_number__commands_reviewed__s22346,secret_number,commands_reviewed,0,hypothesis_revision,incorrect,high,L17_SV28,2911,235,0,238,726,30,?,punct,punct_terminal,41,True,5,5,5,-0.38860967443352096,-0.19988405831482942,1.1072401511006766,-0.18872561611869154,-0.21004717201260253,-0.4657449007482996,0.7205347577129214,0.25569772873569707,0.17856250242091842,-0.2658608424334702,1.3295991277200594,0.4444233448543886,-0.15390656633831645,-0.10463551902497852,0.5683162561031359,-0.04927104731333794,2.333976027092445,1.1654802534634296,1.1322456104054965,1.1684957736290154,2.4878825934307613,1.2701157724884082,1.0249554712547941,1.2177668209423531,-1.918791219012748,-1.5747318472257843,0.5712621926818776,-0.3440593717869638,-1.7648846526744317,-1.470096328200806,0.5884632062931582,-0.2947883244736258,-1.2080925837569936,-1.2940765767036517,0.2925946110920088,0.08598399294665815,28.215757751464842,32.651725978851324,-4.435968227386482,32.412843465805054,26.402705447375773,6.010138018429281,4.197085714340211,-6.249020531475545,10.446106245815756,33.732420257546686,34.89052907661958,-1.1581088190728934,92.2097396850586,64.74441604614258,27.46532363891602,58.47731942751191,29.853886969522996,28.623432457988912,-7.750937461853027,0.33612815737724305,-8.08706561923027,-41.48335771939971,-34.55440091924233,-6.92895680015738,8.953930854797363,6.932889574766159,2.021041280031204
secret_number__commands_reviewed__s22346__step_00__event_01,secret_number__commands_reviewed__s22346,secret_number,commands_reviewed,0,hypothesis_revision,incorrect,high,L18_SV30,2911,235,0,238,726,30,?,punct,punct_terminal,41,True,5,5,5,-0.5265739620351794,-0.42567210986210463,0.6528003449630391,-0.10090185217307474,0.26975488128237873,-0.31467553697963363,0.4821669805922783,0.5844304182620124,0.7963288433175582,0.11099657288247103,0.7247622498887226,0.6853322704350872,-0.41006922682306685,-0.08272493981796174,0.43662448945513627,-0.3273442870051051,2.065004634372029,1.0679138347877288,0.6959410845532886,0.9970907995843004,2.475073861195096,1.1506387746056905,0.6980739838418805,1.3244350865894057,-2.3025325876695675,-2.0284433378633913,0.4162971118787039,-0.2740892498061762,-1.8924633608465007,-1.9457183980454296,0.535193206617186,0.05325503719892888,-1.0947197534899162,-1.2067022599181865,0.6386530057128634,0.11198250642827023,-51.084446334838866,-48.50722929954528,-2.577217035293586,-30.744757652282715,-45.67217471599579,14.927417063713072,20.33968868255615,2.8350545835495007,17.50463409900665,-48.10870325565338,-39.747734108838166,-8.360969146815215,15.109189987182617,-10.35832462310791,25.46751461029053,63.217893242836,29.389409485730255,33.828483757105744,-96.44566345214844,-89.4449249267578,-7.000738525390631,-48.336960196495056,-49.69719081791965,1.3602306214245914,-65.5959243774414,-68.45616149902344,2.8602371215820312
secret_number__commands_reviewed__s22346__step_00__event_01,secret_number__commands_reviewed__s22346,secret_number,commands_reviewed,0,hypothesis_revision,incorrect,high,L22_SV32,2911,235,0,238,726,30,?,punct,punct_terminal,41,True,5,5,5,0.9357908391839539,-0.15902542409852918,0.19749607917551437,1.0948162632824832,0.6067945563200653,0.4794682313077702,0.511389592364354,0.12732632501229507,-0.3289962828638886,0.6384936554062993,0.4975617829337808,-0.9674899382701879,0.6417535254145093,-0.11619723308717378,0.585000647596219,0.757950758501683,1.6272343763865518,1.3560562035760781,0.6712911384033113,0.27117817281047363,0.9854808509720425,1.4722534366632518,0.830178831841397,-0.4867725856912093,-0.9898215957097751,-1.6440392854600696,0.30537434123979984,0.6542176897502945,-1.6315751211242844,-1.5278420523728962,0.5154659908772323,-0.10373306875138821,1.5593071074872236,1.2149394263249995,0.7790236349679507,0.34436768116222405,248.53313903808595,139.6344111442566,108.89872789382935,215.80867385864258,203.14383201599122,12.664841842651356,-32.72446517944337,63.509420871734605,-96.23388605117798,219.2859580300071,143.89442780234597,75.39153022766112,317.3093566894531,290.33591918945314,26.97343749999999,98.02339865944603,146.44149138710716,-48.41809272766113,56.99712371826172,-8.07632884979248,65.0734525680542,-162.28883431174538,-151.97075665213845,-10.318077659606928,310.55279541015625,276.29937438964845,34.2534210205078
secret_number__commands_reviewed__s22346__step_00__event_02,secret_number__commands_reviewed__s22346,secret_number,commands_reviewed,0,strategy_selection,incorrect,high,L17_SV28,3473,797,0,800,1288,13,.,punct,punct_terminal,41,True,5,5,5,-0.10750522682484176,0.386836572563212,0.5824355339250852,-0.4943417993880538,-0.9435491090867616,-0.06831439517410373,0.4278450751867765,-0.8752347139126578,-0.8360438822619198,-0.4551509677373158,0.6541961902452422,-0.38089291452460405,0.5256853564734711,0.29105460824812274,0.4380068766719772,0.2346307482253484,0.2558096108692915,1.215045007781914,0.20524956282954004,-0.9592353969126224,-0.26987574560417965,0.9239903995337911,0.2682214285744746,-1.1938661451379708,-1.669573783072731,-1.090839978422035,0.36670921555379843,-0.578733804650696,-2.195259139546202,-1.381894586670158,0.40510848703831437,-0.8133645528760443,-0.5105145675289742,-0.4942431725039797,0.38837414981438745,-0.016271395024994473,34.823077011108396,46.44250928878784,-11.619432277679444,15.171986848115921,35.744251823425294,-20.572264975309373,-19.651090162992475,-10.698257465362548,-8.952832697629926,49.706129811026834,44.19116811318831,5.5149616978385225,43.36273956298828,65.90942840576172,-22.546688842773435,-6.343390248038553,21.71826029257341,-28.061650540611964,-1.8931177854537964,11.709936332702636,-13.603054118156432,-51.59924759648063,-32.48123178048567,-19.11801581599496,25.350400924682617,25.732857704162598,-0.38245677947998047
secret_number__commands_reviewed__s22346__step_00__event_02,secret_number__commands_reviewed__s22346,secret_number,commands_reviewed,0,strategy_selection,incorrect,high,L18_SV30,3473,797,0,800,1288,13,.,punct,punct_terminal,41,True,5,5,5,0.10888468229246162,0.4386386793175716,0.2676194779453968,-0.32975399702511,0.010259510342409978,-0.0614254007202367,0.6940028959214379,0.07168491106264668,-0.09862517195005165,-0.5000640800378083,0.7849533199222981,0.4014389080877567,0.3364297567900083,0.3700102242258832,0.11179155173943295,-0.033580467435874894,1.221366402843496,1.4733791135438254,0.5185250796010061,-0.2520127107003294,0.8849366460534878,1.1033688893179423,0.6120231182591455,-0.21843224326445454,-1.8339580677373182,-0.9596171699042942,0.27154147133495077,-0.8743408978330239,-2.1703878245273263,-1.3296273941301773,0.20191331964857326,-0.840760430397149,-0.298401715719402,-0.6148448268101008,0.36440730085973083,0.3164431110906988,-34.85367546081543,-26.431157932281497,-8.422517528533934,-37.37274193763733,-39.20370509624481,1.8309631586074815,-2.519066476821898,-12.772547163963317,10.253480687141419,-29.04175992445512,-28.18405363993211,-0.8577062845230117,-6.43886661529541,-0.0020030975341796876,-6.43686351776123,22.60289330915971,28.182050542397928,-5.579157233238217,-84.4774169921875,-62.14515838623047,-22.33225860595703,-55.43565706773238,-33.96110474629836,-21.474552321434018,-45.25651168823242,-53.33904495239258,8.082533264160155
secret_number__commands_reviewed__s22346__step_00__event_02,secret_number__commands_reviewed__s22346,secret_number,commands_reviewed,0,strategy_selection,incorrect,high,L22_SV32,3473,797,0,800,1288,13,.,punct,punct_terminal,41,True,5,5,5,0.06251038222677985,0.5350670417669859,0.4392436052608777,-0.4725566595402061,-0.09550808013563584,0.2061153703154334,0.43377442502080094,-0.30162345045106925,-0.15801846236241568,-0.32895167145155246,0.5392447433564883,0.17093320908913678,0.6841606071720746,-0.0430865365448423,0.3092466672016784,0.7272471437169169,0.8370215975865644,2.0879944858409165,0.5007474030025068,-1.2509728882543523,0.15286099041448975,2.131081022385759,0.7199035948410286,-1.9782200319712693,-1.5735034751215726,-1.5089510517897602,0.9279811403645354,-0.06455242333181244,-2.257664082293647,-1.4658645152449177,1.1455389562210374,-0.7917995670487294,0.8370215975865644,1.526586081322914,0.5195528204319453,-0.6895644837363496,161.6700424194336,208.67411132812498,-47.00406890869138,145.95232784748077,175.95408353805541,-30.00175569057464,-15.717714571952826,-32.72002779006958,17.002313218116754,223.5040879683061,151.16657210263338,72.33751586567271,238.70880126953125,363.1400512695312,-124.43124999999998,15.204713301225155,211.97347916689787,-196.76876586567272,-1.0603022575378418,5.3605712890625,-6.420873546600342,-224.56439022584394,-145.80600081357088,-78.75838941227306,238.70880126953125,307.29811401367186,-68.58931274414061
secret_number__commands_reviewed__s22346__step_03__event_01,secret_number__commands_reviewed__s22346,secret_number,commands_reviewed,3,conclusion,incorrect,high,L17_SV28,4404,7,0,10,2351,13,.,punct,punct_terminal,14,False,5,0,3,0.005416189457285603,0.1975006035492462,0.16359689428996865,-0.1920844140919606,0.09187356640350428,-0.19588171020562287,0.47484759230810625,0.28775527660912714,0.08645737694621868,-0.393382313754869,0.4620119753760814,0.4798396907010877,,-0.11551242546941835,0.22440663368592897,,1.0708335976358305,1.362675563307613,0.3660235754865122,-0.29184196567178255,,1.36277903803685,0.2117439683998873,,-0.6089768854723848,-1.0939902614512256,0.3480290297153598,0.48501337597884076,,-0.739574555571914,0.21429720850514006,,-0.511462039985552,-0.1935876031638354,0.649127064050825,-0.31787443682171657,37.477278518676755,41.99219480514526,-4.514916286468505,39.50944662094116,32.74580059051514,6.763646030426024,2.032168102264407,-9.246394214630127,11.278562316894535,,34.634868968616836,,62.51976013183594,69.37946319580078,-6.859703063964844,,32.0319235830596,,23.03605842590332,11.635889387130737,11.400169038772583,,-17.383592634490043,,25.3281307220459,32.79972324371338,-7.471592521667482
secret_number__commands_reviewed__s22346__step_03__event_01,secret_number__commands_reviewed__s22346,secret_number,commands_reviewed,3,conclusion,incorrect,high,L18_SV30,4404,7,0,10,2351,13,.,punct,punct_terminal,14,False,5,0,3,-1.367763396732817,-0.1950020478403925,0.8859267943304342,-1.1727613488924247,0.4171001132642011,0.07208723800206625,1.3841407689846743,0.34501287526213487,1.7848635099970183,0.26708928584245867,1.044055520596559,1.5177742241545595,,-0.3740234833672713,0.21572088022118424,,1.2621546359460458,1.9581483220263347,0.6149151242584242,-0.6959936860802889,,2.730871568353018,0.5983808223939566,,-1.6405344444751766,-1.3874124065944855,1.0672407920877636,-0.2531220378806911,,-0.3042591992018126,0.6261552514074785,,-0.9759413271289638,-0.4003406043202545,1.3363231384842575,-0.5756007228087092,-72.5699562072754,-42.61549589157105,-29.954460315704345,-26.981292128562927,-35.793549191951755,8.812257063388827,45.58866407871247,6.821946699619291,38.76671737909318,,-47.18802933259443,,-5.397060871124268,12.379885196685791,-17.77694606781006,,69.75143246217208,,-79.53702545166016,-73.0718276977539,-6.465197753906253,,-7.771333969000615,,-62.56210708618164,-47.860216522216795,-14.701890563964845
secret_number__commands_reviewed__s22346__step_03__event_01,secret_number__commands_reviewed__s22346,secret_number,commands_reviewed,3,conclusion,incorrect,high,L22_SV32,4404,7,0,10,2351,13,.,punct,punct_terminal,14,False,5,0,3,-0.32952876955366167,0.06234035465719441,0.6160023717899971,-0.39186912421085607,-0.1906151821082478,0.0773801003638976,0.5229802654744917,-0.2679952824721454,0.13891358744541388,0.015039745706703222,0.8813833075455125,0.12387384173871066,,0.22126411470413834,0.15241013787293733,,0.8553019084080214,1.402557507416256,0.3745535248248525,-0.5472555990082345,,1.2270083034468247,0.6655250176951029,,-0.930969477003907,-1.0341722239885398,0.38009277370323985,0.10320274698463283,,-1.160570386181468,0.4923160790634017,,0.6450425906795576,0.8445935586986504,0.6720052633411137,-0.19955096801909278,122.67485542297364,161.6531301879883,-38.97827476501466,136.49225425720215,163.14909734725953,-26.65684309005738,13.817398834228513,1.495967159271237,12.321431674957276,,177.46089253281102,,240.527099609375,294.96129150390624,-54.43419189453124,,122.04755066380358,,62.85100173950195,52.58567390441895,10.265327835083006,,-115.43913159225924,,219.6131134033203,239.46196594238282,-19.848852539062506
secret_number__guess_log_reviewed__s32345__step_00__event_01,secret_number__guess_log_reviewed__s32345,secret_number,guess_log_reviewed,0,strategy_selection,incorrect,high,L17_SV28,4525,109,0,112,592,1651,].,punct,punct_terminal,41,True,5,5,0,0.32225818474326795,0.4810033189628583,0.8119728051441704,-0.15874513421959036,-0.03510284486857944,-0.04698576310383997,0.4382401112826079,0.011882918235260533,-0.3573610296118474,-0.5279890820666983,0.8111014623746913,0.17062805245485085,0.5922829200034346,0.0387076375997788,0.48944773842239714,0.5535752824036558,3.5250952733390504,2.213589172585757,0.9113093535565336,1.3115061007532933,2.9328123533356156,2.1748815349859782,1.134255933232221,0.7579308183496374,-0.991697709963851,-1.446448176873155,0.7371596040669529,0.454750466909304,-1.5839806299672856,-1.4851558144729338,1.2089278312660072,-0.09882481549435185,-0.42962037537684333,-0.6190007369148486,0.36821414106084277,0.18938036153800525,49.68754959106445,52.623400802612295,-2.935851211547842,43.07847261428833,42.85870852470398,0.219764089584352,-6.609076976776123,-9.764692277908328,3.1556153011322046,54.6814188523726,44.443532371520995,10.237886480851607,108.92119598388672,84.66604766845703,24.255148315429693,54.23977713151412,40.22251529693604,14.017261834578079,25.387094497680664,16.97688579559326,8.410208702087402,-29.294324354691938,-27.466646575927733,-1.8276777787642047,35.78221893310547,32.27979621887207,3.502422714233397
secret_number__guess_log_reviewed__s32345__step_00__event_01,secret_number__guess_log_reviewed__s32345,secret_number,guess_log_reviewed,0,strategy_selection,incorrect,high,L18_SV30,4525,109,0,112,592,1651,].,punct,punct_terminal,41,True,5,5,0,-0.4247363812933548,0.21006404386920155,0.42331779079806625,-0.6348004251625563,0.7887899504609083,0.294403825895113,0.9505746888270757,0.4943861245657953,1.213526331754263,0.08433978202591139,1.2543457991979963,1.1291865497283518,0.3192929087352349,0.2907776295692158,0.33033010109184396,0.028515279166019092,2.4909865519549634,1.8242492122995948,0.553101946633416,0.6667373396553686,2.1716936432197285,1.5334715827303786,0.7589396190932807,0.6382220604893498,-1.234980718048364,-1.36034232087231,0.4124535003761235,0.12536160282394593,-1.554273626783599,-1.651119950441526,0.4322049721691042,0.09684632365792689,1.1147309118052648,-0.22622452027273993,0.8801166100856593,1.3409554320780048,-50.30631790161133,-36.101734495162965,-14.204583406448364,-23.151900053024292,-34.214509123563765,11.062609070539473,27.154417848587038,1.887225371599196,25.26719247698784,-33.657579671252854,-34.29565054394982,0.6380708726969644,14.937226295471191,0.018007946014404298,14.919218349456788,48.594805966724046,34.313658489964226,14.28114747675982,-68.43671417236328,-71.24186248779297,2.8051483154296903,-34.77913450111043,-36.94621194384315,2.167077442732726,-15.85849666595459,-45.864326095581056,30.005829429626466
secret_number__guess_log_reviewed__s32345__step_00__event_01,secret_number__guess_log_reviewed__s32345,secret_number,guess_log_reviewed,0,strategy_selection,incorrect,high,L22_SV32,4525,109,0,112,592,1651,].,punct,punct_terminal,41,True,5,5,0,-1.4131593944426148,-0.002791631720702453,0.2858893030825347,-1.4103677627219124,0.945623353199502,0.07879776150900626,0.25042869972083176,0.8668255916904957,2.358782747642117,0.08158939322970868,0.3153423439366893,2.2771933544124083,0.09737099288749874,-0.19335267545006488,0.2482289044093575,0.29072366833756363,1.8995403074785817,1.10465996238577,0.16736617819102823,0.7948803450928117,1.8021693145910829,1.298012637835835,0.3507775732623323,0.5041566767552479,-2.927168624344322,-1.28017151318847,0.4662917564056151,-1.6469971111558521,-3.0245396172318206,-1.0868188377384052,0.6334810102683301,-1.9377207794934155,1.4847896659293862,0.9247064073938975,0.12785688454113187,0.5600832585354887,1.9924125671386719,149.24784973144534,-147.25543716430667,248.27114486694336,157.76653690338134,90.50460796356202,246.2787322998047,8.518687171936033,237.76004512786866,159.70575401999733,129.3515145041726,30.35423951582473,347.868896484375,264.87603759765625,82.99285888671875,188.16314246437767,135.52452309348365,52.63861937089402,-156.0841522216797,15.877577209472657,-171.96172943115235,-315.78990624167704,-113.47393729469994,-202.3159689469771,304.5650939941406,246.08722229003905,58.477871704101574
secret_number__guess_log_reviewed__s32345__step_01__event_01,secret_number__guess_log_reviewed__s32345,secret_number,guess_log_reviewed,1,conclusion,incorrect,high,L17_SV28,4903,5,0,8,1018,13,.,punct,punct_terminal,8,False,5,0,3,-0.8823480951338567,0.04206111394574584,0.4779748059708314,-0.9244092090796026,,-0.17586086887757796,0.5126316911238279,,,-0.21792198282332378,0.43754349143968635,,,-0.05968885828294452,0.2401229227899921,,,1.881159131637879,0.6367222938137262,,,2.1736560744707996,0.6565544563400428,,,-1.2273714066945287,0.8470708005291517,,,-0.8554165136903493,0.4778778683859248,,-1.3279468792138487,-0.09303579790177711,0.8330955028983542,-1.2349110813120716,27.40941915512085,44.505551958084105,-17.096132802963254,,40.47527713775635,,,-4.030274820327759,,,42.623775986107916,,,78.51804733276367,,,40.19985148581591,,,21.028517389297484,,,-15.820173767479982,,19.1684627532959,42.007053756713866,-22.838591003417967
secret_number__guess_log_reviewed__s32345__step_01__event_01,secret_number__guess_log_reviewed__s32345,secret_number,guess_log_reviewed,1,conclusion,incorrect,high,L18_SV30,4903,5,0,8,1018,13,.,punct,punct_terminal,8,False,5,0,3,-0.7850272393054618,-0.530309516935571,0.6738330048049257,-0.25471772236989076,,-0.27264472984232885,0.8592028993426237,,,0.25766478709324214,0.44289708611117046,,,0.005225618077457361,0.6743963441399667,,,0.8397435731783567,0.8133529963432387,,,0.8249431890847985,0.41469083628673714,,,-1.3469989600727716,0.7139825248225924,,,-1.3267683765372913,0.23045535946492413,,-1.0652734460342013,-0.5800024812566381,0.9027330783658306,-0.48527096477756315,-58.368350219726565,-52.66867046356201,-5.6996797561645565,,-46.90304584503174,,,5.765624618530275,,,-40.68529239567843,,,-22.011738586425782,,,18.459304484454066,,,-70.94328536987305,,,-29.688373413952917,,-64.63926696777344,-53.78062286376953,-10.858644104003908
secret_number__guess_log_reviewed__s32345__step_01__event_01,secret_number__guess_log_reviewed__s32345,secret_number,guess_log_reviewed,1,conclusion,incorrect,high,L22_SV32,4903,5,0,8,1018,13,.,punct,punct_terminal,8,False,5,0,3,-0.03974176663645672,-0.5987725338083413,0.8718260240260075,0.5590307671718846,,-0.03853948987355456,0.4380608501225619,,,0.5602330439347868,0.6801422641530684,,,-0.29388806656681876,0.48439621753003753,,,1.1822744011001913,0.7300248289269325,,,1.7790343239487143,0.17758203535202988,,,-1.6909933353376267,0.8904915218758848,,,-1.4222913358491343,0.5441052760001649,,0.8100261286060252,0.5582629176280444,1.0558113324848715,0.2517632109779808,145.3899139404297,87.02193206787109,58.3679818725586,,145.51544275283814,,,58.493510684967035,,,118.85468994487415,,,272.9797027587891,,,185.74763549457896,,,-27.016020202636717,,,-148.5003684650768,,234.11354064941406,207.82713317871094,26.286407470703125
