arm,kind,objective_status,aggregation,relative_token,relative_coordinate,mean,sem,sem_between_events,sem_between_rollouts,n_units,n_rollouts,n_events
L17_SV28,event,all,event_weighted,-20,generated_local_index,-0.018741608021900884,0.14169510190629375,0.14169510190629375,,42,20,42
L17_SV28,event,all,event_weighted,-19,generated_local_index,0.02114126442934042,0.15178052169168327,0.15178052169168327,,42,20,42
L17_SV28,event,all,event_weighted,-18,generated_local_index,-0.015335150469708998,0.1833922906269801,0.1833922906269801,,43,20,43
L17_SV28,event,all,event_weighted,-17,generated_local_index,0.026898104712294996,0.18007658435191098,0.18007658435191098,,43,20,43
L17_SV28,event,all,event_weighted,-16,generated_local_index,0.2977499800048022,0.1675521837757654,0.1675521837757654,,47,20,47
L17_SV28,event,all,event_weighted,-15,generated_local_index,0.11579958266971038,0.15710346816459908,0.15710346816459908,,49,20,49
L17_SV28,event,all,event_weighted,-14,generated_local_index,0.20537419952548147,0.14378382170212897,0.14378382170212897,,52,20,52
L17_SV28,event,all,event_weighted,-13,generated_local_index,0.3932141209742382,0.1267066749433458,0.1267066749433458,,52,20,52
L17_SV28,event,all,event_weighted,-12,generated_local_index,0.5392725543232455,0.12852884887348473,0.12852884887348473,,53,20,53
L17_SV28,event,all,event_weighted,-11,generated_local_index,0.4128999777511266,0.14493776667152225,0.14493776667152225,,53,20,53
L17_SV28,event,all,event_weighted,-10,generated_local_index,0.29877431027799023,0.1530703229065181,0.1530703229065181,,54,20,54
L17_SV28,event,all,event_weighted,-9,generated_local_index,0.10381333041675453,0.1410438025173189,0.1410438025173189,,54,20,54
L17_SV28,event,all,event_weighted,-8,generated_local_index,0.2608512150529884,0.15589723617104528,0.15589723617104528,,55,20,55
L17_SV28,event,all,event_weighted,-7,generated_local_index,0.032035942517610425,0.12526274979579777,0.12526274979579777,,57,20,57
L17_SV28,event,all,event_weighted,-6,generated_local_index,0.20205228262735297,0.1276425232815038,0.1276425232815038,,57,20,57
L17_SV28,event,all,event_weighted,-5,generated_local_index,0.14891795523045126,0.13239841382964765,0.13239841382964765,,58,20,58
L17_SV28,event,all,event_weighted,-4,generated_local_index,0.20264905387269996,0.16687469207992786,0.16687469207992786,,58,20,58
L17_SV28,event,all,event_weighted,-3,generated_local_index,0.11764655188516257,0.11550844525197188,0.11550844525197188,,58,20,58
L17_SV28,event,all,event_weighted,-2,generated_local_index,0.5352241125101195,0.10807190303031232,0.10807190303031232,,58,20,58
L17_SV28,event,all,event_weighted,-1,generated_local_index,0.6260850548577351,0.13255176630279294,0.13255176630279294,,58,20,58
L17_SV28,event,all,event_weighted,0,generated_local_index,-0.07985211375378413,0.08347573756254377,0.08347573756254377,,58,20,58
L17_SV28,event,all,event_weighted,1,generated_local_index,0.5019143870098329,0.13027735098903426,0.13027735098903426,,46,19,46
L17_SV28,event,all,event_weighted,2,generated_local_index,-0.027128341621106594,0.13593928645770023,0.13593928645770023,,46,19,46
L17_SV28,event,all,event_weighted,3,generated_local_index,0.04784850594489923,0.13688404268488527,0.13688404268488527,,45,19,45
L17_SV28,event,all,event_weighted,4,generated_local_index,0.09891853473462558,0.15831290477161478,0.15831290477161478,,41,18,41
L17_SV28,event,all,event_weighted,5,generated_local_index,0.3612126790673189,0.1989936255622986,0.1989936255622986,,39,18,39
L17_SV28,event,all,event_weighted,6,generated_local_index,0.195077899826429,0.1616957432936292,0.1616957432936292,,38,18,38
L17_SV28,event,all,event_weighted,7,generated_local_index,0.08874198867345665,0.13074060623620196,0.13074060623620196,,36,18,36
L17_SV28,event,all,event_weighted,8,generated_local_index,0.12536250334926513,0.1273842160100371,0.1273842160100371,,36,18,36
L17_SV28,event,all,event_weighted,9,generated_local_index,0.28933847761843046,0.14888474242042574,0.14888474242042574,,34,18,34
L17_SV28,event,all,event_weighted,10,generated_local_index,0.32830739466568215,0.17969935794595288,0.17969935794595288,,32,18,32
L17_SV28,event,all,event_weighted,11,generated_local_index,0.2018606139802978,0.22997709031499677,0.22997709031499677,,31,18,31
L17_SV28,event,all,event_weighted,12,generated_local_index,0.41436496097646563,0.20625268038060685,0.20625268038060685,,31,18,31
L17_SV28,event,all,event_weighted,13,generated_local_index,0.15664898228803673,0.1848766244917783,0.1848766244917783,,31,18,31
L17_SV28,event,all,event_weighted,14,generated_local_index,-0.037399974016650156,0.19293591792992373,0.19293591792992373,,31,18,31
L17_SV28,event,all,event_weighted,15,generated_local_index,0.011808048220999975,0.13173523403019796,0.13173523403019796,,30,17,30
L17_SV28,event,all,event_weighted,16,generated_local_index,0.1505149609756067,0.18592340513949585,0.18592340513949585,,29,17,29
L17_SV28,event,all,event_weighted,17,generated_local_index,0.2774141357921178,0.21331516195016392,0.21331516195016392,,28,16,28
L17_SV28,event,all,event_weighted,18,generated_local_index,0.14357969323292172,0.23406197047420274,0.23406197047420274,,28,16,28
L17_SV28,event,all,event_weighted,19,generated_local_index,0.16467698368677058,0.15682176871684717,0.15682176871684717,,28,16,28
L17_SV28,event,all,event_weighted,20,generated_local_index,0.11472241441412066,0.17353582263006345,0.17353582263006345,,28,16,28
L17_SV28,event,all,rollout_weighted,-20,generated_local_index,0.05498280283578098,0.15839487353616308,,0.15839487353616308,20,20,42
L17_SV28,event,all,rollout_weighted,-19,generated_local_index,-0.02493310214869607,0.18222361407797608,,0.18222361407797608,20,20,42
L17_SV28,event,all,rollout_weighted,-18,generated_local_index,0.03691160429591635,0.2040051636595202,,0.2040051636595202,20,20,43
L17_SV28,event,all,rollout_weighted,-17,generated_local_index,0.01713477605596352,0.16962467961964994,,0.16962467961964994,20,20,43
L17_SV28,event,all,rollout_weighted,-16,generated_local_index,0.2696733924123591,0.15062247376326182,,0.15062247376326182,20,20,47
L17_SV28,event,all,rollout_weighted,-15,generated_local_index,0.06537244173480279,0.1583938389406524,,0.1583938389406524,20,20,49
L17_SV28,event,all,rollout_weighted,-14,generated_local_index,0.3100463605922106,0.16008796031365546,,0.16008796031365546,20,20,52
L17_SV28,event,all,rollout_weighted,-13,generated_local_index,0.4069985679563074,0.11115890848461478,,0.11115890848461478,20,20,52
L17_SV28,event,all,rollout_weighted,-12,generated_local_index,0.5010728689159383,0.1339669905038504,,0.1339669905038504,20,20,53
L17_SV28,event,all,rollout_weighted,-11,generated_local_index,0.48372066067108965,0.17564196398464088,,0.17564196398464088,20,20,53
L17_SV28,event,all,rollout_weighted,-10,generated_local_index,0.2969135639538899,0.13843678887051328,,0.13843678887051328,20,20,54
L17_SV28,event,all,rollout_weighted,-9,generated_local_index,0.13435579035634604,0.1308315275045393,,0.1308315275045393,20,20,54
L17_SV28,event,all,rollout_weighted,-8,generated_local_index,0.35546848192783376,0.1525890305755791,,0.1525890305755791,20,20,55
L17_SV28,event,all,rollout_weighted,-7,generated_local_index,-0.028260644997365258,0.13035668382369434,,0.13035668382369434,20,20,57
L17_SV28,event,all,rollout_weighted,-6,generated_local_index,0.15190934293800865,0.1467874752676789,,0.1467874752676789,20,20,57
L17_SV28,event,all,rollout_weighted,-5,generated_local_index,0.12837419242790482,0.09028527972913203,,0.09028527972913203,20,20,58
L17_SV28,event,all,rollout_weighted,-4,generated_local_index,0.26476051337541906,0.1462886260921687,,0.1462886260921687,20,20,58
L17_SV28,event,all,rollout_weighted,-3,generated_local_index,0.09768585439511435,0.09785183684129434,,0.09785183684129434,20,20,58
L17_SV28,event,all,rollout_weighted,-2,generated_local_index,0.4750591729152053,0.14809791520518095,,0.14809791520518095,20,20,58
L17_SV28,event,all,rollout_weighted,-1,generated_local_index,0.5705884875458802,0.0980797105643935,,0.0980797105643935,20,20,58
L17_SV28,event,all,rollout_weighted,0,generated_local_index,-0.12198532634797818,0.11419971820851033,,0.11419971820851033,20,20,58
L17_SV28,event,all,rollout_weighted,1,generated_local_index,0.5716177903200144,0.164631110002104,,0.164631110002104,19,19,46
L17_SV28,event,all,rollout_weighted,2,generated_local_index,0.009108000045480642,0.1558151258181403,,0.1558151258181403,19,19,46
L17_SV28,event,all,rollout_weighted,3,generated_local_index,0.08600465072037138,0.1452323691863489,,0.1452323691863489,19,19,45
L17_SV28,event,all,rollout_weighted,4,generated_local_index,0.20326061598516798,0.19147180907971476,,0.19147180907971476,18,18,41
L17_SV28,event,all,rollout_weighted,5,generated_local_index,0.5316667890806825,0.24858897076239006,,0.24858897076239006,18,18,39
L17_SV28,event,all,rollout_weighted,6,generated_local_index,0.3486114981057209,0.15850639208926048,,0.15850639208926048,18,18,38
L17_SV28,event,all,rollout_weighted,7,generated_local_index,0.07366309457792457,0.14726160021443918,,0.14726160021443918,18,18,36
L17_SV28,event,all,rollout_weighted,8,generated_local_index,0.08872170168194704,0.1533462185247496,,0.1533462185247496,18,18,36
L17_SV28,event,all,rollout_weighted,9,generated_local_index,0.19801949481204206,0.17325345839003894,,0.17325345839003894,18,18,34
L17_SV28,event,all,rollout_weighted,10,generated_local_index,0.2880628472488472,0.26418012344010966,,0.26418012344010966,18,18,32
L17_SV28,event,all,rollout_weighted,11,generated_local_index,0.12139320947462146,0.24770687599200497,,0.24770687599200497,18,18,31
L17_SV28,event,all,rollout_weighted,12,generated_local_index,0.3857800121828802,0.19110815009882717,,0.19110815009882717,18,18,31
L17_SV28,event,all,rollout_weighted,13,generated_local_index,0.15261145503111992,0.1620877203294796,,0.1620877203294796,18,18,31
L17_SV28,event,all,rollout_weighted,14,generated_local_index,-0.001364426894931424,0.21665621688678863,,0.21665621688678863,18,18,31
L17_SV28,event,all,rollout_weighted,15,generated_local_index,-0.03346574822012831,0.1788797994172916,,0.1788797994172916,17,17,30
L17_SV28,event,all,rollout_weighted,16,generated_local_index,0.13639771280871954,0.20434887112482192,,0.20434887112482192,17,17,29
L17_SV28,event,all,rollout_weighted,17,generated_local_index,0.050441816621972446,0.26123172867339195,,0.26123172867339195,16,16,28
L17_SV28,event,all,rollout_weighted,18,generated_local_index,0.0254216695567078,0.30058457768100555,,0.30058457768100555,16,16,28
L17_SV28,event,all,rollout_weighted,19,generated_local_index,0.22298141271727626,0.21840581965117548,,0.21840581965117548,16,16,28
L17_SV28,event,all,rollout_weighted,20,generated_local_index,0.09305683315404853,0.1346604317571469,,0.1346604317571469,16,16,28
L17_SV28,event,correct,event_weighted,-20,generated_local_index,0.022910339166229397,0.2098471779963657,0.2098471779963657,,18,12,18
L17_SV28,event,correct,event_weighted,-19,generated_local_index,0.2819709390226943,0.2330216207674018,0.2330216207674018,,18,12,18
L17_SV28,event,correct,event_weighted,-18,generated_local_index,0.36636721855023807,0.31680576701391694,0.31680576701391694,,19,13,19
L17_SV28,event,correct,event_weighted,-17,generated_local_index,0.2811835397999049,0.2613058930455408,0.2613058930455408,,19,13,19
L17_SV28,event,correct,event_weighted,-16,generated_local_index,0.7009965753227902,0.23939359337163957,0.23939359337163957,,23,13,23
L17_SV28,event,correct,event_weighted,-15,generated_local_index,0.39504107311406,0.20639266274814042,0.20639266274814042,,25,13,25
L17_SV28,event,correct,event_weighted,-14,generated_local_index,0.26679519576449623,0.21104693176395148,0.21104693176395148,,28,13,28
L17_SV28,event,correct,event_weighted,-13,generated_local_index,0.4600591790360796,0.17257096007531023,0.17257096007531023,,28,13,28
L17_SV28,event,correct,event_weighted,-12,generated_local_index,0.5931118307835177,0.16211754791888092,0.16211754791888092,,29,14,29
L17_SV28,event,correct,event_weighted,-11,generated_local_index,0.37715760525285863,0.19603112513657917,0.19603112513657917,,29,14,29
L17_SV28,event,correct,event_weighted,-10,generated_local_index,0.4190197764579236,0.19849816104730028,0.19849816104730028,,30,14,30
L17_SV28,event,correct,event_weighted,-9,generated_local_index,0.24008487379160337,0.12683131735679604,0.12683131735679604,,30,14,30
L17_SV28,event,correct,event_weighted,-8,generated_local_index,0.5434104809928857,0.19223431042228167,0.19223431042228167,,31,14,31
L17_SV28,event,correct,event_weighted,-7,generated_local_index,0.27694839708415864,0.18578928649300377,0.18578928649300377,,32,14,32
L17_SV28,event,correct,event_weighted,-6,generated_local_index,0.4953577589899348,0.16525367942024397,0.16525367942024397,,32,14,32
L17_SV28,event,correct,event_weighted,-5,generated_local_index,0.5569291482012811,0.17275488821533952,0.17275488821533952,,32,14,32
L17_SV28,event,correct,event_weighted,-4,generated_local_index,0.7163586674646437,0.19678689171284738,0.19678689171284738,,32,14,32
L17_SV28,event,correct,event_weighted,-3,generated_local_index,0.4795127720737437,0.12146270800245844,0.12146270800245844,,32,14,32
L17_SV28,event,correct,event_weighted,-2,generated_local_index,0.7938366392624115,0.12907015956181472,0.12907015956181472,,32,14,32
L17_SV28,event,correct,event_weighted,-1,generated_local_index,0.9945610749090615,0.11036100309403737,0.11036100309403737,,32,14,32
L17_SV28,event,correct,event_weighted,0,generated_local_index,0.021032736237595762,0.11776119011200945,0.11776119011200945,,32,14,32
L17_SV28,event,correct,event_weighted,1,generated_local_index,0.48772147711743513,0.1912992144727908,0.1912992144727908,,24,14,24
L17_SV28,event,correct,event_weighted,2,generated_local_index,-0.09137328814526981,0.17772604587911373,0.17772604587911373,,24,14,24
L17_SV28,event,correct,event_weighted,3,generated_local_index,0.12259375783813886,0.2090355462167401,0.2090355462167401,,24,14,24
L17_SV28,event,correct,event_weighted,4,generated_local_index,0.3234519472913512,0.2248537624554572,0.2248537624554572,,21,13,21
L17_SV28,event,correct,event_weighted,5,generated_local_index,0.4261518686535344,0.2774705630917575,0.2774705630917575,,19,12,19
L17_SV28,event,correct,event_weighted,6,generated_local_index,0.3987373994107864,0.274150159470134,0.274150159470134,,18,11,18
L17_SV28,event,correct,event_weighted,7,generated_local_index,0.38699853923843036,0.17100579657580553,0.17100579657580553,,17,11,17
L17_SV28,event,correct,event_weighted,8,generated_local_index,0.3434298252505674,0.16330594413083663,0.16330594413083663,,17,11,17
L17_SV28,event,correct,event_weighted,9,generated_local_index,0.5937979003276755,0.17877708942777923,0.17877708942777923,,15,11,15
L17_SV28,event,correct,event_weighted,10,generated_local_index,0.3627312017272519,0.16241554858745472,0.16241554858745472,,13,10,13
L17_SV28,event,correct,event_weighted,11,generated_local_index,0.09609768882850636,0.2552049529815621,0.2552049529815621,,13,10,13
L17_SV28,event,correct,event_weighted,12,generated_local_index,0.6565560931648466,0.30128701832030685,0.30128701832030685,,13,10,13
L17_SV28,event,correct,event_weighted,13,generated_local_index,0.30373857384286973,0.24292429625897793,0.24292429625897793,,13,10,13
L17_SV28,event,correct,event_weighted,14,generated_local_index,0.49640346164742727,0.26436213004090264,0.26436213004090264,,13,10,13
L17_SV28,event,correct,event_weighted,15,generated_local_index,0.11042756074676387,0.2194301729851642,0.2194301729851642,,13,10,13
L17_SV28,event,correct,event_weighted,16,generated_local_index,0.15786443461306437,0.30660503404459455,0.30660503404459455,,13,10,13
L17_SV28,event,correct,event_weighted,17,generated_local_index,0.4065048936170245,0.31390155470841774,0.31390155470841774,,12,9,12
L17_SV28,event,correct,event_weighted,18,generated_local_index,0.3980375745843608,0.4424606417265975,0.4424606417265975,,12,9,12
L17_SV28,event,correct,event_weighted,19,generated_local_index,0.1534535308255465,0.31332659903064575,0.31332659903064575,,12,9,12
L17_SV28,event,correct,event_weighted,20,generated_local_index,0.004276638974970941,0.28714384294547046,0.28714384294547046,,12,9,12
L17_SV28,event,correct,rollout_weighted,-20,generated_local_index,0.07446575254126163,0.1869408715023404,,0.1869408715023404,12,12,18
L17_SV28,event,correct,rollout_weighted,-19,generated_local_index,0.2783860435446296,0.313985405050109,,0.313985405050109,12,12,18
L17_SV28,event,correct,rollout_weighted,-18,generated_local_index,0.4807312789185451,0.3414943588948551,,0.3414943588948551,13,13,19
L17_SV28,event,correct,rollout_weighted,-17,generated_local_index,0.21172601811826267,0.32165284206054356,,0.32165284206054356,13,13,19
L17_SV28,event,correct,rollout_weighted,-16,generated_local_index,0.6463455587972836,0.2856391059455641,,0.2856391059455641,13,13,23
L17_SV28,event,correct,rollout_weighted,-15,generated_local_index,0.34419111867588403,0.2000765462705185,,0.2000765462705185,13,13,25
L17_SV28,event,correct,rollout_weighted,-14,generated_local_index,0.2912837071980343,0.15823956483854634,,0.15823956483854634,13,13,28
L17_SV28,event,correct,rollout_weighted,-13,generated_local_index,0.45175148768754964,0.11742473744087119,,0.11742473744087119,13,13,28
L17_SV28,event,correct,rollout_weighted,-12,generated_local_index,0.5844292024376393,0.19566777150181872,,0.19566777150181872,14,14,29
L17_SV28,event,correct,rollout_weighted,-11,generated_local_index,0.3476627016695973,0.19500705058551993,,0.19500705058551993,14,14,29
L17_SV28,event,correct,rollout_weighted,-10,generated_local_index,0.34986876074236023,0.243580579649829,,0.243580579649829,14,14,30
L17_SV28,event,correct,rollout_weighted,-9,generated_local_index,0.29824846155616236,0.14112955983670752,,0.14112955983670752,14,14,30
L17_SV28,event,correct,rollout_weighted,-8,generated_local_index,0.6225862098912085,0.2317113026787026,,0.2317113026787026,14,14,31
L17_SV28,event,correct,rollout_weighted,-7,generated_local_index,0.3649847871286637,0.25588634190098214,,0.25588634190098214,14,14,32
L17_SV28,event,correct,rollout_weighted,-6,generated_local_index,0.40751895092369234,0.19626090438376964,,0.19626090438376964,14,14,32
L17_SV28,event,correct,rollout_weighted,-5,generated_local_index,0.5803489041016975,0.15432074336554813,,0.15432074336554813,14,14,32
L17_SV28,event,correct,rollout_weighted,-4,generated_local_index,0.85027172902124,0.25699452890300645,,0.25699452890300645,14,14,32
L17_SV28,event,correct,rollout_weighted,-3,generated_local_index,0.49097436489797514,0.13726210362912258,,0.13726210362912258,14,14,32
L17_SV28,event,correct,rollout_weighted,-2,generated_local_index,0.680055937619068,0.21923938671525145,,0.21923938671525145,14,14,32
L17_SV28,event,correct,rollout_weighted,-1,generated_local_index,0.9467865053770537,0.11280199960899463,,0.11280199960899463,14,14,32
L17_SV28,event,correct,rollout_weighted,0,generated_local_index,0.09278324862352824,0.17286775997650142,,0.17286775997650142,14,14,32
L17_SV28,event,correct,rollout_weighted,1,generated_local_index,0.4907815796085965,0.207177270772893,,0.207177270772893,14,14,24
L17_SV28,event,correct,rollout_weighted,2,generated_local_index,-0.06958648248474139,0.2459959048842004,,0.2459959048842004,14,14,24
L17_SV28,event,correct,rollout_weighted,3,generated_local_index,0.25207625479656903,0.22896439951945374,,0.22896439951945374,14,14,24
L17_SV28,event,correct,rollout_weighted,4,generated_local_index,0.3919965790459475,0.27185370180986485,,0.27185370180986485,13,13,21
L17_SV28,event,correct,rollout_weighted,5,generated_local_index,0.34501965901802706,0.2357727329100121,,0.2357727329100121,12,12,19
L17_SV28,event,correct,rollout_weighted,6,generated_local_index,0.46065569388181493,0.26116866146227175,,0.26116866146227175,11,11,18
L17_SV28,event,correct,rollout_weighted,7,generated_local_index,0.26811826394162713,0.20564842560858784,,0.20564842560858784,11,11,17
L17_SV28,event,correct,rollout_weighted,8,generated_local_index,0.4554035941838055,0.20083524318259507,,0.20083524318259507,11,11,17
L17_SV28,event,correct,rollout_weighted,9,generated_local_index,0.5798210455406594,0.19477934693091928,,0.19477934693091928,11,11,15
L17_SV28,event,correct,rollout_weighted,10,generated_local_index,0.34569490452835866,0.1642999625330345,,0.1642999625330345,10,10,13
L17_SV28,event,correct,rollout_weighted,11,generated_local_index,0.054056404359554076,0.21878267203807492,,0.21878267203807492,10,10,13
L17_SV28,event,correct,rollout_weighted,12,generated_local_index,0.5967802090393203,0.2911689969036243,,0.2911689969036243,10,10,13
L17_SV28,event,correct,rollout_weighted,13,generated_local_index,0.4310819246348725,0.17837977311336412,,0.17837977311336412,10,10,13
L17_SV28,event,correct,rollout_weighted,14,generated_local_index,0.5943905765528739,0.2759720095081191,,0.2759720095081191,10,10,13
L17_SV28,event,correct,rollout_weighted,15,generated_local_index,0.21606434504591543,0.25238012815161565,,0.25238012815161565,10,10,13
L17_SV28,event,correct,rollout_weighted,16,generated_local_index,0.19799311599709196,0.28917828746998736,,0.28917828746998736,10,10,13
L17_SV28,event,correct,rollout_weighted,17,generated_local_index,0.444645229079651,0.3339588869382106,,0.3339588869382106,9,9,12
L17_SV28,event,correct,rollout_weighted,18,generated_local_index,0.3964814739290354,0.48925909041826027,,0.48925909041826027,9,9,12
L17_SV28,event,correct,rollout_weighted,19,generated_local_index,0.19257585978254033,0.34289897865952784,,0.34289897865952784,9,9,12
L17_SV28,event,correct,rollout_weighted,20,generated_local_index,-0.06842491541614482,0.223976726120513,,0.223976726120513,9,9,12
L17_SV28,event,incorrect,event_weighted,-20,generated_local_index,-0.06237429825135441,0.2362316335228758,0.2362316335228758,,19,16,19
L17_SV28,event,incorrect,event_weighted,-19,generated_local_index,-0.3978640263924222,0.19355465280178397,0.19355465280178397,,19,16,19
L17_SV28,event,incorrect,event_weighted,-18,generated_local_index,-0.35798905924849334,0.24438299016293183,0.24438299016293183,,19,16,19
L17_SV28,event,incorrect,event_weighted,-17,generated_local_index,-0.388213238799222,0.27908494998192673,0.27908494998192673,,19,16,19
L17_SV28,event,incorrect,event_weighted,-16,generated_local_index,-0.2789620885076711,0.22456526370639254,0.22456526370639254,,19,16,19
L17_SV28,event,incorrect,event_weighted,-15,generated_local_index,-0.4261036487913707,0.23988990828859302,0.23988990828859302,,19,16,19
L17_SV28,event,incorrect,event_weighted,-14,generated_local_index,0.04838496886321043,0.2240960975770172,0.2240960975770172,,19,16,19
L17_SV28,event,incorrect,event_weighted,-13,generated_local_index,0.29189805484655573,0.2099608228213607,0.2099608228213607,,19,16,19
L17_SV28,event,incorrect,event_weighted,-12,generated_local_index,0.40806455481308895,0.23031580027207071,0.23031580027207071,,19,16,19
L17_SV28,event,incorrect,event_weighted,-11,generated_local_index,0.4911056109288257,0.2507950457994614,0.2507950457994614,,19,16,19
L17_SV28,event,incorrect,event_weighted,-10,generated_local_index,-0.05138273188442015,0.25955294653224026,0.25955294653224026,,19,16,19
L17_SV28,event,incorrect,event_weighted,-9,generated_local_index,-0.36214100852720527,0.2707476560238451,0.2707476560238451,,19,16,19
L17_SV28,event,incorrect,event_weighted,-8,generated_local_index,-0.263400454612265,0.2513298184718705,0.2513298184718705,,19,16,19
L17_SV28,event,incorrect,event_weighted,-7,generated_local_index,-0.36009074941043423,0.1593826031111278,0.1593826031111278,,20,16,20
L17_SV28,event,incorrect,event_weighted,-6,generated_local_index,-0.33893041359863413,0.17911253935573065,0.17911253935573065,,20,16,20
L17_SV28,event,incorrect,event_weighted,-5,generated_local_index,-0.5446239228712809,0.15069400084008416,0.15069400084008416,,21,16,21
L17_SV28,event,incorrect,event_weighted,-4,generated_local_index,-0.5619551651490999,0.2751386249037343,0.2751386249037343,,21,16,21
L17_SV28,event,incorrect,event_weighted,-3,generated_local_index,-0.39713273540347127,0.1922912399535113,0.1922912399535113,,21,16,21
L17_SV28,event,incorrect,event_weighted,-2,generated_local_index,0.0837658529355239,0.11881373220001426,0.11881373220001426,,21,16,21
L17_SV28,event,incorrect,event_weighted,-1,generated_local_index,0.052024464506158656,0.2649405484915375,0.2649405484915375,,21,16,21
L17_SV28,event,incorrect,event_weighted,0,generated_local_index,-0.12958190002718323,0.12904538233109394,0.12904538233109394,,21,16,21
L17_SV28,event,incorrect,event_weighted,1,generated_local_index,0.47018235563069743,0.2005799391715799,0.2005799391715799,,18,13,18
L17_SV28,event,incorrect,event_weighted,2,generated_local_index,-0.13121678352457458,0.21348427277301718,0.21348427277301718,,18,13,18
L17_SV28,event,incorrect,event_weighted,3,generated_local_index,-0.03541812080795501,0.19239784238354382,0.19239784238354382,,17,13,17
L17_SV28,event,incorrect,event_weighted,4,generated_local_index,-0.2622518826496444,0.2289813320004434,0.2289813320004434,,16,12,16
L17_SV28,event,incorrect,event_weighted,5,generated_local_index,0.15508345371174886,0.34895603474882186,0.34895603474882186,,16,12,16
L17_SV28,event,incorrect,event_weighted,6,generated_local_index,0.006766509497172682,0.19697595827082756,0.19697595827082756,,16,12,16
L17_SV28,event,incorrect,event_weighted,7,generated_local_index,-0.22378461233024874,0.21305968310402038,0.21305968310402038,,15,12,15
L17_SV28,event,incorrect,event_weighted,8,generated_local_index,-0.18489966210637654,0.20658698426952374,0.20658698426952374,,15,12,15
L17_SV28,event,incorrect,event_weighted,9,generated_local_index,0.15119708463899417,0.21793850713283452,0.21793850713283452,,15,12,15
L17_SV28,event,incorrect,event_weighted,10,generated_local_index,0.2460555957040834,0.3563032834658439,0.3563032834658439,,15,12,15
L17_SV28,event,incorrect,event_weighted,11,generated_local_index,0.3577116372022817,0.41150056705501464,0.41150056705501464,,14,11,14
L17_SV28,event,incorrect,event_weighted,12,generated_local_index,0.3012904011885252,0.34579518515723984,0.34579518515723984,,14,11,14
L17_SV28,event,incorrect,event_weighted,13,generated_local_index,0.1329867385527364,0.2971742307856619,0.2971742307856619,,14,11,14
L17_SV28,event,incorrect,event_weighted,14,generated_local_index,-0.4348754816307291,0.28715527994308904,0.28715527994308904,,14,11,14
L17_SV28,event,incorrect,event_weighted,15,generated_local_index,-0.046601018387444765,0.20516374683981317,0.20516374683981317,,13,10,13
L17_SV28,event,incorrect,event_weighted,16,generated_local_index,-0.006988660602751713,0.25569466078874337,0.25569466078874337,,12,10,12
L17_SV28,event,incorrect,event_weighted,17,generated_local_index,0.2090835822120853,0.3921827371265082,0.3921827371265082,,12,10,12
L17_SV28,event,incorrect,event_weighted,18,generated_local_index,0.05643693585674008,0.30888440109324106,0.30888440109324106,,12,10,12
L17_SV28,event,incorrect,event_weighted,19,generated_local_index,0.21479355568087208,0.15475688717616276,0.15475688717616276,,12,10,12
L17_SV28,event,incorrect,event_weighted,20,generated_local_index,0.1174914502694898,0.24375225377559498,0.24375225377559498,,12,10,12
L17_SV28,event,incorrect,rollout_weighted,-20,generated_local_index,-0.04208064781321563,0.2741286043893499,,0.2741286043893499,16,16,19
L17_SV28,event,incorrect,rollout_weighted,-19,generated_local_index,-0.3799211444823199,0.19741944580425033,,0.19741944580425033,16,16,19
L17_SV28,event,incorrect,rollout_weighted,-18,generated_local_index,-0.35414763468906973,0.2565529418930892,,0.2565529418930892,16,16,19
L17_SV28,event,incorrect,rollout_weighted,-17,generated_local_index,-0.33515443226041136,0.27962330563008897,,0.27962330563008897,16,16,19
L17_SV28,event,incorrect,rollout_weighted,-16,generated_local_index,-0.34144772082162944,0.2478402866555086,,0.2478402866555086,16,16,19
L17_SV28,event,incorrect,rollout_weighted,-15,generated_local_index,-0.4820699948867387,0.2545027952329662,,0.2545027952329662,16,16,19
L17_SV28,event,incorrect,rollout_weighted,-14,generated_local_index,0.03519926613615054,0.2301473584652371,,0.2301473584652371,16,16,19
L17_SV28,event,incorrect,rollout_weighted,-13,generated_local_index,0.2905993292631142,0.196297976906194,,0.196297976906194,16,16,19
L17_SV28,event,incorrect,rollout_weighted,-12,generated_local_index,0.4050064570645957,0.2647912138674536,,0.2647912138674536,16,16,19
L17_SV28,event,incorrect,rollout_weighted,-11,generated_local_index,0.4433072463359765,0.26114983695863464,,0.26114983695863464,16,16,19
L17_SV28,event,incorrect,rollout_weighted,-10,generated_local_index,0.003628606569824184,0.2714324092055307,,0.2714324092055307,16,16,19
L17_SV28,event,incorrect,rollout_weighted,-9,generated_local_index,-0.30422561342410886,0.2698623760270808,,0.2698623760270808,16,16,19
L17_SV28,event,incorrect,rollout_weighted,-8,generated_local_index,-0.22352889646226706,0.27178535001119214,,0.27178535001119214,16,16,19
L17_SV28,event,incorrect,rollout_weighted,-7,generated_local_index,-0.3859328240494546,0.17459041533855585,,0.17459041533855585,16,16,20
L17_SV28,event,incorrect,rollout_weighted,-6,generated_local_index,-0.2679392667806731,0.19024949946636527,,0.19024949946636527,16,16,20
L17_SV28,event,incorrect,rollout_weighted,-5,generated_local_index,-0.6223726332810695,0.13318540098174486,,0.13318540098174486,16,16,21
L17_SV28,event,incorrect,rollout_weighted,-4,generated_local_index,-0.5519942139225995,0.32398174565328913,,0.32398174565328913,16,16,21
L17_SV28,event,incorrect,rollout_weighted,-3,generated_local_index,-0.3994244642057046,0.21315720012954223,,0.21315720012954223,16,16,21
L17_SV28,event,incorrect,rollout_weighted,-2,generated_local_index,0.11944038578883721,0.1236381515449898,,0.1236381515449898,16,16,21
L17_SV28,event,incorrect,rollout_weighted,-1,generated_local_index,-0.05506042343087281,0.2680307626974547,,0.2680307626974547,16,16,21
L17_SV28,event,incorrect,rollout_weighted,0,generated_local_index,0.01873370437671755,0.13013761607003307,,0.13013761607003307,16,16,21
L17_SV28,event,incorrect,rollout_weighted,1,generated_local_index,0.654473502522677,0.20796827823265368,,0.20796827823265368,13,13,18
L17_SV28,event,incorrect,rollout_weighted,2,generated_local_index,-0.08442919190516206,0.21668811449219053,,0.21668811449219053,13,13,18
L17_SV28,event,incorrect,rollout_weighted,3,generated_local_index,0.01188315959788716,0.19405792978353031,,0.19405792978353031,13,13,17
L17_SV28,event,incorrect,rollout_weighted,4,generated_local_index,-0.025251888810058482,0.25270347034156376,,0.25270347034156376,12,12,16
L17_SV28,event,incorrect,rollout_weighted,5,generated_local_index,0.2775836602239325,0.4131301144449907,,0.4131301144449907,12,12,16
L17_SV28,event,incorrect,rollout_weighted,6,generated_local_index,0.05560125287619296,0.24537385199193337,,0.24537385199193337,12,12,16
L17_SV28,event,incorrect,rollout_weighted,7,generated_local_index,-0.38457724456844455,0.21003970651107234,,0.21003970651107234,12,12,15
L17_SV28,event,incorrect,rollout_weighted,8,generated_local_index,-0.19217146232405038,0.23606051908137823,,0.23606051908137823,12,12,15
L17_SV28,event,incorrect,rollout_weighted,9,generated_local_index,0.12016738290305418,0.24681761870567795,,0.24681761870567795,12,12,15
L17_SV28,event,incorrect,rollout_weighted,10,generated_local_index,0.15676670211352947,0.41744206251951677,,0.41744206251951677,12,12,15
L17_SV28,event,incorrect,rollout_weighted,11,generated_local_index,0.21568593163285382,0.338906379652995,,0.338906379652995,11,11,14
L17_SV28,event,incorrect,rollout_weighted,12,generated_local_index,0.1890999135880539,0.3361613767714214,,0.3361613767714214,11,11,14
L17_SV28,event,incorrect,rollout_weighted,13,generated_local_index,0.09933750951639113,0.22708236178187624,,0.22708236178187624,11,11,14
L17_SV28,event,incorrect,rollout_weighted,14,generated_local_index,-0.489205329998798,0.3359408036974073,,0.3359408036974073,11,11,14
L17_SV28,event,incorrect,rollout_weighted,15,generated_local_index,-0.17251824993013995,0.2512018389338025,,0.2512018389338025,10,10,13
L17_SV28,event,incorrect,rollout_weighted,16,generated_local_index,-0.05793171044389507,0.1642208660232342,,0.1642208660232342,10,10,12
L17_SV28,event,incorrect,rollout_weighted,17,generated_local_index,0.11454400498726032,0.39797836608348136,,0.39797836608348136,10,10,12
L17_SV28,event,incorrect,rollout_weighted,18,generated_local_index,0.023059338034992848,0.35726697675275026,,0.35726697675275026,10,10,12
L17_SV28,event,incorrect,rollout_weighted,19,generated_local_index,0.16857437608616563,0.1578455595644416,,0.1578455595644416,10,10,12
L17_SV28,event,incorrect,rollout_weighted,20,generated_local_index,0.07351625197205691,0.19989792765038852,,0.19989792765038852,10,10,12
L17_SV28,event,ambiguous,event_weighted,-20,generated_local_index,-0.0028843950272467002,0.31180062979645484,0.31180062979645484,,5,4,5
L17_SV28,event,ambiguous,event_weighted,-19,generated_local_index,0.6743745410159645,0.42121167594291603,0.42121167594291603,,5,4,5
L17_SV28,event,ambiguous,event_weighted,-18,generated_local_index,-0.16371929938612784,0.20989856447887048,0.20989856447887048,,5,4,5
L17_SV28,event,ambiguous,event_weighted,-17,generated_local_index,0.6380365567231419,0.33198649919257395,0.33198649919257395,,5,4,5
L17_SV28,event,ambiguous,event_weighted,-16,generated_local_index,0.6343215018894559,0.43728032554000046,0.43728032554000046,,5,4,5
L17_SV28,event,ambiguous,event_weighted,-15,generated_local_index,0.7788244100000709,0.39268747712701235,0.39268747712701235,,5,4,5
L17_SV28,event,ambiguous,event_weighted,-14,generated_local_index,0.4579756971036284,0.39282180916241877,0.39282180916241877,,5,4,5
L17_SV28,event,ambiguous,event_weighted,-13,generated_local_index,0.40388284711312067,0.4829713213642418,0.4829713213642418,,5,4,5
L17_SV28,event,ambiguous,event_weighted,-12,generated_local_index,0.7255951489922611,0.522536079802197,0.522536079802197,,5,4,5
L17_SV28,event,ambiguous,event_weighted,-11,generated_local_index,0.32302433216582416,0.4993325445109376,0.4993325445109376,,5,4,5
L17_SV28,event,ambiguous,event_weighted,-10,generated_local_index,0.9078982734155495,0.505991796909237,0.505991796909237,,5,4,5
L17_SV28,event,ambiguous,event_weighted,-9,generated_local_index,1.0568105581547091,0.6575127446986632,0.6575127446986632,,5,4,5
L17_SV28,event,ambiguous,event_weighted,-8,generated_local_index,0.5011401109535901,0.6413576388106803,0.6413576388106803,,5,4,5
L17_SV28,event,ambiguous,event_weighted,-7,generated_local_index,0.03310300100388071,0.24450025952450058,0.24450025952450058,,5,4,5
L17_SV28,event,ambiguous,event_weighted,-6,generated_local_index,0.48882801881077703,0.4305504409081056,0.4305504409081056,,5,4,5
L17_SV28,event,ambiguous,event_weighted,-5,generated_local_index,0.45052220824441624,0.382484067134226,0.382484067134226,,5,4,5
L17_SV28,event,ambiguous,event_weighted,-4,generated_local_index,0.12624524677582194,0.23473263239039202,0.23473263239039202,,5,4,5
L17_SV28,event,ambiguous,event_weighted,-3,generated_local_index,-0.03622425070949444,0.45114428089807446,0.45114428089807446,,5,4,5
L17_SV28,event,ambiguous,event_weighted,-2,generated_local_index,0.7762286315087513,0.6872773302470718,0.6872773302470718,,5,4,5
L17_SV28,event,ambiguous,event_weighted,-1,generated_local_index,0.6788930060058653,0.5120426965485175,0.5120426965485175,,5,4,5
L17_SV28,event,ambiguous,event_weighted,0,generated_local_index,-0.5166500513503394,0.21844746822281713,0.21844746822281713,,5,4,5
L17_SV28,event,ambiguous,event_weighted,1,generated_local_index,0.7298659875703305,0.44626974576813916,0.44626974576813916,,4,4,4
L17_SV28,event,ambiguous,event_weighted,2,generated_local_index,0.826739326089478,0.5522845385300955,0.5522845385300955,,4,4,4
L17_SV28,event,ambiguous,event_weighted,3,generated_local_index,-0.04673984171490808,0.467553843841242,0.467553843841242,,4,4,4
L17_SV28,event,ambiguous,event_weighted,4,generated_local_index,0.36479978834889615,0.5668645742396016,0.5668645742396016,,4,4,4
L17_SV28,event,ambiguous,event_weighted,5,generated_local_index,0.8772684299550759,0.32968283548825794,0.32968283548825794,,4,4,4
L17_SV28,event,ambiguous,event_weighted,6,generated_local_index,0.03185571301384607,0.502471225470391,0.502471225470391,,4,4,4
L17_SV28,event,ambiguous,event_weighted,7,generated_local_index,-0.006873597463785908,0.2938907798992009,0.2938907798992009,,4,4,4
L17_SV28,event,ambiguous,event_weighted,8,generated_local_index,0.3620595057273871,0.3821978112191376,0.3821978112191376,,4,4,4
L17_SV28,event,ambiguous,event_weighted,9,generated_local_index,-0.3343541338683519,0.6423964672872967,0.6423964672872967,,4,4,4
L17_SV28,event,ambiguous,event_weighted,10,generated_local_index,0.524874267821576,0.28680193326038766,0.28680193326038766,,4,4,4
L17_SV28,event,ambiguous,event_weighted,11,generated_local_index,0.0001115394466763564,0.7937334243400188,0.7937334243400188,,4,4,4
L17_SV28,event,ambiguous,event_weighted,12,generated_local_index,0.023004740622020292,0.4168253322103892,0.4168253322103892,,4,4,4
L17_SV28,event,ambiguous,event_weighted,13,generated_local_index,-0.2385743371916194,0.6827714356801605,0.6827714356801605,,4,4,4
L17_SV28,event,ambiguous,event_weighted,14,generated_local_index,-0.38109686327562564,0.4397098059504101,0.4397098059504101,,4,4,4
L17_SV28,event,ambiguous,event_weighted,15,generated_local_index,-0.11887590101028735,0.2551657383738549,0.2551657383738549,,4,4,4
L17_SV28,event,ambiguous,event_weighted,16,generated_local_index,0.5991400363889448,0.5530375455210511,0.5530375455210511,,4,4,4
L17_SV28,event,ambiguous,event_weighted,17,generated_local_index,0.09513352305749577,0.24196350886556578,0.24196350886556578,,4,4,4
L17_SV28,event,ambiguous,event_weighted,18,generated_local_index,-0.35836567869285035,0.30354362759077996,0.30354362759077996,,4,4,4
L17_SV28,event,ambiguous,event_weighted,19,generated_local_index,0.0479976262881381,0.445905594868247,0.445905594868247,,4,4,4
L17_SV28,event,ambiguous,event_weighted,20,generated_local_index,0.43775263316546237,0.538239673717221,0.538239673717221,,4,4,4
L17_SV28,event,ambiguous,rollout_weighted,-20,generated_local_index,0.030150821863364055,0.39147572570830175,,0.39147572570830175,4,4,5
L17_SV28,event,ambiguous,rollout_weighted,-19,generated_local_index,0.5853912184027008,0.3317368171851181,,0.3317368171851181,4,4,5
L17_SV28,event,ambiguous,rollout_weighted,-18,generated_local_index,-0.23284346573188863,0.25168559609551866,,0.25168559609551866,4,4,5
L17_SV28,event,ambiguous,rollout_weighted,-17,generated_local_index,0.6510327918823362,0.41661932227241794,,0.41661932227241794,4,4,5
L17_SV28,event,ambiguous,rollout_weighted,-16,generated_local_index,0.5754588354925039,0.38981385382209954,,0.38981385382209954,4,4,5
L17_SV28,event,ambiguous,rollout_weighted,-15,generated_local_index,0.6764229579807577,0.44588842990837385,,0.44588842990837385,4,4,5
L17_SV28,event,ambiguous,rollout_weighted,-14,generated_local_index,0.5351529318384882,0.473584648858486,,0.473584648858486,4,4,5
L17_SV28,event,ambiguous,rollout_weighted,-13,generated_local_index,0.25795710129705396,0.5486050541981469,,0.5486050541981469,4,4,5
L17_SV28,event,ambiguous,rollout_weighted,-12,generated_local_index,0.5230685934012471,0.6073422335504057,,0.6073422335504057,4,4,5
L17_SV28,event,ambiguous,rollout_weighted,-11,generated_local_index,0.12145981687743374,0.5889987172075581,,0.5889987172075581,4,4,5
L17_SV28,event,ambiguous,rollout_weighted,-10,generated_local_index,0.9702388001646742,0.5750837543596921,,0.5750837543596921,4,4,5
L17_SV28,event,ambiguous,rollout_weighted,-9,generated_local_index,1.0996791138037882,0.7178051399592723,,0.7178051399592723,4,4,5
L17_SV28,event,ambiguous,rollout_weighted,-8,generated_local_index,0.5584026478094959,0.813231515363285,,0.813231515363285,4,4,5
L17_SV28,event,ambiguous,rollout_weighted,-7,generated_local_index,0.042885851996880914,0.18825377928335957,,0.18825377928335957,4,4,5
L17_SV28,event,ambiguous,rollout_weighted,-6,generated_local_index,0.33245551581233984,0.3940814376210838,,0.3940814376210838,4,4,5
L17_SV28,event,ambiguous,rollout_weighted,-5,generated_local_index,0.618547410874369,0.3472105344297709,,0.3472105344297709,4,4,5
L17_SV28,event,ambiguous,rollout_weighted,-4,generated_local_index,0.02379694765778014,0.2147690862021033,,0.2147690862021033,4,4,5
L17_SV28,event,ambiguous,rollout_weighted,-3,generated_local_index,-0.1376729107539073,0.5597413294608033,,0.5597413294608033,4,4,5
L17_SV28,event,ambiguous,rollout_weighted,-2,generated_local_index,0.7220137944144736,0.7521738056899551,,0.7521738056899551,4,4,5
L17_SV28,event,ambiguous,rollout_weighted,-1,generated_local_index,0.6999996615513799,0.625263683426902,,0.625263683426902,4,4,5
L17_SV28,event,ambiguous,rollout_weighted,0,generated_local_index,-0.5438582381531882,0.27164323246447486,,0.27164323246447486,4,4,5
L17_SV28,event,ambiguous,rollout_weighted,1,generated_local_index,0.7298659875703305,0.44626974576813916,,0.44626974576813916,4,4,4
L17_SV28,event,ambiguous,rollout_weighted,2,generated_local_index,0.826739326089478,0.5522845385300955,,0.5522845385300955,4,4,4
L17_SV28,event,ambiguous,rollout_weighted,3,generated_local_index,-0.04673984171490808,0.467553843841242,,0.467553843841242,4,4,4
L17_SV28,event,ambiguous,rollout_weighted,4,generated_local_index,0.36479978834889615,0.5668645742396016,,0.5668645742396016,4,4,4
L17_SV28,event,ambiguous,rollout_weighted,5,generated_local_index,0.8772684299550759,0.32968283548825794,,0.32968283548825794,4,4,4
L17_SV28,event,ambiguous,rollout_weighted,6,generated_local_index,0.03185571301384607,0.502471225470391,,0.502471225470391,4,4,4
L17_SV28,event,ambiguous,rollout_weighted,7,generated_local_index,-0.006873597463785908,0.2938907798992009,,0.2938907798992009,4,4,4
L17_SV28,event,ambiguous,rollout_weighted,8,generated_local_index,0.3620595057273871,0.3821978112191376,,0.3821978112191376,4,4,4
L17_SV28,event,ambiguous,rollout_weighted,9,generated_local_index,-0.3343541338683519,0.6423964672872967,,0.6423964672872967,4,4,4
L17_SV28,event,ambiguous,rollout_weighted,10,generated_local_index,0.524874267821576,0.28680193326038766,,0.28680193326038766,4,4,4
L17_SV28,event,ambiguous,rollout_weighted,11,generated_local_index,0.0001115394466763564,0.7937334243400188,,0.7937334243400188,4,4,4
L17_SV28,event,ambiguous,rollout_weighted,12,generated_local_index,0.023004740622020292,0.4168253322103892,,0.4168253322103892,4,4,4
L17_SV28,event,ambiguous,rollout_weighted,13,generated_local_index,-0.2385743371916194,0.6827714356801605,,0.6827714356801605,4,4,4
L17_SV28,event,ambiguous,rollout_weighted,14,generated_local_index,-0.38109686327562564,0.4397098059504101,,0.4397098059504101,4,4,4
L17_SV28,event,ambiguous,rollout_weighted,15,generated_local_index,-0.11887590101028735,0.2551657383738549,,0.2551657383738549,4,4,4
L17_SV28,event,ambiguous,rollout_weighted,16,generated_local_index,0.5991400363889448,0.5530375455210511,,0.5530375455210511,4,4,4
L17_SV28,event,ambiguous,rollout_weighted,17,generated_local_index,0.09513352305749577,0.24196350886556578,,0.24196350886556578,4,4,4
L17_SV28,event,ambiguous,rollout_weighted,18,generated_local_index,-0.35836567869285035,0.30354362759077996,,0.30354362759077996,4,4,4
L17_SV28,event,ambiguous,rollout_weighted,19,generated_local_index,0.0479976262881381,0.445905594868247,,0.445905594868247,4,4,4
L17_SV28,event,ambiguous,rollout_weighted,20,generated_local_index,0.43775263316546237,0.538239673717221,,0.538239673717221,4,4,4
L17_SV28,matched_control_event_mean,all,event_weighted,-20,generated_local_index,-0.004619492268904465,0.08909653172809326,0.08909653172809326,,42,20,42
L17_SV28,matched_control_event_mean,all,event_weighted,-19,generated_local_index,-0.05955906170564175,0.07095749076625998,0.07095749076625998,,42,20,42
L17_SV28,matched_control_event_mean,all,event_weighted,-18,generated_local_index,-0.03734996455624149,0.07240332086426658,0.07240332086426658,,43,20,43
L17_SV28,matched_control_event_mean,all,event_weighted,-17,generated_local_index,0.032689860214244644,0.07235067681361029,0.07235067681361029,,43,20,43
L17_SV28,matched_control_event_mean,all,event_weighted,-16,generated_local_index,-0.0757084374270629,0.09721495881578791,0.09721495881578791,,47,20,47
L17_SV28,matched_control_event_mean,all,event_weighted,-15,generated_local_index,-0.21644517661337603,0.07652574305071135,0.07652574305071135,,49,20,49
L17_SV28,matched_control_event_mean,all,event_weighted,-14,generated_local_index,-0.1885519745556325,0.07982730918402468,0.07982730918402468,,52,20,52
L17_SV28,matched_control_event_mean,all,event_weighted,-13,generated_local_index,-0.12458231201546985,0.0728775578490621,0.0728775578490621,,52,20,52
L17_SV28,matched_control_event_mean,all,event_weighted,-12,generated_local_index,-0.12298764509234708,0.06880441450458097,0.06880441450458097,,53,20,53
L17_SV28,matched_control_event_mean,all,event_weighted,-11,generated_local_index,-0.09503025698712433,0.06560428673932121,0.06560428673932121,,53,20,53
L17_SV28,matched_control_event_mean,all,event_weighted,-10,generated_local_index,-0.17449254636131692,0.07319825807770401,0.07319825807770401,,54,20,54
L17_SV28,matched_control_event_mean,all,event_weighted,-9,generated_local_index,-0.14684584881584975,0.0775889293855714,0.0775889293855714,,54,20,54
L17_SV28,matched_control_event_mean,all,event_weighted,-8,generated_local_index,-0.08684332042699858,0.06591783665085,0.06591783665085,,55,20,55
L17_SV28,matched_control_event_mean,all,event_weighted,-7,generated_local_index,0.014240083221907585,0.0705329713929509,0.0705329713929509,,57,20,57
L17_SV28,matched_control_event_mean,all,event_weighted,-6,generated_local_index,-0.043082552921893905,0.07671802035562482,0.07671802035562482,,57,20,57
L17_SV28,matched_control_event_mean,all,event_weighted,-5,generated_local_index,-0.05902121168622745,0.07374204660274693,0.07374204660274693,,58,20,58
L17_SV28,matched_control_event_mean,all,event_weighted,-4,generated_local_index,-0.11530900568289223,0.08128186310558676,0.08128186310558676,,58,20,58
L17_SV28,matched_control_event_mean,all,event_weighted,-3,generated_local_index,-0.032880316265793456,0.07357642144453387,0.07357642144453387,,58,20,58
L17_SV28,matched_control_event_mean,all,event_weighted,-2,generated_local_index,0.11268989916899674,0.07051987850488957,0.07051987850488957,,58,20,58
L17_SV28,matched_control_event_mean,all,event_weighted,-1,generated_local_index,0.2106047009453994,0.06861263880163436,0.06861263880163436,,58,20,58
L17_SV28,matched_control_event_mean,all,event_weighted,0,generated_local_index,-0.23364507341252927,0.06739162817485662,0.06739162817485662,,58,20,58
L17_SV28,matched_control_event_mean,all,event_weighted,1,generated_local_index,-0.038961416521582456,0.07454151731701679,0.07454151731701679,,46,19,46
L17_SV28,matched_control_event_mean,all,event_weighted,2,generated_local_index,-0.03239565603758796,0.07526730884206895,0.07526730884206895,,46,19,46
L17_SV28,matched_control_event_mean,all,event_weighted,3,generated_local_index,-0.16058520951687855,0.07723496261254537,0.07723496261254537,,45,19,45
L17_SV28,matched_control_event_mean,all,event_weighted,4,generated_local_index,-0.0926070362243003,0.09706026785655537,0.09706026785655537,,41,18,41
L17_SV28,matched_control_event_mean,all,event_weighted,5,generated_local_index,-0.2449597285881522,0.0865195808395733,0.0865195808395733,,39,18,39
L17_SV28,matched_control_event_mean,all,event_weighted,6,generated_local_index,-0.1217701783230192,0.07735905898062917,0.07735905898062917,,38,18,38
L17_SV28,matched_control_event_mean,all,event_weighted,7,generated_local_index,-0.14219209817588185,0.0984739824469374,0.0984739824469374,,36,18,36
L17_SV28,matched_control_event_mean,all,event_weighted,8,generated_local_index,-0.1586397797667563,0.06990518801856165,0.06990518801856165,,36,18,36
L17_SV28,matched_control_event_mean,all,event_weighted,9,generated_local_index,-0.19999483594868528,0.0732221018214824,0.0732221018214824,,34,18,34
L17_SV28,matched_control_event_mean,all,event_weighted,10,generated_local_index,-0.22686689611343222,0.08240987418549015,0.08240987418549015,,32,18,32
L17_SV28,matched_control_event_mean,all,event_weighted,11,generated_local_index,-0.11819037861287504,0.07631389423814273,0.07631389423814273,,31,18,31
L17_SV28,matched_control_event_mean,all,event_weighted,12,generated_local_index,-0.14168092304533578,0.09747357608821414,0.09747357608821414,,31,18,31
L17_SV28,matched_control_event_mean,all,event_weighted,13,generated_local_index,-0.23304190587097565,0.10172539016559791,0.10172539016559791,,31,18,31
L17_SV28,matched_control_event_mean,all,event_weighted,14,generated_local_index,-0.029896043359054644,0.11505098334918319,0.11505098334918319,,31,18,31
L17_SV28,matched_control_event_mean,all,event_weighted,15,generated_local_index,-0.09093044553225299,0.08244330911019478,0.08244330911019478,,30,17,30
L17_SV28,matched_control_event_mean,all,event_weighted,16,generated_local_index,-0.2400560819882394,0.08903206630262252,0.08903206630262252,,29,17,29
L17_SV28,matched_control_event_mean,all,event_weighted,17,generated_local_index,-0.132271954557901,0.08026445036854414,0.08026445036854414,,28,16,28
L17_SV28,matched_control_event_mean,all,event_weighted,18,generated_local_index,-0.057048277650638676,0.08731469739417916,0.08731469739417916,,28,16,28
L17_SV28,matched_control_event_mean,all,event_weighted,19,generated_local_index,-0.039916344781610005,0.06766796463664618,0.06766796463664618,,28,16,28
L17_SV28,matched_control_event_mean,all,event_weighted,20,generated_local_index,-0.13827409979194458,0.08956199601120225,0.08956199601120225,,28,16,28
L17_SV28,matched_control_event_mean,all,rollout_weighted,-20,generated_local_index,-0.08045637841666582,0.11657328710312152,,0.11657328710312152,20,20,42
L17_SV28,matched_control_event_mean,all,rollout_weighted,-19,generated_local_index,-0.07271074318239702,0.09837103860388773,,0.09837103860388773,20,20,42
L17_SV28,matched_control_event_mean,all,rollout_weighted,-18,generated_local_index,-0.039384077733403376,0.07700845967115537,,0.07700845967115537,20,20,43
L17_SV28,matched_control_event_mean,all,rollout_weighted,-17,generated_local_index,-0.006133359043799013,0.08403988106142642,,0.08403988106142642,20,20,43
L17_SV28,matched_control_event_mean,all,rollout_weighted,-16,generated_local_index,-0.11405332263174894,0.13964736722758356,,0.13964736722758356,20,20,47
L17_SV28,matched_control_event_mean,all,rollout_weighted,-15,generated_local_index,-0.25841546303210294,0.07432374926830883,,0.07432374926830883,20,20,49
L17_SV28,matched_control_event_mean,all,rollout_weighted,-14,generated_local_index,-0.22755816178430027,0.11137294862242617,,0.11137294862242617,20,20,52
L17_SV28,matched_control_event_mean,all,rollout_weighted,-13,generated_local_index,-0.2031201854865865,0.0963300728342703,,0.0963300728342703,20,20,52
L17_SV28,matched_control_event_mean,all,rollout_weighted,-12,generated_local_index,-0.16076983430039068,0.08404621442867007,,0.08404621442867007,20,20,53
L17_SV28,matched_control_event_mean,all,rollout_weighted,-11,generated_local_index,-0.06738536749374616,0.08143297681320517,,0.08143297681320517,20,20,53
L17_SV28,matched_control_event_mean,all,rollout_weighted,-10,generated_local_index,-0.17402309145424597,0.09342165243971376,,0.09342165243971376,20,20,54
L17_SV28,matched_control_event_mean,all,rollout_weighted,-9,generated_local_index,-0.15221908676209453,0.09380725467695288,,0.09380725467695288,20,20,54
L17_SV28,matched_control_event_mean,all,rollout_weighted,-8,generated_local_index,-0.11597584173686186,0.06651404592644687,,0.06651404592644687,20,20,55
L17_SV28,matched_control_event_mean,all,rollout_weighted,-7,generated_local_index,0.0055756530187099215,0.08027217667276833,,0.08027217667276833,20,20,57
L17_SV28,matched_control_event_mean,all,rollout_weighted,-6,generated_local_index,-0.07195203304589406,0.08645849652280764,,0.08645849652280764,20,20,57
L17_SV28,matched_control_event_mean,all,rollout_weighted,-5,generated_local_index,-0.07339673926358423,0.08407820379457862,,0.08407820379457862,20,20,58
L17_SV28,matched_control_event_mean,all,rollout_weighted,-4,generated_local_index,-0.14645169985437917,0.0981717796851304,,0.0981717796851304,20,20,58
L17_SV28,matched_control_event_mean,all,rollout_weighted,-3,generated_local_index,-0.01668725335703622,0.0892242397392937,,0.0892242397392937,20,20,58
L17_SV28,matched_control_event_mean,all,rollout_weighted,-2,generated_local_index,0.12214419179467093,0.0740443836594472,,0.0740443836594472,20,20,58
L17_SV28,matched_control_event_mean,all,rollout_weighted,-1,generated_local_index,0.23802265899333444,0.08295569560613995,,0.08295569560613995,20,20,58
L17_SV28,matched_control_event_mean,all,rollout_weighted,0,generated_local_index,-0.28450494493642065,0.08921847749951745,,0.08921847749951745,20,20,58
L17_SV28,matched_control_event_mean,all,rollout_weighted,1,generated_local_index,-0.03476137345355509,0.07398524086316123,,0.07398524086316123,19,19,46
L17_SV28,matched_control_event_mean,all,rollout_weighted,2,generated_local_index,-0.05154056349898901,0.0818747941180995,,0.0818747941180995,19,19,46
L17_SV28,matched_control_event_mean,all,rollout_weighted,3,generated_local_index,-0.12556796250655017,0.10994624327770224,,0.10994624327770224,19,19,45
L17_SV28,matched_control_event_mean,all,rollout_weighted,4,generated_local_index,-0.05832665205417266,0.11273211296694202,,0.11273211296694202,18,18,41
L17_SV28,matched_control_event_mean,all,rollout_weighted,5,generated_local_index,-0.22500016933073677,0.10382308474817245,,0.10382308474817245,18,18,39
L17_SV28,matched_control_event_mean,all,rollout_weighted,6,generated_local_index,-0.09498396435620214,0.08186127864155147,,0.08186127864155147,18,18,38
L17_SV28,matched_control_event_mean,all,rollout_weighted,7,generated_local_index,-0.10775834904547435,0.09282383528315337,,0.09282383528315337,18,18,36
L17_SV28,matched_control_event_mean,all,rollout_weighted,8,generated_local_index,-0.13872216348226987,0.0483885811408099,,0.0483885811408099,18,18,36
L17_SV28,matched_control_event_mean,all,rollout_weighted,9,generated_local_index,-0.16677282851612849,0.06371792290889569,,0.06371792290889569,18,18,34
L17_SV28,matched_control_event_mean,all,rollout_weighted,10,generated_local_index,-0.17821867453411208,0.10462381304096435,,0.10462381304096435,18,18,32
L17_SV28,matched_control_event_mean,all,rollout_weighted,11,generated_local_index,-0.147065920813679,0.10580000910356706,,0.10580000910356706,18,18,31
L17_SV28,matched_control_event_mean,all,rollout_weighted,12,generated_local_index,-0.14607423494714256,0.09586968551836604,,0.09586968551836604,18,18,31
L17_SV28,matched_control_event_mean,all,rollout_weighted,13,generated_local_index,-0.26831775692873705,0.10870877965066171,,0.10870877965066171,18,18,31
L17_SV28,matched_control_event_mean,all,rollout_weighted,14,generated_local_index,-0.037773868469674475,0.1213692965643335,,0.1213692965643335,18,18,31
L17_SV28,matched_control_event_mean,all,rollout_weighted,15,generated_local_index,-0.08154755094069611,0.09823322525912674,,0.09823322525912674,17,17,30
L17_SV28,matched_control_event_mean,all,rollout_weighted,16,generated_local_index,-0.23452495551152544,0.11190195014234199,,0.11190195014234199,17,17,29
L17_SV28,matched_control_event_mean,all,rollout_weighted,17,generated_local_index,-0.08793143508807458,0.07358269402205439,,0.07358269402205439,16,16,28
L17_SV28,matched_control_event_mean,all,rollout_weighted,18,generated_local_index,-0.0692974704297025,0.0947251445870666,,0.0947251445870666,16,16,28
L17_SV28,matched_control_event_mean,all,rollout_weighted,19,generated_local_index,-0.03866494218699446,0.07438500051943221,,0.07438500051943221,16,16,28
L17_SV28,matched_control_event_mean,all,rollout_weighted,20,generated_local_index,-0.13439013146760923,0.11253341965066695,,0.11253341965066695,16,16,28
L17_SV28,matched_control_event_mean,correct,event_weighted,-20,generated_local_index,0.03890064910241393,0.1492155848435512,0.1492155848435512,,18,12,18
L17_SV28,matched_control_event_mean,correct,event_weighted,-19,generated_local_index,-0.10136512208855987,0.09570287056996322,0.09570287056996322,,18,12,18
L17_SV28,matched_control_event_mean,correct,event_weighted,-18,generated_local_index,-0.0638154356186701,0.09889904420003062,0.09889904420003062,,19,13,19
L17_SV28,matched_control_event_mean,correct,event_weighted,-17,generated_local_index,0.04580106630674761,0.09673157259515701,0.09673157259515701,,19,13,19
L17_SV28,matched_control_event_mean,correct,event_weighted,-16,generated_local_index,-0.1140913240474644,0.0982957702922515,0.0982957702922515,,23,13,23
L17_SV28,matched_control_event_mean,correct,event_weighted,-15,generated_local_index,-0.23882558929542108,0.09133329671812847,0.09133329671812847,,25,13,25
L17_SV28,matched_control_event_mean,correct,event_weighted,-14,generated_local_index,-0.2124654056116519,0.09524227071797764,0.09524227071797764,,28,13,28
L17_SV28,matched_control_event_mean,correct,event_weighted,-13,generated_local_index,-0.09001235333770904,0.09044004509462447,0.09044004509462447,,28,13,28
L17_SV28,matched_control_event_mean,correct,event_weighted,-12,generated_local_index,-0.1255798755633861,0.09133308333406093,0.09133308333406093,,29,14,29
L17_SV28,matched_control_event_mean,correct,event_weighted,-11,generated_local_index,-0.19642761027450167,0.07740130258248169,0.07740130258248169,,29,14,29
L17_SV28,matched_control_event_mean,correct,event_weighted,-10,generated_local_index,-0.1850035482457211,0.10551442146463558,0.10551442146463558,,30,14,30
L17_SV28,matched_control_event_mean,correct,event_weighted,-9,generated_local_index,-0.12835600312501677,0.10746784640762544,0.10746784640762544,,30,14,30
L17_SV28,matched_control_event_mean,correct,event_weighted,-8,generated_local_index,-0.1045593252809218,0.08363234769238848,0.08363234769238848,,31,14,31
L17_SV28,matched_control_event_mean,correct,event_weighted,-7,generated_local_index,-0.013518997686779569,0.10393031413408299,0.10393031413408299,,32,14,32
L17_SV28,matched_control_event_mean,correct,event_weighted,-6,generated_local_index,-0.04256468712582351,0.11056382260009176,0.11056382260009176,,32,14,32
L17_SV28,matched_control_event_mean,correct,event_weighted,-5,generated_local_index,-0.12644734030227117,0.10692609257392569,0.10692609257392569,,32,14,32
L17_SV28,matched_control_event_mean,correct,event_weighted,-4,generated_local_index,-0.158516897684279,0.12020122746698893,0.12020122746698893,,32,14,32
L17_SV28,matched_control_event_mean,correct,event_weighted,-3,generated_local_index,-0.1449128780274276,0.09741829100036352,0.09741829100036352,,32,14,32
L17_SV28,matched_control_event_mean,correct,event_weighted,-2,generated_local_index,0.09804818169138187,0.1023708331577719,0.1023708331577719,,32,14,32
L17_SV28,matched_control_event_mean,correct,event_weighted,-1,generated_local_index,0.12636694056291192,0.08657585165269578,0.08657585165269578,,32,14,32
L17_SV28,matched_control_event_mean,correct,event_weighted,0,generated_local_index,-0.11244886727902428,0.0836416200192569,0.0836416200192569,,32,14,32
L17_SV28,matched_control_event_mean,correct,event_weighted,1,generated_local_index,-0.05079851386537055,0.10927528179472139,0.10927528179472139,,24,14,24
L17_SV28,matched_control_event_mean,correct,event_weighted,2,generated_local_index,-0.059265326846963944,0.1020548073716721,0.1020548073716721,,24,14,24
L17_SV28,matched_control_event_mean,correct,event_weighted,3,generated_local_index,-0.1448327377670001,0.10118534163311253,0.10118534163311253,,24,14,24
L17_SV28,matched_control_event_mean,correct,event_weighted,4,generated_local_index,-0.1144552440153903,0.12438569440665298,0.12438569440665298,,21,13,21
L17_SV28,matched_control_event_mean,correct,event_weighted,5,generated_local_index,-0.268387830770945,0.10033128875722817,0.10033128875722817,,19,12,19
L17_SV28,matched_control_event_mean,correct,event_weighted,6,generated_local_index,-0.2886231369040885,0.10557102846024843,0.10557102846024843,,18,11,18
L17_SV28,matched_control_event_mean,correct,event_weighted,7,generated_local_index,-0.24757099197016685,0.15228383247644106,0.15228383247644106,,17,11,17
L17_SV28,matched_control_event_mean,correct,event_weighted,8,generated_local_index,-0.21831530637664395,0.0980043469039297,0.0980043469039297,,17,11,17
L17_SV28,matched_control_event_mean,correct,event_weighted,9,generated_local_index,-0.15756581643281192,0.1253434294318168,0.1253434294318168,,15,11,15
L17_SV28,matched_control_event_mean,correct,event_weighted,10,generated_local_index,-0.2152091194015585,0.1374209767990546,0.1374209767990546,,13,10,13
L17_SV28,matched_control_event_mean,correct,event_weighted,11,generated_local_index,-0.03304898600962967,0.0896430218105908,0.0896430218105908,,13,10,13
L17_SV28,matched_control_event_mean,correct,event_weighted,12,generated_local_index,-0.029341706221527267,0.15646951938589063,0.15646951938589063,,13,10,13
L17_SV28,matched_control_event_mean,correct,event_weighted,13,generated_local_index,-0.1712348687075253,0.161603662955512,0.161603662955512,,13,10,13
L17_SV28,matched_control_event_mean,correct,event_weighted,14,generated_local_index,-0.2327479945129894,0.1518786078897334,0.1518786078897334,,13,10,13
L17_SV28,matched_control_event_mean,correct,event_weighted,15,generated_local_index,-0.05099613180187471,0.14750086072352497,0.14750086072352497,,13,10,13
L17_SV28,matched_control_event_mean,correct,event_weighted,16,generated_local_index,-0.27754040555426474,0.1333684213146025,0.1333684213146025,,13,10,13
L17_SV28,matched_control_event_mean,correct,event_weighted,17,generated_local_index,-0.23586421501839205,0.1402494448898223,0.1402494448898223,,12,9,12
L17_SV28,matched_control_event_mean,correct,event_weighted,18,generated_local_index,-0.026199669995526847,0.13832366858111692,0.13832366858111692,,12,9,12
L17_SV28,matched_control_event_mean,correct,event_weighted,19,generated_local_index,-0.11833974786200983,0.08169707396341323,0.08169707396341323,,12,9,12
L17_SV28,matched_control_event_mean,correct,event_weighted,20,generated_local_index,-0.20721248526446936,0.10640968919619843,0.10640968919619843,,12,9,12
L17_SV28,matched_control_event_mean,correct,rollout_weighted,-20,generated_local_index,-0.0677753591617802,0.16645256102319075,,0.16645256102319075,12,12,18
L17_SV28,matched_control_event_mean,correct,rollout_weighted,-19,generated_local_index,-0.196606752951088,0.10295702559523955,,0.10295702559523955,12,12,18
L17_SV28,matched_control_event_mean,correct,rollout_weighted,-18,generated_local_index,-0.09738321432837906,0.1152494923550568,,0.1152494923550568,13,13,19
L17_SV28,matched_control_event_mean,correct,rollout_weighted,-17,generated_local_index,-0.017375464512245607,0.10640487000094093,,0.10640487000094093,13,13,19
L17_SV28,matched_control_event_mean,correct,rollout_weighted,-16,generated_local_index,-0.16110305077121756,0.12425482169801438,,0.12425482169801438,13,13,23
L17_SV28,matched_control_event_mean,correct,rollout_weighted,-15,generated_local_index,-0.269601268407772,0.08410430987105424,,0.08410430987105424,13,13,25
L17_SV28,matched_control_event_mean,correct,rollout_weighted,-14,generated_local_index,-0.3132613809140334,0.147624729772701,,0.147624729772701,13,13,28
L17_SV28,matched_control_event_mean,correct,rollout_weighted,-13,generated_local_index,-0.11703442235487124,0.11468467430298299,,0.11468467430298299,13,13,28
L17_SV28,matched_control_event_mean,correct,rollout_weighted,-12,generated_local_index,-0.19617318196458683,0.11887542424683335,,0.11887542424683335,14,14,29
L17_SV28,matched_control_event_mean,correct,rollout_weighted,-11,generated_local_index,-0.1762566809674953,0.10564710610009759,,0.10564710610009759,14,14,29
L17_SV28,matched_control_event_mean,correct,rollout_weighted,-10,generated_local_index,-0.1992244845137757,0.13289507614925178,,0.13289507614925178,14,14,30
L17_SV28,matched_control_event_mean,correct,rollout_weighted,-9,generated_local_index,-0.15298806845690086,0.13399084175056075,,0.13399084175056075,14,14,30
L17_SV28,matched_control_event_mean,correct,rollout_weighted,-8,generated_local_index,-0.09091438273719721,0.0856245632194753,,0.0856245632194753,14,14,31
L17_SV28,matched_control_event_mean,correct,rollout_weighted,-7,generated_local_index,-0.07535363698377205,0.10890771139475589,,0.10890771139475589,14,14,32
L17_SV28,matched_control_event_mean,correct,rollout_weighted,-6,generated_local_index,-0.07015444149517681,0.12833593193800005,,0.12833593193800005,14,14,32
L17_SV28,matched_control_event_mean,correct,rollout_weighted,-5,generated_local_index,-0.14934681710439532,0.11797707194685865,,0.11797707194685865,14,14,32
L17_SV28,matched_control_event_mean,correct,rollout_weighted,-4,generated_local_index,-0.15431059688234647,0.14093567648136043,,0.14093567648136043,14,14,32
L17_SV28,matched_control_event_mean,correct,rollout_weighted,-3,generated_local_index,-0.15052932632226274,0.11542661565880549,,0.11542661565880549,14,14,32
L17_SV28,matched_control_event_mean,correct,rollout_weighted,-2,generated_local_index,0.13592401082030217,0.10112569334844934,,0.10112569334844934,14,14,32
L17_SV28,matched_control_event_mean,correct,rollout_weighted,-1,generated_local_index,0.12972279978018086,0.10473659035961096,,0.10473659035961096,14,14,32
L17_SV28,matched_control_event_mean,correct,rollout_weighted,0,generated_local_index,-0.11694194554799844,0.08888824705256726,,0.08888824705256726,14,14,32
L17_SV28,matched_control_event_mean,correct,rollout_weighted,1,generated_local_index,-0.03578003053130644,0.08124867202101081,,0.08124867202101081,14,14,24
L17_SV28,matched_control_event_mean,correct,rollout_weighted,2,generated_local_index,-0.1512518340853742,0.11379989186248476,,0.11379989186248476,14,14,24
L17_SV28,matched_control_event_mean,correct,rollout_weighted,3,generated_local_index,-0.19318866827555192,0.11071178434289897,,0.11071178434289897,14,14,24
L17_SV28,matched_control_event_mean,correct,rollout_weighted,4,generated_local_index,-0.1007953999326477,0.16197739721825513,,0.16197739721825513,13,13,21
L17_SV28,matched_control_event_mean,correct,rollout_weighted,5,generated_local_index,-0.28208682667633217,0.10034406204047232,,0.10034406204047232,12,12,19
L17_SV28,matched_control_event_mean,correct,rollout_weighted,6,generated_local_index,-0.31182309104762773,0.08873477594114827,,0.08873477594114827,11,11,18
L17_SV28,matched_control_event_mean,correct,rollout_weighted,7,generated_local_index,-0.3086728847880537,0.13876883863835335,,0.13876883863835335,11,11,17
L17_SV28,matched_control_event_mean,correct,rollout_weighted,8,generated_local_index,-0.28981647962892115,0.12081979903575747,,0.12081979903575747,11,11,17
L17_SV28,matched_control_event_mean,correct,rollout_weighted,9,generated_local_index,-0.12975486945785053,0.12708680039948647,,0.12708680039948647,11,11,15
L17_SV28,matched_control_event_mean,correct,rollout_weighted,10,generated_local_index,-0.19473902423872463,0.14420439716741457,,0.14420439716741457,10,10,13
L17_SV28,matched_control_event_mean,correct,rollout_weighted,11,generated_local_index,-0.05696909819723274,0.10093296839578117,,0.10093296839578117,10,10,13
L17_SV28,matched_control_event_mean,correct,rollout_weighted,12,generated_local_index,0.005334666459011467,0.17389813052662195,,0.17389813052662195,10,10,13
L17_SV28,matched_control_event_mean,correct,rollout_weighted,13,generated_local_index,-0.15265900962780043,0.1862765086253205,,0.1862765086253205,10,10,13
L17_SV28,matched_control_event_mean,correct,rollout_weighted,14,generated_local_index,-0.21012673916482233,0.18925881664532626,,0.18925881664532626,10,10,13
L17_SV28,matched_control_event_mean,correct,rollout_weighted,15,generated_local_index,-0.1333692241557888,0.1604113448389056,,0.1604113448389056,10,10,13
L17_SV28,matched_control_event_mean,correct,rollout_weighted,16,generated_local_index,-0.3109581315856174,0.13877842204966595,,0.13877842204966595,10,10,13
L17_SV28,matched_control_event_mean,correct,rollout_weighted,17,generated_local_index,-0.2493809942776902,0.1538944258562309,,0.1538944258562309,9,9,12
L17_SV28,matched_control_event_mean,correct,rollout_weighted,18,generated_local_index,-0.005780629115440372,0.1367572024443752,,0.1367572024443752,9,9,12
L17_SV28,matched_control_event_mean,correct,rollout_weighted,19,generated_local_index,-0.13312650283925065,0.09752336888202463,,0.09752336888202463,9,9,12
L17_SV28,matched_control_event_mean,correct,rollout_weighted,20,generated_local_index,-0.2273207504252901,0.12414148937952683,,0.12414148937952683,9,9,12
L17_SV28,matched_control_event_mean,incorrect,event_weighted,-20,generated_local_index,-0.03909995415901719,0.1366972869849231,0.1366972869849231,,19,16,19
L17_SV28,matched_control_event_mean,incorrect,event_weighted,-19,generated_local_index,-0.00797344710561652,0.127430995240448,0.127430995240448,,19,16,19
L17_SV28,matched_control_event_mean,incorrect,event_weighted,-18,generated_local_index,-0.0398051933551619,0.12604851549726825,0.12604851549726825,,19,16,19
L17_SV28,matched_control_event_mean,incorrect,event_weighted,-17,generated_local_index,0.027159593040228892,0.12613070706082172,0.12613070706082172,,19,16,19
L17_SV28,matched_control_event_mean,incorrect,event_weighted,-16,generated_local_index,-0.14212623410023187,0.18928751907217384,0.18928751907217384,,19,16,19
L17_SV28,matched_control_event_mean,incorrect,event_weighted,-15,generated_local_index,-0.26085225313826893,0.15473638062303702,0.15473638062303702,,19,16,19
L17_SV28,matched_control_event_mean,incorrect,event_weighted,-14,generated_local_index,-0.15862362478644262,0.1638090852091501,0.1638090852091501,,19,16,19
L17_SV28,matched_control_event_mean,incorrect,event_weighted,-13,generated_local_index,-0.20992145973144644,0.14525304511819462,0.14525304511819462,,19,16,19
L17_SV28,matched_control_event_mean,incorrect,event_weighted,-12,generated_local_index,-0.17427819797973507,0.1291521151046528,0.1291521151046528,,19,16,19
L17_SV28,matched_control_event_mean,incorrect,event_weighted,-11,generated_local_index,-0.08371975868016582,0.1114314251079334,0.1114314251079334,,19,16,19
L17_SV28,matched_control_event_mean,incorrect,event_weighted,-10,generated_local_index,-0.21510755597552583,0.11807265372889397,0.11807265372889397,,19,16,19
L17_SV28,matched_control_event_mean,incorrect,event_weighted,-9,generated_local_index,-0.16334606798495277,0.13705904627556476,0.13705904627556476,,19,16,19
L17_SV28,matched_control_event_mean,incorrect,event_weighted,-8,generated_local_index,-0.08749810854972945,0.13128468202350305,0.13128468202350305,,19,16,19
L17_SV28,matched_control_event_mean,incorrect,event_weighted,-7,generated_local_index,-0.021585557065857137,0.10930032004393513,0.10930032004393513,,20,16,20
L17_SV28,matched_control_event_mean,incorrect,event_weighted,-6,generated_local_index,-0.06651299402981681,0.12373025608219748,0.12373025608219748,,20,16,20
L17_SV28,matched_control_event_mean,incorrect,event_weighted,-5,generated_local_index,0.023247514465764434,0.11733790263379412,0.11733790263379412,,21,16,21
L17_SV28,matched_control_event_mean,incorrect,event_weighted,-4,generated_local_index,-0.02283751737967023,0.11816816286549872,0.11816816286549872,,21,16,21
L17_SV28,matched_control_event_mean,incorrect,event_weighted,-3,generated_local_index,0.06529904376258526,0.12202040338959876,0.12202040338959876,,21,16,21
L17_SV28,matched_control_event_mean,incorrect,event_weighted,-2,generated_local_index,0.18542188461380185,0.10816546077143664,0.10816546077143664,,21,16,21
L17_SV28,matched_control_event_mean,incorrect,event_weighted,-1,generated_local_index,0.3035893665559268,0.12603471550395554,0.12603471550395554,,21,16,21
L17_SV28,matched_control_event_mean,incorrect,event_weighted,0,generated_local_index,-0.3244609768972801,0.11915282447219863,0.11915282447219863,,21,16,21
L17_SV28,matched_control_event_mean,incorrect,event_weighted,1,generated_local_index,-0.01748409042449223,0.1200954375080266,0.1200954375080266,,18,13,18
L17_SV28,matched_control_event_mean,incorrect,event_weighted,2,generated_local_index,-0.04236462074166706,0.1316858709593674,0.1316858709593674,,18,13,18
L17_SV28,matched_control_event_mean,incorrect,event_weighted,3,generated_local_index,-0.26746699002461133,0.1341555185618762,0.1341555185618762,,17,13,17
L17_SV28,matched_control_event_mean,incorrect,event_weighted,4,generated_local_index,-0.0939828623905512,0.1839556787741619,0.1839556787741619,,16,12,16
L17_SV28,matched_control_event_mean,incorrect,event_weighted,5,generated_local_index,-0.26544384653163955,0.1685709357433364,0.1685709357433364,,16,12,16
L17_SV28,matched_control_event_mean,incorrect,event_weighted,6,generated_local_index,0.01256429122679411,0.12530078384611779,0.12530078384611779,,16,12,16
L17_SV28,matched_control_event_mean,incorrect,event_weighted,7,generated_local_index,-0.10895585514525961,0.149736184850207,0.149736184850207,,15,12,15
L17_SV28,matched_control_event_mean,incorrect,event_weighted,8,generated_local_index,-0.14841011349532687,0.12438027013711107,0.12438027013711107,,15,12,15
L17_SV28,matched_control_event_mean,incorrect,event_weighted,9,generated_local_index,-0.25711589147401603,0.09658558908380727,0.09658558908380727,,15,12,15
L17_SV28,matched_control_event_mean,incorrect,event_weighted,10,generated_local_index,-0.2382996109995802,0.12498037998362717,0.12498037998362717,,15,12,15
L17_SV28,matched_control_event_mean,incorrect,event_weighted,11,generated_local_index,-0.17231038319323355,0.14508988523158736,0.14508988523158736,,14,11,14
L17_SV28,matched_control_event_mean,incorrect,event_weighted,12,generated_local_index,-0.29374284758621055,0.15150632440322234,0.15150632440322234,,14,11,14
L17_SV28,matched_control_event_mean,incorrect,event_weighted,13,generated_local_index,-0.2872857560502141,0.16041468209096552,0.16041468209096552,,14,11,14
L17_SV28,matched_control_event_mean,incorrect,event_weighted,14,generated_local_index,-0.012305748601093373,0.19020852246635278,0.19020852246635278,,14,11,14
L17_SV28,matched_control_event_mean,incorrect,event_weighted,15,generated_local_index,-0.13041519070112456,0.11334112290733855,0.11334112290733855,,13,10,13
L17_SV28,matched_control_event_mean,incorrect,event_weighted,16,generated_local_index,-0.13880874820186329,0.15223000704045575,0.15223000704045575,,12,10,12
L17_SV28,matched_control_event_mean,incorrect,event_weighted,17,generated_local_index,-0.05426201838415026,0.12182433113596197,0.12182433113596197,,12,10,12
L17_SV28,matched_control_event_mean,incorrect,event_weighted,18,generated_local_index,-0.153376655889892,0.12735828800575594,0.12735828800575594,,12,10,12
L17_SV28,matched_control_event_mean,incorrect,event_weighted,19,generated_local_index,0.09645119595736289,0.120509032518504,0.120509032518504,,12,10,12
L17_SV28,matched_control_event_mean,incorrect,event_weighted,20,generated_local_index,-0.18919388592822176,0.16650270105747947,0.16650270105747947,,12,10,12
L17_SV28,matched_control_event_mean,incorrect,rollout_weighted,-20,generated_local_index,-0.06417217429118041,0.15802143191265786,,0.15802143191265786,16,16,19
L17_SV28,matched_control_event_mean,incorrect,rollout_weighted,-19,generated_local_index,-0.0708479525443891,0.1414622224764658,,0.1414622224764658,16,16,19
L17_SV28,matched_control_event_mean,incorrect,rollout_weighted,-18,generated_local_index,-0.09403363791887162,0.12924290935056543,,0.12924290935056543,16,16,19
L17_SV28,matched_control_event_mean,incorrect,rollout_weighted,-17,generated_local_index,-0.023392743685146995,0.13486396309611468,,0.13486396309611468,16,16,19
L17_SV28,matched_control_event_mean,incorrect,rollout_weighted,-16,generated_local_index,-0.18241184641794625,0.1804001455368046,,0.1804001455368046,16,16,19
L17_SV28,matched_control_event_mean,incorrect,rollout_weighted,-15,generated_local_index,-0.33177002791847937,0.14337340524880518,,0.14337340524880518,16,16,19
L17_SV28,matched_control_event_mean,incorrect,rollout_weighted,-14,generated_local_index,-0.24966156128307357,0.17511926723443033,,0.17511926723443033,16,16,19
L17_SV28,matched_control_event_mean,incorrect,rollout_weighted,-13,generated_local_index,-0.25263398530486025,0.1463091887764654,,0.1463091887764654,16,16,19
L17_SV28,matched_control_event_mean,incorrect,rollout_weighted,-12,generated_local_index,-0.2324834004120169,0.1350106679612636,,0.1350106679612636,16,16,19
L17_SV28,matched_control_event_mean,incorrect,rollout_weighted,-11,generated_local_index,-0.1526764727434849,0.10595321167935046,,0.10595321167935046,16,16,19
L17_SV28,matched_control_event_mean,incorrect,rollout_weighted,-10,generated_local_index,-0.2613193593007522,0.11987470764030075,,0.11987470764030075,16,16,19
L17_SV28,matched_control_event_mean,incorrect,rollout_weighted,-9,generated_local_index,-0.2114577710062571,0.14431599746403073,,0.14431599746403073,16,16,19
L17_SV28,matched_control_event_mean,incorrect,rollout_weighted,-8,generated_local_index,-0.17809201858946627,0.13032179855881565,,0.13032179855881565,16,16,19
L17_SV28,matched_control_event_mean,incorrect,rollout_weighted,-7,generated_local_index,-0.04909305913624285,0.11934426586140165,,0.11934426586140165,16,16,20
L17_SV28,matched_control_event_mean,incorrect,rollout_weighted,-6,generated_local_index,-0.13923827111349063,0.12444179484983958,,0.12444179484983958,16,16,20
L17_SV28,matched_control_event_mean,incorrect,rollout_weighted,-5,generated_local_index,-0.035939908279620326,0.12928049493322158,,0.12928049493322158,16,16,21
L17_SV28,matched_control_event_mean,incorrect,rollout_weighted,-4,generated_local_index,-0.03816302298068083,0.1381413378983839,,0.1381413378983839,16,16,21
L17_SV28,matched_control_event_mean,incorrect,rollout_weighted,-3,generated_local_index,0.039513208805530775,0.1525067076782117,,0.1525067076782117,16,16,21
L17_SV28,matched_control_event_mean,incorrect,rollout_weighted,-2,generated_local_index,0.1685614629178365,0.12026612981426074,,0.12026612981426074,16,16,21
L17_SV28,matched_control_event_mean,incorrect,rollout_weighted,-1,generated_local_index,0.21758479459601748,0.1445732698488049,,0.1445732698488049,16,16,21
L17_SV28,matched_control_event_mean,incorrect,rollout_weighted,0,generated_local_index,-0.2337697747152304,0.135089748793611,,0.135089748793611,16,16,21
L17_SV28,matched_control_event_mean,incorrect,rollout_weighted,1,generated_local_index,0.023559721166575162,0.15800903359412327,,0.15800903359412327,13,13,18
L17_SV28,matched_control_event_mean,incorrect,rollout_weighted,2,generated_local_index,-0.023050604694911984,0.13731403774712142,,0.13731403774712142,13,13,18
L17_SV28,matched_control_event_mean,incorrect,rollout_weighted,3,generated_local_index,-0.22804616174205006,0.16138828653346984,,0.16138828653346984,13,13,17
L17_SV28,matched_control_event_mean,incorrect,rollout_weighted,4,generated_local_index,-0.23114364148648195,0.21329104510989938,,0.21329104510989938,12,12,16
L17_SV28,matched_control_event_mean,incorrect,rollout_weighted,5,generated_local_index,-0.24119659805547014,0.1662478618277291,,0.1662478618277291,12,12,16
L17_SV28,matched_control_event_mean,incorrect,rollout_weighted,6,generated_local_index,-0.06864489867124561,0.1452508200078231,,0.1452508200078231,12,12,16
L17_SV28,matched_control_event_mean,incorrect,rollout_weighted,7,generated_local_index,-0.17422204724530657,0.15206774059657777,,0.15206774059657777,12,12,15
L17_SV28,matched_control_event_mean,incorrect,rollout_weighted,8,generated_local_index,-0.1855435228092457,0.09573308174117359,,0.09573308174117359,12,12,15
L17_SV28,matched_control_event_mean,incorrect,rollout_weighted,9,generated_local_index,-0.2984115271343872,0.10756868164187468,,0.10756868164187468,12,12,15
L17_SV28,matched_control_event_mean,incorrect,rollout_weighted,10,generated_local_index,-0.2695333235458765,0.14072126155614498,,0.14072126155614498,12,12,15
L17_SV28,matched_control_event_mean,incorrect,rollout_weighted,11,generated_local_index,-0.1816917885261993,0.17137903119723438,,0.17137903119723438,11,11,14
L17_SV28,matched_control_event_mean,incorrect,rollout_weighted,12,generated_local_index,-0.39000800803089786,0.16617225330408752,,0.16617225330408752,11,11,14
L17_SV28,matched_control_event_mean,incorrect,rollout_weighted,13,generated_local_index,-0.3646820644157168,0.17976587144237757,,0.17976587144237757,11,11,14
L17_SV28,matched_control_event_mean,incorrect,rollout_weighted,14,generated_local_index,-0.1774410936165247,0.17828576599253726,,0.17828576599253726,11,11,14
L17_SV28,matched_control_event_mean,incorrect,rollout_weighted,15,generated_local_index,-0.14667480998099156,0.1375821803234557,,0.1375821803234557,10,10,13
L17_SV28,matched_control_event_mean,incorrect,rollout_weighted,16,generated_local_index,-0.18385292740416456,0.17393468807210463,,0.17393468807210463,10,10,12
L17_SV28,matched_control_event_mean,incorrect,rollout_weighted,17,generated_local_index,-0.0942090447954648,0.13306615325452778,,0.13306615325452778,10,10,12
L17_SV28,matched_control_event_mean,incorrect,rollout_weighted,18,generated_local_index,-0.21714450506216135,0.1286483534424161,,0.1286483534424161,10,10,12
L17_SV28,matched_control_event_mean,incorrect,rollout_weighted,19,generated_local_index,0.06161276067056578,0.13971880066557926,,0.13971880066557926,10,10,12
L17_SV28,matched_control_event_mean,incorrect,rollout_weighted,20,generated_local_index,-0.2510476111694501,0.16802177452466618,,0.16802177452466618,10,10,12
L17_SV28,matched_control_event_mean,ambiguous,event_weighted,-20,generated_local_index,-0.03026624602322242,0.14243505772889004,0.14243505772889004,,5,4,5
L17_SV28,matched_control_event_mean,ambiguous,event_weighted,-19,generated_local_index,-0.10508257980723257,0.10524767511899645,0.10524767511899645,,5,4,5
L17_SV28,matched_control_event_mean,ambiguous,event_weighted,-18,generated_local_index,0.07254869491688462,0.17532721896560838,0.17532721896560838,,5,4,5
L17_SV28,matched_control_event_mean,ambiguous,event_weighted,-17,generated_local_index,0.003882292323993175,0.2005956307490093,0.2005956307490093,,5,4,5
L17_SV28,matched_control_event_mean,ambiguous,event_weighted,-16,generated_local_index,0.35324046838482637,0.33556302328644166,0.33556302328644166,,5,4,5
L17_SV28,matched_control_event_mean,ambiguous,event_weighted,-15,generated_local_index,0.06420377759144213,0.08254114899598707,0.08254114899598707,,5,4,5
L17_SV28,matched_control_event_mean,ambiguous,event_weighted,-14,generated_local_index,-0.1683644897648464,0.20368633039995973,0.20368633039995973,,5,4,5
L17_SV28,matched_control_event_mean,ambiguous,event_weighted,-13,generated_local_index,0.006114680709780984,0.14638972754908933,0.14638972754908933,,5,4,5
L17_SV28,matched_control_event_mean,ambiguous,event_weighted,-12,generated_local_index,0.08695139261175346,0.12213635969716997,0.12213635969716997,,5,4,5
L17_SV28,matched_control_event_mean,ambiguous,event_weighted,-11,generated_local_index,0.4500944985132219,0.21953944094180977,0.21953944094180977,,5,4,5
L17_SV28,matched_control_event_mean,ambiguous,event_weighted,-10,generated_local_index,0.042910501479102525,0.17460488317813458,0.17460488317813458,,5,4,5
L17_SV28,matched_control_event_mean,ambiguous,event_weighted,-9,generated_local_index,-0.1950840901182565,0.19102878959289424,0.19102878959289424,,5,4,5
L17_SV28,matched_control_event_mean,ambiguous,event_weighted,-8,generated_local_index,0.02548410453370258,0.14712948306278048,0.14712948306278048,,5,4,5
L17_SV28,matched_control_event_mean,ambiguous,event_weighted,-7,generated_local_index,0.3352007621885645,0.0546276593657402,0.0546276593657402,,5,4,5
L17_SV28,matched_control_event_mean,ambiguous,event_weighted,-6,generated_local_index,0.0473248704149472,0.1988847467971412,0.1988847467971412,,5,4,5
L17_SV28,matched_control_event_mean,ambiguous,event_weighted,-5,generated_local_index,0.026977361618086414,0.16259010762837384,0.16259010762837384,,5,4,5
L17_SV28,matched_control_event_mean,ambiguous,event_weighted,-4,generated_local_index,-0.22715874774754918,0.25908630118316744,0.25908630118316744,,5,4,5
L17_SV28,matched_control_event_mean,ambiguous,event_weighted,-3,generated_local_index,0.2717747668894746,0.24094473945961725,0.24094473945961725,,5,4,5
L17_SV28,matched_control_event_mean,ambiguous,event_weighted,-2,generated_local_index,-0.09907744784244939,0.19860599589079797,0.19860599589079797,,5,4,5
L17_SV28,matched_control_event_mean,ambiguous,event_weighted,-1,generated_local_index,0.35919077182910447,0.21651754623037275,0.21651754623037275,,5,4,5
L17_SV28,matched_control_event_mean,ambiguous,event_weighted,0,generated_local_index,-0.6278739980310076,0.185938369855169,0.185938369855169,,5,4,5
L17_SV28,matched_control_event_mean,ambiguous,event_weighted,1,generated_local_index,-0.06458679989575986,0.20054965927624333,0.20054965927624333,,4,4,4
L17_SV28,matched_control_event_mean,ambiguous,event_weighted,2,generated_local_index,0.17368270998702373,0.20048457680791096,0.20048457680791096,,4,4,4
L17_SV28,matched_control_event_mean,ambiguous,event_weighted,3,generated_local_index,0.19914752714171477,0.21338003346587237,0.21338003346587237,,4,4,4
L17_SV28,matched_control_event_mean,ambiguous,event_weighted,4,generated_local_index,0.027599359343925906,0.25205910752874655,0.25205910752874655,,4,4,4
L17_SV28,matched_control_event_mean,ambiguous,event_weighted,5,generated_local_index,-0.05173977144593668,0.235347457370608,0.235347457370608,,4,4,4
L17_SV28,matched_control_event_mean,ambiguous,event_weighted,6,generated_local_index,0.09173025709253904,0.14815735627185228,0.14815735627185228,,4,4,4
L17_SV28,matched_control_event_mean,ambiguous,event_weighted,7,generated_local_index,0.1810322890849962,0.2196509039112985,0.2196509039112985,,4,4,4
L17_SV28,matched_control_event_mean,ambiguous,event_weighted,8,generated_local_index,0.05661995980740589,0.06358415208338809,0.06358415208338809,,4,4,4
L17_SV28,matched_control_event_mean,ambiguous,event_weighted,9,generated_local_index,-0.14489970091322013,0.2361392717307205,0.2361392717307205,,4,4,4
L17_SV28,matched_control_event_mean,ambiguous,event_weighted,10,generated_local_index,-0.22188198960396682,0.20555283282062758,0.20555283282062758,,4,4,4
L17_SV28,matched_control_event_mean,ambiguous,event_weighted,11,generated_local_index,-0.20547988854216714,0.11744890972251473,0.11744890972251473,,4,4,4
L17_SV28,matched_control_event_mean,ambiguous,event_weighted,12,generated_local_index,0.025433358170348384,0.14129473653351948,0.14129473653351948,,4,4,4
L17_SV28,matched_control_event_mean,ambiguous,event_weighted,13,generated_local_index,-0.24406130102485432,0.2541180920603303,0.2541180920603303,,4,4,4
L17_SV28,matched_control_event_mean,ambiguous,event_weighted,14,generated_local_index,0.567806766238369,0.11503502829548082,0.11503502829548082,,4,4,4
L17_SV28,matched_control_event_mean,ambiguous,event_weighted,15,generated_local_index,-0.09239154335714955,0.1988028877566128,0.1988028877566128,,4,4,4
L17_SV28,matched_control_event_mean,ambiguous,event_weighted,16,generated_local_index,-0.4219740317577851,0.16559863053952062,0.16559863053952062,,4,4,4
L17_SV28,matched_control_event_mean,ambiguous,event_weighted,17,generated_local_index,-0.05552498169768007,0.08641744097677215,0.08641744097677215,,4,4,4
L17_SV28,matched_control_event_mean,ambiguous,event_weighted,18,generated_local_index,0.13939103410178588,0.2613810990511052,0.2613810990511052,,4,4,4
L17_SV28,matched_control_event_mean,ambiguous,event_weighted,19,generated_local_index,-0.2137487577573293,0.1431430545757208,0.1431430545757208,,4,4,4
L17_SV28,matched_control_event_mean,ambiguous,event_weighted,20,generated_local_index,0.22130041503446118,0.15935484330977728,0.15935484330977728,,4,4,4
L17_SV28,matched_control_event_mean,ambiguous,rollout_weighted,-20,generated_local_index,-0.026934335983583968,0.1331411867532585,,0.1331411867532585,4,4,5
L17_SV28,matched_control_event_mean,ambiguous,rollout_weighted,-19,generated_local_index,-0.11676387178368772,0.10988036599802356,,0.10988036599802356,4,4,5
L17_SV28,matched_control_event_mean,ambiguous,rollout_weighted,-18,generated_local_index,0.09819907793315391,0.2175113150994609,,0.2175113150994609,4,4,5
L17_SV28,matched_control_event_mean,ambiguous,rollout_weighted,-17,generated_local_index,0.0330342503009603,0.2546733839098456,,0.2546733839098456,4,4,5
L17_SV28,matched_control_event_mean,ambiguous,rollout_weighted,-16,generated_local_index,0.2791661514399116,0.40320055213189215,,0.40320055213189215,4,4,5
L17_SV28,matched_control_event_mean,ambiguous,rollout_weighted,-15,generated_local_index,0.06404597872247504,0.047979931127471634,,0.047979931127471634,4,4,5
L17_SV28,matched_control_event_mean,ambiguous,rollout_weighted,-14,generated_local_index,-0.13979220186486557,0.25706722701570284,,0.25706722701570284,4,4,5
L17_SV28,matched_control_event_mean,ambiguous,rollout_weighted,-13,generated_local_index,-0.014546554925477066,0.08775970485892938,,0.08775970485892938,4,4,5
L17_SV28,matched_control_event_mean,ambiguous,rollout_weighted,-12,generated_local_index,0.08203174850161572,0.13546574793982263,,0.13546574793982263,4,4,5
L17_SV28,matched_control_event_mean,ambiguous,rollout_weighted,-11,generated_local_index,0.5454368029674377,0.20176457992895902,,0.20176457992895902,4,4,5
L17_SV28,matched_control_event_mean,ambiguous,rollout_weighted,-10,generated_local_index,-0.013064809865145674,0.21085942709835526,,0.21085942709835526,4,4,5
L17_SV28,matched_control_event_mean,ambiguous,rollout_weighted,-9,generated_local_index,-0.1669242521674013,0.2042689907715027,,0.2042689907715027,4,4,5
L17_SV28,matched_control_event_mean,ambiguous,rollout_weighted,-8,generated_local_index,0.03996449898551194,0.18337613385341436,,0.18337613385341436,4,4,5
L17_SV28,matched_control_event_mean,ambiguous,rollout_weighted,-7,generated_local_index,0.35329222018585604,0.04980151495826659,,0.04980151495826659,4,4,5
L17_SV28,matched_control_event_mean,ambiguous,rollout_weighted,-6,generated_local_index,0.09858340553683492,0.24808135391822572,,0.24808135391822572,4,4,5
L17_SV28,matched_control_event_mean,ambiguous,rollout_weighted,-5,generated_local_index,-0.018885936639446987,0.20075872859838143,,0.20075872859838143,4,4,5
L17_SV28,matched_control_event_mean,ambiguous,rollout_weighted,-4,generated_local_index,-0.2505119853984582,0.3005803743802065,,0.3005803743802065,4,4,5
L17_SV28,matched_control_event_mean,ambiguous,rollout_weighted,-3,generated_local_index,0.21922608335030688,0.1954647776493711,,0.1954647776493711,4,4,5
L17_SV28,matched_control_event_mean,ambiguous,rollout_weighted,-2,generated_local_index,-0.0878075842092213,0.23605750047033897,,0.23605750047033897,4,4,5
L17_SV28,matched_control_event_mean,ambiguous,rollout_weighted,-1,generated_local_index,0.3371375050847897,0.22691204405197793,,0.22691204405197793,4,4,5
L17_SV28,matched_control_event_mean,ambiguous,rollout_weighted,0,generated_local_index,-0.697388465984315,0.19622134622962684,,0.19622134622962684,4,4,5
L17_SV28,matched_control_event_mean,ambiguous,rollout_weighted,1,generated_local_index,-0.06458679989575986,0.20054965927624333,,0.20054965927624333,4,4,4
L17_SV28,matched_control_event_mean,ambiguous,rollout_weighted,2,generated_local_index,0.17368270998702373,0.20048457680791096,,0.20048457680791096,4,4,4
L17_SV28,matched_control_event_mean,ambiguous,rollout_weighted,3,generated_local_index,0.19914752714171477,0.21338003346587237,,0.21338003346587237,4,4,4
L17_SV28,matched_control_event_mean,ambiguous,rollout_weighted,4,generated_local_index,0.027599359343925906,0.25205910752874655,,0.25205910752874655,4,4,4
L17_SV28,matched_control_event_mean,ambiguous,rollout_weighted,5,generated_local_index,-0.05173977144593668,0.235347457370608,,0.235347457370608,4,4,4
L17_SV28,matched_control_event_mean,ambiguous,rollout_weighted,6,generated_local_index,0.09173025709253904,0.14815735627185228,,0.14815735627185228,4,4,4
L17_SV28,matched_control_event_mean,ambiguous,rollout_weighted,7,generated_local_index,0.1810322890849962,0.2196509039112985,,0.2196509039112985,4,4,4
L17_SV28,matched_control_event_mean,ambiguous,rollout_weighted,8,generated_local_index,0.05661995980740589,0.06358415208338809,,0.06358415208338809,4,4,4
L17_SV28,matched_control_event_mean,ambiguous,rollout_weighted,9,generated_local_index,-0.14489970091322013,0.2361392717307205,,0.2361392717307205,4,4,4
L17_SV28,matched_control_event_mean,ambiguous,rollout_weighted,10,generated_local_index,-0.22188198960396682,0.20555283282062758,,0.20555283282062758,4,4,4
L17_SV28,matched_control_event_mean,ambiguous,rollout_weighted,11,generated_local_index,-0.20547988854216714,0.11744890972251473,,0.11744890972251473,4,4,4
L17_SV28,matched_control_event_mean,ambiguous,rollout_weighted,12,generated_local_index,0.025433358170348384,0.14129473653351948,,0.14129473653351948,4,4,4
L17_SV28,matched_control_event_mean,ambiguous,rollout_weighted,13,generated_local_index,-0.24406130102485432,0.2541180920603303,,0.2541180920603303,4,4,4
L17_SV28,matched_control_event_mean,ambiguous,rollout_weighted,14,generated_local_index,0.567806766238369,0.11503502829548082,,0.11503502829548082,4,4,4
L17_SV28,matched_control_event_mean,ambiguous,rollout_weighted,15,generated_local_index,-0.09239154335714955,0.1988028877566128,,0.1988028877566128,4,4,4
L17_SV28,matched_control_event_mean,ambiguous,rollout_weighted,16,generated_local_index,-0.4219740317577851,0.16559863053952062,,0.16559863053952062,4,4,4
L17_SV28,matched_control_event_mean,ambiguous,rollout_weighted,17,generated_local_index,-0.05552498169768007,0.08641744097677215,,0.08641744097677215,4,4,4
L17_SV28,matched_control_event_mean,ambiguous,rollout_weighted,18,generated_local_index,0.13939103410178588,0.2613810990511052,,0.2613810990511052,4,4,4
L17_SV28,matched_control_event_mean,ambiguous,rollout_weighted,19,generated_local_index,-0.2137487577573293,0.1431430545757208,,0.1431430545757208,4,4,4
L17_SV28,matched_control_event_mean,ambiguous,rollout_weighted,20,generated_local_index,0.22130041503446118,0.15935484330977728,,0.15935484330977728,4,4,4
L18_SV30,event,all,event_weighted,-20,generated_local_index,0.03044072441618503,0.12641618127392193,0.12641618127392193,,42,20,42
L18_SV30,event,all,event_weighted,-19,generated_local_index,0.07311210504005977,0.16009143300250256,0.16009143300250256,,42,20,42
L18_SV30,event,all,event_weighted,-18,generated_local_index,0.18424497315294758,0.11870648499771976,0.11870648499771976,,43,20,43
L18_SV30,event,all,event_weighted,-17,generated_local_index,0.16014734603131006,0.1601189896561168,0.1601189896561168,,43,20,43
L18_SV30,event,all,event_weighted,-16,generated_local_index,0.2200648380576027,0.14640718130416105,0.14640718130416105,,47,20,47
L18_SV30,event,all,event_weighted,-15,generated_local_index,0.07418717548454933,0.14716879133783237,0.14716879133783237,,49,20,49
L18_SV30,event,all,event_weighted,-14,generated_local_index,-0.09885375747602998,0.12773936885100867,0.12773936885100867,,52,20,52
L18_SV30,event,all,event_weighted,-13,generated_local_index,0.3561281214236179,0.12678402499562397,0.12678402499562397,,52,20,52
L18_SV30,event,all,event_weighted,-12,generated_local_index,0.1566776286909046,0.13242996534439014,0.13242996534439014,,53,20,53
L18_SV30,event,all,event_weighted,-11,generated_local_index,0.18190458263405737,0.11953713218043743,0.11953713218043743,,53,20,53
L18_SV30,event,all,event_weighted,-10,generated_local_index,0.17730190020987938,0.12165223717434485,0.12165223717434485,,54,20,54
L18_SV30,event,all,event_weighted,-9,generated_local_index,0.1809187052786647,0.14217385415598588,0.14217385415598588,,54,20,54
L18_SV30,event,all,event_weighted,-8,generated_local_index,0.4445531814611279,0.1384809510310929,0.1384809510310929,,55,20,55
L18_SV30,event,all,event_weighted,-7,generated_local_index,0.06455660286955316,0.12414299400384446,0.12414299400384446,,57,20,57
L18_SV30,event,all,event_weighted,-6,generated_local_index,0.22447789805902424,0.13513921866580578,0.13513921866580578,,57,20,57
L18_SV30,event,all,event_weighted,-5,generated_local_index,0.03760599549762449,0.13911232157301326,0.13911232157301326,,58,20,58
L18_SV30,event,all,event_weighted,-4,generated_local_index,0.24777290079145417,0.13136218352201165,0.13136218352201165,,58,20,58
L18_SV30,event,all,event_weighted,-3,generated_local_index,0.44843098629324607,0.09633767005657638,0.09633767005657638,,58,20,58
L18_SV30,event,all,event_weighted,-2,generated_local_index,0.3558953881632707,0.11874896907158469,0.11874896907158469,,58,20,58
L18_SV30,event,all,event_weighted,-1,generated_local_index,0.44612808066593973,0.14764191108702643,0.14764191108702643,,58,20,58
L18_SV30,event,all,event_weighted,0,generated_local_index,-0.3584837343882694,0.09402051450186433,0.09402051450186433,,58,20,58
L18_SV30,event,all,event_weighted,1,generated_local_index,0.9321638301053408,0.12456975133037446,0.12456975133037446,,46,19,46
L18_SV30,event,all,event_weighted,2,generated_local_index,0.5212442662281288,0.15536446501416581,0.15536446501416581,,46,19,46
L18_SV30,event,all,event_weighted,3,generated_local_index,0.5220497953721461,0.16333622772117673,0.16333622772117673,,45,19,45
L18_SV30,event,all,event_weighted,4,generated_local_index,0.13718442809598194,0.1767661639744418,0.1767661639744418,,41,18,41
L18_SV30,event,all,event_weighted,5,generated_local_index,0.40710458261427873,0.1902811838040349,0.1902811838040349,,39,18,39
L18_SV30,event,all,event_weighted,6,generated_local_index,0.31871325253423344,0.15308932387494312,0.15308932387494312,,38,18,38
L18_SV30,event,all,event_weighted,7,generated_local_index,0.1550971717421569,0.162914625094803,0.162914625094803,,36,18,36
L18_SV30,event,all,event_weighted,8,generated_local_index,0.20265223246281913,0.16428769361220513,0.16428769361220513,,36,18,36
L18_SV30,event,all,event_weighted,9,generated_local_index,0.12115903987291358,0.16494433602565176,0.16494433602565176,,34,18,34
L18_SV30,event,all,event_weighted,10,generated_local_index,0.318329294619535,0.16265837294097404,0.16265837294097404,,32,18,32
L18_SV30,event,all,event_weighted,11,generated_local_index,0.2087473808079248,0.1690410162862041,0.1690410162862041,,31,18,31
L18_SV30,event,all,event_weighted,12,generated_local_index,0.4380577938353159,0.18106048950749673,0.18106048950749673,,31,18,31
L18_SV30,event,all,event_weighted,13,generated_local_index,0.17075152793812723,0.1637256762091342,0.1637256762091342,,31,18,31
L18_SV30,event,all,event_weighted,14,generated_local_index,-0.07396250163520104,0.20461602651703248,0.20461602651703248,,31,18,31
L18_SV30,event,all,event_weighted,15,generated_local_index,-0.022725701513638553,0.15249800235727923,0.15249800235727923,,30,17,30
L18_SV30,event,all,event_weighted,16,generated_local_index,0.23654483960872855,0.19368175607228047,0.19368175607228047,,29,17,29
L18_SV30,event,all,event_weighted,17,generated_local_index,0.08695098025844904,0.16527483250503677,0.16527483250503677,,28,16,28
L18_SV30,event,all,event_weighted,18,generated_local_index,0.24982823538689122,0.21075429062732248,0.21075429062732248,,28,16,28
L18_SV30,event,all,event_weighted,19,generated_local_index,0.23131114246401902,0.21339625929789163,0.21339625929789163,,28,16,28
L18_SV30,event,all,event_weighted,20,generated_local_index,0.034055739955348115,0.19596779980393136,0.19596779980393136,,28,16,28
L18_SV30,event,all,rollout_weighted,-20,generated_local_index,0.1314675726000913,0.14027834497076624,,0.14027834497076624,20,20,42
L18_SV30,event,all,rollout_weighted,-19,generated_local_index,0.025799737443648486,0.1698632282639247,,0.1698632282639247,20,20,42
L18_SV30,event,all,rollout_weighted,-18,generated_local_index,0.2065390590545617,0.11107977668264736,,0.11107977668264736,20,20,43
L18_SV30,event,all,rollout_weighted,-17,generated_local_index,0.1866009493650302,0.14065790883044205,,0.14065790883044205,20,20,43
L18_SV30,event,all,rollout_weighted,-16,generated_local_index,0.1613065898114611,0.13911580262700987,,0.13911580262700987,20,20,47
L18_SV30,event,all,rollout_weighted,-15,generated_local_index,0.03868782999214827,0.15204551261247778,,0.15204551261247778,20,20,49
L18_SV30,event,all,rollout_weighted,-14,generated_local_index,-0.0707932897130776,0.09957382137984386,,0.09957382137984386,20,20,52
L18_SV30,event,all,rollout_weighted,-13,generated_local_index,0.39998099664313014,0.1419382119320433,,0.1419382119320433,20,20,52
L18_SV30,event,all,rollout_weighted,-12,generated_local_index,0.170360639511821,0.15838505745180237,,0.15838505745180237,20,20,53
L18_SV30,event,all,rollout_weighted,-11,generated_local_index,0.22285646297457923,0.1540601727610165,,0.1540601727610165,20,20,53
L18_SV30,event,all,rollout_weighted,-10,generated_local_index,0.13069379004204065,0.13236807943700135,,0.13236807943700135,20,20,54
L18_SV30,event,all,rollout_weighted,-9,generated_local_index,0.16724405476791807,0.14439529845785778,,0.14439529845785778,20,20,54
L18_SV30,event,all,rollout_weighted,-8,generated_local_index,0.44122955197343466,0.11244938014128061,,0.11244938014128061,20,20,55
L18_SV30,event,all,rollout_weighted,-7,generated_local_index,-0.013857311051873544,0.11283989089769118,,0.11283989089769118,20,20,57
L18_SV30,event,all,rollout_weighted,-6,generated_local_index,0.17241538266461362,0.15327034182068783,,0.15327034182068783,20,20,57
L18_SV30,event,all,rollout_weighted,-5,generated_local_index,-0.03837054991432136,0.12922458527626812,,0.12922458527626812,20,20,58
L18_SV30,event,all,rollout_weighted,-4,generated_local_index,0.2817252087887542,0.13136453109890467,,0.13136453109890467,20,20,58
L18_SV30,event,all,rollout_weighted,-3,generated_local_index,0.4597278458064272,0.12357705379816067,,0.12357705379816067,20,20,58
L18_SV30,event,all,rollout_weighted,-2,generated_local_index,0.3212098349672393,0.12880338780213182,,0.12880338780213182,20,20,58
L18_SV30,event,all,rollout_weighted,-1,generated_local_index,0.44297819396561744,0.1558241615601655,,0.1558241615601655,20,20,58
L18_SV30,event,all,rollout_weighted,0,generated_local_index,-0.33411933535155175,0.12278789853814287,,0.12278789853814287,20,20,58
L18_SV30,event,all,rollout_weighted,1,generated_local_index,0.8680076853630908,0.11867915384999864,,0.11867915384999864,19,19,46
L18_SV30,event,all,rollout_weighted,2,generated_local_index,0.5099217223254257,0.1645947868148113,,0.1645947868148113,19,19,46
L18_SV30,event,all,rollout_weighted,3,generated_local_index,0.4691912511726615,0.15711950983468012,,0.15711950983468012,19,19,45
L18_SV30,event,all,rollout_weighted,4,generated_local_index,0.21484220767755519,0.1982402432638086,,0.1982402432638086,18,18,41
L18_SV30,event,all,rollout_weighted,5,generated_local_index,0.46542997650910944,0.21258179114743112,,0.21258179114743112,18,18,39
L18_SV30,event,all,rollout_weighted,6,generated_local_index,0.4416006098481715,0.1986904442468443,,0.1986904442468443,18,18,38
L18_SV30,event,all,rollout_weighted,7,generated_local_index,0.1822429811550745,0.16374460773601412,,0.16374460773601412,18,18,36
L18_SV30,event,all,rollout_weighted,8,generated_local_index,0.10225077849100529,0.18652233734919124,,0.18652233734919124,18,18,36
L18_SV30,event,all,rollout_weighted,9,generated_local_index,0.09478441686233426,0.2042529762083173,,0.2042529762083173,18,18,34
L18_SV30,event,all,rollout_weighted,10,generated_local_index,0.22492734071546738,0.2009526574743904,,0.2009526574743904,18,18,32
L18_SV30,event,all,rollout_weighted,11,generated_local_index,0.12751983103079595,0.15667868572355684,,0.15667868572355684,18,18,31
L18_SV30,event,all,rollout_weighted,12,generated_local_index,0.4396007553966994,0.13852324503838315,,0.13852324503838315,18,18,31
L18_SV30,event,all,rollout_weighted,13,generated_local_index,0.15127946242663678,0.13703888810144044,,0.13703888810144044,18,18,31
L18_SV30,event,all,rollout_weighted,14,generated_local_index,-0.013202578737601242,0.2216503537406588,,0.2216503537406588,18,18,31
L18_SV30,event,all,rollout_weighted,15,generated_local_index,-0.028244461930154747,0.1806292954356719,,0.1806292954356719,17,17,30
L18_SV30,event,all,rollout_weighted,16,generated_local_index,0.1234791853552265,0.21581517964398386,,0.21581517964398386,17,17,29
L18_SV30,event,all,rollout_weighted,17,generated_local_index,0.06471859878685116,0.2393811984540512,,0.2393811984540512,16,16,28
L18_SV30,event,all,rollout_weighted,18,generated_local_index,0.0632629119865309,0.2223514282018793,,0.2223514282018793,16,16,28
L18_SV30,event,all,rollout_weighted,19,generated_local_index,0.25222970916451215,0.20968782139608885,,0.20968782139608885,16,16,28
L18_SV30,event,all,rollout_weighted,20,generated_local_index,-0.04382204699612395,0.19884091031984563,,0.19884091031984563,16,16,28
L18_SV30,event,correct,event_weighted,-20,generated_local_index,-0.15060215584940786,0.16484270223109068,0.16484270223109068,,18,12,18
L18_SV30,event,correct,event_weighted,-19,generated_local_index,0.20670730243696844,0.2415585412760221,0.2415585412760221,,18,12,18
L18_SV30,event,correct,event_weighted,-18,generated_local_index,0.4067959199399146,0.20491378534392413,0.20491378534392413,,19,13,19
L18_SV30,event,correct,event_weighted,-17,generated_local_index,0.3446073793980009,0.23516864119129127,0.23516864119129127,,19,13,19
L18_SV30,event,correct,event_weighted,-16,generated_local_index,0.3249764348044305,0.19743032802914479,0.19743032802914479,,23,13,23
L18_SV30,event,correct,event_weighted,-15,generated_local_index,0.22272138793416338,0.23109180212705804,0.23109180212705804,,25,13,25
L18_SV30,event,correct,event_weighted,-14,generated_local_index,-0.06335876712311592,0.19104517569134832,0.19104517569134832,,28,13,28
L18_SV30,event,correct,event_weighted,-13,generated_local_index,0.3277843250845848,0.18251000674203574,0.18251000674203574,,28,13,28
L18_SV30,event,correct,event_weighted,-12,generated_local_index,0.2151753342633078,0.20345312687807965,0.20345312687807965,,29,14,29
L18_SV30,event,correct,event_weighted,-11,generated_local_index,0.1701981113711355,0.1562193640835096,0.1562193640835096,,29,14,29
L18_SV30,event,correct,event_weighted,-10,generated_local_index,0.18086961717259614,0.163483172164124,0.163483172164124,,30,14,30
L18_SV30,event,correct,event_weighted,-9,generated_local_index,0.14960121183104025,0.15740536624889734,0.15740536624889734,,30,14,30
L18_SV30,event,correct,event_weighted,-8,generated_local_index,0.6637503659676647,0.19664671951780294,0.19664671951780294,,31,14,31
L18_SV30,event,correct,event_weighted,-7,generated_local_index,0.20844846128091532,0.18282389094999604,0.18282389094999604,,32,14,32
L18_SV30,event,correct,event_weighted,-6,generated_local_index,0.3991162815403107,0.16384565263098116,0.16384565263098116,,32,14,32
L18_SV30,event,correct,event_weighted,-5,generated_local_index,0.3167244659342487,0.1803694234520194,0.1803694234520194,,32,14,32
L18_SV30,event,correct,event_weighted,-4,generated_local_index,0.5130718771468689,0.15985120823599244,0.15985120823599244,,32,14,32
L18_SV30,event,correct,event_weighted,-3,generated_local_index,0.586302565847603,0.10576462922050023,0.10576462922050023,,32,14,32
L18_SV30,event,correct,event_weighted,-2,generated_local_index,0.43217487218872624,0.15186666564311213,0.15186666564311213,,32,14,32
L18_SV30,event,correct,event_weighted,-1,generated_local_index,0.6385007184259444,0.17309585682927575,0.17309585682927575,,32,14,32
L18_SV30,event,correct,event_weighted,0,generated_local_index,-0.3798656072844752,0.11767567127383355,0.11767567127383355,,32,14,32
L18_SV30,event,correct,event_weighted,1,generated_local_index,1.0617965202961896,0.18354241420345507,0.18354241420345507,,24,14,24
L18_SV30,event,correct,event_weighted,2,generated_local_index,0.5158085432809507,0.2496563875823236,0.2496563875823236,,24,14,24
L18_SV30,event,correct,event_weighted,3,generated_local_index,0.6057992283394598,0.2494023039938977,0.2494023039938977,,24,14,24
L18_SV30,event,correct,event_weighted,4,generated_local_index,0.29078123222297264,0.2487506116883129,0.2487506116883129,,21,13,21
L18_SV30,event,correct,event_weighted,5,generated_local_index,0.45849945971929895,0.31362651572133343,0.31362651572133343,,19,12,19
L18_SV30,event,correct,event_weighted,6,generated_local_index,0.43628174491740906,0.2395254842871799,0.2395254842871799,,18,11,18
L18_SV30,event,correct,event_weighted,7,generated_local_index,0.40507231636024554,0.2626553233066014,0.2626553233066014,,17,11,17
L18_SV30,event,correct,event_weighted,8,generated_local_index,0.11318918650821452,0.21885906406845518,0.21885906406845518,,17,11,17
L18_SV30,event,correct,event_weighted,9,generated_local_index,0.20897198922793853,0.20819894196533986,0.20819894196533986,,15,11,15
L18_SV30,event,correct,event_weighted,10,generated_local_index,0.47938585931636835,0.31704965241683475,0.31704965241683475,,13,10,13
L18_SV30,event,correct,event_weighted,11,generated_local_index,0.37930394922749344,0.28184036194291656,0.28184036194291656,,13,10,13
L18_SV30,event,correct,event_weighted,12,generated_local_index,0.4425758039205699,0.16116056954879915,0.16116056954879915,,13,10,13
L18_SV30,event,correct,event_weighted,13,generated_local_index,-0.058105472038956135,0.24409034635138568,0.24409034635138568,,13,10,13
L18_SV30,event,correct,event_weighted,14,generated_local_index,0.40326696504036,0.41143699441563825,0.41143699441563825,,13,10,13
L18_SV30,event,correct,event_weighted,15,generated_local_index,-0.033447882834171036,0.21323334333172148,0.21323334333172148,,13,10,13
L18_SV30,event,correct,event_weighted,16,generated_local_index,0.20231641928417524,0.3450206900837023,0.3450206900837023,,13,10,13
L18_SV30,event,correct,event_weighted,17,generated_local_index,-0.16545955692331113,0.24694135868987943,0.24694135868987943,,12,9,12
L18_SV30,event,correct,event_weighted,18,generated_local_index,0.42022667101370037,0.37523066592906046,0.37523066592906046,,12,9,12
L18_SV30,event,correct,event_weighted,19,generated_local_index,0.35617729579453056,0.41700153721283945,0.41700153721283945,,12,9,12
L18_SV30,event,correct,event_weighted,20,generated_local_index,0.17672403400663247,0.34081246083264866,0.34081246083264866,,12,9,12
L18_SV30,event,correct,rollout_weighted,-20,generated_local_index,-0.03893490980771152,0.17148364210378425,,0.17148364210378425,12,12,18
L18_SV30,event,correct,rollout_weighted,-19,generated_local_index,0.27476851249097806,0.3141433350346207,,0.3141433350346207,12,12,18
L18_SV30,event,correct,rollout_weighted,-18,generated_local_index,0.49512051903663945,0.2352121391148794,,0.2352121391148794,13,13,19
L18_SV30,event,correct,rollout_weighted,-17,generated_local_index,0.4209936362237,0.29695688733078174,,0.29695688733078174,13,13,19
L18_SV30,event,correct,rollout_weighted,-16,generated_local_index,0.24784712724553565,0.24146787927964797,,0.24146787927964797,13,13,23
L18_SV30,event,correct,rollout_weighted,-15,generated_local_index,0.1553945416201547,0.24839120488037114,,0.24839120488037114,13,13,25
L18_SV30,event,correct,rollout_weighted,-14,generated_local_index,-0.05760167771344703,0.13523539336703236,,0.13523539336703236,13,13,28
L18_SV30,event,correct,rollout_weighted,-13,generated_local_index,0.30320120816021834,0.17258222449638191,,0.17258222449638191,13,13,28
L18_SV30,event,correct,rollout_weighted,-12,generated_local_index,0.14893725966201957,0.2541318608566896,,0.2541318608566896,14,14,29
L18_SV30,event,correct,rollout_weighted,-11,generated_local_index,0.1054570897505264,0.18535146984054957,,0.18535146984054957,14,14,29
L18_SV30,event,correct,rollout_weighted,-10,generated_local_index,0.11197977505909118,0.1905928407511444,,0.1905928407511444,14,14,30
L18_SV30,event,correct,rollout_weighted,-9,generated_local_index,0.1550515320719358,0.1660965518327902,,0.1660965518327902,14,14,30
L18_SV30,event,correct,rollout_weighted,-8,generated_local_index,0.6995041222703974,0.16893630444906188,,0.16893630444906188,14,14,31
L18_SV30,event,correct,rollout_weighted,-7,generated_local_index,0.2218661979025953,0.1660992367918828,,0.1660992367918828,14,14,32
L18_SV30,event,correct,rollout_weighted,-6,generated_local_index,0.303239429146323,0.20681243281415584,,0.20681243281415584,14,14,32
L18_SV30,event,correct,rollout_weighted,-5,generated_local_index,0.2819213063588205,0.14026579985376286,,0.14026579985376286,14,14,32
L18_SV30,event,correct,rollout_weighted,-4,generated_local_index,0.5001247799565262,0.12092263730533667,,0.12092263730533667,14,14,32
L18_SV30,event,correct,rollout_weighted,-3,generated_local_index,0.5536092786634762,0.12286022025187539,,0.12286022025187539,14,14,32
L18_SV30,event,correct,rollout_weighted,-2,generated_local_index,0.3897027571119064,0.14010888083477946,,0.14010888083477946,14,14,32
L18_SV30,event,correct,rollout_weighted,-1,generated_local_index,0.5820231515440059,0.14641931553947063,,0.14641931553947063,14,14,32
L18_SV30,event,correct,rollout_weighted,0,generated_local_index,-0.3412491605140598,0.10950712918713551,,0.10950712918713551,14,14,32
L18_SV30,event,correct,rollout_weighted,1,generated_local_index,1.0501481356512408,0.21157269017176428,,0.21157269017176428,14,14,24
L18_SV30,event,correct,rollout_weighted,2,generated_local_index,0.45364673634873803,0.3050400670303706,,0.3050400670303706,14,14,24
L18_SV30,event,correct,rollout_weighted,3,generated_local_index,0.5850846970668048,0.2780551063079907,,0.2780551063079907,14,14,24
L18_SV30,event,correct,rollout_weighted,4,generated_local_index,0.28578113122746696,0.3335381125103793,,0.3335381125103793,13,13,21
L18_SV30,event,correct,rollout_weighted,5,generated_local_index,0.23228911517736606,0.26840261980373,,0.26840261980373,12,12,19
L18_SV30,event,correct,rollout_weighted,6,generated_local_index,0.3743426047478631,0.2938370854415537,,0.2938370854415537,11,11,18
L18_SV30,event,correct,rollout_weighted,7,generated_local_index,0.26224035660967676,0.2276683848791588,,0.2276683848791588,11,11,17
L18_SV30,event,correct,rollout_weighted,8,generated_local_index,0.1183856292136598,0.19307082616110177,,0.19307082616110177,11,11,17
L18_SV30,event,correct,rollout_weighted,9,generated_local_index,0.12778431296691403,0.15945987515082558,,0.15945987515082558,11,11,15
L18_SV30,event,correct,rollout_weighted,10,generated_local_index,0.270790976722106,0.31480765329275623,,0.31480765329275623,10,10,13
L18_SV30,event,correct,rollout_weighted,11,generated_local_index,0.3381139056148851,0.2888470930656387,,0.2888470930656387,10,10,13
L18_SV30,event,correct,rollout_weighted,12,generated_local_index,0.40730250205773383,0.18163795123645865,,0.18163795123645865,10,10,13
L18_SV30,event,correct,rollout_weighted,13,generated_local_index,-0.11918257647619002,0.22683610429604578,,0.22683610429604578,10,10,13
L18_SV30,event,correct,rollout_weighted,14,generated_local_index,0.5692133398498591,0.42221272208995286,,0.42221272208995286,10,10,13
L18_SV30,event,correct,rollout_weighted,15,generated_local_index,0.00602528122816553,0.25447658619879526,,0.25447658619879526,10,10,13
L18_SV30,event,correct,rollout_weighted,16,generated_local_index,0.153217811512859,0.31919242795925,,0.31919242795925,10,10,13
L18_SV30,event,correct,rollout_weighted,17,generated_local_index,-0.25529604810648987,0.28388359392072654,,0.28388359392072654,9,9,12
L18_SV30,event,correct,rollout_weighted,18,generated_local_index,0.40768510952766246,0.4792471861114375,,0.4792471861114375,9,9,12
L18_SV30,event,correct,rollout_weighted,19,generated_local_index,0.3850067483043772,0.4387124581795457,,0.4387124581795457,9,9,12
L18_SV30,event,correct,rollout_weighted,20,generated_local_index,0.09984834360364098,0.3818484600776981,,0.3818484600776981,9,9,12
L18_SV30,event,incorrect,event_weighted,-20,generated_local_index,0.10540182036127502,0.22308510841638807,0.22308510841638807,,19,16,19
L18_SV30,event,incorrect,event_weighted,-19,generated_local_index,-0.3502042306113807,0.205228010503218,0.205228010503218,,19,16,19
L18_SV30,event,incorrect,event_weighted,-18,generated_local_index,-0.03821327662937184,0.15591164181045714,0.15591164181045714,,19,16,19
L18_SV30,event,incorrect,event_weighted,-17,generated_local_index,-0.19525793675586733,0.21394550980823823,0.21394550980823823,,19,16,19
L18_SV30,event,incorrect,event_weighted,-16,generated_local_index,-0.23765348605390027,0.18881962354420803,0.18881962354420803,,19,16,19
L18_SV30,event,incorrect,event_weighted,-15,generated_local_index,-0.23888340750224615,0.1833275814064019,0.1833275814064019,,19,16,19
L18_SV30,event,incorrect,event_weighted,-14,generated_local_index,-0.22945300061849133,0.17599353675984414,0.17599353675984414,,19,16,19
L18_SV30,event,incorrect,event_weighted,-13,generated_local_index,0.3225790892905163,0.20549334493747468,0.20549334493747468,,19,16,19
L18_SV30,event,incorrect,event_weighted,-12,generated_local_index,-0.060078489071396846,0.17740777714979009,0.17740777714979009,,19,16,19
L18_SV30,event,incorrect,event_weighted,-11,generated_local_index,0.1803739456365059,0.2031599047689904,0.2031599047689904,,19,16,19
L18_SV30,event,incorrect,event_weighted,-10,generated_local_index,0.024521017800242153,0.22012196321437744,0.22012196321437744,,19,16,19
L18_SV30,event,incorrect,event_weighted,-9,generated_local_index,-0.06979098727939684,0.20884177572279525,0.20884177572279525,,19,16,19
L18_SV30,event,incorrect,event_weighted,-8,generated_local_index,0.1514724040117728,0.20267789482985415,0.20267789482985415,,19,16,19
L18_SV30,event,incorrect,event_weighted,-7,generated_local_index,-0.06619796854208307,0.19103955320114926,0.19103955320114926,,20,16,20
L18_SV30,event,incorrect,event_weighted,-6,generated_local_index,-0.0312723662410118,0.25179791863456663,0.25179791863456663,,20,16,20
L18_SV30,event,incorrect,event_weighted,-5,generated_local_index,-0.4073059419192931,0.22252221470176606,0.22252221470176606,,21,16,21
L18_SV30,event,incorrect,event_weighted,-4,generated_local_index,-0.24562754872013484,0.2239598078146793,0.2239598078146793,,21,16,21
L18_SV30,event,incorrect,event_weighted,-3,generated_local_index,0.11482036875896687,0.1675667046072074,0.1675667046072074,,21,16,21
L18_SV30,event,incorrect,event_weighted,-2,generated_local_index,0.10728261988595462,0.18557520416163703,0.18557520416163703,,21,16,21
L18_SV30,event,incorrect,event_weighted,-1,generated_local_index,0.018194393474804012,0.28824021705071684,0.28824021705071684,,21,16,21
L18_SV30,event,incorrect,event_weighted,0,generated_local_index,-0.2751753432828258,0.17095973690577929,0.17095973690577929,,21,16,21
L18_SV30,event,incorrect,event_weighted,1,generated_local_index,0.7693627150412117,0.17651680991138544,0.17651680991138544,,18,13,18
L18_SV30,event,incorrect,event_weighted,2,generated_local_index,0.4070026137681713,0.2073358141782538,0.2073358141782538,,18,13,18
L18_SV30,event,incorrect,event_weighted,3,generated_local_index,0.43481430468013044,0.25270430765144336,0.25270430765144336,,17,13,17
L18_SV30,event,incorrect,event_weighted,4,generated_local_index,0.045781213632983986,0.3147956015872734,0.3147956015872734,,16,12,16
L18_SV30,event,incorrect,event_weighted,5,generated_local_index,0.4129908081370436,0.27586067215374155,0.27586067215374155,,16,12,16
L18_SV30,event,incorrect,event_weighted,6,generated_local_index,0.16552575526310948,0.23527339906292338,0.23527339906292338,,16,12,16
L18_SV30,event,incorrect,event_weighted,7,generated_local_index,-0.20742199471411096,0.22753789957217183,0.22753789957217183,,15,12,15
L18_SV30,event,incorrect,event_weighted,8,generated_local_index,0.10727326062445493,0.2547452532438528,0.2547452532438528,,15,12,15
L18_SV30,event,incorrect,event_weighted,9,generated_local_index,-0.07649396864987609,0.28412584518035905,0.28412584518035905,,15,12,15
L18_SV30,event,incorrect,event_weighted,10,generated_local_index,0.14998037816321014,0.2052554862067139,0.2052554862067139,,15,12,15
L18_SV30,event,incorrect,event_weighted,11,generated_local_index,0.06876929834787517,0.2706906624922992,0.2706906624922992,,14,11,14
L18_SV30,event,incorrect,event_weighted,12,generated_local_index,0.6730270325226343,0.33128322781998126,0.33128322781998126,,14,11,14
L18_SV30,event,incorrect,event_weighted,13,generated_local_index,0.3257340119592462,0.19408608084115436,0.19408608084115436,,14,11,14
L18_SV30,event,incorrect,event_weighted,14,generated_local_index,-0.5458469111905228,0.15267664720815094,0.15267664720815094,,14,11,14
L18_SV30,event,incorrect,event_weighted,15,generated_local_index,-0.02529833258319071,0.2411811604216276,0.2411811604216276,,13,10,13
L18_SV30,event,incorrect,event_weighted,16,generated_local_index,0.2711409143569146,0.27570470653652973,0.27570470653652973,,12,10,12
L18_SV30,event,incorrect,event_weighted,17,generated_local_index,0.3215300556449286,0.27103384182118084,0.27103384182118084,,12,10,12
L18_SV30,event,incorrect,event_weighted,18,generated_local_index,0.015879212740499166,0.28984784791558904,0.28984784791558904,,12,10,12
L18_SV30,event,incorrect,event_weighted,19,generated_local_index,0.2521444260443823,0.2611713379499529,0.2611713379499529,,12,10,12
L18_SV30,event,incorrect,event_weighted,20,generated_local_index,0.0652587240120409,0.2600486869572747,0.2600486869572747,,12,10,12
L18_SV30,event,incorrect,rollout_weighted,-20,generated_local_index,0.12172752666832112,0.25128410813845237,,0.25128410813845237,16,16,19
L18_SV30,event,incorrect,rollout_weighted,-19,generated_local_index,-0.24623698500303923,0.21089085994534285,,0.21089085994534285,16,16,19
L18_SV30,event,incorrect,rollout_weighted,-18,generated_local_index,-0.031273829115545215,0.17835734784364368,,0.17835734784364368,16,16,19
L18_SV30,event,incorrect,rollout_weighted,-17,generated_local_index,-0.25399513415062575,0.2179327731416037,,0.2179327731416037,16,16,19
L18_SV30,event,incorrect,rollout_weighted,-16,generated_local_index,-0.3107081641174141,0.2041809592405522,,0.2041809592405522,16,16,19
L18_SV30,event,incorrect,rollout_weighted,-15,generated_local_index,-0.2868330773766829,0.18285759267169988,,0.18285759267169988,16,16,19
L18_SV30,event,incorrect,rollout_weighted,-14,generated_local_index,-0.23195894703868308,0.19819393137722524,,0.19819393137722524,16,16,19
L18_SV30,event,incorrect,rollout_weighted,-13,generated_local_index,0.258874930239569,0.20210750433023544,,0.20210750433023544,16,16,19
L18_SV30,event,incorrect,rollout_weighted,-12,generated_local_index,0.003133400103175976,0.19318641158280792,,0.19318641158280792,16,16,19
L18_SV30,event,incorrect,rollout_weighted,-11,generated_local_index,0.15754224327466637,0.22967329687126398,,0.22967329687126398,16,16,19
L18_SV30,event,incorrect,rollout_weighted,-10,generated_local_index,0.03685183315496491,0.23928844442858913,,0.23928844442858913,16,16,19
L18_SV30,event,incorrect,rollout_weighted,-9,generated_local_index,-0.05851158436766989,0.22637724105234114,,0.22637724105234114,16,16,19
L18_SV30,event,incorrect,rollout_weighted,-8,generated_local_index,0.14511808421543082,0.22003032510273426,,0.22003032510273426,16,16,19
L18_SV30,event,incorrect,rollout_weighted,-7,generated_local_index,-0.16508236134808998,0.19102508718351907,,0.19102508718351907,16,16,20
L18_SV30,event,incorrect,rollout_weighted,-6,generated_local_index,0.024398926003593918,0.24510155761910737,,0.24510155761910737,16,16,20
L18_SV30,event,incorrect,rollout_weighted,-5,generated_local_index,-0.381241213714389,0.183519353393814,,0.183519353393814,16,16,21
L18_SV30,event,incorrect,rollout_weighted,-4,generated_local_index,-0.13105562263461823,0.21695166666461543,,0.21695166666461543,16,16,21
L18_SV30,event,incorrect,rollout_weighted,-3,generated_local_index,0.18546212305715715,0.16880673297892834,,0.16880673297892834,16,16,21
L18_SV30,event,incorrect,rollout_weighted,-2,generated_local_index,0.18075837361727257,0.19900037626993006,,0.19900037626993006,16,16,21
L18_SV30,event,incorrect,rollout_weighted,-1,generated_local_index,0.04441604704413697,0.25661745856223106,,0.25661745856223106,16,16,21
L18_SV30,event,incorrect,rollout_weighted,0,generated_local_index,-0.3558874791235912,0.15210886150207512,,0.15210886150207512,16,16,21
L18_SV30,event,incorrect,rollout_weighted,1,generated_local_index,0.6255787823167007,0.16780218901368352,,0.16780218901368352,13,13,18
L18_SV30,event,incorrect,rollout_weighted,2,generated_local_index,0.3845735492664189,0.15772561194282847,,0.15772561194282847,13,13,18
L18_SV30,event,incorrect,rollout_weighted,3,generated_local_index,0.37217298642688135,0.2388060638901435,,0.2388060638901435,13,13,17
L18_SV30,event,incorrect,rollout_weighted,4,generated_local_index,0.24894916876140397,0.28005122126664744,,0.28005122126664744,12,12,16
L18_SV30,event,incorrect,rollout_weighted,5,generated_local_index,0.44484707333820933,0.3444929683495587,,0.3444929683495587,12,12,16
L18_SV30,event,incorrect,rollout_weighted,6,generated_local_index,0.3547365769184388,0.26396037897934244,,0.26396037897934244,12,12,16
L18_SV30,event,incorrect,rollout_weighted,7,generated_local_index,-0.25279270663700804,0.23669951182469245,,0.23669951182469245,12,12,15
L18_SV30,event,incorrect,rollout_weighted,8,generated_local_index,0.06889995782805598,0.236652053784291,,0.236652053784291,12,12,15
L18_SV30,event,incorrect,rollout_weighted,9,generated_local_index,-0.012706462157112611,0.2968369967492172,,0.2968369967492172,12,12,15
L18_SV30,event,incorrect,rollout_weighted,10,generated_local_index,0.028391803747940172,0.2333788713462275,,0.2333788713462275,12,12,15
L18_SV30,event,incorrect,rollout_weighted,11,generated_local_index,0.03762342086733813,0.259284335139533,,0.259284335139533,11,11,14
L18_SV30,event,incorrect,rollout_weighted,12,generated_local_index,0.6890143880377615,0.2897375002218586,,0.2897375002218586,11,11,14
L18_SV30,event,incorrect,rollout_weighted,13,generated_local_index,0.22848589056904237,0.1666378318167471,,0.1666378318167471,11,11,14
L18_SV30,event,incorrect,rollout_weighted,14,generated_local_index,-0.596079294169345,0.13019993314926875,,0.13019993314926875,11,11,14
L18_SV30,event,incorrect,rollout_weighted,15,generated_local_index,-0.06638584056452049,0.24025732980823397,,0.24025732980823397,10,10,13
L18_SV30,event,incorrect,rollout_weighted,16,generated_local_index,0.15548369823636116,0.2821888869094054,,0.2821888869094054,10,10,12
L18_SV30,event,incorrect,rollout_weighted,17,generated_local_index,0.27460568111099626,0.2980354985435706,,0.2980354985435706,10,10,12
L18_SV30,event,incorrect,rollout_weighted,18,generated_local_index,-0.07118171648253462,0.2919009699816742,,0.2919009699816742,10,10,12
L18_SV30,event,incorrect,rollout_weighted,19,generated_local_index,0.17587448399068756,0.2675021988188659,,0.2675021988188659,10,10,12
L18_SV30,event,incorrect,rollout_weighted,20,generated_local_index,0.0013014067189399236,0.24047752511772927,,0.24047752511772927,10,10,12
L18_SV30,event,ambiguous,event_weighted,-20,generated_local_index,0.39734292878097754,0.20177537278260274,0.20177537278260274,,5,4,5
L18_SV30,event,ambiguous,event_weighted,-19,generated_local_index,1.200771469886662,0.2991423001245866,0.2991423001245866,,5,4,5
L18_SV30,event,ambiguous,event_weighted,-18,generated_local_index,0.18389272453528702,0.2113639801136951,0.2113639801136951,,5,4,5
L18_SV30,event,ambiguous,event_weighted,-17,generated_local_index,0.8097392938291588,0.573488864259167,0.573488864259167,,5,4,5
L18_SV30,event,ambiguous,event_weighted,-16,generated_local_index,1.476801124645906,0.33877701781011477,0.33877701781011477,,5,4,5
L18_SV30,event,ambiguous,event_weighted,-15,generated_local_index,0.5211843285863017,0.4467649090194564,0.4467649090194564,,5,4,5
L18_SV30,event,ambiguous,event_weighted,-14,generated_local_index,0.1986514204890042,0.46292622993910465,0.46292622993910465,,5,4,5
L18_SV30,event,ambiguous,event_weighted,-13,generated_local_index,0.6423397030279884,0.3571545790711272,0.3571545790711272,,5,4,5
L18_SV30,event,ambiguous,event_weighted,-12,generated_local_index,0.6410641838677107,0.2994676602907073,0.2994676602907073,,5,4,5
L18_SV30,event,ambiguous,event_weighted,-11,generated_local_index,0.25561853654970024,0.5204569257526296,0.5204569257526296,,5,4,5
L18_SV30,event,ambiguous,event_weighted,-10,generated_local_index,0.7364629515902013,0.16200121514372512,0.16200121514372512,,5,4,5
L18_SV30,event,ambiguous,event_weighted,-9,generated_local_index,1.3215204976850445,0.8261484350448148,0.8261484350448148,,5,4,5
L18_SV30,event,ambiguous,event_weighted,-8,generated_local_index,0.1992375918281489,0.4196062344569925,0.4196062344569925,,5,4,5
L18_SV30,event,ambiguous,event_weighted,-7,generated_local_index,-0.33333300531662097,0.13632339653747014,0.13632339653747014,,5,4,5
L18_SV30,event,ambiguous,event_weighted,-6,generated_local_index,0.12979330097893332,0.5119489518468363,0.5119489518468363,,5,4,5
L18_SV30,event,ambiguous,event_weighted,-5,generated_local_index,0.11987792185428428,0.4596252480307934,0.4596252480307934,,5,4,5
L18_SV30,event,ambiguous,event_weighted,-4,generated_local_index,0.6221413400654731,0.3583789237068045,0.3583789237068045,,5,4,5
L18_SV30,event,ambiguous,event_weighted,-3,generated_local_index,0.9672174707893341,0.41844603134528485,0.41844603134528485,,5,4,5
L18_SV30,event,ambiguous,event_weighted,-2,generated_local_index,0.9118803171650824,0.5588465632511441,0.5588465632511441,,5,4,5
L18_SV30,event,ambiguous,event_weighted,-1,generated_local_index,1.012264685204682,0.20187597294769,0.20187597294769,,5,4,5
L18_SV30,event,ambiguous,event_weighted,0,generated_local_index,-0.5715349904954157,0.3758335533760386,0.3758335533760386,,5,4,5
L18_SV30,event,ambiguous,event_weighted,1,generated_local_index,0.8869727067488309,0.5084981053130788,0.5084981053130788,,4,4,4
L18_SV30,event,ambiguous,event_weighted,2,generated_local_index,1.067946039981007,0.28506461088745216,0.28506461088745216,,4,4,4
L18_SV30,event,ambiguous,event_weighted,3,generated_local_index,0.3903040330093309,0.2502882382519062,0.2502882382519062,,4,4,4
L18_SV30,event,ambiguous,event_weighted,4,generated_local_index,-0.3035859357187268,0.0743227322903324,0.0743227322903324,,4,4,4
L18_SV30,event,ambiguous,event_weighted,5,generated_local_index,0.13943401427437305,0.34373998927700217,0.34373998927700217,,4,4,4
L18_SV30,event,ambiguous,event_weighted,6,generated_local_index,0.4024050258944387,0.3486144085878996,0.3486144085878996,,4,4,4
L18_SV30,event,ambiguous,event_weighted,7,generated_local_index,0.4521496813262848,0.1866833432158891,0.1866833432158891,,4,4,4
L18_SV30,event,ambiguous,event_weighted,8,generated_local_index,0.9405413221637546,0.6390706085286728,0.6390706085286728,,4,4,4
L18_SV30,event,ambiguous,event_weighted,9,generated_local_index,0.5330592617520318,0.5074385639405345,0.5074385639405345,,4,4,4
L18_SV30,event,ambiguous,event_weighted,10,generated_local_index,0.42620389606604425,0.2751893492755484,0.2751893492755484,,4,4,4
L18_SV30,event,ambiguous,event_weighted,11,generated_local_index,0.1443618220545,0.12182534176324708,0.12182534176324708,,4,4,4
L18_SV30,event,ambiguous,event_weighted,12,generated_local_index,-0.39901807434737424,0.49041768140939684,0.49041768140939684,,4,4,4
L18_SV30,event,ambiguous,event_weighted,13,generated_local_index,0.3720980837897319,0.7958237604364415,0.7958237604364415,,4,4,4
L18_SV30,event,ambiguous,event_weighted,14,generated_local_index,0.026637165112850886,0.4250620990237968,0.4250620990237968,,4,4,4
L18_SV30,event,ambiguous,event_weighted,15,generated_local_index,0.020482438754136634,0.5813788621229267,0.5813788621229267,,4,4,4
L18_SV30,event,ambiguous,event_weighted,16,generated_local_index,0.24399898141896917,0.3901473723429701,0.3901473723429701,,4,4,4
L18_SV30,event,ambiguous,event_weighted,17,generated_local_index,0.1404453656442909,0.349811467637175,0.349811467637175,,4,4,4
L18_SV30,event,ambiguous,event_weighted,18,generated_local_index,0.44047999644564007,0.4790641576935754,0.4790641576935754,,4,4,4
L18_SV30,event,ambiguous,event_weighted,19,generated_local_index,-0.20578716826860527,0.3550674468849628,0.3550674468849628,,4,4,4
L18_SV30,event,ambiguous,event_weighted,20,generated_local_index,-0.48755809436858305,0.5346291549927512,0.5346291549927512,,4,4,4
L18_SV30,event,ambiguous,rollout_weighted,-20,generated_local_index,0.405208971805862,0.10966868330559776,,0.10966868330559776,4,4,5
L18_SV30,event,ambiguous,rollout_weighted,-19,generated_local_index,1.3186231833319515,0.31770592213516535,,0.31770592213516535,4,4,5
L18_SV30,event,ambiguous,rollout_weighted,-18,generated_local_index,0.2907237256641708,0.23541183309699162,,0.23541183309699162,4,4,5
L18_SV30,event,ambiguous,rollout_weighted,-17,generated_local_index,0.9532299523055928,0.6447229247610853,,0.6447229247610853,4,4,5
L18_SV30,event,ambiguous,rollout_weighted,-16,generated_local_index,1.4893557569306028,0.42999064434414835,,0.42999064434414835,4,4,5
L18_SV30,event,ambiguous,rollout_weighted,-15,generated_local_index,0.5989718350407831,0.5029301481633602,,0.5029301481633602,4,4,5
L18_SV30,event,ambiguous,rollout_weighted,-14,generated_local_index,0.08290245311707045,0.33041857617350656,,0.33041857617350656,4,4,5
L18_SV30,event,ambiguous,rollout_weighted,-13,generated_local_index,0.5238413071805927,0.3958009635993604,,0.3958009635993604,4,4,5
L18_SV30,event,ambiguous,rollout_weighted,-12,generated_local_index,0.5357302921479106,0.358684702446795,,0.358684702446795,4,4,5
L18_SV30,event,ambiguous,rollout_weighted,-11,generated_local_index,0.014244301782951163,0.49550735166283205,,0.49550735166283205,4,4,5
L18_SV30,event,ambiguous,rollout_weighted,-10,generated_local_index,0.7569343072931636,0.18872653297640876,,0.18872653297640876,4,4,5
L18_SV30,event,ambiguous,rollout_weighted,-9,generated_local_index,1.376531940158674,1.0630955105409239,,1.0630955105409239,4,4,5
L18_SV30,event,ambiguous,rollout_weighted,-8,generated_local_index,0.24319271771986062,0.5257155750836524,,0.5257155750836524,4,4,5
L18_SV30,event,ambiguous,rollout_weighted,-7,generated_local_index,-0.2887998928756393,0.16406536816090808,,0.16406536816090808,4,4,5
L18_SV30,event,ambiguous,rollout_weighted,-6,generated_local_index,0.24890759346018962,0.6255975872593383,,0.6255975872593383,4,4,5
L18_SV30,event,ambiguous,rollout_weighted,-5,generated_local_index,0.37413719073196283,0.4655436668439475,,0.4655436668439475,4,4,5
L18_SV30,event,ambiguous,rollout_weighted,-4,generated_local_index,0.7130067740888797,0.3825059074660425,,0.3825059074660425,4,4,5
L18_SV30,event,ambiguous,rollout_weighted,-3,generated_local_index,0.9230050614624101,0.48724866592869326,,0.48724866592869326,4,4,5
L18_SV30,event,ambiguous,rollout_weighted,-2,generated_local_index,0.9474167716486299,0.7199962095783682,,0.7199962095783682,4,4,5
L18_SV30,event,ambiguous,rollout_weighted,-1,generated_local_index,1.06685733579632,0.19895078455403564,,0.19895078455403564,4,4,5
L18_SV30,event,ambiguous,rollout_weighted,0,generated_local_index,-0.5017613655481752,0.4338716800135295,,0.4338716800135295,4,4,5
L18_SV30,event,ambiguous,rollout_weighted,1,generated_local_index,0.8869727067488309,0.5084981053130788,,0.5084981053130788,4,4,4
L18_SV30,event,ambiguous,rollout_weighted,2,generated_local_index,1.067946039981007,0.28506461088745216,,0.28506461088745216,4,4,4
L18_SV30,event,ambiguous,rollout_weighted,3,generated_local_index,0.3903040330093309,0.2502882382519062,,0.2502882382519062,4,4,4
L18_SV30,event,ambiguous,rollout_weighted,4,generated_local_index,-0.3035859357187268,0.0743227322903324,,0.0743227322903324,4,4,4
L18_SV30,event,ambiguous,rollout_weighted,5,generated_local_index,0.13943401427437305,0.34373998927700217,,0.34373998927700217,4,4,4
L18_SV30,event,ambiguous,rollout_weighted,6,generated_local_index,0.4024050258944387,0.3486144085878996,,0.3486144085878996,4,4,4
L18_SV30,event,ambiguous,rollout_weighted,7,generated_local_index,0.4521496813262848,0.1866833432158891,,0.1866833432158891,4,4,4
L18_SV30,event,ambiguous,rollout_weighted,8,generated_local_index,0.9405413221637546,0.6390706085286728,,0.6390706085286728,4,4,4
L18_SV30,event,ambiguous,rollout_weighted,9,generated_local_index,0.5330592617520318,0.5074385639405345,,0.5074385639405345,4,4,4
L18_SV30,event,ambiguous,rollout_weighted,10,generated_local_index,0.42620389606604425,0.2751893492755484,,0.2751893492755484,4,4,4
L18_SV30,event,ambiguous,rollout_weighted,11,generated_local_index,0.1443618220545,0.12182534176324708,,0.12182534176324708,4,4,4
L18_SV30,event,ambiguous,rollout_weighted,12,generated_local_index,-0.39901807434737424,0.49041768140939684,,0.49041768140939684,4,4,4
L18_SV30,event,ambiguous,rollout_weighted,13,generated_local_index,0.3720980837897319,0.7958237604364415,,0.7958237604364415,4,4,4
L18_SV30,event,ambiguous,rollout_weighted,14,generated_local_index,0.026637165112850886,0.4250620990237968,,0.4250620990237968,4,4,4
L18_SV30,event,ambiguous,rollout_weighted,15,generated_local_index,0.020482438754136634,0.5813788621229267,,0.5813788621229267,4,4,4
L18_SV30,event,ambiguous,rollout_weighted,16,generated_local_index,0.24399898141896917,0.3901473723429701,,0.3901473723429701,4,4,4
L18_SV30,event,ambiguous,rollout_weighted,17,generated_local_index,0.1404453656442909,0.349811467637175,,0.349811467637175,4,4,4
L18_SV30,event,ambiguous,rollout_weighted,18,generated_local_index,0.44047999644564007,0.4790641576935754,,0.4790641576935754,4,4,4
L18_SV30,event,ambiguous,rollout_weighted,19,generated_local_index,-0.20578716826860527,0.3550674468849628,,0.3550674468849628,4,4,4
L18_SV30,event,ambiguous,rollout_weighted,20,generated_local_index,-0.48755809436858305,0.5346291549927512,,0.5346291549927512,4,4,4
L18_SV30,matched_control_event_mean,all,event_weighted,-20,generated_local_index,0.15731981817559204,0.06569686125637829,0.06569686125637829,,42,20,42
L18_SV30,matched_control_event_mean,all,event_weighted,-19,generated_local_index,-0.0352317954400915,0.07140202297048484,0.07140202297048484,,42,20,42
L18_SV30,matched_control_event_mean,all,event_weighted,-18,generated_local_index,-0.003630337605318971,0.062381700492583736,0.062381700492583736,,43,20,43
L18_SV30,matched_control_event_mean,all,event_weighted,-17,generated_local_index,0.03174581153351532,0.07624963876796483,0.07624963876796483,,43,20,43
L18_SV30,matched_control_event_mean,all,event_weighted,-16,generated_local_index,0.07351916394492436,0.06391022968995766,0.06391022968995766,,47,20,47
L18_SV30,matched_control_event_mean,all,event_weighted,-15,generated_local_index,-0.0026991183826960293,0.05266526660258212,0.05266526660258212,,49,20,49
L18_SV30,matched_control_event_mean,all,event_weighted,-14,generated_local_index,-0.09603793099822835,0.06668556486916366,0.06668556486916366,,52,20,52
L18_SV30,matched_control_event_mean,all,event_weighted,-13,generated_local_index,0.04884357180192431,0.05850550774568636,0.05850550774568636,,52,20,52
L18_SV30,matched_control_event_mean,all,event_weighted,-12,generated_local_index,-0.08269544387543164,0.06654623649326118,0.06654623649326118,,53,20,53
L18_SV30,matched_control_event_mean,all,event_weighted,-11,generated_local_index,-0.006346950551296575,0.07339672215469788,0.07339672215469788,,53,20,53
L18_SV30,matched_control_event_mean,all,event_weighted,-10,generated_local_index,-0.02619971264726042,0.06668324784989917,0.06668324784989917,,54,20,54
L18_SV30,matched_control_event_mean,all,event_weighted,-9,generated_local_index,-0.014571540041595254,0.06113226715130784,0.06113226715130784,,54,20,54
L18_SV30,matched_control_event_mean,all,event_weighted,-8,generated_local_index,-0.06074499751590213,0.06375372095820099,0.06375372095820099,,55,20,55
L18_SV30,matched_control_event_mean,all,event_weighted,-7,generated_local_index,-0.05991499797233939,0.06351239778764214,0.06351239778764214,,57,20,57
L18_SV30,matched_control_event_mean,all,event_weighted,-6,generated_local_index,-0.06885419048656344,0.045824273938918476,0.045824273938918476,,57,20,57
L18_SV30,matched_control_event_mean,all,event_weighted,-5,generated_local_index,-0.11918127786732483,0.07267711774554433,0.07267711774554433,,58,20,58
L18_SV30,matched_control_event_mean,all,event_weighted,-4,generated_local_index,-0.15729849773719226,0.055789551816305294,0.055789551816305294,,58,20,58
L18_SV30,matched_control_event_mean,all,event_weighted,-3,generated_local_index,-0.18458240828655717,0.06425326824199999,0.06425326824199999,,58,20,58
L18_SV30,matched_control_event_mean,all,event_weighted,-2,generated_local_index,-0.1037588676129317,0.055006897023882825,0.055006897023882825,,58,20,58
L18_SV30,matched_control_event_mean,all,event_weighted,-1,generated_local_index,-0.08550697292197096,0.05767746302990929,0.05767746302990929,,58,20,58
L18_SV30,matched_control_event_mean,all,event_weighted,0,generated_local_index,-0.6630957784678094,0.048496245998538016,0.048496245998538016,,58,20,58
L18_SV30,matched_control_event_mean,all,event_weighted,1,generated_local_index,-0.01729393708783468,0.07506226505715669,0.07506226505715669,,46,19,46
L18_SV30,matched_control_event_mean,all,event_weighted,2,generated_local_index,0.037251569032650776,0.067906483698067,0.067906483698067,,46,19,46
L18_SV30,matched_control_event_mean,all,event_weighted,3,generated_local_index,0.054317425822896066,0.05512454416370494,0.05512454416370494,,45,19,45
L18_SV30,matched_control_event_mean,all,event_weighted,4,generated_local_index,-0.0013477741458841456,0.07998520660703133,0.07998520660703133,,41,18,41
L18_SV30,matched_control_event_mean,all,event_weighted,5,generated_local_index,-0.1312541035933826,0.07384297162528466,0.07384297162528466,,39,18,39
L18_SV30,matched_control_event_mean,all,event_weighted,6,generated_local_index,-0.07439022108615699,0.07787543397755234,0.07787543397755234,,38,18,38
L18_SV30,matched_control_event_mean,all,event_weighted,7,generated_local_index,-0.09670776989546377,0.08675969444191776,0.08675969444191776,,36,18,36
L18_SV30,matched_control_event_mean,all,event_weighted,8,generated_local_index,-0.16087685099120516,0.0833490348079529,0.0833490348079529,,36,18,36
L18_SV30,matched_control_event_mean,all,event_weighted,9,generated_local_index,-0.19140072006451883,0.08129537605208159,0.08129537605208159,,34,18,34
L18_SV30,matched_control_event_mean,all,event_weighted,10,generated_local_index,-0.12263000823598977,0.0701181850535524,0.0701181850535524,,32,18,32
L18_SV30,matched_control_event_mean,all,event_weighted,11,generated_local_index,-0.12447415893527461,0.06996427147824705,0.06996427147824705,,31,18,31
L18_SV30,matched_control_event_mean,all,event_weighted,12,generated_local_index,-0.14422105097776902,0.07799386899469016,0.07799386899469016,,31,18,31
L18_SV30,matched_control_event_mean,all,event_weighted,13,generated_local_index,-0.22025635338860727,0.07910118801151822,0.07910118801151822,,31,18,31
L18_SV30,matched_control_event_mean,all,event_weighted,14,generated_local_index,0.00815173717610747,0.09012509476553901,0.09012509476553901,,31,18,31
L18_SV30,matched_control_event_mean,all,event_weighted,15,generated_local_index,-0.10323947508170819,0.06252314070754372,0.06252314070754372,,30,17,30
L18_SV30,matched_control_event_mean,all,event_weighted,16,generated_local_index,-0.25200388926745976,0.07823507537597438,0.07823507537597438,,29,17,29
L18_SV30,matched_control_event_mean,all,event_weighted,17,generated_local_index,-0.03139858216148325,0.08280242797020455,0.08280242797020455,,28,16,28
L18_SV30,matched_control_event_mean,all,event_weighted,18,generated_local_index,-0.17078165216232472,0.08979924783542956,0.08979924783542956,,28,16,28
L18_SV30,matched_control_event_mean,all,event_weighted,19,generated_local_index,0.00014189331861302095,0.08071923751308964,0.08071923751308964,,28,16,28
L18_SV30,matched_control_event_mean,all,event_weighted,20,generated_local_index,-0.0799953870584217,0.07921118520790862,0.07921118520790862,,28,16,28
L18_SV30,matched_control_event_mean,all,rollout_weighted,-20,generated_local_index,0.10378365032485504,0.0641359125472726,,0.0641359125472726,20,20,42
L18_SV30,matched_control_event_mean,all,rollout_weighted,-19,generated_local_index,-0.07076855183348976,0.08730711416557854,,0.08730711416557854,20,20,42
L18_SV30,matched_control_event_mean,all,rollout_weighted,-18,generated_local_index,-0.06734135531552402,0.07814890943947524,,0.07814890943947524,20,20,43
L18_SV30,matched_control_event_mean,all,rollout_weighted,-17,generated_local_index,0.013588499280778668,0.09540570924050147,,0.09540570924050147,20,20,43
L18_SV30,matched_control_event_mean,all,rollout_weighted,-16,generated_local_index,0.07122727451393465,0.095716531130952,,0.095716531130952,20,20,47
L18_SV30,matched_control_event_mean,all,rollout_weighted,-15,generated_local_index,0.0023406004527555175,0.05646462837727155,,0.05646462837727155,20,20,49
L18_SV30,matched_control_event_mean,all,rollout_weighted,-14,generated_local_index,-0.17963436132333224,0.08222363510543895,,0.08222363510543895,20,20,52
L18_SV30,matched_control_event_mean,all,rollout_weighted,-13,generated_local_index,-0.002008792199514292,0.09710402556454877,,0.09710402556454877,20,20,52
L18_SV30,matched_control_event_mean,all,rollout_weighted,-12,generated_local_index,-0.10585202948878422,0.09051939934447097,,0.09051939934447097,20,20,53
L18_SV30,matched_control_event_mean,all,rollout_weighted,-11,generated_local_index,-0.048350695021301016,0.09381265207213199,,0.09381265207213199,20,20,53
L18_SV30,matched_control_event_mean,all,rollout_weighted,-10,generated_local_index,-0.027670214098495193,0.10690836389034514,,0.10690836389034514,20,20,54
L18_SV30,matched_control_event_mean,all,rollout_weighted,-9,generated_local_index,-0.05538279738501284,0.08009632190017486,,0.08009632190017486,20,20,54
L18_SV30,matched_control_event_mean,all,rollout_weighted,-8,generated_local_index,-0.1141604162321164,0.08541805291818262,,0.08541805291818262,20,20,55
L18_SV30,matched_control_event_mean,all,rollout_weighted,-7,generated_local_index,-0.0768544925945958,0.07647335758937644,,0.07647335758937644,20,20,57
L18_SV30,matched_control_event_mean,all,rollout_weighted,-6,generated_local_index,-0.07744030288176983,0.04500902431167528,,0.04500902431167528,20,20,57
L18_SV30,matched_control_event_mean,all,rollout_weighted,-5,generated_local_index,-0.1329915998915791,0.07389907494487191,,0.07389907494487191,20,20,58
L18_SV30,matched_control_event_mean,all,rollout_weighted,-4,generated_local_index,-0.19868098476586993,0.07024904279383398,,0.07024904279383398,20,20,58
L18_SV30,matched_control_event_mean,all,rollout_weighted,-3,generated_local_index,-0.19487621814630113,0.07149631562470311,,0.07149631562470311,20,20,58
L18_SV30,matched_control_event_mean,all,rollout_weighted,-2,generated_local_index,-0.12711276705447952,0.04743031302017169,,0.04743031302017169,20,20,58
L18_SV30,matched_control_event_mean,all,rollout_weighted,-1,generated_local_index,-0.09948112261272041,0.06472688417985015,,0.06472688417985015,20,20,58
L18_SV30,matched_control_event_mean,all,rollout_weighted,0,generated_local_index,-0.6919005563878999,0.05699338419441389,,0.05699338419441389,20,20,58
L18_SV30,matched_control_event_mean,all,rollout_weighted,1,generated_local_index,-0.016943544001377257,0.09354228933679015,,0.09354228933679015,19,19,46
L18_SV30,matched_control_event_mean,all,rollout_weighted,2,generated_local_index,0.04014079737106537,0.05958803794403452,,0.05958803794403452,19,19,46
L18_SV30,matched_control_event_mean,all,rollout_weighted,3,generated_local_index,0.09532571736894223,0.052445229504856555,,0.052445229504856555,19,19,45
L18_SV30,matched_control_event_mean,all,rollout_weighted,4,generated_local_index,0.009950718774588578,0.10091475561192587,,0.10091475561192587,18,18,41
L18_SV30,matched_control_event_mean,all,rollout_weighted,5,generated_local_index,-0.10563348091125165,0.08731188660564518,,0.08731188660564518,18,18,39
L18_SV30,matched_control_event_mean,all,rollout_weighted,6,generated_local_index,-0.028930468141531163,0.07797801158084294,,0.07797801158084294,18,18,38
L18_SV30,matched_control_event_mean,all,rollout_weighted,7,generated_local_index,-0.11113651166364186,0.08682498053528326,,0.08682498053528326,18,18,36
L18_SV30,matched_control_event_mean,all,rollout_weighted,8,generated_local_index,-0.1560866840271671,0.06695963113420954,,0.06695963113420954,18,18,36
L18_SV30,matched_control_event_mean,all,rollout_weighted,9,generated_local_index,-0.21374689930696367,0.08080158255343939,,0.08080158255343939,18,18,34
L18_SV30,matched_control_event_mean,all,rollout_weighted,10,generated_local_index,-0.12464616184812932,0.0734982987754303,,0.0734982987754303,18,18,32
L18_SV30,matched_control_event_mean,all,rollout_weighted,11,generated_local_index,-0.12371494753401552,0.08832640714259268,,0.08832640714259268,18,18,31
L18_SV30,matched_control_event_mean,all,rollout_weighted,12,generated_local_index,-0.11408082910616038,0.07680620129752663,,0.07680620129752663,18,18,31
L18_SV30,matched_control_event_mean,all,rollout_weighted,13,generated_local_index,-0.2242331757667309,0.07668026951896616,,0.07668026951896616,18,18,31
L18_SV30,matched_control_event_mean,all,rollout_weighted,14,generated_local_index,0.01062452262547199,0.10312804213841481,,0.10312804213841481,18,18,31
L18_SV30,matched_control_event_mean,all,rollout_weighted,15,generated_local_index,-0.09837521439149156,0.05846248202100658,,0.05846248202100658,17,17,30
L18_SV30,matched_control_event_mean,all,rollout_weighted,16,generated_local_index,-0.24701241709628063,0.0854457277283477,,0.0854457277283477,17,17,29
L18_SV30,matched_control_event_mean,all,rollout_weighted,17,generated_local_index,0.008161102837650976,0.0815406832646092,,0.0815406832646092,16,16,28
L18_SV30,matched_control_event_mean,all,rollout_weighted,18,generated_local_index,-0.18489166996348322,0.09431095211665422,,0.09431095211665422,16,16,28
L18_SV30,matched_control_event_mean,all,rollout_weighted,19,generated_local_index,0.00010856806265845814,0.08341722105059278,,0.08341722105059278,16,16,28
L18_SV30,matched_control_event_mean,all,rollout_weighted,20,generated_local_index,-0.05032650276494277,0.08629988042068366,,0.08629988042068366,16,16,28
L18_SV30,matched_control_event_mean,correct,event_weighted,-20,generated_local_index,0.22502105143643936,0.10373240981421737,0.10373240981421737,,18,12,18
L18_SV30,matched_control_event_mean,correct,event_weighted,-19,generated_local_index,-0.07209349818857394,0.11589241801641277,0.11589241801641277,,18,12,18
L18_SV30,matched_control_event_mean,correct,event_weighted,-18,generated_local_index,0.0655587408071795,0.08009281945166548,0.08009281945166548,,19,13,19
L18_SV30,matched_control_event_mean,correct,event_weighted,-17,generated_local_index,-0.0054586977791137685,0.12311508785441981,0.12311508785441981,,19,13,19
L18_SV30,matched_control_event_mean,correct,event_weighted,-16,generated_local_index,0.08426833035647777,0.0899924850217886,0.0899924850217886,,23,13,23
L18_SV30,matched_control_event_mean,correct,event_weighted,-15,generated_local_index,-0.0902986140466226,0.07424371693244626,0.07424371693244626,,25,13,25
L18_SV30,matched_control_event_mean,correct,event_weighted,-14,generated_local_index,-0.07432359901293374,0.09251642308785056,0.09251642308785056,,28,13,28
L18_SV30,matched_control_event_mean,correct,event_weighted,-13,generated_local_index,0.0766386136158121,0.07435297543045308,0.07435297543045308,,28,13,28
L18_SV30,matched_control_event_mean,correct,event_weighted,-12,generated_local_index,-0.023355608150118914,0.09396822989510197,0.09396822989510197,,29,14,29
L18_SV30,matched_control_event_mean,correct,event_weighted,-11,generated_local_index,-0.01026226795350742,0.10708724274858976,0.10708724274858976,,29,14,29
L18_SV30,matched_control_event_mean,correct,event_weighted,-10,generated_local_index,-0.03439237642477274,0.07727663734942689,0.07727663734942689,,30,14,30
L18_SV30,matched_control_event_mean,correct,event_weighted,-9,generated_local_index,0.045271063370162304,0.08040967692650763,0.08040967692650763,,30,14,30
L18_SV30,matched_control_event_mean,correct,event_weighted,-8,generated_local_index,-0.09073923238071026,0.08390871286557264,0.08390871286557264,,31,14,31
L18_SV30,matched_control_event_mean,correct,event_weighted,-7,generated_local_index,-0.07729628878505802,0.08503340734079506,0.08503340734079506,,32,14,32
L18_SV30,matched_control_event_mean,correct,event_weighted,-6,generated_local_index,-0.051655345524373224,0.06780499308778255,0.06780499308778255,,32,14,32
L18_SV30,matched_control_event_mean,correct,event_weighted,-5,generated_local_index,-0.17984437408286175,0.10512967741297816,0.10512967741297816,,32,14,32
L18_SV30,matched_control_event_mean,correct,event_weighted,-4,generated_local_index,-0.15436544868979024,0.07684262839151117,0.07684262839151117,,32,14,32
L18_SV30,matched_control_event_mean,correct,event_weighted,-3,generated_local_index,-0.24221857653227513,0.08802976296205836,0.08802976296205836,,32,14,32
L18_SV30,matched_control_event_mean,correct,event_weighted,-2,generated_local_index,-0.11459504283243431,0.08602184128862563,0.08602184128862563,,32,14,32
L18_SV30,matched_control_event_mean,correct,event_weighted,-1,generated_local_index,-0.1580195821831329,0.08286176916782961,0.08286176916782961,,32,14,32
L18_SV30,matched_control_event_mean,correct,event_weighted,0,generated_local_index,-0.6849975583364187,0.07022967535601017,0.07022967535601017,,32,14,32
L18_SV30,matched_control_event_mean,correct,event_weighted,1,generated_local_index,-0.1630879601562816,0.10751879722868352,0.10751879722868352,,24,14,24
L18_SV30,matched_control_event_mean,correct,event_weighted,2,generated_local_index,-0.042787267036201594,0.11028542598599872,0.11028542598599872,,24,14,24
L18_SV30,matched_control_event_mean,correct,event_weighted,3,generated_local_index,0.00726010963856398,0.07948041666928983,0.07948041666928983,,24,14,24
L18_SV30,matched_control_event_mean,correct,event_weighted,4,generated_local_index,-0.09091770266268132,0.11722594932629406,0.11722594932629406,,21,13,21
L18_SV30,matched_control_event_mean,correct,event_weighted,5,generated_local_index,-0.1758200306744666,0.11278176125147403,0.11278176125147403,,19,12,19
L18_SV30,matched_control_event_mean,correct,event_weighted,6,generated_local_index,-0.17890444234426348,0.12692571634175204,0.12692571634175204,,18,11,18
L18_SV30,matched_control_event_mean,correct,event_weighted,7,generated_local_index,-0.07222128318429086,0.15129966497961855,0.15129966497961855,,17,11,17
L18_SV30,matched_control_event_mean,correct,event_weighted,8,generated_local_index,-0.19930936227724366,0.1438404561533791,0.1438404561533791,,17,11,17
L18_SV30,matched_control_event_mean,correct,event_weighted,9,generated_local_index,-0.15015162436708343,0.1379585558150441,0.1379585558150441,,15,11,15
L18_SV30,matched_control_event_mean,correct,event_weighted,10,generated_local_index,-0.17238477227989393,0.11902573923489733,0.11902573923489733,,13,10,13
L18_SV30,matched_control_event_mean,correct,event_weighted,11,generated_local_index,0.01872772741276654,0.10018323244763241,0.10018323244763241,,13,10,13
L18_SV30,matched_control_event_mean,correct,event_weighted,12,generated_local_index,-0.16920001595865516,0.12569146471081238,0.12569146471081238,,13,10,13
L18_SV30,matched_control_event_mean,correct,event_weighted,13,generated_local_index,-0.28300973681947533,0.15645535358297888,0.15645535358297888,,13,10,13
L18_SV30,matched_control_event_mean,correct,event_weighted,14,generated_local_index,-0.17054726147419663,0.12269521131647537,0.12269521131647537,,13,10,13
L18_SV30,matched_control_event_mean,correct,event_weighted,15,generated_local_index,-0.2730339702539879,0.08373043103414324,0.08373043103414324,,13,10,13
L18_SV30,matched_control_event_mean,correct,event_weighted,16,generated_local_index,-0.30979247037856206,0.1018030459501011,0.1018030459501011,,13,10,13
L18_SV30,matched_control_event_mean,correct,event_weighted,17,generated_local_index,0.030745537018816577,0.11859993693319695,0.11859993693319695,,12,9,12
L18_SV30,matched_control_event_mean,correct,event_weighted,18,generated_local_index,-0.20363973959957773,0.09683062272671858,0.09683062272671858,,12,9,12
L18_SV30,matched_control_event_mean,correct,event_weighted,19,generated_local_index,-0.02043173481654145,0.10765240324611386,0.10765240324611386,,12,9,12
L18_SV30,matched_control_event_mean,correct,event_weighted,20,generated_local_index,-0.14213293723985984,0.11567652130942423,0.11567652130942423,,12,9,12
L18_SV30,matched_control_event_mean,correct,rollout_weighted,-20,generated_local_index,0.13730618375516382,0.11037867726145967,,0.11037867726145967,12,12,18
L18_SV30,matched_control_event_mean,correct,rollout_weighted,-19,generated_local_index,-0.21269663000500313,0.1539068355179294,,0.1539068355179294,12,12,18
L18_SV30,matched_control_event_mean,correct,rollout_weighted,-18,generated_local_index,-0.03712150333909315,0.09451312477380262,,0.09451312477380262,13,13,19
L18_SV30,matched_control_event_mean,correct,rollout_weighted,-17,generated_local_index,-0.09980645103375509,0.15464371915285186,,0.15464371915285186,13,13,19
L18_SV30,matched_control_event_mean,correct,rollout_weighted,-16,generated_local_index,0.08247747707659983,0.13609886164093277,,0.13609886164093277,13,13,23
L18_SV30,matched_control_event_mean,correct,rollout_weighted,-15,generated_local_index,-0.11480090113461695,0.07664840688990925,,0.07664840688990925,13,13,25
L18_SV30,matched_control_event_mean,correct,rollout_weighted,-14,generated_local_index,-0.17247355385931956,0.11447570146987542,,0.11447570146987542,13,13,28
L18_SV30,matched_control_event_mean,correct,rollout_weighted,-13,generated_local_index,0.03908544605178402,0.09302729589246958,,0.09302729589246958,13,13,28
L18_SV30,matched_control_event_mean,correct,rollout_weighted,-12,generated_local_index,-0.10431869157909959,0.10622396755320404,,0.10622396755320404,14,14,29
L18_SV30,matched_control_event_mean,correct,rollout_weighted,-11,generated_local_index,-0.046095626844758084,0.12370561331422221,,0.12370561331422221,14,14,29
L18_SV30,matched_control_event_mean,correct,rollout_weighted,-10,generated_local_index,-0.04188647958841348,0.10227564716303493,,0.10227564716303493,14,14,30
L18_SV30,matched_control_event_mean,correct,rollout_weighted,-9,generated_local_index,-0.026454862540225492,0.09294928170759738,,0.09294928170759738,14,14,30
L18_SV30,matched_control_event_mean,correct,rollout_weighted,-8,generated_local_index,-0.08056894840202214,0.09679301600491834,,0.09679301600491834,14,14,31
L18_SV30,matched_control_event_mean,correct,rollout_weighted,-7,generated_local_index,-0.1319716096899416,0.110286840046164,,0.110286840046164,14,14,32
L18_SV30,matched_control_event_mean,correct,rollout_weighted,-6,generated_local_index,-0.032811088280704885,0.06884368070332343,,0.06884368070332343,14,14,32
L18_SV30,matched_control_event_mean,correct,rollout_weighted,-5,generated_local_index,-0.18601829444529222,0.12353610664679784,,0.12353610664679784,14,14,32
L18_SV30,matched_control_event_mean,correct,rollout_weighted,-4,generated_local_index,-0.1722205465711272,0.09081515573298146,,0.09081515573298146,14,14,32
L18_SV30,matched_control_event_mean,correct,rollout_weighted,-3,generated_local_index,-0.296545737451269,0.09777520534031019,,0.09777520534031019,14,14,32
L18_SV30,matched_control_event_mean,correct,rollout_weighted,-2,generated_local_index,-0.15836736870986404,0.08529040542251538,,0.08529040542251538,14,14,32
L18_SV30,matched_control_event_mean,correct,rollout_weighted,-1,generated_local_index,-0.22489771736331515,0.10808288991183639,,0.10808288991183639,14,14,32
L18_SV30,matched_control_event_mean,correct,rollout_weighted,0,generated_local_index,-0.7058318086091756,0.10940529301963464,,0.10940529301963464,14,14,32
L18_SV30,matched_control_event_mean,correct,rollout_weighted,1,generated_local_index,-0.18617140791086037,0.1011273117395327,,0.1011273117395327,14,14,24
L18_SV30,matched_control_event_mean,correct,rollout_weighted,2,generated_local_index,-0.09797638985754199,0.1152493331931397,,0.1152493331931397,14,14,24
L18_SV30,matched_control_event_mean,correct,rollout_weighted,3,generated_local_index,0.011472762861271104,0.07129426911004764,,0.07129426911004764,14,14,24
L18_SV30,matched_control_event_mean,correct,rollout_weighted,4,generated_local_index,-0.08488721583017271,0.14942608733258853,,0.14942608733258853,13,13,21
L18_SV30,matched_control_event_mean,correct,rollout_weighted,5,generated_local_index,-0.20951659563541558,0.11959767766596605,,0.11959767766596605,12,12,19
L18_SV30,matched_control_event_mean,correct,rollout_weighted,6,generated_local_index,-0.1751092768219695,0.15053655705360788,,0.15053655705360788,11,11,18
L18_SV30,matched_control_event_mean,correct,rollout_weighted,7,generated_local_index,-0.11782806010177399,0.12811962607649477,,0.12811962607649477,11,11,17
L18_SV30,matched_control_event_mean,correct,rollout_weighted,8,generated_local_index,-0.2742121290748284,0.15156575824044613,,0.15156575824044613,11,11,17
L18_SV30,matched_control_event_mean,correct,rollout_weighted,9,generated_local_index,-0.22400568485744154,0.11163476944298822,,0.11163476944298822,11,11,15
L18_SV30,matched_control_event_mean,correct,rollout_weighted,10,generated_local_index,-0.171264901736624,0.10990011274776396,,0.10990011274776396,10,10,13
L18_SV30,matched_control_event_mean,correct,rollout_weighted,11,generated_local_index,0.002626445843541397,0.09861647538571391,,0.09861647538571391,10,10,13
L18_SV30,matched_control_event_mean,correct,rollout_weighted,12,generated_local_index,-0.16259529786603766,0.10408386269929096,,0.10408386269929096,10,10,13
L18_SV30,matched_control_event_mean,correct,rollout_weighted,13,generated_local_index,-0.302557352861934,0.14935566686782523,,0.14935566686782523,10,10,13
L18_SV30,matched_control_event_mean,correct,rollout_weighted,14,generated_local_index,-0.22236472169499694,0.13172873205868935,,0.13172873205868935,10,10,13
L18_SV30,matched_control_event_mean,correct,rollout_weighted,15,generated_local_index,-0.2962856107832043,0.09101188242316494,,0.09101188242316494,10,10,13
L18_SV30,matched_control_event_mean,correct,rollout_weighted,16,generated_local_index,-0.28923081319217336,0.08840993936982551,,0.08840993936982551,10,10,13
L18_SV30,matched_control_event_mean,correct,rollout_weighted,17,generated_local_index,-0.005134828489150213,0.10174692055251172,,0.10174692055251172,9,9,12
L18_SV30,matched_control_event_mean,correct,rollout_weighted,18,generated_local_index,-0.24927580084007817,0.09784494532391967,,0.09784494532391967,9,9,12
L18_SV30,matched_control_event_mean,correct,rollout_weighted,19,generated_local_index,-0.05866212558598743,0.1031885045446335,,0.1031885045446335,9,9,12
L18_SV30,matched_control_event_mean,correct,rollout_weighted,20,generated_local_index,-0.1803298636348361,0.11485865735247874,,0.11485865735247874,9,9,12
L18_SV30,matched_control_event_mean,incorrect,event_weighted,-20,generated_local_index,0.15894146163750167,0.08922306398963202,0.08922306398963202,,19,16,19
L18_SV30,matched_control_event_mean,incorrect,event_weighted,-19,generated_local_index,0.018001341019956943,0.11052115581810379,0.11052115581810379,,19,16,19
L18_SV30,matched_control_event_mean,incorrect,event_weighted,-18,generated_local_index,-0.06071336855460483,0.11152085271102954,0.11152085271102954,,19,16,19
L18_SV30,matched_control_event_mean,incorrect,event_weighted,-17,generated_local_index,0.12201837421090032,0.11019085154230088,0.11019085154230088,,19,16,19
L18_SV30,matched_control_event_mean,incorrect,event_weighted,-16,generated_local_index,-0.0023984063501074704,0.10446090891164594,0.10446090891164594,,19,16,19
L18_SV30,matched_control_event_mean,incorrect,event_weighted,-15,generated_local_index,0.04834075629941415,0.07399829969321597,0.07399829969321597,,19,16,19
L18_SV30,matched_control_event_mean,incorrect,event_weighted,-14,generated_local_index,-0.14267125339743764,0.11835713152603346,0.11835713152603346,,19,16,19
L18_SV30,matched_control_event_mean,incorrect,event_weighted,-13,generated_local_index,-0.018831229947216626,0.112618042150968,0.112618042150968,,19,16,19
L18_SV30,matched_control_event_mean,incorrect,event_weighted,-12,generated_local_index,-0.190212071328955,0.11057322522394697,0.11057322522394697,,19,16,19
L18_SV30,matched_control_event_mean,incorrect,event_weighted,-11,generated_local_index,-0.07022258517788073,0.11636722557031888,0.11636722557031888,,19,16,19
L18_SV30,matched_control_event_mean,incorrect,event_weighted,-10,generated_local_index,-0.028862453713514633,0.13475726927272413,0.13475726927272413,,19,16,19
L18_SV30,matched_control_event_mean,incorrect,event_weighted,-9,generated_local_index,-0.053636148818568465,0.11152886507912678,0.11152886507912678,,19,16,19
L18_SV30,matched_control_event_mean,incorrect,event_weighted,-8,generated_local_index,-0.05808608063454004,0.11189593366507648,0.11189593366507648,,19,16,19
L18_SV30,matched_control_event_mean,incorrect,event_weighted,-7,generated_local_index,-0.08785696804147788,0.10492827991082927,0.10492827991082927,,20,16,20
L18_SV30,matched_control_event_mean,incorrect,event_weighted,-6,generated_local_index,-0.10896374278770952,0.071625989258176,0.071625989258176,,20,16,20
L18_SV30,matched_control_event_mean,incorrect,event_weighted,-5,generated_local_index,-0.1361406789099599,0.0988430557281207,0.0988430557281207,,21,16,21
L18_SV30,matched_control_event_mean,incorrect,event_weighted,-4,generated_local_index,-0.13739367919518314,0.09651569280775117,0.09651569280775117,,21,16,21
L18_SV30,matched_control_event_mean,incorrect,event_weighted,-3,generated_local_index,-0.135399724198239,0.10493679410611013,0.10493679410611013,,21,16,21
L18_SV30,matched_control_event_mean,incorrect,event_weighted,-2,generated_local_index,-0.06192110756709276,0.07243000113913181,0.07243000113913181,,21,16,21
L18_SV30,matched_control_event_mean,incorrect,event_weighted,-1,generated_local_index,0.01690330104776852,0.07796354115090953,0.07796354115090953,,21,16,21
L18_SV30,matched_control_event_mean,incorrect,event_weighted,0,generated_local_index,-0.6419552050846672,0.07648350673696185,0.07648350673696185,,21,16,21
L18_SV30,matched_control_event_mean,incorrect,event_weighted,1,generated_local_index,0.14788294461042117,0.11082826549237765,0.11082826549237765,,18,13,18
L18_SV30,matched_control_event_mean,incorrect,event_weighted,2,generated_local_index,0.10532962811166417,0.08266876012975785,0.08266876012975785,,18,13,18
L18_SV30,matched_control_event_mean,incorrect,event_weighted,3,generated_local_index,0.056323323776088494,0.08662741081848914,0.08662741081848914,,17,13,17
L18_SV30,matched_control_event_mean,incorrect,event_weighted,4,generated_local_index,0.13297595232443843,0.12337454075621325,0.12337454075621325,,16,12,16
L18_SV30,matched_control_event_mean,incorrect,event_weighted,5,generated_local_index,-0.11071647084513292,0.09774876695959442,0.09774876695959442,,16,12,16
L18_SV30,matched_control_event_mean,incorrect,event_weighted,6,generated_local_index,-0.02290742829966312,0.10164304482459215,0.10164304482459215,,16,12,16
L18_SV30,matched_control_event_mean,incorrect,event_weighted,7,generated_local_index,-0.15707383398512675,0.11912236964714532,0.11912236964714532,,15,12,15
L18_SV30,matched_control_event_mean,incorrect,event_weighted,8,generated_local_index,-0.15770236724845266,0.10263251527090433,0.10263251527090433,,15,12,15
L18_SV30,matched_control_event_mean,incorrect,event_weighted,9,generated_local_index,-0.2933971289307841,0.10229849677942976,0.10229849677942976,,15,12,15
L18_SV30,matched_control_event_mean,incorrect,event_weighted,10,generated_local_index,-0.11633145429671696,0.0864161753966315,0.0864161753966315,,15,12,15
L18_SV30,matched_control_event_mean,incorrect,event_weighted,11,generated_local_index,-0.2729791697189739,0.11354242944417586,0.11354242944417586,,14,11,14
L18_SV30,matched_control_event_mean,incorrect,event_weighted,12,generated_local_index,-0.15601831970691496,0.12789791451806448,0.12789791451806448,,14,11,14
L18_SV30,matched_control_event_mean,incorrect,event_weighted,13,generated_local_index,-0.21852121729376664,0.09315937269173175,0.09315937269173175,,14,11,14
L18_SV30,matched_control_event_mean,incorrect,event_weighted,14,generated_local_index,0.04200152959136049,0.12524689762439944,0.12524689762439944,,14,11,14
L18_SV30,matched_control_event_mean,incorrect,event_weighted,15,generated_local_index,0.014772954886116222,0.07193605415226906,0.07193605415226906,,13,10,13
L18_SV30,matched_control_event_mean,incorrect,event_weighted,16,generated_local_index,-0.1617519168812909,0.12650532294350464,0.12650532294350464,,12,10,12
L18_SV30,matched_control_event_mean,incorrect,event_weighted,17,generated_local_index,-0.11941554925995039,0.11689624610324785,0.11689624610324785,,12,10,12
L18_SV30,matched_control_event_mean,incorrect,event_weighted,18,generated_local_index,-0.325537634523909,0.14090631026349207,0.14090631026349207,,12,10,12
L18_SV30,matched_control_event_mean,incorrect,event_weighted,19,generated_local_index,0.03360396839384706,0.11521189222853223,0.11521189222853223,,12,10,12
L18_SV30,matched_control_event_mean,incorrect,event_weighted,20,generated_local_index,-0.10939312495410876,0.12597216800053013,0.12597216800053013,,12,10,12
L18_SV30,matched_control_event_mean,incorrect,rollout_weighted,-20,generated_local_index,0.13660906988457744,0.09462140962241651,,0.09462140962241651,16,16,19
L18_SV30,matched_control_event_mean,incorrect,rollout_weighted,-19,generated_local_index,-0.02228080889962098,0.11461580842907071,,0.11461580842907071,16,16,19
L18_SV30,matched_control_event_mean,incorrect,rollout_weighted,-18,generated_local_index,-0.14746018335827343,0.11774031981273814,,0.11774031981273814,16,16,19
L18_SV30,matched_control_event_mean,incorrect,rollout_weighted,-17,generated_local_index,0.04321364230343297,0.11487397641565501,,0.11487397641565501,16,16,19
L18_SV30,matched_control_event_mean,incorrect,rollout_weighted,-16,generated_local_index,-0.006454700417266691,0.1074534009956735,,0.1074534009956735,16,16,19
L18_SV30,matched_control_event_mean,incorrect,rollout_weighted,-15,generated_local_index,0.023614055215123355,0.0708908269465548,,0.0708908269465548,16,16,19
L18_SV30,matched_control_event_mean,incorrect,rollout_weighted,-14,generated_local_index,-0.18612994655565007,0.1303265424599604,,0.1303265424599604,16,16,19
L18_SV30,matched_control_event_mean,incorrect,rollout_weighted,-13,generated_local_index,-0.04985508649514941,0.1290102402820105,,0.1290102402820105,16,16,19
L18_SV30,matched_control_event_mean,incorrect,rollout_weighted,-12,generated_local_index,-0.16017352616760605,0.11469637385030379,,0.11469637385030379,16,16,19
L18_SV30,matched_control_event_mean,incorrect,rollout_weighted,-11,generated_local_index,-0.07154819353553275,0.13173022640282178,,0.13173022640282178,16,16,19
L18_SV30,matched_control_event_mean,incorrect,rollout_weighted,-10,generated_local_index,-0.051620280181820855,0.14034494283048954,,0.14034494283048954,16,16,19
L18_SV30,matched_control_event_mean,incorrect,rollout_weighted,-9,generated_local_index,-0.043821508050143884,0.11766260052748577,,0.11766260052748577,16,16,19
L18_SV30,matched_control_event_mean,incorrect,rollout_weighted,-8,generated_local_index,-0.08588984270496203,0.11495060284312586,,0.11495060284312586,16,16,19
L18_SV30,matched_control_event_mean,incorrect,rollout_weighted,-7,generated_local_index,-0.1326639429229766,0.09933601834565045,,0.09933601834565045,16,16,20
L18_SV30,matched_control_event_mean,incorrect,rollout_weighted,-6,generated_local_index,-0.1091669243536685,0.08059002735943419,,0.08059002735943419,16,16,20
L18_SV30,matched_control_event_mean,incorrect,rollout_weighted,-5,generated_local_index,-0.17444798150483676,0.09273616564144121,,0.09273616564144121,16,16,21
L18_SV30,matched_control_event_mean,incorrect,rollout_weighted,-4,generated_local_index,-0.20049971308352232,0.08835183083361328,,0.08835183083361328,16,16,21
L18_SV30,matched_control_event_mean,incorrect,rollout_weighted,-3,generated_local_index,-0.07876619895778302,0.10607343300371998,,0.10607343300371998,16,16,21
L18_SV30,matched_control_event_mean,incorrect,rollout_weighted,-2,generated_local_index,-0.06334590907117585,0.0722308569134871,,0.0722308569134871,16,16,21
L18_SV30,matched_control_event_mean,incorrect,rollout_weighted,-1,generated_local_index,-0.048364342384373954,0.07399297229205337,,0.07399297229205337,16,16,21
L18_SV30,matched_control_event_mean,incorrect,rollout_weighted,0,generated_local_index,-0.6642274720705776,0.08314923924959697,,0.08314923924959697,16,16,21
L18_SV30,matched_control_event_mean,incorrect,rollout_weighted,1,generated_local_index,0.061963440501201575,0.1368321893142451,,0.1368321893142451,13,13,18
L18_SV30,matched_control_event_mean,incorrect,rollout_weighted,2,generated_local_index,0.13348302299755072,0.09048672931949588,,0.09048672931949588,13,13,18
L18_SV30,matched_control_event_mean,incorrect,rollout_weighted,3,generated_local_index,0.10875718729561029,0.0692438571559202,,0.0692438571559202,13,13,17
L18_SV30,matched_control_event_mean,incorrect,rollout_weighted,4,generated_local_index,0.08952017355097425,0.12543071540501327,,0.12543071540501327,12,12,16
L18_SV30,matched_control_event_mean,incorrect,rollout_weighted,5,generated_local_index,-0.08246186895695695,0.10334505655264437,,0.10334505655264437,12,12,16
L18_SV30,matched_control_event_mean,incorrect,rollout_weighted,6,generated_local_index,-0.02101420698519656,0.11822190260783474,,0.11822190260783474,12,12,16
L18_SV30,matched_control_event_mean,incorrect,rollout_weighted,7,generated_local_index,-0.18356758185808783,0.13736058275505772,,0.13736058275505772,12,12,15
L18_SV30,matched_control_event_mean,incorrect,rollout_weighted,8,generated_local_index,-0.16251032308550437,0.09663859272897367,,0.09663859272897367,12,12,15
L18_SV30,matched_control_event_mean,incorrect,rollout_weighted,9,generated_local_index,-0.31168585807305904,0.10783938095801404,,0.10783938095801404,12,12,15
L18_SV30,matched_control_event_mean,incorrect,rollout_weighted,10,generated_local_index,-0.09280237357687904,0.10006372847594426,,0.10006372847594426,12,12,15
L18_SV30,matched_control_event_mean,incorrect,rollout_weighted,11,generated_local_index,-0.22579799122886837,0.13501178802815014,,0.13501178802815014,11,11,14
L18_SV30,matched_control_event_mean,incorrect,rollout_weighted,12,generated_local_index,-0.20193770767278824,0.1556670096938375,,0.1556670096938375,11,11,14
L18_SV30,matched_control_event_mean,incorrect,rollout_weighted,13,generated_local_index,-0.2589826289075019,0.10257358370002106,,0.10257358370002106,11,11,14
L18_SV30,matched_control_event_mean,incorrect,rollout_weighted,14,generated_local_index,0.03902737773678278,0.13206085635461623,,0.13206085635461623,11,11,14
L18_SV30,matched_control_event_mean,incorrect,rollout_weighted,15,generated_local_index,0.021883871146130572,0.06338138588462432,,0.06338138588462432,10,10,13
L18_SV30,matched_control_event_mean,incorrect,rollout_weighted,16,generated_local_index,-0.213170402703251,0.12178963845536375,,0.12178963845536375,10,10,12
L18_SV30,matched_control_event_mean,incorrect,rollout_weighted,17,generated_local_index,-0.12507281379406346,0.14005379181599117,,0.14005379181599117,10,10,12
L18_SV30,matched_control_event_mean,incorrect,rollout_weighted,18,generated_local_index,-0.32892636860472135,0.13295863324548898,,0.13295863324548898,10,10,12
L18_SV30,matched_control_event_mean,incorrect,rollout_weighted,19,generated_local_index,0.08541430470679204,0.12298063609020726,,0.12298063609020726,10,10,12
L18_SV30,matched_control_event_mean,incorrect,rollout_weighted,20,generated_local_index,-0.11766496703317905,0.14636708988479116,,0.14636708988479116,10,10,12
L18_SV30,matched_control_event_mean,ambiguous,event_weighted,-20,generated_local_index,-0.09256686671871493,0.2260809625550292,0.2260809625550292,,5,4,5
L18_SV30,matched_control_event_mean,ambiguous,event_weighted,-19,generated_local_index,-0.10481558409373881,0.1395114018827627,0.1395114018827627,,5,4,5
L18_SV30,matched_control_event_mean,ambiguous,event_weighted,-18,generated_local_index,-0.049633317965526835,0.14443975256391714,0.14443975256391714,,5,4,5
L18_SV30,matched_control_event_mean,ambiguous,event_weighted,-17,generated_local_index,-0.16991279125255715,0.19739000571367413,0.19739000571367413,,5,4,5
L18_SV30,matched_control_event_mean,ambiguous,event_weighted,-16,generated_local_index,0.31255976557289983,0.1736395215231197,0.1736395215231197,,5,4,5
L18_SV30,matched_control_event_mean,ambiguous,event_weighted,-15,generated_local_index,0.24134683614491817,0.20055729877953285,0.20055729877953285,,5,4,5
L18_SV30,matched_control_event_mean,ambiguous,event_weighted,-14,generated_local_index,-0.040431564998883195,0.15193256921192705,0.15193256921192705,,5,4,5
L18_SV30,matched_control_event_mean,ambiguous,event_weighted,-13,generated_local_index,0.15035558429088786,0.14148738254782878,0.14148738254782878,,5,4,5
L18_SV30,matched_control_event_mean,ambiguous,event_weighted,-12,generated_local_index,-0.01830330675885653,0.15980712418588436,0.15980712418588436,,5,4,5
L18_SV30,matched_control_event_mean,ambiguous,event_weighted,-11,generated_local_index,0.25908930196254604,0.15389141829089423,0.15389141829089423,,5,4,5
L18_SV30,matched_control_event_mean,ambiguous,event_weighted,-10,generated_local_index,0.033074686069579286,0.255019189725806,0.255019189725806,,5,4,5
L18_SV30,matched_control_event_mean,ambiguous,event_weighted,-9,generated_local_index,-0.22518164715964256,0.1513801030836758,0.1513801030836758,,5,4,5
L18_SV30,matched_control_event_mean,ambiguous,event_weighted,-8,generated_local_index,0.1151153744967324,0.23012087093479008,0.23012087093479008,,5,4,5
L18_SV30,matched_control_event_mean,ambiguous,event_weighted,-7,generated_local_index,0.16309314350561407,0.24954047932921947,0.24954047932921947,,5,4,5
L18_SV30,matched_control_event_mean,ambiguous,event_weighted,-6,generated_local_index,-0.018488589039997016,0.0831256005766093,0.0831256005766093,,5,4,5
L18_SV30,matched_control_event_mean,ambiguous,event_weighted,-5,generated_local_index,0.3402920222911786,0.24653419952784764,0.24653419952784764,,5,4,5
L18_SV30,matched_control_event_mean,ambiguous,event_weighted,-4,generated_local_index,-0.2596702495170037,0.1514720368537803,0.1514720368537803,,5,4,5
L18_SV30,matched_control_event_mean,ambiguous,event_weighted,-3,generated_local_index,-0.02227820468489835,0.22888624648105096,0.22888624648105096,,5,4,5
L18_SV30,matched_control_event_mean,ambiguous,event_weighted,-2,generated_local_index,-0.2101259384006382,0.13456400410196417,0.13456400410196417,,5,4,5
L18_SV30,matched_control_event_mean,ambiguous,event_weighted,-1,generated_local_index,-0.05154942432344091,0.24897098904514123,0.24897098904514123,,5,4,5
L18_SV30,matched_control_event_mean,ambiguous,event_weighted,0,generated_local_index,-0.6117147955179065,0.13924158215247942,0.13924158215247942,,5,4,5
L18_SV30,matched_control_event_mean,ambiguous,event_weighted,1,generated_local_index,0.11417423368069557,0.194264258829392,0.194264258829392,,4,4,4
L18_SV30,matched_control_event_mean,ambiguous,event_weighted,2,generated_local_index,0.21113331959020498,0.1784448000169191,0.1784448000169191,,4,4,4
L18_SV30,matched_control_event_mean,ambiguous,event_weighted,3,generated_local_index,0.32813625662782087,0.10618551219014886,0.10618551219014886,,4,4,4
L18_SV30,matched_control_event_mean,ambiguous,event_weighted,4,generated_local_index,-0.06840055531398911,0.2221590918589188,0.2221590918589188,,4,4,4
L18_SV30,matched_control_event_mean,ambiguous,event_weighted,5,generated_local_index,-0.001716480951232613,0.3324302225159572,0.3324302225159572,,4,4,4
L18_SV30,matched_control_event_mean,ambiguous,event_weighted,6,generated_local_index,0.18999260342934632,0.22341462208737647,0.22341462208737647,,4,4,4
L18_SV30,matched_control_event_mean,ambiguous,event_weighted,7,generated_local_index,0.0255974019182876,0.11298921157976653,0.11298921157976653,,4,4,4
L18_SV30,matched_control_event_mean,ambiguous,event_weighted,8,generated_local_index,-0.009442992060863492,0.2576473290526423,0.2576473290526423,,4,4,4
L18_SV30,matched_control_event_mean,ambiguous,event_weighted,9,generated_local_index,0.036401704318593436,0.2632484484058526,0.2632484484058526,,4,4,4
L18_SV30,matched_control_event_mean,ambiguous,event_weighted,10,generated_local_index,0.015453397634426075,0.28721099373705505,0.28721099373705505,,4,4,4
L18_SV30,matched_control_event_mean,ambiguous,event_weighted,11,generated_local_index,-0.07011275182346112,0.06654782564944105,0.06654782564944105,,4,4,4
L18_SV30,matched_control_event_mean,ambiguous,event_weighted,12,generated_local_index,-0.02174897423787839,0.11011277506620704,0.11011277506620704,,4,4,4
L18_SV30,matched_control_event_mean,ambiguous,event_weighted,13,generated_local_index,-0.022380833570228402,0.13323669353229478,0.13323669353229478,,4,4,4
L18_SV30,matched_control_event_mean,ambiguous,event_weighted,14,generated_local_index,0.4704492093362101,0.2978349812342097,0.2978349812342097,,4,4,4
L18_SV30,matched_control_event_mean,ambiguous,event_weighted,15,generated_local_index,0.06505223683277167,0.26313385864164995,0.26313385864164995,,4,4,4
L18_SV30,matched_control_event_mean,ambiguous,event_weighted,16,generated_local_index,-0.3349469178148834,0.2989030524931502,0.2989030524931502,,4,4,4
L18_SV30,matched_control_event_mean,ambiguous,event_weighted,17,generated_local_index,0.04621996159301858,0.33658388069745226,0.33658388069745226,,4,4,4
L18_SV30,matched_control_event_mean,ambiguous,event_weighted,18,generated_local_index,0.3920605572341871,0.23635035102767873,0.23635035102767873,,4,4,4
L18_SV30,matched_control_event_mean,ambiguous,event_weighted,19,generated_local_index,-0.03852344750162562,0.36735563554711054,0.36735563554711054,,4,4,4
L18_SV30,matched_control_event_mean,ambiguous,event_weighted,20,generated_local_index,0.19461047717295402,0.20898810171768575,0.20898810171768575,,4,4,4
L18_SV30,matched_control_event_mean,ambiguous,rollout_weighted,-20,generated_local_index,-0.06204336094151046,0.14393747593103726,,0.14393747593103726,4,4,5
L18_SV30,matched_control_event_mean,ambiguous,rollout_weighted,-19,generated_local_index,-0.023733709134362152,0.13874567759875361,,0.13874567759875361,4,4,5
L18_SV30,matched_control_event_mean,ambiguous,rollout_weighted,-18,generated_local_index,-0.10332084621258766,0.16203929841980988,,0.16203929841980988,4,4,5
L18_SV30,matched_control_event_mean,ambiguous,rollout_weighted,-17,generated_local_index,-0.13305026013337784,0.16978276238661977,,0.16978276238661977,4,4,5
L18_SV30,matched_control_event_mean,ambiguous,rollout_weighted,-16,generated_local_index,0.3000617927006482,0.15175875419105367,,0.15175875419105367,4,4,5
L18_SV30,matched_control_event_mean,ambiguous,rollout_weighted,-15,generated_local_index,0.29493216453165416,0.20864685826612336,,0.20864685826612336,4,4,5
L18_SV30,matched_control_event_mean,ambiguous,rollout_weighted,-14,generated_local_index,-0.0024055679828259447,0.10992206799710526,,0.10992206799710526,4,4,5
L18_SV30,matched_control_event_mean,ambiguous,rollout_weighted,-13,generated_local_index,0.12486315614038512,0.1470592532656126,,0.1470592532656126,4,4,5
L18_SV30,matched_control_event_mean,ambiguous,rollout_weighted,-12,generated_local_index,-0.0590580345985004,0.1966234629574615,,0.1966234629574615,4,4,5
L18_SV30,matched_control_event_mean,ambiguous,rollout_weighted,-11,generated_local_index,0.3021493482061868,0.1810090404578396,,0.1810090404578396,4,4,5
L18_SV30,matched_control_event_mean,ambiguous,rollout_weighted,-10,generated_local_index,-0.009792693719267914,0.3170145038155567,,0.3170145038155567,4,4,5
L18_SV30,matched_control_event_mean,ambiguous,rollout_weighted,-9,generated_local_index,-0.2556251324615986,0.11846890932337625,,0.11846890932337625,4,4,5
L18_SV30,matched_control_event_mean,ambiguous,rollout_weighted,-8,generated_local_index,0.203785438226005,0.26787159252451653,,0.26787159252451653,4,4,5
L18_SV30,matched_control_event_mean,ambiguous,rollout_weighted,-7,generated_local_index,0.23440366724290124,0.2918472149633332,,0.2918472149633332,4,4,5
L18_SV30,matched_control_event_mean,ambiguous,rollout_weighted,-6,generated_local_index,0.012741963401220094,0.06730794841943544,,0.06730794841943544,4,4,5
L18_SV30,matched_control_event_mean,ambiguous,rollout_weighted,-5,generated_local_index,0.35346326672502626,0.2696680558819826,,0.2696680558819826,4,4,5
L18_SV30,matched_control_event_mean,ambiguous,rollout_weighted,-4,generated_local_index,-0.2965925254288948,0.11623326298706395,,0.11623326298706395,4,4,5
L18_SV30,matched_control_event_mean,ambiguous,rollout_weighted,-3,generated_local_index,-0.10199579520117223,0.17978806926593932,,0.17978806926593932,4,4,5
L18_SV30,matched_control_event_mean,ambiguous,rollout_weighted,-2,generated_local_index,-0.16126518226407474,0.0859439176918629,,0.0859439176918629,4,4,5
L18_SV30,matched_control_event_mean,ambiguous,rollout_weighted,-1,generated_local_index,0.021069920311588317,0.18772306217218238,,0.18772306217218238,4,4,5
L18_SV30,matched_control_event_mean,ambiguous,rollout_weighted,0,generated_local_index,-0.5911075786130877,0.171648054982143,,0.171648054982143,4,4,5
L18_SV30,matched_control_event_mean,ambiguous,rollout_weighted,1,generated_local_index,0.11417423368069557,0.194264258829392,,0.194264258829392,4,4,4
L18_SV30,matched_control_event_mean,ambiguous,rollout_weighted,2,generated_local_index,0.21113331959020498,0.1784448000169191,,0.1784448000169191,4,4,4
L18_SV30,matched_control_event_mean,ambiguous,rollout_weighted,3,generated_local_index,0.32813625662782087,0.10618551219014886,,0.10618551219014886,4,4,4
L18_SV30,matched_control_event_mean,ambiguous,rollout_weighted,4,generated_local_index,-0.06840055531398911,0.2221590918589188,,0.2221590918589188,4,4,4
L18_SV30,matched_control_event_mean,ambiguous,rollout_weighted,5,generated_local_index,-0.001716480951232613,0.3324302225159572,,0.3324302225159572,4,4,4
L18_SV30,matched_control_event_mean,ambiguous,rollout_weighted,6,generated_local_index,0.18999260342934632,0.22341462208737647,,0.22341462208737647,4,4,4
L18_SV30,matched_control_event_mean,ambiguous,rollout_weighted,7,generated_local_index,0.0255974019182876,0.11298921157976653,,0.11298921157976653,4,4,4
L18_SV30,matched_control_event_mean,ambiguous,rollout_weighted,8,generated_local_index,-0.009442992060863492,0.2576473290526423,,0.2576473290526423,4,4,4
L18_SV30,matched_control_event_mean,ambiguous,rollout_weighted,9,generated_local_index,0.036401704318593436,0.2632484484058526,,0.2632484484058526,4,4,4
L18_SV30,matched_control_event_mean,ambiguous,rollout_weighted,10,generated_local_index,0.015453397634426075,0.28721099373705505,,0.28721099373705505,4,4,4
L18_SV30,matched_control_event_mean,ambiguous,rollout_weighted,11,generated_local_index,-0.07011275182346112,0.06654782564944105,,0.06654782564944105,4,4,4
L18_SV30,matched_control_event_mean,ambiguous,rollout_weighted,12,generated_local_index,-0.02174897423787839,0.11011277506620704,,0.11011277506620704,4,4,4
L18_SV30,matched_control_event_mean,ambiguous,rollout_weighted,13,generated_local_index,-0.022380833570228402,0.13323669353229478,,0.13323669353229478,4,4,4
L18_SV30,matched_control_event_mean,ambiguous,rollout_weighted,14,generated_local_index,0.4704492093362101,0.2978349812342097,,0.2978349812342097,4,4,4
L18_SV30,matched_control_event_mean,ambiguous,rollout_weighted,15,generated_local_index,0.06505223683277167,0.26313385864164995,,0.26313385864164995,4,4,4
L18_SV30,matched_control_event_mean,ambiguous,rollout_weighted,16,generated_local_index,-0.3349469178148834,0.2989030524931502,,0.2989030524931502,4,4,4
L18_SV30,matched_control_event_mean,ambiguous,rollout_weighted,17,generated_local_index,0.04621996159301858,0.33658388069745226,,0.33658388069745226,4,4,4
L18_SV30,matched_control_event_mean,ambiguous,rollout_weighted,18,generated_local_index,0.3920605572341871,0.23635035102767873,,0.23635035102767873,4,4,4
L18_SV30,matched_control_event_mean,ambiguous,rollout_weighted,19,generated_local_index,-0.03852344750162562,0.36735563554711054,,0.36735563554711054,4,4,4
L18_SV30,matched_control_event_mean,ambiguous,rollout_weighted,20,generated_local_index,0.19461047717295402,0.20898810171768575,,0.20898810171768575,4,4,4
L22_SV32,event,all,event_weighted,-20,generated_local_index,0.006399159990944504,0.1745075009745008,0.1745075009745008,,42,20,42
L22_SV32,event,all,event_weighted,-19,generated_local_index,0.26996362613020014,0.11205215349567241,0.11205215349567241,,42,20,42
L22_SV32,event,all,event_weighted,-18,generated_local_index,0.34731204194935317,0.1256489862897699,0.1256489862897699,,43,20,43
L22_SV32,event,all,event_weighted,-17,generated_local_index,0.19113156959548377,0.13265953784644074,0.13265953784644074,,43,20,43
L22_SV32,event,all,event_weighted,-16,generated_local_index,0.24785276391452168,0.15431056405261417,0.15431056405261417,,47,20,47
L22_SV32,event,all,event_weighted,-15,generated_local_index,0.16822098808305827,0.12893362951504664,0.12893362951504664,,49,20,49
L22_SV32,event,all,event_weighted,-14,generated_local_index,-0.012598796770438665,0.14171203255201253,0.14171203255201253,,52,20,52
L22_SV32,event,all,event_weighted,-13,generated_local_index,-0.038216517258893315,0.1155872353870509,0.1155872353870509,,52,20,52
L22_SV32,event,all,event_weighted,-12,generated_local_index,-0.04481540950228546,0.1587402068240044,0.1587402068240044,,53,20,53
L22_SV32,event,all,event_weighted,-11,generated_local_index,0.15491781989652617,0.14714922525583626,0.14714922525583626,,53,20,53
L22_SV32,event,all,event_weighted,-10,generated_local_index,0.23045402972397402,0.12147019947003343,0.12147019947003343,,54,20,54
L22_SV32,event,all,event_weighted,-9,generated_local_index,0.2403094732140976,0.15623410476768096,0.15623410476768096,,54,20,54
L22_SV32,event,all,event_weighted,-8,generated_local_index,-0.08261760139227108,0.12776311059764234,0.12776311059764234,,55,20,55
L22_SV32,event,all,event_weighted,-7,generated_local_index,-0.1372699337097798,0.1701759473401652,0.1701759473401652,,57,20,57
L22_SV32,event,all,event_weighted,-6,generated_local_index,0.06676195245538608,0.1520073333564239,0.1520073333564239,,57,20,57
L22_SV32,event,all,event_weighted,-5,generated_local_index,0.18285790163790408,0.14574120314010497,0.14574120314010497,,58,20,58
L22_SV32,event,all,event_weighted,-4,generated_local_index,0.020221887799929502,0.10866467513109465,0.10866467513109465,,58,20,58
L22_SV32,event,all,event_weighted,-3,generated_local_index,-0.09872508354097453,0.14752798274914705,0.14752798274914705,,58,20,58
L22_SV32,event,all,event_weighted,-2,generated_local_index,-0.42486180603549506,0.15468913733595022,0.15468913733595022,,58,20,58
L22_SV32,event,all,event_weighted,-1,generated_local_index,0.5090772169869191,0.09609358191484971,0.09609358191484971,,58,20,58
L22_SV32,event,all,event_weighted,0,generated_local_index,1.0658102055754157,0.10406322784376,0.10406322784376,,58,20,58
L22_SV32,event,all,event_weighted,1,generated_local_index,0.005422524610983704,0.11330506975480828,0.11330506975480828,,46,19,46
L22_SV32,event,all,event_weighted,2,generated_local_index,0.1774982454232863,0.12095972690736011,0.12095972690736011,,46,19,46
L22_SV32,event,all,event_weighted,3,generated_local_index,0.118438747888775,0.12520202567207264,0.12520202567207264,,45,19,45
L22_SV32,event,all,event_weighted,4,generated_local_index,-0.03787503413892771,0.13217652029662966,0.13217652029662966,,41,18,41
L22_SV32,event,all,event_weighted,5,generated_local_index,0.0757825331105605,0.11362840365506198,0.11362840365506198,,39,18,39
L22_SV32,event,all,event_weighted,6,generated_local_index,-0.26214583971052674,0.17590198633094078,0.17590198633094078,,38,18,38
L22_SV32,event,all,event_weighted,7,generated_local_index,-0.4053612083406428,0.1592241275724297,0.1592241275724297,,36,18,36
L22_SV32,event,all,event_weighted,8,generated_local_index,0.05009508448101733,0.17389432210951206,0.17389432210951206,,36,18,36
L22_SV32,event,all,event_weighted,9,generated_local_index,0.049319898646448375,0.1551211881195175,0.1551211881195175,,34,18,34
L22_SV32,event,all,event_weighted,10,generated_local_index,-0.10039659717746402,0.18672885704153633,0.18672885704153633,,32,18,32
L22_SV32,event,all,event_weighted,11,generated_local_index,-0.0635976794870086,0.20594414517255646,0.20594414517255646,,31,18,31
L22_SV32,event,all,event_weighted,12,generated_local_index,-0.1410315148224059,0.15130115904907038,0.15130115904907038,,31,18,31
L22_SV32,event,all,event_weighted,13,generated_local_index,0.013276240378003639,0.19531710826453386,0.19531710826453386,,31,18,31
L22_SV32,event,all,event_weighted,14,generated_local_index,0.10626488804591304,0.15988917455444282,0.15988917455444282,,31,18,31
L22_SV32,event,all,event_weighted,15,generated_local_index,0.07063052564432812,0.17728457953839166,0.17728457953839166,,30,17,30
L22_SV32,event,all,event_weighted,16,generated_local_index,0.07727002191153154,0.15810819135802884,0.15810819135802884,,29,17,29
L22_SV32,event,all,event_weighted,17,generated_local_index,-0.13736845669398098,0.17858652837105785,0.17858652837105785,,28,16,28
L22_SV32,event,all,event_weighted,18,generated_local_index,-0.28783420867755893,0.1918464073892274,0.1918464073892274,,28,16,28
L22_SV32,event,all,event_weighted,19,generated_local_index,0.019841623334222163,0.21970911842076674,0.21970911842076674,,28,16,28
L22_SV32,event,all,event_weighted,20,generated_local_index,-0.17761870648412056,0.19970383293650437,0.19970383293650437,,28,16,28
L22_SV32,event,all,rollout_weighted,-20,generated_local_index,0.08768596546104715,0.16290898891365083,,0.16290898891365083,20,20,42
L22_SV32,event,all,rollout_weighted,-19,generated_local_index,0.3430567298935437,0.09820036853716474,,0.09820036853716474,20,20,42
L22_SV32,event,all,rollout_weighted,-18,generated_local_index,0.3170306913702104,0.1286043747819451,,0.1286043747819451,20,20,43
L22_SV32,event,all,rollout_weighted,-17,generated_local_index,0.13815699851486732,0.14985212876205378,,0.14985212876205378,20,20,43
L22_SV32,event,all,rollout_weighted,-16,generated_local_index,0.2806124383743689,0.18974299142017906,,0.18974299142017906,20,20,47
L22_SV32,event,all,rollout_weighted,-15,generated_local_index,0.1349423459463627,0.1468182281134691,,0.1468182281134691,20,20,49
L22_SV32,event,all,rollout_weighted,-14,generated_local_index,-0.06448204226134084,0.13276075953112315,,0.13276075953112315,20,20,52
L22_SV32,event,all,rollout_weighted,-13,generated_local_index,-0.05627936916182491,0.10481702292988322,,0.10481702292988322,20,20,52
L22_SV32,event,all,rollout_weighted,-12,generated_local_index,-0.06789957258521506,0.18782018848604795,,0.18782018848604795,20,20,53
L22_SV32,event,all,rollout_weighted,-11,generated_local_index,0.12068090064944079,0.15904461758419705,,0.15904461758419705,20,20,53
L22_SV32,event,all,rollout_weighted,-10,generated_local_index,0.22603637799843407,0.1069173135130302,,0.1069173135130302,20,20,54
L22_SV32,event,all,rollout_weighted,-9,generated_local_index,0.24776665353407362,0.14575077451175714,,0.14575077451175714,20,20,54
L22_SV32,event,all,rollout_weighted,-8,generated_local_index,-0.12417172566295269,0.1431504892685986,,0.1431504892685986,20,20,55
L22_SV32,event,all,rollout_weighted,-7,generated_local_index,-0.08152001393765707,0.1300300612242801,,0.1300300612242801,20,20,57
L22_SV32,event,all,rollout_weighted,-6,generated_local_index,0.005294612055781444,0.19559804393154245,,0.19559804393154245,20,20,57
L22_SV32,event,all,rollout_weighted,-5,generated_local_index,0.07035596475238992,0.18781293169266128,,0.18781293169266128,20,20,58
L22_SV32,event,all,rollout_weighted,-4,generated_local_index,-0.03369372835381777,0.13740968063501766,,0.13740968063501766,20,20,58
L22_SV32,event,all,rollout_weighted,-3,generated_local_index,-0.11204791949270324,0.11470381632361312,,0.11470381632361312,20,20,58
L22_SV32,event,all,rollout_weighted,-2,generated_local_index,-0.4962514469992043,0.14351672450438735,,0.14351672450438735,20,20,58
L22_SV32,event,all,rollout_weighted,-1,generated_local_index,0.4335755440469303,0.1094049613294283,,0.1094049613294283,20,20,58
L22_SV32,event,all,rollout_weighted,0,generated_local_index,1.052691491208528,0.12307777981112988,,0.12307777981112988,20,20,58
L22_SV32,event,all,rollout_weighted,1,generated_local_index,-0.05320025626530176,0.14104602753197143,,0.14104602753197143,19,19,46
L22_SV32,event,all,rollout_weighted,2,generated_local_index,0.13278717394618464,0.1329445686325025,,0.1329445686325025,19,19,46
L22_SV32,event,all,rollout_weighted,3,generated_local_index,0.16701112440189791,0.14752963238960556,,0.14752963238960556,19,19,45
L22_SV32,event,all,rollout_weighted,4,generated_local_index,-0.058644695803115786,0.1283597145134437,,0.1283597145134437,18,18,41
L22_SV32,event,all,rollout_weighted,5,generated_local_index,-0.003087025548306477,0.12235391516535388,,0.12235391516535388,18,18,39
L22_SV32,event,all,rollout_weighted,6,generated_local_index,-0.2560428031986741,0.2071425179862031,,0.2071425179862031,18,18,38
L22_SV32,event,all,rollout_weighted,7,generated_local_index,-0.3751848923572388,0.149312667052383,,0.149312667052383,18,18,36
L22_SV32,event,all,rollout_weighted,8,generated_local_index,0.11513377202560172,0.18999615157553162,,0.18999615157553162,18,18,36
L22_SV32,event,all,rollout_weighted,9,generated_local_index,-0.0299275715790441,0.16431689213779652,,0.16431689213779652,18,18,34
L22_SV32,event,all,rollout_weighted,10,generated_local_index,-0.2805150596666048,0.20443645931885943,,0.20443645931885943,18,18,32
L22_SV32,event,all,rollout_weighted,11,generated_local_index,-0.10271035686579408,0.1959155205348827,,0.1959155205348827,18,18,31
L22_SV32,event,all,rollout_weighted,12,generated_local_index,-0.23463657489607204,0.16811159024632977,,0.16811159024632977,18,18,31
L22_SV32,event,all,rollout_weighted,13,generated_local_index,-0.1553952365370653,0.20190069328608362,,0.20190069328608362,18,18,31
L22_SV32,event,all,rollout_weighted,14,generated_local_index,0.1038712159500985,0.17356330225396255,,0.17356330225396255,18,18,31
L22_SV32,event,all,rollout_weighted,15,generated_local_index,0.13257566160946443,0.1480262193683099,,0.1480262193683099,17,17,30
L22_SV32,event,all,rollout_weighted,16,generated_local_index,0.015927151145781276,0.1561521743867932,,0.1561521743867932,17,17,29
L22_SV32,event,all,rollout_weighted,17,generated_local_index,-0.18582418111072993,0.1679568152985744,,0.1679568152985744,16,16,28
L22_SV32,event,all,rollout_weighted,18,generated_local_index,-0.42973957510154204,0.2684358890299584,,0.2684358890299584,16,16,28
L22_SV32,event,all,rollout_weighted,19,generated_local_index,-0.0846161603204466,0.2782946114219274,,0.2782946114219274,16,16,28
L22_SV32,event,all,rollout_weighted,20,generated_local_index,-0.13719240545275996,0.21463276557055913,,0.21463276557055913,16,16,28
L22_SV32,event,correct,event_weighted,-20,generated_local_index,-0.2423860285828924,0.30490222651014254,0.30490222651014254,,18,12,18
L22_SV32,event,correct,event_weighted,-19,generated_local_index,0.1059988974119121,0.16135508077331584,0.16135508077331584,,18,12,18
L22_SV32,event,correct,event_weighted,-18,generated_local_index,0.42583368576246955,0.21572316137743938,0.21572316137743938,,19,13,19
L22_SV32,event,correct,event_weighted,-17,generated_local_index,0.21148902579635545,0.20919305627206689,0.20919305627206689,,19,13,19
L22_SV32,event,correct,event_weighted,-16,generated_local_index,0.19708292443676675,0.18718187450437376,0.18718187450437376,,23,13,23
L22_SV32,event,correct,event_weighted,-15,generated_local_index,0.1531054255840633,0.15843550240333554,0.15843550240333554,,25,13,25
L22_SV32,event,correct,event_weighted,-14,generated_local_index,0.051140931055895456,0.21972495878444637,0.21972495878444637,,28,13,28
L22_SV32,event,correct,event_weighted,-13,generated_local_index,-0.03858272920729957,0.1684932301549954,0.1684932301549954,,28,13,28
L22_SV32,event,correct,event_weighted,-12,generated_local_index,0.009893039287712185,0.20040371084604136,0.20040371084604136,,29,14,29
L22_SV32,event,correct,event_weighted,-11,generated_local_index,0.2902828264123453,0.1806761199815763,0.1806761199815763,,29,14,29
L22_SV32,event,correct,event_weighted,-10,generated_local_index,0.3435157028035102,0.15367993805711164,0.15367993805711164,,30,14,30
L22_SV32,event,correct,event_weighted,-9,generated_local_index,0.5295362386038528,0.20079143930417617,0.20079143930417617,,30,14,30
L22_SV32,event,correct,event_weighted,-8,generated_local_index,-0.04010584200018582,0.18576425280111805,0.18576425280111805,,31,14,31
L22_SV32,event,correct,event_weighted,-7,generated_local_index,-0.11394954113043418,0.2580008175537665,0.2580008175537665,,32,14,32
L22_SV32,event,correct,event_weighted,-6,generated_local_index,0.22448242403465232,0.185920373971084,0.185920373971084,,32,14,32
L22_SV32,event,correct,event_weighted,-5,generated_local_index,0.34057576050581206,0.1690529381537099,0.1690529381537099,,32,14,32
L22_SV32,event,correct,event_weighted,-4,generated_local_index,0.24865741003080666,0.14567919779229463,0.14567919779229463,,32,14,32
L22_SV32,event,correct,event_weighted,-3,generated_local_index,0.028757618617138922,0.2237543267090941,0.2237543267090941,,32,14,32
L22_SV32,event,correct,event_weighted,-2,generated_local_index,-0.31752893401417676,0.21931774075070534,0.21931774075070534,,32,14,32
L22_SV32,event,correct,event_weighted,-1,generated_local_index,0.688444528476795,0.11998593685366012,0.11998593685366012,,32,14,32
L22_SV32,event,correct,event_weighted,0,generated_local_index,1.2222326346230303,0.11570622693895866,0.11570622693895866,,32,14,32
L22_SV32,event,correct,event_weighted,1,generated_local_index,0.15683965886395915,0.18003224936755693,0.18003224936755693,,24,14,24
L22_SV32,event,correct,event_weighted,2,generated_local_index,0.24972754284937615,0.17580088973876082,0.17580088973876082,,24,14,24
L22_SV32,event,correct,event_weighted,3,generated_local_index,0.1645930584710428,0.14875717745305217,0.14875717745305217,,24,14,24
L22_SV32,event,correct,event_weighted,4,generated_local_index,0.14649587004238993,0.17130282271178213,0.17130282271178213,,21,13,21
L22_SV32,event,correct,event_weighted,5,generated_local_index,0.20482229388119536,0.17222273226986057,0.17222273226986057,,19,12,19
L22_SV32,event,correct,event_weighted,6,generated_local_index,-0.49437970723597147,0.21474390428532983,0.21474390428532983,,18,11,18
L22_SV32,event,correct,event_weighted,7,generated_local_index,-0.3840447078718179,0.24147036433164387,0.24147036433164387,,17,11,17
L22_SV32,event,correct,event_weighted,8,generated_local_index,0.39948400248279003,0.18481539744488246,0.18481539744488246,,17,11,17
L22_SV32,event,correct,event_weighted,9,generated_local_index,0.358357607090951,0.2400033083889689,0.2400033083889689,,15,11,15
L22_SV32,event,correct,event_weighted,10,generated_local_index,0.20672516654007686,0.21551657699668572,0.21551657699668572,,13,10,13
L22_SV32,event,correct,event_weighted,11,generated_local_index,-0.006539440059783463,0.23603908094170162,0.23603908094170162,,13,10,13
L22_SV32,event,correct,event_weighted,12,generated_local_index,0.07525506661683991,0.17115748355341304,0.17115748355341304,,13,10,13
L22_SV32,event,correct,event_weighted,13,generated_local_index,0.15717494787171366,0.29925592155275665,0.29925592155275665,,13,10,13
L22_SV32,event,correct,event_weighted,14,generated_local_index,-0.06675478797832546,0.27172088598577065,0.27172088598577065,,13,10,13
L22_SV32,event,correct,event_weighted,15,generated_local_index,0.2434347944067498,0.2036490571569493,0.2036490571569493,,13,10,13
L22_SV32,event,correct,event_weighted,16,generated_local_index,0.1845892003175792,0.25919500010528157,0.25919500010528157,,13,10,13
L22_SV32,event,correct,event_weighted,17,generated_local_index,-0.2328289176103667,0.2820420603177788,0.2820420603177788,,12,9,12
L22_SV32,event,correct,event_weighted,18,generated_local_index,-0.2974729130207539,0.2255764366129002,0.2255764366129002,,12,9,12
L22_SV32,event,correct,event_weighted,19,generated_local_index,0.14207923940640307,0.3171038891637211,0.3171038891637211,,12,9,12
L22_SV32,event,correct,event_weighted,20,generated_local_index,-0.3126337930298552,0.31563218875342414,0.31563218875342414,,12,9,12
L22_SV32,event,correct,rollout_weighted,-20,generated_local_index,-0.006086403707863263,0.2661048577067137,,0.2661048577067137,12,12,18
L22_SV32,event,correct,rollout_weighted,-19,generated_local_index,0.1790980790096297,0.08648806283613428,,0.08648806283613428,12,12,18
L22_SV32,event,correct,rollout_weighted,-18,generated_local_index,0.29690126502551234,0.19803522423388817,,0.19803522423388817,13,13,19
L22_SV32,event,correct,rollout_weighted,-17,generated_local_index,0.16098484871556412,0.1797026369755597,,0.1797026369755597,13,13,19
L22_SV32,event,correct,rollout_weighted,-16,generated_local_index,0.08779750118220367,0.18963870326400606,,0.18963870326400606,13,13,23
L22_SV32,event,correct,rollout_weighted,-15,generated_local_index,0.07298725967728321,0.21802037514104083,,0.21802037514104083,13,13,25
L22_SV32,event,correct,rollout_weighted,-14,generated_local_index,0.06437318428132216,0.2409162977246402,,0.2409162977246402,13,13,28
L22_SV32,event,correct,rollout_weighted,-13,generated_local_index,-0.0034698694459104596,0.17403695734888405,,0.17403695734888405,13,13,28
L22_SV32,event,correct,rollout_weighted,-12,generated_local_index,0.03242020707583456,0.20979514939348684,,0.20979514939348684,14,14,29
L22_SV32,event,correct,rollout_weighted,-11,generated_local_index,0.2515763600491198,0.16533688303800975,,0.16533688303800975,14,14,29
L22_SV32,event,correct,rollout_weighted,-10,generated_local_index,0.32885088029154586,0.12705543868980262,,0.12705543868980262,14,14,30
L22_SV32,event,correct,rollout_weighted,-9,generated_local_index,0.45580750974162704,0.2151850369153475,,0.2151850369153475,14,14,30
L22_SV32,event,correct,rollout_weighted,-8,generated_local_index,-0.043983811835521296,0.15199162341435316,,0.15199162341435316,14,14,31
L22_SV32,event,correct,rollout_weighted,-7,generated_local_index,-0.05702621632190462,0.20832357078193003,,0.20832357078193003,14,14,32
L22_SV32,event,correct,rollout_weighted,-6,generated_local_index,0.18912854679673366,0.14820134989392889,,0.14820134989392889,14,14,32
L22_SV32,event,correct,rollout_weighted,-5,generated_local_index,0.28328987477647966,0.11707956268986337,,0.11707956268986337,14,14,32
L22_SV32,event,correct,rollout_weighted,-4,generated_local_index,0.2603392948349759,0.14364884009521875,,0.14364884009521875,14,14,32
L22_SV32,event,correct,rollout_weighted,-3,generated_local_index,-0.00025023896858907983,0.14885200540732718,,0.14885200540732718,14,14,32
L22_SV32,event,correct,rollout_weighted,-2,generated_local_index,-0.2725775834090686,0.1895173149893735,,0.1895173149893735,14,14,32
L22_SV32,event,correct,rollout_weighted,-1,generated_local_index,0.6934701461851677,0.11181441376704802,,0.11181441376704802,14,14,32
L22_SV32,event,correct,rollout_weighted,0,generated_local_index,1.2395288967077924,0.1058698849572699,,0.1058698849572699,14,14,32
L22_SV32,event,correct,rollout_weighted,1,generated_local_index,-0.0034487453656684747,0.19946275727573692,,0.19946275727573692,14,14,24
L22_SV32,event,correct,rollout_weighted,2,generated_local_index,0.1390430028277185,0.22219645645731673,,0.22219645645731673,14,14,24
L22_SV32,event,correct,rollout_weighted,3,generated_local_index,0.09205916027598583,0.17571259471633593,,0.17571259471633593,14,14,24
L22_SV32,event,correct,rollout_weighted,4,generated_local_index,0.11906343200207216,0.1536095799141355,,0.1536095799141355,13,13,21
L22_SV32,event,correct,rollout_weighted,5,generated_local_index,0.14334477360640116,0.17289096481638414,,0.17289096481638414,12,12,19
L22_SV32,event,correct,rollout_weighted,6,generated_local_index,-0.5613951907505991,0.2420132302947052,,0.2420132302947052,11,11,18
L22_SV32,event,correct,rollout_weighted,7,generated_local_index,-0.33819628888587333,0.2987244809167876,,0.2987244809167876,11,11,17
L22_SV32,event,correct,rollout_weighted,8,generated_local_index,0.3215312897839724,0.20005131686498806,,0.20005131686498806,11,11,17
L22_SV32,event,correct,rollout_weighted,9,generated_local_index,0.3430681449093782,0.23900450934692088,,0.23900450934692088,11,11,15
L22_SV32,event,correct,rollout_weighted,10,generated_local_index,0.21222200751160553,0.21967643863547318,,0.21967643863547318,10,10,13
L22_SV32,event,correct,rollout_weighted,11,generated_local_index,-0.12416523808704975,0.2543109276125232,,0.2543109276125232,10,10,13
L22_SV32,event,correct,rollout_weighted,12,generated_local_index,0.12353696157276384,0.16921385941089961,,0.16921385941089961,10,10,13
L22_SV32,event,correct,rollout_weighted,13,generated_local_index,0.033471150333749075,0.3444805280670959,,0.3444805280670959,10,10,13
L22_SV32,event,correct,rollout_weighted,14,generated_local_index,-0.0965361462182989,0.2556311449461047,,0.2556311449461047,10,10,13
L22_SV32,event,correct,rollout_weighted,15,generated_local_index,0.3379804258342611,0.23145503400500927,,0.23145503400500927,10,10,13
L22_SV32,event,correct,rollout_weighted,16,generated_local_index,0.043316743013936024,0.22737446497220754,,0.22737446497220754,10,10,13
L22_SV32,event,correct,rollout_weighted,17,generated_local_index,-0.4446961916888076,0.25201846006209444,,0.25201846006209444,9,9,12
L22_SV32,event,correct,rollout_weighted,18,generated_local_index,-0.3759559665367998,0.2777082517951763,,0.2777082517951763,9,9,12
L22_SV32,event,correct,rollout_weighted,19,generated_local_index,0.07287239844214412,0.3944458196857039,,0.3944458196857039,9,9,12
L22_SV32,event,correct,rollout_weighted,20,generated_local_index,-0.38312963191922134,0.359848321070505,,0.359848321070505,9,9,12
L22_SV32,event,incorrect,event_weighted,-20,generated_local_index,0.11922993967210892,0.239372258844356,0.239372258844356,,19,16,19
L22_SV32,event,incorrect,event_weighted,-19,generated_local_index,0.48563805095863694,0.170310561343115,0.170310561343115,,19,16,19
L22_SV32,event,incorrect,event_weighted,-18,generated_local_index,0.3161906596993797,0.1866329732140827,0.1866329732140827,,19,16,19
L22_SV32,event,incorrect,event_weighted,-17,generated_local_index,0.23691202182498733,0.20007908658976511,0.20007908658976511,,19,16,19
L22_SV32,event,incorrect,event_weighted,-16,generated_local_index,0.3244314847448224,0.3090308239469046,0.3090308239469046,,19,16,19
L22_SV32,event,incorrect,event_weighted,-15,generated_local_index,0.16304931252412685,0.26259344535137885,0.26259344535137885,,19,16,19
L22_SV32,event,incorrect,event_weighted,-14,generated_local_index,-0.024439655724025313,0.20384597666854973,0.20384597666854973,,19,16,19
L22_SV32,event,incorrect,event_weighted,-13,generated_local_index,-0.0129817113575525,0.1991523608454396,0.1991523608454396,,19,16,19
L22_SV32,event,incorrect,event_weighted,-12,generated_local_index,-0.18074468410872316,0.28627967512322583,0.28627967512322583,,19,16,19
L22_SV32,event,incorrect,event_weighted,-11,generated_local_index,-0.24770710820733025,0.2506195801192207,0.2506195801192207,,19,16,19
L22_SV32,event,incorrect,event_weighted,-10,generated_local_index,-0.14145725702900638,0.20693630624709436,0.20693630624709436,,19,16,19
L22_SV32,event,incorrect,event_weighted,-9,generated_local_index,-0.1899024427271921,0.2288654699361005,0.2288654699361005,,19,16,19
L22_SV32,event,incorrect,event_weighted,-8,generated_local_index,-0.14430455147177773,0.17852755844599097,0.17852755844599097,,19,16,19
L22_SV32,event,incorrect,event_weighted,-7,generated_local_index,-0.2183548268776499,0.25783621246614824,0.25783621246614824,,20,16,20
L22_SV32,event,incorrect,event_weighted,-6,generated_local_index,-0.15090228881672027,0.28799596655606474,0.28799596655606474,,20,16,20
L22_SV32,event,incorrect,event_weighted,-5,generated_local_index,-0.07661430536374157,0.28515269856671127,0.28515269856671127,,21,16,21
L22_SV32,event,incorrect,event_weighted,-4,generated_local_index,-0.23977208299546116,0.168743611408619,0.168743611408619,,21,16,21
L22_SV32,event,incorrect,event_weighted,-3,generated_local_index,-0.1514847157049818,0.1970060209309951,0.1970060209309951,,21,16,21
L22_SV32,event,incorrect,event_weighted,-2,generated_local_index,-0.41085508437510637,0.21198771471200578,0.21198771471200578,,21,16,21
L22_SV32,event,incorrect,event_weighted,-1,generated_local_index,0.479100699291222,0.1285111989271019,0.1285111989271019,,21,16,21
L22_SV32,event,incorrect,event_weighted,0,generated_local_index,0.7865261170728777,0.18229088086024653,0.18229088086024653,,21,16,21
L22_SV32,event,incorrect,event_weighted,1,generated_local_index,-0.21096813053793056,0.13111353857490132,0.13111353857490132,,18,13,18
L22_SV32,event,incorrect,event_weighted,2,generated_local_index,0.17018278220762584,0.1654175368217992,0.1654175368217992,,18,13,18
L22_SV32,event,incorrect,event_weighted,3,generated_local_index,0.11482012559280982,0.25315734712441124,0.25315734712441124,,17,13,17
L22_SV32,event,incorrect,event_weighted,4,generated_local_index,-0.32599257341866644,0.21446567516002396,0.21446567516002396,,16,12,16
L22_SV32,event,incorrect,event_weighted,5,generated_local_index,0.00699100783059196,0.17055709965525345,0.17055709965525345,,16,12,16
L22_SV32,event,incorrect,event_weighted,6,generated_local_index,-0.22103993965755775,0.29675427687341904,0.29675427687341904,,16,12,16
L22_SV32,event,incorrect,event_weighted,7,generated_local_index,-0.39731095542535216,0.26496785509187337,0.26496785509187337,,15,12,15
L22_SV32,event,incorrect,event_weighted,8,generated_local_index,-0.24758660381185635,0.3260944368679274,0.3260944368679274,,15,12,15
L22_SV32,event,incorrect,event_weighted,9,generated_local_index,-0.18924826348117102,0.2304859267742337,0.2304859267742337,,15,12,15
L22_SV32,event,incorrect,event_weighted,10,generated_local_index,-0.3230567377251626,0.32170106268557025,0.32170106268557025,,15,12,15
L22_SV32,event,incorrect,event_weighted,11,generated_local_index,-0.1430285194235463,0.3729731919195539,0.3729731919195539,,14,11,14
L22_SV32,event,incorrect,event_weighted,12,generated_local_index,-0.27176448634859357,0.26476610653146754,0.26476610653146754,,14,11,14
L22_SV32,event,incorrect,event_weighted,13,generated_local_index,-0.15636844059507746,0.3254520668832618,0.3254520668832618,,14,11,14
L22_SV32,event,incorrect,event_weighted,14,generated_local_index,0.2544644642020799,0.2351080924999987,0.2351080924999987,,14,11,14
L22_SV32,event,incorrect,event_weighted,15,generated_local_index,-0.2376126832587523,0.33426230090235937,0.33426230090235937,,13,10,13
L22_SV32,event,incorrect,event_weighted,16,generated_local_index,0.07863219461573136,0.22180556717479763,0.22180556717479763,,12,10,12
L22_SV32,event,incorrect,event_weighted,17,generated_local_index,0.14220045529159792,0.23526425912071744,0.23526425912071744,,12,10,12
L22_SV32,event,incorrect,event_weighted,18,generated_local_index,-0.1574717552859157,0.34903769758403097,0.34903769758403097,,12,10,12
L22_SV32,event,incorrect,event_weighted,19,generated_local_index,-0.32707397500512975,0.35884738018531165,0.35884738018531165,,12,10,12
L22_SV32,event,incorrect,event_weighted,20,generated_local_index,-0.1660669173331595,0.33369495926797815,0.33369495926797815,,12,10,12
L22_SV32,event,incorrect,rollout_weighted,-20,generated_local_index,0.047772173450395,0.2264291614934724,,0.2264291614934724,16,16,19
L22_SV32,event,incorrect,rollout_weighted,-19,generated_local_index,0.5209525778731933,0.17096240304145321,,0.17096240304145321,16,16,19
L22_SV32,event,incorrect,rollout_weighted,-18,generated_local_index,0.26137018993219363,0.16152996700229763,,0.16152996700229763,16,16,19
L22_SV32,event,incorrect,rollout_weighted,-17,generated_local_index,0.1409177765421287,0.20820908132209115,,0.20820908132209115,16,16,19
L22_SV32,event,incorrect,rollout_weighted,-16,generated_local_index,0.2734521587411125,0.3239269086413527,,0.3239269086413527,16,16,19
L22_SV32,event,incorrect,rollout_weighted,-15,generated_local_index,0.18227733768340718,0.28297123875714436,,0.28297123875714436,16,16,19
L22_SV32,event,incorrect,rollout_weighted,-14,generated_local_index,-0.055355897305924905,0.2185494552871042,,0.2185494552871042,16,16,19
L22_SV32,event,incorrect,rollout_weighted,-13,generated_local_index,-0.046105458897027954,0.2167136813561744,,0.2167136813561744,16,16,19
L22_SV32,event,incorrect,rollout_weighted,-12,generated_local_index,-0.18483784819586943,0.3058254849676609,,0.3058254849676609,16,16,19
L22_SV32,event,incorrect,rollout_weighted,-11,generated_local_index,-0.3124844897438766,0.2632406466915664,,0.2632406466915664,16,16,19
L22_SV32,event,incorrect,rollout_weighted,-10,generated_local_index,-0.23572121503633855,0.22372926536122822,,0.22372926536122822,16,16,19
L22_SV32,event,incorrect,rollout_weighted,-9,generated_local_index,-0.30693085342601606,0.25427320478885257,,0.25427320478885257,16,16,19
L22_SV32,event,incorrect,rollout_weighted,-8,generated_local_index,-0.278352798375412,0.18785087293397867,,0.18785087293397867,16,16,19
L22_SV32,event,incorrect,rollout_weighted,-7,generated_local_index,-0.3471501946333609,0.2943544494527384,,0.2943544494527384,16,16,20
L22_SV32,event,incorrect,rollout_weighted,-6,generated_local_index,-0.3440060622186611,0.2714424478643565,,0.2714424478643565,16,16,20
L22_SV32,event,incorrect,rollout_weighted,-5,generated_local_index,-0.008838532410336985,0.25058276307706434,,0.25058276307706434,16,16,21
L22_SV32,event,incorrect,rollout_weighted,-4,generated_local_index,-0.09245967666397575,0.17108761381203855,,0.17108761381203855,16,16,21
L22_SV32,event,incorrect,rollout_weighted,-3,generated_local_index,-0.2226125802507306,0.1415896056445618,,0.1415896056445618,16,16,21
L22_SV32,event,incorrect,rollout_weighted,-2,generated_local_index,-0.5008795484587852,0.17146072186744846,,0.17146072186744846,16,16,21
L22_SV32,event,incorrect,rollout_weighted,-1,generated_local_index,0.4695611216858451,0.13420825484677126,,0.13420825484677126,16,16,21
L22_SV32,event,incorrect,rollout_weighted,0,generated_local_index,0.7368919652206376,0.20065399945211856,,0.20065399945211856,16,16,21
L22_SV32,event,incorrect,rollout_weighted,1,generated_local_index,-0.21328606797237043,0.12919718405484307,,0.12919718405484307,13,13,18
L22_SV32,event,incorrect,rollout_weighted,2,generated_local_index,0.09762732232721984,0.1729051210300576,,0.1729051210300576,13,13,18
L22_SV32,event,incorrect,rollout_weighted,3,generated_local_index,0.1923406378558596,0.2783368943974045,,0.2783368943974045,13,13,17
L22_SV32,event,incorrect,rollout_weighted,4,generated_local_index,-0.39353301048043327,0.23708719505876255,,0.23708719505876255,12,12,16
L22_SV32,event,incorrect,rollout_weighted,5,generated_local_index,-0.11063307529082865,0.1993972451938372,,0.1993972451938372,12,12,16
L22_SV32,event,incorrect,rollout_weighted,6,generated_local_index,-0.3975947950389315,0.35063036044548673,,0.35063036044548673,12,12,16
L22_SV32,event,incorrect,rollout_weighted,7,generated_local_index,-0.41879096799820914,0.2636721478568586,,0.2636721478568586,12,12,15
L22_SV32,event,incorrect,rollout_weighted,8,generated_local_index,-0.479352794828046,0.3505947649049489,,0.3505947649049489,12,12,15
L22_SV32,event,incorrect,rollout_weighted,9,generated_local_index,-0.24697855356905563,0.25361474428909525,,0.25361474428909525,12,12,15
L22_SV32,event,incorrect,rollout_weighted,10,generated_local_index,-0.3580665060188446,0.3303842578976155,,0.3303842578976155,12,12,15
L22_SV32,event,incorrect,rollout_weighted,11,generated_local_index,-0.265883974561864,0.36935847549614004,,0.36935847549614004,11,11,14
L22_SV32,event,incorrect,rollout_weighted,12,generated_local_index,-0.3582665840212785,0.28218251648370724,,0.28218251648370724,11,11,14
L22_SV32,event,incorrect,rollout_weighted,13,generated_local_index,-0.2633314156548749,0.3883428546074999,,0.3883428546074999,11,11,14
L22_SV32,event,incorrect,rollout_weighted,14,generated_local_index,0.2438280649648555,0.25952689422062014,,0.25952689422062014,11,11,14
L22_SV32,event,incorrect,rollout_weighted,15,generated_local_index,-0.11408958909576636,0.22601842226150942,,0.22601842226150942,10,10,13
L22_SV32,event,incorrect,rollout_weighted,16,generated_local_index,-0.05176394311585718,0.2455377666454474,,0.2455377666454474,10,10,12
L22_SV32,event,incorrect,rollout_weighted,17,generated_local_index,0.1453902882956465,0.16517120591007808,,0.16517120591007808,10,10,12
L22_SV32,event,incorrect,rollout_weighted,18,generated_local_index,-0.16902401105029874,0.3707243496214537,,0.3707243496214537,10,10,12
L22_SV32,event,incorrect,rollout_weighted,19,generated_local_index,-0.20441194804584262,0.31009826366165716,,0.31009826366165716,10,10,12
L22_SV32,event,incorrect,rollout_weighted,20,generated_local_index,-0.18747952917189967,0.3911076948741976,,0.3911076948741976,10,10,12
L22_SV32,event,ambiguous,event_weighted,-20,generated_local_index,0.47326887606833273,0.3122768307052753,0.3122768307052753,,5,4,5
L22_SV32,event,ambiguous,event_weighted,-19,generated_local_index,0.0406738351679776,0.32430778391885023,0.32430778391885023,,5,4,5
L22_SV32,event,ambiguous,event_weighted,-18,generated_local_index,0.16719104800940912,0.13906565720099953,0.13906565720099953,,5,4,5
L22_SV32,event,ambiguous,event_weighted,-17,generated_local_index,-0.06019248243994196,0.37162737148997615,0.37162737148997615,,5,4,5
L22_SV32,event,ambiguous,event_weighted,-16,generated_local_index,0.19039488635705157,0.2126057770222032,0.2126057770222032,,5,4,5
L22_SV32,event,ambiguous,event_weighted,-15,generated_local_index,0.2634511677019722,0.14212668935832698,0.14212668935832698,,5,4,5
L22_SV32,event,ambiguous,event_weighted,-14,generated_local_index,-0.3245460085742803,0.31185957966051464,0.31185957966051464,,5,4,5
L22_SV32,event,ambiguous,event_weighted,-13,generated_local_index,-0.13205799277291322,0.13201622819320974,0.13201622819320974,,5,4,5
L22_SV32,event,ambiguous,event_weighted,-12,generated_local_index,0.1544068310201916,0.6391559333043279,0.6391559333043279,,5,4,5
L22_SV32,event,ambiguous,event_weighted,-11,generated_local_index,0.8997755088994289,0.5148787030190862,0.5148787030190862,,5,4,5
L22_SV32,event,ambiguous,event_weighted,-10,generated_local_index,0.9653468809080825,0.2573307672407468,0.2573307672407468,,5,4,5
L22_SV32,event,ambiguous,event_weighted,-9,generated_local_index,0.13975416145246636,0.7345891868298088,0.7345891868298088,,5,4,5
L22_SV32,event,ambiguous,event_weighted,-8,generated_local_index,-0.11178009932107424,0.5174422932403554,0.5174422932403554,,5,4,5
L22_SV32,event,ambiguous,event_weighted,-7,generated_local_index,0.03781912645388782,0.20537170350094539,0.20537170350094539,,5,4,5
L22_SV32,event,ambiguous,event_weighted,-6,generated_local_index,-0.07199210056349278,0.552609758442709,0.552609758442709,,5,4,5
L22_SV32,event,ambiguous,event_weighted,-5,generated_local_index,0.2632468742902046,0.5233356940552396,0.5233356940552396,,5,4,5
L22_SV32,event,ambiguous,event_weighted,-4,generated_local_index,-0.3497907771370432,0.33551872248413067,0.33551872248413067,,5,4,5
L22_SV32,event,ambiguous,event_weighted,-3,generated_local_index,-0.6930239222640708,0.4267750679270335,0.4267750679270335,,5,4,5
L22_SV32,event,ambiguous,event_weighted,-2,generated_local_index,-1.1706204179455646,0.6842903875026372,0.6842903875026372,,5,4,5
L22_SV32,event,ambiguous,event_weighted,-1,generated_local_index,-0.512972202226358,0.3897692018835485,0.3897692018835485,,5,4,5
L22_SV32,event,ambiguous,event_weighted,0,generated_local_index,1.237699831381343,0.5474978404595299,0.5474978404595299,,5,4,5
L22_SV32,event,ambiguous,event_weighted,1,generated_local_index,0.07067766726324504,0.4095755601577174,0.4095755601577174,,4,4,4
L22_SV32,event,ambiguous,event_weighted,2,generated_local_index,-0.22295795466278084,0.5835175733311692,0.5835175733311692,,4,4,4
L22_SV32,event,ambiguous,event_weighted,3,generated_local_index,-0.1431079708469794,0.29797328430064646,0.29797328430064646,,4,4,4
L22_SV32,event,ambiguous,event_weighted,4,generated_local_index,0.1466478760281098,0.5090782230168068,0.5090782230168068,,4,4,4
L22_SV32,event,ambiguous,event_weighted,5,generated_local_index,-0.2619902294300809,0.31101726289501413,0.31101726289501413,,4,4,4
L22_SV32,event,ambiguous,event_weighted,6,generated_local_index,0.6184829639420979,0.5886137983452772,0.5886137983452772,,4,4,4
L22_SV32,event,ambiguous,event_weighted,7,generated_local_index,-0.526144783765488,0.32576115307771913,0.32576115307771913,,4,4,4
L22_SV32,event,ambiguous,event_weighted,8,generated_local_index,-0.3185014859282404,0.4593482140219088,0.4593482140219088,,4,4,4
L22_SV32,event,ambiguous,event_weighted,9,generated_local_index,-0.2149409000418632,0.31361778121387385,0.31361778121387385,,4,4,4
L22_SV32,event,ambiguous,event_weighted,10,generated_local_index,-0.26356680220560214,0.5426271263542999,0.5426271263542999,,4,4,4
L22_SV32,event,ambiguous,event_weighted,11,generated_local_index,0.02897098215239169,0.6626877454336716,0.6626877454336716,,4,4,4
L22_SV32,event,ambiguous,event_weighted,12,generated_local_index,-0.3863975041582977,0.4892992806657082,0.4892992806657082,,4,4,4
L22_SV32,event,ambiguous,event_weighted,13,generated_local_index,0.13936182442922984,0.3529591231242137,0.3529591231242137,,4,4,4
L22_SV32,event,ambiguous,event_weighted,14,generated_local_index,0.14988031857810413,0.35269718567950537,0.35269718567950537,,4,4,4
L22_SV32,event,ambiguous,event_weighted,15,generated_local_index,0.5108070811014691,0.2951958658271831,0.2951958658271831,,4,4,4
L22_SV32,event,ambiguous,event_weighted,16,generated_local_index,-0.27560382602072303,0.4722475529379318,0.4722475529379318,,4,4,4
L22_SV32,event,ambiguous,event_weighted,17,generated_local_index,-0.6896938099015605,0.5800363267804208,0.5800363267804208,,4,4,4
L22_SV32,event,ambiguous,event_weighted,18,generated_local_index,-0.6500054558229036,0.5983939798810944,0.5983939798810944,,4,4,4
L22_SV32,event,ambiguous,event_weighted,19,generated_local_index,0.6938755701357358,0.48147640877784426,0.48147640877784426,,4,4,4
L22_SV32,event,ambiguous,event_weighted,20,generated_local_index,0.19277118570020027,0.35737094538123204,0.35737094538123204,,4,4,4
L22_SV32,event,ambiguous,rollout_weighted,-20,generated_local_index,0.3224672832947654,0.29751584115997115,,0.29751584115997115,4,4,5
L22_SV32,event,ambiguous,rollout_weighted,-19,generated_local_index,-0.022061243053968588,0.3874764585637954,,0.3874764585637954,4,4,5
L22_SV32,event,ambiguous,rollout_weighted,-18,generated_local_index,0.22113361014674623,0.14669402080446237,,0.14669402080446237,4,4,5
L22_SV32,event,ambiguous,rollout_weighted,-17,generated_local_index,-0.047496130994229446,0.13664722545853775,,0.13664722545853775,4,4,5
L22_SV32,event,ambiguous,rollout_weighted,-16,generated_local_index,0.2765536163572953,0.21117917658121685,,0.21117917658121685,4,4,5
L22_SV32,event,ambiguous,rollout_weighted,-15,generated_local_index,0.3017678453049587,0.14637692069014147,,0.14637692069014147,4,4,5
L22_SV32,event,ambiguous,rollout_weighted,-14,generated_local_index,-0.32639120707100144,0.36947194194854577,,0.36947194194854577,4,4,5
L22_SV32,event,ambiguous,rollout_weighted,-13,generated_local_index,-0.19427843145417367,0.14473764239995535,,0.14473764239995535,4,4,5
L22_SV32,event,ambiguous,rollout_weighted,-12,generated_local_index,0.2310354043141727,0.8172844159541072,,0.8172844159541072,4,4,5
L22_SV32,event,ambiguous,rollout_weighted,-11,generated_local_index,1.1434275828752754,0.5371346954004766,,0.5371346954004766,4,4,5
L22_SV32,event,ambiguous,rollout_weighted,-10,generated_local_index,1.0526113813208262,0.31162286194029826,,0.31162286194029826,4,4,5
L22_SV32,event,ambiguous,rollout_weighted,-9,generated_local_index,0.33913355926081673,0.5622322752746984,,0.5622322752746984,4,4,5
L22_SV32,event,ambiguous,rollout_weighted,-8,generated_local_index,-0.06938581331297994,0.6411457096158188,,0.6411457096158188,4,4,5
L22_SV32,event,ambiguous,rollout_weighted,-7,generated_local_index,0.05135532068343339,0.2592079459093694,,0.2592079459093694,4,4,5
L22_SV32,event,ambiguous,rollout_weighted,-6,generated_local_index,-0.29866993204639003,0.5943802526676738,,0.5943802526676738,4,4,5
L22_SV32,event,ambiguous,rollout_weighted,-5,generated_local_index,0.07767246096750019,0.5399249839122587,,0.5399249839122587,4,4,5
L22_SV32,event,ambiguous,rollout_weighted,-4,generated_local_index,-0.23340008188356187,0.38330489858876493,,0.38330489858876493,4,4,5
L22_SV32,event,ambiguous,rollout_weighted,-3,generated_local_index,-0.7273362845038848,0.5115257341705028,,0.5115257341705028,4,4,5
L22_SV32,event,ambiguous,rollout_weighted,-2,generated_local_index,-1.1114040589672984,0.3407995277727411,,0.3407995277727411,4,4,5
L22_SV32,event,ambiguous,rollout_weighted,-1,generated_local_index,-0.5806333030838322,0.43433968650957555,,0.43433968650957555,4,4,5
L22_SV32,event,ambiguous,rollout_weighted,0,generated_local_index,1.2261249697569396,0.628355624993929,,0.628355624993929,4,4,5
L22_SV32,event,ambiguous,rollout_weighted,1,generated_local_index,0.07067766726324504,0.4095755601577174,,0.4095755601577174,4,4,4
L22_SV32,event,ambiguous,rollout_weighted,2,generated_local_index,-0.22295795466278084,0.5835175733311692,,0.5835175733311692,4,4,4
L22_SV32,event,ambiguous,rollout_weighted,3,generated_local_index,-0.1431079708469794,0.29797328430064646,,0.29797328430064646,4,4,4
L22_SV32,event,ambiguous,rollout_weighted,4,generated_local_index,0.1466478760281098,0.5090782230168068,,0.5090782230168068,4,4,4
L22_SV32,event,ambiguous,rollout_weighted,5,generated_local_index,-0.2619902294300809,0.31101726289501413,,0.31101726289501413,4,4,4
L22_SV32,event,ambiguous,rollout_weighted,6,generated_local_index,0.6184829639420979,0.5886137983452772,,0.5886137983452772,4,4,4
L22_SV32,event,ambiguous,rollout_weighted,7,generated_local_index,-0.526144783765488,0.32576115307771913,,0.32576115307771913,4,4,4
L22_SV32,event,ambiguous,rollout_weighted,8,generated_local_index,-0.3185014859282404,0.4593482140219088,,0.4593482140219088,4,4,4
L22_SV32,event,ambiguous,rollout_weighted,9,generated_local_index,-0.2149409000418632,0.31361778121387385,,0.31361778121387385,4,4,4
L22_SV32,event,ambiguous,rollout_weighted,10,generated_local_index,-0.26356680220560214,0.5426271263542999,,0.5426271263542999,4,4,4
L22_SV32,event,ambiguous,rollout_weighted,11,generated_local_index,0.02897098215239169,0.6626877454336716,,0.6626877454336716,4,4,4
L22_SV32,event,ambiguous,rollout_weighted,12,generated_local_index,-0.3863975041582977,0.4892992806657082,,0.4892992806657082,4,4,4
L22_SV32,event,ambiguous,rollout_weighted,13,generated_local_index,0.13936182442922984,0.3529591231242137,,0.3529591231242137,4,4,4
L22_SV32,event,ambiguous,rollout_weighted,14,generated_local_index,0.14988031857810413,0.35269718567950537,,0.35269718567950537,4,4,4
L22_SV32,event,ambiguous,rollout_weighted,15,generated_local_index,0.5108070811014691,0.2951958658271831,,0.2951958658271831,4,4,4
L22_SV32,event,ambiguous,rollout_weighted,16,generated_local_index,-0.27560382602072303,0.4722475529379318,,0.4722475529379318,4,4,4
L22_SV32,event,ambiguous,rollout_weighted,17,generated_local_index,-0.6896938099015605,0.5800363267804208,,0.5800363267804208,4,4,4
L22_SV32,event,ambiguous,rollout_weighted,18,generated_local_index,-0.6500054558229036,0.5983939798810944,,0.5983939798810944,4,4,4
L22_SV32,event,ambiguous,rollout_weighted,19,generated_local_index,0.6938755701357358,0.48147640877784426,,0.48147640877784426,4,4,4
L22_SV32,event,ambiguous,rollout_weighted,20,generated_local_index,0.19277118570020027,0.35737094538123204,,0.35737094538123204,4,4,4
L22_SV32,matched_control_event_mean,all,event_weighted,-20,generated_local_index,-0.07677390291487005,0.06413409445941326,0.06413409445941326,,42,20,42
L22_SV32,matched_control_event_mean,all,event_weighted,-19,generated_local_index,0.003889568425644402,0.06689255170902995,0.06689255170902995,,42,20,42
L22_SV32,matched_control_event_mean,all,event_weighted,-18,generated_local_index,-0.07489086053820178,0.06778955838146586,0.06778955838146586,,43,20,43
L22_SV32,matched_control_event_mean,all,event_weighted,-17,generated_local_index,-0.2241648163949045,0.06058330945516917,0.06058330945516917,,43,20,43
L22_SV32,matched_control_event_mean,all,event_weighted,-16,generated_local_index,-0.03142742594774455,0.05882184083299604,0.05882184083299604,,47,20,47
L22_SV32,matched_control_event_mean,all,event_weighted,-15,generated_local_index,-0.2038334331216531,0.0732493573285985,0.0732493573285985,,49,20,49
L22_SV32,matched_control_event_mean,all,event_weighted,-14,generated_local_index,-0.13200520520035414,0.0729761565522786,0.0729761565522786,,52,20,52
L22_SV32,matched_control_event_mean,all,event_weighted,-13,generated_local_index,-0.13152853080931529,0.07330350412691818,0.07330350412691818,,52,20,52
L22_SV32,matched_control_event_mean,all,event_weighted,-12,generated_local_index,-0.22594760411005788,0.054822331112719995,0.054822331112719995,,53,20,53
L22_SV32,matched_control_event_mean,all,event_weighted,-11,generated_local_index,-0.1963044510352369,0.061588354584653254,0.061588354584653254,,53,20,53
L22_SV32,matched_control_event_mean,all,event_weighted,-10,generated_local_index,-0.035276234697134666,0.06405682236064995,0.06405682236064995,,54,20,54
L22_SV32,matched_control_event_mean,all,event_weighted,-9,generated_local_index,-0.1406458968748737,0.059288006390321155,0.059288006390321155,,54,20,54
L22_SV32,matched_control_event_mean,all,event_weighted,-8,generated_local_index,-0.07673760778186474,0.059831509439556084,0.059831509439556084,,55,20,55
L22_SV32,matched_control_event_mean,all,event_weighted,-7,generated_local_index,-0.09981188781652874,0.05711217281790477,0.05711217281790477,,57,20,57
L22_SV32,matched_control_event_mean,all,event_weighted,-6,generated_local_index,-0.02834173804701337,0.059108172498325624,0.059108172498325624,,57,20,57
L22_SV32,matched_control_event_mean,all,event_weighted,-5,generated_local_index,-0.15037173849930233,0.06086392721206916,0.06086392721206916,,58,20,58
L22_SV32,matched_control_event_mean,all,event_weighted,-4,generated_local_index,-0.14564552297575614,0.05837200242306566,0.05837200242306566,,58,20,58
L22_SV32,matched_control_event_mean,all,event_weighted,-3,generated_local_index,-0.18456190213562568,0.06517896825376403,0.06517896825376403,,58,20,58
L22_SV32,matched_control_event_mean,all,event_weighted,-2,generated_local_index,-0.3311845607069306,0.07195194187188347,0.07195194187188347,,58,20,58
L22_SV32,matched_control_event_mean,all,event_weighted,-1,generated_local_index,0.19688438357962357,0.06008791713649913,0.06008791713649913,,58,20,58
L22_SV32,matched_control_event_mean,all,event_weighted,0,generated_local_index,0.7669433340246279,0.058391259995763514,0.058391259995763514,,58,20,58
L22_SV32,matched_control_event_mean,all,event_weighted,1,generated_local_index,-0.18699842135403955,0.06353226577097597,0.06353226577097597,,46,19,46
L22_SV32,matched_control_event_mean,all,event_weighted,2,generated_local_index,-0.20394404185506784,0.0667519007503576,0.0667519007503576,,46,19,46
L22_SV32,matched_control_event_mean,all,event_weighted,3,generated_local_index,-0.21509853581846952,0.0623414161228554,0.0623414161228554,,45,19,45
L22_SV32,matched_control_event_mean,all,event_weighted,4,generated_local_index,-0.1400776907635875,0.05840396890534883,0.05840396890534883,,41,18,41
L22_SV32,matched_control_event_mean,all,event_weighted,5,generated_local_index,-0.11685745746135019,0.07457687282401128,0.07457687282401128,,39,18,39
L22_SV32,matched_control_event_mean,all,event_weighted,6,generated_local_index,0.08662438456627601,0.06321667249388777,0.06321667249388777,,38,18,38
L22_SV32,matched_control_event_mean,all,event_weighted,7,generated_local_index,0.0064566654555127554,0.0668114134057732,0.0668114134057732,,36,18,36
L22_SV32,matched_control_event_mean,all,event_weighted,8,generated_local_index,-0.024587876275262294,0.06006813071660111,0.06006813071660111,,36,18,36
L22_SV32,matched_control_event_mean,all,event_weighted,9,generated_local_index,-0.16331207625397032,0.08582360263221603,0.08582360263221603,,34,18,34
L22_SV32,matched_control_event_mean,all,event_weighted,10,generated_local_index,0.03362265391586251,0.07306907730275593,0.07306907730275593,,32,18,32
L22_SV32,matched_control_event_mean,all,event_weighted,11,generated_local_index,-0.1259270835308613,0.0926144447179344,0.0926144447179344,,31,18,31
L22_SV32,matched_control_event_mean,all,event_weighted,12,generated_local_index,-0.020996465327678314,0.08072091774750033,0.08072091774750033,,31,18,31
L22_SV32,matched_control_event_mean,all,event_weighted,13,generated_local_index,-0.0910967471799192,0.09085233155255626,0.09085233155255626,,31,18,31
L22_SV32,matched_control_event_mean,all,event_weighted,14,generated_local_index,-0.06571359228674094,0.08401419708864388,0.08401419708864388,,31,18,31
L22_SV32,matched_control_event_mean,all,event_weighted,15,generated_local_index,0.02695954324077315,0.08384886063601578,0.08384886063601578,,30,17,30
L22_SV32,matched_control_event_mean,all,event_weighted,16,generated_local_index,-0.07180283378078858,0.09292803590068474,0.09292803590068474,,29,17,29
L22_SV32,matched_control_event_mean,all,event_weighted,17,generated_local_index,-0.05939366391054984,0.0769821762189065,0.0769821762189065,,28,16,28
L22_SV32,matched_control_event_mean,all,event_weighted,18,generated_local_index,-0.03668662474899869,0.09408085187624955,0.09408085187624955,,28,16,28
L22_SV32,matched_control_event_mean,all,event_weighted,19,generated_local_index,-0.1458040211449075,0.08237853814271537,0.08237853814271537,,28,16,28
L22_SV32,matched_control_event_mean,all,event_weighted,20,generated_local_index,-0.22642474181792305,0.07322062013028004,0.07322062013028004,,28,16,28
L22_SV32,matched_control_event_mean,all,rollout_weighted,-20,generated_local_index,-0.03420838735101264,0.09314784298653868,,0.09314784298653868,20,20,42
L22_SV32,matched_control_event_mean,all,rollout_weighted,-19,generated_local_index,0.057060597734267304,0.08720015785686917,,0.08720015785686917,20,20,42
L22_SV32,matched_control_event_mean,all,rollout_weighted,-18,generated_local_index,-0.05693325709651544,0.0759539973612895,,0.0759539973612895,20,20,43
L22_SV32,matched_control_event_mean,all,rollout_weighted,-17,generated_local_index,-0.21775546805865673,0.07930137414918405,,0.07930137414918405,20,20,43
L22_SV32,matched_control_event_mean,all,rollout_weighted,-16,generated_local_index,0.0026504646863281674,0.07732075590254203,,0.07732075590254203,20,20,47
L22_SV32,matched_control_event_mean,all,rollout_weighted,-15,generated_local_index,-0.1699202577185337,0.06786238136398134,,0.06786238136398134,20,20,49
L22_SV32,matched_control_event_mean,all,rollout_weighted,-14,generated_local_index,-0.10107851352378625,0.0849406670937451,,0.0849406670937451,20,20,52
L22_SV32,matched_control_event_mean,all,rollout_weighted,-13,generated_local_index,-0.10704542404784737,0.09280162681242243,,0.09280162681242243,20,20,52
L22_SV32,matched_control_event_mean,all,rollout_weighted,-12,generated_local_index,-0.2291021559395839,0.0724724431911447,,0.0724724431911447,20,20,53
L22_SV32,matched_control_event_mean,all,rollout_weighted,-11,generated_local_index,-0.22040870889935368,0.08101483772406971,,0.08101483772406971,20,20,53
L22_SV32,matched_control_event_mean,all,rollout_weighted,-10,generated_local_index,-0.07832177348799998,0.08855917480841499,,0.08855917480841499,20,20,54
L22_SV32,matched_control_event_mean,all,rollout_weighted,-9,generated_local_index,-0.11316320642513233,0.06583741620656446,,0.06583741620656446,20,20,54
L22_SV32,matched_control_event_mean,all,rollout_weighted,-8,generated_local_index,-0.06422148733765654,0.06361918703757909,,0.06361918703757909,20,20,55
L22_SV32,matched_control_event_mean,all,rollout_weighted,-7,generated_local_index,-0.14407101910501074,0.07477361650466482,,0.07477361650466482,20,20,57
L22_SV32,matched_control_event_mean,all,rollout_weighted,-6,generated_local_index,-0.07455196288507691,0.08779366562846481,,0.08779366562846481,20,20,57
L22_SV32,matched_control_event_mean,all,rollout_weighted,-5,generated_local_index,-0.1636619008114172,0.09313613724363858,,0.09313613724363858,20,20,58
L22_SV32,matched_control_event_mean,all,rollout_weighted,-4,generated_local_index,-0.13802849129117767,0.06593932011498492,,0.06593932011498492,20,20,58
L22_SV32,matched_control_event_mean,all,rollout_weighted,-3,generated_local_index,-0.231158576938634,0.09402154585528379,,0.09402154585528379,20,20,58
L22_SV32,matched_control_event_mean,all,rollout_weighted,-2,generated_local_index,-0.40295474864077424,0.09447662418842258,,0.09447662418842258,20,20,58
L22_SV32,matched_control_event_mean,all,rollout_weighted,-1,generated_local_index,0.17607662838702587,0.07940815471863963,,0.07940815471863963,20,20,58
L22_SV32,matched_control_event_mean,all,rollout_weighted,0,generated_local_index,0.8004030744276353,0.07255862570937247,,0.07255862570937247,20,20,58
L22_SV32,matched_control_event_mean,all,rollout_weighted,1,generated_local_index,-0.22290672019002042,0.08024510800380107,,0.08024510800380107,19,19,46
L22_SV32,matched_control_event_mean,all,rollout_weighted,2,generated_local_index,-0.1750948272293899,0.07440602418550625,,0.07440602418550625,19,19,46
L22_SV32,matched_control_event_mean,all,rollout_weighted,3,generated_local_index,-0.20192782655097824,0.06311815955393665,,0.06311815955393665,19,19,45
L22_SV32,matched_control_event_mean,all,rollout_weighted,4,generated_local_index,-0.0929547659276236,0.07217080512459567,,0.07217080512459567,18,18,41
L22_SV32,matched_control_event_mean,all,rollout_weighted,5,generated_local_index,-0.06284424829203089,0.09125229513574296,,0.09125229513574296,18,18,39
L22_SV32,matched_control_event_mean,all,rollout_weighted,6,generated_local_index,0.08421988124796237,0.06968681516231541,,0.06968681516231541,18,18,38
L22_SV32,matched_control_event_mean,all,rollout_weighted,7,generated_local_index,0.035354288279286716,0.06617506145186515,,0.06617506145186515,18,18,36
L22_SV32,matched_control_event_mean,all,rollout_weighted,8,generated_local_index,0.0059984806517436135,0.0580478004832741,,0.0580478004832741,18,18,36
L22_SV32,matched_control_event_mean,all,rollout_weighted,9,generated_local_index,-0.18840132223467065,0.0935398904103204,,0.0935398904103204,18,18,34
L22_SV32,matched_control_event_mean,all,rollout_weighted,10,generated_local_index,0.00731545890472436,0.08279488901251872,,0.08279488901251872,18,18,32
L22_SV32,matched_control_event_mean,all,rollout_weighted,11,generated_local_index,-0.07521184096770454,0.08951555656086671,,0.08951555656086671,18,18,31
L22_SV32,matched_control_event_mean,all,rollout_weighted,12,generated_local_index,0.01527049226045061,0.08609433154799076,,0.08609433154799076,18,18,31
L22_SV32,matched_control_event_mean,all,rollout_weighted,13,generated_local_index,-0.009301444610104952,0.09556438032307196,,0.09556438032307196,18,18,31
L22_SV32,matched_control_event_mean,all,rollout_weighted,14,generated_local_index,-0.0585672580186479,0.11283663790636045,,0.11283663790636045,18,18,31
L22_SV32,matched_control_event_mean,all,rollout_weighted,15,generated_local_index,0.06607210912551842,0.07849893490155062,,0.07849893490155062,17,17,30
L22_SV32,matched_control_event_mean,all,rollout_weighted,16,generated_local_index,-0.028886446985451737,0.10476246087021601,,0.10476246087021601,17,17,29
L22_SV32,matched_control_event_mean,all,rollout_weighted,17,generated_local_index,-0.05061581217869428,0.08675287353285033,,0.08675287353285033,16,16,28
L22_SV32,matched_control_event_mean,all,rollout_weighted,18,generated_local_index,-0.03200241761333339,0.09936044371508791,,0.09936044371508791,16,16,28
L22_SV32,matched_control_event_mean,all,rollout_weighted,19,generated_local_index,-0.16265359198331666,0.08316831836300705,,0.08316831836300705,16,16,28
L22_SV32,matched_control_event_mean,all,rollout_weighted,20,generated_local_index,-0.1931065149908348,0.06709489479970729,,0.06709489479970729,16,16,28
L22_SV32,matched_control_event_mean,correct,event_weighted,-20,generated_local_index,-0.14982546328550356,0.08834806225982891,0.08834806225982891,,18,12,18
L22_SV32,matched_control_event_mean,correct,event_weighted,-19,generated_local_index,0.05031129949186576,0.10447146809716484,0.10447146809716484,,18,12,18
L22_SV32,matched_control_event_mean,correct,event_weighted,-18,generated_local_index,-0.07124355023026992,0.11913368218627517,0.11913368218627517,,19,13,19
L22_SV32,matched_control_event_mean,correct,event_weighted,-17,generated_local_index,-0.31468827760408186,0.08342755707403436,0.08342755707403436,,19,13,19
L22_SV32,matched_control_event_mean,correct,event_weighted,-16,generated_local_index,-0.03336776033252513,0.07983601216976063,0.07983601216976063,,23,13,23
L22_SV32,matched_control_event_mean,correct,event_weighted,-15,generated_local_index,-0.29422901659929407,0.11116467822966922,0.11116467822966922,,25,13,25
L22_SV32,matched_control_event_mean,correct,event_weighted,-14,generated_local_index,-0.17442699460202407,0.1077107057056201,0.1077107057056201,,28,13,28
L22_SV32,matched_control_event_mean,correct,event_weighted,-13,generated_local_index,-0.23609998736213508,0.10496399051056876,0.10496399051056876,,28,13,28
L22_SV32,matched_control_event_mean,correct,event_weighted,-12,generated_local_index,-0.24012740393401535,0.07747653714799557,0.07747653714799557,,29,14,29
L22_SV32,matched_control_event_mean,correct,event_weighted,-11,generated_local_index,-0.23464209402051253,0.0781739784692943,0.0781739784692943,,29,14,29
L22_SV32,matched_control_event_mean,correct,event_weighted,-10,generated_local_index,0.0018051986299655793,0.0793305077697547,0.0793305077697547,,30,14,30
L22_SV32,matched_control_event_mean,correct,event_weighted,-9,generated_local_index,-0.14973160080357853,0.07478525340864708,0.07478525340864708,,30,14,30
L22_SV32,matched_control_event_mean,correct,event_weighted,-8,generated_local_index,-0.12974584332764075,0.0894474240399567,0.0894474240399567,,31,14,31
L22_SV32,matched_control_event_mean,correct,event_weighted,-7,generated_local_index,-0.012392437709474952,0.06433610905748288,0.06433610905748288,,32,14,32
L22_SV32,matched_control_event_mean,correct,event_weighted,-6,generated_local_index,0.0037391190005190804,0.0762618404418005,0.0762618404418005,,32,14,32
L22_SV32,matched_control_event_mean,correct,event_weighted,-5,generated_local_index,-0.158632387180534,0.08243792849356858,0.08243792849356858,,32,14,32
L22_SV32,matched_control_event_mean,correct,event_weighted,-4,generated_local_index,-0.16986018210217582,0.08320565035918848,0.08320565035918848,,32,14,32
L22_SV32,matched_control_event_mean,correct,event_weighted,-3,generated_local_index,-0.15153328163168517,0.08321434804396924,0.08321434804396924,,32,14,32
L22_SV32,matched_control_event_mean,correct,event_weighted,-2,generated_local_index,-0.3058147245400573,0.1045054535765903,0.1045054535765903,,32,14,32
L22_SV32,matched_control_event_mean,correct,event_weighted,-1,generated_local_index,0.21167201051354348,0.08802148696809706,0.08802148696809706,,32,14,32
L22_SV32,matched_control_event_mean,correct,event_weighted,0,generated_local_index,0.716507498826854,0.08568342878269186,0.08568342878269186,,32,14,32
L22_SV32,matched_control_event_mean,correct,event_weighted,1,generated_local_index,-0.10100893106881342,0.08746381042341209,0.08746381042341209,,24,14,24
L22_SV32,matched_control_event_mean,correct,event_weighted,2,generated_local_index,-0.22492924829281713,0.09274549196933228,0.09274549196933228,,24,14,24
L22_SV32,matched_control_event_mean,correct,event_weighted,3,generated_local_index,-0.1375493325825188,0.0922794837233551,0.0922794837233551,,24,14,24
L22_SV32,matched_control_event_mean,correct,event_weighted,4,generated_local_index,-0.10000597523804558,0.08722446481377559,0.08722446481377559,,21,13,21
L22_SV32,matched_control_event_mean,correct,event_weighted,5,generated_local_index,-0.17353636589183516,0.08617858651234923,0.08617858651234923,,19,12,19
L22_SV32,matched_control_event_mean,correct,event_weighted,6,generated_local_index,0.07707874051051321,0.09073898471662466,0.09073898471662466,,18,11,18
L22_SV32,matched_control_event_mean,correct,event_weighted,7,generated_local_index,-0.10019159726747763,0.08959357382574472,0.08959357382574472,,17,11,17
L22_SV32,matched_control_event_mean,correct,event_weighted,8,generated_local_index,-0.1452026354641087,0.08224423706513243,0.08224423706513243,,17,11,17
L22_SV32,matched_control_event_mean,correct,event_weighted,9,generated_local_index,-0.20305259868653097,0.12536203077464117,0.12536203077464117,,15,11,15
L22_SV32,matched_control_event_mean,correct,event_weighted,10,generated_local_index,-0.015251795449891423,0.11154900499255743,0.11154900499255743,,13,10,13
L22_SV32,matched_control_event_mean,correct,event_weighted,11,generated_local_index,0.036415357376247674,0.14695554050442186,0.14695554050442186,,13,10,13
L22_SV32,matched_control_event_mean,correct,event_weighted,12,generated_local_index,0.07484564449490082,0.11857753197176556,0.11857753197176556,,13,10,13
L22_SV32,matched_control_event_mean,correct,event_weighted,13,generated_local_index,-0.115344807673386,0.10012911396797648,0.10012911396797648,,13,10,13
L22_SV32,matched_control_event_mean,correct,event_weighted,14,generated_local_index,-0.15932620996494057,0.1142282694572843,0.1142282694572843,,13,10,13
L22_SV32,matched_control_event_mean,correct,event_weighted,15,generated_local_index,-0.03575634675843416,0.10338633008871588,0.10338633008871588,,13,10,13
L22_SV32,matched_control_event_mean,correct,event_weighted,16,generated_local_index,-0.07935862089276681,0.13686022097253378,0.13686022097253378,,13,10,13
L22_SV32,matched_control_event_mean,correct,event_weighted,17,generated_local_index,-0.054495190572110254,0.13800684724251297,0.13800684724251297,,12,9,12
L22_SV32,matched_control_event_mean,correct,event_weighted,18,generated_local_index,-0.10748740442818122,0.14860741523826784,0.14860741523826784,,12,9,12
L22_SV32,matched_control_event_mean,correct,event_weighted,19,generated_local_index,-0.1541076552172271,0.114152107855552,0.114152107855552,,12,9,12
L22_SV32,matched_control_event_mean,correct,event_weighted,20,generated_local_index,-0.2534031974225059,0.0861879831570794,0.0861879831570794,,12,9,12
L22_SV32,matched_control_event_mean,correct,rollout_weighted,-20,generated_local_index,-0.13011219587364187,0.11910825529734896,,0.11910825529734896,12,12,18
L22_SV32,matched_control_event_mean,correct,rollout_weighted,-19,generated_local_index,0.13882911895804295,0.11571798780543466,,0.11571798780543466,12,12,18
L22_SV32,matched_control_event_mean,correct,rollout_weighted,-18,generated_local_index,-0.052504713595664665,0.12916380848082384,,0.12916380848082384,13,13,19
L22_SV32,matched_control_event_mean,correct,rollout_weighted,-17,generated_local_index,-0.31888890347392046,0.08252225258746052,,0.08252225258746052,13,13,19
L22_SV32,matched_control_event_mean,correct,rollout_weighted,-16,generated_local_index,-0.009457920496789915,0.11294615817398025,,0.11294615817398025,13,13,23
L22_SV32,matched_control_event_mean,correct,rollout_weighted,-15,generated_local_index,-0.24026477437189633,0.11546030046175801,,0.11546030046175801,13,13,25
L22_SV32,matched_control_event_mean,correct,rollout_weighted,-14,generated_local_index,-0.15993337761529852,0.1204130140168617,,0.1204130140168617,13,13,28
L22_SV32,matched_control_event_mean,correct,rollout_weighted,-13,generated_local_index,-0.24756574584712426,0.13380229658940251,,0.13380229658940251,13,13,28
L22_SV32,matched_control_event_mean,correct,rollout_weighted,-12,generated_local_index,-0.2343145257756843,0.08902018470219593,,0.08902018470219593,14,14,29
L22_SV32,matched_control_event_mean,correct,rollout_weighted,-11,generated_local_index,-0.25316958270139744,0.09830649310758484,,0.09830649310758484,14,14,29
L22_SV32,matched_control_event_mean,correct,rollout_weighted,-10,generated_local_index,0.018678055744949216,0.09331699430261686,,0.09331699430261686,14,14,30
L22_SV32,matched_control_event_mean,correct,rollout_weighted,-9,generated_local_index,-0.1388232109356383,0.0710188522305302,,0.0710188522305302,14,14,30
L22_SV32,matched_control_event_mean,correct,rollout_weighted,-8,generated_local_index,-0.16438805113428664,0.09468572480891589,,0.09468572480891589,14,14,31
L22_SV32,matched_control_event_mean,correct,rollout_weighted,-7,generated_local_index,-0.016817622561236496,0.05971969569028631,,0.05971969569028631,14,14,32
L22_SV32,matched_control_event_mean,correct,rollout_weighted,-6,generated_local_index,-0.02449353725477805,0.11495519761886028,,0.11495519761886028,14,14,32
L22_SV32,matched_control_event_mean,correct,rollout_weighted,-5,generated_local_index,-0.23287256509503562,0.1091987471992187,,0.1091987471992187,14,14,32
L22_SV32,matched_control_event_mean,correct,rollout_weighted,-4,generated_local_index,-0.236378845365276,0.14283636518702617,,0.14283636518702617,14,14,32
L22_SV32,matched_control_event_mean,correct,rollout_weighted,-3,generated_local_index,-0.19490585912120809,0.12073675954061301,,0.12073675954061301,14,14,32
L22_SV32,matched_control_event_mean,correct,rollout_weighted,-2,generated_local_index,-0.37968336171235156,0.11745603944873104,,0.11745603944873104,14,14,32
L22_SV32,matched_control_event_mean,correct,rollout_weighted,-1,generated_local_index,0.1492703865785344,0.1275420250193026,,0.1275420250193026,14,14,32
L22_SV32,matched_control_event_mean,correct,rollout_weighted,0,generated_local_index,0.6417220903917836,0.14286939420842956,,0.14286939420842956,14,14,32
L22_SV32,matched_control_event_mean,correct,rollout_weighted,1,generated_local_index,-0.18182062081951136,0.0881556123742856,,0.0881556123742856,14,14,24
L22_SV32,matched_control_event_mean,correct,rollout_weighted,2,generated_local_index,-0.22681883729109617,0.10900462825282548,,0.10900462825282548,14,14,24
L22_SV32,matched_control_event_mean,correct,rollout_weighted,3,generated_local_index,-0.1887141166325707,0.09020879856903363,,0.09020879856903363,14,14,24
L22_SV32,matched_control_event_mean,correct,rollout_weighted,4,generated_local_index,-0.08278621718458197,0.11631197280728613,,0.11631197280728613,13,13,21
L22_SV32,matched_control_event_mean,correct,rollout_weighted,5,generated_local_index,-0.19327376786930184,0.10064682505285542,,0.10064682505285542,12,12,19
L22_SV32,matched_control_event_mean,correct,rollout_weighted,6,generated_local_index,0.05605844687842889,0.0925418526539685,,0.0925418526539685,11,11,18
L22_SV32,matched_control_event_mean,correct,rollout_weighted,7,generated_local_index,-0.11492679963045639,0.1021921601941084,,0.1021921601941084,11,11,17
L22_SV32,matched_control_event_mean,correct,rollout_weighted,8,generated_local_index,-0.17617151126090436,0.08933304157956444,,0.08933304157956444,11,11,17
L22_SV32,matched_control_event_mean,correct,rollout_weighted,9,generated_local_index,-0.21688353887495876,0.16675093339976543,,0.16675093339976543,11,11,15
L22_SV32,matched_control_event_mean,correct,rollout_weighted,10,generated_local_index,-0.017386645550162443,0.11512923026487358,,0.11512923026487358,10,10,13
L22_SV32,matched_control_event_mean,correct,rollout_weighted,11,generated_local_index,0.0737394845008282,0.1251022520243306,,0.1251022520243306,10,10,13
L22_SV32,matched_control_event_mean,correct,rollout_weighted,12,generated_local_index,0.12555080914365047,0.10815077012348594,,0.10815077012348594,10,10,13
L22_SV32,matched_control_event_mean,correct,rollout_weighted,13,generated_local_index,-0.06754985937957345,0.08666541291644471,,0.08666541291644471,10,10,13
L22_SV32,matched_control_event_mean,correct,rollout_weighted,14,generated_local_index,-0.08595730867750614,0.1279192747684518,,0.1279192747684518,10,10,13
L22_SV32,matched_control_event_mean,correct,rollout_weighted,15,generated_local_index,-0.011299763921505768,0.08291367213010963,,0.08291367213010963,10,10,13
L22_SV32,matched_control_event_mean,correct,rollout_weighted,16,generated_local_index,-0.07754279219296703,0.11393298705598837,,0.11393298705598837,10,10,13
L22_SV32,matched_control_event_mean,correct,rollout_weighted,17,generated_local_index,-0.01042149236263838,0.14483199268498873,,0.14483199268498873,9,9,12
L22_SV32,matched_control_event_mean,correct,rollout_weighted,18,generated_local_index,-0.05085866815218919,0.17093318223773027,,0.17093318223773027,9,9,12
L22_SV32,matched_control_event_mean,correct,rollout_weighted,19,generated_local_index,-0.10603131541072605,0.11507422811908337,,0.11507422811908337,9,9,12
L22_SV32,matched_control_event_mean,correct,rollout_weighted,20,generated_local_index,-0.21932220215771936,0.09613655347102446,,0.09613655347102446,9,9,12
L22_SV32,matched_control_event_mean,incorrect,event_weighted,-20,generated_local_index,0.08818624120031587,0.09723834525232236,0.09723834525232236,,19,16,19
L22_SV32,matched_control_event_mean,incorrect,event_weighted,-19,generated_local_index,0.007103818913737785,0.09926618588468636,0.09926618588468636,,19,16,19
L22_SV32,matched_control_event_mean,incorrect,event_weighted,-18,generated_local_index,-0.04712596563706159,0.09489889752933832,0.09489889752933832,,19,16,19
L22_SV32,matched_control_event_mean,incorrect,event_weighted,-17,generated_local_index,-0.18259520393266762,0.10032750872165834,0.10032750872165834,,19,16,19
L22_SV32,matched_control_event_mean,incorrect,event_weighted,-16,generated_local_index,-0.016783555235489234,0.10578432004738852,0.10578432004738852,,19,16,19
L22_SV32,matched_control_event_mean,incorrect,event_weighted,-15,generated_local_index,-0.07453534365262486,0.11130174085881722,0.11130174085881722,,19,16,19
L22_SV32,matched_control_event_mean,incorrect,event_weighted,-14,generated_local_index,-0.13512188589288543,0.11647522926420706,0.11647522926420706,,19,16,19
L22_SV32,matched_control_event_mean,incorrect,event_weighted,-13,generated_local_index,-0.07015851539603243,0.1150820660054825,0.1150820660054825,,19,16,19
L22_SV32,matched_control_event_mean,incorrect,event_weighted,-12,generated_local_index,-0.19279847267528463,0.09114066617889614,0.09114066617889614,,19,16,19
L22_SV32,matched_control_event_mean,incorrect,event_weighted,-11,generated_local_index,-0.1641450046261407,0.11096571355167448,0.11096571355167448,,19,16,19
L22_SV32,matched_control_event_mean,incorrect,event_weighted,-10,generated_local_index,-0.08578043183650536,0.12277020397725714,0.12277020397725714,,19,16,19
L22_SV32,matched_control_event_mean,incorrect,event_weighted,-9,generated_local_index,-0.13547982162233485,0.10001827366806973,0.10001827366806973,,19,16,19
L22_SV32,matched_control_event_mean,incorrect,event_weighted,-8,generated_local_index,-0.05328186123732007,0.08142858099152155,0.08142858099152155,,19,16,19
L22_SV32,matched_control_event_mean,incorrect,event_weighted,-7,generated_local_index,-0.2170493965351367,0.10458324428384724,0.10458324428384724,,20,16,20
L22_SV32,matched_control_event_mean,incorrect,event_weighted,-6,generated_local_index,-0.06149993438077328,0.10542780663942697,0.10542780663942697,,20,16,20
L22_SV32,matched_control_event_mean,incorrect,event_weighted,-5,generated_local_index,-0.19390059816692654,0.10700056201673143,0.10700056201673143,,21,16,21
L22_SV32,matched_control_event_mean,incorrect,event_weighted,-4,generated_local_index,-0.10778741887011649,0.0894200167865463,0.0894200167865463,,21,16,21
L22_SV32,matched_control_event_mean,incorrect,event_weighted,-3,generated_local_index,-0.23397697694109137,0.12539619176535718,0.12539619176535718,,21,16,21
L22_SV32,matched_control_event_mean,incorrect,event_weighted,-2,generated_local_index,-0.3213342335930398,0.11162533966291022,0.11162533966291022,,21,16,21
L22_SV32,matched_control_event_mean,incorrect,event_weighted,-1,generated_local_index,0.17912413716301628,0.09743087675696382,0.09743087675696382,,21,16,21
L22_SV32,matched_control_event_mean,incorrect,event_weighted,0,generated_local_index,0.792708007385267,0.08390277703592824,0.08390277703592824,,21,16,21
L22_SV32,matched_control_event_mean,incorrect,event_weighted,1,generated_local_index,-0.26871096837916186,0.08502441701775879,0.08502441701775879,,18,13,18
L22_SV32,matched_control_event_mean,incorrect,event_weighted,2,generated_local_index,-0.17746582531102584,0.11295953263297434,0.11295953263297434,,18,13,18
L22_SV32,matched_control_event_mean,incorrect,event_weighted,3,generated_local_index,-0.2930972826480655,0.09115899339285478,0.09115899339285478,,17,13,17
L22_SV32,matched_control_event_mean,incorrect,event_weighted,4,generated_local_index,-0.2198304264058071,0.07376860894212442,0.07376860894212442,,16,12,16
L22_SV32,matched_control_event_mean,incorrect,event_weighted,5,generated_local_index,-0.08904569786476312,0.12031247227315442,0.12031247227315442,,16,12,16
L22_SV32,matched_control_event_mean,incorrect,event_weighted,6,generated_local_index,0.10140009727908539,0.10862986757384076,0.10862986757384076,,16,12,16
L22_SV32,matched_control_event_mean,incorrect,event_weighted,7,generated_local_index,0.07832118818634436,0.10671643486806487,0.10671643486806487,,15,12,15
L22_SV32,matched_control_event_mean,incorrect,event_weighted,8,generated_local_index,0.023668223438445282,0.07947985619189543,0.07947985619189543,,15,12,15
L22_SV32,matched_control_event_mean,incorrect,event_weighted,9,generated_local_index,-0.26702994064072133,0.12177958345565623,0.12177958345565623,,15,12,15
L22_SV32,matched_control_event_mean,incorrect,event_weighted,10,generated_local_index,-0.0023593549364668083,0.09237309841110061,0.09237309841110061,,15,12,15
L22_SV32,matched_control_event_mean,incorrect,event_weighted,11,generated_local_index,-0.19096933392512194,0.11610754745356618,0.11610754745356618,,14,11,14
L22_SV32,matched_control_event_mean,incorrect,event_weighted,12,generated_local_index,-0.16127938725573485,0.13174702882824643,0.13174702882824643,,14,11,14
L22_SV32,matched_control_event_mean,incorrect,event_weighted,13,generated_local_index,-0.10186628390138815,0.15809525671380584,0.15809525671380584,,14,11,14
L22_SV32,matched_control_event_mean,incorrect,event_weighted,14,generated_local_index,0.0009232009474541955,0.13007308943023155,0.13007308943023155,,14,11,14
L22_SV32,matched_control_event_mean,incorrect,event_weighted,15,generated_local_index,-0.028060758418917267,0.115847318396325,0.115847318396325,,13,10,13
L22_SV32,matched_control_event_mean,incorrect,event_weighted,16,generated_local_index,-0.22620999822055532,0.14284829501129787,0.14284829501129787,,12,10,12
L22_SV32,matched_control_event_mean,incorrect,event_weighted,17,generated_local_index,-0.05049131031921417,0.1110401329579754,0.1110401329579754,,12,10,12
L22_SV32,matched_control_event_mean,incorrect,event_weighted,18,generated_local_index,0.06856589218405472,0.16116368638654271,0.16116368638654271,,12,10,12
L22_SV32,matched_control_event_mean,incorrect,event_weighted,19,generated_local_index,-0.1940621425817717,0.15535957244608778,0.15535957244608778,,12,10,12
L22_SV32,matched_control_event_mean,incorrect,event_weighted,20,generated_local_index,-0.24449591445260466,0.08854068353085735,0.08854068353085735,,12,10,12
L22_SV32,matched_control_event_mean,incorrect,rollout_weighted,-20,generated_local_index,0.09378872687928466,0.11252260750760551,,0.11252260750760551,16,16,19
L22_SV32,matched_control_event_mean,incorrect,rollout_weighted,-19,generated_local_index,0.03130266393233546,0.112880357772501,,0.112880357772501,16,16,19
L22_SV32,matched_control_event_mean,incorrect,rollout_weighted,-18,generated_local_index,-0.05599682980034569,0.10931268528128406,,0.10931268528128406,16,16,19
L22_SV32,matched_control_event_mean,incorrect,rollout_weighted,-17,generated_local_index,-0.22469070446435485,0.11261804039057813,,0.11261804039057813,16,16,19
L22_SV32,matched_control_event_mean,incorrect,rollout_weighted,-16,generated_local_index,0.0026747327674849653,0.1172064034444492,,0.1172064034444492,16,16,19
L22_SV32,matched_control_event_mean,incorrect,rollout_weighted,-15,generated_local_index,-0.059487940053002876,0.10633100831173929,,0.10633100831173929,16,16,19
L22_SV32,matched_control_event_mean,incorrect,rollout_weighted,-14,generated_local_index,-0.14292523847281172,0.11311769788276027,,0.11311769788276027,16,16,19
L22_SV32,matched_control_event_mean,incorrect,rollout_weighted,-13,generated_local_index,-0.1053555976243636,0.13201103780484788,,0.13201103780484788,16,16,19
L22_SV32,matched_control_event_mean,incorrect,rollout_weighted,-12,generated_local_index,-0.1706539385397489,0.09280354934796388,,0.09280354934796388,16,16,19
L22_SV32,matched_control_event_mean,incorrect,rollout_weighted,-11,generated_local_index,-0.1744365855866026,0.11363335550705055,,0.11363335550705055,16,16,19
L22_SV32,matched_control_event_mean,incorrect,rollout_weighted,-10,generated_local_index,-0.12731088290948875,0.1371796297616541,,0.1371796297616541,16,16,19
L22_SV32,matched_control_event_mean,incorrect,rollout_weighted,-9,generated_local_index,-0.17210483168243107,0.08332833295531748,,0.08332833295531748,16,16,19
L22_SV32,matched_control_event_mean,incorrect,rollout_weighted,-8,generated_local_index,-0.08800144479835804,0.0859382694999733,,0.0859382694999733,16,16,19
L22_SV32,matched_control_event_mean,incorrect,rollout_weighted,-7,generated_local_index,-0.15157353145649954,0.10658855051452999,,0.10658855051452999,16,16,20
L22_SV32,matched_control_event_mean,incorrect,rollout_weighted,-6,generated_local_index,-0.045576813011835,0.12285164778270376,,0.12285164778270376,16,16,20
L22_SV32,matched_control_event_mean,incorrect,rollout_weighted,-5,generated_local_index,-0.24445097766566493,0.12274284723130012,,0.12274284723130012,16,16,21
L22_SV32,matched_control_event_mean,incorrect,rollout_weighted,-4,generated_local_index,-0.10256373136589861,0.10540194078639017,,0.10540194078639017,16,16,21
L22_SV32,matched_control_event_mean,incorrect,rollout_weighted,-3,generated_local_index,-0.27810107623741304,0.12537230961801563,,0.12537230961801563,16,16,21
L22_SV32,matched_control_event_mean,incorrect,rollout_weighted,-2,generated_local_index,-0.3410533537046466,0.130486511804709,,0.130486511804709,16,16,21
L22_SV32,matched_control_event_mean,incorrect,rollout_weighted,-1,generated_local_index,0.16984720711269596,0.10529256980799843,,0.10529256980799843,16,16,21
L22_SV32,matched_control_event_mean,incorrect,rollout_weighted,0,generated_local_index,0.7756135847546367,0.0919762423231945,,0.0919762423231945,16,16,21
L22_SV32,matched_control_event_mean,incorrect,rollout_weighted,1,generated_local_index,-0.32339092754455717,0.10146594971513426,,0.10146594971513426,13,13,18
L22_SV32,matched_control_event_mean,incorrect,rollout_weighted,2,generated_local_index,-0.21799757410958936,0.14491732400400542,,0.14491732400400542,13,13,18
L22_SV32,matched_control_event_mean,incorrect,rollout_weighted,3,generated_local_index,-0.3269829501310025,0.09683200898343272,,0.09683200898343272,13,13,17
L22_SV32,matched_control_event_mean,incorrect,rollout_weighted,4,generated_local_index,-0.18747126463494168,0.08645098257530884,,0.08645098257530884,12,12,16
L22_SV32,matched_control_event_mean,incorrect,rollout_weighted,5,generated_local_index,-0.11120707874579193,0.13840238677822803,,0.13840238677822803,12,12,16
L22_SV32,matched_control_event_mean,incorrect,rollout_weighted,6,generated_local_index,0.08193545893638975,0.1219952938644733,,0.1219952938644733,12,12,16
L22_SV32,matched_control_event_mean,incorrect,rollout_weighted,7,generated_local_index,0.09601495311334872,0.08654181276399522,,0.08654181276399522,12,12,15
L22_SV32,matched_control_event_mean,incorrect,rollout_weighted,8,generated_local_index,0.009349781100248549,0.07068478675739084,,0.07068478675739084,12,12,15
L22_SV32,matched_control_event_mean,incorrect,rollout_weighted,9,generated_local_index,-0.2939822893716223,0.14094182247004539,,0.14094182247004539,12,12,15
L22_SV32,matched_control_event_mean,incorrect,rollout_weighted,10,generated_local_index,-0.015396910124552578,0.10199105643316057,,0.10199105643316057,12,12,15
L22_SV32,matched_control_event_mean,incorrect,rollout_weighted,11,generated_local_index,-0.15610558745583808,0.12479466911726952,,0.12479466911726952,11,11,14
L22_SV32,matched_control_event_mean,incorrect,rollout_weighted,12,generated_local_index,-0.11578368797229958,0.133016829789613,,0.133016829789613,11,11,14
L22_SV32,matched_control_event_mean,incorrect,rollout_weighted,13,generated_local_index,-0.05755634402411942,0.14226287853906852,,0.14226287853906852,11,11,14
L22_SV32,matched_control_event_mean,incorrect,rollout_weighted,14,generated_local_index,0.04428355355891926,0.13940387714242172,,0.13940387714242172,11,11,14
L22_SV32,matched_control_event_mean,incorrect,rollout_weighted,15,generated_local_index,-0.02479966880479293,0.11750435599508359,,0.11750435599508359,10,10,13
L22_SV32,matched_control_event_mean,incorrect,rollout_weighted,16,generated_local_index,-0.21361557362741443,0.16110577287173072,,0.16110577287173072,10,10,12
L22_SV32,matched_control_event_mean,incorrect,rollout_weighted,17,generated_local_index,-0.05949575736470767,0.13251629429256132,,0.13251629429256132,10,10,12
L22_SV32,matched_control_event_mean,incorrect,rollout_weighted,18,generated_local_index,0.12944241812014468,0.14357967617215964,,0.14357967617215964,10,10,12
L22_SV32,matched_control_event_mean,incorrect,rollout_weighted,19,generated_local_index,-0.1782347452097057,0.14084945692885098,,0.14084945692885098,10,10,12
L22_SV32,matched_control_event_mean,incorrect,rollout_weighted,20,generated_local_index,-0.24975320624790437,0.09733208448381167,,0.09733208448381167,10,10,12
L22_SV32,matched_control_event_mean,ambiguous,event_weighted,-20,generated_local_index,-0.44063683321829605,0.09635305242348043,0.09635305242348043,,5,4,5
L22_SV32,matched_control_event_mean,ambiguous,event_weighted,-19,generated_local_index,-0.17544281526750752,0.19946612531185154,0.19946612531185154,,5,4,5
L22_SV32,matched_control_event_mean,ambiguous,event_weighted,-18,generated_local_index,-0.19425724033267533,0.11816549218929584,0.11816549218929584,,5,4,5
L22_SV32,matched_control_event_mean,ambiguous,event_weighted,-17,generated_local_index,-0.03814019115653004,0.1490408293616914,0.1490408293616914,,5,4,5
L22_SV32,matched_control_event_mean,ambiguous,event_weighted,-16,generated_local_index,-0.07814859648432394,0.14374223793268698,0.14374223793268698,,5,4,5
L22_SV32,matched_control_event_mean,ambiguous,event_weighted,-15,generated_local_index,-0.24318825571575592,0.14809416990934748,0.14809416990934748,,5,4,5
L22_SV32,matched_control_event_mean,ambiguous,event_weighted,-14,generated_local_index,0.11740020208061619,0.13250398877265437,0.13250398877265437,,5,4,5
L22_SV32,matched_control_event_mean,ambiguous,event_weighted,-13,generated_local_index,0.2208655673160007,0.14018243888912868,0.14018243888912868,,5,4,5
L22_SV32,matched_control_event_mean,ambiguous,event_weighted,-12,generated_local_index,-0.26967146458324337,0.16307511201986677,0.16307511201986677,,5,4,5
L22_SV32,matched_control_event_mean,ambiguous,event_weighted,-11,generated_local_index,-0.09615201807520295,0.24165856617174908,0.24165856617174908,,5,4,5
L22_SV32,matched_control_event_mean,ambiguous,event_weighted,-10,generated_local_index,-0.06584888553012744,0.22574217628284715,0.22574217628284715,,5,4,5
L22_SV32,matched_control_event_mean,ambiguous,event_weighted,-9,generated_local_index,-0.1057627592622918,0.29698823993396917,0.29698823993396917,,5,4,5
L22_SV32,matched_control_event_mean,ambiguous,event_weighted,-8,generated_local_index,0.16278161573267663,0.1641911970230456,0.1641911970230456,,5,4,5
L22_SV32,matched_control_event_mean,ambiguous,event_weighted,-7,generated_local_index,-0.19034633362724107,0.2818609175056122,0.2818609175056122,,5,4,5
L22_SV32,matched_control_event_mean,ambiguous,event_weighted,-6,generated_local_index,-0.10102643781618133,0.23213625751281114,0.23213625751281114,,5,4,5
L22_SV32,matched_control_event_mean,ambiguous,event_weighted,-5,generated_local_index,0.08531762366460227,0.13726056135150688,0.13726056135150688,,5,4,5
L22_SV32,matched_control_event_mean,ambiguous,event_weighted,-4,generated_local_index,-0.1496757418103567,0.2224265299943632,0.2224265299943632,,5,4,5
L22_SV32,matched_control_event_mean,ambiguous,event_weighted,-3,generated_local_index,-0.18840175917788943,0.15575863834255604,0.15575863834255604,,5,4,5
L22_SV32,matched_control_event_mean,ambiguous,event_weighted,-2,generated_local_index,-0.534922886053262,0.20223044063835577,0.20223044063835577,,5,4,5
L22_SV32,matched_control_event_mean,ambiguous,event_weighted,-1,generated_local_index,0.17683660615228652,0.11137935861972648,0.11137935861972648,,5,4,5
L22_SV32,matched_control_event_mean,ambiguous,event_weighted,0,generated_local_index,0.9815210511756984,0.18798898021091637,0.18798898021091637,,5,4,5
L22_SV32,matched_control_event_mean,ambiguous,event_weighted,1,generated_local_index,-0.3352289014523461,0.35763484547886043,0.35763484547886043,,4,4,4
L22_SV32,matched_control_event_mean,ambiguous,event_weighted,2,generated_local_index,-0.19718477767676146,0.21359994293804144,0.21359994293804144,,4,4,4
L22_SV32,matched_control_event_mean,ambiguous,event_weighted,3,generated_local_index,-0.34889908120839114,0.185952450379583,0.185952450379583,,4,4,4
L22_SV32,matched_control_event_mean,ambiguous,event_weighted,4,generated_local_index,-0.03144325470380402,0.27537027398116887,0.27537027398116887,,4,4,4
L22_SV32,matched_control_event_mean,ambiguous,event_weighted,5,generated_local_index,0.04112031919710528,0.413848095573656,0.413848095573656,,4,4,4
L22_SV32,matched_control_event_mean,ambiguous,event_weighted,6,generated_local_index,0.07047693196597106,0.14751006994605012,0.14751006994605012,,4,4,4
L22_SV32,matched_control_event_mean,ambiguous,event_weighted,7,generated_local_index,0.19021982178760338,0.23157708585401596,0.23157708585401596,,4,4,4
L22_SV32,matched_control_event_mean,ambiguous,event_weighted,8,generated_local_index,0.30706447635093154,0.23410655259071994,0.23410655259071994,,4,4,4
L22_SV32,matched_control_event_mean,ambiguous,event_weighted,9,generated_local_index,0.3746568743184484,0.20554235356725467,0.20554235356725467,,4,4,4
L22_SV32,matched_control_event_mean,ambiguous,event_weighted,10,generated_local_index,0.32739714755079763,0.3119385331703441,0.3119385331703441,,4,4,4
L22_SV32,matched_control_event_mean,ambiguous,event_weighted,11,generated_local_index,-0.4258921400990529,0.3406801457799947,0.3406801457799947,,4,4,4
L22_SV32,matched_control_event_mean,ambiguous,event_weighted,12,generated_local_index,0.15850690449713745,0.12364678214916545,0.12364678214916545,,4,4,4
L22_SV32,matched_control_event_mean,ambiguous,event_weighted,13,generated_local_index,0.025402827948989265,0.35353464606045004,0.35353464606045004,,4,4,4
L22_SV32,matched_control_event_mean,ambiguous,event_weighted,14,generated_local_index,0.005298638847724926,0.3231711301609303,0.3231711301609303,,4,4,4
L22_SV32,matched_control_event_mean,ambiguous,event_weighted,15,generated_local_index,0.4096021661321907,0.37410392404854065,0.37410392404854065,,4,4,4
L22_SV32,matched_control_event_mean,ambiguous,event_weighted,16,generated_local_index,0.415974967652441,0.1147596570361308,0.1147596570361308,,4,4,4
L22_SV32,matched_control_event_mean,ambiguous,event_weighted,17,generated_local_index,-0.1007961446998756,0.1659688137367941,0.1659688137367941,,4,4,4
L22_SV32,matched_control_event_mean,ambiguous,event_weighted,18,generated_local_index,-0.14004183651061136,0.09663093564222346,0.09663093564222346,,4,4,4
L22_SV32,matched_control_event_mean,ambiguous,event_weighted,19,generated_local_index,0.02388124538264399,0.0818308315105768,0.0818308315105768,,4,4,4
L22_SV32,matched_control_event_mean,ambiguous,event_weighted,20,generated_local_index,-0.09127585710012974,0.4033242952304077,0.4033242952304077,,4,4,4
L22_SV32,matched_control_event_mean,ambiguous,rollout_weighted,-20,generated_local_index,-0.4663757015972979,0.10604124382168995,,0.10604124382168995,4,4,5
L22_SV32,matched_control_event_mean,ambiguous,rollout_weighted,-19,generated_local_index,-0.23937695016230123,0.23982216177817595,,0.23982216177817595,4,4,5
L22_SV32,matched_control_event_mean,ambiguous,rollout_weighted,-18,generated_local_index,-0.15158813268906013,0.11276362760022399,,0.11276362760022399,4,4,5
L22_SV32,matched_control_event_mean,ambiguous,rollout_weighted,-17,generated_local_index,0.009374790981324384,0.17695070416836017,,0.17695070416836017,4,4,5
L22_SV32,matched_control_event_mean,ambiguous,rollout_weighted,-16,generated_local_index,-0.10606141383174685,0.17766066161336677,,0.17766066161336677,4,4,5
L22_SV32,matched_control_event_mean,ambiguous,rollout_weighted,-15,generated_local_index,-0.26961134661650676,0.17302557744515362,,0.17302557744515362,4,4,5
L22_SV32,matched_control_event_mean,ambiguous,rollout_weighted,-14,generated_local_index,0.1163617057639559,0.1607988163285356,,0.1607988163285356,4,4,5
L22_SV32,matched_control_event_mean,ambiguous,rollout_weighted,-13,generated_local_index,0.2641650577429073,0.12842005253801703,,0.12842005253801703,4,4,5
L22_SV32,matched_control_event_mean,ambiguous,rollout_weighted,-12,generated_local_index,-0.31455570749305783,0.16790360766891724,,0.16790360766891724,4,4,5
L22_SV32,matched_control_event_mean,ambiguous,rollout_weighted,-11,generated_local_index,-0.18104195847462384,0.1694166376325448,,0.1694166376325448,4,4,5
L22_SV32,matched_control_event_mean,ambiguous,rollout_weighted,-10,generated_local_index,-0.059592642813514875,0.18574766504621168,,0.18574766504621168,4,4,5
L22_SV32,matched_control_event_mean,ambiguous,rollout_weighted,-9,generated_local_index,-0.0021007519592897705,0.35258269945985904,,0.35258269945985904,4,4,5
L22_SV32,matched_control_event_mean,ambiguous,rollout_weighted,-8,generated_local_index,0.24109121057417093,0.13259104587573597,,0.13259104587573597,4,4,5
L22_SV32,matched_control_event_mean,ambiguous,rollout_weighted,-7,generated_local_index,-0.19776091934682577,0.3076385426775328,,0.3076385426775328,4,4,5
L22_SV32,matched_control_event_mean,ambiguous,rollout_weighted,-6,generated_local_index,-0.14780811263831936,0.12060484432564579,,0.12060484432564579,4,4,5
L22_SV32,matched_control_event_mean,ambiguous,rollout_weighted,-5,generated_local_index,0.1013360893331631,0.12751391172612844,,0.12751391172612844,4,4,5
L22_SV32,matched_control_event_mean,ambiguous,rollout_weighted,-4,generated_local_index,-0.1416850802246088,0.24883289977872527,,0.24883289977872527,4,4,5
L22_SV32,matched_control_event_mean,ambiguous,rollout_weighted,-3,generated_local_index,-0.2527493576869989,0.1669611732000627,,0.1669611732000627,4,4,5
L22_SV32,matched_control_event_mean,ambiguous,rollout_weighted,-2,generated_local_index,-0.5722987527401302,0.1721963834665711,,0.1721963834665711,4,4,5
L22_SV32,matched_control_event_mean,ambiguous,rollout_weighted,-1,generated_local_index,0.170130731159655,0.12390044050647121,,0.12390044050647121,4,4,5
L22_SV32,matched_control_event_mean,ambiguous,rollout_weighted,0,generated_local_index,0.960965483483992,0.23042338099400994,,0.23042338099400994,4,4,5
L22_SV32,matched_control_event_mean,ambiguous,rollout_weighted,1,generated_local_index,-0.3352289014523461,0.35763484547886043,,0.35763484547886043,4,4,4
L22_SV32,matched_control_event_mean,ambiguous,rollout_weighted,2,generated_local_index,-0.19718477767676146,0.21359994293804144,,0.21359994293804144,4,4,4
L22_SV32,matched_control_event_mean,ambiguous,rollout_weighted,3,generated_local_index,-0.34889908120839114,0.185952450379583,,0.185952450379583,4,4,4
L22_SV32,matched_control_event_mean,ambiguous,rollout_weighted,4,generated_local_index,-0.03144325470380402,0.27537027398116887,,0.27537027398116887,4,4,4
L22_SV32,matched_control_event_mean,ambiguous,rollout_weighted,5,generated_local_index,0.04112031919710528,0.413848095573656,,0.413848095573656,4,4,4
L22_SV32,matched_control_event_mean,ambiguous,rollout_weighted,6,generated_local_index,0.07047693196597106,0.14751006994605012,,0.14751006994605012,4,4,4
L22_SV32,matched_control_event_mean,ambiguous,rollout_weighted,7,generated_local_index,0.19021982178760338,0.23157708585401596,,0.23157708585401596,4,4,4
L22_SV32,matched_control_event_mean,ambiguous,rollout_weighted,8,generated_local_index,0.30706447635093154,0.23410655259071994,,0.23410655259071994,4,4,4
L22_SV32,matched_control_event_mean,ambiguous,rollout_weighted,9,generated_local_index,0.3746568743184484,0.20554235356725467,,0.20554235356725467,4,4,4
L22_SV32,matched_control_event_mean,ambiguous,rollout_weighted,10,generated_local_index,0.32739714755079763,0.3119385331703441,,0.3119385331703441,4,4,4
L22_SV32,matched_control_event_mean,ambiguous,rollout_weighted,11,generated_local_index,-0.4258921400990529,0.3406801457799947,,0.3406801457799947,4,4,4
L22_SV32,matched_control_event_mean,ambiguous,rollout_weighted,12,generated_local_index,0.15850690449713745,0.12364678214916545,,0.12364678214916545,4,4,4
L22_SV32,matched_control_event_mean,ambiguous,rollout_weighted,13,generated_local_index,0.025402827948989265,0.35353464606045004,,0.35353464606045004,4,4,4
L22_SV32,matched_control_event_mean,ambiguous,rollout_weighted,14,generated_local_index,0.005298638847724926,0.3231711301609303,,0.3231711301609303,4,4,4
L22_SV32,matched_control_event_mean,ambiguous,rollout_weighted,15,generated_local_index,0.4096021661321907,0.37410392404854065,,0.37410392404854065,4,4,4
L22_SV32,matched_control_event_mean,ambiguous,rollout_weighted,16,generated_local_index,0.415974967652441,0.1147596570361308,,0.1147596570361308,4,4,4
L22_SV32,matched_control_event_mean,ambiguous,rollout_weighted,17,generated_local_index,-0.1007961446998756,0.1659688137367941,,0.1659688137367941,4,4,4
L22_SV32,matched_control_event_mean,ambiguous,rollout_weighted,18,generated_local_index,-0.14004183651061136,0.09663093564222346,,0.09663093564222346,4,4,4
L22_SV32,matched_control_event_mean,ambiguous,rollout_weighted,19,generated_local_index,0.02388124538264399,0.0818308315105768,,0.0818308315105768,4,4,4
L22_SV32,matched_control_event_mean,ambiguous,rollout_weighted,20,generated_local_index,-0.09127585710012974,0.4033242952304077,,0.4033242952304077,4,4,4
