subject,relation,ablate_cond,ablate_band,ablate_positions,restore_pos,restore_pos_token,restore_pos_is_subject,restore_layer,span_logp_ablated,recovery_frac,span_logp_clean,span_logp_cond,delta_span_logp,span_lp_per_token,content_logp_cond,delta_content_logp,rank_content_under_cond,content_top1_changed,content_top1_cond,kl_first_token
Nelson Mandela,birth_city,name_lens,6-8,subject_all,-1,,,-1,-6.9688,0.0,-2.8388,-6.9688,-4.13,-3.087|-1.239|-2.421|-0.221,-3.0874,-1.5086,1,1, Cape,0.4392
Nelson Mandela,birth_city,name_lens,6-8,subject_all,0,<|startoftext|>,0,0,-6.9688,0.0,-2.8388,-6.9688,-4.13,-3.087|-1.239|-2.421|-0.221,-3.0874,-1.5086,1,1, Cape,0.4392
Nelson Mandela,birth_city,name_lens,6-8,subject_all,1,Nel,1,0,-6.9688,0.0,-2.8388,-6.9688,-4.13,-3.087|-1.239|-2.421|-0.221,-3.0874,-1.5086,1,1, Cape,0.4392
Nelson Mandela,birth_city,name_lens,6-8,subject_all,2,son,1,0,-6.9688,0.0,-2.8388,-6.9688,-4.13,-3.087|-1.239|-2.421|-0.221,-3.0874,-1.5086,1,1, Cape,0.4392
Nelson Mandela,birth_city,name_lens,6-8,subject_all,3, Mandela,1,0,-6.9688,0.0,-2.8388,-6.9688,-4.13,-3.087|-1.239|-2.421|-0.221,-3.0874,-1.5086,1,1, Cape,0.4392
Nelson Mandela,birth_city,name_lens,6-8,subject_all,4, was,0,0,-6.9688,0.0,-2.8388,-6.9688,-4.13,-3.087|-1.239|-2.421|-0.221,-3.0874,-1.5086,1,1, Cape,0.4392
Nelson Mandela,birth_city,name_lens,6-8,subject_all,5, born,0,0,-6.9688,0.0,-2.8388,-6.9688,-4.13,-3.087|-1.239|-2.421|-0.221,-3.0874,-1.5086,1,1, Cape,0.4392
Nelson Mandela,birth_city,name_lens,6-8,subject_all,6, in,0,0,-6.9688,0.0,-2.8388,-6.9688,-4.13,-3.087|-1.239|-2.421|-0.221,-3.0874,-1.5086,1,1, Cape,0.4392
Nelson Mandela,birth_city,name_lens,6-8,subject_all,7, the,0,0,-6.9688,0.0,-2.8388,-6.9688,-4.13,-3.087|-1.239|-2.421|-0.221,-3.0874,-1.5086,1,1, Cape,0.4392
Nelson Mandela,birth_city,name_lens,6-8,subject_all,8, city,0,0,-6.9688,0.0,-2.8388,-6.9688,-4.13,-3.087|-1.239|-2.421|-0.221,-3.0874,-1.5086,1,1, Cape,0.4392
Nelson Mandela,birth_city,name_lens,6-8,subject_all,9, of,0,0,-6.9688,0.0,-2.8388,-6.9688,-4.13,-3.087|-1.239|-2.421|-0.221,-3.0874,-1.5086,1,1, Cape,0.4392
Nelson Mandela,birth_city,name_lens,6-8,subject_all,0,<|startoftext|>,0,1,-6.9688,0.0,-2.8388,-6.9688,-4.13,-3.087|-1.239|-2.421|-0.221,-3.0874,-1.5086,1,1, Cape,0.4392
Nelson Mandela,birth_city,name_lens,6-8,subject_all,1,Nel,1,1,-6.9688,0.0,-2.8388,-6.9688,-4.13,-3.087|-1.239|-2.421|-0.221,-3.0874,-1.5086,1,1, Cape,0.4392
Nelson Mandela,birth_city,name_lens,6-8,subject_all,2,son,1,1,-6.9688,0.0,-2.8388,-6.9688,-4.13,-3.087|-1.239|-2.421|-0.221,-3.0874,-1.5086,1,1, Cape,0.4392
Nelson Mandela,birth_city,name_lens,6-8,subject_all,3, Mandela,1,1,-6.9688,0.0,-2.8388,-6.9688,-4.13,-3.087|-1.239|-2.421|-0.221,-3.0874,-1.5086,1,1, Cape,0.4392
Nelson Mandela,birth_city,name_lens,6-8,subject_all,4, was,0,1,-6.9688,0.0,-2.8388,-6.9688,-4.13,-3.087|-1.239|-2.421|-0.221,-3.0874,-1.5086,1,1, Cape,0.4392
Nelson Mandela,birth_city,name_lens,6-8,subject_all,5, born,0,1,-6.9688,0.0,-2.8388,-6.9688,-4.13,-3.087|-1.239|-2.421|-0.221,-3.0874,-1.5086,1,1, Cape,0.4392
Nelson Mandela,birth_city,name_lens,6-8,subject_all,6, in,0,1,-6.9688,0.0,-2.8388,-6.9688,-4.13,-3.087|-1.239|-2.421|-0.221,-3.0874,-1.5086,1,1, Cape,0.4392
Nelson Mandela,birth_city,name_lens,6-8,subject_all,7, the,0,1,-6.9688,0.0,-2.8388,-6.9688,-4.13,-3.087|-1.239|-2.421|-0.221,-3.0874,-1.5086,1,1, Cape,0.4392
Nelson Mandela,birth_city,name_lens,6-8,subject_all,8, city,0,1,-6.9688,0.0,-2.8388,-6.9688,-4.13,-3.087|-1.239|-2.421|-0.221,-3.0874,-1.5086,1,1, Cape,0.4392
Nelson Mandela,birth_city,name_lens,6-8,subject_all,9, of,0,1,-6.9688,0.0,-2.8388,-6.9688,-4.13,-3.087|-1.239|-2.421|-0.221,-3.0874,-1.5086,1,1, Cape,0.4392
Nelson Mandela,birth_city,name_lens,6-8,subject_all,0,<|startoftext|>,0,2,-6.9688,0.0,-2.8388,-6.9688,-4.13,-3.087|-1.239|-2.421|-0.221,-3.0874,-1.5086,1,1, Cape,0.4392
Nelson Mandela,birth_city,name_lens,6-8,subject_all,1,Nel,1,2,-6.9688,0.0,-2.8388,-6.9688,-4.13,-3.087|-1.239|-2.421|-0.221,-3.0874,-1.5086,1,1, Cape,0.4392
Nelson Mandela,birth_city,name_lens,6-8,subject_all,2,son,1,2,-6.9688,0.0,-2.8388,-6.9688,-4.13,-3.087|-1.239|-2.421|-0.221,-3.0874,-1.5086,1,1, Cape,0.4392
Nelson Mandela,birth_city,name_lens,6-8,subject_all,3, Mandela,1,2,-6.9688,0.0,-2.8388,-6.9688,-4.13,-3.087|-1.239|-2.421|-0.221,-3.0874,-1.5086,1,1, Cape,0.4392
Nelson Mandela,birth_city,name_lens,6-8,subject_all,4, was,0,2,-6.9688,0.0,-2.8388,-6.9688,-4.13,-3.087|-1.239|-2.421|-0.221,-3.0874,-1.5086,1,1, Cape,0.4392
Nelson Mandela,birth_city,name_lens,6-8,subject_all,5, born,0,2,-6.9688,0.0,-2.8388,-6.9688,-4.13,-3.087|-1.239|-2.421|-0.221,-3.0874,-1.5086,1,1, Cape,0.4392
Nelson Mandela,birth_city,name_lens,6-8,subject_all,6, in,0,2,-6.9688,0.0,-2.8388,-6.9688,-4.13,-3.087|-1.239|-2.421|-0.221,-3.0874,-1.5086,1,1, Cape,0.4392
Nelson Mandela,birth_city,name_lens,6-8,subject_all,7, the,0,2,-6.9688,0.0,-2.8388,-6.9688,-4.13,-3.087|-1.239|-2.421|-0.221,-3.0874,-1.5086,1,1, Cape,0.4392
Nelson Mandela,birth_city,name_lens,6-8,subject_all,8, city,0,2,-6.9688,0.0,-2.8388,-6.9688,-4.13,-3.087|-1.239|-2.421|-0.221,-3.0874,-1.5086,1,1, Cape,0.4392
Nelson Mandela,birth_city,name_lens,6-8,subject_all,9, of,0,2,-6.9688,0.0,-2.8388,-6.9688,-4.13,-3.087|-1.239|-2.421|-0.221,-3.0874,-1.5086,1,1, Cape,0.4392
Nelson Mandela,birth_city,name_lens,6-8,subject_all,0,<|startoftext|>,0,3,-6.9688,0.0,-2.8388,-6.9688,-4.13,-3.087|-1.239|-2.421|-0.221,-3.0874,-1.5086,1,1, Cape,0.4392
Nelson Mandela,birth_city,name_lens,6-8,subject_all,1,Nel,1,3,-6.9688,0.0,-2.8388,-6.9688,-4.13,-3.087|-1.239|-2.421|-0.221,-3.0874,-1.5086,1,1, Cape,0.4392
Nelson Mandela,birth_city,name_lens,6-8,subject_all,2,son,1,3,-6.9688,0.0,-2.8388,-6.9688,-4.13,-3.087|-1.239|-2.421|-0.221,-3.0874,-1.5086,1,1, Cape,0.4392
Nelson Mandela,birth_city,name_lens,6-8,subject_all,3, Mandela,1,3,-6.9688,0.0,-2.8388,-6.9688,-4.13,-3.087|-1.239|-2.421|-0.221,-3.0874,-1.5086,1,1, Cape,0.4392
Nelson Mandela,birth_city,name_lens,6-8,subject_all,4, was,0,3,-6.9688,0.0,-2.8388,-6.9688,-4.13,-3.087|-1.239|-2.421|-0.221,-3.0874,-1.5086,1,1, Cape,0.4392
Nelson Mandela,birth_city,name_lens,6-8,subject_all,5, born,0,3,-6.9688,0.0,-2.8388,-6.9688,-4.13,-3.087|-1.239|-2.421|-0.221,-3.0874,-1.5086,1,1, Cape,0.4392
Nelson Mandela,birth_city,name_lens,6-8,subject_all,6, in,0,3,-6.9688,0.0,-2.8388,-6.9688,-4.13,-3.087|-1.239|-2.421|-0.221,-3.0874,-1.5086,1,1, Cape,0.4392
Nelson Mandela,birth_city,name_lens,6-8,subject_all,7, the,0,3,-6.9688,0.0,-2.8388,-6.9688,-4.13,-3.087|-1.239|-2.421|-0.221,-3.0874,-1.5086,1,1, Cape,0.4392
Nelson Mandela,birth_city,name_lens,6-8,subject_all,8, city,0,3,-6.9688,0.0,-2.8388,-6.9688,-4.13,-3.087|-1.239|-2.421|-0.221,-3.0874,-1.5086,1,1, Cape,0.4392
Nelson Mandela,birth_city,name_lens,6-8,subject_all,9, of,0,3,-6.9688,0.0,-2.8388,-6.9688,-4.13,-3.087|-1.239|-2.421|-0.221,-3.0874,-1.5086,1,1, Cape,0.4392
Nelson Mandela,birth_city,name_lens,6-8,subject_all,0,<|startoftext|>,0,4,-6.9688,0.0,-2.8388,-6.9688,-4.13,-3.087|-1.239|-2.421|-0.221,-3.0874,-1.5086,1,1, Cape,0.4392
Nelson Mandela,birth_city,name_lens,6-8,subject_all,1,Nel,1,4,-6.9688,0.0,-2.8388,-6.9688,-4.13,-3.087|-1.239|-2.421|-0.221,-3.0874,-1.5086,1,1, Cape,0.4392
Nelson Mandela,birth_city,name_lens,6-8,subject_all,2,son,1,4,-6.9688,0.0,-2.8388,-6.9688,-4.13,-3.087|-1.239|-2.421|-0.221,-3.0874,-1.5086,1,1, Cape,0.4392
Nelson Mandela,birth_city,name_lens,6-8,subject_all,3, Mandela,1,4,-6.9688,0.0,-2.8388,-6.9688,-4.13,-3.087|-1.239|-2.421|-0.221,-3.0874,-1.5086,1,1, Cape,0.4392
Nelson Mandela,birth_city,name_lens,6-8,subject_all,4, was,0,4,-6.9688,0.0,-2.8388,-6.9688,-4.13,-3.087|-1.239|-2.421|-0.221,-3.0874,-1.5086,1,1, Cape,0.4392
Nelson Mandela,birth_city,name_lens,6-8,subject_all,5, born,0,4,-6.9688,0.0,-2.8388,-6.9688,-4.13,-3.087|-1.239|-2.421|-0.221,-3.0874,-1.5086,1,1, Cape,0.4392
Nelson Mandela,birth_city,name_lens,6-8,subject_all,6, in,0,4,-6.9688,0.0,-2.8388,-6.9688,-4.13,-3.087|-1.239|-2.421|-0.221,-3.0874,-1.5086,1,1, Cape,0.4392
Nelson Mandela,birth_city,name_lens,6-8,subject_all,7, the,0,4,-6.9688,0.0,-2.8388,-6.9688,-4.13,-3.087|-1.239|-2.421|-0.221,-3.0874,-1.5086,1,1, Cape,0.4392
Nelson Mandela,birth_city,name_lens,6-8,subject_all,8, city,0,4,-6.9688,0.0,-2.8388,-6.9688,-4.13,-3.087|-1.239|-2.421|-0.221,-3.0874,-1.5086,1,1, Cape,0.4392
Nelson Mandela,birth_city,name_lens,6-8,subject_all,9, of,0,4,-6.9688,0.0,-2.8388,-6.9688,-4.13,-3.087|-1.239|-2.421|-0.221,-3.0874,-1.5086,1,1, Cape,0.4392
Nelson Mandela,birth_city,name_lens,6-8,subject_all,0,<|startoftext|>,0,5,-6.9688,0.0,-2.8388,-6.9688,-4.13,-3.087|-1.239|-2.421|-0.221,-3.0874,-1.5086,1,1, Cape,0.4392
Nelson Mandela,birth_city,name_lens,6-8,subject_all,1,Nel,1,5,-6.9688,0.0,-2.8388,-6.9688,-4.13,-3.087|-1.239|-2.421|-0.221,-3.0874,-1.5086,1,1, Cape,0.4392
Nelson Mandela,birth_city,name_lens,6-8,subject_all,2,son,1,5,-6.9688,0.0,-2.8388,-6.9688,-4.13,-3.087|-1.239|-2.421|-0.221,-3.0874,-1.5086,1,1, Cape,0.4392
Nelson Mandela,birth_city,name_lens,6-8,subject_all,3, Mandela,1,5,-6.9688,0.0,-2.8388,-6.9688,-4.13,-3.087|-1.239|-2.421|-0.221,-3.0874,-1.5086,1,1, Cape,0.4392
Nelson Mandela,birth_city,name_lens,6-8,subject_all,4, was,0,5,-6.9688,0.0,-2.8388,-6.9688,-4.13,-3.087|-1.239|-2.421|-0.221,-3.0874,-1.5086,1,1, Cape,0.4392
Nelson Mandela,birth_city,name_lens,6-8,subject_all,5, born,0,5,-6.9688,0.0,-2.8388,-6.9688,-4.13,-3.087|-1.239|-2.421|-0.221,-3.0874,-1.5086,1,1, Cape,0.4392
Nelson Mandela,birth_city,name_lens,6-8,subject_all,6, in,0,5,-6.9688,0.0,-2.8388,-6.9688,-4.13,-3.087|-1.239|-2.421|-0.221,-3.0874,-1.5086,1,1, Cape,0.4392
Nelson Mandela,birth_city,name_lens,6-8,subject_all,7, the,0,5,-6.9688,0.0,-2.8388,-6.9688,-4.13,-3.087|-1.239|-2.421|-0.221,-3.0874,-1.5086,1,1, Cape,0.4392
Nelson Mandela,birth_city,name_lens,6-8,subject_all,8, city,0,5,-6.9688,0.0,-2.8388,-6.9688,-4.13,-3.087|-1.239|-2.421|-0.221,-3.0874,-1.5086,1,1, Cape,0.4392
Nelson Mandela,birth_city,name_lens,6-8,subject_all,9, of,0,5,-6.9688,0.0,-2.8388,-6.9688,-4.13,-3.087|-1.239|-2.421|-0.221,-3.0874,-1.5086,1,1, Cape,0.4392
Nelson Mandela,birth_city,name_lens,6-8,subject_all,0,<|startoftext|>,0,6,-6.9688,0.0,-2.8388,-6.9688,-4.13,-3.087|-1.239|-2.421|-0.221,-3.0874,-1.5086,1,1, Cape,0.4392
Nelson Mandela,birth_city,name_lens,6-8,subject_all,1,Nel,1,6,-6.9688,0.7758,-2.8388,-3.7649,-0.926,-2.022|-1.237|-0.437|-0.068,-2.022,-0.4432,1,0, Johannesburg,0.1084
Nelson Mandela,birth_city,name_lens,6-8,subject_all,2,son,1,6,-6.9688,0.0189,-2.8388,-6.8908,-4.052,-3.137|-1.290|-2.252|-0.212,-3.1366,-1.5578,2,1, Cape,0.4215
Nelson Mandela,birth_city,name_lens,6-8,subject_all,3, Mandela,1,6,-6.9688,0.0414,-2.8388,-6.7979,-3.9591,-2.866|-1.214|-2.478|-0.240,-2.8662,-1.2874,1,0, Johannesburg,0.3949
Nelson Mandela,birth_city,name_lens,6-8,subject_all,4, was,0,6,-6.9688,0.0,-2.8388,-6.9688,-4.13,-3.087|-1.239|-2.421|-0.221,-3.0874,-1.5086,1,1, Cape,0.4392
Nelson Mandela,birth_city,name_lens,6-8,subject_all,5, born,0,6,-6.9688,0.0,-2.8388,-6.9688,-4.13,-3.087|-1.239|-2.421|-0.221,-3.0874,-1.5086,1,1, Cape,0.4392
Nelson Mandela,birth_city,name_lens,6-8,subject_all,6, in,0,6,-6.9688,0.0,-2.8388,-6.9688,-4.13,-3.087|-1.239|-2.421|-0.221,-3.0874,-1.5086,1,1, Cape,0.4392
Nelson Mandela,birth_city,name_lens,6-8,subject_all,7, the,0,6,-6.9688,0.0,-2.8388,-6.9688,-4.13,-3.087|-1.239|-2.421|-0.221,-3.0874,-1.5086,1,1, Cape,0.4392
Nelson Mandela,birth_city,name_lens,6-8,subject_all,8, city,0,6,-6.9688,0.0,-2.8388,-6.9688,-4.13,-3.087|-1.239|-2.421|-0.221,-3.0874,-1.5086,1,1, Cape,0.4392
Nelson Mandela,birth_city,name_lens,6-8,subject_all,9, of,0,6,-6.9688,0.0,-2.8388,-6.9688,-4.13,-3.087|-1.239|-2.421|-0.221,-3.0874,-1.5086,1,1, Cape,0.4392
Nelson Mandela,birth_city,name_lens,6-8,subject_all,0,<|startoftext|>,0,7,-6.9688,0.0,-2.8388,-6.9688,-4.13,-3.087|-1.239|-2.421|-0.221,-3.0874,-1.5086,1,1, Cape,0.4392
Nelson Mandela,birth_city,name_lens,6-8,subject_all,1,Nel,1,7,-6.9688,0.7742,-2.8388,-3.7714,-0.9326,-1.897|-1.280|-0.517|-0.076,-1.8972,-0.3184,1,0, Johannesburg,0.1
Nelson Mandela,birth_city,name_lens,6-8,subject_all,2,son,1,7,-6.9688,0.0535,-2.8388,-6.7479,-3.9091,-3.124|-1.248|-2.152|-0.224,-3.124,-1.5452,2,1, Cape,0.4132
Nelson Mandela,birth_city,name_lens,6-8,subject_all,3, Mandela,1,7,-6.9688,0.0974,-2.8388,-6.5666,-3.7277,-2.729|-1.261|-2.396|-0.180,-2.7291,-1.1503,1,0, Johannesburg,0.3407
Nelson Mandela,birth_city,name_lens,6-8,subject_all,4, was,0,7,-6.9688,0.2955,-2.8388,-5.7483,-2.9095,-2.913|-1.223|-1.427|-0.186,-2.9128,-1.334,1,0, Johannesburg,0.3432
Nelson Mandela,birth_city,name_lens,6-8,subject_all,5, born,0,7,-6.9688,0.0105,-2.8388,-6.9255,-4.0867,-3.142|-1.258|-2.317|-0.209,-3.1421,-1.5633,2,1, Cape,0.4146
Nelson Mandela,birth_city,name_lens,6-8,subject_all,6, in,0,7,-6.9688,0.016,-2.8388,-6.9029,-4.0641,-3.069|-1.240|-2.370|-0.223,-3.0694,-1.4906,1,0, Johannesburg,0.4386
Nelson Mandela,birth_city,name_lens,6-8,subject_all,7, the,0,7,-6.9688,0.0088,-2.8388,-6.9325,-4.0937,-3.089|-1.239|-2.376|-0.228,-3.0888,-1.51,1,1, Cape,0.4385
Nelson Mandela,birth_city,name_lens,6-8,subject_all,8, city,0,7,-6.9688,0.0646,-2.8388,-6.7019,-3.8631,-3.066|-1.277|-2.146|-0.213,-3.0662,-1.4874,2,1, Cape,0.4068
Nelson Mandela,birth_city,name_lens,6-8,subject_all,9, of,0,7,-6.9688,0.0014,-2.8388,-6.9631,-4.1243,-3.028|-1.293|-2.420|-0.222,-3.0279,-1.4491,1,1, Cape,0.3912
Nelson Mandela,birth_city,name_lens,6-8,subject_all,0,<|startoftext|>,0,8,-6.9688,0.0,-2.8388,-6.9688,-4.13,-3.087|-1.239|-2.421|-0.221,-3.0874,-1.5086,1,1, Cape,0.4392
Nelson Mandela,birth_city,name_lens,6-8,subject_all,1,Nel,1,8,-6.9688,0.9122,-2.8388,-3.2015,-0.3627,-1.752|-0.987|-0.422|-0.041,-1.7518,-0.173,1,0, Johannesburg,0.0863
Nelson Mandela,birth_city,name_lens,6-8,subject_all,2,son,1,8,-6.9688,0.3327,-2.8388,-5.5948,-2.756,-2.994|-1.253|-1.193|-0.156,-2.994,-1.4152,2,1, Cape,0.3647
Nelson Mandela,birth_city,name_lens,6-8,subject_all,3, Mandela,1,8,-6.9688,0.2167,-2.8388,-6.0737,-3.2349,-2.775|-1.162|-1.989|-0.148,-2.7745,-1.1957,1,0, Johannesburg,0.2309
Nelson Mandela,birth_city,name_lens,6-8,subject_all,4, was,0,8,-6.9688,0.2314,-2.8388,-6.013,-3.1742,-3.038|-1.212|-1.581|-0.182,-3.0378,-1.459,2,1, Cape,0.3909
Nelson Mandela,birth_city,name_lens,6-8,subject_all,5, born,0,8,-6.9688,0.0674,-2.8388,-6.6904,-3.8516,-2.977|-1.295|-2.216|-0.202,-2.9773,-1.3986,1,1, Cape,0.3769
Nelson Mandela,birth_city,name_lens,6-8,subject_all,6, in,0,8,-6.9688,0.0465,-2.8388,-6.7768,-3.938,-3.130|-1.227|-2.196|-0.223,-3.1298,-1.5511,1,1, Cape,0.4429
Nelson Mandela,birth_city,name_lens,6-8,subject_all,7, the,0,8,-6.9688,0.0679,-2.8388,-6.6884,-3.8496,-3.017|-1.256|-2.203|-0.212,-3.0174,-1.4387,1,0, Johannesburg,0.4275
Nelson Mandela,birth_city,name_lens,6-8,subject_all,8, city,0,8,-6.9688,0.0698,-2.8388,-6.6806,-3.8418,-2.978|-1.267|-2.223|-0.214,-2.9777,-1.3989,2,1, Cape,0.376
Nelson Mandela,birth_city,name_lens,6-8,subject_all,9, of,0,8,-6.9688,0.0145,-2.8388,-6.9088,-4.07,-2.991|-1.256|-2.432|-0.230,-2.9912,-1.4124,1,0, Johannesburg,0.36
Nelson Mandela,birth_city,name_lens,6-8,subject_all,0,<|startoftext|>,0,9,-6.9688,0.0,-2.8388,-6.9688,-4.13,-3.087|-1.239|-2.421|-0.221,-3.0874,-1.5086,1,1, Cape,0.4392
Nelson Mandela,birth_city,name_lens,6-8,subject_all,1,Nel,1,9,-6.9688,0.9058,-2.8388,-3.2277,-0.3889,-1.760|-1.024|-0.404|-0.041,-1.7596,-0.1808,1,0, Johannesburg,0.0827
Nelson Mandela,birth_city,name_lens,6-8,subject_all,2,son,1,9,-6.9688,0.2221,-2.8388,-6.0515,-3.2127,-3.117|-1.253|-1.489|-0.192,-3.1168,-1.538,2,1, Cape,0.4178
Nelson Mandela,birth_city,name_lens,6-8,subject_all,3, Mandela,1,9,-6.9688,0.1524,-2.8388,-6.3396,-3.5008,-2.902|-1.220|-2.032|-0.185,-2.9022,-1.3234,1,0, Johannesburg,0.2668
Nelson Mandela,birth_city,name_lens,6-8,subject_all,4, was,0,9,-6.9688,0.1521,-2.8388,-6.3406,-3.5018,-3.115|-1.220|-1.833|-0.173,-3.115,-1.5362,2,1, Cape,0.3902
Nelson Mandela,birth_city,name_lens,6-8,subject_all,5, born,0,9,-6.9688,0.0959,-2.8388,-6.5729,-3.7341,-3.005|-1.303|-2.060|-0.205,-3.0049,-1.4261,2,1, Cape,0.3729
Nelson Mandela,birth_city,name_lens,6-8,subject_all,6, in,0,9,-6.9688,-0.0089,-2.8388,-7.0055,-4.1667,-3.110|-1.268|-2.414|-0.214,-3.1098,-1.531,2,1, Cape,0.4096
Nelson Mandela,birth_city,name_lens,6-8,subject_all,7, the,0,9,-6.9688,0.0252,-2.8388,-6.8649,-4.026,-3.034|-1.232|-2.371|-0.228,-3.0339,-1.4551,1,0, Johannesburg,0.4283
Nelson Mandela,birth_city,name_lens,6-8,subject_all,8, city,0,9,-6.9688,0.1145,-2.8388,-6.4961,-3.6572,-2.901|-1.224|-2.165|-0.207,-2.901,-1.3222,2,1, Cape,0.3656
Nelson Mandela,birth_city,name_lens,6-8,subject_all,9, of,0,9,-6.9688,0.0667,-2.8388,-6.6933,-3.8545,-2.802|-1.246|-2.421|-0.223,-2.8024,-1.2236,1,0, Johannesburg,0.3033
Nelson Mandela,birth_city,name_lens,6-8,subject_all,0,<|startoftext|>,0,10,-6.9688,0.0,-2.8388,-6.9688,-4.13,-3.087|-1.239|-2.421|-0.221,-3.0874,-1.5086,1,1, Cape,0.4392
Nelson Mandela,birth_city,name_lens,6-8,subject_all,1,Nel,1,10,-6.9688,0.8569,-2.8388,-3.4297,-0.5909,-1.887|-1.035|-0.462|-0.046,-1.8866,-0.3078,1,0, Johannesburg,0.0887
Nelson Mandela,birth_city,name_lens,6-8,subject_all,2,son,1,10,-6.9688,0.348,-2.8388,-5.5316,-2.6928,-2.997|-1.264|-1.133|-0.138,-2.9973,-1.4185,2,1, Cape,0.3663
Nelson Mandela,birth_city,name_lens,6-8,subject_all,3, Mandela,1,10,-6.9688,0.164,-2.8388,-6.2915,-3.4527,-2.912|-1.225|-1.976|-0.178,-2.9115,-1.3327,1,0, Johannesburg,0.2778
Nelson Mandela,birth_city,name_lens,6-8,subject_all,4, was,0,10,-6.9688,0.2803,-2.8388,-5.8113,-2.9725,-3.041|-1.199|-1.402|-0.169,-3.0411,-1.4623,2,1, Cape,0.3573
Nelson Mandela,birth_city,name_lens,6-8,subject_all,5, born,0,10,-6.9688,0.1062,-2.8388,-6.5301,-3.6913,-3.049|-1.262|-2.025|-0.194,-3.0487,-1.4699,2,1, Cape,0.3713
Nelson Mandela,birth_city,name_lens,6-8,subject_all,6, in,0,10,-6.9688,-0.0027,-2.8388,-6.9801,-4.1413,-3.135|-1.250|-2.372|-0.222,-3.1353,-1.5565,2,1, Cape,0.4092
Nelson Mandela,birth_city,name_lens,6-8,subject_all,7, the,0,10,-6.9688,0.0212,-2.8388,-6.8812,-4.0424,-3.035|-1.257|-2.360|-0.229,-3.0353,-1.4565,1,0, Johannesburg,0.4247
Nelson Mandela,birth_city,name_lens,6-8,subject_all,8, city,0,10,-6.9688,0.1258,-2.8388,-6.4495,-3.6106,-2.902|-1.225|-2.110|-0.213,-2.9019,-1.3231,2,1, Cape,0.3483
Nelson Mandela,birth_city,name_lens,6-8,subject_all,9, of,0,10,-6.9688,0.1644,-2.8388,-6.29,-3.4512,-2.403|-1.249|-2.424|-0.215,-2.403,-0.8242,1,0, Johannesburg,0.2007
Nelson Mandela,birth_city,name_lens,6-8,subject_all,0,<|startoftext|>,0,11,-6.9688,0.0,-2.8388,-6.9688,-4.13,-3.087|-1.239|-2.421|-0.221,-3.0874,-1.5086,1,1, Cape,0.4392
Nelson Mandela,birth_city,name_lens,6-8,subject_all,1,Nel,1,11,-6.9688,0.843,-2.8388,-3.4871,-0.6482,-1.887|-1.066|-0.483|-0.051,-1.8871,-0.3083,1,0, Johannesburg,0.0895
Nelson Mandela,birth_city,name_lens,6-8,subject_all,2,son,1,11,-6.9688,0.3475,-2.8388,-5.5336,-2.6948,-2.984|-1.253|-1.157|-0.140,-2.9842,-1.4054,1,1, Cape,0.361
Nelson Mandela,birth_city,name_lens,6-8,subject_all,3, Mandela,1,11,-6.9688,0.1449,-2.8388,-6.3704,-3.5316,-2.970|-1.198|-2.017|-0.185,-2.9697,-1.3909,1,0, Johannesburg,0.3001
Nelson Mandela,birth_city,name_lens,6-8,subject_all,4, was,0,11,-6.9688,0.5095,-2.8388,-4.8645,-2.0257,-2.592|-1.209|-0.951|-0.113,-2.5919,-1.0131,1,0, Johannesburg,0.2373
Nelson Mandela,birth_city,name_lens,6-8,subject_all,5, born,0,11,-6.9688,0.119,-2.8388,-6.4773,-3.6385,-2.975|-1.282|-2.025|-0.195,-2.9748,-1.396,2,1, Cape,0.3625
Nelson Mandela,birth_city,name_lens,6-8,subject_all,6, in,0,11,-6.9688,-0.0134,-2.8388,-7.024,-4.1852,-3.161|-1.289|-2.365|-0.209,-3.1607,-1.5819,2,1, Cape,0.4166
Nelson Mandela,birth_city,name_lens,6-8,subject_all,7, the,0,11,-6.9688,0.0466,-2.8388,-6.7765,-3.9377,-2.985|-1.259|-2.317|-0.215,-2.9848,-1.406,1,0, Johannesburg,0.4158
Nelson Mandela,birth_city,name_lens,6-8,subject_all,8, city,0,11,-6.9688,0.1097,-2.8388,-6.5158,-3.677,-2.971|-1.221|-2.115|-0.209,-2.9708,-1.3921,2,1, Cape,0.3644
Nelson Mandela,birth_city,name_lens,6-8,subject_all,9, of,0,11,-6.9688,0.1735,-2.8388,-6.2524,-3.4136,-2.356|-1.253|-2.422|-0.222,-2.3556,-0.7768,1,0, Johannesburg,0.1936
Nelson Mandela,birth_city,name_lens,6-8,subject_all,0,<|startoftext|>,0,12,-6.9688,0.0,-2.8388,-6.9688,-4.13,-3.087|-1.239|-2.421|-0.221,-3.0874,-1.5086,1,1, Cape,0.4392
Nelson Mandela,birth_city,name_lens,6-8,subject_all,1,Nel,1,12,-6.9688,0.8516,-2.8388,-3.4516,-0.6128,-1.873|-1.050|-0.471|-0.057,-1.8731,-0.2943,1,0, Johannesburg,0.0928
Nelson Mandela,birth_city,name_lens,6-8,subject_all,2,son,1,12,-6.9688,0.2657,-2.8388,-5.8714,-3.0326,-3.003|-1.250|-1.447|-0.171,-3.0034,-1.4246,2,1, Cape,0.3659
Nelson Mandela,birth_city,name_lens,6-8,subject_all,3, Mandela,1,12,-6.9688,0.1718,-2.8388,-6.2594,-3.4206,-2.938|-1.229|-1.920|-0.173,-2.9376,-1.3588,1,0, Johannesburg,0.275
Nelson Mandela,birth_city,name_lens,6-8,subject_all,4, was,0,12,-6.9688,0.4771,-2.8388,-4.9986,-2.1597,-2.578|-1.205|-1.079|-0.136,-2.5776,-0.9988,1,0, Johannesburg,0.2411
Nelson Mandela,birth_city,name_lens,6-8,subject_all,5, born,0,12,-6.9688,0.093,-2.8388,-6.5849,-3.7461,-2.984|-1.331|-2.075|-0.194,-2.9841,-1.4053,2,1, Cape,0.3611
Nelson Mandela,birth_city,name_lens,6-8,subject_all,6, in,0,12,-6.9688,-0.0113,-2.8388,-7.0157,-4.1769,-3.149|-1.279|-2.374|-0.214,-3.1491,-1.5703,2,1, Cape,0.4091
Nelson Mandela,birth_city,name_lens,6-8,subject_all,7, the,0,12,-6.9688,0.0353,-2.8388,-6.8231,-3.9843,-3.032|-1.249|-2.320|-0.221,-3.0324,-1.4536,1,0, Johannesburg,0.4277
Nelson Mandela,birth_city,name_lens,6-8,subject_all,8, city,0,12,-6.9688,0.1241,-2.8388,-6.4562,-3.6174,-2.966|-1.213|-2.069|-0.208,-2.9656,-1.3869,2,1, Cape,0.3624
Nelson Mandela,birth_city,name_lens,6-8,subject_all,9, of,0,12,-6.9688,0.1988,-2.8388,-6.1478,-3.309,-2.318|-1.242|-2.376|-0.212,-2.3178,-0.739,1,0, Johannesburg,0.185
Nelson Mandela,birth_city,name_lens,6-8,subject_all,0,<|startoftext|>,0,13,-6.9688,0.0,-2.8388,-6.9688,-4.13,-3.087|-1.239|-2.421|-0.221,-3.0874,-1.5086,1,1, Cape,0.4392
Nelson Mandela,birth_city,name_lens,6-8,subject_all,1,Nel,1,13,-6.9688,0.8324,-2.8388,-3.5308,-0.692,-1.885|-1.085|-0.504|-0.057,-1.8849,-0.3061,1,0, Johannesburg,0.0947
Nelson Mandela,birth_city,name_lens,6-8,subject_all,2,son,1,13,-6.9688,0.2629,-2.8388,-5.883,-3.0441,-2.989|-1.258|-1.449|-0.186,-2.9893,-1.4105,2,1, Cape,0.3605
Nelson Mandela,birth_city,name_lens,6-8,subject_all,3, Mandela,1,13,-6.9688,0.1573,-2.8388,-6.3192,-3.4804,-2.940|-1.230|-1.973|-0.176,-2.9401,-1.3613,1,0, Johannesburg,0.2871
Nelson Mandela,birth_city,name_lens,6-8,subject_all,4, was,0,13,-6.9688,0.4813,-2.8388,-4.9812,-2.1424,-2.642|-1.216|-1.026|-0.097,-2.6418,-1.063,1,0, Johannesburg,0.246
Nelson Mandela,birth_city,name_lens,6-8,subject_all,5, born,0,13,-6.9688,0.1011,-2.8388,-6.5512,-3.7124,-3.041|-1.291|-2.025|-0.193,-3.0413,-1.4626,2,1, Cape,0.3686
Nelson Mandela,birth_city,name_lens,6-8,subject_all,6, in,0,13,-6.9688,0.0163,-2.8388,-6.9015,-4.0627,-3.134|-1.254|-2.310|-0.203,-3.1343,-1.5555,2,1, Cape,0.4068
Nelson Mandela,birth_city,name_lens,6-8,subject_all,7, the,0,13,-6.9688,0.0276,-2.8388,-6.855,-4.0162,-3.023|-1.244|-2.365|-0.223,-3.0226,-1.4438,1,0, Johannesburg,0.429
Nelson Mandela,birth_city,name_lens,6-8,subject_all,8, city,0,13,-6.9688,0.1206,-2.8388,-6.4706,-3.6318,-2.989|-1.204|-2.067|-0.210,-2.9892,-1.4104,2,1, Cape,0.3651
Nelson Mandela,birth_city,name_lens,6-8,subject_all,9, of,0,13,-6.9688,0.1919,-2.8388,-6.1761,-3.3373,-2.342|-1.250|-2.369|-0.215,-2.3415,-0.7627,1,0, Johannesburg,0.1866
Nelson Mandela,birth_city,name_lens,6-8,subject_all,0,<|startoftext|>,0,14,-6.9688,0.0,-2.8388,-6.9688,-4.13,-3.087|-1.239|-2.421|-0.221,-3.0874,-1.5086,1,1, Cape,0.4392
Nelson Mandela,birth_city,name_lens,6-8,subject_all,1,Nel,1,14,-6.9688,0.7265,-2.8388,-3.9685,-1.1296,-2.041|-1.189|-0.657|-0.081,-2.0407,-0.4619,1,0, Johannesburg,0.1104
Nelson Mandela,birth_city,name_lens,6-8,subject_all,2,son,1,14,-6.9688,0.0881,-2.8388,-6.6052,-3.7664,-3.050|-1.245|-2.102|-0.208,-3.0503,-1.4715,2,1, Cape,0.3995
Nelson Mandela,birth_city,name_lens,6-8,subject_all,3, Mandela,1,14,-6.9688,0.155,-2.8388,-6.3288,-3.49,-2.964|-1.232|-1.962|-0.170,-2.9645,-1.3857,1,0, Johannesburg,0.2978
Nelson Mandela,birth_city,name_lens,6-8,subject_all,4, was,0,14,-6.9688,0.0794,-2.8388,-6.6409,-3.8021,-3.072|-1.302|-2.073|-0.195,-3.0716,-1.4928,2,1, Cape,0.3818
Nelson Mandela,birth_city,name_lens,6-8,subject_all,5, born,0,14,-6.9688,0.0279,-2.8388,-6.8537,-4.0149,-3.036|-1.374|-2.239|-0.204,-3.036,-1.4572,1,1, Cape,0.3817
Nelson Mandela,birth_city,name_lens,6-8,subject_all,6, in,0,14,-6.9688,0.025,-2.8388,-6.8654,-4.0266,-3.137|-1.253|-2.261|-0.215,-3.1366,-1.5578,1,0, Johannesburg,0.4243
Nelson Mandela,birth_city,name_lens,6-8,subject_all,7, the,0,14,-6.9688,0.0172,-2.8388,-6.8977,-4.0589,-3.073|-1.228|-2.373|-0.223,-3.0735,-1.4947,1,0, Johannesburg,0.4373
Nelson Mandela,birth_city,name_lens,6-8,subject_all,8, city,0,14,-6.9688,0.0797,-2.8388,-6.6397,-3.8009,-2.856|-1.275|-2.289|-0.220,-2.8556,-1.2768,2,1, Cape,0.3602
Nelson Mandela,birth_city,name_lens,6-8,subject_all,9, of,0,14,-6.9688,0.3329,-2.8388,-5.5941,-2.7553,-1.873|-1.235|-2.273|-0.213,-1.8728,-0.294,1,0, Johannesburg,0.0895
Nelson Mandela,birth_city,name_lens,6-8,subject_all,0,<|startoftext|>,0,15,-6.9688,0.0,-2.8388,-6.9688,-4.13,-3.087|-1.239|-2.421|-0.221,-3.0874,-1.5086,1,1, Cape,0.4392
Nelson Mandela,birth_city,name_lens,6-8,subject_all,1,Nel,1,15,-6.9688,0.6855,-2.8388,-4.1377,-1.2989,-2.120|-1.302|-0.632|-0.084,-2.1195,-0.5407,1,0, Johannesburg,0.1237
Nelson Mandela,birth_city,name_lens,6-8,subject_all,2,son,1,15,-6.9688,0.0155,-2.8388,-6.905,-4.0662,-3.080|-1.271|-2.354|-0.200,-3.0804,-1.5016,2,1, Cape,0.4094
Nelson Mandela,birth_city,name_lens,6-8,subject_all,3, Mandela,1,15,-6.9688,0.1283,-2.8388,-6.4389,-3.6001,-2.982|-1.224|-2.054|-0.178,-2.9825,-1.4037,1,0, Johannesburg,0.3023
Nelson Mandela,birth_city,name_lens,6-8,subject_all,4, was,0,15,-6.9688,0.0571,-2.8388,-6.733,-3.8942,-3.027|-1.287|-2.211|-0.208,-3.027,-1.4482,1,1, Cape,0.3837
Nelson Mandela,birth_city,name_lens,6-8,subject_all,5, born,0,15,-6.9688,-0.0184,-2.8388,-7.0448,-4.206,-3.089|-1.404|-2.339|-0.213,-3.0887,-1.5099,2,1, Cape,0.3924
Nelson Mandela,birth_city,name_lens,6-8,subject_all,6, in,0,15,-6.9688,0.013,-2.8388,-6.915,-4.0762,-3.131|-1.252|-2.317|-0.216,-3.1309,-1.5521,1,0, Johannesburg,0.4223
Nelson Mandela,birth_city,name_lens,6-8,subject_all,7, the,0,15,-6.9688,0.0211,-2.8388,-6.8817,-4.0429,-3.041|-1.256|-2.373|-0.212,-3.0414,-1.4626,1,0, Johannesburg,0.4247
Nelson Mandela,birth_city,name_lens,6-8,subject_all,8, city,0,15,-6.9688,0.0457,-2.8388,-6.7801,-3.9413,-2.793|-1.304|-2.449|-0.234,-2.7928,-1.214,1,1, Cape,0.3428
Nelson Mandela,birth_city,name_lens,6-8,subject_all,9, of,0,15,-6.9688,0.3365,-2.8388,-5.579,-2.7402,-1.765|-1.233|-2.371|-0.211,-1.7647,-0.1859,1,0, Johannesburg,0.0758
Nelson Mandela,birth_city,name_lens,6-8,subject_all,0,<|startoftext|>,0,16,-6.9688,0.0,-2.8388,-6.9688,-4.13,-3.087|-1.239|-2.421|-0.221,-3.0874,-1.5086,1,1, Cape,0.4392
Nelson Mandela,birth_city,name_lens,6-8,subject_all,1,Nel,1,16,-6.9688,0.0066,-2.8388,-6.9416,-4.1028,-3.099|-1.277|-2.350|-0.216,-3.0988,-1.52,2,1, Cape,0.4145
Nelson Mandela,birth_city,name_lens,6-8,subject_all,2,son,1,16,-6.9688,0.0141,-2.8388,-6.9107,-4.0719,-3.082|-1.240|-2.366|-0.223,-3.0824,-1.5036,1,0, Johannesburg,0.4381
Nelson Mandela,birth_city,name_lens,6-8,subject_all,3, Mandela,1,16,-6.9688,0.1158,-2.8388,-6.4906,-3.6518,-2.970|-1.223|-2.106|-0.192,-2.97,-1.3912,1,0, Johannesburg,0.3046
Nelson Mandela,birth_city,name_lens,6-8,subject_all,4, was,0,16,-6.9688,0.0373,-2.8388,-6.815,-3.9762,-3.026|-1.306|-2.275|-0.209,-3.0256,-1.4468,1,1, Cape,0.3842
Nelson Mandela,birth_city,name_lens,6-8,subject_all,5, born,0,16,-6.9688,-0.041,-2.8388,-7.1381,-4.2993,-3.065|-1.411|-2.448|-0.214,-3.0652,-1.4864,2,1, Cape,0.3896
Nelson Mandela,birth_city,name_lens,6-8,subject_all,6, in,0,16,-6.9688,0.0168,-2.8388,-6.8995,-4.0607,-3.122|-1.246|-2.325|-0.206,-3.1216,-1.5428,1,1, Cape,0.4241
Nelson Mandela,birth_city,name_lens,6-8,subject_all,7, the,0,16,-6.9688,0.0217,-2.8388,-6.8791,-4.0403,-3.033|-1.251|-2.371|-0.223,-3.0335,-1.4547,1,0, Johannesburg,0.4241
Nelson Mandela,birth_city,name_lens,6-8,subject_all,8, city,0,16,-6.9688,-0.0072,-2.8388,-6.9986,-4.1598,-2.896|-1.336|-2.503|-0.263,-2.8957,-1.3169,2,1, Cape,0.3645
Nelson Mandela,birth_city,name_lens,6-8,subject_all,9, of,0,16,-6.9688,0.3681,-2.8388,-5.4486,-2.6098,-1.665|-1.197|-2.376|-0.211,-1.6649,-0.0861,1,0, Johannesburg,0.0726
Nelson Mandela,birth_city,name_lens,6-8,subject_all,0,<|startoftext|>,0,17,-6.9688,0.0,-2.8388,-6.9688,-4.13,-3.087|-1.239|-2.421|-0.221,-3.0874,-1.5086,1,1, Cape,0.4392
Nelson Mandela,birth_city,name_lens,6-8,subject_all,1,Nel,1,17,-6.9688,0.0196,-2.8388,-6.8879,-4.0491,-3.074|-1.278|-2.300|-0.237,-3.0739,-1.4951,2,1, Cape,0.413
Nelson Mandela,birth_city,name_lens,6-8,subject_all,2,son,1,17,-6.9688,-0.0007,-2.8388,-6.9717,-4.1329,-3.091|-1.243|-2.427|-0.211,-3.0906,-1.5118,1,0, Johannesburg,0.4396
Nelson Mandela,birth_city,name_lens,6-8,subject_all,3, Mandela,1,17,-6.9688,0.0541,-2.8388,-6.7456,-3.9068,-3.111|-1.250|-2.202|-0.183,-3.111,-1.5322,1,0, Johannesburg,0.3667
Nelson Mandela,birth_city,name_lens,6-8,subject_all,4, was,0,17,-6.9688,0.0346,-2.8388,-6.8258,-3.987,-3.055|-1.297|-2.257|-0.217,-3.0555,-1.4767,2,1, Cape,0.3928
Nelson Mandela,birth_city,name_lens,6-8,subject_all,5, born,0,17,-6.9688,-0.0299,-2.8388,-7.0922,-4.2534,-3.057|-1.375|-2.446|-0.214,-3.0571,-1.4783,2,1, Cape,0.3951
Nelson Mandela,birth_city,name_lens,6-8,subject_all,6, in,0,17,-6.9688,0.0308,-2.8388,-6.8416,-4.0028,-3.123|-1.256|-2.255|-0.207,-3.1229,-1.5441,1,1, Cape,0.4186
Nelson Mandela,birth_city,name_lens,6-8,subject_all,7, the,0,17,-6.9688,0.0229,-2.8388,-6.8744,-4.0356,-3.035|-1.252|-2.366|-0.221,-3.0352,-1.4564,1,0, Johannesburg,0.4275
Nelson Mandela,birth_city,name_lens,6-8,subject_all,8, city,0,17,-6.9688,0.0287,-2.8388,-6.8504,-4.0115,-2.816|-1.272|-2.506|-0.256,-2.8159,-1.2371,1,1, Cape,0.3407
Nelson Mandela,birth_city,name_lens,6-8,subject_all,9, of,0,17,-6.9688,0.4377,-2.8388,-5.1613,-2.3225,-1.456|-1.197|-2.311|-0.197,-1.4564,0.1224,1,0, Johannesburg,0.074
Nelson Mandela,birth_city,name_lens,6-8,subject_all,0,<|startoftext|>,0,18,-6.9688,0.0,-2.8388,-6.9688,-4.13,-3.087|-1.239|-2.421|-0.221,-3.0874,-1.5086,1,1, Cape,0.4392
Nelson Mandela,birth_city,name_lens,6-8,subject_all,1,Nel,1,18,-6.9688,0.0126,-2.8388,-6.9168,-4.078,-3.032|-1.271|-2.392|-0.222,-3.0317,-1.4529,1,1, Cape,0.4298
Nelson Mandela,birth_city,name_lens,6-8,subject_all,2,son,1,18,-6.9688,0.0012,-2.8388,-6.9641,-4.1252,-3.092|-1.229|-2.420|-0.224,-3.092,-1.5133,2,1, Cape,0.439
Nelson Mandela,birth_city,name_lens,6-8,subject_all,3, Mandela,1,18,-6.9688,0.0261,-2.8388,-6.8612,-4.0224,-3.175|-1.238|-2.258|-0.191,-3.1746,-1.5958,1,0, Johannesburg,0.382
Nelson Mandela,birth_city,name_lens,6-8,subject_all,4, was,0,18,-6.9688,0.0185,-2.8388,-6.8926,-4.0538,-3.077|-1.296|-2.306|-0.213,-3.077,-1.4982,1,0, Johannesburg,0.4388
Nelson Mandela,birth_city,name_lens,6-8,subject_all,5, born,0,18,-6.9688,-0.042,-2.8388,-7.1423,-4.3035,-3.140|-1.410|-2.383|-0.210,-3.1402,-1.5614,2,1, Cape,0.4181
Nelson Mandela,birth_city,name_lens,6-8,subject_all,6, in,0,18,-6.9688,0.0158,-2.8388,-6.9034,-4.0646,-3.140|-1.224|-2.328|-0.212,-3.1404,-1.5616,1,1, Cape,0.4232
Nelson Mandela,birth_city,name_lens,6-8,subject_all,7, the,0,18,-6.9688,0.0192,-2.8388,-6.8894,-4.0506,-3.045|-1.252|-2.377|-0.215,-3.045,-1.4662,1,0, Johannesburg,0.4316
Nelson Mandela,birth_city,name_lens,6-8,subject_all,8, city,0,18,-6.9688,-0.0203,-2.8388,-7.0528,-4.214,-2.960|-1.338|-2.502|-0.253,-2.96,-1.3812,2,1, Cape,0.4014
Nelson Mandela,birth_city,name_lens,6-8,subject_all,9, of,0,18,-6.9688,0.4665,-2.8388,-5.0421,-2.2033,-1.348|-1.220|-2.268|-0.207,-1.3478,0.231,1,0, Johannesburg,0.0615
Nelson Mandela,birth_city,name_lens,6-8,subject_all,0,<|startoftext|>,0,19,-6.9688,0.0,-2.8388,-6.9688,-4.13,-3.087|-1.239|-2.421|-0.221,-3.0874,-1.5086,1,1, Cape,0.4392
Nelson Mandela,birth_city,name_lens,6-8,subject_all,1,Nel,1,19,-6.9688,-0.0076,-2.8388,-7.0001,-4.1613,-3.076|-1.272|-2.429|-0.224,-3.0755,-1.4967,1,1, Cape,0.4363
Nelson Mandela,birth_city,name_lens,6-8,subject_all,2,son,1,19,-6.9688,-0.0209,-2.8388,-7.0553,-4.2165,-3.146|-1.248|-2.427|-0.234,-3.1463,-1.5675,2,1, Cape,0.4513
Nelson Mandela,birth_city,name_lens,6-8,subject_all,3, Mandela,1,19,-6.9688,0.0217,-2.8388,-6.8791,-4.0403,-3.138|-1.238|-2.291|-0.212,-3.1383,-1.5595,1,0, Johannesburg,0.3984
Nelson Mandela,birth_city,name_lens,6-8,subject_all,4, was,0,19,-6.9688,0.0019,-2.8388,-6.9611,-4.1223,-3.088|-1.302|-2.357|-0.214,-3.0875,-1.5087,1,0, Johannesburg,0.4385
Nelson Mandela,birth_city,name_lens,6-8,subject_all,5, born,0,19,-6.9688,-0.0285,-2.8388,-7.0866,-4.2478,-3.088|-1.387|-2.385|-0.226,-3.0884,-1.5096,1,0, Johannesburg,0.4356
Nelson Mandela,birth_city,name_lens,6-8,subject_all,6, in,0,19,-6.9688,0.007,-2.8388,-6.9401,-4.1013,-3.140|-1.256|-2.327|-0.218,-3.1395,-1.5607,2,1, Cape,0.429
Nelson Mandela,birth_city,name_lens,6-8,subject_all,7, the,0,19,-6.9688,0.0236,-2.8388,-6.8713,-4.0325,-3.043|-1.239|-2.372|-0.217,-3.0434,-1.4646,1,0, Johannesburg,0.4307
Nelson Mandela,birth_city,name_lens,6-8,subject_all,8, city,0,19,-6.9688,0.004,-2.8388,-6.9523,-4.1135,-2.899|-1.294|-2.503|-0.256,-2.899,-1.3202,1,1, Cape,0.3767
Nelson Mandela,birth_city,name_lens,6-8,subject_all,9, of,0,19,-6.9688,0.4212,-2.8388,-5.2295,-2.3906,-1.493|-1.220|-2.321|-0.195,-1.4926,0.0862,1,0, Johannesburg,0.0433
Nelson Mandela,birth_city,name_lens,6-8,subject_all,0,<|startoftext|>,0,20,-6.9688,0.0,-2.8388,-6.9688,-4.13,-3.087|-1.239|-2.421|-0.221,-3.0874,-1.5086,1,1, Cape,0.4392
Nelson Mandela,birth_city,name_lens,6-8,subject_all,1,Nel,1,20,-6.9688,-0.0015,-2.8388,-6.9752,-4.1364,-3.089|-1.249|-2.414|-0.224,-3.0892,-1.5104,1,1, Cape,0.4404
Nelson Mandela,birth_city,name_lens,6-8,subject_all,2,son,1,20,-6.9688,-0.0148,-2.8388,-7.0298,-4.191,-3.157|-1.236|-2.424|-0.213,-3.1571,-1.5783,1,1, Cape,0.4511
Nelson Mandela,birth_city,name_lens,6-8,subject_all,3, Mandela,1,20,-6.9688,0.0029,-2.8388,-6.9567,-4.1179,-3.257|-1.249|-2.253|-0.198,-3.2569,-1.6781,1,1, Port,0.4248
Nelson Mandela,birth_city,name_lens,6-8,subject_all,4, was,0,20,-6.9688,0.0171,-2.8388,-6.8982,-4.0594,-3.078|-1.257|-2.351|-0.212,-3.078,-1.4992,1,0, Johannesburg,0.436
Nelson Mandela,birth_city,name_lens,6-8,subject_all,5, born,0,20,-6.9688,-0.0481,-2.8388,-7.1674,-4.3286,-3.125|-1.346|-2.475|-0.222,-3.1245,-1.5457,1,1, Cape,0.443
Nelson Mandela,birth_city,name_lens,6-8,subject_all,6, in,0,20,-6.9688,0.0133,-2.8388,-6.9139,-4.075,-3.128|-1.259|-2.317|-0.210,-3.1275,-1.5487,2,1, Cape,0.4256
Nelson Mandela,birth_city,name_lens,6-8,subject_all,7, the,0,20,-6.9688,0.0054,-2.8388,-6.9465,-4.1077,-3.107|-1.239|-2.373|-0.228,-3.1067,-1.5279,1,1, Cape,0.4399
Nelson Mandela,birth_city,name_lens,6-8,subject_all,8, city,0,20,-6.9688,-0.0321,-2.8388,-7.1012,-4.2624,-3.005|-1.333|-2.518|-0.246,-3.0049,-1.4261,1,0, Johannesburg,0.4267
Nelson Mandela,birth_city,name_lens,6-8,subject_all,9, of,0,20,-6.9688,0.4355,-2.8388,-5.1701,-2.3313,-1.345|-1.244|-2.366|-0.215,-1.3448,0.234,1,0, Johannesburg,0.0501
Nelson Mandela,birth_city,name_lens,6-8,subject_all,0,<|startoftext|>,0,21,-6.9688,0.0,-2.8388,-6.9688,-4.13,-3.087|-1.239|-2.421|-0.221,-3.0874,-1.5086,1,1, Cape,0.4392
Nelson Mandela,birth_city,name_lens,6-8,subject_all,1,Nel,1,21,-6.9688,0.0021,-2.8388,-6.9602,-4.1214,-3.089|-1.232|-2.417|-0.221,-3.089,-1.5102,1,1, Cape,0.4414
Nelson Mandela,birth_city,name_lens,6-8,subject_all,2,son,1,21,-6.9688,0.0019,-2.8388,-6.9608,-4.122,-3.086|-1.232|-2.423|-0.220,-3.0865,-1.5077,1,0, Johannesburg,0.4372
Nelson Mandela,birth_city,name_lens,6-8,subject_all,3, Mandela,1,21,-6.9688,-0.0138,-2.8388,-7.0258,-4.187,-3.155|-1.234|-2.416|-0.221,-3.1552,-1.5764,1,1, Cape,0.4577
Nelson Mandela,birth_city,name_lens,6-8,subject_all,4, was,0,21,-6.9688,-0.013,-2.8388,-7.0227,-4.1839,-3.126|-1.255|-2.413|-0.229,-3.1256,-1.5468,1,1, Cape,0.4446
Nelson Mandela,birth_city,name_lens,6-8,subject_all,5, born,0,21,-6.9688,-0.0486,-2.8388,-7.1696,-4.3308,-3.118|-1.341|-2.477|-0.234,-3.1181,-1.5393,1,1, Cape,0.4408
Nelson Mandela,birth_city,name_lens,6-8,subject_all,6, in,0,21,-6.9688,-0.0017,-2.8388,-6.9758,-4.137,-3.124|-1.255|-2.368|-0.228,-3.1244,-1.5456,1,1, Cape,0.4257
Nelson Mandela,birth_city,name_lens,6-8,subject_all,7, the,0,21,-6.9688,0.0087,-2.8388,-6.933,-4.0942,-3.102|-1.233|-2.370|-0.228,-3.1022,-1.5234,1,1, Cape,0.4358
Nelson Mandela,birth_city,name_lens,6-8,subject_all,8, city,0,21,-6.9688,-0.0364,-2.8388,-7.1191,-4.2803,-3.013|-1.332|-2.515|-0.260,-3.0127,-1.4339,2,1, Cape,0.4058
Nelson Mandela,birth_city,name_lens,6-8,subject_all,9, of,0,21,-6.9688,0.3819,-2.8388,-5.3914,-2.5526,-1.561|-1.247|-2.368|-0.215,-1.5614,0.0174,1,0, Johannesburg,0.0133
Nelson Mandela,birth_city,name_lens,6-8,subject_all,0,<|startoftext|>,0,22,-6.9688,0.0,-2.8388,-6.9688,-4.13,-3.087|-1.239|-2.421|-0.221,-3.0874,-1.5086,1,1, Cape,0.4392
Nelson Mandela,birth_city,name_lens,6-8,subject_all,1,Nel,1,22,-6.9688,-0.0059,-2.8388,-6.9933,-4.1545,-3.081|-1.274|-2.417|-0.222,-3.0808,-1.502,1,1, Cape,0.4401
Nelson Mandela,birth_city,name_lens,6-8,subject_all,2,son,1,22,-6.9688,-0.0107,-2.8388,-7.0132,-4.1743,-3.137|-1.233|-2.423|-0.220,-3.1368,-1.558,1,1, Cape,0.4485
Nelson Mandela,birth_city,name_lens,6-8,subject_all,3, Mandela,1,22,-6.9688,-0.0005,-2.8388,-6.9708,-4.132,-3.098|-1.235|-2.418|-0.219,-3.0985,-1.5197,1,1, Cape,0.4495
Nelson Mandela,birth_city,name_lens,6-8,subject_all,4, was,0,22,-6.9688,-0.0081,-2.8388,-7.0022,-4.1634,-3.089|-1.261|-2.424|-0.228,-3.0889,-1.5101,1,1, Cape,0.4384
Nelson Mandela,birth_city,name_lens,6-8,subject_all,5, born,0,22,-6.9688,0.0019,-2.8388,-6.9611,-4.1223,-3.062|-1.256|-2.409|-0.234,-3.0619,-1.4831,1,0, Johannesburg,0.4398
Nelson Mandela,birth_city,name_lens,6-8,subject_all,6, in,0,22,-6.9688,0.0038,-2.8388,-6.953,-4.1142,-3.122|-1.241|-2.368|-0.222,-3.1216,-1.5428,1,1, Cape,0.4263
Nelson Mandela,birth_city,name_lens,6-8,subject_all,7, the,0,22,-6.9688,0.0069,-2.8388,-6.9403,-4.1015,-3.105|-1.243|-2.375|-0.217,-3.1051,-1.5263,1,1, Cape,0.4373
Nelson Mandela,birth_city,name_lens,6-8,subject_all,8, city,0,22,-6.9688,0.001,-2.8388,-6.9646,-4.1257,-2.981|-1.284|-2.457|-0.242,-2.9809,-1.4022,1,0, Johannesburg,0.4224
Nelson Mandela,birth_city,name_lens,6-8,subject_all,9, of,0,22,-6.9688,0.3829,-2.8388,-5.3874,-2.5486,-1.572|-1.233|-2.370|-0.213,-1.5715,0.0073,1,0, Johannesburg,0.0028
Nelson Mandela,birth_year,name_lens,6-8,subject_all,-1,,,-1,-4.1086,0.0,-1.6783,-4.1086,-2.4303,-1.394|-0.361|-0.532|-1.820,-0.3615,-0.2364,1,0,191,0.8212
Nelson Mandela,birth_year,name_lens,6-8,subject_all,0,<|startoftext|>,0,0,-4.1086,0.0,-1.6783,-4.1086,-2.4303,-1.394|-0.361|-0.532|-1.820,-0.3615,-0.2364,1,0,191,0.8212
Nelson Mandela,birth_year,name_lens,6-8,subject_all,1,Nel,1,0,-4.1086,0.0,-1.6783,-4.1086,-2.4303,-1.394|-0.361|-0.532|-1.820,-0.3615,-0.2364,1,0,191,0.8212
Nelson Mandela,birth_year,name_lens,6-8,subject_all,2,son,1,0,-4.1086,0.0,-1.6783,-4.1086,-2.4303,-1.394|-0.361|-0.532|-1.820,-0.3615,-0.2364,1,0,191,0.8212
Nelson Mandela,birth_year,name_lens,6-8,subject_all,3, Mandela,1,0,-4.1086,0.0,-1.6783,-4.1086,-2.4303,-1.394|-0.361|-0.532|-1.820,-0.3615,-0.2364,1,0,191,0.8212
Nelson Mandela,birth_year,name_lens,6-8,subject_all,4, was,0,0,-4.1086,0.0,-1.6783,-4.1086,-2.4303,-1.394|-0.361|-0.532|-1.820,-0.3615,-0.2364,1,0,191,0.8212
Nelson Mandela,birth_year,name_lens,6-8,subject_all,5, born,0,0,-4.1086,0.0,-1.6783,-4.1086,-2.4303,-1.394|-0.361|-0.532|-1.820,-0.3615,-0.2364,1,0,191,0.8212
Nelson Mandela,birth_year,name_lens,6-8,subject_all,6, in,0,0,-4.1086,0.0,-1.6783,-4.1086,-2.4303,-1.394|-0.361|-0.532|-1.820,-0.3615,-0.2364,1,0,191,0.8212
Nelson Mandela,birth_year,name_lens,6-8,subject_all,7, the,0,0,-4.1086,0.0,-1.6783,-4.1086,-2.4303,-1.394|-0.361|-0.532|-1.820,-0.3615,-0.2364,1,0,191,0.8212
Nelson Mandela,birth_year,name_lens,6-8,subject_all,8, year,0,0,-4.1086,0.0,-1.6783,-4.1086,-2.4303,-1.394|-0.361|-0.532|-1.820,-0.3615,-0.2364,1,0,191,0.8212
Nelson Mandela,birth_year,name_lens,6-8,subject_all,0,<|startoftext|>,0,1,-4.1086,0.0,-1.6783,-4.1086,-2.4303,-1.394|-0.361|-0.532|-1.820,-0.3615,-0.2364,1,0,191,0.8212
Nelson Mandela,birth_year,name_lens,6-8,subject_all,1,Nel,1,1,-4.1086,0.0,-1.6783,-4.1086,-2.4303,-1.394|-0.361|-0.532|-1.820,-0.3615,-0.2364,1,0,191,0.8212
Nelson Mandela,birth_year,name_lens,6-8,subject_all,2,son,1,1,-4.1086,0.0,-1.6783,-4.1086,-2.4303,-1.394|-0.361|-0.532|-1.820,-0.3615,-0.2364,1,0,191,0.8212
Nelson Mandela,birth_year,name_lens,6-8,subject_all,3, Mandela,1,1,-4.1086,0.0,-1.6783,-4.1086,-2.4303,-1.394|-0.361|-0.532|-1.820,-0.3615,-0.2364,1,0,191,0.8212
Nelson Mandela,birth_year,name_lens,6-8,subject_all,4, was,0,1,-4.1086,0.0,-1.6783,-4.1086,-2.4303,-1.394|-0.361|-0.532|-1.820,-0.3615,-0.2364,1,0,191,0.8212
Nelson Mandela,birth_year,name_lens,6-8,subject_all,5, born,0,1,-4.1086,0.0,-1.6783,-4.1086,-2.4303,-1.394|-0.361|-0.532|-1.820,-0.3615,-0.2364,1,0,191,0.8212
Nelson Mandela,birth_year,name_lens,6-8,subject_all,6, in,0,1,-4.1086,0.0,-1.6783,-4.1086,-2.4303,-1.394|-0.361|-0.532|-1.820,-0.3615,-0.2364,1,0,191,0.8212
Nelson Mandela,birth_year,name_lens,6-8,subject_all,7, the,0,1,-4.1086,0.0,-1.6783,-4.1086,-2.4303,-1.394|-0.361|-0.532|-1.820,-0.3615,-0.2364,1,0,191,0.8212
Nelson Mandela,birth_year,name_lens,6-8,subject_all,8, year,0,1,-4.1086,0.0,-1.6783,-4.1086,-2.4303,-1.394|-0.361|-0.532|-1.820,-0.3615,-0.2364,1,0,191,0.8212
Nelson Mandela,birth_year,name_lens,6-8,subject_all,0,<|startoftext|>,0,2,-4.1086,0.0,-1.6783,-4.1086,-2.4303,-1.394|-0.361|-0.532|-1.820,-0.3615,-0.2364,1,0,191,0.8212
Nelson Mandela,birth_year,name_lens,6-8,subject_all,1,Nel,1,2,-4.1086,0.0,-1.6783,-4.1086,-2.4303,-1.394|-0.361|-0.532|-1.820,-0.3615,-0.2364,1,0,191,0.8212
Nelson Mandela,birth_year,name_lens,6-8,subject_all,2,son,1,2,-4.1086,0.0,-1.6783,-4.1086,-2.4303,-1.394|-0.361|-0.532|-1.820,-0.3615,-0.2364,1,0,191,0.8212
Nelson Mandela,birth_year,name_lens,6-8,subject_all,3, Mandela,1,2,-4.1086,0.0,-1.6783,-4.1086,-2.4303,-1.394|-0.361|-0.532|-1.820,-0.3615,-0.2364,1,0,191,0.8212
Nelson Mandela,birth_year,name_lens,6-8,subject_all,4, was,0,2,-4.1086,0.0,-1.6783,-4.1086,-2.4303,-1.394|-0.361|-0.532|-1.820,-0.3615,-0.2364,1,0,191,0.8212
Nelson Mandela,birth_year,name_lens,6-8,subject_all,5, born,0,2,-4.1086,0.0,-1.6783,-4.1086,-2.4303,-1.394|-0.361|-0.532|-1.820,-0.3615,-0.2364,1,0,191,0.8212
Nelson Mandela,birth_year,name_lens,6-8,subject_all,6, in,0,2,-4.1086,0.0,-1.6783,-4.1086,-2.4303,-1.394|-0.361|-0.532|-1.820,-0.3615,-0.2364,1,0,191,0.8212
Nelson Mandela,birth_year,name_lens,6-8,subject_all,7, the,0,2,-4.1086,0.0,-1.6783,-4.1086,-2.4303,-1.394|-0.361|-0.532|-1.820,-0.3615,-0.2364,1,0,191,0.8212
Nelson Mandela,birth_year,name_lens,6-8,subject_all,8, year,0,2,-4.1086,0.0,-1.6783,-4.1086,-2.4303,-1.394|-0.361|-0.532|-1.820,-0.3615,-0.2364,1,0,191,0.8212
Nelson Mandela,birth_year,name_lens,6-8,subject_all,0,<|startoftext|>,0,3,-4.1086,0.0,-1.6783,-4.1086,-2.4303,-1.394|-0.361|-0.532|-1.820,-0.3615,-0.2364,1,0,191,0.8212
Nelson Mandela,birth_year,name_lens,6-8,subject_all,1,Nel,1,3,-4.1086,0.0,-1.6783,-4.1086,-2.4303,-1.394|-0.361|-0.532|-1.820,-0.3615,-0.2364,1,0,191,0.8212
Nelson Mandela,birth_year,name_lens,6-8,subject_all,2,son,1,3,-4.1086,0.0,-1.6783,-4.1086,-2.4303,-1.394|-0.361|-0.532|-1.820,-0.3615,-0.2364,1,0,191,0.8212
Nelson Mandela,birth_year,name_lens,6-8,subject_all,3, Mandela,1,3,-4.1086,0.0,-1.6783,-4.1086,-2.4303,-1.394|-0.361|-0.532|-1.820,-0.3615,-0.2364,1,0,191,0.8212
Nelson Mandela,birth_year,name_lens,6-8,subject_all,4, was,0,3,-4.1086,0.0,-1.6783,-4.1086,-2.4303,-1.394|-0.361|-0.532|-1.820,-0.3615,-0.2364,1,0,191,0.8212
Nelson Mandela,birth_year,name_lens,6-8,subject_all,5, born,0,3,-4.1086,0.0,-1.6783,-4.1086,-2.4303,-1.394|-0.361|-0.532|-1.820,-0.3615,-0.2364,1,0,191,0.8212
Nelson Mandela,birth_year,name_lens,6-8,subject_all,6, in,0,3,-4.1086,0.0,-1.6783,-4.1086,-2.4303,-1.394|-0.361|-0.532|-1.820,-0.3615,-0.2364,1,0,191,0.8212
Nelson Mandela,birth_year,name_lens,6-8,subject_all,7, the,0,3,-4.1086,0.0,-1.6783,-4.1086,-2.4303,-1.394|-0.361|-0.532|-1.820,-0.3615,-0.2364,1,0,191,0.8212
Nelson Mandela,birth_year,name_lens,6-8,subject_all,8, year,0,3,-4.1086,0.0,-1.6783,-4.1086,-2.4303,-1.394|-0.361|-0.532|-1.820,-0.3615,-0.2364,1,0,191,0.8212
Nelson Mandela,birth_year,name_lens,6-8,subject_all,0,<|startoftext|>,0,4,-4.1086,0.0,-1.6783,-4.1086,-2.4303,-1.394|-0.361|-0.532|-1.820,-0.3615,-0.2364,1,0,191,0.8212
Nelson Mandela,birth_year,name_lens,6-8,subject_all,1,Nel,1,4,-4.1086,0.0,-1.6783,-4.1086,-2.4303,-1.394|-0.361|-0.532|-1.820,-0.3615,-0.2364,1,0,191,0.8212
Nelson Mandela,birth_year,name_lens,6-8,subject_all,2,son,1,4,-4.1086,0.0,-1.6783,-4.1086,-2.4303,-1.394|-0.361|-0.532|-1.820,-0.3615,-0.2364,1,0,191,0.8212
Nelson Mandela,birth_year,name_lens,6-8,subject_all,3, Mandela,1,4,-4.1086,0.0,-1.6783,-4.1086,-2.4303,-1.394|-0.361|-0.532|-1.820,-0.3615,-0.2364,1,0,191,0.8212
Nelson Mandela,birth_year,name_lens,6-8,subject_all,4, was,0,4,-4.1086,0.0,-1.6783,-4.1086,-2.4303,-1.394|-0.361|-0.532|-1.820,-0.3615,-0.2364,1,0,191,0.8212
Nelson Mandela,birth_year,name_lens,6-8,subject_all,5, born,0,4,-4.1086,0.0,-1.6783,-4.1086,-2.4303,-1.394|-0.361|-0.532|-1.820,-0.3615,-0.2364,1,0,191,0.8212
Nelson Mandela,birth_year,name_lens,6-8,subject_all,6, in,0,4,-4.1086,0.0,-1.6783,-4.1086,-2.4303,-1.394|-0.361|-0.532|-1.820,-0.3615,-0.2364,1,0,191,0.8212
Nelson Mandela,birth_year,name_lens,6-8,subject_all,7, the,0,4,-4.1086,0.0,-1.6783,-4.1086,-2.4303,-1.394|-0.361|-0.532|-1.820,-0.3615,-0.2364,1,0,191,0.8212
Nelson Mandela,birth_year,name_lens,6-8,subject_all,8, year,0,4,-4.1086,0.0,-1.6783,-4.1086,-2.4303,-1.394|-0.361|-0.532|-1.820,-0.3615,-0.2364,1,0,191,0.8212
Nelson Mandela,birth_year,name_lens,6-8,subject_all,0,<|startoftext|>,0,5,-4.1086,0.0,-1.6783,-4.1086,-2.4303,-1.394|-0.361|-0.532|-1.820,-0.3615,-0.2364,1,0,191,0.8212
Nelson Mandela,birth_year,name_lens,6-8,subject_all,1,Nel,1,5,-4.1086,0.0,-1.6783,-4.1086,-2.4303,-1.394|-0.361|-0.532|-1.820,-0.3615,-0.2364,1,0,191,0.8212
Nelson Mandela,birth_year,name_lens,6-8,subject_all,2,son,1,5,-4.1086,0.0,-1.6783,-4.1086,-2.4303,-1.394|-0.361|-0.532|-1.820,-0.3615,-0.2364,1,0,191,0.8212
Nelson Mandela,birth_year,name_lens,6-8,subject_all,3, Mandela,1,5,-4.1086,0.0,-1.6783,-4.1086,-2.4303,-1.394|-0.361|-0.532|-1.820,-0.3615,-0.2364,1,0,191,0.8212
Nelson Mandela,birth_year,name_lens,6-8,subject_all,4, was,0,5,-4.1086,0.0,-1.6783,-4.1086,-2.4303,-1.394|-0.361|-0.532|-1.820,-0.3615,-0.2364,1,0,191,0.8212
Nelson Mandela,birth_year,name_lens,6-8,subject_all,5, born,0,5,-4.1086,0.0,-1.6783,-4.1086,-2.4303,-1.394|-0.361|-0.532|-1.820,-0.3615,-0.2364,1,0,191,0.8212
Nelson Mandela,birth_year,name_lens,6-8,subject_all,6, in,0,5,-4.1086,0.0,-1.6783,-4.1086,-2.4303,-1.394|-0.361|-0.532|-1.820,-0.3615,-0.2364,1,0,191,0.8212
Nelson Mandela,birth_year,name_lens,6-8,subject_all,7, the,0,5,-4.1086,0.0,-1.6783,-4.1086,-2.4303,-1.394|-0.361|-0.532|-1.820,-0.3615,-0.2364,1,0,191,0.8212
Nelson Mandela,birth_year,name_lens,6-8,subject_all,8, year,0,5,-4.1086,0.0,-1.6783,-4.1086,-2.4303,-1.394|-0.361|-0.532|-1.820,-0.3615,-0.2364,1,0,191,0.8212
Nelson Mandela,birth_year,name_lens,6-8,subject_all,0,<|startoftext|>,0,6,-4.1086,0.0,-1.6783,-4.1086,-2.4303,-1.394|-0.361|-0.532|-1.820,-0.3615,-0.2364,1,0,191,0.8212
Nelson Mandela,birth_year,name_lens,6-8,subject_all,1,Nel,1,6,-4.1086,0.6217,-1.6783,-2.5978,-0.9195,-0.558|-0.308|-0.405|-1.327,-0.3083,-0.1832,1,0,191,0.1785
Nelson Mandela,birth_year,name_lens,6-8,subject_all,2,son,1,6,-4.1086,0.005,-1.6783,-4.0965,-2.4181,-1.406|-0.323|-0.542|-1.825,-0.323,-0.1979,1,0,191,0.829
Nelson Mandela,birth_year,name_lens,6-8,subject_all,3, Mandela,1,6,-4.1086,-0.2027,-1.6783,-4.6012,-2.9229,-1.471|-0.425|-0.836|-1.870,-0.4248,-0.2997,1,0,191,0.881
Nelson Mandela,birth_year,name_lens,6-8,subject_all,4, was,0,6,-4.1086,0.0,-1.6783,-4.1086,-2.4303,-1.394|-0.361|-0.532|-1.820,-0.3615,-0.2364,1,0,191,0.8212
Nelson Mandela,birth_year,name_lens,6-8,subject_all,5, born,0,6,-4.1086,0.0,-1.6783,-4.1086,-2.4303,-1.394|-0.361|-0.532|-1.820,-0.3615,-0.2364,1,0,191,0.8212
Nelson Mandela,birth_year,name_lens,6-8,subject_all,6, in,0,6,-4.1086,0.0,-1.6783,-4.1086,-2.4303,-1.394|-0.361|-0.532|-1.820,-0.3615,-0.2364,1,0,191,0.8212
Nelson Mandela,birth_year,name_lens,6-8,subject_all,7, the,0,6,-4.1086,0.0,-1.6783,-4.1086,-2.4303,-1.394|-0.361|-0.532|-1.820,-0.3615,-0.2364,1,0,191,0.8212
Nelson Mandela,birth_year,name_lens,6-8,subject_all,8, year,0,6,-4.1086,0.0,-1.6783,-4.1086,-2.4303,-1.394|-0.361|-0.532|-1.820,-0.3615,-0.2364,1,0,191,0.8212
Nelson Mandela,birth_year,name_lens,6-8,subject_all,0,<|startoftext|>,0,7,-4.1086,0.0,-1.6783,-4.1086,-2.4303,-1.394|-0.361|-0.532|-1.820,-0.3615,-0.2364,1,0,191,0.8212
Nelson Mandela,birth_year,name_lens,6-8,subject_all,1,Nel,1,7,-4.1086,0.6984,-1.6783,-2.4113,-0.733,-0.426|-0.301|-0.347|-1.337,-0.3006,-0.1755,1,0,191,0.1031
Nelson Mandela,birth_year,name_lens,6-8,subject_all,2,son,1,7,-4.1086,0.0213,-1.6783,-4.0567,-2.3784,-1.359|-0.339|-0.537|-1.821,-0.3391,-0.214,1,0,191,0.7946
Nelson Mandela,birth_year,name_lens,6-8,subject_all,3, Mandela,1,7,-4.1086,0.0391,-1.6783,-4.0136,-2.3353,-1.373|-0.382|-0.436|-1.822,-0.3823,-0.2572,1,0,191,0.805
Nelson Mandela,birth_year,name_lens,6-8,subject_all,4, was,0,7,-4.1086,0.0787,-1.6783,-3.9173,-2.239,-1.377|-0.346|-0.458|-1.735,-0.3465,-0.2214,1,0,191,0.8032
Nelson Mandela,birth_year,name_lens,6-8,subject_all,5, born,0,7,-4.1086,0.0289,-1.6783,-4.0383,-2.36,-1.417|-0.341|-0.501|-1.780,-0.3407,-0.2156,1,0,191,0.8372
Nelson Mandela,birth_year,name_lens,6-8,subject_all,6, in,0,7,-4.1086,-0.0093,-1.6783,-4.1312,-2.4529,-1.396|-0.374|-0.543|-1.818,-0.3739,-0.2488,1,0,191,0.8228
Nelson Mandela,birth_year,name_lens,6-8,subject_all,7, the,0,7,-4.1086,0.0462,-1.6783,-3.9963,-2.318,-1.302|-0.365|-0.549|-1.780,-0.3653,-0.2402,1,0,191,0.752
Nelson Mandela,birth_year,name_lens,6-8,subject_all,8, year,0,7,-4.1086,0.0362,-1.6783,-4.0206,-2.3423,-1.349|-0.364|-0.542|-1.765,-0.3638,-0.2387,1,0,191,0.7848
Nelson Mandela,birth_year,name_lens,6-8,subject_all,0,<|startoftext|>,0,8,-4.1086,0.0,-1.6783,-4.1086,-2.4303,-1.394|-0.361|-0.532|-1.820,-0.3615,-0.2364,1,0,191,0.8212
Nelson Mandela,birth_year,name_lens,6-8,subject_all,1,Nel,1,8,-4.1086,0.858,-1.6783,-2.0233,-0.345,-0.263|-0.255|-0.271|-1.234,-0.2552,-0.1302,1,0,191,0.0096
Nelson Mandela,birth_year,name_lens,6-8,subject_all,2,son,1,8,-4.1086,0.1231,-1.6783,-3.8094,-2.1311,-1.318|-0.288|-0.427|-1.777,-0.2875,-0.1624,1,0,191,0.76
Nelson Mandela,birth_year,name_lens,6-8,subject_all,3, Mandela,1,8,-4.1086,0.1117,-1.6783,-3.8372,-2.1589,-1.432|-0.239|-0.314|-1.853,-0.2387,-0.1136,1,0,191,0.8453
Nelson Mandela,birth_year,name_lens,6-8,subject_all,4, was,0,8,-4.1086,0.0268,-1.6783,-4.0434,-2.3651,-1.419|-0.353|-0.525|-1.746,-0.3534,-0.2283,1,0,191,0.8366
Nelson Mandela,birth_year,name_lens,6-8,subject_all,5, born,0,8,-4.1086,0.0294,-1.6783,-4.0372,-2.3589,-1.426|-0.356|-0.508|-1.748,-0.3565,-0.2314,1,0,191,0.8443
Nelson Mandela,birth_year,name_lens,6-8,subject_all,6, in,0,8,-4.1086,-0.0222,-1.6783,-4.1625,-2.4842,-1.395|-0.364|-0.580|-1.823,-0.3642,-0.2391,1,0,191,0.822
Nelson Mandela,birth_year,name_lens,6-8,subject_all,7, the,0,8,-4.1086,-0.0015,-1.6783,-4.1123,-2.434,-1.395|-0.361|-0.532|-1.823,-0.3615,-0.2364,1,0,191,0.8216
Nelson Mandela,birth_year,name_lens,6-8,subject_all,8, year,0,8,-4.1086,0.122,-1.6783,-3.8122,-2.1339,-1.152|-0.343|-0.534|-1.783,-0.3429,-0.2178,1,0,191,0.6333
Nelson Mandela,birth_year,name_lens,6-8,subject_all,0,<|startoftext|>,0,9,-4.1086,0.0,-1.6783,-4.1086,-2.4303,-1.394|-0.361|-0.532|-1.820,-0.3615,-0.2364,1,0,191,0.8212
Nelson Mandela,birth_year,name_lens,6-8,subject_all,1,Nel,1,9,-4.1086,0.8205,-1.6783,-2.1145,-0.4362,-0.303|-0.269|-0.291|-1.251,-0.2691,-0.144,1,0,191,0.0232
Nelson Mandela,birth_year,name_lens,6-8,subject_all,2,son,1,9,-4.1086,0.1387,-1.6783,-3.7715,-2.0932,-1.323|-0.283|-0.417|-1.749,-0.2833,-0.1582,1,0,191,0.7627
Nelson Mandela,birth_year,name_lens,6-8,subject_all,3, Mandela,1,9,-4.1086,0.138,-1.6783,-3.7731,-2.0948,-1.329|-0.288|-0.394|-1.762,-0.2875,-0.1624,1,0,191,0.7673
Nelson Mandela,birth_year,name_lens,6-8,subject_all,4, was,0,9,-4.1086,0.0816,-1.6783,-3.9103,-2.2319,-1.371|-0.309|-0.491|-1.739,-0.3095,-0.1844,1,0,191,0.7985
Nelson Mandela,birth_year,name_lens,6-8,subject_all,5, born,0,9,-4.1086,0.0404,-1.6783,-4.0105,-2.3322,-1.439|-0.336|-0.491|-1.745,-0.3363,-0.2112,1,0,191,0.8539
Nelson Mandela,birth_year,name_lens,6-8,subject_all,6, in,0,9,-4.1086,-0.0042,-1.6783,-4.1188,-2.4405,-1.387|-0.366|-0.547|-1.819,-0.3659,-0.2409,1,0,191,0.8152
Nelson Mandela,birth_year,name_lens,6-8,subject_all,7, the,0,9,-4.1086,-0.0329,-1.6783,-4.1886,-2.5103,-1.407|-0.366|-0.595|-1.821,-0.3658,-0.2407,1,0,191,0.8295
Nelson Mandela,birth_year,name_lens,6-8,subject_all,8, year,0,9,-4.1086,0.1289,-1.6783,-3.7953,-2.117,-1.216|-0.355|-0.482|-1.742,-0.3554,-0.2303,1,0,191,0.674
Nelson Mandela,birth_year,name_lens,6-8,subject_all,0,<|startoftext|>,0,10,-4.1086,0.0,-1.6783,-4.1086,-2.4303,-1.394|-0.361|-0.532|-1.820,-0.3615,-0.2364,1,0,191,0.8212
Nelson Mandela,birth_year,name_lens,6-8,subject_all,1,Nel,1,10,-4.1086,0.8092,-1.6783,-2.1419,-0.4636,-0.329|-0.282|-0.289|-1.242,-0.2824,-0.1573,1,0,191,0.0329
Nelson Mandela,birth_year,name_lens,6-8,subject_all,2,son,1,10,-4.1086,0.1367,-1.6783,-3.7765,-2.0982,-1.326|-0.272|-0.438|-1.741,-0.2718,-0.1467,1,0,191,0.763
Nelson Mandela,birth_year,name_lens,6-8,subject_all,3, Mandela,1,10,-4.1086,0.1601,-1.6783,-3.7195,-2.0412,-1.321|-0.277|-0.395|-1.726,-0.2773,-0.1522,1,0,191,0.7614
Nelson Mandela,birth_year,name_lens,6-8,subject_all,4, was,0,10,-4.1086,0.1059,-1.6783,-3.8512,-2.1729,-1.362|-0.327|-0.440|-1.722,-0.327,-0.2019,1,0,191,0.7895
Nelson Mandela,birth_year,name_lens,6-8,subject_all,5, born,0,10,-4.1086,0.0179,-1.6783,-4.0652,-2.3869,-1.432|-0.328|-0.543|-1.762,-0.3284,-0.2033,1,0,191,0.8467
Nelson Mandela,birth_year,name_lens,6-8,subject_all,6, in,0,10,-4.1086,0.0108,-1.6783,-4.0824,-2.4041,-1.345|-0.368|-0.550|-1.820,-0.3676,-0.2425,1,0,191,0.7841
Nelson Mandela,birth_year,name_lens,6-8,subject_all,7, the,0,10,-4.1086,-0.0149,-1.6783,-4.1448,-2.4665,-1.409|-0.363|-0.545|-1.828,-0.3632,-0.2381,1,0,191,0.833
Nelson Mandela,birth_year,name_lens,6-8,subject_all,8, year,0,10,-4.1086,0.2611,-1.6783,-3.4741,-1.7958,-0.931|-0.342|-0.437|-1.764,-0.3421,-0.217,1,0,191,0.4586
Nelson Mandela,birth_year,name_lens,6-8,subject_all,0,<|startoftext|>,0,11,-4.1086,0.0,-1.6783,-4.1086,-2.4303,-1.394|-0.361|-0.532|-1.820,-0.3615,-0.2364,1,0,191,0.8212
Nelson Mandela,birth_year,name_lens,6-8,subject_all,1,Nel,1,11,-4.1086,0.8276,-1.6783,-2.0972,-0.4189,-0.327|-0.285|-0.267|-1.219,-0.2847,-0.1596,1,0,191,0.0335
Nelson Mandela,birth_year,name_lens,6-8,subject_all,2,son,1,11,-4.1086,0.1452,-1.6783,-3.7558,-2.0775,-1.324|-0.278|-0.415|-1.739,-0.2777,-0.1526,1,0,191,0.762
Nelson Mandela,birth_year,name_lens,6-8,subject_all,3, Mandela,1,11,-4.1086,0.1492,-1.6783,-3.7459,-2.0676,-1.358|-0.290|-0.364|-1.733,-0.29,-0.1649,1,0,191,0.7896
Nelson Mandela,birth_year,name_lens,6-8,subject_all,4, was,0,11,-4.1086,0.099,-1.6783,-3.8681,-2.1898,-1.360|-0.359|-0.416|-1.733,-0.3586,-0.2335,1,0,191,0.7848
Nelson Mandela,birth_year,name_lens,6-8,subject_all,5, born,0,11,-4.1086,0.0371,-1.6783,-4.0184,-2.3401,-1.428|-0.327|-0.497|-1.766,-0.3273,-0.2022,1,0,191,0.8441
Nelson Mandela,birth_year,name_lens,6-8,subject_all,6, in,0,11,-4.1086,-0.0085,-1.6783,-4.1292,-2.4509,-1.391|-0.377|-0.542|-1.820,-0.3766,-0.2515,1,0,191,0.8184
Nelson Mandela,birth_year,name_lens,6-8,subject_all,7, the,0,11,-4.1086,-0.0224,-1.6783,-4.163,-2.4847,-1.402|-0.367|-0.576|-1.818,-0.3667,-0.2416,1,0,191,0.8273
Nelson Mandela,birth_year,name_lens,6-8,subject_all,8, year,0,11,-4.1086,0.3088,-1.6783,-3.358,-1.6797,-0.843|-0.329|-0.437|-1.750,-0.3285,-0.2034,1,0,191,0.3911
Nelson Mandela,birth_year,name_lens,6-8,subject_all,0,<|startoftext|>,0,12,-4.1086,0.0,-1.6783,-4.1086,-2.4303,-1.394|-0.361|-0.532|-1.820,-0.3615,-0.2364,1,0,191,0.8212
Nelson Mandela,birth_year,name_lens,6-8,subject_all,1,Nel,1,12,-4.1086,0.8035,-1.6783,-2.1559,-0.4776,-0.323|-0.298|-0.293|-1.242,-0.298,-0.1729,1,0,191,0.037
Nelson Mandela,birth_year,name_lens,6-8,subject_all,2,son,1,12,-4.1086,0.12,-1.6783,-3.8169,-2.1386,-1.326|-0.281|-0.461|-1.749,-0.2806,-0.1555,1,0,191,0.7651
Nelson Mandela,birth_year,name_lens,6-8,subject_all,3, Mandela,1,12,-4.1086,0.1115,-1.6783,-3.8376,-2.1593,-1.395|-0.315|-0.351|-1.776,-0.3154,-0.1903,1,0,191,0.8166
Nelson Mandela,birth_year,name_lens,6-8,subject_all,4, was,0,12,-4.1086,0.1374,-1.6783,-3.7746,-2.0963,-1.354|-0.321|-0.413|-1.686,-0.3208,-0.1957,1,0,191,0.7785
Nelson Mandela,birth_year,name_lens,6-8,subject_all,5, born,0,12,-4.1086,0.1044,-1.6783,-3.855,-2.1767,-1.391|-0.364|-0.496|-1.603,-0.3637,-0.2386,1,0,191,0.8162
Nelson Mandela,birth_year,name_lens,6-8,subject_all,6, in,0,12,-4.1086,0.0304,-1.6783,-4.0348,-2.3565,-1.345|-0.368|-0.547|-1.774,-0.3682,-0.2431,1,0,191,0.7831
Nelson Mandela,birth_year,name_lens,6-8,subject_all,7, the,0,12,-4.1086,-0.0044,-1.6783,-4.1194,-2.4411,-1.395|-0.372|-0.528|-1.824,-0.3721,-0.247,1,0,191,0.8195
Nelson Mandela,birth_year,name_lens,6-8,subject_all,8, year,0,12,-4.1086,0.3695,-1.6783,-3.2107,-1.5324,-0.776|-0.294|-0.427|-1.714,-0.294,-0.1689,1,0,191,0.3378
Nelson Mandela,birth_year,name_lens,6-8,subject_all,0,<|startoftext|>,0,13,-4.1086,0.0,-1.6783,-4.1086,-2.4303,-1.394|-0.361|-0.532|-1.820,-0.3615,-0.2364,1,0,191,0.8212
Nelson Mandela,birth_year,name_lens,6-8,subject_all,1,Nel,1,13,-4.1086,0.8041,-1.6783,-2.1544,-0.4761,-0.332|-0.318|-0.295|-1.210,-0.3178,-0.1927,1,0,191,0.0427
Nelson Mandela,birth_year,name_lens,6-8,subject_all,2,son,1,13,-4.1086,0.1267,-1.6783,-3.8006,-2.1223,-1.313|-0.277|-0.444|-1.767,-0.2771,-0.152,1,0,191,0.7541
Nelson Mandela,birth_year,name_lens,6-8,subject_all,3, Mandela,1,13,-4.1086,0.1294,-1.6783,-3.7941,-2.1158,-1.350|-0.318|-0.357|-1.769,-0.318,-0.1929,1,0,191,0.7836
Nelson Mandela,birth_year,name_lens,6-8,subject_all,4, was,0,13,-4.1086,0.1111,-1.6783,-3.8386,-2.1603,-1.376|-0.306|-0.445|-1.712,-0.3056,-0.1805,1,0,191,0.7949
Nelson Mandela,birth_year,name_lens,6-8,subject_all,5, born,0,13,-4.1086,0.101,-1.6783,-3.8631,-2.1848,-1.390|-0.329|-0.538|-1.606,-0.3294,-0.2043,1,0,191,0.8148
Nelson Mandela,birth_year,name_lens,6-8,subject_all,6, in,0,13,-4.1086,0.0033,-1.6783,-4.1006,-2.4223,-1.361|-0.373|-0.546|-1.820,-0.3734,-0.2483,1,0,191,0.7974
Nelson Mandela,birth_year,name_lens,6-8,subject_all,7, the,0,13,-4.1086,-0.008,-1.6783,-4.1281,-2.4498,-1.405|-0.367|-0.534|-1.823,-0.3667,-0.2416,1,0,191,0.8275
Nelson Mandela,birth_year,name_lens,6-8,subject_all,8, year,0,13,-4.1086,0.3624,-1.6783,-3.2278,-1.5495,-0.781|-0.322|-0.424|-1.701,-0.3219,-0.1968,1,0,191,0.3407
Nelson Mandela,birth_year,name_lens,6-8,subject_all,0,<|startoftext|>,0,14,-4.1086,0.0,-1.6783,-4.1086,-2.4303,-1.394|-0.361|-0.532|-1.820,-0.3615,-0.2364,1,0,191,0.8212
Nelson Mandela,birth_year,name_lens,6-8,subject_all,1,Nel,1,14,-4.1086,0.552,-1.6783,-2.7671,-1.0888,-0.582|-0.383|-0.380|-1.422,-0.3826,-0.2575,1,0,191,0.1966
Nelson Mandela,birth_year,name_lens,6-8,subject_all,2,son,1,14,-4.1086,0.0686,-1.6783,-3.942,-2.2637,-1.316|-0.282|-0.548|-1.796,-0.2823,-0.1572,1,0,191,0.7573
Nelson Mandela,birth_year,name_lens,6-8,subject_all,3, Mandela,1,14,-4.1086,0.148,-1.6783,-3.7488,-2.0705,-1.289|-0.259|-0.427|-1.773,-0.2592,-0.1341,1,0,191,0.7352
Nelson Mandela,birth_year,name_lens,6-8,subject_all,4, was,0,14,-4.1086,0.0574,-1.6783,-3.9691,-2.2908,-1.391|-0.361|-0.503|-1.713,-0.3615,-0.2364,1,0,191,0.8069
Nelson Mandela,birth_year,name_lens,6-8,subject_all,5, born,0,14,-4.1086,0.0742,-1.6783,-3.9284,-2.2501,-1.401|-0.352|-0.519|-1.657,-0.3517,-0.2266,1,0,191,0.8193
Nelson Mandela,birth_year,name_lens,6-8,subject_all,6, in,0,14,-4.1086,-0.0097,-1.6783,-4.1321,-2.4538,-1.342|-0.367|-0.658|-1.765,-0.3668,-0.2417,1,0,191,0.7812
Nelson Mandela,birth_year,name_lens,6-8,subject_all,7, the,0,14,-4.1086,-0.0033,-1.6783,-4.1166,-2.4383,-1.405|-0.361|-0.532|-1.818,-0.3614,-0.2363,1,0,191,0.8275
Nelson Mandela,birth_year,name_lens,6-8,subject_all,8, year,0,14,-4.1086,0.5485,-1.6783,-2.7755,-1.0972,-0.332|-0.347|-0.487|-1.609,-0.3472,-0.2221,1,0,191,0.0513
Nelson Mandela,birth_year,name_lens,6-8,subject_all,0,<|startoftext|>,0,15,-4.1086,0.0,-1.6783,-4.1086,-2.4303,-1.394|-0.361|-0.532|-1.820,-0.3615,-0.2364,1,0,191,0.8212
Nelson Mandela,birth_year,name_lens,6-8,subject_all,1,Nel,1,15,-4.1086,0.5243,-1.6783,-2.8345,-1.1562,-0.645|-0.384|-0.395|-1.411,-0.3843,-0.2592,1,0,191,0.2429
Nelson Mandela,birth_year,name_lens,6-8,subject_all,2,son,1,15,-4.1086,0.0741,-1.6783,-3.9286,-2.2503,-1.358|-0.288|-0.496|-1.787,-0.2878,-0.1627,1,0,191,0.7924
Nelson Mandela,birth_year,name_lens,6-8,subject_all,3, Mandela,1,15,-4.1086,0.0788,-1.6783,-3.917,-2.2387,-1.339|-0.287|-0.493|-1.798,-0.287,-0.1619,1,0,191,0.7738
Nelson Mandela,birth_year,name_lens,6-8,subject_all,4, was,0,15,-4.1086,0.0119,-1.6783,-4.0796,-2.4013,-1.385|-0.371|-0.548|-1.775,-0.3707,-0.2456,1,0,191,0.8057
Nelson Mandela,birth_year,name_lens,6-8,subject_all,5, born,0,15,-4.1086,0.0577,-1.6783,-3.9683,-2.29,-1.402|-0.344|-0.519|-1.703,-0.3438,-0.2187,1,0,191,0.818
Nelson Mandela,birth_year,name_lens,6-8,subject_all,6, in,0,15,-4.1086,0.0482,-1.6783,-3.9915,-2.3132,-1.341|-0.355|-0.525|-1.771,-0.355,-0.2299,1,0,191,0.7808
Nelson Mandela,birth_year,name_lens,6-8,subject_all,7, the,0,15,-4.1086,-0.0225,-1.6783,-4.1632,-2.4849,-1.400|-0.362|-0.584|-1.817,-0.3622,-0.2371,1,0,191,0.8244
Nelson Mandela,birth_year,name_lens,6-8,subject_all,8, year,0,15,-4.1086,0.5432,-1.6783,-2.7884,-1.1101,-0.347|-0.362|-0.421|-1.659,-0.3618,-0.2367,1,0,191,0.0524
Nelson Mandela,birth_year,name_lens,6-8,subject_all,0,<|startoftext|>,0,16,-4.1086,0.0,-1.6783,-4.1086,-2.4303,-1.394|-0.361|-0.532|-1.820,-0.3615,-0.2364,1,0,191,0.8212
Nelson Mandela,birth_year,name_lens,6-8,subject_all,1,Nel,1,16,-4.1086,0.0215,-1.6783,-4.0563,-2.3779,-1.359|-0.365|-0.572|-1.760,-0.365,-0.2399,1,0,191,0.7891
Nelson Mandela,birth_year,name_lens,6-8,subject_all,2,son,1,16,-4.1086,0.0428,-1.6783,-4.0046,-2.3263,-1.358|-0.289|-0.544|-1.813,-0.2895,-0.1644,1,0,191,0.7923
Nelson Mandela,birth_year,name_lens,6-8,subject_all,3, Mandela,1,16,-4.1086,0.0759,-1.6783,-3.9242,-2.2459,-1.345|-0.308|-0.485|-1.786,-0.3079,-0.1828,1,0,191,0.7799
Nelson Mandela,birth_year,name_lens,6-8,subject_all,4, was,0,16,-4.1086,0.0113,-1.6783,-4.0811,-2.4028,-1.393|-0.391|-0.554|-1.743,-0.3912,-0.2661,1,0,191,0.8101
Nelson Mandela,birth_year,name_lens,6-8,subject_all,5, born,0,16,-4.1086,0.0617,-1.6783,-3.9586,-2.2803,-1.391|-0.348|-0.528|-1.692,-0.3478,-0.2227,1,0,191,0.8109
Nelson Mandela,birth_year,name_lens,6-8,subject_all,6, in,0,16,-4.1086,0.0199,-1.6783,-4.0602,-2.3819,-1.362|-0.362|-0.544|-1.792,-0.3622,-0.2371,1,0,191,0.7988
Nelson Mandela,birth_year,name_lens,6-8,subject_all,7, the,0,16,-4.1086,-0.0024,-1.6783,-4.1145,-2.4362,-1.354|-0.367|-0.576|-1.817,-0.367,-0.2419,1,0,191,0.7885
Nelson Mandela,birth_year,name_lens,6-8,subject_all,8, year,0,16,-4.1086,0.4832,-1.6783,-2.9343,-1.256,-0.264|-0.387|-0.524|-1.759,-0.3874,-0.2623,1,0,191,0.0125
Nelson Mandela,birth_year,name_lens,6-8,subject_all,0,<|startoftext|>,0,17,-4.1086,0.0,-1.6783,-4.1086,-2.4303,-1.394|-0.361|-0.532|-1.820,-0.3615,-0.2364,1,0,191,0.8212
Nelson Mandela,birth_year,name_lens,6-8,subject_all,1,Nel,1,17,-4.1086,-0.0244,-1.6783,-4.168,-2.4897,-1.408|-0.382|-0.570|-1.808,-0.3822,-0.2571,1,0,191,0.8267
Nelson Mandela,birth_year,name_lens,6-8,subject_all,2,son,1,17,-4.1086,0.0448,-1.6783,-3.9998,-2.3215,-1.364|-0.295|-0.533|-1.807,-0.295,-0.1699,1,0,191,0.7966
Nelson Mandela,birth_year,name_lens,6-8,subject_all,3, Mandela,1,17,-4.1086,0.0388,-1.6783,-4.0142,-2.3359,-1.385|-0.340|-0.515|-1.774,-0.34,-0.2149,1,0,191,0.8123
Nelson Mandela,birth_year,name_lens,6-8,subject_all,4, was,0,17,-4.1086,0.0441,-1.6783,-4.0015,-2.3232,-1.343|-0.378|-0.552|-1.729,-0.3776,-0.2525,1,0,191,0.7737
Nelson Mandela,birth_year,name_lens,6-8,subject_all,5, born,0,17,-4.1086,0.0314,-1.6783,-4.0322,-2.3539,-1.401|-0.350|-0.574|-1.708,-0.3501,-0.225,1,0,191,0.8181
Nelson Mandela,birth_year,name_lens,6-8,subject_all,6, in,0,17,-4.1086,0.0332,-1.6783,-4.028,-2.3497,-1.348|-0.363|-0.525|-1.791,-0.3633,-0.2382,1,0,191,0.7863
Nelson Mandela,birth_year,name_lens,6-8,subject_all,7, the,0,17,-4.1086,-0.0025,-1.6783,-4.1146,-2.4363,-1.401|-0.375|-0.526|-1.813,-0.3748,-0.2497,1,0,191,0.8229
Nelson Mandela,birth_year,name_lens,6-8,subject_all,8, year,0,17,-4.1086,0.5234,-1.6783,-2.8367,-1.1584,-0.245|-0.370|-0.497|-1.725,-0.3697,-0.2446,1,0,191,0.0087
Nelson Mandela,birth_year,name_lens,6-8,subject_all,0,<|startoftext|>,0,18,-4.1086,0.0,-1.6783,-4.1086,-2.4303,-1.394|-0.361|-0.532|-1.820,-0.3615,-0.2364,1,0,191,0.8212
Nelson Mandela,birth_year,name_lens,6-8,subject_all,1,Nel,1,18,-4.1086,-0.014,-1.6783,-4.1427,-2.4644,-1.404|-0.361|-0.573|-1.805,-0.3612,-0.2361,1,0,191,0.8299
Nelson Mandela,birth_year,name_lens,6-8,subject_all,2,son,1,18,-4.1086,0.0377,-1.6783,-4.0169,-2.3386,-1.363|-0.295|-0.549|-1.810,-0.2954,-0.1703,1,0,191,0.7967
Nelson Mandela,birth_year,name_lens,6-8,subject_all,3, Mandela,1,18,-4.1086,0.048,-1.6783,-3.9919,-2.3136,-1.341|-0.300|-0.541|-1.809,-0.3003,-0.1752,1,0,191,0.7795
Nelson Mandela,birth_year,name_lens,6-8,subject_all,4, was,0,18,-4.1086,0.0429,-1.6783,-4.0043,-2.326,-1.331|-0.351|-0.586|-1.736,-0.3515,-0.2264,1,0,191,0.7716
Nelson Mandela,birth_year,name_lens,6-8,subject_all,5, born,0,18,-4.1086,-0.0125,-1.6783,-4.139,-2.4607,-1.435|-0.388|-0.575|-1.741,-0.3882,-0.2632,1,0,191,0.845
Nelson Mandela,birth_year,name_lens,6-8,subject_all,6, in,0,18,-4.1086,0.0139,-1.6783,-4.0749,-2.3966,-1.372|-0.361|-0.548|-1.794,-0.3612,-0.2361,1,0,191,0.8049
Nelson Mandela,birth_year,name_lens,6-8,subject_all,7, the,0,18,-4.1086,-0.0119,-1.6783,-4.1376,-2.4593,-1.362|-0.364|-0.583|-1.829,-0.364,-0.2389,1,0,191,0.7956
Nelson Mandela,birth_year,name_lens,6-8,subject_all,8, year,0,18,-4.1086,0.4714,-1.6783,-2.9629,-1.2846,-0.214|-0.405|-0.569|-1.775,-0.4054,-0.2803,1,0,191,0.0025
Nelson Mandela,birth_year,name_lens,6-8,subject_all,0,<|startoftext|>,0,19,-4.1086,0.0,-1.6783,-4.1086,-2.4303,-1.394|-0.361|-0.532|-1.820,-0.3615,-0.2364,1,0,191,0.8212
Nelson Mandela,birth_year,name_lens,6-8,subject_all,1,Nel,1,19,-4.1086,-0.0304,-1.6783,-4.1826,-2.5043,-1.406|-0.363|-0.589|-1.825,-0.3626,-0.2375,1,0,191,0.8308
Nelson Mandela,birth_year,name_lens,6-8,subject_all,2,son,1,19,-4.1086,0.0522,-1.6783,-3.9817,-2.3034,-1.361|-0.300|-0.512|-1.809,-0.2996,-0.1745,1,0,191,0.7957
Nelson Mandela,birth_year,name_lens,6-8,subject_all,3, Mandela,1,19,-4.1086,0.0326,-1.6783,-4.0295,-2.3512,-1.377|-0.285|-0.547|-1.820,-0.2849,-0.1598,1,0,191,0.8062
Nelson Mandela,birth_year,name_lens,6-8,subject_all,4, was,0,19,-4.1086,0.0266,-1.6783,-4.0439,-2.3656,-1.335|-0.394|-0.580|-1.735,-0.3936,-0.2685,1,0,191,0.7751
Nelson Mandela,birth_year,name_lens,6-8,subject_all,5, born,0,19,-4.1086,0.0135,-1.6783,-4.0758,-2.3975,-1.397|-0.401|-0.570|-1.708,-0.4008,-0.2757,1,0,191,0.8169
Nelson Mandela,birth_year,name_lens,6-8,subject_all,6, in,0,19,-4.1086,0.0052,-1.6783,-4.096,-2.4177,-1.384|-0.359|-0.551|-1.802,-0.3588,-0.2337,1,0,191,0.8151
Nelson Mandela,birth_year,name_lens,6-8,subject_all,7, the,0,19,-4.1086,-0.0004,-1.6783,-4.1096,-2.4313,-1.374|-0.372|-0.542|-1.822,-0.3718,-0.2467,1,0,191,0.8067
Nelson Mandela,birth_year,name_lens,6-8,subject_all,8, year,0,19,-4.1086,0.4877,-1.6783,-2.9233,-1.245,-0.208|-0.387|-0.594|-1.734,-0.3871,-0.262,1,0,191,0.0026
Nelson Mandela,birth_year,name_lens,6-8,subject_all,0,<|startoftext|>,0,20,-4.1086,0.0,-1.6783,-4.1086,-2.4303,-1.394|-0.361|-0.532|-1.820,-0.3615,-0.2364,1,0,191,0.8212
Nelson Mandela,birth_year,name_lens,6-8,subject_all,1,Nel,1,20,-4.1086,-0.0222,-1.6783,-4.1626,-2.4843,-1.396|-0.359|-0.586|-1.821,-0.3592,-0.2341,1,0,191,0.8218
Nelson Mandela,birth_year,name_lens,6-8,subject_all,2,son,1,20,-4.1086,0.0125,-1.6783,-4.0783,-2.4,-1.403|-0.301|-0.555|-1.819,-0.3009,-0.1758,1,0,191,0.8272
Nelson Mandela,birth_year,name_lens,6-8,subject_all,3, Mandela,1,20,-4.1086,0.0215,-1.6783,-4.0565,-2.3782,-1.399|-0.318|-0.537|-1.802,-0.3181,-0.193,1,0,191,0.8251
Nelson Mandela,birth_year,name_lens,6-8,subject_all,4, was,0,20,-4.1086,-0.003,-1.6783,-4.1159,-2.4376,-1.372|-0.394|-0.541|-1.809,-0.3936,-0.2685,1,0,191,0.8043
Nelson Mandela,birth_year,name_lens,6-8,subject_all,5, born,0,20,-4.1086,-0.024,-1.6783,-4.1669,-2.4886,-1.386|-0.397|-0.568|-1.816,-0.3967,-0.2716,1,0,191,0.8095
Nelson Mandela,birth_year,name_lens,6-8,subject_all,6, in,0,20,-4.1086,-0.0049,-1.6783,-4.1204,-2.4421,-1.432|-0.348|-0.542|-1.798,-0.3476,-0.2225,1,0,191,0.8514
Nelson Mandela,birth_year,name_lens,6-8,subject_all,7, the,0,20,-4.1086,0.0026,-1.6783,-4.1024,-2.4241,-1.364|-0.365|-0.550|-1.823,-0.365,-0.2399,1,0,191,0.7989
Nelson Mandela,birth_year,name_lens,6-8,subject_all,8, year,0,20,-4.1086,0.4623,-1.6783,-2.985,-1.3067,-0.192|-0.401|-0.585|-1.806,-0.4013,-0.2762,1,0,191,0.0023
Nelson Mandela,birth_year,name_lens,6-8,subject_all,0,<|startoftext|>,0,21,-4.1086,0.0,-1.6783,-4.1086,-2.4303,-1.394|-0.361|-0.532|-1.820,-0.3615,-0.2364,1,0,191,0.8212
Nelson Mandela,birth_year,name_lens,6-8,subject_all,1,Nel,1,21,-4.1086,-0.018,-1.6783,-4.1523,-2.474,-1.392|-0.360|-0.580|-1.820,-0.3603,-0.2352,1,0,191,0.8192
Nelson Mandela,birth_year,name_lens,6-8,subject_all,2,son,1,21,-4.1086,0.0345,-1.6783,-4.0249,-2.3466,-1.401|-0.293|-0.510|-1.820,-0.2928,-0.1677,1,0,191,0.8265
Nelson Mandela,birth_year,name_lens,6-8,subject_all,3, Mandela,1,21,-4.1086,-0.0208,-1.6783,-4.1593,-2.4809,-1.375|-0.358|-0.573|-1.854,-0.3578,-0.2327,1,0,191,0.8063
Nelson Mandela,birth_year,name_lens,6-8,subject_all,4, was,0,21,-4.1086,-0.0121,-1.6783,-4.1381,-2.4598,-1.375|-0.364|-0.578|-1.821,-0.3643,-0.2392,1,0,191,0.8081
Nelson Mandela,birth_year,name_lens,6-8,subject_all,5, born,0,21,-4.1086,-0.0435,-1.6783,-4.2143,-2.536,-1.424|-0.398|-0.574|-1.818,-0.3983,-0.2732,1,0,191,0.8382
Nelson Mandela,birth_year,name_lens,6-8,subject_all,6, in,0,21,-4.1086,-0.002,-1.6783,-4.1135,-2.4352,-1.418|-0.356|-0.548|-1.792,-0.3561,-0.231,1,0,191,0.8393
Nelson Mandela,birth_year,name_lens,6-8,subject_all,7, the,0,21,-4.1086,-0.0145,-1.6783,-4.1438,-2.4654,-1.396|-0.373|-0.547|-1.827,-0.3731,-0.248,1,0,191,0.8205
Nelson Mandela,birth_year,name_lens,6-8,subject_all,8, year,0,21,-4.1086,0.4685,-1.6783,-2.9701,-1.2918,-0.191|-0.391|-0.584|-1.805,-0.3913,-0.2662,1,0,191,0.0025
Nelson Mandela,birth_year,name_lens,6-8,subject_all,0,<|startoftext|>,0,22,-4.1086,0.0,-1.6783,-4.1086,-2.4303,-1.394|-0.361|-0.532|-1.820,-0.3615,-0.2364,1,0,191,0.8212
Nelson Mandela,birth_year,name_lens,6-8,subject_all,1,Nel,1,22,-4.1086,-0.0054,-1.6783,-4.1217,-2.4434,-1.398|-0.363|-0.540|-1.820,-0.3629,-0.2378,1,0,191,0.8242
Nelson Mandela,birth_year,name_lens,6-8,subject_all,2,son,1,22,-4.1086,-0.0142,-1.6783,-4.143,-2.4647,-1.395|-0.363|-0.564|-1.820,-0.3635,-0.2384,1,0,191,0.8217
Nelson Mandela,birth_year,name_lens,6-8,subject_all,3, Mandela,1,22,-4.1086,-0.0078,-1.6783,-4.1275,-2.4492,-1.368|-0.370|-0.581|-1.809,-0.3697,-0.2446,1,0,191,0.802
Nelson Mandela,birth_year,name_lens,6-8,subject_all,4, was,0,22,-4.1086,-0.0105,-1.6783,-4.1342,-2.4559,-1.398|-0.372|-0.543|-1.821,-0.3723,-0.2472,1,0,191,0.8235
Nelson Mandela,birth_year,name_lens,6-8,subject_all,5, born,0,22,-4.1086,-0.0285,-1.6783,-4.1778,-2.4995,-1.414|-0.402|-0.578|-1.785,-0.4016,-0.2765,1,0,191,0.835
Nelson Mandela,birth_year,name_lens,6-8,subject_all,6, in,0,22,-4.1086,-0.0048,-1.6783,-4.1202,-2.4419,-1.394|-0.365|-0.535|-1.826,-0.3649,-0.2398,1,0,191,0.8207
Nelson Mandela,birth_year,name_lens,6-8,subject_all,7, the,0,22,-4.1086,-0.0165,-1.6783,-4.1487,-2.4704,-1.403|-0.369|-0.548|-1.828,-0.369,-0.2439,1,0,191,0.8282
Nelson Mandela,birth_year,name_lens,6-8,subject_all,8, year,0,22,-4.1086,0.4481,-1.6783,-3.0195,-1.3412,-0.213|-0.426|-0.562|-1.820,-0.4255,-0.3004,1,0,191,0.0003
Nelson Mandela,birth_country,name_lens,6-8,subject_all,-1,,,-1,-7.5107,0.0,-3.3744,-7.5107,-4.1363,-1.079|-0.136|-1.410|-4.886,-1.0785,-0.8867,1,0, South,0.6061
Nelson Mandela,birth_country,name_lens,6-8,subject_all,0,<|startoftext|>,0,0,-7.5107,0.0,-3.3744,-7.5107,-4.1363,-1.079|-0.136|-1.410|-4.886,-1.0785,-0.8867,1,0, South,0.6061
Nelson Mandela,birth_country,name_lens,6-8,subject_all,1,Nel,1,0,-7.5107,0.0,-3.3744,-7.5107,-4.1363,-1.079|-0.136|-1.410|-4.886,-1.0785,-0.8867,1,0, South,0.6061
Nelson Mandela,birth_country,name_lens,6-8,subject_all,2,son,1,0,-7.5107,0.0,-3.3744,-7.5107,-4.1363,-1.079|-0.136|-1.410|-4.886,-1.0785,-0.8867,1,0, South,0.6061
Nelson Mandela,birth_country,name_lens,6-8,subject_all,3, Mandela,1,0,-7.5107,0.0,-3.3744,-7.5107,-4.1363,-1.079|-0.136|-1.410|-4.886,-1.0785,-0.8867,1,0, South,0.6061
Nelson Mandela,birth_country,name_lens,6-8,subject_all,4, was,0,0,-7.5107,0.0,-3.3744,-7.5107,-4.1363,-1.079|-0.136|-1.410|-4.886,-1.0785,-0.8867,1,0, South,0.6061
Nelson Mandela,birth_country,name_lens,6-8,subject_all,5, born,0,0,-7.5107,0.0,-3.3744,-7.5107,-4.1363,-1.079|-0.136|-1.410|-4.886,-1.0785,-0.8867,1,0, South,0.6061
Nelson Mandela,birth_country,name_lens,6-8,subject_all,6, in,0,0,-7.5107,0.0,-3.3744,-7.5107,-4.1363,-1.079|-0.136|-1.410|-4.886,-1.0785,-0.8867,1,0, South,0.6061
Nelson Mandela,birth_country,name_lens,6-8,subject_all,7, the,0,0,-7.5107,0.0,-3.3744,-7.5107,-4.1363,-1.079|-0.136|-1.410|-4.886,-1.0785,-0.8867,1,0, South,0.6061
Nelson Mandela,birth_country,name_lens,6-8,subject_all,8, country,0,0,-7.5107,0.0,-3.3744,-7.5107,-4.1363,-1.079|-0.136|-1.410|-4.886,-1.0785,-0.8867,1,0, South,0.6061
Nelson Mandela,birth_country,name_lens,6-8,subject_all,9, of,0,0,-7.5107,0.0,-3.3744,-7.5107,-4.1363,-1.079|-0.136|-1.410|-4.886,-1.0785,-0.8867,1,0, South,0.6061
Nelson Mandela,birth_country,name_lens,6-8,subject_all,0,<|startoftext|>,0,1,-7.5107,0.0,-3.3744,-7.5107,-4.1363,-1.079|-0.136|-1.410|-4.886,-1.0785,-0.8867,1,0, South,0.6061
Nelson Mandela,birth_country,name_lens,6-8,subject_all,1,Nel,1,1,-7.5107,0.0,-3.3744,-7.5107,-4.1363,-1.079|-0.136|-1.410|-4.886,-1.0785,-0.8867,1,0, South,0.6061
Nelson Mandela,birth_country,name_lens,6-8,subject_all,2,son,1,1,-7.5107,0.0,-3.3744,-7.5107,-4.1363,-1.079|-0.136|-1.410|-4.886,-1.0785,-0.8867,1,0, South,0.6061
Nelson Mandela,birth_country,name_lens,6-8,subject_all,3, Mandela,1,1,-7.5107,0.0,-3.3744,-7.5107,-4.1363,-1.079|-0.136|-1.410|-4.886,-1.0785,-0.8867,1,0, South,0.6061
Nelson Mandela,birth_country,name_lens,6-8,subject_all,4, was,0,1,-7.5107,0.0,-3.3744,-7.5107,-4.1363,-1.079|-0.136|-1.410|-4.886,-1.0785,-0.8867,1,0, South,0.6061
Nelson Mandela,birth_country,name_lens,6-8,subject_all,5, born,0,1,-7.5107,0.0,-3.3744,-7.5107,-4.1363,-1.079|-0.136|-1.410|-4.886,-1.0785,-0.8867,1,0, South,0.6061
Nelson Mandela,birth_country,name_lens,6-8,subject_all,6, in,0,1,-7.5107,0.0,-3.3744,-7.5107,-4.1363,-1.079|-0.136|-1.410|-4.886,-1.0785,-0.8867,1,0, South,0.6061
Nelson Mandela,birth_country,name_lens,6-8,subject_all,7, the,0,1,-7.5107,0.0,-3.3744,-7.5107,-4.1363,-1.079|-0.136|-1.410|-4.886,-1.0785,-0.8867,1,0, South,0.6061
Nelson Mandela,birth_country,name_lens,6-8,subject_all,8, country,0,1,-7.5107,0.0,-3.3744,-7.5107,-4.1363,-1.079|-0.136|-1.410|-4.886,-1.0785,-0.8867,1,0, South,0.6061
Nelson Mandela,birth_country,name_lens,6-8,subject_all,9, of,0,1,-7.5107,0.0,-3.3744,-7.5107,-4.1363,-1.079|-0.136|-1.410|-4.886,-1.0785,-0.8867,1,0, South,0.6061
Nelson Mandela,birth_country,name_lens,6-8,subject_all,0,<|startoftext|>,0,2,-7.5107,0.0,-3.3744,-7.5107,-4.1363,-1.079|-0.136|-1.410|-4.886,-1.0785,-0.8867,1,0, South,0.6061
Nelson Mandela,birth_country,name_lens,6-8,subject_all,1,Nel,1,2,-7.5107,0.0,-3.3744,-7.5107,-4.1363,-1.079|-0.136|-1.410|-4.886,-1.0785,-0.8867,1,0, South,0.6061
Nelson Mandela,birth_country,name_lens,6-8,subject_all,2,son,1,2,-7.5107,0.0,-3.3744,-7.5107,-4.1363,-1.079|-0.136|-1.410|-4.886,-1.0785,-0.8867,1,0, South,0.6061
Nelson Mandela,birth_country,name_lens,6-8,subject_all,3, Mandela,1,2,-7.5107,0.0,-3.3744,-7.5107,-4.1363,-1.079|-0.136|-1.410|-4.886,-1.0785,-0.8867,1,0, South,0.6061
Nelson Mandela,birth_country,name_lens,6-8,subject_all,4, was,0,2,-7.5107,0.0,-3.3744,-7.5107,-4.1363,-1.079|-0.136|-1.410|-4.886,-1.0785,-0.8867,1,0, South,0.6061
Nelson Mandela,birth_country,name_lens,6-8,subject_all,5, born,0,2,-7.5107,0.0,-3.3744,-7.5107,-4.1363,-1.079|-0.136|-1.410|-4.886,-1.0785,-0.8867,1,0, South,0.6061
Nelson Mandela,birth_country,name_lens,6-8,subject_all,6, in,0,2,-7.5107,0.0,-3.3744,-7.5107,-4.1363,-1.079|-0.136|-1.410|-4.886,-1.0785,-0.8867,1,0, South,0.6061
Nelson Mandela,birth_country,name_lens,6-8,subject_all,7, the,0,2,-7.5107,0.0,-3.3744,-7.5107,-4.1363,-1.079|-0.136|-1.410|-4.886,-1.0785,-0.8867,1,0, South,0.6061
Nelson Mandela,birth_country,name_lens,6-8,subject_all,8, country,0,2,-7.5107,0.0,-3.3744,-7.5107,-4.1363,-1.079|-0.136|-1.410|-4.886,-1.0785,-0.8867,1,0, South,0.6061
Nelson Mandela,birth_country,name_lens,6-8,subject_all,9, of,0,2,-7.5107,0.0,-3.3744,-7.5107,-4.1363,-1.079|-0.136|-1.410|-4.886,-1.0785,-0.8867,1,0, South,0.6061
Nelson Mandela,birth_country,name_lens,6-8,subject_all,0,<|startoftext|>,0,3,-7.5107,0.0,-3.3744,-7.5107,-4.1363,-1.079|-0.136|-1.410|-4.886,-1.0785,-0.8867,1,0, South,0.6061
Nelson Mandela,birth_country,name_lens,6-8,subject_all,1,Nel,1,3,-7.5107,0.0,-3.3744,-7.5107,-4.1363,-1.079|-0.136|-1.410|-4.886,-1.0785,-0.8867,1,0, South,0.6061
Nelson Mandela,birth_country,name_lens,6-8,subject_all,2,son,1,3,-7.5107,0.0,-3.3744,-7.5107,-4.1363,-1.079|-0.136|-1.410|-4.886,-1.0785,-0.8867,1,0, South,0.6061
Nelson Mandela,birth_country,name_lens,6-8,subject_all,3, Mandela,1,3,-7.5107,0.0,-3.3744,-7.5107,-4.1363,-1.079|-0.136|-1.410|-4.886,-1.0785,-0.8867,1,0, South,0.6061
Nelson Mandela,birth_country,name_lens,6-8,subject_all,4, was,0,3,-7.5107,0.0,-3.3744,-7.5107,-4.1363,-1.079|-0.136|-1.410|-4.886,-1.0785,-0.8867,1,0, South,0.6061
Nelson Mandela,birth_country,name_lens,6-8,subject_all,5, born,0,3,-7.5107,0.0,-3.3744,-7.5107,-4.1363,-1.079|-0.136|-1.410|-4.886,-1.0785,-0.8867,1,0, South,0.6061
Nelson Mandela,birth_country,name_lens,6-8,subject_all,6, in,0,3,-7.5107,0.0,-3.3744,-7.5107,-4.1363,-1.079|-0.136|-1.410|-4.886,-1.0785,-0.8867,1,0, South,0.6061
Nelson Mandela,birth_country,name_lens,6-8,subject_all,7, the,0,3,-7.5107,0.0,-3.3744,-7.5107,-4.1363,-1.079|-0.136|-1.410|-4.886,-1.0785,-0.8867,1,0, South,0.6061
Nelson Mandela,birth_country,name_lens,6-8,subject_all,8, country,0,3,-7.5107,0.0,-3.3744,-7.5107,-4.1363,-1.079|-0.136|-1.410|-4.886,-1.0785,-0.8867,1,0, South,0.6061
Nelson Mandela,birth_country,name_lens,6-8,subject_all,9, of,0,3,-7.5107,0.0,-3.3744,-7.5107,-4.1363,-1.079|-0.136|-1.410|-4.886,-1.0785,-0.8867,1,0, South,0.6061
Nelson Mandela,birth_country,name_lens,6-8,subject_all,0,<|startoftext|>,0,4,-7.5107,0.0,-3.3744,-7.5107,-4.1363,-1.079|-0.136|-1.410|-4.886,-1.0785,-0.8867,1,0, South,0.6061
Nelson Mandela,birth_country,name_lens,6-8,subject_all,1,Nel,1,4,-7.5107,0.0,-3.3744,-7.5107,-4.1363,-1.079|-0.136|-1.410|-4.886,-1.0785,-0.8867,1,0, South,0.6061
Nelson Mandela,birth_country,name_lens,6-8,subject_all,2,son,1,4,-7.5107,0.0,-3.3744,-7.5107,-4.1363,-1.079|-0.136|-1.410|-4.886,-1.0785,-0.8867,1,0, South,0.6061
Nelson Mandela,birth_country,name_lens,6-8,subject_all,3, Mandela,1,4,-7.5107,0.0,-3.3744,-7.5107,-4.1363,-1.079|-0.136|-1.410|-4.886,-1.0785,-0.8867,1,0, South,0.6061
Nelson Mandela,birth_country,name_lens,6-8,subject_all,4, was,0,4,-7.5107,0.0,-3.3744,-7.5107,-4.1363,-1.079|-0.136|-1.410|-4.886,-1.0785,-0.8867,1,0, South,0.6061
Nelson Mandela,birth_country,name_lens,6-8,subject_all,5, born,0,4,-7.5107,0.0,-3.3744,-7.5107,-4.1363,-1.079|-0.136|-1.410|-4.886,-1.0785,-0.8867,1,0, South,0.6061
Nelson Mandela,birth_country,name_lens,6-8,subject_all,6, in,0,4,-7.5107,0.0,-3.3744,-7.5107,-4.1363,-1.079|-0.136|-1.410|-4.886,-1.0785,-0.8867,1,0, South,0.6061
Nelson Mandela,birth_country,name_lens,6-8,subject_all,7, the,0,4,-7.5107,0.0,-3.3744,-7.5107,-4.1363,-1.079|-0.136|-1.410|-4.886,-1.0785,-0.8867,1,0, South,0.6061
Nelson Mandela,birth_country,name_lens,6-8,subject_all,8, country,0,4,-7.5107,0.0,-3.3744,-7.5107,-4.1363,-1.079|-0.136|-1.410|-4.886,-1.0785,-0.8867,1,0, South,0.6061
Nelson Mandela,birth_country,name_lens,6-8,subject_all,9, of,0,4,-7.5107,0.0,-3.3744,-7.5107,-4.1363,-1.079|-0.136|-1.410|-4.886,-1.0785,-0.8867,1,0, South,0.6061
Nelson Mandela,birth_country,name_lens,6-8,subject_all,0,<|startoftext|>,0,5,-7.5107,0.0,-3.3744,-7.5107,-4.1363,-1.079|-0.136|-1.410|-4.886,-1.0785,-0.8867,1,0, South,0.6061
Nelson Mandela,birth_country,name_lens,6-8,subject_all,1,Nel,1,5,-7.5107,0.0,-3.3744,-7.5107,-4.1363,-1.079|-0.136|-1.410|-4.886,-1.0785,-0.8867,1,0, South,0.6061
Nelson Mandela,birth_country,name_lens,6-8,subject_all,2,son,1,5,-7.5107,0.0,-3.3744,-7.5107,-4.1363,-1.079|-0.136|-1.410|-4.886,-1.0785,-0.8867,1,0, South,0.6061
Nelson Mandela,birth_country,name_lens,6-8,subject_all,3, Mandela,1,5,-7.5107,0.0,-3.3744,-7.5107,-4.1363,-1.079|-0.136|-1.410|-4.886,-1.0785,-0.8867,1,0, South,0.6061
Nelson Mandela,birth_country,name_lens,6-8,subject_all,4, was,0,5,-7.5107,0.0,-3.3744,-7.5107,-4.1363,-1.079|-0.136|-1.410|-4.886,-1.0785,-0.8867,1,0, South,0.6061
Nelson Mandela,birth_country,name_lens,6-8,subject_all,5, born,0,5,-7.5107,0.0,-3.3744,-7.5107,-4.1363,-1.079|-0.136|-1.410|-4.886,-1.0785,-0.8867,1,0, South,0.6061
Nelson Mandela,birth_country,name_lens,6-8,subject_all,6, in,0,5,-7.5107,0.0,-3.3744,-7.5107,-4.1363,-1.079|-0.136|-1.410|-4.886,-1.0785,-0.8867,1,0, South,0.6061
Nelson Mandela,birth_country,name_lens,6-8,subject_all,7, the,0,5,-7.5107,0.0,-3.3744,-7.5107,-4.1363,-1.079|-0.136|-1.410|-4.886,-1.0785,-0.8867,1,0, South,0.6061
Nelson Mandela,birth_country,name_lens,6-8,subject_all,8, country,0,5,-7.5107,0.0,-3.3744,-7.5107,-4.1363,-1.079|-0.136|-1.410|-4.886,-1.0785,-0.8867,1,0, South,0.6061
Nelson Mandela,birth_country,name_lens,6-8,subject_all,9, of,0,5,-7.5107,0.0,-3.3744,-7.5107,-4.1363,-1.079|-0.136|-1.410|-4.886,-1.0785,-0.8867,1,0, South,0.6061
Nelson Mandela,birth_country,name_lens,6-8,subject_all,0,<|startoftext|>,0,6,-7.5107,0.0,-3.3744,-7.5107,-4.1363,-1.079|-0.136|-1.410|-4.886,-1.0785,-0.8867,1,0, South,0.6061
Nelson Mandela,birth_country,name_lens,6-8,subject_all,1,Nel,1,6,-7.5107,0.9437,-3.3744,-3.6072,-0.2328,-0.227|-0.084|-1.269|-2.026,-0.2272,-0.0353,1,0, South,0.0305
Nelson Mandela,birth_country,name_lens,6-8,subject_all,2,son,1,6,-7.5107,-0.2389,-3.3744,-8.4989,-5.1245,-1.033|-0.129|-1.409|-5.927,-1.0328,-0.8409,1,0, South,0.5734
Nelson Mandela,birth_country,name_lens,6-8,subject_all,3, Mandela,1,6,-7.5107,-0.0397,-3.3744,-7.6748,-4.3004,-1.094|-0.149|-1.372|-5.059,-1.0941,-0.9022,1,0, South,0.6208
Nelson Mandela,birth_country,name_lens,6-8,subject_all,4, was,0,6,-7.5107,0.0,-3.3744,-7.5107,-4.1363,-1.079|-0.136|-1.410|-4.886,-1.0785,-0.8867,1,0, South,0.6061
Nelson Mandela,birth_country,name_lens,6-8,subject_all,5, born,0,6,-7.5107,0.0,-3.3744,-7.5107,-4.1363,-1.079|-0.136|-1.410|-4.886,-1.0785,-0.8867,1,0, South,0.6061
Nelson Mandela,birth_country,name_lens,6-8,subject_all,6, in,0,6,-7.5107,0.0,-3.3744,-7.5107,-4.1363,-1.079|-0.136|-1.410|-4.886,-1.0785,-0.8867,1,0, South,0.6061
Nelson Mandela,birth_country,name_lens,6-8,subject_all,7, the,0,6,-7.5107,0.0,-3.3744,-7.5107,-4.1363,-1.079|-0.136|-1.410|-4.886,-1.0785,-0.8867,1,0, South,0.6061
Nelson Mandela,birth_country,name_lens,6-8,subject_all,8, country,0,6,-7.5107,0.0,-3.3744,-7.5107,-4.1363,-1.079|-0.136|-1.410|-4.886,-1.0785,-0.8867,1,0, South,0.6061
Nelson Mandela,birth_country,name_lens,6-8,subject_all,9, of,0,6,-7.5107,0.0,-3.3744,-7.5107,-4.1363,-1.079|-0.136|-1.410|-4.886,-1.0785,-0.8867,1,0, South,0.6061
Nelson Mandela,birth_country,name_lens,6-8,subject_all,0,<|startoftext|>,0,7,-7.5107,0.0,-3.3744,-7.5107,-4.1363,-1.079|-0.136|-1.410|-4.886,-1.0785,-0.8867,1,0, South,0.6061
Nelson Mandela,birth_country,name_lens,6-8,subject_all,1,Nel,1,7,-7.5107,0.9137,-3.3744,-3.7313,-0.3569,-0.229|-0.092|-1.262|-2.148,-0.2291,-0.0372,1,0, South,0.0316
Nelson Mandela,birth_country,name_lens,6-8,subject_all,2,son,1,7,-7.5107,0.031,-3.3744,-7.3824,-4.008,-0.959|-0.131|-1.407|-4.886,-0.9589,-0.7671,1,0, South,0.5165
Nelson Mandela,birth_country,name_lens,6-8,subject_all,3, Mandela,1,7,-7.5107,0.0168,-3.3744,-7.4412,-4.0668,-1.159|-0.131|-1.457|-4.695,-1.1586,-0.9668,1,0, South,0.6714
Nelson Mandela,birth_country,name_lens,6-8,subject_all,4, was,0,7,-7.5107,0.254,-3.3744,-6.4602,-3.0858,-0.383|-0.123|-1.345|-4.609,-0.3833,-0.1914,1,0, South,0.1217
Nelson Mandela,birth_country,name_lens,6-8,subject_all,5, born,0,7,-7.5107,-0.2729,-3.3744,-8.6395,-5.2651,-0.999|-0.129|-1.420|-6.092,-0.9986,-0.8068,1,0, South,0.5486
Nelson Mandela,birth_country,name_lens,6-8,subject_all,6, in,0,7,-7.5107,-0.0074,-3.3744,-7.5414,-4.167,-1.088|-0.140|-1.421|-4.893,-1.0884,-0.8965,1,0, South,0.6142
Nelson Mandela,birth_country,name_lens,6-8,subject_all,7, the,0,7,-7.5107,0.0021,-3.3744,-7.5022,-4.1278,-1.035|-0.125|-1.425|-4.917,-1.0346,-0.8428,1,0, South,0.5736
Nelson Mandela,birth_country,name_lens,6-8,subject_all,8, country,0,7,-7.5107,0.0084,-3.3744,-7.4759,-4.1015,-0.994|-0.129|-1.409|-4.944,-0.9943,-0.8025,1,0, South,0.5439
Nelson Mandela,birth_country,name_lens,6-8,subject_all,9, of,0,7,-7.5107,0.1674,-3.3744,-6.8183,-3.4439,-0.607|-0.126|-1.371|-4.714,-0.6073,-0.4155,1,0, South,0.2527
Nelson Mandela,birth_country,name_lens,6-8,subject_all,0,<|startoftext|>,0,8,-7.5107,0.0,-3.3744,-7.5107,-4.1363,-1.079|-0.136|-1.410|-4.886,-1.0785,-0.8867,1,0, South,0.6061
Nelson Mandela,birth_country,name_lens,6-8,subject_all,1,Nel,1,8,-7.5107,0.9421,-3.3744,-3.6138,-0.2395,-0.210|-0.106|-1.255|-2.044,-0.2097,-0.0179,1,0, South,0.019
Nelson Mandela,birth_country,name_lens,6-8,subject_all,2,son,1,8,-7.5107,0.2957,-3.3744,-6.2876,-2.9132,-0.586|-0.122|-1.332|-4.248,-0.5859,-0.394,1,0, South,0.2485
Nelson Mandela,birth_country,name_lens,6-8,subject_all,3, Mandela,1,8,-7.5107,0.0168,-3.3744,-7.4413,-4.0669,-1.191|-0.100|-1.357|-4.793,-1.1907,-0.9989,1,0, South,0.6816
Nelson Mandela,birth_country,name_lens,6-8,subject_all,4, was,0,8,-7.5107,0.1571,-3.3744,-6.861,-3.4866,-0.871|-0.136|-1.314|-4.541,-0.871,-0.6791,1,0, South,0.446
Nelson Mandela,birth_country,name_lens,6-8,subject_all,5, born,0,8,-7.5107,0.0442,-3.3744,-7.3278,-3.9535,-0.906|-0.131|-1.355|-4.935,-0.9061,-0.7143,1,0, South,0.4729
Nelson Mandela,birth_country,name_lens,6-8,subject_all,6, in,0,8,-7.5107,0.0126,-3.3744,-7.4586,-4.0842,-1.034|-0.129|-1.421|-4.875,-1.0341,-0.8423,1,0, South,0.5722
Nelson Mandela,birth_country,name_lens,6-8,subject_all,7, the,0,8,-7.5107,0.0609,-3.3744,-7.2587,-3.8843,-1.005|-0.129|-1.411|-4.713,-1.0052,-0.8134,1,0, South,0.5532
Nelson Mandela,birth_country,name_lens,6-8,subject_all,8, country,0,8,-7.5107,0.1598,-3.3744,-6.8498,-3.4754,-0.577|-0.137|-1.367|-4.769,-0.5772,-0.3853,1,0, South,0.231
Nelson Mandela,birth_country,name_lens,6-8,subject_all,9, of,0,8,-7.5107,0.2096,-3.3744,-6.6437,-3.2693,-0.225|-0.112|-1.325|-4.982,-0.225,-0.0331,1,0, South,0.0586
Nelson Mandela,birth_country,name_lens,6-8,subject_all,0,<|startoftext|>,0,9,-7.5107,0.0,-3.3744,-7.5107,-4.1363,-1.079|-0.136|-1.410|-4.886,-1.0785,-0.8867,1,0, South,0.6061
Nelson Mandela,birth_country,name_lens,6-8,subject_all,1,Nel,1,9,-7.5107,0.9339,-3.3744,-3.6477,-0.2733,-0.211|-0.101|-1.291|-2.044,-0.2114,-0.0195,1,0, South,0.0234
Nelson Mandela,birth_country,name_lens,6-8,subject_all,2,son,1,9,-7.5107,0.1505,-3.3744,-6.8882,-3.5138,-0.991|-0.121|-1.430|-4.346,-0.9906,-0.7987,1,0, South,0.5426
Nelson Mandela,birth_country,name_lens,6-8,subject_all,3, Mandela,1,9,-7.5107,0.1322,-3.3744,-6.964,-3.5896,-0.662|-0.107|-1.375|-4.820,-0.6619,-0.47,1,0, South,0.2968
Nelson Mandela,birth_country,name_lens,6-8,subject_all,4, was,0,9,-7.5107,0.2458,-3.3744,-6.4941,-3.1197,-0.513|-0.117|-1.312|-4.552,-0.5127,-0.3208,1,0, South,0.1867
Nelson Mandela,birth_country,name_lens,6-8,subject_all,5, born,0,9,-7.5107,0.1996,-3.3744,-6.6849,-3.3105,-0.529|-0.129|-1.328|-4.699,-0.5288,-0.337,1,0, South,0.2003
Nelson Mandela,birth_country,name_lens,6-8,subject_all,6, in,0,9,-7.5107,-0.211,-3.3744,-8.3835,-5.0092,-1.042|-0.122|-1.398|-5.821,-1.0416,-0.8497,1,0, South,0.5789
Nelson Mandela,birth_country,name_lens,6-8,subject_all,7, the,0,9,-7.5107,0.0574,-3.3744,-7.2732,-3.8988,-1.036|-0.122|-1.385|-4.730,-1.036,-0.8441,1,0, South,0.5761
Nelson Mandela,birth_country,name_lens,6-8,subject_all,8, country,0,9,-7.5107,0.1821,-3.3744,-6.7575,-3.3831,-0.507|-0.141|-1.371|-4.739,-0.5072,-0.3153,1,0, South,0.1894
Nelson Mandela,birth_country,name_lens,6-8,subject_all,9, of,0,9,-7.5107,0.1987,-3.3744,-6.6888,-3.3144,-0.247|-0.112|-1.343|-4.987,-0.2465,-0.0547,1,0, South,0.061
Nelson Mandela,birth_country,name_lens,6-8,subject_all,0,<|startoftext|>,0,10,-7.5107,0.0,-3.3744,-7.5107,-4.1363,-1.079|-0.136|-1.410|-4.886,-1.0785,-0.8867,1,0, South,0.6061
Nelson Mandela,birth_country,name_lens,6-8,subject_all,1,Nel,1,10,-7.5107,0.9139,-3.3744,-3.7304,-0.3561,-0.231|-0.107|-1.252|-2.140,-0.2305,-0.0387,1,0, South,0.0261
Nelson Mandela,birth_country,name_lens,6-8,subject_all,2,son,1,10,-7.5107,0.3216,-3.3744,-6.1803,-2.8059,-0.489|-0.116|-1.331|-4.244,-0.4893,-0.2974,1,0, South,0.182
Nelson Mandela,birth_country,name_lens,6-8,subject_all,3, Mandela,1,10,-7.5107,0.0591,-3.3744,-7.2662,-3.8918,-0.986|-0.112|-1.362|-4.806,-0.9861,-0.7942,1,0, South,0.5333
Nelson Mandela,birth_country,name_lens,6-8,subject_all,4, was,0,10,-7.5107,0.2789,-3.3744,-6.3569,-2.9825,-0.407|-0.118|-1.299|-4.532,-0.4075,-0.2156,1,0, South,0.1227
Nelson Mandela,birth_country,name_lens,6-8,subject_all,5, born,0,10,-7.5107,0.1585,-3.3744,-6.855,-3.4806,-0.511|-0.129|-1.338|-4.877,-0.5106,-0.3188,1,0, South,0.1907
Nelson Mandela,birth_country,name_lens,6-8,subject_all,6, in,0,10,-7.5107,-0.2287,-3.3744,-8.4568,-5.0824,-1.084|-0.128|-1.422|-5.823,-1.084,-0.8921,1,0, South,0.6124
Nelson Mandela,birth_country,name_lens,6-8,subject_all,7, the,0,10,-7.5107,0.0389,-3.3744,-7.3499,-3.9755,-1.045|-0.132|-1.421|-4.752,-1.0449,-0.853,1,0, South,0.5836
Nelson Mandela,birth_country,name_lens,6-8,subject_all,8, country,0,10,-7.5107,0.2017,-3.3744,-6.6765,-3.3021,-0.427|-0.119|-1.369|-4.761,-0.4273,-0.2354,1,0, South,0.1419
Nelson Mandela,birth_country,name_lens,6-8,subject_all,9, of,0,10,-7.5107,0.2413,-3.3744,-6.5125,-3.1381,-0.248|-0.113|-1.376|-4.775,-0.2485,-0.0566,1,0, South,0.0611
Nelson Mandela,birth_country,name_lens,6-8,subject_all,0,<|startoftext|>,0,11,-7.5107,0.0,-3.3744,-7.5107,-4.1363,-1.079|-0.136|-1.410|-4.886,-1.0785,-0.8867,1,0, South,0.6061
Nelson Mandela,birth_country,name_lens,6-8,subject_all,1,Nel,1,11,-7.5107,0.9095,-3.3744,-3.7486,-0.3743,-0.226|-0.108|-1.275|-2.139,-0.2259,-0.034,1,0, South,0.0266
Nelson Mandela,birth_country,name_lens,6-8,subject_all,2,son,1,11,-7.5107,0.3075,-3.3744,-6.2386,-2.8642,-0.490|-0.124|-1.347|-4.278,-0.4897,-0.2979,1,0, South,0.1816
Nelson Mandela,birth_country,name_lens,6-8,subject_all,3, Mandela,1,11,-7.5107,0.0243,-3.3744,-7.4103,-4.0359,-1.024|-0.112|-1.393|-4.881,-1.024,-0.8322,1,0, South,0.5655
Nelson Mandela,birth_country,name_lens,6-8,subject_all,4, was,0,11,-7.5107,0.3151,-3.3744,-6.2073,-2.8329,-0.362|-0.116|-1.276|-4.453,-0.3619,-0.17,1,0, South,0.0997
Nelson Mandela,birth_country,name_lens,6-8,subject_all,5, born,0,11,-7.5107,0.1874,-3.3744,-6.7355,-3.3611,-0.536|-0.128|-1.326|-4.746,-0.5356,-0.3437,1,0, South,0.2048
Nelson Mandela,birth_country,name_lens,6-8,subject_all,6, in,0,11,-7.5107,0.0604,-3.3744,-7.2609,-3.8865,-1.079|-0.124|-1.408|-4.649,-1.0792,-0.8873,1,0, South,0.6072
Nelson Mandela,birth_country,name_lens,6-8,subject_all,7, the,0,11,-7.5107,0.0068,-3.3744,-7.4826,-4.1082,-1.037|-0.128|-1.425|-4.893,-1.0369,-0.845,1,0, South,0.578
Nelson Mandela,birth_country,name_lens,6-8,subject_all,8, country,0,11,-7.5107,0.1836,-3.3744,-6.7513,-3.3769,-0.406|-0.122|-1.373|-4.850,-0.4064,-0.2146,1,0, South,0.1324
Nelson Mandela,birth_country,name_lens,6-8,subject_all,9, of,0,11,-7.5107,0.2647,-3.3744,-6.416,-3.0416,-0.243|-0.119|-1.375|-4.680,-0.2426,-0.0508,1,0, South,0.0584
Nelson Mandela,birth_country,name_lens,6-8,subject_all,0,<|startoftext|>,0,12,-7.5107,0.0,-3.3744,-7.5107,-4.1363,-1.079|-0.136|-1.410|-4.886,-1.0785,-0.8867,1,0, South,0.6061
Nelson Mandela,birth_country,name_lens,6-8,subject_all,1,Nel,1,12,-7.5107,0.9008,-3.3744,-3.7846,-0.4102,-0.230|-0.110|-1.261|-2.184,-0.2298,-0.0379,1,0, South,0.0269
Nelson Mandela,birth_country,name_lens,6-8,subject_all,2,son,1,12,-7.5107,0.3144,-3.3744,-6.2104,-2.836,-0.492|-0.130|-1.332|-4.256,-0.4924,-0.3006,1,0, South,0.1834
Nelson Mandela,birth_country,name_lens,6-8,subject_all,3, Mandela,1,12,-7.5107,0.0917,-3.3744,-7.1316,-3.7572,-0.835|-0.115|-1.365|-4.817,-0.8348,-0.6429,1,0, South,0.4244
Nelson Mandela,birth_country,name_lens,6-8,subject_all,4, was,0,12,-7.5107,0.3081,-3.3744,-6.2361,-2.8617,-0.413|-0.107|-1.261|-4.456,-0.4125,-0.2207,1,0, South,0.1262
Nelson Mandela,birth_country,name_lens,6-8,subject_all,5, born,0,12,-7.5107,0.1438,-3.3744,-6.9161,-3.5417,-0.536|-0.133|-1.337|-4.910,-0.5359,-0.344,1,0, South,0.205
Nelson Mandela,birth_country,name_lens,6-8,subject_all,6, in,0,12,-7.5107,0.0089,-3.3744,-7.4739,-4.0995,-1.050|-0.126|-1.416|-4.882,-1.0497,-0.8579,1,0, South,0.5835
Nelson Mandela,birth_country,name_lens,6-8,subject_all,7, the,0,12,-7.5107,0.07,-3.3744,-7.2212,-3.8468,-1.032|-0.125|-1.434|-4.631,-1.0321,-0.8403,1,0, South,0.5723
Nelson Mandela,birth_country,name_lens,6-8,subject_all,8, country,0,12,-7.5107,0.1885,-3.3744,-6.7311,-3.3568,-0.389|-0.117|-1.340|-4.886,-0.3886,-0.1968,1,0, South,0.1258
Nelson Mandela,birth_country,name_lens,6-8,subject_all,9, of,0,12,-7.5107,0.2448,-3.3744,-6.4983,-3.1239,-0.234|-0.116|-1.374|-4.774,-0.2341,-0.0423,1,0, South,0.0554
Nelson Mandela,birth_country,name_lens,6-8,subject_all,0,<|startoftext|>,0,13,-7.5107,0.0,-3.3744,-7.5107,-4.1363,-1.079|-0.136|-1.410|-4.886,-1.0785,-0.8867,1,0, South,0.6061
Nelson Mandela,birth_country,name_lens,6-8,subject_all,1,Nel,1,13,-7.5107,0.8482,-3.3744,-4.0023,-0.6279,-0.234|-0.118|-1.287|-2.364,-0.234,-0.0421,1,0, South,0.0279
Nelson Mandela,birth_country,name_lens,6-8,subject_all,2,son,1,13,-7.5107,0.2763,-3.3744,-6.3679,-2.9935,-0.592|-0.129|-1.347|-4.300,-0.5917,-0.3998,1,0, South,0.2513
Nelson Mandela,birth_country,name_lens,6-8,subject_all,3, Mandela,1,13,-7.5107,0.0673,-3.3744,-7.2323,-3.8579,-0.927|-0.109|-1.396|-4.801,-0.9265,-0.7346,1,0, South,0.4924
Nelson Mandela,birth_country,name_lens,6-8,subject_all,4, was,0,13,-7.5107,0.2906,-3.3744,-6.3087,-2.9343,-0.419|-0.117|-1.278|-4.495,-0.4186,-0.2267,1,0, South,0.1263
Nelson Mandela,birth_country,name_lens,6-8,subject_all,5, born,0,13,-7.5107,-0.1191,-3.3744,-8.0032,-4.6288,-0.531|-0.133|-1.296|-6.043,-0.5314,-0.3395,1,0, South,0.2011
Nelson Mandela,birth_country,name_lens,6-8,subject_all,6, in,0,13,-7.5107,0.059,-3.3744,-7.2666,-3.8922,-1.015|-0.128|-1.362|-4.762,-1.0149,-0.8231,1,0, South,0.5573
Nelson Mandela,birth_country,name_lens,6-8,subject_all,7, the,0,13,-7.5107,-0.2411,-3.3744,-8.5081,-5.1337,-1.039|-0.122|-1.431|-5.917,-1.0388,-0.847,1,0, South,0.5775
Nelson Mandela,birth_country,name_lens,6-8,subject_all,8, country,0,13,-7.5107,0.1542,-3.3744,-6.8728,-3.4984,-0.423|-0.123|-1.381|-4.946,-0.423,-0.2312,1,0, South,0.1405
Nelson Mandela,birth_country,name_lens,6-8,subject_all,9, of,0,13,-7.5107,0.257,-3.3744,-6.4477,-3.0733,-0.232|-0.119|-1.375|-4.721,-0.2323,-0.0405,1,0, South,0.0548
Nelson Mandela,birth_country,name_lens,6-8,subject_all,0,<|startoftext|>,0,14,-7.5107,0.0,-3.3744,-7.5107,-4.1363,-1.079|-0.136|-1.410|-4.886,-1.0785,-0.8867,1,0, South,0.6061
Nelson Mandela,birth_country,name_lens,6-8,subject_all,1,Nel,1,14,-7.5107,0.8813,-3.3744,-3.8654,-0.491,-0.274|-0.106|-1.344|-2.141,-0.2744,-0.0825,1,0, South,0.0416
Nelson Mandela,birth_country,name_lens,6-8,subject_all,2,son,1,14,-7.5107,0.2088,-3.3744,-6.6471,-3.2727,-0.677|-0.124|-1.376|-4.470,-0.6767,-0.4849,1,0, South,0.3074
Nelson Mandela,birth_country,name_lens,6-8,subject_all,3, Mandela,1,14,-7.5107,0.0699,-3.3744,-7.2214,-3.847,-0.796|-0.106|-1.375|-4.944,-0.7956,-0.6038,1,0, South,0.3958
Nelson Mandela,birth_country,name_lens,6-8,subject_all,4, was,0,14,-7.5107,0.266,-3.3744,-6.4106,-3.0362,-0.500|-0.129|-1.315|-4.467,-0.4998,-0.308,1,0, South,0.1728
Nelson Mandela,birth_country,name_lens,6-8,subject_all,5, born,0,14,-7.5107,0.0711,-3.3744,-7.2166,-3.8422,-0.850|-0.139|-1.393|-4.835,-0.8501,-0.6582,1,0, South,0.4313
Nelson Mandela,birth_country,name_lens,6-8,subject_all,6, in,0,14,-7.5107,-0.2202,-3.3744,-8.4216,-5.0473,-0.995|-0.126|-1.385|-5.916,-0.9951,-0.8032,1,0, South,0.542
Nelson Mandela,birth_country,name_lens,6-8,subject_all,7, the,0,14,-7.5107,0.0512,-3.3744,-7.2987,-3.9243,-1.031|-0.128|-1.389|-4.750,-1.0315,-0.8396,1,0, South,0.5735
Nelson Mandela,birth_country,name_lens,6-8,subject_all,8, country,0,14,-7.5107,0.1899,-3.3744,-6.7252,-3.3508,-0.446|-0.112|-1.396|-4.771,-0.4462,-0.2543,1,0, South,0.1511
Nelson Mandela,birth_country,name_lens,6-8,subject_all,9, of,0,14,-7.5107,0.3026,-3.3744,-6.259,-2.8847,-0.176|-0.100|-1.336|-4.647,-0.1757,0.0162,1,0, South,0.0296
Nelson Mandela,birth_country,name_lens,6-8,subject_all,0,<|startoftext|>,0,15,-7.5107,0.0,-3.3744,-7.5107,-4.1363,-1.079|-0.136|-1.410|-4.886,-1.0785,-0.8867,1,0, South,0.6061
Nelson Mandela,birth_country,name_lens,6-8,subject_all,1,Nel,1,15,-7.5107,0.7607,-3.3744,-4.3644,-0.99,-0.291|-0.105|-1.261|-2.708,-0.2907,-0.0989,1,0, South,0.0568
Nelson Mandela,birth_country,name_lens,6-8,subject_all,2,son,1,15,-7.5107,0.01,-3.3744,-7.4695,-4.0951,-0.999|-0.126|-1.402|-4.942,-0.9993,-0.8074,1,0, South,0.5473
Nelson Mandela,birth_country,name_lens,6-8,subject_all,3, Mandela,1,15,-7.5107,0.0669,-3.3744,-7.2341,-3.8597,-0.798|-0.104|-1.401|-4.932,-0.7977,-0.6059,1,0, South,0.3964
Nelson Mandela,birth_country,name_lens,6-8,subject_all,4, was,0,15,-7.5107,0.1271,-3.3744,-6.9848,-3.6104,-0.991|-0.134|-1.318|-4.542,-0.9913,-0.7994,1,0, South,0.5253
Nelson Mandela,birth_country,name_lens,6-8,subject_all,5, born,0,15,-7.5107,0.07,-3.3744,-7.2211,-3.8467,-0.893|-0.140|-1.371|-4.818,-0.8926,-0.7008,1,0, South,0.4599
Nelson Mandela,birth_country,name_lens,6-8,subject_all,6, in,0,15,-7.5107,0.0582,-3.3744,-7.2699,-3.8956,-0.996|-0.128|-1.382|-4.763,-0.9963,-0.8044,1,0, South,0.5414
Nelson Mandela,birth_country,name_lens,6-8,subject_all,7, the,0,15,-7.5107,-0.0125,-3.3744,-7.5626,-4.1882,-1.031|-0.123|-1.434|-4.975,-1.0308,-0.8389,1,0, South,0.5716
Nelson Mandela,birth_country,name_lens,6-8,subject_all,8, country,0,15,-7.5107,0.1659,-3.3744,-6.8244,-3.45,-0.433|-0.123|-1.395|-4.872,-0.4331,-0.2412,1,0, South,0.1374
Nelson Mandela,birth_country,name_lens,6-8,subject_all,9, of,0,15,-7.5107,0.2703,-3.3744,-6.3927,-3.0183,-0.174|-0.092|-1.349|-4.777,-0.1745,0.0174,1,0, South,0.0231
Nelson Mandela,birth_country,name_lens,6-8,subject_all,0,<|startoftext|>,0,16,-7.5107,0.0,-3.3744,-7.5107,-4.1363,-1.079|-0.136|-1.410|-4.886,-1.0785,-0.8867,1,0, South,0.6061
Nelson Mandela,birth_country,name_lens,6-8,subject_all,1,Nel,1,16,-7.5107,0.1298,-3.3744,-6.974,-3.5996,-0.989|-0.126|-1.402|-4.458,-0.9887,-0.7968,1,0, South,0.5366
Nelson Mandela,birth_country,name_lens,6-8,subject_all,2,son,1,16,-7.5107,-0.25,-3.3744,-8.5447,-5.1703,-1.025|-0.128|-1.409|-5.982,-1.0245,-0.8326,1,0, South,0.5654
Nelson Mandela,birth_country,name_lens,6-8,subject_all,3, Mandela,1,16,-7.5107,0.0716,-3.3744,-7.2144,-3.84,-0.816|-0.110|-1.402|-4.886,-0.8164,-0.6246,1,0, South,0.416
Nelson Mandela,birth_country,name_lens,6-8,subject_all,4, was,0,16,-7.5107,0.1057,-3.3744,-7.0737,-3.6993,-1.030|-0.126|-1.366|-4.552,-1.0298,-0.8379,1,0, South,0.5532
Nelson Mandela,birth_country,name_lens,6-8,subject_all,5, born,0,16,-7.5107,0.0514,-3.3744,-7.2979,-3.9236,-0.987|-0.137|-1.350|-4.825,-0.9872,-0.7953,1,0, South,0.5307
Nelson Mandela,birth_country,name_lens,6-8,subject_all,6, in,0,16,-7.5107,0.0525,-3.3744,-7.2936,-3.9192,-0.991|-0.128|-1.412|-4.762,-0.991,-0.7992,1,0, South,0.539
Nelson Mandela,birth_country,name_lens,6-8,subject_all,7, the,0,16,-7.5107,0.05,-3.3744,-7.3038,-3.9294,-1.034|-0.129|-1.392|-4.749,-1.0338,-0.8419,1,0, South,0.5747
Nelson Mandela,birth_country,name_lens,6-8,subject_all,8, country,0,16,-7.5107,0.1443,-3.3744,-6.9139,-3.5396,-0.529|-0.134|-1.389|-4.861,-0.5289,-0.337,1,0, South,0.1871
Nelson Mandela,birth_country,name_lens,6-8,subject_all,9, of,0,16,-7.5107,0.284,-3.3744,-6.336,-2.9616,-0.158|-0.092|-1.361|-4.725,-0.1579,0.034,1,0, South,0.0215
Nelson Mandela,birth_country,name_lens,6-8,subject_all,0,<|startoftext|>,0,17,-7.5107,0.0,-3.3744,-7.5107,-4.1363,-1.079|-0.136|-1.410|-4.886,-1.0785,-0.8867,1,0, South,0.6061
Nelson Mandela,birth_country,name_lens,6-8,subject_all,1,Nel,1,17,-7.5107,0.1066,-3.3744,-7.0699,-3.6955,-1.029|-0.134|-1.427|-4.480,-1.0286,-0.8367,1,0, South,0.5674
Nelson Mandela,birth_country,name_lens,6-8,subject_all,2,son,1,17,-7.5107,-0.2671,-3.3744,-8.6154,-5.241,-1.038|-0.129|-1.423|-6.025,-1.0382,-0.8464,1,0, South,0.5742
Nelson Mandela,birth_country,name_lens,6-8,subject_all,3, Mandela,1,17,-7.5107,0.0086,-3.3744,-7.475,-4.1006,-0.925|-0.111|-1.426|-5.013,-0.925,-0.7331,1,0, South,0.4927
Nelson Mandela,birth_country,name_lens,6-8,subject_all,4, was,0,17,-7.5107,0.1,-3.3744,-7.0971,-3.7227,-0.994|-0.125|-1.316|-4.663,-0.9937,-0.8018,1,0, South,0.5298
Nelson Mandela,birth_country,name_lens,6-8,subject_all,5, born,0,17,-7.5107,0.0312,-3.3744,-7.3816,-4.0072,-0.976|-0.140|-1.400|-4.866,-0.9765,-0.7846,1,0, South,0.5229
Nelson Mandela,birth_country,name_lens,6-8,subject_all,6, in,0,17,-7.5107,0.0159,-3.3744,-7.4451,-4.0707,-0.930|-0.119|-1.416|-4.981,-0.9296,-0.7378,1,0, South,0.4953
Nelson Mandela,birth_country,name_lens,6-8,subject_all,7, the,0,17,-7.5107,-0.2879,-3.3744,-8.7015,-5.3271,-1.029|-0.130|-1.429|-6.113,-1.0294,-0.8376,1,0, South,0.5706
Nelson Mandela,birth_country,name_lens,6-8,subject_all,8, country,0,17,-7.5107,0.2044,-3.3744,-6.6652,-3.2908,-0.508|-0.128|-1.365|-4.663,-0.5085,-0.3166,1,0, South,0.1759
Nelson Mandela,birth_country,name_lens,6-8,subject_all,9, of,0,17,-7.5107,0.2262,-3.3744,-6.5752,-3.2009,-0.170|-0.086|-1.384|-4.937,-0.1696,0.0223,1,0, South,0.0124
Nelson Mandela,birth_country,name_lens,6-8,subject_all,0,<|startoftext|>,0,18,-7.5107,0.0,-3.3744,-7.5107,-4.1363,-1.079|-0.136|-1.410|-4.886,-1.0785,-0.8867,1,0, South,0.6061
Nelson Mandela,birth_country,name_lens,6-8,subject_all,1,Nel,1,18,-7.5107,-0.0065,-3.3744,-7.5374,-4.163,-0.988|-0.129|-1.429|-4.992,-0.9875,-0.7957,1,0, South,0.5398
Nelson Mandela,birth_country,name_lens,6-8,subject_all,2,son,1,18,-7.5107,-0.2522,-3.3744,-8.554,-5.1796,-1.001|-0.136|-1.430|-5.987,-1.0012,-0.8093,1,0, South,0.5485
Nelson Mandela,birth_country,name_lens,6-8,subject_all,3, Mandela,1,18,-7.5107,0.0036,-3.3744,-7.496,-4.1216,-0.920|-0.124|-1.439|-5.013,-0.92,-0.7281,1,0, South,0.4884
Nelson Mandela,birth_country,name_lens,6-8,subject_all,4, was,0,18,-7.5107,0.1006,-3.3744,-7.0944,-3.72,-0.976|-0.123|-1.337|-4.658,-0.9761,-0.7842,1,0, South,0.5286
Nelson Mandela,birth_country,name_lens,6-8,subject_all,5, born,0,18,-7.5107,0.0173,-3.3744,-7.4391,-4.0647,-1.063|-0.128|-1.392|-4.856,-1.063,-0.8712,1,0, South,0.5884
Nelson Mandela,birth_country,name_lens,6-8,subject_all,6, in,0,18,-7.5107,-0.2627,-3.3744,-8.5972,-5.2228,-0.983|-0.122|-1.401|-6.092,-0.9827,-0.7908,1,0, South,0.5314
Nelson Mandela,birth_country,name_lens,6-8,subject_all,7, the,0,18,-7.5107,0.0441,-3.3744,-7.3285,-3.9541,-1.044|-0.125|-1.387|-4.773,-1.0439,-0.8521,1,0, South,0.581
Nelson Mandela,birth_country,name_lens,6-8,subject_all,8, country,0,18,-7.5107,-0.0541,-3.3744,-7.7344,-4.3601,-1.186|-0.148|-1.460|-4.941,-1.1856,-0.9937,1,0, South,0.6707
Nelson Mandela,birth_country,name_lens,6-8,subject_all,9, of,0,18,-7.5107,0.2586,-3.3744,-6.441,-3.0666,-0.181|-0.095|-1.384|-4.782,-0.1805,0.0114,1,0, South,0.0077
Nelson Mandela,birth_country,name_lens,6-8,subject_all,0,<|startoftext|>,0,19,-7.5107,0.0,-3.3744,-7.5107,-4.1363,-1.079|-0.136|-1.410|-4.886,-1.0785,-0.8867,1,0, South,0.6061
Nelson Mandela,birth_country,name_lens,6-8,subject_all,1,Nel,1,19,-7.5107,0.0367,-3.3744,-7.3587,-3.9844,-1.033|-0.129|-1.461|-4.736,-1.0328,-0.841,1,0, South,0.5723
Nelson Mandela,birth_country,name_lens,6-8,subject_all,2,son,1,19,-7.5107,-0.255,-3.3744,-8.5654,-5.191,-1.035|-0.129|-1.425|-5.976,-1.0351,-0.8432,1,0, South,0.5727
Nelson Mandela,birth_country,name_lens,6-8,subject_all,3, Mandela,1,19,-7.5107,0.0214,-3.3744,-7.4224,-4.048,-0.914|-0.119|-1.438|-4.952,-0.9135,-0.7217,1,0, South,0.483
Nelson Mandela,birth_country,name_lens,6-8,subject_all,4, was,0,19,-7.5107,0.0553,-3.3744,-7.282,-3.9077,-1.007|-0.131|-1.344|-4.800,-1.0071,-0.8152,1,0, South,0.5509
Nelson Mandela,birth_country,name_lens,6-8,subject_all,5, born,0,19,-7.5107,0.0275,-3.3744,-7.397,-4.0227,-1.057|-0.143|-1.371|-4.826,-1.0574,-0.8655,1,0, South,0.5853
Nelson Mandela,birth_country,name_lens,6-8,subject_all,6, in,0,19,-7.5107,-0.2211,-3.3744,-8.4252,-5.0508,-0.975|-0.126|-1.440|-5.884,-0.9748,-0.7829,1,0, South,0.524
Nelson Mandela,birth_country,name_lens,6-8,subject_all,7, the,0,19,-7.5107,-0.2309,-3.3744,-8.4657,-5.0913,-1.032|-0.132|-1.386|-5.915,-1.0324,-0.8405,1,0, South,0.5711
Nelson Mandela,birth_country,name_lens,6-8,subject_all,8, country,0,19,-7.5107,0.0006,-3.3744,-7.5084,-4.134,-0.994|-0.147|-1.423|-4.944,-0.9941,-0.8023,1,0, South,0.5357
Nelson Mandela,birth_country,name_lens,6-8,subject_all,9, of,0,19,-7.5107,0.2611,-3.3744,-6.4308,-3.0564,-0.185|-0.106|-1.416|-4.723,-0.1854,0.0064,1,0, South,0.0071
Nelson Mandela,birth_country,name_lens,6-8,subject_all,0,<|startoftext|>,0,20,-7.5107,0.0,-3.3744,-7.5107,-4.1363,-1.079|-0.136|-1.410|-4.886,-1.0785,-0.8867,1,0, South,0.6061
Nelson Mandela,birth_country,name_lens,6-8,subject_all,1,Nel,1,20,-7.5107,0.0293,-3.3744,-7.3894,-4.015,-1.080|-0.137|-1.406|-4.767,-1.0801,-0.8882,1,0, South,0.6069
Nelson Mandela,birth_country,name_lens,6-8,subject_all,2,son,1,20,-7.5107,-0.2593,-3.3744,-8.5833,-5.2089,-1.032|-0.129|-1.405|-6.018,-1.0316,-0.8397,1,0, South,0.572
Nelson Mandela,birth_country,name_lens,6-8,subject_all,3, Mandela,1,20,-7.5107,0.0076,-3.3744,-7.4795,-4.1051,-0.947|-0.121|-1.457|-4.955,-0.9468,-0.755,1,0, South,0.5087
Nelson Mandela,birth_country,name_lens,6-8,subject_all,4, was,0,20,-7.5107,0.0539,-3.3744,-7.2879,-3.9135,-1.011|-0.133|-1.412|-4.732,-1.0111,-0.8192,1,0, South,0.557
Nelson Mandela,birth_country,name_lens,6-8,subject_all,5, born,0,20,-7.5107,-0.2855,-3.3744,-8.6916,-5.3172,-1.095|-0.149|-1.463|-5.984,-1.0953,-0.9034,1,0, South,0.6183
Nelson Mandela,birth_country,name_lens,6-8,subject_all,6, in,0,20,-7.5107,-0.2155,-3.3744,-8.4019,-5.0275,-0.976|-0.134|-1.392|-5.900,-0.9763,-0.7845,1,0, South,0.5265
Nelson Mandela,birth_country,name_lens,6-8,subject_all,7, the,0,20,-7.5107,-0.2496,-3.3744,-8.543,-5.1686,-1.069|-0.131|-1.428|-5.914,-1.0691,-0.8772,1,0, South,0.5983
Nelson Mandela,birth_country,name_lens,6-8,subject_all,8, country,0,20,-7.5107,-0.0051,-3.3744,-7.5318,-4.1574,-1.088|-0.155|-1.435|-4.854,-1.0877,-0.8958,1,0, South,0.6071
Nelson Mandela,birth_country,name_lens,6-8,subject_all,9, of,0,20,-7.5107,-0.028,-3.3744,-7.6264,-4.252,-0.193|-0.105|-1.416|-5.912,-0.193,-0.0011,1,0, South,0.0044
Nelson Mandela,birth_country,name_lens,6-8,subject_all,0,<|startoftext|>,0,21,-7.5107,0.0,-3.3744,-7.5107,-4.1363,-1.079|-0.136|-1.410|-4.886,-1.0785,-0.8867,1,0, South,0.6061
Nelson Mandela,birth_country,name_lens,6-8,subject_all,1,Nel,1,21,-7.5107,-0.0107,-3.3744,-7.5549,-4.1805,-1.073|-0.136|-1.411|-4.935,-1.0735,-0.8816,1,0, South,0.6028
Nelson Mandela,birth_country,name_lens,6-8,subject_all,2,son,1,21,-7.5107,-0.2756,-3.3744,-8.6506,-5.2762,-1.076|-0.143|-1.396|-6.035,-1.0761,-0.8842,1,0, South,0.6037
Nelson Mandela,birth_country,name_lens,6-8,subject_all,3, Mandela,1,21,-7.5107,0.0411,-3.3744,-7.3409,-3.9665,-1.031|-0.137|-1.451|-4.722,-1.0308,-0.8389,1,0, South,0.5708
Nelson Mandela,birth_country,name_lens,6-8,subject_all,4, was,0,21,-7.5107,-0.2623,-3.3744,-8.5958,-5.2215,-1.064|-0.134|-1.416|-5.983,-1.0636,-0.8717,1,0, South,0.595
Nelson Mandela,birth_country,name_lens,6-8,subject_all,5, born,0,21,-7.5107,0.0214,-3.3744,-7.4222,-4.0478,-1.129|-0.143|-1.424|-4.727,-1.1287,-0.9369,1,0, South,0.6424
Nelson Mandela,birth_country,name_lens,6-8,subject_all,6, in,0,21,-7.5107,0.0175,-3.3744,-7.4381,-4.0637,-0.973|-0.125|-1.432|-4.908,-0.973,-0.7812,1,0, South,0.5245
Nelson Mandela,birth_country,name_lens,6-8,subject_all,7, the,0,21,-7.5107,0.0108,-3.3744,-7.4659,-4.0915,-1.001|-0.133|-1.423|-4.909,-1.0006,-0.8087,1,0, South,0.5488
Nelson Mandela,birth_country,name_lens,6-8,subject_all,8, country,0,21,-7.5107,-0.2487,-3.3744,-8.5392,-5.1648,-1.033|-0.156|-1.441|-5.910,-1.0329,-0.841,1,0, South,0.5682
Nelson Mandela,birth_country,name_lens,6-8,subject_all,9, of,0,21,-7.5107,0.2606,-3.3744,-6.4329,-3.0585,-0.188|-0.118|-1.407|-4.719,-0.1885,0.0034,1,0, South,0.0021
Nelson Mandela,birth_country,name_lens,6-8,subject_all,0,<|startoftext|>,0,22,-7.5107,0.0,-3.3744,-7.5107,-4.1363,-1.079|-0.136|-1.410|-4.886,-1.0785,-0.8867,1,0, South,0.6061
Nelson Mandela,birth_country,name_lens,6-8,subject_all,1,Nel,1,22,-7.5107,-0.0102,-3.3744,-7.5527,-4.1783,-1.079|-0.136|-1.405|-4.933,-1.0792,-0.8873,1,0, South,0.6066
Nelson Mandela,birth_country,name_lens,6-8,subject_all,2,son,1,22,-7.5107,-0.0081,-3.3744,-7.5442,-4.1698,-1.074|-0.135|-1.406|-4.930,-1.0739,-0.882,1,0, South,0.6024
Nelson Mandela,birth_country,name_lens,6-8,subject_all,3, Mandela,1,22,-7.5107,0.017,-3.3744,-7.4405,-4.0661,-1.076|-0.141|-1.397|-4.826,-1.0759,-0.884,1,0, South,0.6038
Nelson Mandela,birth_country,name_lens,6-8,subject_all,4, was,0,22,-7.5107,-0.0216,-3.3744,-7.6,-4.2256,-1.089|-0.137|-1.418|-4.956,-1.0888,-0.8969,1,0, South,0.6143
Nelson Mandela,birth_country,name_lens,6-8,subject_all,5, born,0,22,-7.5107,0.0346,-3.3744,-7.3676,-3.9932,-1.078|-0.142|-1.430|-4.718,-1.0778,-0.8859,1,0, South,0.6061
Nelson Mandela,birth_country,name_lens,6-8,subject_all,6, in,0,22,-7.5107,0.0146,-3.3744,-7.4502,-4.0758,-1.012|-0.136|-1.410|-4.892,-1.0125,-0.8206,1,0, South,0.5563
Nelson Mandela,birth_country,name_lens,6-8,subject_all,7, the,0,22,-7.5107,0.0001,-3.3744,-7.5104,-4.136,-1.051|-0.129|-1.424|-4.907,-1.0513,-0.8594,1,0, South,0.5857
Nelson Mandela,birth_country,name_lens,6-8,subject_all,8, country,0,22,-7.5107,-0.0123,-3.3744,-7.5617,-4.1873,-1.091|-0.137|-1.437|-4.897,-1.0907,-0.8988,1,0, South,0.6168
Nelson Mandela,birth_country,name_lens,6-8,subject_all,9, of,0,22,-7.5107,0.2108,-3.3744,-6.6387,-3.2643,-0.214|-0.112|-1.424|-4.889,-0.2137,-0.0218,1,0, South,0.0016
Nelson Mandela,death_year,name_lens,6-8,subject_all,-1,,,-1,-8.7648,0.0,-2.5373,-8.7648,-6.2275,-1.480|-2.672|-2.305|-2.307,-2.672,-2.3726,5,1,199,0.805
Nelson Mandela,death_year,name_lens,6-8,subject_all,0,<|startoftext|>,0,0,-8.7648,0.0,-2.5373,-8.7648,-6.2275,-1.480|-2.672|-2.305|-2.307,-2.672,-2.3726,5,1,199,0.805
Nelson Mandela,death_year,name_lens,6-8,subject_all,1,Nel,1,0,-8.7648,0.0,-2.5373,-8.7648,-6.2275,-1.480|-2.672|-2.305|-2.307,-2.672,-2.3726,5,1,199,0.805
Nelson Mandela,death_year,name_lens,6-8,subject_all,2,son,1,0,-8.7648,0.0,-2.5373,-8.7648,-6.2275,-1.480|-2.672|-2.305|-2.307,-2.672,-2.3726,5,1,199,0.805
Nelson Mandela,death_year,name_lens,6-8,subject_all,3, Mandela,1,0,-8.7648,0.0,-2.5373,-8.7648,-6.2275,-1.480|-2.672|-2.305|-2.307,-2.672,-2.3726,5,1,199,0.805
Nelson Mandela,death_year,name_lens,6-8,subject_all,4, died,0,0,-8.7648,0.0,-2.5373,-8.7648,-6.2275,-1.480|-2.672|-2.305|-2.307,-2.672,-2.3726,5,1,199,0.805
Nelson Mandela,death_year,name_lens,6-8,subject_all,5, in,0,0,-8.7648,0.0,-2.5373,-8.7648,-6.2275,-1.480|-2.672|-2.305|-2.307,-2.672,-2.3726,5,1,199,0.805
Nelson Mandela,death_year,name_lens,6-8,subject_all,6, the,0,0,-8.7648,0.0,-2.5373,-8.7648,-6.2275,-1.480|-2.672|-2.305|-2.307,-2.672,-2.3726,5,1,199,0.805
Nelson Mandela,death_year,name_lens,6-8,subject_all,7, year,0,0,-8.7648,0.0,-2.5373,-8.7648,-6.2275,-1.480|-2.672|-2.305|-2.307,-2.672,-2.3726,5,1,199,0.805
Nelson Mandela,death_year,name_lens,6-8,subject_all,0,<|startoftext|>,0,1,-8.7648,0.0,-2.5373,-8.7648,-6.2275,-1.480|-2.672|-2.305|-2.307,-2.672,-2.3726,5,1,199,0.805
Nelson Mandela,death_year,name_lens,6-8,subject_all,1,Nel,1,1,-8.7648,0.0,-2.5373,-8.7648,-6.2275,-1.480|-2.672|-2.305|-2.307,-2.672,-2.3726,5,1,199,0.805
Nelson Mandela,death_year,name_lens,6-8,subject_all,2,son,1,1,-8.7648,0.0,-2.5373,-8.7648,-6.2275,-1.480|-2.672|-2.305|-2.307,-2.672,-2.3726,5,1,199,0.805
Nelson Mandela,death_year,name_lens,6-8,subject_all,3, Mandela,1,1,-8.7648,0.0,-2.5373,-8.7648,-6.2275,-1.480|-2.672|-2.305|-2.307,-2.672,-2.3726,5,1,199,0.805
Nelson Mandela,death_year,name_lens,6-8,subject_all,4, died,0,1,-8.7648,0.0,-2.5373,-8.7648,-6.2275,-1.480|-2.672|-2.305|-2.307,-2.672,-2.3726,5,1,199,0.805
Nelson Mandela,death_year,name_lens,6-8,subject_all,5, in,0,1,-8.7648,0.0,-2.5373,-8.7648,-6.2275,-1.480|-2.672|-2.305|-2.307,-2.672,-2.3726,5,1,199,0.805
Nelson Mandela,death_year,name_lens,6-8,subject_all,6, the,0,1,-8.7648,0.0,-2.5373,-8.7648,-6.2275,-1.480|-2.672|-2.305|-2.307,-2.672,-2.3726,5,1,199,0.805
Nelson Mandela,death_year,name_lens,6-8,subject_all,7, year,0,1,-8.7648,0.0,-2.5373,-8.7648,-6.2275,-1.480|-2.672|-2.305|-2.307,-2.672,-2.3726,5,1,199,0.805
Nelson Mandela,death_year,name_lens,6-8,subject_all,0,<|startoftext|>,0,2,-8.7648,0.0,-2.5373,-8.7648,-6.2275,-1.480|-2.672|-2.305|-2.307,-2.672,-2.3726,5,1,199,0.805
Nelson Mandela,death_year,name_lens,6-8,subject_all,1,Nel,1,2,-8.7648,0.0,-2.5373,-8.7648,-6.2275,-1.480|-2.672|-2.305|-2.307,-2.672,-2.3726,5,1,199,0.805
Nelson Mandela,death_year,name_lens,6-8,subject_all,2,son,1,2,-8.7648,0.0,-2.5373,-8.7648,-6.2275,-1.480|-2.672|-2.305|-2.307,-2.672,-2.3726,5,1,199,0.805
Nelson Mandela,death_year,name_lens,6-8,subject_all,3, Mandela,1,2,-8.7648,0.0,-2.5373,-8.7648,-6.2275,-1.480|-2.672|-2.305|-2.307,-2.672,-2.3726,5,1,199,0.805
Nelson Mandela,death_year,name_lens,6-8,subject_all,4, died,0,2,-8.7648,0.0,-2.5373,-8.7648,-6.2275,-1.480|-2.672|-2.305|-2.307,-2.672,-2.3726,5,1,199,0.805
Nelson Mandela,death_year,name_lens,6-8,subject_all,5, in,0,2,-8.7648,0.0,-2.5373,-8.7648,-6.2275,-1.480|-2.672|-2.305|-2.307,-2.672,-2.3726,5,1,199,0.805
Nelson Mandela,death_year,name_lens,6-8,subject_all,6, the,0,2,-8.7648,0.0,-2.5373,-8.7648,-6.2275,-1.480|-2.672|-2.305|-2.307,-2.672,-2.3726,5,1,199,0.805
Nelson Mandela,death_year,name_lens,6-8,subject_all,7, year,0,2,-8.7648,0.0,-2.5373,-8.7648,-6.2275,-1.480|-2.672|-2.305|-2.307,-2.672,-2.3726,5,1,199,0.805
Nelson Mandela,death_year,name_lens,6-8,subject_all,0,<|startoftext|>,0,3,-8.7648,0.0,-2.5373,-8.7648,-6.2275,-1.480|-2.672|-2.305|-2.307,-2.672,-2.3726,5,1,199,0.805
Nelson Mandela,death_year,name_lens,6-8,subject_all,1,Nel,1,3,-8.7648,0.0,-2.5373,-8.7648,-6.2275,-1.480|-2.672|-2.305|-2.307,-2.672,-2.3726,5,1,199,0.805
Nelson Mandela,death_year,name_lens,6-8,subject_all,2,son,1,3,-8.7648,0.0,-2.5373,-8.7648,-6.2275,-1.480|-2.672|-2.305|-2.307,-2.672,-2.3726,5,1,199,0.805
Nelson Mandela,death_year,name_lens,6-8,subject_all,3, Mandela,1,3,-8.7648,0.0,-2.5373,-8.7648,-6.2275,-1.480|-2.672|-2.305|-2.307,-2.672,-2.3726,5,1,199,0.805
Nelson Mandela,death_year,name_lens,6-8,subject_all,4, died,0,3,-8.7648,0.0,-2.5373,-8.7648,-6.2275,-1.480|-2.672|-2.305|-2.307,-2.672,-2.3726,5,1,199,0.805
Nelson Mandela,death_year,name_lens,6-8,subject_all,5, in,0,3,-8.7648,0.0,-2.5373,-8.7648,-6.2275,-1.480|-2.672|-2.305|-2.307,-2.672,-2.3726,5,1,199,0.805
Nelson Mandela,death_year,name_lens,6-8,subject_all,6, the,0,3,-8.7648,0.0,-2.5373,-8.7648,-6.2275,-1.480|-2.672|-2.305|-2.307,-2.672,-2.3726,5,1,199,0.805
Nelson Mandela,death_year,name_lens,6-8,subject_all,7, year,0,3,-8.7648,0.0,-2.5373,-8.7648,-6.2275,-1.480|-2.672|-2.305|-2.307,-2.672,-2.3726,5,1,199,0.805
Nelson Mandela,death_year,name_lens,6-8,subject_all,0,<|startoftext|>,0,4,-8.7648,0.0,-2.5373,-8.7648,-6.2275,-1.480|-2.672|-2.305|-2.307,-2.672,-2.3726,5,1,199,0.805
Nelson Mandela,death_year,name_lens,6-8,subject_all,1,Nel,1,4,-8.7648,0.0,-2.5373,-8.7648,-6.2275,-1.480|-2.672|-2.305|-2.307,-2.672,-2.3726,5,1,199,0.805
Nelson Mandela,death_year,name_lens,6-8,subject_all,2,son,1,4,-8.7648,0.0,-2.5373,-8.7648,-6.2275,-1.480|-2.672|-2.305|-2.307,-2.672,-2.3726,5,1,199,0.805
Nelson Mandela,death_year,name_lens,6-8,subject_all,3, Mandela,1,4,-8.7648,0.0,-2.5373,-8.7648,-6.2275,-1.480|-2.672|-2.305|-2.307,-2.672,-2.3726,5,1,199,0.805
Nelson Mandela,death_year,name_lens,6-8,subject_all,4, died,0,4,-8.7648,0.0,-2.5373,-8.7648,-6.2275,-1.480|-2.672|-2.305|-2.307,-2.672,-2.3726,5,1,199,0.805
Nelson Mandela,death_year,name_lens,6-8,subject_all,5, in,0,4,-8.7648,0.0,-2.5373,-8.7648,-6.2275,-1.480|-2.672|-2.305|-2.307,-2.672,-2.3726,5,1,199,0.805
Nelson Mandela,death_year,name_lens,6-8,subject_all,6, the,0,4,-8.7648,0.0,-2.5373,-8.7648,-6.2275,-1.480|-2.672|-2.305|-2.307,-2.672,-2.3726,5,1,199,0.805
Nelson Mandela,death_year,name_lens,6-8,subject_all,7, year,0,4,-8.7648,0.0,-2.5373,-8.7648,-6.2275,-1.480|-2.672|-2.305|-2.307,-2.672,-2.3726,5,1,199,0.805
Nelson Mandela,death_year,name_lens,6-8,subject_all,0,<|startoftext|>,0,5,-8.7648,0.0,-2.5373,-8.7648,-6.2275,-1.480|-2.672|-2.305|-2.307,-2.672,-2.3726,5,1,199,0.805
Nelson Mandela,death_year,name_lens,6-8,subject_all,1,Nel,1,5,-8.7648,0.0,-2.5373,-8.7648,-6.2275,-1.480|-2.672|-2.305|-2.307,-2.672,-2.3726,5,1,199,0.805
Nelson Mandela,death_year,name_lens,6-8,subject_all,2,son,1,5,-8.7648,0.0,-2.5373,-8.7648,-6.2275,-1.480|-2.672|-2.305|-2.307,-2.672,-2.3726,5,1,199,0.805
Nelson Mandela,death_year,name_lens,6-8,subject_all,3, Mandela,1,5,-8.7648,0.0,-2.5373,-8.7648,-6.2275,-1.480|-2.672|-2.305|-2.307,-2.672,-2.3726,5,1,199,0.805
Nelson Mandela,death_year,name_lens,6-8,subject_all,4, died,0,5,-8.7648,0.0,-2.5373,-8.7648,-6.2275,-1.480|-2.672|-2.305|-2.307,-2.672,-2.3726,5,1,199,0.805
Nelson Mandela,death_year,name_lens,6-8,subject_all,5, in,0,5,-8.7648,0.0,-2.5373,-8.7648,-6.2275,-1.480|-2.672|-2.305|-2.307,-2.672,-2.3726,5,1,199,0.805
Nelson Mandela,death_year,name_lens,6-8,subject_all,6, the,0,5,-8.7648,0.0,-2.5373,-8.7648,-6.2275,-1.480|-2.672|-2.305|-2.307,-2.672,-2.3726,5,1,199,0.805
Nelson Mandela,death_year,name_lens,6-8,subject_all,7, year,0,5,-8.7648,0.0,-2.5373,-8.7648,-6.2275,-1.480|-2.672|-2.305|-2.307,-2.672,-2.3726,5,1,199,0.805
Nelson Mandela,death_year,name_lens,6-8,subject_all,0,<|startoftext|>,0,6,-8.7648,0.0,-2.5373,-8.7648,-6.2275,-1.480|-2.672|-2.305|-2.307,-2.672,-2.3726,5,1,199,0.805
Nelson Mandela,death_year,name_lens,6-8,subject_all,1,Nel,1,6,-8.7648,0.3754,-2.5373,-6.4271,-3.8898,-1.297|-1.224|-2.035|-1.871,-1.2239,-0.9245,1,0,201,0.6355
Nelson Mandela,death_year,name_lens,6-8,subject_all,2,son,1,6,-8.7648,0.043,-2.5373,-8.4969,-5.9596,-1.440|-2.556|-2.287|-2.214,-2.5564,-2.257,3,1,199,0.7776
Nelson Mandela,death_year,name_lens,6-8,subject_all,3, Mandela,1,6,-8.7648,0.1076,-2.5373,-8.0945,-5.5572,-1.487|-2.318|-2.100|-2.189,-2.3184,-2.019,3,1,199,0.8125
Nelson Mandela,death_year,name_lens,6-8,subject_all,4, died,0,6,-8.7648,0.0,-2.5373,-8.7648,-6.2275,-1.480|-2.672|-2.305|-2.307,-2.672,-2.3726,5,1,199,0.805
Nelson Mandela,death_year,name_lens,6-8,subject_all,5, in,0,6,-8.7648,0.0,-2.5373,-8.7648,-6.2275,-1.480|-2.672|-2.305|-2.307,-2.672,-2.3726,5,1,199,0.805
Nelson Mandela,death_year,name_lens,6-8,subject_all,6, the,0,6,-8.7648,0.0,-2.5373,-8.7648,-6.2275,-1.480|-2.672|-2.305|-2.307,-2.672,-2.3726,5,1,199,0.805
Nelson Mandela,death_year,name_lens,6-8,subject_all,7, year,0,6,-8.7648,0.0,-2.5373,-8.7648,-6.2275,-1.480|-2.672|-2.305|-2.307,-2.672,-2.3726,5,1,199,0.805
Nelson Mandela,death_year,name_lens,6-8,subject_all,0,<|startoftext|>,0,7,-8.7648,0.0,-2.5373,-8.7648,-6.2275,-1.480|-2.672|-2.305|-2.307,-2.672,-2.3726,5,1,199,0.805
Nelson Mandela,death_year,name_lens,6-8,subject_all,1,Nel,1,7,-8.7648,0.3728,-2.5373,-6.4429,-3.9056,-0.815|-1.311|-2.056|-2.260,-1.3108,-1.0114,2,1,199,0.304
Nelson Mandela,death_year,name_lens,6-8,subject_all,2,son,1,7,-8.7648,0.0009,-2.5373,-8.7591,-6.2218,-1.607|-2.620|-2.268|-2.265,-2.6199,-2.3205,4,1,199,0.8902
Nelson Mandela,death_year,name_lens,6-8,subject_all,3, Mandela,1,7,-8.7648,0.0339,-2.5373,-8.5536,-6.0163,-1.505|-2.508|-2.270|-2.270,-2.5077,-2.2083,3,1,199,0.8179
Nelson Mandela,death_year,name_lens,6-8,subject_all,4, died,0,7,-8.7648,0.0169,-2.5373,-8.6594,-6.1221,-1.518|-2.601|-2.298|-2.243,-2.601,-2.3016,3,1,199,0.8298
Nelson Mandela,death_year,name_lens,6-8,subject_all,5, in,0,7,-8.7648,-0.0024,-2.5373,-8.7795,-6.2421,-1.548|-2.633|-2.295|-2.303,-2.6331,-2.3336,4,1,199,0.8509
Nelson Mandela,death_year,name_lens,6-8,subject_all,6, the,0,7,-8.7648,0.0072,-2.5373,-8.72,-6.1827,-1.509|-2.679|-2.250|-2.282,-2.6788,-2.3794,5,1,199,0.8204
Nelson Mandela,death_year,name_lens,6-8,subject_all,7, year,0,7,-8.7648,0.081,-2.5373,-8.2601,-5.7228,-1.497|-2.621|-2.257|-1.886,-2.6212,-2.3218,3,1,199,0.8177
Nelson Mandela,death_year,name_lens,6-8,subject_all,0,<|startoftext|>,0,8,-8.7648,0.0,-2.5373,-8.7648,-6.2275,-1.480|-2.672|-2.305|-2.307,-2.672,-2.3726,5,1,199,0.805
Nelson Mandela,death_year,name_lens,6-8,subject_all,1,Nel,1,8,-8.7648,0.6941,-2.5373,-4.4422,-1.9049,-0.296|-1.083|-1.585|-1.478,-1.0832,-0.7837,1,0,201,0.0196
Nelson Mandela,death_year,name_lens,6-8,subject_all,2,son,1,8,-8.7648,0.0743,-2.5373,-8.3018,-5.7645,-1.512|-2.256|-2.273|-2.261,-2.2557,-1.9563,3,1,199,0.8187
Nelson Mandela,death_year,name_lens,6-8,subject_all,3, Mandela,1,8,-8.7648,0.2702,-2.5373,-7.0824,-4.5451,-1.594|-1.017|-1.719|-2.752,-1.0168,-0.7173,1,0,201,0.8778
Nelson Mandela,death_year,name_lens,6-8,subject_all,4, died,0,8,-8.7648,0.1119,-2.5373,-8.0677,-5.5304,-1.433|-2.107|-2.308|-2.220,-2.1073,-1.8079,3,1,199,0.7723
Nelson Mandela,death_year,name_lens,6-8,subject_all,5, in,0,8,-8.7648,0.0066,-2.5373,-8.7237,-6.1864,-1.544|-2.655|-2.296|-2.229,-2.6547,-2.3553,4,1,199,0.8431
Nelson Mandela,death_year,name_lens,6-8,subject_all,6, the,0,8,-8.7648,0.0138,-2.5373,-8.6788,-6.1415,-1.506|-2.646|-2.250|-2.277,-2.6458,-2.3463,4,1,199,0.818
Nelson Mandela,death_year,name_lens,6-8,subject_all,7, year,0,8,-8.7648,0.1868,-2.5373,-7.6015,-5.0642,-1.362|-1.829|-2.189|-2.222,-1.8288,-1.5294,3,1,199,0.7333
Nelson Mandela,death_year,name_lens,6-8,subject_all,0,<|startoftext|>,0,9,-8.7648,0.0,-2.5373,-8.7648,-6.2275,-1.480|-2.672|-2.305|-2.307,-2.672,-2.3726,5,1,199,0.805
Nelson Mandela,death_year,name_lens,6-8,subject_all,1,Nel,1,9,-8.7648,0.6335,-2.5373,-4.8198,-2.2825,-0.384|-1.101|-1.703|-1.631,-1.1009,-0.8015,1,0,201,0.0429
Nelson Mandela,death_year,name_lens,6-8,subject_all,2,son,1,9,-8.7648,0.0902,-2.5373,-8.2031,-5.6658,-1.517|-2.220|-2.256|-2.210,-2.2197,-1.9202,3,1,199,0.8211
Nelson Mandela,death_year,name_lens,6-8,subject_all,3, Mandela,1,9,-8.7648,0.1234,-2.5373,-7.9962,-5.4589,-1.616|-2.194|-1.958|-2.228,-2.1943,-1.8949,3,1,199,0.8942
Nelson Mandela,death_year,name_lens,6-8,subject_all,4, died,0,9,-8.7648,0.1273,-2.5373,-7.972,-5.4347,-1.496|-2.064|-2.228|-2.184,-2.0643,-1.7648,3,1,199,0.8136
Nelson Mandela,death_year,name_lens,6-8,subject_all,5, in,0,9,-8.7648,0.0216,-2.5373,-8.6302,-6.0929,-1.493|-2.646|-2.262|-2.230,-2.6456,-2.3462,4,1,199,0.8069
Nelson Mandela,death_year,name_lens,6-8,subject_all,6, the,0,9,-8.7648,0.0394,-2.5373,-8.5191,-5.9818,-1.508|-2.654|-2.271|-2.087,-2.6537,-2.3543,4,1,199,0.8199
Nelson Mandela,death_year,name_lens,6-8,subject_all,7, year,0,9,-8.7648,0.1812,-2.5373,-7.6364,-5.0991,-1.674|-1.622|-2.128|-2.212,-1.6218,-1.3224,2,1,199,0.9478
Nelson Mandela,death_year,name_lens,6-8,subject_all,0,<|startoftext|>,0,10,-8.7648,0.0,-2.5373,-8.7648,-6.2275,-1.480|-2.672|-2.305|-2.307,-2.672,-2.3726,5,1,199,0.805
Nelson Mandela,death_year,name_lens,6-8,subject_all,1,Nel,1,10,-8.7648,0.5649,-2.5373,-5.2468,-2.7095,-0.440|-1.180|-1.915|-1.712,-1.1797,-0.8802,1,0,201,0.0635
Nelson Mandela,death_year,name_lens,6-8,subject_all,2,son,1,10,-8.7648,0.0933,-2.5373,-8.1836,-5.6463,-1.520|-2.196|-2.232|-2.235,-2.1962,-1.8968,3,1,199,0.8233
Nelson Mandela,death_year,name_lens,6-8,subject_all,3, Mandela,1,10,-8.7648,0.1304,-2.5373,-7.9529,-5.4156,-1.574|-2.203|-1.953|-2.223,-2.203,-1.9036,3,1,199,0.8644
Nelson Mandela,death_year,name_lens,6-8,subject_all,4, died,0,10,-8.7648,0.1961,-2.5373,-7.5438,-5.0065,-1.464|-1.684|-2.194|-2.201,-1.6843,-1.3849,3,1,199,0.7913
Nelson Mandela,death_year,name_lens,6-8,subject_all,5, in,0,10,-8.7648,0.0241,-2.5373,-8.6146,-6.0773,-1.485|-2.602|-2.296|-2.231,-2.6018,-2.3024,4,1,199,0.802
Nelson Mandela,death_year,name_lens,6-8,subject_all,6, the,0,10,-8.7648,0.0377,-2.5373,-8.53,-5.9927,-1.536|-2.646|-2.292|-2.055,-2.6465,-2.3471,4,1,199,0.8401
Nelson Mandela,death_year,name_lens,6-8,subject_all,7, year,0,10,-8.7648,0.2457,-2.5373,-7.2349,-4.6976,-1.607|-1.361|-2.058|-2.209,-1.3613,-1.0619,2,1,199,0.892
Nelson Mandela,death_year,name_lens,6-8,subject_all,0,<|startoftext|>,0,11,-8.7648,0.0,-2.5373,-8.7648,-6.2275,-1.480|-2.672|-2.305|-2.307,-2.672,-2.3726,5,1,199,0.805
Nelson Mandela,death_year,name_lens,6-8,subject_all,1,Nel,1,11,-8.7648,0.5549,-2.5373,-5.309,-2.7717,-0.497|-1.154|-1.936|-1.723,-1.1541,-0.8547,1,0,201,0.0922
Nelson Mandela,death_year,name_lens,6-8,subject_all,2,son,1,11,-8.7648,0.1041,-2.5373,-8.1165,-5.5792,-1.500|-2.172|-2.217|-2.227,-2.1718,-1.8724,3,1,199,0.807
Nelson Mandela,death_year,name_lens,6-8,subject_all,3, Mandela,1,11,-8.7648,0.0704,-2.5373,-8.3265,-5.7892,-1.637|-2.344|-2.158|-2.188,-2.344,-2.0446,3,1,199,0.9114
Nelson Mandela,death_year,name_lens,6-8,subject_all,4, died,0,11,-8.7648,0.1918,-2.5373,-7.5701,-5.0328,-1.502|-1.661|-2.217|-2.191,-1.6605,-1.3611,3,1,199,0.8174
Nelson Mandela,death_year,name_lens,6-8,subject_all,5, in,0,11,-8.7648,0.0285,-2.5373,-8.587,-6.0497,-1.490|-2.560|-2.306|-2.231,-2.5596,-2.2601,3,1,199,0.8031
Nelson Mandela,death_year,name_lens,6-8,subject_all,6, the,0,11,-8.7648,0.0184,-2.5373,-8.6504,-6.1131,-1.511|-2.659|-2.250|-2.230,-2.6586,-2.3592,4,1,199,0.821
Nelson Mandela,death_year,name_lens,6-8,subject_all,7, year,0,11,-8.7648,0.2544,-2.5373,-7.1804,-4.6431,-1.602|-1.359|-2.049|-2.170,-1.3595,-1.0601,2,1,199,0.8868
Nelson Mandela,death_year,name_lens,6-8,subject_all,0,<|startoftext|>,0,12,-8.7648,0.0,-2.5373,-8.7648,-6.2275,-1.480|-2.672|-2.305|-2.307,-2.672,-2.3726,5,1,199,0.805
Nelson Mandela,death_year,name_lens,6-8,subject_all,1,Nel,1,12,-8.7648,0.5288,-2.5373,-5.4715,-2.9342,-0.483|-1.221|-2.025|-1.743,-1.2207,-0.9213,1,0,201,0.0892
Nelson Mandela,death_year,name_lens,6-8,subject_all,2,son,1,12,-8.7648,0.1027,-2.5373,-8.1255,-5.5882,-1.516|-2.204|-2.273|-2.132,-2.2042,-1.9048,3,1,199,0.8202
Nelson Mandela,death_year,name_lens,6-8,subject_all,3, Mandela,1,12,-8.7648,0.0767,-2.5373,-8.2869,-5.7496,-1.567|-2.346|-2.174|-2.200,-2.346,-2.0466,3,1,199,0.86
Nelson Mandela,death_year,name_lens,6-8,subject_all,4, died,0,12,-8.7648,0.1484,-2.5373,-7.8404,-5.3031,-1.458|-1.989|-2.253|-2.141,-1.9893,-1.6899,3,1,200,0.7872
Nelson Mandela,death_year,name_lens,6-8,subject_all,5, in,0,12,-8.7648,0.0402,-2.5373,-8.5145,-5.9772,-1.456|-2.561|-2.301|-2.196,-2.561,-2.2616,3,1,199,0.7791
Nelson Mandela,death_year,name_lens,6-8,subject_all,6, the,0,12,-8.7648,0.0068,-2.5373,-8.7223,-6.185,-1.472|-2.677|-2.292|-2.281,-2.6768,-2.3774,5,1,199,0.7937
Nelson Mandela,death_year,name_lens,6-8,subject_all,7, year,0,12,-8.7648,0.283,-2.5373,-7.0021,-4.4648,-1.688|-1.269|-2.036|-2.009,-1.269,-0.9696,2,1,199,0.9397
Nelson Mandela,death_year,name_lens,6-8,subject_all,0,<|startoftext|>,0,13,-8.7648,0.0,-2.5373,-8.7648,-6.2275,-1.480|-2.672|-2.305|-2.307,-2.672,-2.3726,5,1,199,0.805
Nelson Mandela,death_year,name_lens,6-8,subject_all,1,Nel,1,13,-8.7648,0.5141,-2.5373,-5.5632,-3.0259,-0.479|-1.229|-1.966|-1.889,-1.2293,-0.9299,1,0,201,0.0898
Nelson Mandela,death_year,name_lens,6-8,subject_all,2,son,1,13,-8.7648,0.0906,-2.5373,-8.2006,-5.6633,-1.523|-2.187|-2.257|-2.234,-2.1869,-1.8874,3,1,199,0.8244
Nelson Mandela,death_year,name_lens,6-8,subject_all,3, Mandela,1,13,-8.7648,0.0768,-2.5373,-8.2863,-5.749,-1.564|-2.392|-2.158|-2.173,-2.3915,-2.0921,3,1,199,0.8578
Nelson Mandela,death_year,name_lens,6-8,subject_all,4, died,0,13,-8.7648,0.1174,-2.5373,-8.0337,-5.4964,-1.518|-2.091|-2.249|-2.176,-2.0905,-1.7911,3,1,199,0.8302
Nelson Mandela,death_year,name_lens,6-8,subject_all,5, in,0,13,-8.7648,0.0438,-2.5373,-8.4919,-5.9546,-1.458|-2.523|-2.262|-2.249,-2.5228,-2.2233,3,1,199,0.7814
Nelson Mandela,death_year,name_lens,6-8,subject_all,6, the,0,13,-8.7648,0.0105,-2.5373,-8.6995,-6.1622,-1.509|-2.661|-2.287|-2.242,-2.6605,-2.3611,5,1,199,0.819
Nelson Mandela,death_year,name_lens,6-8,subject_all,7, year,0,13,-8.7648,0.2988,-2.5373,-6.9039,-4.3666,-1.696|-1.258|-2.076|-1.875,-1.2576,-0.9582,2,1,199,0.9439
Nelson Mandela,death_year,name_lens,6-8,subject_all,0,<|startoftext|>,0,14,-8.7648,0.0,-2.5373,-8.7648,-6.2275,-1.480|-2.672|-2.305|-2.307,-2.672,-2.3726,5,1,199,0.805
Nelson Mandela,death_year,name_lens,6-8,subject_all,1,Nel,1,14,-8.7648,0.2832,-2.5373,-7.0008,-4.4635,-1.064|-1.451|-2.153|-2.333,-1.4509,-1.1514,2,1,199,0.4742
Nelson Mandela,death_year,name_lens,6-8,subject_all,2,son,1,14,-8.7648,0.0442,-2.5373,-8.4897,-5.9524,-1.442|-2.578|-2.257|-2.213,-2.5784,-2.279,3,1,199,0.7714
Nelson Mandela,death_year,name_lens,6-8,subject_all,3, Mandela,1,14,-8.7648,0.1086,-2.5373,-8.0882,-5.5509,-1.455|-2.294|-2.172|-2.167,-2.2941,-1.9947,3,1,199,0.7795
Nelson Mandela,death_year,name_lens,6-8,subject_all,4, died,0,14,-8.7648,0.1509,-2.5373,-7.8248,-5.2875,-1.471|-2.107|-2.228|-2.019,-2.1072,-1.8078,3,1,199,0.7816
Nelson Mandela,death_year,name_lens,6-8,subject_all,5, in,0,14,-8.7648,0.0202,-2.5373,-8.6387,-6.1014,-1.437|-2.582|-2.286|-2.334,-2.5823,-2.2829,3,1,199,0.7632
Nelson Mandela,death_year,name_lens,6-8,subject_all,6, the,0,14,-8.7648,0.0093,-2.5373,-8.7068,-6.1695,-1.478|-2.693|-2.296|-2.240,-2.6932,-2.3938,4,1,199,0.7948
Nelson Mandela,death_year,name_lens,6-8,subject_all,7, year,0,14,-8.7648,0.2897,-2.5373,-6.9605,-4.4232,-0.481|-2.170|-2.239|-2.070,-2.1701,-1.8707,3,1,199,0.0916
Nelson Mandela,death_year,name_lens,6-8,subject_all,0,<|startoftext|>,0,15,-8.7648,0.0,-2.5373,-8.7648,-6.2275,-1.480|-2.672|-2.305|-2.307,-2.672,-2.3726,5,1,199,0.805
Nelson Mandela,death_year,name_lens,6-8,subject_all,1,Nel,1,15,-8.7648,0.2318,-2.5373,-7.3213,-4.784,-1.141|-1.636|-2.172|-2.373,-1.6358,-1.3364,2,1,199,0.5421
Nelson Mandela,death_year,name_lens,6-8,subject_all,2,son,1,15,-8.7648,0.0589,-2.5373,-8.3978,-5.8605,-1.437|-2.619|-2.295|-2.046,-2.6194,-2.32,5,1,199,0.7711
Nelson Mandela,death_year,name_lens,6-8,subject_all,3, Mandela,1,15,-8.7648,0.0917,-2.5373,-8.1936,-5.6563,-1.468|-2.313|-2.177|-2.236,-2.3127,-2.0133,3,1,200,0.7894
Nelson Mandela,death_year,name_lens,6-8,subject_all,4, died,0,15,-8.7648,0.0782,-2.5373,-8.2779,-5.7406,-1.482|-2.468|-2.267|-2.061,-2.4677,-2.1683,3,1,199,0.7893
Nelson Mandela,death_year,name_lens,6-8,subject_all,5, in,0,15,-8.7648,0.0255,-2.5373,-8.6061,-6.0688,-1.446|-2.536|-2.286|-2.338,-2.5358,-2.2363,3,1,199,0.7787
Nelson Mandela,death_year,name_lens,6-8,subject_all,6, the,0,15,-8.7648,0.011,-2.5373,-8.6965,-6.1592,-1.478|-2.654|-2.322|-2.242,-2.6545,-2.355,4,1,199,0.796
Nelson Mandela,death_year,name_lens,6-8,subject_all,7, year,0,15,-8.7648,0.3143,-2.5373,-6.8072,-4.2699,-0.362|-2.032|-2.248|-2.165,-2.0324,-1.733,3,1,199,0.0418
Nelson Mandela,death_year,name_lens,6-8,subject_all,0,<|startoftext|>,0,16,-8.7648,0.0,-2.5373,-8.7648,-6.2275,-1.480|-2.672|-2.305|-2.307,-2.672,-2.3726,5,1,199,0.805
Nelson Mandela,death_year,name_lens,6-8,subject_all,1,Nel,1,16,-8.7648,0.0072,-2.5373,-8.7199,-6.1826,-1.442|-2.669|-2.295|-2.313,-2.6694,-2.37,5,1,199,0.7699
Nelson Mandela,death_year,name_lens,6-8,subject_all,2,son,1,16,-8.7648,0.0281,-2.5373,-8.5897,-6.0524,-1.446|-2.582|-2.292|-2.269,-2.5824,-2.283,3,1,199,0.7762
Nelson Mandela,death_year,name_lens,6-8,subject_all,3, Mandela,1,16,-8.7648,0.0744,-2.5373,-8.3014,-5.7641,-1.412|-2.411|-2.209|-2.269,-2.4109,-2.1115,3,1,199,0.7547
Nelson Mandela,death_year,name_lens,6-8,subject_all,4, died,0,16,-8.7648,0.0992,-2.5373,-8.1471,-5.6098,-1.431|-2.470|-2.286|-1.959,-2.4703,-2.1709,3,1,199,0.7498
Nelson Mandela,death_year,name_lens,6-8,subject_all,5, in,0,16,-8.7648,0.0182,-2.5373,-8.6514,-6.114,-1.440|-2.617|-2.312|-2.283,-2.6169,-2.3174,5,1,199,0.7684
Nelson Mandela,death_year,name_lens,6-8,subject_all,6, the,0,16,-8.7648,0.0081,-2.5373,-8.7146,-6.1773,-1.457|-2.691|-2.291|-2.275,-2.6915,-2.392,4,1,199,0.7821
Nelson Mandela,death_year,name_lens,6-8,subject_all,7, year,0,16,-8.7648,0.3342,-2.5373,-6.6833,-4.146,-0.314|-2.030|-2.277|-2.062,-2.0296,-1.7302,3,1,200,0.0112
Nelson Mandela,death_year,name_lens,6-8,subject_all,0,<|startoftext|>,0,17,-8.7648,0.0,-2.5373,-8.7648,-6.2275,-1.480|-2.672|-2.305|-2.307,-2.672,-2.3726,5,1,199,0.805
Nelson Mandela,death_year,name_lens,6-8,subject_all,1,Nel,1,17,-8.7648,0.0026,-2.5373,-8.7485,-6.2112,-1.492|-2.673|-2.269|-2.314,-2.6731,-2.3737,4,1,199,0.805
Nelson Mandela,death_year,name_lens,6-8,subject_all,2,son,1,17,-8.7648,0.0201,-2.5373,-8.6398,-6.1025,-1.493|-2.559|-2.313|-2.275,-2.5589,-2.2595,3,1,199,0.8103
Nelson Mandela,death_year,name_lens,6-8,subject_all,3, Mandela,1,17,-8.7648,0.068,-2.5373,-8.3414,-5.8041,-1.442|-2.488|-2.173|-2.238,-2.488,-2.1886,3,1,199,0.7733
Nelson Mandela,death_year,name_lens,6-8,subject_all,4, died,0,17,-8.7648,0.0762,-2.5373,-8.2904,-5.7531,-1.444|-2.536|-2.245|-2.065,-2.5363,-2.2369,3,1,199,0.7605
Nelson Mandela,death_year,name_lens,6-8,subject_all,5, in,0,17,-8.7648,0.0506,-2.5373,-8.4494,-5.9121,-1.448|-2.544|-2.296|-2.162,-2.5444,-2.245,3,1,199,0.7714
Nelson Mandela,death_year,name_lens,6-8,subject_all,6, the,0,17,-8.7648,0.0181,-2.5373,-8.6517,-6.1144,-1.456|-2.659|-2.257|-2.280,-2.6586,-2.3591,4,1,199,0.7814
Nelson Mandela,death_year,name_lens,6-8,subject_all,7, year,0,17,-8.7648,0.3635,-2.5373,-6.501,-3.9637,-0.302|-2.043|-2.337|-1.818,-2.0435,-1.7441,3,1,200,0.0085
Nelson Mandela,death_year,name_lens,6-8,subject_all,0,<|startoftext|>,0,18,-8.7648,0.0,-2.5373,-8.7648,-6.2275,-1.480|-2.672|-2.305|-2.307,-2.672,-2.3726,5,1,199,0.805
Nelson Mandela,death_year,name_lens,6-8,subject_all,1,Nel,1,18,-8.7648,-0.0046,-2.5373,-8.7934,-6.2561,-1.492|-2.676|-2.295|-2.330,-2.6756,-2.3762,5,1,199,0.8138
Nelson Mandela,death_year,name_lens,6-8,subject_all,2,son,1,18,-8.7648,0.0263,-2.5373,-8.6008,-6.0635,-1.500|-2.561|-2.267|-2.272,-2.5614,-2.262,3,1,199,0.8185
Nelson Mandela,death_year,name_lens,6-8,subject_all,3, Mandela,1,18,-8.7648,0.0831,-2.5373,-8.2473,-5.71,-1.445|-2.480|-2.239|-2.084,-2.48,-2.1805,3,1,199,0.7759
Nelson Mandela,death_year,name_lens,6-8,subject_all,4, died,0,18,-8.7648,0.027,-2.5373,-8.5964,-6.0591,-1.602|-2.648|-2.254|-2.093,-2.6475,-2.3481,4,1,199,0.8795
Nelson Mandela,death_year,name_lens,6-8,subject_all,5, in,0,18,-8.7648,0.0295,-2.5373,-8.5808,-6.0435,-1.419|-2.639|-2.303|-2.220,-2.6388,-2.3393,4,1,199,0.7583
Nelson Mandela,death_year,name_lens,6-8,subject_all,6, the,0,18,-8.7648,0.0078,-2.5373,-8.716,-6.1787,-1.497|-2.656|-2.257|-2.306,-2.6562,-2.3568,4,1,199,0.8128
Nelson Mandela,death_year,name_lens,6-8,subject_all,7, year,0,18,-8.7648,0.2407,-2.5373,-7.2661,-4.7288,-0.310|-2.636|-2.312|-2.008,-2.636,-2.3366,4,1,199,0.0089
Nelson Mandela,death_year,name_lens,6-8,subject_all,0,<|startoftext|>,0,19,-8.7648,0.0,-2.5373,-8.7648,-6.2275,-1.480|-2.672|-2.305|-2.307,-2.672,-2.3726,5,1,199,0.805
Nelson Mandela,death_year,name_lens,6-8,subject_all,1,Nel,1,19,-8.7648,0.0006,-2.5373,-8.7607,-6.2234,-1.496|-2.668|-2.295|-2.301,-2.6683,-2.3689,4,1,199,0.8158
Nelson Mandela,death_year,name_lens,6-8,subject_all,2,son,1,19,-8.7648,0.0158,-2.5373,-8.6661,-6.1288,-1.498|-2.569|-2.298|-2.301,-2.5686,-2.2692,3,1,199,0.8171
Nelson Mandela,death_year,name_lens,6-8,subject_all,3, Mandela,1,19,-8.7648,0.078,-2.5373,-8.2793,-5.742,-1.488|-2.466|-2.235|-2.090,-2.4662,-2.1668,3,1,199,0.8042
Nelson Mandela,death_year,name_lens,6-8,subject_all,4, died,0,19,-8.7648,0.0264,-2.5373,-8.6004,-6.0631,-1.566|-2.633|-2.303|-2.098,-2.6331,-2.3337,4,1,199,0.8535
Nelson Mandela,death_year,name_lens,6-8,subject_all,5, in,0,19,-8.7648,0.021,-2.5373,-8.6342,-6.0969,-1.425|-2.695|-2.295|-2.218,-2.6952,-2.3957,5,1,199,0.7626
Nelson Mandela,death_year,name_lens,6-8,subject_all,6, the,0,19,-8.7648,0.0086,-2.5373,-8.7115,-6.1742,-1.496|-2.643|-2.268|-2.304,-2.6432,-2.3438,4,1,199,0.8151
Nelson Mandela,death_year,name_lens,6-8,subject_all,7, year,0,19,-8.7648,0.2294,-2.5373,-7.3361,-4.7988,-0.292|-2.649|-2.297|-2.097,-2.6495,-2.3501,4,1,199,0.0066
Nelson Mandela,death_year,name_lens,6-8,subject_all,0,<|startoftext|>,0,20,-8.7648,0.0,-2.5373,-8.7648,-6.2275,-1.480|-2.672|-2.305|-2.307,-2.672,-2.3726,5,1,199,0.805
Nelson Mandela,death_year,name_lens,6-8,subject_all,1,Nel,1,20,-8.7648,-0.0072,-2.5373,-8.8093,-6.272,-1.529|-2.654|-2.306|-2.322,-2.6537,-2.3543,4,1,199,0.839
Nelson Mandela,death_year,name_lens,6-8,subject_all,2,son,1,20,-8.7648,0.0173,-2.5373,-8.6572,-6.1199,-1.490|-2.576|-2.287|-2.304,-2.576,-2.2766,3,1,199,0.8131
Nelson Mandela,death_year,name_lens,6-8,subject_all,3, Mandela,1,20,-8.7648,0.0538,-2.5373,-8.4299,-5.8926,-1.487|-2.469|-2.182|-2.291,-2.4694,-2.17,3,1,199,0.8064
Nelson Mandela,death_year,name_lens,6-8,subject_all,4, died,0,20,-8.7648,0.0244,-2.5373,-8.613,-6.0757,-1.581|-2.661|-2.296|-2.075,-2.6613,-2.3619,5,1,199,0.8662
Nelson Mandela,death_year,name_lens,6-8,subject_all,5, in,0,20,-8.7648,0.0022,-2.5373,-8.7508,-6.2135,-1.492|-2.686|-2.257|-2.316,-2.6863,-2.3868,4,1,199,0.813
Nelson Mandela,death_year,name_lens,6-8,subject_all,6, the,0,20,-8.7648,0.0084,-2.5373,-8.7125,-6.1752,-1.524|-2.619|-2.257|-2.313,-2.619,-2.3196,4,1,199,0.8333
Nelson Mandela,death_year,name_lens,6-8,subject_all,7, year,0,20,-8.7648,0.2093,-2.5373,-7.4613,-4.924,-0.254|-2.627|-2.323|-2.256,-2.6273,-2.3279,4,1,200,0.0029
Nelson Mandela,death_year,name_lens,6-8,subject_all,0,<|startoftext|>,0,21,-8.7648,0.0,-2.5373,-8.7648,-6.2275,-1.480|-2.672|-2.305|-2.307,-2.672,-2.3726,5,1,199,0.805
Nelson Mandela,death_year,name_lens,6-8,subject_all,1,Nel,1,21,-8.7648,0.0153,-2.5373,-8.6696,-6.1323,-1.479|-2.665|-2.249|-2.276,-2.6652,-2.3658,4,1,199,0.8055
Nelson Mandela,death_year,name_lens,6-8,subject_all,2,son,1,21,-8.7648,0.0249,-2.5373,-8.6096,-6.0723,-1.493|-2.580|-2.262|-2.275,-2.5797,-2.2802,3,1,199,0.8143
Nelson Mandela,death_year,name_lens,6-8,subject_all,3, Mandela,1,21,-8.7648,0.0021,-2.5373,-8.7517,-6.2144,-1.497|-2.641|-2.287|-2.327,-2.6413,-2.3419,4,1,199,0.8137
Nelson Mandela,death_year,name_lens,6-8,subject_all,4, died,0,21,-8.7648,0.0148,-2.5373,-8.6727,-6.1353,-1.589|-2.658|-2.296|-2.130,-2.6579,-2.3585,5,1,199,0.875
Nelson Mandela,death_year,name_lens,6-8,subject_all,5, in,0,21,-8.7648,0.0021,-2.5373,-8.7519,-6.2146,-1.504|-2.647|-2.296|-2.305,-2.6466,-2.3472,4,1,199,0.8209
Nelson Mandela,death_year,name_lens,6-8,subject_all,6, the,0,21,-8.7648,0.01,-2.5373,-8.7027,-6.1653,-1.493|-2.621|-2.298|-2.290,-2.6215,-2.322,4,1,199,0.8138
Nelson Mandela,death_year,name_lens,6-8,subject_all,7, year,0,21,-8.7648,0.2428,-2.5373,-7.2528,-4.7155,-0.256|-2.642|-2.297|-2.057,-2.6424,-2.3429,4,1,199,0.0022
Nelson Mandela,death_year,name_lens,6-8,subject_all,0,<|startoftext|>,0,22,-8.7648,0.0,-2.5373,-8.7648,-6.2275,-1.480|-2.672|-2.305|-2.307,-2.672,-2.3726,5,1,199,0.805
Nelson Mandela,death_year,name_lens,6-8,subject_all,1,Nel,1,22,-8.7648,0.0035,-2.5373,-8.7428,-6.2055,-1.481|-2.660|-2.295|-2.307,-2.6597,-2.3603,4,1,199,0.8051
Nelson Mandela,death_year,name_lens,6-8,subject_all,2,son,1,22,-8.7648,0.0113,-2.5373,-8.6944,-6.1571,-1.481|-2.637|-2.273|-2.304,-2.637,-2.3375,4,1,199,0.8043
Nelson Mandela,death_year,name_lens,6-8,subject_all,3, Mandela,1,22,-8.7648,0.0118,-2.5373,-8.6911,-6.1538,-1.486|-2.643|-2.289|-2.273,-2.6426,-2.3431,4,1,199,0.808
Nelson Mandela,death_year,name_lens,6-8,subject_all,4, died,0,22,-8.7648,0.0111,-2.5373,-8.6957,-6.1584,-1.509|-2.625|-2.306|-2.256,-2.6248,-2.3254,4,1,199,0.8216
Nelson Mandela,death_year,name_lens,6-8,subject_all,5, in,0,22,-8.7648,0.0257,-2.5373,-8.605,-6.0677,-1.494|-2.600|-2.257|-2.254,-2.5999,-2.3004,4,1,199,0.8117
Nelson Mandela,death_year,name_lens,6-8,subject_all,6, the,0,22,-8.7648,0.006,-2.5373,-8.7274,-6.1901,-1.463|-2.661|-2.305|-2.299,-2.6605,-2.3611,4,1,199,0.7928
Nelson Mandela,death_year,name_lens,6-8,subject_all,7, year,0,22,-8.7648,0.2196,-2.5373,-7.397,-4.8597,-0.277|-2.597|-2.259|-2.264,-2.5975,-2.2981,4,1,199,0.0008
Nelson Mandela,occupation,name_lens,6-8,subject_all,-1,,,-1,-8.7433,0.0,-3.6745,-8.7433,-5.0687,-2.770|-3.175|-2.554|-0.244,-2.7704,-1.7698,1,0, lawyer,0.8413
Nelson Mandela,occupation,name_lens,6-8,subject_all,0,<|startoftext|>,0,0,-8.7433,0.0,-3.6745,-8.7433,-5.0687,-2.770|-3.175|-2.554|-0.244,-2.7704,-1.7698,1,0, lawyer,0.8413
Nelson Mandela,occupation,name_lens,6-8,subject_all,1,Nel,1,0,-8.7433,0.0,-3.6745,-8.7433,-5.0687,-2.770|-3.175|-2.554|-0.244,-2.7704,-1.7698,1,0, lawyer,0.8413
Nelson Mandela,occupation,name_lens,6-8,subject_all,2,son,1,0,-8.7433,0.0,-3.6745,-8.7433,-5.0687,-2.770|-3.175|-2.554|-0.244,-2.7704,-1.7698,1,0, lawyer,0.8413
Nelson Mandela,occupation,name_lens,6-8,subject_all,3, Mandela,1,0,-8.7433,0.0,-3.6745,-8.7433,-5.0687,-2.770|-3.175|-2.554|-0.244,-2.7704,-1.7698,1,0, lawyer,0.8413
Nelson Mandela,occupation,name_lens,6-8,subject_all,4, worked,0,0,-8.7433,0.0,-3.6745,-8.7433,-5.0687,-2.770|-3.175|-2.554|-0.244,-2.7704,-1.7698,1,0, lawyer,0.8413
Nelson Mandela,occupation,name_lens,6-8,subject_all,5, as,0,0,-8.7433,0.0,-3.6745,-8.7433,-5.0687,-2.770|-3.175|-2.554|-0.244,-2.7704,-1.7698,1,0, lawyer,0.8413
Nelson Mandela,occupation,name_lens,6-8,subject_all,6, a,0,0,-8.7433,0.0,-3.6745,-8.7433,-5.0687,-2.770|-3.175|-2.554|-0.244,-2.7704,-1.7698,1,0, lawyer,0.8413
Nelson Mandela,occupation,name_lens,6-8,subject_all,0,<|startoftext|>,0,1,-8.7433,0.0,-3.6745,-8.7433,-5.0687,-2.770|-3.175|-2.554|-0.244,-2.7704,-1.7698,1,0, lawyer,0.8413
Nelson Mandela,occupation,name_lens,6-8,subject_all,1,Nel,1,1,-8.7433,0.0,-3.6745,-8.7433,-5.0687,-2.770|-3.175|-2.554|-0.244,-2.7704,-1.7698,1,0, lawyer,0.8413
Nelson Mandela,occupation,name_lens,6-8,subject_all,2,son,1,1,-8.7433,0.0,-3.6745,-8.7433,-5.0687,-2.770|-3.175|-2.554|-0.244,-2.7704,-1.7698,1,0, lawyer,0.8413
Nelson Mandela,occupation,name_lens,6-8,subject_all,3, Mandela,1,1,-8.7433,0.0,-3.6745,-8.7433,-5.0687,-2.770|-3.175|-2.554|-0.244,-2.7704,-1.7698,1,0, lawyer,0.8413
Nelson Mandela,occupation,name_lens,6-8,subject_all,4, worked,0,1,-8.7433,0.0,-3.6745,-8.7433,-5.0687,-2.770|-3.175|-2.554|-0.244,-2.7704,-1.7698,1,0, lawyer,0.8413
Nelson Mandela,occupation,name_lens,6-8,subject_all,5, as,0,1,-8.7433,0.0,-3.6745,-8.7433,-5.0687,-2.770|-3.175|-2.554|-0.244,-2.7704,-1.7698,1,0, lawyer,0.8413
Nelson Mandela,occupation,name_lens,6-8,subject_all,6, a,0,1,-8.7433,0.0,-3.6745,-8.7433,-5.0687,-2.770|-3.175|-2.554|-0.244,-2.7704,-1.7698,1,0, lawyer,0.8413
Nelson Mandela,occupation,name_lens,6-8,subject_all,0,<|startoftext|>,0,2,-8.7433,0.0,-3.6745,-8.7433,-5.0687,-2.770|-3.175|-2.554|-0.244,-2.7704,-1.7698,1,0, lawyer,0.8413
Nelson Mandela,occupation,name_lens,6-8,subject_all,1,Nel,1,2,-8.7433,0.0,-3.6745,-8.7433,-5.0687,-2.770|-3.175|-2.554|-0.244,-2.7704,-1.7698,1,0, lawyer,0.8413
Nelson Mandela,occupation,name_lens,6-8,subject_all,2,son,1,2,-8.7433,0.0,-3.6745,-8.7433,-5.0687,-2.770|-3.175|-2.554|-0.244,-2.7704,-1.7698,1,0, lawyer,0.8413
Nelson Mandela,occupation,name_lens,6-8,subject_all,3, Mandela,1,2,-8.7433,0.0,-3.6745,-8.7433,-5.0687,-2.770|-3.175|-2.554|-0.244,-2.7704,-1.7698,1,0, lawyer,0.8413
Nelson Mandela,occupation,name_lens,6-8,subject_all,4, worked,0,2,-8.7433,0.0,-3.6745,-8.7433,-5.0687,-2.770|-3.175|-2.554|-0.244,-2.7704,-1.7698,1,0, lawyer,0.8413
Nelson Mandela,occupation,name_lens,6-8,subject_all,5, as,0,2,-8.7433,0.0,-3.6745,-8.7433,-5.0687,-2.770|-3.175|-2.554|-0.244,-2.7704,-1.7698,1,0, lawyer,0.8413
Nelson Mandela,occupation,name_lens,6-8,subject_all,6, a,0,2,-8.7433,0.0,-3.6745,-8.7433,-5.0687,-2.770|-3.175|-2.554|-0.244,-2.7704,-1.7698,1,0, lawyer,0.8413
Nelson Mandela,occupation,name_lens,6-8,subject_all,0,<|startoftext|>,0,3,-8.7433,0.0,-3.6745,-8.7433,-5.0687,-2.770|-3.175|-2.554|-0.244,-2.7704,-1.7698,1,0, lawyer,0.8413
Nelson Mandela,occupation,name_lens,6-8,subject_all,1,Nel,1,3,-8.7433,0.0,-3.6745,-8.7433,-5.0687,-2.770|-3.175|-2.554|-0.244,-2.7704,-1.7698,1,0, lawyer,0.8413
Nelson Mandela,occupation,name_lens,6-8,subject_all,2,son,1,3,-8.7433,0.0,-3.6745,-8.7433,-5.0687,-2.770|-3.175|-2.554|-0.244,-2.7704,-1.7698,1,0, lawyer,0.8413
Nelson Mandela,occupation,name_lens,6-8,subject_all,3, Mandela,1,3,-8.7433,0.0,-3.6745,-8.7433,-5.0687,-2.770|-3.175|-2.554|-0.244,-2.7704,-1.7698,1,0, lawyer,0.8413
Nelson Mandela,occupation,name_lens,6-8,subject_all,4, worked,0,3,-8.7433,0.0,-3.6745,-8.7433,-5.0687,-2.770|-3.175|-2.554|-0.244,-2.7704,-1.7698,1,0, lawyer,0.8413
Nelson Mandela,occupation,name_lens,6-8,subject_all,5, as,0,3,-8.7433,0.0,-3.6745,-8.7433,-5.0687,-2.770|-3.175|-2.554|-0.244,-2.7704,-1.7698,1,0, lawyer,0.8413
Nelson Mandela,occupation,name_lens,6-8,subject_all,6, a,0,3,-8.7433,0.0,-3.6745,-8.7433,-5.0687,-2.770|-3.175|-2.554|-0.244,-2.7704,-1.7698,1,0, lawyer,0.8413
Nelson Mandela,occupation,name_lens,6-8,subject_all,0,<|startoftext|>,0,4,-8.7433,0.0,-3.6745,-8.7433,-5.0687,-2.770|-3.175|-2.554|-0.244,-2.7704,-1.7698,1,0, lawyer,0.8413
Nelson Mandela,occupation,name_lens,6-8,subject_all,1,Nel,1,4,-8.7433,0.0,-3.6745,-8.7433,-5.0687,-2.770|-3.175|-2.554|-0.244,-2.7704,-1.7698,1,0, lawyer,0.8413
Nelson Mandela,occupation,name_lens,6-8,subject_all,2,son,1,4,-8.7433,0.0,-3.6745,-8.7433,-5.0687,-2.770|-3.175|-2.554|-0.244,-2.7704,-1.7698,1,0, lawyer,0.8413
Nelson Mandela,occupation,name_lens,6-8,subject_all,3, Mandela,1,4,-8.7433,0.0,-3.6745,-8.7433,-5.0687,-2.770|-3.175|-2.554|-0.244,-2.7704,-1.7698,1,0, lawyer,0.8413
Nelson Mandela,occupation,name_lens,6-8,subject_all,4, worked,0,4,-8.7433,0.0,-3.6745,-8.7433,-5.0687,-2.770|-3.175|-2.554|-0.244,-2.7704,-1.7698,1,0, lawyer,0.8413
Nelson Mandela,occupation,name_lens,6-8,subject_all,5, as,0,4,-8.7433,0.0,-3.6745,-8.7433,-5.0687,-2.770|-3.175|-2.554|-0.244,-2.7704,-1.7698,1,0, lawyer,0.8413
Nelson Mandela,occupation,name_lens,6-8,subject_all,6, a,0,4,-8.7433,0.0,-3.6745,-8.7433,-5.0687,-2.770|-3.175|-2.554|-0.244,-2.7704,-1.7698,1,0, lawyer,0.8413
Nelson Mandela,occupation,name_lens,6-8,subject_all,0,<|startoftext|>,0,5,-8.7433,0.0,-3.6745,-8.7433,-5.0687,-2.770|-3.175|-2.554|-0.244,-2.7704,-1.7698,1,0, lawyer,0.8413
Nelson Mandela,occupation,name_lens,6-8,subject_all,1,Nel,1,5,-8.7433,0.0,-3.6745,-8.7433,-5.0687,-2.770|-3.175|-2.554|-0.244,-2.7704,-1.7698,1,0, lawyer,0.8413
Nelson Mandela,occupation,name_lens,6-8,subject_all,2,son,1,5,-8.7433,0.0,-3.6745,-8.7433,-5.0687,-2.770|-3.175|-2.554|-0.244,-2.7704,-1.7698,1,0, lawyer,0.8413
Nelson Mandela,occupation,name_lens,6-8,subject_all,3, Mandela,1,5,-8.7433,0.0,-3.6745,-8.7433,-5.0687,-2.770|-3.175|-2.554|-0.244,-2.7704,-1.7698,1,0, lawyer,0.8413
Nelson Mandela,occupation,name_lens,6-8,subject_all,4, worked,0,5,-8.7433,0.0,-3.6745,-8.7433,-5.0687,-2.770|-3.175|-2.554|-0.244,-2.7704,-1.7698,1,0, lawyer,0.8413
Nelson Mandela,occupation,name_lens,6-8,subject_all,5, as,0,5,-8.7433,0.0,-3.6745,-8.7433,-5.0687,-2.770|-3.175|-2.554|-0.244,-2.7704,-1.7698,1,0, lawyer,0.8413
Nelson Mandela,occupation,name_lens,6-8,subject_all,6, a,0,5,-8.7433,0.0,-3.6745,-8.7433,-5.0687,-2.770|-3.175|-2.554|-0.244,-2.7704,-1.7698,1,0, lawyer,0.8413
Nelson Mandela,occupation,name_lens,6-8,subject_all,0,<|startoftext|>,0,6,-8.7433,0.0,-3.6745,-8.7433,-5.0687,-2.770|-3.175|-2.554|-0.244,-2.7704,-1.7698,1,0, lawyer,0.8413
Nelson Mandela,occupation,name_lens,6-8,subject_all,1,Nel,1,6,-8.7433,0.8907,-3.6745,-4.2283,-0.5538,-1.148|-1.814|-1.158|-0.108,-1.1482,-0.1475,1,0, lawyer,0.0838
Nelson Mandela,occupation,name_lens,6-8,subject_all,2,son,1,6,-8.7433,-0.1854,-3.6745,-9.6832,-6.0087,-3.548|-3.200|-2.679|-0.257,-3.5476,-2.5469,1,0, lawyer,1.1897
Nelson Mandela,occupation,name_lens,6-8,subject_all,3, Mandela,1,6,-8.7433,0.047,-3.6745,-8.5053,-4.8307,-2.201|-3.408|-2.656|-0.241,-2.2014,-1.2007,1,0, lawyer,0.4896
Nelson Mandela,occupation,name_lens,6-8,subject_all,4, worked,0,6,-8.7433,0.0,-3.6745,-8.7433,-5.0687,-2.770|-3.175|-2.554|-0.244,-2.7704,-1.7698,1,0, lawyer,0.8413
Nelson Mandela,occupation,name_lens,6-8,subject_all,5, as,0,6,-8.7433,0.0,-3.6745,-8.7433,-5.0687,-2.770|-3.175|-2.554|-0.244,-2.7704,-1.7698,1,0, lawyer,0.8413
Nelson Mandela,occupation,name_lens,6-8,subject_all,6, a,0,6,-8.7433,0.0,-3.6745,-8.7433,-5.0687,-2.770|-3.175|-2.554|-0.244,-2.7704,-1.7698,1,0, lawyer,0.8413
Nelson Mandela,occupation,name_lens,6-8,subject_all,0,<|startoftext|>,0,7,-8.7433,0.0,-3.6745,-8.7433,-5.0687,-2.770|-3.175|-2.554|-0.244,-2.7704,-1.7698,1,0, lawyer,0.8413
Nelson Mandela,occupation,name_lens,6-8,subject_all,1,Nel,1,7,-8.7433,0.856,-3.6745,-4.4042,-0.7297,-1.201|-1.895|-1.191|-0.118,-1.2008,-0.2001,1,0, lawyer,0.0913
Nelson Mandela,occupation,name_lens,6-8,subject_all,2,son,1,7,-8.7433,0.0534,-3.6745,-8.4724,-4.7978,-2.633|-3.143|-2.458|-0.238,-2.6332,-1.6325,1,0, lawyer,0.7698
Nelson Mandela,occupation,name_lens,6-8,subject_all,3, Mandela,1,7,-8.7433,-0.004,-3.6745,-8.7634,-5.0889,-2.882|-3.190|-2.513|-0.178,-2.8816,-1.8809,1,0, lawyer,0.8421
Nelson Mandela,occupation,name_lens,6-8,subject_all,4, worked,0,7,-8.7433,0.2509,-3.6745,-7.4717,-3.7971,-1.783|-3.231|-2.238|-0.219,-1.7829,-0.7822,1,0, lawyer,0.369
Nelson Mandela,occupation,name_lens,6-8,subject_all,5, as,0,7,-8.7433,0.1435,-3.6745,-8.0159,-4.3414,-2.073|-3.197|-2.510|-0.236,-2.0732,-1.0725,1,0, lawyer,0.5099
Nelson Mandela,occupation,name_lens,6-8,subject_all,6, a,0,7,-8.7433,0.2723,-3.6745,-7.3631,-3.6886,-1.366|-3.249|-2.516|-0.232,-1.3657,-0.365,1,0, lawyer,0.2342
Nelson Mandela,occupation,name_lens,6-8,subject_all,0,<|startoftext|>,0,8,-8.7433,0.0,-3.6745,-8.7433,-5.0687,-2.770|-3.175|-2.554|-0.244,-2.7704,-1.7698,1,0, lawyer,0.8413
Nelson Mandela,occupation,name_lens,6-8,subject_all,1,Nel,1,8,-8.7433,0.9262,-3.6745,-4.0486,-0.3741,-1.126|-1.453|-1.368|-0.102,-1.1256,-0.1249,1,0, lawyer,0.0858
Nelson Mandela,occupation,name_lens,6-8,subject_all,2,son,1,8,-8.7433,0.2725,-3.6745,-7.3619,-3.6873,-1.647|-3.182|-2.322|-0.211,-1.6472,-0.6466,1,0, lawyer,0.3468
Nelson Mandela,occupation,name_lens,6-8,subject_all,3, Mandela,1,8,-8.7433,0.1957,-3.6745,-7.7513,-4.0767,-1.906|-3.265|-2.384|-0.196,-1.9062,-0.9055,1,0, lawyer,0.4314
Nelson Mandela,occupation,name_lens,6-8,subject_all,4, worked,0,8,-8.7433,0.5848,-3.6745,-5.779,-2.1044,-1.130|-2.841|-1.637|-0.172,-1.1297,-0.129,1,0, lawyer,0.1274
Nelson Mandela,occupation,name_lens,6-8,subject_all,5, as,0,8,-8.7433,0.2134,-3.6745,-7.6616,-3.9871,-1.761|-3.190|-2.468|-0.242,-1.7612,-0.7606,1,0, lawyer,0.3598
Nelson Mandela,occupation,name_lens,6-8,subject_all,6, a,0,8,-8.7433,0.2968,-3.6745,-7.2387,-3.5642,-1.296|-3.202|-2.514|-0.226,-1.2962,-0.2955,1,0, lawyer,0.2221
Nelson Mandela,occupation,name_lens,6-8,subject_all,0,<|startoftext|>,0,9,-8.7433,0.0,-3.6745,-8.7433,-5.0687,-2.770|-3.175|-2.554|-0.244,-2.7704,-1.7698,1,0, lawyer,0.8413
Nelson Mandela,occupation,name_lens,6-8,subject_all,1,Nel,1,9,-8.7433,0.9285,-3.6745,-4.0368,-0.3623,-1.096|-1.471|-1.364|-0.105,-1.0961,-0.0955,1,0, lawyer,0.0867
Nelson Mandela,occupation,name_lens,6-8,subject_all,2,son,1,9,-8.7433,0.2362,-3.6745,-7.5462,-3.8717,-1.911|-3.160|-2.265|-0.211,-1.9108,-0.9101,1,0, lawyer,0.4586
Nelson Mandela,occupation,name_lens,6-8,subject_all,3, Mandela,1,9,-8.7433,0.1422,-3.6745,-8.0227,-4.3482,-2.437|-3.171|-2.216|-0.199,-2.4369,-1.4362,1,0, lawyer,0.6742
Nelson Mandela,occupation,name_lens,6-8,subject_all,4, worked,0,9,-8.7433,0.5903,-3.6745,-5.7513,-2.0768,-1.174|-2.848|-1.559|-0.170,-1.1737,-0.173,1,0, lawyer,0.1057
Nelson Mandela,occupation,name_lens,6-8,subject_all,5, as,0,9,-8.7433,0.2348,-3.6745,-7.5531,-3.8786,-1.782|-3.127|-2.425|-0.219,-1.7816,-0.7809,1,0, lawyer,0.3615
Nelson Mandela,occupation,name_lens,6-8,subject_all,6, a,0,9,-8.7433,0.2033,-3.6745,-7.7126,-4.0381,-1.759|-3.203|-2.504|-0.246,-1.7592,-0.7585,1,0, lawyer,0.3629
Nelson Mandela,occupation,name_lens,6-8,subject_all,0,<|startoftext|>,0,10,-8.7433,0.0,-3.6745,-8.7433,-5.0687,-2.770|-3.175|-2.554|-0.244,-2.7704,-1.7698,1,0, lawyer,0.8413
Nelson Mandela,occupation,name_lens,6-8,subject_all,1,Nel,1,10,-8.7433,0.8628,-3.6745,-4.37,-0.6954,-1.224|-1.578|-1.462|-0.107,-1.224,-0.2233,1,0, lawyer,0.1029
Nelson Mandela,occupation,name_lens,6-8,subject_all,2,son,1,10,-8.7433,0.2926,-3.6745,-7.2602,-3.5857,-1.678|-3.111|-2.272|-0.198,-1.6784,-0.6777,1,0, lawyer,0.3432
Nelson Mandela,occupation,name_lens,6-8,subject_all,3, Mandela,1,10,-8.7433,0.2801,-3.6745,-7.3235,-3.649,-1.889|-3.101|-2.145|-0.189,-1.8888,-0.8881,1,0, lawyer,0.4371
Nelson Mandela,occupation,name_lens,6-8,subject_all,4, worked,0,10,-8.7433,0.643,-3.6745,-5.4843,-1.8098,-1.195|-2.569|-1.542|-0.179,-1.1951,-0.1944,1,0, lawyer,0.0915
Nelson Mandela,occupation,name_lens,6-8,subject_all,5, as,0,10,-8.7433,0.3535,-3.6745,-6.9514,-3.2769,-1.250|-3.089|-2.389|-0.223,-1.2499,-0.2492,1,0, lawyer,0.2034
Nelson Mandela,occupation,name_lens,6-8,subject_all,6, a,0,10,-8.7433,0.1341,-3.6745,-8.0636,-4.389,-2.111|-3.186|-2.523|-0.244,-2.1107,-1.11,1,0, lawyer,0.5113
Nelson Mandela,occupation,name_lens,6-8,subject_all,0,<|startoftext|>,0,11,-8.7433,0.0,-3.6745,-8.7433,-5.0687,-2.770|-3.175|-2.554|-0.244,-2.7704,-1.7698,1,0, lawyer,0.8413
Nelson Mandela,occupation,name_lens,6-8,subject_all,1,Nel,1,11,-8.7433,0.874,-3.6745,-4.3133,-0.6387,-1.189|-1.580|-1.436|-0.108,-1.1886,-0.1879,1,0, lawyer,0.1195
Nelson Mandela,occupation,name_lens,6-8,subject_all,2,son,1,11,-8.7433,0.3074,-3.6745,-7.1853,-3.5107,-1.598|-3.109|-2.271|-0.207,-1.5982,-0.5975,1,0, lawyer,0.3342
Nelson Mandela,occupation,name_lens,6-8,subject_all,3, Mandela,1,11,-8.7433,0.2265,-3.6745,-7.5954,-3.9208,-1.892|-3.226|-2.279|-0.198,-1.8922,-0.8915,1,0, lawyer,0.4602
Nelson Mandela,occupation,name_lens,6-8,subject_all,4, worked,0,11,-8.7433,0.6408,-3.6745,-5.4951,-1.8205,-1.245|-2.560|-1.508|-0.182,-1.2451,-0.2444,1,0, lawyer,0.0949
Nelson Mandela,occupation,name_lens,6-8,subject_all,5, as,0,11,-8.7433,0.3532,-3.6745,-6.9529,-3.2784,-1.271|-3.123|-2.337|-0.222,-1.2711,-0.2704,1,0, lawyer,0.2297
Nelson Mandela,occupation,name_lens,6-8,subject_all,6, a,0,11,-8.7433,0.117,-3.6745,-8.1502,-4.4756,-2.021|-3.205|-2.683|-0.241,-2.0207,-1.0201,1,0, lawyer,0.4966
Nelson Mandela,occupation,name_lens,6-8,subject_all,0,<|startoftext|>,0,12,-8.7433,0.0,-3.6745,-8.7433,-5.0687,-2.770|-3.175|-2.554|-0.244,-2.7704,-1.7698,1,0, lawyer,0.8413
Nelson Mandela,occupation,name_lens,6-8,subject_all,1,Nel,1,12,-8.7433,0.8639,-3.6745,-4.3643,-0.6898,-1.210|-1.639|-1.395|-0.121,-1.2098,-0.2092,1,0, lawyer,0.1245
Nelson Mandela,occupation,name_lens,6-8,subject_all,2,son,1,12,-8.7433,0.2794,-3.6745,-7.327,-3.6525,-1.650|-3.161|-2.308|-0.209,-1.6495,-0.6488,1,0, lawyer,0.3513
Nelson Mandela,occupation,name_lens,6-8,subject_all,3, Mandela,1,12,-8.7433,0.204,-3.6745,-7.7092,-4.0346,-2.035|-3.103|-2.372|-0.198,-2.0351,-1.0344,1,0, lawyer,0.4938
Nelson Mandela,occupation,name_lens,6-8,subject_all,4, worked,0,12,-8.7433,0.6319,-3.6745,-5.5404,-1.8658,-1.235|-2.551|-1.584|-0.170,-1.2351,-0.2344,1,0, lawyer,0.0927
Nelson Mandela,occupation,name_lens,6-8,subject_all,5, as,0,12,-8.7433,0.3838,-3.6745,-6.7977,-3.1231,-1.157|-3.089|-2.331|-0.221,-1.1572,-0.1565,1,0, lawyer,0.2053
Nelson Mandela,occupation,name_lens,6-8,subject_all,6, a,0,12,-8.7433,0.211,-3.6745,-7.6739,-3.9993,-1.787|-3.139|-2.508|-0.239,-1.7867,-0.7861,1,0, lawyer,0.362
Nelson Mandela,occupation,name_lens,6-8,subject_all,0,<|startoftext|>,0,13,-8.7433,0.0,-3.6745,-8.7433,-5.0687,-2.770|-3.175|-2.554|-0.244,-2.7704,-1.7698,1,0, lawyer,0.8413
Nelson Mandela,occupation,name_lens,6-8,subject_all,1,Nel,1,13,-8.7433,0.8618,-3.6745,-4.3749,-0.7004,-1.151|-1.694|-1.407|-0.123,-1.1506,-0.1499,1,0, lawyer,0.1241
Nelson Mandela,occupation,name_lens,6-8,subject_all,2,son,1,13,-8.7433,0.2803,-3.6745,-7.3227,-3.6482,-1.644|-3.159|-2.308|-0.212,-1.6437,-0.643,1,0, lawyer,0.3476
Nelson Mandela,occupation,name_lens,6-8,subject_all,3, Mandela,1,13,-8.7433,0.2335,-3.6745,-7.5596,-3.8851,-1.729|-3.239|-2.385|-0.207,-1.7286,-0.7279,1,0, lawyer,0.3788
Nelson Mandela,occupation,name_lens,6-8,subject_all,4, worked,0,13,-8.7433,0.626,-3.6745,-5.57,-1.8955,-1.291|-2.552|-1.548|-0.179,-1.2913,-0.2906,1,0, lawyer,0.099
Nelson Mandela,occupation,name_lens,6-8,subject_all,5, as,0,13,-8.7433,0.3585,-3.6745,-6.926,-3.2515,-1.230|-3.144|-2.330|-0.222,-1.23,-0.2293,1,0, lawyer,0.2236
Nelson Mandela,occupation,name_lens,6-8,subject_all,6, a,0,13,-8.7433,0.14,-3.6745,-8.0336,-4.3591,-1.928|-3.213|-2.646|-0.246,-1.9283,-0.9276,1,0, lawyer,0.4649
Nelson Mandela,occupation,name_lens,6-8,subject_all,0,<|startoftext|>,0,14,-8.7433,0.0,-3.6745,-8.7433,-5.0687,-2.770|-3.175|-2.554|-0.244,-2.7704,-1.7698,1,0, lawyer,0.8413
Nelson Mandela,occupation,name_lens,6-8,subject_all,1,Nel,1,14,-8.7433,0.7066,-3.6745,-5.1619,-1.4874,-1.146|-2.452|-1.440|-0.124,-1.1462,-0.1455,1,0, lawyer,0.1731
Nelson Mandela,occupation,name_lens,6-8,subject_all,2,son,1,14,-8.7433,0.0557,-3.6745,-8.4609,-4.7863,-2.649|-3.083|-2.500|-0.229,-2.6491,-1.6484,1,0, lawyer,0.7689
Nelson Mandela,occupation,name_lens,6-8,subject_all,3, Mandela,1,14,-8.7433,0.1679,-3.6745,-7.8924,-4.2179,-2.358|-3.197|-2.152|-0.186,-2.3576,-1.3569,1,0, lawyer,0.6446
Nelson Mandela,occupation,name_lens,6-8,subject_all,4, worked,0,14,-8.7433,0.1564,-3.6745,-7.9503,-4.2758,-1.979|-3.038|-2.648|-0.286,-1.9791,-0.9784,1,0, lawyer,0.382
Nelson Mandela,occupation,name_lens,6-8,subject_all,5, as,0,14,-8.7433,0.3997,-3.6745,-6.7172,-3.0427,-1.033|-2.882|-2.554|-0.248,-1.0334,-0.0327,1,0, lawyer,0.1203
Nelson Mandela,occupation,name_lens,6-8,subject_all,6, a,0,14,-8.7433,0.3448,-3.6745,-6.9955,-3.321,-1.030|-3.159|-2.577|-0.229,-1.0302,-0.0296,1,0, lawyer,0.1522
Nelson Mandela,occupation,name_lens,6-8,subject_all,0,<|startoftext|>,0,15,-8.7433,0.0,-3.6745,-8.7433,-5.0687,-2.770|-3.175|-2.554|-0.244,-2.7704,-1.7698,1,0, lawyer,0.8413
Nelson Mandela,occupation,name_lens,6-8,subject_all,1,Nel,1,15,-8.7433,0.6849,-3.6745,-5.2717,-1.5972,-1.025|-2.619|-1.500|-0.128,-1.0246,-0.0239,1,0, lawyer,0.1738
Nelson Mandela,occupation,name_lens,6-8,subject_all,2,son,1,15,-8.7433,-0.013,-3.6745,-8.8094,-5.1348,-2.817|-3.185|-2.575|-0.232,-2.8168,-1.8161,1,0, lawyer,0.8285
Nelson Mandela,occupation,name_lens,6-8,subject_all,3, Mandela,1,15,-8.7433,0.2779,-3.6745,-7.3344,-3.6599,-1.806|-3.189|-2.142|-0.198,-1.8061,-0.8054,1,0, lawyer,0.4346
Nelson Mandela,occupation,name_lens,6-8,subject_all,4, worked,0,15,-8.7433,0.139,-3.6745,-8.0387,-4.3642,-2.094|-3.041|-2.627|-0.278,-2.0937,-1.093,1,0, lawyer,0.4216
Nelson Mandela,occupation,name_lens,6-8,subject_all,5, as,0,15,-8.7433,0.3995,-3.6745,-6.7182,-3.0436,-0.996|-2.885|-2.589|-0.248,-0.9957,0.005,1,0, lawyer,0.1162
Nelson Mandela,occupation,name_lens,6-8,subject_all,6, a,0,15,-8.7433,0.3506,-3.6745,-6.966,-3.2915,-1.003|-3.156|-2.569|-0.238,-1.003,-0.0024,1,0, lawyer,0.1268
Nelson Mandela,occupation,name_lens,6-8,subject_all,0,<|startoftext|>,0,16,-8.7433,0.0,-3.6745,-8.7433,-5.0687,-2.770|-3.175|-2.554|-0.244,-2.7704,-1.7698,1,0, lawyer,0.8413
Nelson Mandela,occupation,name_lens,6-8,subject_all,1,Nel,1,16,-8.7433,0.003,-3.6745,-8.7283,-5.0537,-2.777|-3.162|-2.555|-0.234,-2.7775,-1.7768,1,0, lawyer,0.835
Nelson Mandela,occupation,name_lens,6-8,subject_all,2,son,1,16,-8.7433,-0.04,-3.6745,-8.9462,-5.2716,-2.857|-3.192|-2.653|-0.244,-2.8572,-1.8565,1,0, lawyer,0.8464
Nelson Mandela,occupation,name_lens,6-8,subject_all,3, Mandela,1,16,-8.7433,0.1095,-3.6745,-8.1881,-4.5135,-2.560|-3.161|-2.271|-0.197,-2.5597,-1.559,1,0, lawyer,0.7172
Nelson Mandela,occupation,name_lens,6-8,subject_all,4, worked,0,16,-8.7433,0.1293,-3.6745,-8.0879,-4.4134,-2.257|-2.959|-2.601|-0.270,-2.2573,-1.2567,1,0, lawyer,0.4931
Nelson Mandela,occupation,name_lens,6-8,subject_all,5, as,0,16,-8.7433,0.282,-3.6745,-7.3139,-3.6393,-1.507|-2.926|-2.634|-0.246,-1.5072,-0.5066,1,0, lawyer,0.2269
Nelson Mandela,occupation,name_lens,6-8,subject_all,6, a,0,16,-8.7433,0.3138,-3.6745,-7.1529,-3.4784,-1.099|-3.192|-2.622|-0.240,-1.0991,-0.0984,1,0, lawyer,0.0988
Nelson Mandela,occupation,name_lens,6-8,subject_all,0,<|startoftext|>,0,17,-8.7433,0.0,-3.6745,-8.7433,-5.0687,-2.770|-3.175|-2.554|-0.244,-2.7704,-1.7698,1,0, lawyer,0.8413
Nelson Mandela,occupation,name_lens,6-8,subject_all,1,Nel,1,17,-8.7433,-0.0181,-3.6745,-8.835,-5.1605,-2.810|-3.123|-2.659|-0.244,-2.8097,-1.809,1,0, lawyer,0.8527
Nelson Mandela,occupation,name_lens,6-8,subject_all,2,son,1,17,-8.7433,-0.0229,-3.6745,-8.8594,-5.1849,-2.816|-3.203|-2.603|-0.238,-2.8156,-1.8149,1,0, lawyer,0.8567
Nelson Mandela,occupation,name_lens,6-8,subject_all,3, Mandela,1,17,-8.7433,0.1047,-3.6745,-8.2128,-4.5383,-2.606|-3.155|-2.252|-0.200,-2.6055,-1.6048,1,0, lawyer,0.742
Nelson Mandela,occupation,name_lens,6-8,subject_all,4, worked,0,17,-8.7433,0.1213,-3.6745,-8.1285,-4.454,-2.204|-3.042|-2.603|-0.280,-2.2038,-1.2031,1,0, lawyer,0.4764
Nelson Mandela,occupation,name_lens,6-8,subject_all,5, as,0,17,-8.7433,0.2927,-3.6745,-7.2596,-3.5851,-1.503|-2.887|-2.625|-0.245,-1.5033,-0.5026,1,0, lawyer,0.2191
Nelson Mandela,occupation,name_lens,6-8,subject_all,6, a,0,17,-8.7433,0.3477,-3.6745,-6.981,-3.3065,-1.021|-3.149|-2.575|-0.236,-1.0215,-0.0208,1,0, lawyer,0.1013
Nelson Mandela,occupation,name_lens,6-8,subject_all,0,<|startoftext|>,0,18,-8.7433,0.0,-3.6745,-8.7433,-5.0687,-2.770|-3.175|-2.554|-0.244,-2.7704,-1.7698,1,0, lawyer,0.8413
Nelson Mandela,occupation,name_lens,6-8,subject_all,1,Nel,1,18,-8.7433,-0.0481,-3.6745,-8.9869,-5.3124,-2.803|-3.245|-2.691|-0.248,-2.8028,-1.8021,1,0, lawyer,0.854
Nelson Mandela,occupation,name_lens,6-8,subject_all,2,son,1,18,-8.7433,-0.0116,-3.6745,-8.8021,-5.1276,-2.764|-3.203|-2.573|-0.263,-2.7641,-1.7635,1,0, lawyer,0.8406
Nelson Mandela,occupation,name_lens,6-8,subject_all,3, Mandela,1,18,-8.7433,0.0932,-3.6745,-8.2709,-4.5964,-2.602|-3.148|-2.300|-0.221,-2.6018,-1.6012,1,0, lawyer,0.741
Nelson Mandela,occupation,name_lens,6-8,subject_all,4, worked,0,18,-8.7433,-0.0978,-3.6745,-9.2392,-5.5647,-3.191|-3.112|-2.673|-0.263,-3.1911,-2.1905,1,0, lawyer,0.9792
Nelson Mandela,occupation,name_lens,6-8,subject_all,5, as,0,18,-8.7433,0.201,-3.6745,-7.7243,-4.0498,-1.810|-2.999|-2.669|-0.246,-1.8102,-0.8095,1,0, lawyer,0.3778
Nelson Mandela,occupation,name_lens,6-8,subject_all,6, a,0,18,-8.7433,0.3475,-3.6745,-6.9821,-3.3075,-1.019|-3.179|-2.564|-0.220,-1.019,-0.0183,1,0, lawyer,0.032
Nelson Mandela,occupation,name_lens,6-8,subject_all,0,<|startoftext|>,0,19,-8.7433,0.0,-3.6745,-8.7433,-5.0687,-2.770|-3.175|-2.554|-0.244,-2.7704,-1.7698,1,0, lawyer,0.8413
Nelson Mandela,occupation,name_lens,6-8,subject_all,1,Nel,1,19,-8.7433,-0.0365,-3.6745,-8.9281,-5.2536,-2.810|-3.231|-2.643|-0.244,-2.8096,-1.8089,1,0, lawyer,0.8579
Nelson Mandela,occupation,name_lens,6-8,subject_all,2,son,1,19,-8.7433,-0.044,-3.6745,-8.9663,-5.2917,-2.871|-3.191|-2.654|-0.251,-2.8706,-1.8699,1,0, lawyer,0.8804
Nelson Mandela,occupation,name_lens,6-8,subject_all,3, Mandela,1,19,-8.7433,0.0729,-3.6745,-8.3737,-4.6991,-2.586|-3.169|-2.384|-0.234,-2.5862,-1.5855,1,0, lawyer,0.7619
Nelson Mandela,occupation,name_lens,6-8,subject_all,4, worked,0,19,-8.7433,-0.0871,-3.6745,-9.185,-5.5105,-3.083|-3.202|-2.620|-0.279,-3.0835,-2.0828,1,0, lawyer,0.9403
Nelson Mandela,occupation,name_lens,6-8,subject_all,5, as,0,19,-8.7433,0.1417,-3.6745,-8.0248,-4.3503,-2.242|-2.856|-2.677|-0.250,-2.2419,-1.2413,1,0, lawyer,0.5456
Nelson Mandela,occupation,name_lens,6-8,subject_all,6, a,0,19,-8.7433,0.3574,-3.6745,-6.9316,-3.2571,-0.967|-3.158|-2.574|-0.233,-0.9666,0.0341,1,0, lawyer,0.0268
Nelson Mandela,occupation,name_lens,6-8,subject_all,0,<|startoftext|>,0,20,-8.7433,0.0,-3.6745,-8.7433,-5.0687,-2.770|-3.175|-2.554|-0.244,-2.7704,-1.7698,1,0, lawyer,0.8413
Nelson Mandela,occupation,name_lens,6-8,subject_all,1,Nel,1,20,-8.7433,-0.0148,-3.6745,-8.8183,-5.1438,-2.803|-3.166|-2.606|-0.244,-2.8026,-1.8019,1,0, lawyer,0.856
Nelson Mandela,occupation,name_lens,6-8,subject_all,2,son,1,20,-8.7433,-0.0147,-3.6745,-8.8176,-5.143,-2.820|-3.175|-2.568|-0.255,-2.82,-1.8193,1,0, lawyer,0.8601
Nelson Mandela,occupation,name_lens,6-8,subject_all,3, Mandela,1,20,-8.7433,0.0406,-3.6745,-8.5373,-4.8627,-2.675|-3.218|-2.425|-0.219,-2.6747,-1.674,1,0, lawyer,0.8027
Nelson Mandela,occupation,name_lens,6-8,subject_all,4, worked,0,20,-8.7433,-0.1199,-3.6745,-9.351,-5.6764,-3.207|-3.230|-2.645|-0.269,-3.2067,-2.206,1,0, lawyer,0.9951
Nelson Mandela,occupation,name_lens,6-8,subject_all,5, as,0,20,-8.7433,0.07,-3.6745,-8.3885,-4.714,-2.375|-3.100|-2.660|-0.253,-2.3751,-1.3744,1,0, lawyer,0.6106
Nelson Mandela,occupation,name_lens,6-8,subject_all,6, a,0,20,-8.7433,0.3762,-3.6745,-6.8364,-3.1619,-0.918|-3.115|-2.571|-0.233,-0.918,0.0826,1,0, lawyer,0.0273
Nelson Mandela,occupation,name_lens,6-8,subject_all,0,<|startoftext|>,0,21,-8.7433,0.0,-3.6745,-8.7433,-5.0687,-2.770|-3.175|-2.554|-0.244,-2.7704,-1.7698,1,0, lawyer,0.8413
Nelson Mandela,occupation,name_lens,6-8,subject_all,1,Nel,1,21,-8.7433,-0.0255,-3.6745,-8.8724,-5.1979,-2.769|-3.175|-2.685|-0.244,-2.769,-1.7683,1,0, lawyer,0.8408
Nelson Mandela,occupation,name_lens,6-8,subject_all,2,son,1,21,-8.7433,-0.0259,-3.6745,-8.8746,-5.2,-2.818|-3.172|-2.642|-0.243,-2.8179,-1.8172,1,0, lawyer,0.8582
Nelson Mandela,occupation,name_lens,6-8,subject_all,3, Mandela,1,21,-8.7433,-0.0237,-3.6745,-8.8636,-5.1891,-2.832|-3.198|-2.582|-0.251,-2.8324,-1.8318,1,0, lawyer,0.8609
Nelson Mandela,occupation,name_lens,6-8,subject_all,4, worked,0,21,-8.7433,-0.1045,-3.6745,-9.2731,-5.5985,-3.139|-3.209|-2.662|-0.263,-3.1394,-2.1387,1,0, lawyer,0.9759
Nelson Mandela,occupation,name_lens,6-8,subject_all,5, as,0,21,-8.7433,0.0247,-3.6745,-8.6183,-4.9438,-2.561|-3.148|-2.658|-0.252,-2.5606,-1.5599,1,0, lawyer,0.7019
Nelson Mandela,occupation,name_lens,6-8,subject_all,6, a,0,21,-8.7433,0.3653,-3.6745,-6.8915,-3.217,-0.916|-3.126|-2.606|-0.244,-0.9161,0.0846,1,0, lawyer,0.0217
Nelson Mandela,occupation,name_lens,6-8,subject_all,0,<|startoftext|>,0,22,-8.7433,0.0,-3.6745,-8.7433,-5.0687,-2.770|-3.175|-2.554|-0.244,-2.7704,-1.7698,1,0, lawyer,0.8413
Nelson Mandela,occupation,name_lens,6-8,subject_all,1,Nel,1,22,-8.7433,-0.0272,-3.6745,-8.881,-5.2065,-2.825|-3.174|-2.638|-0.244,-2.8246,-1.8239,1,0, lawyer,0.8626
Nelson Mandela,occupation,name_lens,6-8,subject_all,2,son,1,22,-8.7433,-0.0254,-3.6745,-8.8718,-5.1972,-2.768|-3.173|-2.688|-0.243,-2.7677,-1.767,1,0, lawyer,0.8423
Nelson Mandela,occupation,name_lens,6-8,subject_all,3, Mandela,1,22,-8.7433,-0.0157,-3.6745,-8.823,-5.1485,-2.780|-3.188|-2.617|-0.238,-2.7798,-1.7791,1,0, lawyer,0.8389
Nelson Mandela,occupation,name_lens,6-8,subject_all,4, worked,0,22,-8.7433,-0.0688,-3.6745,-9.0921,-5.4176,-3.008|-3.174|-2.654|-0.256,-3.0075,-2.0069,1,0, lawyer,0.9328
Nelson Mandela,occupation,name_lens,6-8,subject_all,5, as,0,22,-8.7433,0.0184,-3.6745,-8.6502,-4.9756,-2.532|-3.230|-2.647|-0.242,-2.5317,-1.531,1,0, lawyer,0.7355
Nelson Mandela,occupation,name_lens,6-8,subject_all,6, a,0,22,-8.7433,0.3477,-3.6745,-6.9808,-3.3063,-0.937|-3.184|-2.616|-0.243,-0.9371,0.0636,1,0, lawyer,0.0065
Nelson Mandela,profession_of,name_lens,6-8,subject_all,-1,,,-1,-7.2895,0.0,-6.8913,-7.2895,-0.3982,-2.045|-2.189|-1.467|-1.589,-2.1885,-0.1143,1,0, lawyer,0.0291
Nelson Mandela,profession_of,name_lens,6-8,subject_all,0,<|startoftext|>,0,0,-7.2895,0.0,-6.8913,-7.2895,-0.3982,-2.045|-2.189|-1.467|-1.589,-2.1885,-0.1143,1,0, lawyer,0.0291
Nelson Mandela,profession_of,name_lens,6-8,subject_all,1,The,0,0,-7.2895,0.0,-6.8913,-7.2895,-0.3982,-2.045|-2.189|-1.467|-1.589,-2.1885,-0.1143,1,0, lawyer,0.0291
Nelson Mandela,profession_of,name_lens,6-8,subject_all,2, profession,0,0,-7.2895,0.0,-6.8913,-7.2895,-0.3982,-2.045|-2.189|-1.467|-1.589,-2.1885,-0.1143,1,0, lawyer,0.0291
Nelson Mandela,profession_of,name_lens,6-8,subject_all,3, of,0,0,-7.2895,0.0,-6.8913,-7.2895,-0.3982,-2.045|-2.189|-1.467|-1.589,-2.1885,-0.1143,1,0, lawyer,0.0291
Nelson Mandela,profession_of,name_lens,6-8,subject_all,4, Nelson,1,0,-7.2895,0.0,-6.8913,-7.2895,-0.3982,-2.045|-2.189|-1.467|-1.589,-2.1885,-0.1143,1,0, lawyer,0.0291
Nelson Mandela,profession_of,name_lens,6-8,subject_all,5, Mandela,1,0,-7.2895,0.0,-6.8913,-7.2895,-0.3982,-2.045|-2.189|-1.467|-1.589,-2.1885,-0.1143,1,0, lawyer,0.0291
Nelson Mandela,profession_of,name_lens,6-8,subject_all,6, was,0,0,-7.2895,0.0,-6.8913,-7.2895,-0.3982,-2.045|-2.189|-1.467|-1.589,-2.1885,-0.1143,1,0, lawyer,0.0291
Nelson Mandela,profession_of,name_lens,6-8,subject_all,0,<|startoftext|>,0,1,-7.2895,0.0,-6.8913,-7.2895,-0.3982,-2.045|-2.189|-1.467|-1.589,-2.1885,-0.1143,1,0, lawyer,0.0291
Nelson Mandela,profession_of,name_lens,6-8,subject_all,1,The,0,1,-7.2895,0.0,-6.8913,-7.2895,-0.3982,-2.045|-2.189|-1.467|-1.589,-2.1885,-0.1143,1,0, lawyer,0.0291
Nelson Mandela,profession_of,name_lens,6-8,subject_all,2, profession,0,1,-7.2895,0.0,-6.8913,-7.2895,-0.3982,-2.045|-2.189|-1.467|-1.589,-2.1885,-0.1143,1,0, lawyer,0.0291
Nelson Mandela,profession_of,name_lens,6-8,subject_all,3, of,0,1,-7.2895,0.0,-6.8913,-7.2895,-0.3982,-2.045|-2.189|-1.467|-1.589,-2.1885,-0.1143,1,0, lawyer,0.0291
Nelson Mandela,profession_of,name_lens,6-8,subject_all,4, Nelson,1,1,-7.2895,0.0,-6.8913,-7.2895,-0.3982,-2.045|-2.189|-1.467|-1.589,-2.1885,-0.1143,1,0, lawyer,0.0291
Nelson Mandela,profession_of,name_lens,6-8,subject_all,5, Mandela,1,1,-7.2895,0.0,-6.8913,-7.2895,-0.3982,-2.045|-2.189|-1.467|-1.589,-2.1885,-0.1143,1,0, lawyer,0.0291
Nelson Mandela,profession_of,name_lens,6-8,subject_all,6, was,0,1,-7.2895,0.0,-6.8913,-7.2895,-0.3982,-2.045|-2.189|-1.467|-1.589,-2.1885,-0.1143,1,0, lawyer,0.0291
Nelson Mandela,profession_of,name_lens,6-8,subject_all,0,<|startoftext|>,0,2,-7.2895,0.0,-6.8913,-7.2895,-0.3982,-2.045|-2.189|-1.467|-1.589,-2.1885,-0.1143,1,0, lawyer,0.0291
Nelson Mandela,profession_of,name_lens,6-8,subject_all,1,The,0,2,-7.2895,0.0,-6.8913,-7.2895,-0.3982,-2.045|-2.189|-1.467|-1.589,-2.1885,-0.1143,1,0, lawyer,0.0291
Nelson Mandela,profession_of,name_lens,6-8,subject_all,2, profession,0,2,-7.2895,0.0,-6.8913,-7.2895,-0.3982,-2.045|-2.189|-1.467|-1.589,-2.1885,-0.1143,1,0, lawyer,0.0291
Nelson Mandela,profession_of,name_lens,6-8,subject_all,3, of,0,2,-7.2895,0.0,-6.8913,-7.2895,-0.3982,-2.045|-2.189|-1.467|-1.589,-2.1885,-0.1143,1,0, lawyer,0.0291
Nelson Mandela,profession_of,name_lens,6-8,subject_all,4, Nelson,1,2,-7.2895,0.0,-6.8913,-7.2895,-0.3982,-2.045|-2.189|-1.467|-1.589,-2.1885,-0.1143,1,0, lawyer,0.0291
Nelson Mandela,profession_of,name_lens,6-8,subject_all,5, Mandela,1,2,-7.2895,0.0,-6.8913,-7.2895,-0.3982,-2.045|-2.189|-1.467|-1.589,-2.1885,-0.1143,1,0, lawyer,0.0291
Nelson Mandela,profession_of,name_lens,6-8,subject_all,6, was,0,2,-7.2895,0.0,-6.8913,-7.2895,-0.3982,-2.045|-2.189|-1.467|-1.589,-2.1885,-0.1143,1,0, lawyer,0.0291
Nelson Mandela,profession_of,name_lens,6-8,subject_all,0,<|startoftext|>,0,3,-7.2895,0.0,-6.8913,-7.2895,-0.3982,-2.045|-2.189|-1.467|-1.589,-2.1885,-0.1143,1,0, lawyer,0.0291
Nelson Mandela,profession_of,name_lens,6-8,subject_all,1,The,0,3,-7.2895,0.0,-6.8913,-7.2895,-0.3982,-2.045|-2.189|-1.467|-1.589,-2.1885,-0.1143,1,0, lawyer,0.0291
Nelson Mandela,profession_of,name_lens,6-8,subject_all,2, profession,0,3,-7.2895,0.0,-6.8913,-7.2895,-0.3982,-2.045|-2.189|-1.467|-1.589,-2.1885,-0.1143,1,0, lawyer,0.0291
Nelson Mandela,profession_of,name_lens,6-8,subject_all,3, of,0,3,-7.2895,0.0,-6.8913,-7.2895,-0.3982,-2.045|-2.189|-1.467|-1.589,-2.1885,-0.1143,1,0, lawyer,0.0291
Nelson Mandela,profession_of,name_lens,6-8,subject_all,4, Nelson,1,3,-7.2895,0.0,-6.8913,-7.2895,-0.3982,-2.045|-2.189|-1.467|-1.589,-2.1885,-0.1143,1,0, lawyer,0.0291
Nelson Mandela,profession_of,name_lens,6-8,subject_all,5, Mandela,1,3,-7.2895,0.0,-6.8913,-7.2895,-0.3982,-2.045|-2.189|-1.467|-1.589,-2.1885,-0.1143,1,0, lawyer,0.0291
Nelson Mandela,profession_of,name_lens,6-8,subject_all,6, was,0,3,-7.2895,0.0,-6.8913,-7.2895,-0.3982,-2.045|-2.189|-1.467|-1.589,-2.1885,-0.1143,1,0, lawyer,0.0291
Nelson Mandela,profession_of,name_lens,6-8,subject_all,0,<|startoftext|>,0,4,-7.2895,0.0,-6.8913,-7.2895,-0.3982,-2.045|-2.189|-1.467|-1.589,-2.1885,-0.1143,1,0, lawyer,0.0291
Nelson Mandela,profession_of,name_lens,6-8,subject_all,1,The,0,4,-7.2895,0.0,-6.8913,-7.2895,-0.3982,-2.045|-2.189|-1.467|-1.589,-2.1885,-0.1143,1,0, lawyer,0.0291
Nelson Mandela,profession_of,name_lens,6-8,subject_all,2, profession,0,4,-7.2895,0.0,-6.8913,-7.2895,-0.3982,-2.045|-2.189|-1.467|-1.589,-2.1885,-0.1143,1,0, lawyer,0.0291
Nelson Mandela,profession_of,name_lens,6-8,subject_all,3, of,0,4,-7.2895,0.0,-6.8913,-7.2895,-0.3982,-2.045|-2.189|-1.467|-1.589,-2.1885,-0.1143,1,0, lawyer,0.0291
Nelson Mandela,profession_of,name_lens,6-8,subject_all,4, Nelson,1,4,-7.2895,0.0,-6.8913,-7.2895,-0.3982,-2.045|-2.189|-1.467|-1.589,-2.1885,-0.1143,1,0, lawyer,0.0291
Nelson Mandela,profession_of,name_lens,6-8,subject_all,5, Mandela,1,4,-7.2895,0.0,-6.8913,-7.2895,-0.3982,-2.045|-2.189|-1.467|-1.589,-2.1885,-0.1143,1,0, lawyer,0.0291
Nelson Mandela,profession_of,name_lens,6-8,subject_all,6, was,0,4,-7.2895,0.0,-6.8913,-7.2895,-0.3982,-2.045|-2.189|-1.467|-1.589,-2.1885,-0.1143,1,0, lawyer,0.0291
Nelson Mandela,profession_of,name_lens,6-8,subject_all,0,<|startoftext|>,0,5,-7.2895,0.0,-6.8913,-7.2895,-0.3982,-2.045|-2.189|-1.467|-1.589,-2.1885,-0.1143,1,0, lawyer,0.0291
Nelson Mandela,profession_of,name_lens,6-8,subject_all,1,The,0,5,-7.2895,0.0,-6.8913,-7.2895,-0.3982,-2.045|-2.189|-1.467|-1.589,-2.1885,-0.1143,1,0, lawyer,0.0291
Nelson Mandela,profession_of,name_lens,6-8,subject_all,2, profession,0,5,-7.2895,0.0,-6.8913,-7.2895,-0.3982,-2.045|-2.189|-1.467|-1.589,-2.1885,-0.1143,1,0, lawyer,0.0291
Nelson Mandela,profession_of,name_lens,6-8,subject_all,3, of,0,5,-7.2895,0.0,-6.8913,-7.2895,-0.3982,-2.045|-2.189|-1.467|-1.589,-2.1885,-0.1143,1,0, lawyer,0.0291
Nelson Mandela,profession_of,name_lens,6-8,subject_all,4, Nelson,1,5,-7.2895,0.0,-6.8913,-7.2895,-0.3982,-2.045|-2.189|-1.467|-1.589,-2.1885,-0.1143,1,0, lawyer,0.0291
Nelson Mandela,profession_of,name_lens,6-8,subject_all,5, Mandela,1,5,-7.2895,0.0,-6.8913,-7.2895,-0.3982,-2.045|-2.189|-1.467|-1.589,-2.1885,-0.1143,1,0, lawyer,0.0291
Nelson Mandela,profession_of,name_lens,6-8,subject_all,6, was,0,5,-7.2895,0.0,-6.8913,-7.2895,-0.3982,-2.045|-2.189|-1.467|-1.589,-2.1885,-0.1143,1,0, lawyer,0.0291
Nelson Mandela,profession_of,name_lens,6-8,subject_all,0,<|startoftext|>,0,6,-7.2895,0.0,-6.8913,-7.2895,-0.3982,-2.045|-2.189|-1.467|-1.589,-2.1885,-0.1143,1,0, lawyer,0.0291
Nelson Mandela,profession_of,name_lens,6-8,subject_all,1,The,0,6,-7.2895,0.0,-6.8913,-7.2895,-0.3982,-2.045|-2.189|-1.467|-1.589,-2.1885,-0.1143,1,0, lawyer,0.0291
Nelson Mandela,profession_of,name_lens,6-8,subject_all,2, profession,0,6,-7.2895,0.0,-6.8913,-7.2895,-0.3982,-2.045|-2.189|-1.467|-1.589,-2.1885,-0.1143,1,0, lawyer,0.0291
Nelson Mandela,profession_of,name_lens,6-8,subject_all,3, of,0,6,-7.2895,0.0,-6.8913,-7.2895,-0.3982,-2.045|-2.189|-1.467|-1.589,-2.1885,-0.1143,1,0, lawyer,0.0291
Nelson Mandela,profession_of,name_lens,6-8,subject_all,4, Nelson,1,6,-7.2895,0.2238,-6.8913,-7.2003,-0.309,-2.120|-2.032|-1.410|-1.639,-2.0319,0.0423,1,0, lawyer,0.0242
Nelson Mandela,profession_of,name_lens,6-8,subject_all,5, Mandela,1,6,-7.2895,0.7003,-6.8913,-7.0106,-0.1193,-2.074|-1.962|-1.394|-1.581,-1.9615,0.1126,1,0, lawyer,0.0291
Nelson Mandela,profession_of,name_lens,6-8,subject_all,6, was,0,6,-7.2895,0.0,-6.8913,-7.2895,-0.3982,-2.045|-2.189|-1.467|-1.589,-2.1885,-0.1143,1,0, lawyer,0.0291
Nelson Mandela,profession_of,name_lens,6-8,subject_all,0,<|startoftext|>,0,7,-7.2895,0.0,-6.8913,-7.2895,-0.3982,-2.045|-2.189|-1.467|-1.589,-2.1885,-0.1143,1,0, lawyer,0.0291
Nelson Mandela,profession_of,name_lens,6-8,subject_all,1,The,0,7,-7.2895,0.0,-6.8913,-7.2895,-0.3982,-2.045|-2.189|-1.467|-1.589,-2.1885,-0.1143,1,0, lawyer,0.0291
Nelson Mandela,profession_of,name_lens,6-8,subject_all,2, profession,0,7,-7.2895,0.0,-6.8913,-7.2895,-0.3982,-2.045|-2.189|-1.467|-1.589,-2.1885,-0.1143,1,0, lawyer,0.0291
Nelson Mandela,profession_of,name_lens,6-8,subject_all,3, of,0,7,-7.2895,0.0,-6.8913,-7.2895,-0.3982,-2.045|-2.189|-1.467|-1.589,-2.1885,-0.1143,1,0, lawyer,0.0291
Nelson Mandela,profession_of,name_lens,6-8,subject_all,4, Nelson,1,7,-7.2895,-0.4549,-6.8913,-7.4706,-0.5793,-2.155|-2.200|-1.513|-1.602,-2.1995,-0.1253,1,0, lawyer,0.0284
Nelson Mandela,profession_of,name_lens,6-8,subject_all,5, Mandela,1,7,-7.2895,0.7613,-6.8913,-6.9864,-0.0951,-1.966|-2.008|-1.427|-1.586,-2.0078,0.0663,1,0, lawyer,0.024
Nelson Mandela,profession_of,name_lens,6-8,subject_all,6, was,0,7,-7.2895,0.3486,-6.8913,-7.1507,-0.2594,-2.011|-2.069|-1.468|-1.603,-2.0686,0.0056,1,0, lawyer,0.02
Nelson Mandela,profession_of,name_lens,6-8,subject_all,0,<|startoftext|>,0,8,-7.2895,0.0,-6.8913,-7.2895,-0.3982,-2.045|-2.189|-1.467|-1.589,-2.1885,-0.1143,1,0, lawyer,0.0291
Nelson Mandela,profession_of,name_lens,6-8,subject_all,1,The,0,8,-7.2895,0.0,-6.8913,-7.2895,-0.3982,-2.045|-2.189|-1.467|-1.589,-2.1885,-0.1143,1,0, lawyer,0.0291
Nelson Mandela,profession_of,name_lens,6-8,subject_all,2, profession,0,8,-7.2895,0.0,-6.8913,-7.2895,-0.3982,-2.045|-2.189|-1.467|-1.589,-2.1885,-0.1143,1,0, lawyer,0.0291
Nelson Mandela,profession_of,name_lens,6-8,subject_all,3, of,0,8,-7.2895,0.0,-6.8913,-7.2895,-0.3982,-2.045|-2.189|-1.467|-1.589,-2.1885,-0.1143,1,0, lawyer,0.0291
Nelson Mandela,profession_of,name_lens,6-8,subject_all,4, Nelson,1,8,-7.2895,0.2689,-6.8913,-7.1824,-0.2911,-2.004|-2.073|-1.450|-1.655,-2.0729,0.0013,1,0, lawyer,0.014
Nelson Mandela,profession_of,name_lens,6-8,subject_all,5, Mandela,1,8,-7.2895,-0.0609,-6.8913,-7.3137,-0.4224,-2.052|-2.277|-1.401|-1.584,-2.277,-0.2029,1,0, lawyer,0.0112
Nelson Mandela,profession_of,name_lens,6-8,subject_all,6, was,0,8,-7.2895,0.8341,-6.8913,-6.9574,-0.0661,-1.934|-2.022|-1.415|-1.587,-2.0216,0.0526,1,0, lawyer,0.0177
Nelson Mandela,profession_of,name_lens,6-8,subject_all,0,<|startoftext|>,0,9,-7.2895,0.0,-6.8913,-7.2895,-0.3982,-2.045|-2.189|-1.467|-1.589,-2.1885,-0.1143,1,0, lawyer,0.0291
Nelson Mandela,profession_of,name_lens,6-8,subject_all,1,The,0,9,-7.2895,0.0,-6.8913,-7.2895,-0.3982,-2.045|-2.189|-1.467|-1.589,-2.1885,-0.1143,1,0, lawyer,0.0291
Nelson Mandela,profession_of,name_lens,6-8,subject_all,2, profession,0,9,-7.2895,0.0,-6.8913,-7.2895,-0.3982,-2.045|-2.189|-1.467|-1.589,-2.1885,-0.1143,1,0, lawyer,0.0291
Nelson Mandela,profession_of,name_lens,6-8,subject_all,3, of,0,9,-7.2895,0.0,-6.8913,-7.2895,-0.3982,-2.045|-2.189|-1.467|-1.589,-2.1885,-0.1143,1,0, lawyer,0.0291
Nelson Mandela,profession_of,name_lens,6-8,subject_all,4, Nelson,1,9,-7.2895,-0.0589,-6.8913,-7.3129,-0.4216,-2.116|-2.119|-1.458|-1.620,-2.1186,-0.0444,1,0, lawyer,0.0239
Nelson Mandela,profession_of,name_lens,6-8,subject_all,5, Mandela,1,9,-7.2895,0.7777,-6.8913,-6.9798,-0.0885,-2.090|-1.873|-1.440|-1.577,-1.8727,0.2015,1,0, lawyer,0.0178
Nelson Mandela,profession_of,name_lens,6-8,subject_all,6, was,0,9,-7.2895,1.623,-6.8913,-6.6433,0.248,-1.734|-1.923|-1.409|-1.576,-1.9235,0.1507,1,0, lawyer,0.0415
Nelson Mandela,profession_of,name_lens,6-8,subject_all,0,<|startoftext|>,0,10,-7.2895,0.0,-6.8913,-7.2895,-0.3982,-2.045|-2.189|-1.467|-1.589,-2.1885,-0.1143,1,0, lawyer,0.0291
Nelson Mandela,profession_of,name_lens,6-8,subject_all,1,The,0,10,-7.2895,0.0,-6.8913,-7.2895,-0.3982,-2.045|-2.189|-1.467|-1.589,-2.1885,-0.1143,1,0, lawyer,0.0291
Nelson Mandela,profession_of,name_lens,6-8,subject_all,2, profession,0,10,-7.2895,0.0,-6.8913,-7.2895,-0.3982,-2.045|-2.189|-1.467|-1.589,-2.1885,-0.1143,1,0, lawyer,0.0291
Nelson Mandela,profession_of,name_lens,6-8,subject_all,3, of,0,10,-7.2895,0.0,-6.8913,-7.2895,-0.3982,-2.045|-2.189|-1.467|-1.589,-2.1885,-0.1143,1,0, lawyer,0.0291
Nelson Mandela,profession_of,name_lens,6-8,subject_all,4, Nelson,1,10,-7.2895,-0.2015,-6.8913,-7.3697,-0.4784,-2.112|-2.132|-1.471|-1.655,-2.1321,-0.0579,1,0, lawyer,0.023
Nelson Mandela,profession_of,name_lens,6-8,subject_all,5, Mandela,1,10,-7.2895,0.708,-6.8913,-7.0076,-0.1163,-2.126|-1.836|-1.439|-1.606,-1.8363,0.2378,1,0, lawyer,0.0191
Nelson Mandela,profession_of,name_lens,6-8,subject_all,6, was,0,10,-7.2895,1.3485,-6.8913,-6.7526,0.1387,-1.795|-1.933|-1.430|-1.594,-1.9329,0.1412,1,0, lawyer,0.0165
Nelson Mandela,profession_of,name_lens,6-8,subject_all,0,<|startoftext|>,0,11,-7.2895,0.0,-6.8913,-7.2895,-0.3982,-2.045|-2.189|-1.467|-1.589,-2.1885,-0.1143,1,0, lawyer,0.0291
Nelson Mandela,profession_of,name_lens,6-8,subject_all,1,The,0,11,-7.2895,0.0,-6.8913,-7.2895,-0.3982,-2.045|-2.189|-1.467|-1.589,-2.1885,-0.1143,1,0, lawyer,0.0291
Nelson Mandela,profession_of,name_lens,6-8,subject_all,2, profession,0,11,-7.2895,0.0,-6.8913,-7.2895,-0.3982,-2.045|-2.189|-1.467|-1.589,-2.1885,-0.1143,1,0, lawyer,0.0291
Nelson Mandela,profession_of,name_lens,6-8,subject_all,3, of,0,11,-7.2895,0.0,-6.8913,-7.2895,-0.3982,-2.045|-2.189|-1.467|-1.589,-2.1885,-0.1143,1,0, lawyer,0.0291
Nelson Mandela,profession_of,name_lens,6-8,subject_all,4, Nelson,1,11,-7.2895,-0.1764,-6.8913,-7.3597,-0.4684,-2.108|-2.177|-1.459|-1.615,-2.1775,-0.1033,1,0, lawyer,0.0229
Nelson Mandela,profession_of,name_lens,6-8,subject_all,5, Mandela,1,11,-7.2895,0.7211,-6.8913,-7.0024,-0.111,-2.121|-1.897|-1.416|-1.569,-1.8969,0.1773,1,0, lawyer,0.018
Nelson Mandela,profession_of,name_lens,6-8,subject_all,6, was,0,11,-7.2895,0.75,-6.8913,-6.9909,-0.0996,-1.846|-2.099|-1.428|-1.618,-2.0992,-0.025,1,0, lawyer,0.0194
Nelson Mandela,profession_of,name_lens,6-8,subject_all,0,<|startoftext|>,0,12,-7.2895,0.0,-6.8913,-7.2895,-0.3982,-2.045|-2.189|-1.467|-1.589,-2.1885,-0.1143,1,0, lawyer,0.0291
Nelson Mandela,profession_of,name_lens,6-8,subject_all,1,The,0,12,-7.2895,0.0,-6.8913,-7.2895,-0.3982,-2.045|-2.189|-1.467|-1.589,-2.1885,-0.1143,1,0, lawyer,0.0291
Nelson Mandela,profession_of,name_lens,6-8,subject_all,2, profession,0,12,-7.2895,0.0,-6.8913,-7.2895,-0.3982,-2.045|-2.189|-1.467|-1.589,-2.1885,-0.1143,1,0, lawyer,0.0291
Nelson Mandela,profession_of,name_lens,6-8,subject_all,3, of,0,12,-7.2895,0.0,-6.8913,-7.2895,-0.3982,-2.045|-2.189|-1.467|-1.589,-2.1885,-0.1143,1,0, lawyer,0.0291
Nelson Mandela,profession_of,name_lens,6-8,subject_all,4, Nelson,1,12,-7.2895,-0.0813,-6.8913,-7.3218,-0.4305,-2.104|-2.123|-1.485|-1.609,-2.1228,-0.0486,1,0, lawyer,0.0233
Nelson Mandela,profession_of,name_lens,6-8,subject_all,5, Mandela,1,12,-7.2895,0.7972,-6.8913,-6.9721,-0.0808,-2.072|-1.863|-1.437|-1.601,-1.8627,0.2114,1,0, lawyer,0.0168
Nelson Mandela,profession_of,name_lens,6-8,subject_all,6, was,0,12,-7.2895,0.9045,-6.8913,-6.9293,-0.038,-1.819|-2.102|-1.399|-1.610,-2.1021,-0.028,1,0, lawyer,0.0197
Nelson Mandela,profession_of,name_lens,6-8,subject_all,0,<|startoftext|>,0,13,-7.2895,0.0,-6.8913,-7.2895,-0.3982,-2.045|-2.189|-1.467|-1.589,-2.1885,-0.1143,1,0, lawyer,0.0291
Nelson Mandela,profession_of,name_lens,6-8,subject_all,1,The,0,13,-7.2895,0.0,-6.8913,-7.2895,-0.3982,-2.045|-2.189|-1.467|-1.589,-2.1885,-0.1143,1,0, lawyer,0.0291
Nelson Mandela,profession_of,name_lens,6-8,subject_all,2, profession,0,13,-7.2895,0.0,-6.8913,-7.2895,-0.3982,-2.045|-2.189|-1.467|-1.589,-2.1885,-0.1143,1,0, lawyer,0.0291
Nelson Mandela,profession_of,name_lens,6-8,subject_all,3, of,0,13,-7.2895,0.0,-6.8913,-7.2895,-0.3982,-2.045|-2.189|-1.467|-1.589,-2.1885,-0.1143,1,0, lawyer,0.0291
Nelson Mandela,profession_of,name_lens,6-8,subject_all,4, Nelson,1,13,-7.2895,0.0336,-6.8913,-7.2761,-0.3848,-2.052|-2.119|-1.484|-1.621,-2.1186,-0.0445,1,0, lawyer,0.0238
Nelson Mandela,profession_of,name_lens,6-8,subject_all,5, Mandela,1,13,-7.2895,0.8004,-6.8913,-6.9708,-0.0795,-2.060|-1.854|-1.446|-1.611,-1.8543,0.2198,1,0, lawyer,0.017
Nelson Mandela,profession_of,name_lens,6-8,subject_all,6, was,0,13,-7.2895,0.9601,-6.8913,-6.9072,-0.0159,-1.840|-2.079|-1.396|-1.592,-2.0793,-0.0051,1,0, lawyer,0.0184
Nelson Mandela,profession_of,name_lens,6-8,subject_all,0,<|startoftext|>,0,14,-7.2895,0.0,-6.8913,-7.2895,-0.3982,-2.045|-2.189|-1.467|-1.589,-2.1885,-0.1143,1,0, lawyer,0.0291
Nelson Mandela,profession_of,name_lens,6-8,subject_all,1,The,0,14,-7.2895,0.0,-6.8913,-7.2895,-0.3982,-2.045|-2.189|-1.467|-1.589,-2.1885,-0.1143,1,0, lawyer,0.0291
Nelson Mandela,profession_of,name_lens,6-8,subject_all,2, profession,0,14,-7.2895,0.0,-6.8913,-7.2895,-0.3982,-2.045|-2.189|-1.467|-1.589,-2.1885,-0.1143,1,0, lawyer,0.0291
Nelson Mandela,profession_of,name_lens,6-8,subject_all,3, of,0,14,-7.2895,0.0,-6.8913,-7.2895,-0.3982,-2.045|-2.189|-1.467|-1.589,-2.1885,-0.1143,1,0, lawyer,0.0291
Nelson Mandela,profession_of,name_lens,6-8,subject_all,4, Nelson,1,14,-7.2895,-0.0379,-6.8913,-7.3046,-0.4132,-2.044|-2.193|-1.488|-1.579,-2.1935,-0.1193,1,0, lawyer,0.0278
Nelson Mandela,profession_of,name_lens,6-8,subject_all,5, Mandela,1,14,-7.2895,0.7315,-6.8913,-6.9982,-0.1069,-2.083|-1.867|-1.458|-1.590,-1.8671,0.207,1,0, lawyer,0.0174
Nelson Mandela,profession_of,name_lens,6-8,subject_all,6, was,0,14,-7.2895,0.5074,-6.8913,-7.0875,-0.1961,-1.855|-2.222|-1.429|-1.581,-2.2223,-0.1481,1,0, lawyer,0.0172
Nelson Mandela,profession_of,name_lens,6-8,subject_all,0,<|startoftext|>,0,15,-7.2895,0.0,-6.8913,-7.2895,-0.3982,-2.045|-2.189|-1.467|-1.589,-2.1885,-0.1143,1,0, lawyer,0.0291
Nelson Mandela,profession_of,name_lens,6-8,subject_all,1,The,0,15,-7.2895,0.0,-6.8913,-7.2895,-0.3982,-2.045|-2.189|-1.467|-1.589,-2.1885,-0.1143,1,0, lawyer,0.0291
Nelson Mandela,profession_of,name_lens,6-8,subject_all,2, profession,0,15,-7.2895,0.0,-6.8913,-7.2895,-0.3982,-2.045|-2.189|-1.467|-1.589,-2.1885,-0.1143,1,0, lawyer,0.0291
Nelson Mandela,profession_of,name_lens,6-8,subject_all,3, of,0,15,-7.2895,0.0,-6.8913,-7.2895,-0.3982,-2.045|-2.189|-1.467|-1.589,-2.1885,-0.1143,1,0, lawyer,0.0291
Nelson Mandela,profession_of,name_lens,6-8,subject_all,4, Nelson,1,15,-7.2895,-0.0422,-6.8913,-7.3063,-0.4149,-2.029|-2.172|-1.488|-1.618,-2.1716,-0.0974,1,0, lawyer,0.0277
Nelson Mandela,profession_of,name_lens,6-8,subject_all,5, Mandela,1,15,-7.2895,0.502,-6.8913,-7.0896,-0.1983,-2.122|-1.908|-1.477|-1.583,-1.9083,0.1658,1,0, lawyer,0.017
Nelson Mandela,profession_of,name_lens,6-8,subject_all,6, was,0,15,-7.2895,0.3111,-6.8913,-7.1656,-0.2743,-1.915|-2.206|-1.425|-1.620,-2.2058,-0.1316,1,0, lawyer,0.0151
Nelson Mandela,profession_of,name_lens,6-8,subject_all,0,<|startoftext|>,0,16,-7.2895,0.0,-6.8913,-7.2895,-0.3982,-2.045|-2.189|-1.467|-1.589,-2.1885,-0.1143,1,0, lawyer,0.0291
Nelson Mandela,profession_of,name_lens,6-8,subject_all,1,The,0,16,-7.2895,0.0,-6.8913,-7.2895,-0.3982,-2.045|-2.189|-1.467|-1.589,-2.1885,-0.1143,1,0, lawyer,0.0291
Nelson Mandela,profession_of,name_lens,6-8,subject_all,2, profession,0,16,-7.2895,0.0,-6.8913,-7.2895,-0.3982,-2.045|-2.189|-1.467|-1.589,-2.1885,-0.1143,1,0, lawyer,0.0291
Nelson Mandela,profession_of,name_lens,6-8,subject_all,3, of,0,16,-7.2895,0.0,-6.8913,-7.2895,-0.3982,-2.045|-2.189|-1.467|-1.589,-2.1885,-0.1143,1,0, lawyer,0.0291
Nelson Mandela,profession_of,name_lens,6-8,subject_all,4, Nelson,1,16,-7.2895,0.0103,-6.8913,-7.2854,-0.3941,-2.030|-2.168|-1.469|-1.618,-2.168,-0.0938,1,0, lawyer,0.029
Nelson Mandela,profession_of,name_lens,6-8,subject_all,5, Mandela,1,16,-7.2895,0.8169,-6.8913,-6.9642,-0.0729,-2.017|-1.887|-1.442|-1.619,-1.8867,0.1875,1,0, lawyer,0.0167
Nelson Mandela,profession_of,name_lens,6-8,subject_all,6, was,0,16,-7.2895,0.1597,-6.8913,-7.2259,-0.3346,-1.967|-2.299|-1.395|-1.565,-2.2988,-0.2247,1,0, lawyer,0.0144
Nelson Mandela,profession_of,name_lens,6-8,subject_all,0,<|startoftext|>,0,17,-7.2895,0.0,-6.8913,-7.2895,-0.3982,-2.045|-2.189|-1.467|-1.589,-2.1885,-0.1143,1,0, lawyer,0.0291
Nelson Mandela,profession_of,name_lens,6-8,subject_all,1,The,0,17,-7.2895,0.0,-6.8913,-7.2895,-0.3982,-2.045|-2.189|-1.467|-1.589,-2.1885,-0.1143,1,0, lawyer,0.0291
Nelson Mandela,profession_of,name_lens,6-8,subject_all,2, profession,0,17,-7.2895,0.0,-6.8913,-7.2895,-0.3982,-2.045|-2.189|-1.467|-1.589,-2.1885,-0.1143,1,0, lawyer,0.0291
Nelson Mandela,profession_of,name_lens,6-8,subject_all,3, of,0,17,-7.2895,0.0,-6.8913,-7.2895,-0.3982,-2.045|-2.189|-1.467|-1.589,-2.1885,-0.1143,1,0, lawyer,0.0291
Nelson Mandela,profession_of,name_lens,6-8,subject_all,4, Nelson,1,17,-7.2895,-0.0037,-6.8913,-7.291,-0.3996,-2.022|-2.207|-1.455|-1.606,-2.2066,-0.1324,1,0, lawyer,0.0285
Nelson Mandela,profession_of,name_lens,6-8,subject_all,5, Mandela,1,17,-7.2895,0.9553,-6.8913,-6.9091,-0.0178,-2.023|-1.830|-1.441|-1.615,-1.8299,0.2443,1,0, lawyer,0.0186
Nelson Mandela,profession_of,name_lens,6-8,subject_all,6, was,0,17,-7.2895,0.0025,-6.8913,-7.2885,-0.3971,-1.977|-2.303|-1.427|-1.581,-2.3031,-0.2289,1,0, lawyer,0.0143
Nelson Mandela,profession_of,name_lens,6-8,subject_all,0,<|startoftext|>,0,18,-7.2895,0.0,-6.8913,-7.2895,-0.3982,-2.045|-2.189|-1.467|-1.589,-2.1885,-0.1143,1,0, lawyer,0.0291
Nelson Mandela,profession_of,name_lens,6-8,subject_all,1,The,0,18,-7.2895,0.0,-6.8913,-7.2895,-0.3982,-2.045|-2.189|-1.467|-1.589,-2.1885,-0.1143,1,0, lawyer,0.0291
Nelson Mandela,profession_of,name_lens,6-8,subject_all,2, profession,0,18,-7.2895,0.0,-6.8913,-7.2895,-0.3982,-2.045|-2.189|-1.467|-1.589,-2.1885,-0.1143,1,0, lawyer,0.0291
Nelson Mandela,profession_of,name_lens,6-8,subject_all,3, of,0,18,-7.2895,0.0,-6.8913,-7.2895,-0.3982,-2.045|-2.189|-1.467|-1.589,-2.1885,-0.1143,1,0, lawyer,0.0291
Nelson Mandela,profession_of,name_lens,6-8,subject_all,4, Nelson,1,18,-7.2895,0.035,-6.8913,-7.2755,-0.3842,-2.062|-2.154|-1.452|-1.607,-2.1539,-0.0798,1,0, lawyer,0.0305
Nelson Mandela,profession_of,name_lens,6-8,subject_all,5, Mandela,1,18,-7.2895,0.7242,-6.8913,-7.0011,-0.1098,-2.063|-1.848|-1.477|-1.612,-1.8485,0.2257,1,0, lawyer,0.0186
Nelson Mandela,profession_of,name_lens,6-8,subject_all,6, was,0,18,-7.2895,0.5831,-6.8913,-7.0573,-0.166,-1.937|-2.111|-1.408|-1.602,-2.1115,-0.0373,1,0, lawyer,0.0139
Nelson Mandela,profession_of,name_lens,6-8,subject_all,0,<|startoftext|>,0,19,-7.2895,0.0,-6.8913,-7.2895,-0.3982,-2.045|-2.189|-1.467|-1.589,-2.1885,-0.1143,1,0, lawyer,0.0291
Nelson Mandela,profession_of,name_lens,6-8,subject_all,1,The,0,19,-7.2895,0.0,-6.8913,-7.2895,-0.3982,-2.045|-2.189|-1.467|-1.589,-2.1885,-0.1143,1,0, lawyer,0.0291
Nelson Mandela,profession_of,name_lens,6-8,subject_all,2, profession,0,19,-7.2895,0.0,-6.8913,-7.2895,-0.3982,-2.045|-2.189|-1.467|-1.589,-2.1885,-0.1143,1,0, lawyer,0.0291
Nelson Mandela,profession_of,name_lens,6-8,subject_all,3, of,0,19,-7.2895,0.0,-6.8913,-7.2895,-0.3982,-2.045|-2.189|-1.467|-1.589,-2.1885,-0.1143,1,0, lawyer,0.0291
Nelson Mandela,profession_of,name_lens,6-8,subject_all,4, Nelson,1,19,-7.2895,-0.0045,-6.8913,-7.2913,-0.4,-2.029|-2.183|-1.464|-1.616,-2.1825,-0.1083,1,0, lawyer,0.0286
Nelson Mandela,profession_of,name_lens,6-8,subject_all,5, Mandela,1,19,-7.2895,0.3099,-6.8913,-7.1661,-0.2747,-2.089|-2.032|-1.439|-1.607,-2.0316,0.0426,1,0, lawyer,0.0238
Nelson Mandela,profession_of,name_lens,6-8,subject_all,6, was,0,19,-7.2895,0.5609,-6.8913,-7.0661,-0.1748,-1.872|-2.146|-1.448|-1.601,-2.1459,-0.0718,1,0, lawyer,0.0107
Nelson Mandela,profession_of,name_lens,6-8,subject_all,0,<|startoftext|>,0,20,-7.2895,0.0,-6.8913,-7.2895,-0.3982,-2.045|-2.189|-1.467|-1.589,-2.1885,-0.1143,1,0, lawyer,0.0291
Nelson Mandela,profession_of,name_lens,6-8,subject_all,1,The,0,20,-7.2895,0.0,-6.8913,-7.2895,-0.3982,-2.045|-2.189|-1.467|-1.589,-2.1885,-0.1143,1,0, lawyer,0.0291
Nelson Mandela,profession_of,name_lens,6-8,subject_all,2, profession,0,20,-7.2895,0.0,-6.8913,-7.2895,-0.3982,-2.045|-2.189|-1.467|-1.589,-2.1885,-0.1143,1,0, lawyer,0.0291
Nelson Mandela,profession_of,name_lens,6-8,subject_all,3, of,0,20,-7.2895,0.0,-6.8913,-7.2895,-0.3982,-2.045|-2.189|-1.467|-1.589,-2.1885,-0.1143,1,0, lawyer,0.0291
Nelson Mandela,profession_of,name_lens,6-8,subject_all,4, Nelson,1,20,-7.2895,0.0938,-6.8913,-7.2521,-0.3608,-2.037|-2.184|-1.466|-1.565,-2.1835,-0.1094,1,0, lawyer,0.0298
Nelson Mandela,profession_of,name_lens,6-8,subject_all,5, Mandela,1,20,-7.2895,0.2858,-6.8913,-7.1757,-0.2844,-2.121|-2.039|-1.434|-1.582,-2.0393,0.0348,1,0, lawyer,0.0262
Nelson Mandela,profession_of,name_lens,6-8,subject_all,6, was,0,20,-7.2895,0.8112,-6.8913,-6.9665,-0.0752,-1.835|-2.086|-1.452|-1.594,-2.086,-0.0119,1,0, lawyer,0.0102
Nelson Mandela,profession_of,name_lens,6-8,subject_all,0,<|startoftext|>,0,21,-7.2895,0.0,-6.8913,-7.2895,-0.3982,-2.045|-2.189|-1.467|-1.589,-2.1885,-0.1143,1,0, lawyer,0.0291
Nelson Mandela,profession_of,name_lens,6-8,subject_all,1,The,0,21,-7.2895,0.0,-6.8913,-7.2895,-0.3982,-2.045|-2.189|-1.467|-1.589,-2.1885,-0.1143,1,0, lawyer,0.0291
Nelson Mandela,profession_of,name_lens,6-8,subject_all,2, profession,0,21,-7.2895,0.0,-6.8913,-7.2895,-0.3982,-2.045|-2.189|-1.467|-1.589,-2.1885,-0.1143,1,0, lawyer,0.0291
Nelson Mandela,profession_of,name_lens,6-8,subject_all,3, of,0,21,-7.2895,0.0,-6.8913,-7.2895,-0.3982,-2.045|-2.189|-1.467|-1.589,-2.1885,-0.1143,1,0, lawyer,0.0291
Nelson Mandela,profession_of,name_lens,6-8,subject_all,4, Nelson,1,21,-7.2895,-0.0581,-6.8913,-7.3126,-0.4213,-2.044|-2.183|-1.465|-1.620,-2.1832,-0.109,1,0, lawyer,0.0294
Nelson Mandela,profession_of,name_lens,6-8,subject_all,5, Mandela,1,21,-7.2895,0.0163,-6.8913,-7.283,-0.3917,-2.114|-2.132|-1.446|-1.590,-2.1325,-0.0583,1,0, lawyer,0.027
Nelson Mandela,profession_of,name_lens,6-8,subject_all,6, was,0,21,-7.2895,0.639,-6.8913,-7.0351,-0.1437,-1.884|-2.130|-1.429|-1.592,-2.1296,-0.0554,1,0, lawyer,0.0085
Nelson Mandela,profession_of,name_lens,6-8,subject_all,0,<|startoftext|>,0,22,-7.2895,0.0,-6.8913,-7.2895,-0.3982,-2.045|-2.189|-1.467|-1.589,-2.1885,-0.1143,1,0, lawyer,0.0291
Nelson Mandela,profession_of,name_lens,6-8,subject_all,1,The,0,22,-7.2895,0.0,-6.8913,-7.2895,-0.3982,-2.045|-2.189|-1.467|-1.589,-2.1885,-0.1143,1,0, lawyer,0.0291
Nelson Mandela,profession_of,name_lens,6-8,subject_all,2, profession,0,22,-7.2895,0.0,-6.8913,-7.2895,-0.3982,-2.045|-2.189|-1.467|-1.589,-2.1885,-0.1143,1,0, lawyer,0.0291
Nelson Mandela,profession_of,name_lens,6-8,subject_all,3, of,0,22,-7.2895,0.0,-6.8913,-7.2895,-0.3982,-2.045|-2.189|-1.467|-1.589,-2.1885,-0.1143,1,0, lawyer,0.0291
Nelson Mandela,profession_of,name_lens,6-8,subject_all,4, Nelson,1,22,-7.2895,-0.0213,-6.8913,-7.298,-0.4066,-2.038|-2.176|-1.464|-1.620,-2.1757,-0.1015,1,0, lawyer,0.0295
Nelson Mandela,profession_of,name_lens,6-8,subject_all,5, Mandela,1,22,-7.2895,0.1053,-6.8913,-7.2475,-0.3562,-2.057|-2.129|-1.469|-1.593,-2.1295,-0.0553,1,0, lawyer,0.0297
Nelson Mandela,profession_of,name_lens,6-8,subject_all,6, was,0,22,-7.2895,0.57,-6.8913,-7.0625,-0.1712,-1.902|-2.100|-1.467|-1.593,-2.1002,-0.0261,1,0, lawyer,0.0066
Nelson Mandela,instrument,name_lens,6-8,subject_all,-1,,,-1,-12.0797,0.0,-4.2086,-12.0797,-7.8711,-1.128|-2.278|-3.004|-5.669,-1.1284,-0.8056,1,0, role,0.6103
Nelson Mandela,instrument,name_lens,6-8,subject_all,0,<|startoftext|>,0,0,-12.0797,0.0,-4.2086,-12.0797,-7.8711,-1.128|-2.278|-3.004|-5.669,-1.1284,-0.8056,1,0, role,0.6103
Nelson Mandela,instrument,name_lens,6-8,subject_all,1,Nel,1,0,-12.0797,0.0,-4.2086,-12.0797,-7.8711,-1.128|-2.278|-3.004|-5.669,-1.1284,-0.8056,1,0, role,0.6103
Nelson Mandela,instrument,name_lens,6-8,subject_all,2,son,1,0,-12.0797,0.0,-4.2086,-12.0797,-7.8711,-1.128|-2.278|-3.004|-5.669,-1.1284,-0.8056,1,0, role,0.6103
Nelson Mandela,instrument,name_lens,6-8,subject_all,3, Mandela,1,0,-12.0797,0.0,-4.2086,-12.0797,-7.8711,-1.128|-2.278|-3.004|-5.669,-1.1284,-0.8056,1,0, role,0.6103
Nelson Mandela,instrument,name_lens,6-8,subject_all,4, played,0,0,-12.0797,0.0,-4.2086,-12.0797,-7.8711,-1.128|-2.278|-3.004|-5.669,-1.1284,-0.8056,1,0, role,0.6103
Nelson Mandela,instrument,name_lens,6-8,subject_all,5, the,0,0,-12.0797,0.0,-4.2086,-12.0797,-7.8711,-1.128|-2.278|-3.004|-5.669,-1.1284,-0.8056,1,0, role,0.6103
Nelson Mandela,instrument,name_lens,6-8,subject_all,0,<|startoftext|>,0,1,-12.0797,0.0,-4.2086,-12.0797,-7.8711,-1.128|-2.278|-3.004|-5.669,-1.1284,-0.8056,1,0, role,0.6103
Nelson Mandela,instrument,name_lens,6-8,subject_all,1,Nel,1,1,-12.0797,0.0,-4.2086,-12.0797,-7.8711,-1.128|-2.278|-3.004|-5.669,-1.1284,-0.8056,1,0, role,0.6103
Nelson Mandela,instrument,name_lens,6-8,subject_all,2,son,1,1,-12.0797,0.0,-4.2086,-12.0797,-7.8711,-1.128|-2.278|-3.004|-5.669,-1.1284,-0.8056,1,0, role,0.6103
Nelson Mandela,instrument,name_lens,6-8,subject_all,3, Mandela,1,1,-12.0797,0.0,-4.2086,-12.0797,-7.8711,-1.128|-2.278|-3.004|-5.669,-1.1284,-0.8056,1,0, role,0.6103
Nelson Mandela,instrument,name_lens,6-8,subject_all,4, played,0,1,-12.0797,0.0,-4.2086,-12.0797,-7.8711,-1.128|-2.278|-3.004|-5.669,-1.1284,-0.8056,1,0, role,0.6103
Nelson Mandela,instrument,name_lens,6-8,subject_all,5, the,0,1,-12.0797,0.0,-4.2086,-12.0797,-7.8711,-1.128|-2.278|-3.004|-5.669,-1.1284,-0.8056,1,0, role,0.6103
Nelson Mandela,instrument,name_lens,6-8,subject_all,0,<|startoftext|>,0,2,-12.0797,0.0,-4.2086,-12.0797,-7.8711,-1.128|-2.278|-3.004|-5.669,-1.1284,-0.8056,1,0, role,0.6103
Nelson Mandela,instrument,name_lens,6-8,subject_all,1,Nel,1,2,-12.0797,0.0,-4.2086,-12.0797,-7.8711,-1.128|-2.278|-3.004|-5.669,-1.1284,-0.8056,1,0, role,0.6103
Nelson Mandela,instrument,name_lens,6-8,subject_all,2,son,1,2,-12.0797,0.0,-4.2086,-12.0797,-7.8711,-1.128|-2.278|-3.004|-5.669,-1.1284,-0.8056,1,0, role,0.6103
Nelson Mandela,instrument,name_lens,6-8,subject_all,3, Mandela,1,2,-12.0797,0.0,-4.2086,-12.0797,-7.8711,-1.128|-2.278|-3.004|-5.669,-1.1284,-0.8056,1,0, role,0.6103
Nelson Mandela,instrument,name_lens,6-8,subject_all,4, played,0,2,-12.0797,0.0,-4.2086,-12.0797,-7.8711,-1.128|-2.278|-3.004|-5.669,-1.1284,-0.8056,1,0, role,0.6103
Nelson Mandela,instrument,name_lens,6-8,subject_all,5, the,0,2,-12.0797,0.0,-4.2086,-12.0797,-7.8711,-1.128|-2.278|-3.004|-5.669,-1.1284,-0.8056,1,0, role,0.6103
Nelson Mandela,instrument,name_lens,6-8,subject_all,0,<|startoftext|>,0,3,-12.0797,0.0,-4.2086,-12.0797,-7.8711,-1.128|-2.278|-3.004|-5.669,-1.1284,-0.8056,1,0, role,0.6103
Nelson Mandela,instrument,name_lens,6-8,subject_all,1,Nel,1,3,-12.0797,0.0,-4.2086,-12.0797,-7.8711,-1.128|-2.278|-3.004|-5.669,-1.1284,-0.8056,1,0, role,0.6103
Nelson Mandela,instrument,name_lens,6-8,subject_all,2,son,1,3,-12.0797,0.0,-4.2086,-12.0797,-7.8711,-1.128|-2.278|-3.004|-5.669,-1.1284,-0.8056,1,0, role,0.6103
Nelson Mandela,instrument,name_lens,6-8,subject_all,3, Mandela,1,3,-12.0797,0.0,-4.2086,-12.0797,-7.8711,-1.128|-2.278|-3.004|-5.669,-1.1284,-0.8056,1,0, role,0.6103
Nelson Mandela,instrument,name_lens,6-8,subject_all,4, played,0,3,-12.0797,0.0,-4.2086,-12.0797,-7.8711,-1.128|-2.278|-3.004|-5.669,-1.1284,-0.8056,1,0, role,0.6103
Nelson Mandela,instrument,name_lens,6-8,subject_all,5, the,0,3,-12.0797,0.0,-4.2086,-12.0797,-7.8711,-1.128|-2.278|-3.004|-5.669,-1.1284,-0.8056,1,0, role,0.6103
Nelson Mandela,instrument,name_lens,6-8,subject_all,0,<|startoftext|>,0,4,-12.0797,0.0,-4.2086,-12.0797,-7.8711,-1.128|-2.278|-3.004|-5.669,-1.1284,-0.8056,1,0, role,0.6103
Nelson Mandela,instrument,name_lens,6-8,subject_all,1,Nel,1,4,-12.0797,0.0,-4.2086,-12.0797,-7.8711,-1.128|-2.278|-3.004|-5.669,-1.1284,-0.8056,1,0, role,0.6103
Nelson Mandela,instrument,name_lens,6-8,subject_all,2,son,1,4,-12.0797,0.0,-4.2086,-12.0797,-7.8711,-1.128|-2.278|-3.004|-5.669,-1.1284,-0.8056,1,0, role,0.6103
Nelson Mandela,instrument,name_lens,6-8,subject_all,3, Mandela,1,4,-12.0797,0.0,-4.2086,-12.0797,-7.8711,-1.128|-2.278|-3.004|-5.669,-1.1284,-0.8056,1,0, role,0.6103
Nelson Mandela,instrument,name_lens,6-8,subject_all,4, played,0,4,-12.0797,0.0,-4.2086,-12.0797,-7.8711,-1.128|-2.278|-3.004|-5.669,-1.1284,-0.8056,1,0, role,0.6103
Nelson Mandela,instrument,name_lens,6-8,subject_all,5, the,0,4,-12.0797,0.0,-4.2086,-12.0797,-7.8711,-1.128|-2.278|-3.004|-5.669,-1.1284,-0.8056,1,0, role,0.6103
Nelson Mandela,instrument,name_lens,6-8,subject_all,0,<|startoftext|>,0,5,-12.0797,0.0,-4.2086,-12.0797,-7.8711,-1.128|-2.278|-3.004|-5.669,-1.1284,-0.8056,1,0, role,0.6103
Nelson Mandela,instrument,name_lens,6-8,subject_all,1,Nel,1,5,-12.0797,0.0,-4.2086,-12.0797,-7.8711,-1.128|-2.278|-3.004|-5.669,-1.1284,-0.8056,1,0, role,0.6103
Nelson Mandela,instrument,name_lens,6-8,subject_all,2,son,1,5,-12.0797,0.0,-4.2086,-12.0797,-7.8711,-1.128|-2.278|-3.004|-5.669,-1.1284,-0.8056,1,0, role,0.6103
Nelson Mandela,instrument,name_lens,6-8,subject_all,3, Mandela,1,5,-12.0797,0.0,-4.2086,-12.0797,-7.8711,-1.128|-2.278|-3.004|-5.669,-1.1284,-0.8056,1,0, role,0.6103
Nelson Mandela,instrument,name_lens,6-8,subject_all,4, played,0,5,-12.0797,0.0,-4.2086,-12.0797,-7.8711,-1.128|-2.278|-3.004|-5.669,-1.1284,-0.8056,1,0, role,0.6103
Nelson Mandela,instrument,name_lens,6-8,subject_all,5, the,0,5,-12.0797,0.0,-4.2086,-12.0797,-7.8711,-1.128|-2.278|-3.004|-5.669,-1.1284,-0.8056,1,0, role,0.6103
Nelson Mandela,instrument,name_lens,6-8,subject_all,0,<|startoftext|>,0,6,-12.0797,0.0,-4.2086,-12.0797,-7.8711,-1.128|-2.278|-3.004|-5.669,-1.1284,-0.8056,1,0, role,0.6103
Nelson Mandela,instrument,name_lens,6-8,subject_all,1,Nel,1,6,-12.0797,0.7872,-4.2086,-5.8833,-1.6746,-0.504|-1.286|-0.969|-3.125,-0.5037,-0.1809,1,0, role,0.0587
Nelson Mandela,instrument,name_lens,6-8,subject_all,2,son,1,6,-12.0797,-0.0198,-4.2086,-12.2353,-8.0267,-1.168|-2.268|-3.012|-5.788,-1.1676,-0.8449,1,0, role,0.648
Nelson Mandela,instrument,name_lens,6-8,subject_all,3, Mandela,1,6,-12.0797,-0.032,-4.2086,-12.3316,-8.1229,-1.194|-2.320|-3.080|-5.738,-1.1942,-0.8714,1,0, role,0.6899
Nelson Mandela,instrument,name_lens,6-8,subject_all,4, played,0,6,-12.0797,0.0,-4.2086,-12.0797,-7.8711,-1.128|-2.278|-3.004|-5.669,-1.1284,-0.8056,1,0, role,0.6103
Nelson Mandela,instrument,name_lens,6-8,subject_all,5, the,0,6,-12.0797,0.0,-4.2086,-12.0797,-7.8711,-1.128|-2.278|-3.004|-5.669,-1.1284,-0.8056,1,0, role,0.6103
Nelson Mandela,instrument,name_lens,6-8,subject_all,0,<|startoftext|>,0,7,-12.0797,0.0,-4.2086,-12.0797,-7.8711,-1.128|-2.278|-3.004|-5.669,-1.1284,-0.8056,1,0, role,0.6103
Nelson Mandela,instrument,name_lens,6-8,subject_all,1,Nel,1,7,-12.0797,0.7756,-4.2086,-5.9752,-1.7665,-0.504|-1.228|-0.985|-3.258,-0.5043,-0.1816,1,0, role,0.0614
Nelson Mandela,instrument,name_lens,6-8,subject_all,2,son,1,7,-12.0797,-0.0063,-4.2086,-12.1295,-7.9209,-1.191|-2.284|-3.005|-5.649,-1.1909,-0.8682,1,0, role,0.6621
Nelson Mandela,instrument,name_lens,6-8,subject_all,3, Mandela,1,7,-12.0797,0.0137,-4.2086,-11.9721,-7.7635,-1.107|-2.224|-3.002|-5.639,-1.1068,-0.7841,1,0, role,0.6008
Nelson Mandela,instrument,name_lens,6-8,subject_all,4, played,0,7,-12.0797,0.108,-4.2086,-11.23,-7.0214,-0.648|-2.150|-3.014|-5.418,-0.6481,-0.3254,1,0, role,0.1545
Nelson Mandela,instrument,name_lens,6-8,subject_all,5, the,0,7,-12.0797,0.0557,-4.2086,-11.6415,-7.4329,-0.623|-2.218|-3.056|-5.745,-0.623,-0.3003,1,0, role,0.2338
Nelson Mandela,instrument,name_lens,6-8,subject_all,0,<|startoftext|>,0,8,-12.0797,0.0,-4.2086,-12.0797,-7.8711,-1.128|-2.278|-3.004|-5.669,-1.1284,-0.8056,1,0, role,0.6103
Nelson Mandela,instrument,name_lens,6-8,subject_all,1,Nel,1,8,-12.0797,0.923,-4.2086,-4.8144,-0.6057,-0.476|-0.335|-0.883|-3.120,-0.4764,-0.1536,1,0, role,0.0427
Nelson Mandela,instrument,name_lens,6-8,subject_all,2,son,1,8,-12.0797,0.101,-4.2086,-11.2848,-7.0761,-0.698|-2.116|-2.974|-5.497,-0.6978,-0.3751,1,0, role,0.1789
Nelson Mandela,instrument,name_lens,6-8,subject_all,3, Mandela,1,8,-12.0797,0.1723,-4.2086,-10.7234,-6.5148,-0.544|-1.847|-2.932|-5.400,-0.5442,-0.2214,1,0, role,0.114
Nelson Mandela,instrument,name_lens,6-8,subject_all,4, played,0,8,-12.0797,0.1899,-4.2086,-10.5847,-6.376,-0.631|-2.074|-2.816|-5.064,-0.6311,-0.3084,1,0, role,0.1268
Nelson Mandela,instrument,name_lens,6-8,subject_all,5, the,0,8,-12.0797,0.057,-4.2086,-11.6314,-7.4228,-0.648|-2.260|-3.006|-5.718,-0.6479,-0.3252,1,0, role,0.2389
Nelson Mandela,instrument,name_lens,6-8,subject_all,0,<|startoftext|>,0,9,-12.0797,0.0,-4.2086,-12.0797,-7.8711,-1.128|-2.278|-3.004|-5.669,-1.1284,-0.8056,1,0, role,0.6103
Nelson Mandela,instrument,name_lens,6-8,subject_all,1,Nel,1,9,-12.0797,0.9151,-4.2086,-4.8765,-0.6679,-0.479|-0.329|-0.909|-3.159,-0.4788,-0.1561,1,0, role,0.0439
Nelson Mandela,instrument,name_lens,6-8,subject_all,2,son,1,9,-12.0797,0.1032,-4.2086,-11.2671,-7.0585,-0.689|-2.110|-2.968|-5.500,-0.6893,-0.3665,1,0, role,0.1747
Nelson Mandela,instrument,name_lens,6-8,subject_all,3, Mandela,1,9,-12.0797,0.0285,-4.2086,-11.8553,-7.6466,-1.008|-2.183|-3.030|-5.635,-1.0084,-0.6857,1,0, role,0.526
Nelson Mandela,instrument,name_lens,6-8,subject_all,4, played,0,9,-12.0797,0.2492,-4.2086,-10.1181,-5.9094,-0.576|-1.959|-2.619|-4.964,-0.5762,-0.2535,1,0, role,0.0981
Nelson Mandela,instrument,name_lens,6-8,subject_all,5, the,0,9,-12.0797,0.0172,-4.2086,-11.9443,-7.7357,-0.993|-2.269|-2.998|-5.684,-0.9928,-0.67,1,0, role,0.5342
Nelson Mandela,instrument,name_lens,6-8,subject_all,0,<|startoftext|>,0,10,-12.0797,0.0,-4.2086,-12.0797,-7.8711,-1.128|-2.278|-3.004|-5.669,-1.1284,-0.8056,1,0, role,0.6103
Nelson Mandela,instrument,name_lens,6-8,subject_all,1,Nel,1,10,-12.0797,0.886,-4.2086,-5.1056,-0.8969,-0.497|-0.534|-0.911|-3.163,-0.4975,-0.1747,1,0, role,0.0514
Nelson Mandela,instrument,name_lens,6-8,subject_all,2,son,1,10,-12.0797,0.1011,-4.2086,-11.2837,-7.0751,-0.699|-2.058|-2.977|-5.549,-0.6992,-0.3764,1,0, role,0.1782
Nelson Mandela,instrument,name_lens,6-8,subject_all,3, Mandela,1,10,-12.0797,0.0477,-4.2086,-11.7044,-7.4958,-0.871|-2.191|-2.963|-5.679,-0.8714,-0.5487,1,0, role,0.4277
Nelson Mandela,instrument,name_lens,6-8,subject_all,4, played,0,10,-12.0797,0.3487,-4.2086,-9.3349,-5.1263,-0.583|-1.923|-2.327|-4.502,-0.5827,-0.26,1,0, role,0.0965
Nelson Mandela,instrument,name_lens,6-8,subject_all,5, the,0,10,-12.0797,0.0941,-4.2086,-11.3395,-7.1308,-0.530|-2.143|-3.032|-5.635,-0.5305,-0.2077,1,0, role,0.1331
Nelson Mandela,instrument,name_lens,6-8,subject_all,0,<|startoftext|>,0,11,-12.0797,0.0,-4.2086,-12.0797,-7.8711,-1.128|-2.278|-3.004|-5.669,-1.1284,-0.8056,1,0, role,0.6103
Nelson Mandela,instrument,name_lens,6-8,subject_all,1,Nel,1,11,-12.0797,0.8791,-4.2086,-5.1599,-0.9512,-0.479|-0.539|-0.978|-3.163,-0.4791,-0.1563,1,0, role,0.0465
Nelson Mandela,instrument,name_lens,6-8,subject_all,2,son,1,11,-12.0797,0.0953,-4.2086,-11.3297,-7.1211,-0.693|-2.114|-2.974|-5.549,-0.6926,-0.3699,1,0, role,0.1749
Nelson Mandela,instrument,name_lens,6-8,subject_all,3, Mandela,1,11,-12.0797,0.0847,-4.2086,-11.4133,-7.2047,-0.666|-2.108|-3.052|-5.588,-0.6655,-0.3428,1,0, role,0.167
Nelson Mandela,instrument,name_lens,6-8,subject_all,4, played,0,11,-12.0797,0.3664,-4.2086,-9.1957,-4.9871,-0.590|-1.871|-2.281|-4.454,-0.5895,-0.2668,1,0, role,0.093
Nelson Mandela,instrument,name_lens,6-8,subject_all,5, the,0,11,-12.0797,0.0281,-4.2086,-11.8587,-7.65,-0.917|-2.270|-3.000|-5.672,-0.9168,-0.594,1,0, role,0.4903
Nelson Mandela,instrument,name_lens,6-8,subject_all,0,<|startoftext|>,0,12,-12.0797,0.0,-4.2086,-12.0797,-7.8711,-1.128|-2.278|-3.004|-5.669,-1.1284,-0.8056,1,0, role,0.6103
Nelson Mandela,instrument,name_lens,6-8,subject_all,1,Nel,1,12,-12.0797,0.8654,-4.2086,-5.268,-1.0594,-0.496|-0.637|-0.971|-3.163,-0.4959,-0.1732,1,0, role,0.0522
Nelson Mandela,instrument,name_lens,6-8,subject_all,2,son,1,12,-12.0797,0.1007,-4.2086,-11.287,-7.0784,-0.700|-2.063|-2.980|-5.544,-0.7,-0.3773,1,0, role,0.1807
Nelson Mandela,instrument,name_lens,6-8,subject_all,3, Mandela,1,12,-12.0797,0.0387,-4.2086,-11.7753,-7.5667,-0.916|-2.194|-3.032|-5.634,-0.9162,-0.5935,1,0, role,0.4439
Nelson Mandela,instrument,name_lens,6-8,subject_all,4, played,0,12,-12.0797,0.3739,-4.2086,-9.1368,-4.9282,-0.550|-1.894|-2.290|-4.403,-0.55,-0.2273,1,0, role,0.0761
Nelson Mandela,instrument,name_lens,6-8,subject_all,5, the,0,12,-12.0797,0.0065,-4.2086,-12.0288,-7.8201,-1.106|-2.265|-3.004|-5.654,-1.1055,-0.7828,1,0, role,0.6076
Nelson Mandela,instrument,name_lens,6-8,subject_all,0,<|startoftext|>,0,13,-12.0797,0.0,-4.2086,-12.0797,-7.8711,-1.128|-2.278|-3.004|-5.669,-1.1284,-0.8056,1,0, role,0.6103
Nelson Mandela,instrument,name_lens,6-8,subject_all,1,Nel,1,13,-12.0797,0.8418,-4.2086,-5.454,-1.2453,-0.486|-0.749|-0.995|-3.224,-0.4864,-0.1637,1,0, role,0.0558
Nelson Mandela,instrument,name_lens,6-8,subject_all,2,son,1,13,-12.0797,0.1023,-4.2086,-11.2744,-7.0658,-0.670|-2.109|-2.970|-5.526,-0.6704,-0.3477,1,0, role,0.1677
Nelson Mandela,instrument,name_lens,6-8,subject_all,3, Mandela,1,13,-12.0797,0.0807,-4.2086,-11.4448,-7.2362,-0.634|-2.141|-3.011|-5.659,-0.6341,-0.3113,1,0, role,0.2121
Nelson Mandela,instrument,name_lens,6-8,subject_all,4, played,0,13,-12.0797,0.4665,-4.2086,-8.4077,-4.1991,-0.572|-1.896|-2.209|-3.731,-0.5721,-0.2494,1,0, role,0.0838
Nelson Mandela,instrument,name_lens,6-8,subject_all,5, the,0,13,-12.0797,0.0892,-4.2086,-11.3774,-7.1687,-0.568|-2.145|-3.033|-5.630,-0.5684,-0.2457,1,0, role,0.1496
Nelson Mandela,instrument,name_lens,6-8,subject_all,0,<|startoftext|>,0,14,-12.0797,0.0,-4.2086,-12.0797,-7.8711,-1.128|-2.278|-3.004|-5.669,-1.1284,-0.8056,1,0, role,0.6103
Nelson Mandela,instrument,name_lens,6-8,subject_all,1,Nel,1,14,-12.0797,0.7711,-4.2086,-6.0105,-1.8019,-0.522|-1.059|-1.205|-3.225,-0.5221,-0.1994,1,0, role,0.076
Nelson Mandela,instrument,name_lens,6-8,subject_all,2,son,1,14,-12.0797,0.0926,-4.2086,-11.3513,-7.1426,-0.670|-2.119|-2.983|-5.579,-0.6701,-0.3474,1,0, role,0.1743
Nelson Mandela,instrument,name_lens,6-8,subject_all,3, Mandela,1,14,-12.0797,0.1037,-4.2086,-11.2636,-7.055,-0.604|-2.016|-3.051|-5.592,-0.604,-0.2813,1,0, role,0.1495
Nelson Mandela,instrument,name_lens,6-8,subject_all,4, played,0,14,-12.0797,0.1927,-4.2086,-10.563,-6.3544,-0.462|-2.049|-2.902|-5.151,-0.4618,-0.1391,1,0, role,0.0486
Nelson Mandela,instrument,name_lens,6-8,subject_all,5, the,0,14,-12.0797,0.09,-4.2086,-11.3711,-7.1625,-0.584|-2.070|-3.076|-5.641,-0.5842,-0.2615,1,0, role,0.0991
Nelson Mandela,instrument,name_lens,6-8,subject_all,0,<|startoftext|>,0,15,-12.0797,0.0,-4.2086,-12.0797,-7.8711,-1.128|-2.278|-3.004|-5.669,-1.1284,-0.8056,1,0, role,0.6103
Nelson Mandela,instrument,name_lens,6-8,subject_all,1,Nel,1,15,-12.0797,0.6828,-4.2086,-6.705,-2.4964,-0.563|-1.140|-1.459|-3.543,-0.5635,-0.2407,1,0, role,0.097
Nelson Mandela,instrument,name_lens,6-8,subject_all,2,son,1,15,-12.0797,0.0015,-4.2086,-12.0677,-7.8591,-1.130|-2.288|-3.009|-5.641,-1.1301,-0.8074,1,0, role,0.6051
Nelson Mandela,instrument,name_lens,6-8,subject_all,3, Mandela,1,15,-12.0797,0.0946,-4.2086,-11.3351,-7.1265,-0.630|-2.077|-3.053|-5.576,-0.6299,-0.3071,1,0, role,0.1594
Nelson Mandela,instrument,name_lens,6-8,subject_all,4, played,0,15,-12.0797,0.1696,-4.2086,-10.7448,-6.5362,-0.463|-2.048|-2.965|-5.268,-0.4633,-0.1406,1,0, role,0.0506
Nelson Mandela,instrument,name_lens,6-8,subject_all,5, the,0,15,-12.0797,0.1053,-4.2086,-11.2506,-7.0419,-0.572|-2.006|-3.061|-5.612,-0.5723,-0.2496,1,0, role,0.0897
Nelson Mandela,instrument,name_lens,6-8,subject_all,0,<|startoftext|>,0,16,-12.0797,0.0,-4.2086,-12.0797,-7.8711,-1.128|-2.278|-3.004|-5.669,-1.1284,-0.8056,1,0, role,0.6103
Nelson Mandela,instrument,name_lens,6-8,subject_all,1,Nel,1,16,-12.0797,0.0365,-4.2086,-11.7926,-7.584,-1.077|-2.185|-2.939|-5.592,-1.0768,-0.7541,1,0, role,0.572
Nelson Mandela,instrument,name_lens,6-8,subject_all,2,son,1,16,-12.0797,0.0012,-4.2086,-12.0706,-7.862,-1.133|-2.308|-2.964|-5.667,-1.1326,-0.8098,1,0, role,0.6102
Nelson Mandela,instrument,name_lens,6-8,subject_all,3, Mandela,1,16,-12.0797,0.0269,-4.2086,-11.8683,-7.6597,-0.993|-2.200|-3.039|-5.637,-0.993,-0.6702,1,0, role,0.5003
Nelson Mandela,instrument,name_lens,6-8,subject_all,4, played,0,16,-12.0797,0.1644,-4.2086,-10.786,-6.5773,-0.460|-2.096|-2.958|-5.272,-0.4601,-0.1374,1,0, role,0.0581
Nelson Mandela,instrument,name_lens,6-8,subject_all,5, the,0,16,-12.0797,0.1117,-4.2086,-11.2002,-6.9916,-0.534|-2.019|-3.061|-5.586,-0.5345,-0.2117,1,0, role,0.0674
Nelson Mandela,instrument,name_lens,6-8,subject_all,0,<|startoftext|>,0,17,-12.0797,0.0,-4.2086,-12.0797,-7.8711,-1.128|-2.278|-3.004|-5.669,-1.1284,-0.8056,1,0, role,0.6103
Nelson Mandela,instrument,name_lens,6-8,subject_all,1,Nel,1,17,-12.0797,0.0064,-4.2086,-12.0296,-7.821,-1.105|-2.289|-2.993|-5.643,-1.105,-0.7822,1,0, role,0.5963
Nelson Mandela,instrument,name_lens,6-8,subject_all,2,son,1,17,-12.0797,0.0045,-4.2086,-12.044,-7.8354,-1.134|-2.313|-2.965|-5.632,-1.1339,-0.8112,1,0, role,0.6112
Nelson Mandela,instrument,name_lens,6-8,subject_all,3, Mandela,1,17,-12.0797,0.014,-4.2086,-11.9692,-7.7605,-1.026|-2.249|-3.036|-5.658,-1.0265,-0.7037,1,0, role,0.5225
Nelson Mandela,instrument,name_lens,6-8,subject_all,4, played,0,17,-12.0797,0.159,-4.2086,-10.8282,-6.6196,-0.483|-2.114|-2.938|-5.293,-0.483,-0.1603,1,0, role,0.066
Nelson Mandela,instrument,name_lens,6-8,subject_all,5, the,0,17,-12.0797,0.1089,-4.2086,-11.2222,-7.0136,-0.528|-2.016|-3.069|-5.609,-0.5282,-0.2055,1,0, role,0.0709
Nelson Mandela,instrument,name_lens,6-8,subject_all,0,<|startoftext|>,0,18,-12.0797,0.0,-4.2086,-12.0797,-7.8711,-1.128|-2.278|-3.004|-5.669,-1.1284,-0.8056,1,0, role,0.6103
Nelson Mandela,instrument,name_lens,6-8,subject_all,1,Nel,1,18,-12.0797,-0.0022,-4.2086,-12.0973,-7.8887,-1.119|-2.297|-3.007|-5.674,-1.1195,-0.7968,1,0, role,0.6039
Nelson Mandela,instrument,name_lens,6-8,subject_all,2,son,1,18,-12.0797,-0.0028,-4.2086,-12.1019,-7.8933,-1.120|-2.305|-3.015|-5.662,-1.1203,-0.7976,1,0, role,0.6074
Nelson Mandela,instrument,name_lens,6-8,subject_all,3, Mandela,1,18,-12.0797,0.0054,-4.2086,-12.0376,-7.829,-1.145|-2.266|-2.988|-5.639,-1.1448,-0.8221,1,0, role,0.6136
Nelson Mandela,instrument,name_lens,6-8,subject_all,4, played,0,18,-12.0797,0.1266,-4.2086,-11.083,-6.8744,-0.363|-2.305|-2.996|-5.419,-0.3633,-0.0405,1,0, role,0.1817
Nelson Mandela,instrument,name_lens,6-8,subject_all,5, the,0,18,-12.0797,0.1051,-4.2086,-11.2528,-7.0441,-0.520|-2.053|-3.078|-5.601,-0.5203,-0.1976,1,0, role,0.0609
Nelson Mandela,instrument,name_lens,6-8,subject_all,0,<|startoftext|>,0,19,-12.0797,0.0,-4.2086,-12.0797,-7.8711,-1.128|-2.278|-3.004|-5.669,-1.1284,-0.8056,1,0, role,0.6103
Nelson Mandela,instrument,name_lens,6-8,subject_all,1,Nel,1,19,-12.0797,0.003,-4.2086,-12.0562,-7.8476,-1.086|-2.296|-3.007|-5.668,-1.0858,-0.763,1,0, role,0.5849
Nelson Mandela,instrument,name_lens,6-8,subject_all,2,son,1,19,-12.0797,0.0028,-4.2086,-12.0579,-7.8493,-1.135|-2.300|-2.961|-5.663,-1.1352,-0.8125,1,0, role,0.6131
Nelson Mandela,instrument,name_lens,6-8,subject_all,3, Mandela,1,19,-12.0797,-0.0037,-4.2086,-12.1089,-7.9003,-1.142|-2.305|-3.032|-5.630,-1.1422,-0.8195,1,0, role,0.6125
Nelson Mandela,instrument,name_lens,6-8,subject_all,4, played,0,19,-12.0797,0.1245,-4.2086,-11.0996,-6.891,-0.376|-2.322|-3.007|-5.394,-0.3763,-0.0536,1,0, role,0.1844
Nelson Mandela,instrument,name_lens,6-8,subject_all,5, the,0,19,-12.0797,0.0931,-4.2086,-11.3466,-7.138,-0.542|-2.076|-3.122|-5.606,-0.5424,-0.2196,1,0, role,0.0631
Nelson Mandela,instrument,name_lens,6-8,subject_all,0,<|startoftext|>,0,20,-12.0797,0.0,-4.2086,-12.0797,-7.8711,-1.128|-2.278|-3.004|-5.669,-1.1284,-0.8056,1,0, role,0.6103
Nelson Mandela,instrument,name_lens,6-8,subject_all,1,Nel,1,20,-12.0797,0.0,-4.2086,-12.0794,-7.8708,-1.117|-2.283|-3.002|-5.677,-1.1168,-0.7941,1,0, role,0.6051
Nelson Mandela,instrument,name_lens,6-8,subject_all,2,son,1,20,-12.0797,0.007,-4.2086,-12.0243,-7.8157,-1.097|-2.299|-2.965|-5.663,-1.0973,-0.7746,1,0, role,0.5898
Nelson Mandela,instrument,name_lens,6-8,subject_all,3, Mandela,1,20,-12.0797,-0.0104,-4.2086,-12.162,-7.9533,-1.142|-2.310|-3.031|-5.679,-1.142,-0.8192,1,0, role,0.615
Nelson Mandela,instrument,name_lens,6-8,subject_all,4, played,0,20,-12.0797,0.0867,-4.2086,-11.3974,-7.1887,-0.435|-2.424|-3.067|-5.471,-0.4353,-0.1126,1,0, role,0.2085
Nelson Mandela,instrument,name_lens,6-8,subject_all,5, the,0,20,-12.0797,0.0805,-4.2086,-11.4462,-7.2376,-0.510|-2.226|-3.132|-5.579,-0.5097,-0.187,1,0, role,0.0541
Nelson Mandela,instrument,name_lens,6-8,subject_all,0,<|startoftext|>,0,21,-12.0797,0.0,-4.2086,-12.0797,-7.8711,-1.128|-2.278|-3.004|-5.669,-1.1284,-0.8056,1,0, role,0.6103
Nelson Mandela,instrument,name_lens,6-8,subject_all,1,Nel,1,21,-12.0797,-0.0085,-4.2086,-12.1468,-7.9382,-1.126|-2.339|-3.006|-5.676,-1.1261,-0.8034,1,0, role,0.6089
Nelson Mandela,instrument,name_lens,6-8,subject_all,2,son,1,21,-12.0797,-0.001,-4.2086,-12.088,-7.8794,-1.090|-2.298|-3.019|-5.682,-1.09,-0.7673,1,0, role,0.5874
Nelson Mandela,instrument,name_lens,6-8,subject_all,3, Mandela,1,21,-12.0797,-0.0115,-4.2086,-12.1705,-7.9618,-1.143|-2.314|-3.018|-5.695,-1.143,-0.8202,1,0, role,0.6181
Nelson Mandela,instrument,name_lens,6-8,subject_all,4, played,0,21,-12.0797,0.0539,-4.2086,-11.6558,-7.4472,-0.583|-2.442|-3.072|-5.559,-0.5825,-0.2598,1,0, role,0.2643
Nelson Mandela,instrument,name_lens,6-8,subject_all,5, the,0,21,-12.0797,0.0779,-4.2086,-11.4666,-7.258,-0.393|-2.260|-3.183|-5.630,-0.3932,-0.0705,1,0, role,0.0135
Nelson Mandela,instrument,name_lens,6-8,subject_all,0,<|startoftext|>,0,22,-12.0797,0.0,-4.2086,-12.0797,-7.8711,-1.128|-2.278|-3.004|-5.669,-1.1284,-0.8056,1,0, role,0.6103
Nelson Mandela,instrument,name_lens,6-8,subject_all,1,Nel,1,22,-12.0797,-0.0065,-4.2086,-12.1311,-7.9224,-1.126|-2.336|-3.004|-5.665,-1.126,-0.8032,1,0, role,0.6093
Nelson Mandela,instrument,name_lens,6-8,subject_all,2,son,1,22,-12.0797,0.0008,-4.2086,-12.0738,-7.8652,-1.088|-2.290|-3.016|-5.680,-1.0884,-0.7657,1,0, role,0.5863
Nelson Mandela,instrument,name_lens,6-8,subject_all,3, Mandela,1,22,-12.0797,0.0015,-4.2086,-12.0676,-7.8589,-1.102|-2.290|-3.013|-5.663,-1.1015,-0.7788,1,0, role,0.5934
Nelson Mandela,instrument,name_lens,6-8,subject_all,4, played,0,22,-12.0797,0.0068,-4.2086,-12.026,-7.8174,-0.964|-2.394|-3.011|-5.657,-0.9641,-0.6414,1,0, role,0.4844
Nelson Mandela,instrument,name_lens,6-8,subject_all,5, the,0,22,-12.0797,0.0719,-4.2086,-11.5142,-7.3056,-0.320|-2.412|-3.127|-5.655,-0.3202,0.0025,1,0, role,0.0007
Nelson Mandela,famous_for,name_lens,6-8,subject_all,-1,,,-1,-9.9142,0.0,-4.5274,-9.9142,-5.3868,-3.464|-3.614|-1.907|-0.929,-3.6145,-1.2087,1,0, role,1.1689
Nelson Mandela,famous_for,name_lens,6-8,subject_all,0,<|startoftext|>,0,0,-9.9142,0.0,-4.5274,-9.9142,-5.3868,-3.464|-3.614|-1.907|-0.929,-3.6145,-1.2087,1,0, role,1.1689
Nelson Mandela,famous_for,name_lens,6-8,subject_all,1,Nel,1,0,-9.9142,0.0,-4.5274,-9.9142,-5.3868,-3.464|-3.614|-1.907|-0.929,-3.6145,-1.2087,1,0, role,1.1689
Nelson Mandela,famous_for,name_lens,6-8,subject_all,2,son,1,0,-9.9142,0.0,-4.5274,-9.9142,-5.3868,-3.464|-3.614|-1.907|-0.929,-3.6145,-1.2087,1,0, role,1.1689
Nelson Mandela,famous_for,name_lens,6-8,subject_all,3, Mandela,1,0,-9.9142,0.0,-4.5274,-9.9142,-5.3868,-3.464|-3.614|-1.907|-0.929,-3.6145,-1.2087,1,0, role,1.1689
Nelson Mandela,famous_for,name_lens,6-8,subject_all,4, is,0,0,-9.9142,0.0,-4.5274,-9.9142,-5.3868,-3.464|-3.614|-1.907|-0.929,-3.6145,-1.2087,1,0, role,1.1689
Nelson Mandela,famous_for,name_lens,6-8,subject_all,5, famous,0,0,-9.9142,0.0,-4.5274,-9.9142,-5.3868,-3.464|-3.614|-1.907|-0.929,-3.6145,-1.2087,1,0, role,1.1689
Nelson Mandela,famous_for,name_lens,6-8,subject_all,6, for,0,0,-9.9142,0.0,-4.5274,-9.9142,-5.3868,-3.464|-3.614|-1.907|-0.929,-3.6145,-1.2087,1,0, role,1.1689
Nelson Mandela,famous_for,name_lens,6-8,subject_all,0,<|startoftext|>,0,1,-9.9142,0.0,-4.5274,-9.9142,-5.3868,-3.464|-3.614|-1.907|-0.929,-3.6145,-1.2087,1,0, role,1.1689
Nelson Mandela,famous_for,name_lens,6-8,subject_all,1,Nel,1,1,-9.9142,0.0,-4.5274,-9.9142,-5.3868,-3.464|-3.614|-1.907|-0.929,-3.6145,-1.2087,1,0, role,1.1689
Nelson Mandela,famous_for,name_lens,6-8,subject_all,2,son,1,1,-9.9142,0.0,-4.5274,-9.9142,-5.3868,-3.464|-3.614|-1.907|-0.929,-3.6145,-1.2087,1,0, role,1.1689
Nelson Mandela,famous_for,name_lens,6-8,subject_all,3, Mandela,1,1,-9.9142,0.0,-4.5274,-9.9142,-5.3868,-3.464|-3.614|-1.907|-0.929,-3.6145,-1.2087,1,0, role,1.1689
Nelson Mandela,famous_for,name_lens,6-8,subject_all,4, is,0,1,-9.9142,0.0,-4.5274,-9.9142,-5.3868,-3.464|-3.614|-1.907|-0.929,-3.6145,-1.2087,1,0, role,1.1689
Nelson Mandela,famous_for,name_lens,6-8,subject_all,5, famous,0,1,-9.9142,0.0,-4.5274,-9.9142,-5.3868,-3.464|-3.614|-1.907|-0.929,-3.6145,-1.2087,1,0, role,1.1689
Nelson Mandela,famous_for,name_lens,6-8,subject_all,6, for,0,1,-9.9142,0.0,-4.5274,-9.9142,-5.3868,-3.464|-3.614|-1.907|-0.929,-3.6145,-1.2087,1,0, role,1.1689
Nelson Mandela,famous_for,name_lens,6-8,subject_all,0,<|startoftext|>,0,2,-9.9142,0.0,-4.5274,-9.9142,-5.3868,-3.464|-3.614|-1.907|-0.929,-3.6145,-1.2087,1,0, role,1.1689
Nelson Mandela,famous_for,name_lens,6-8,subject_all,1,Nel,1,2,-9.9142,0.0,-4.5274,-9.9142,-5.3868,-3.464|-3.614|-1.907|-0.929,-3.6145,-1.2087,1,0, role,1.1689
Nelson Mandela,famous_for,name_lens,6-8,subject_all,2,son,1,2,-9.9142,0.0,-4.5274,-9.9142,-5.3868,-3.464|-3.614|-1.907|-0.929,-3.6145,-1.2087,1,0, role,1.1689
Nelson Mandela,famous_for,name_lens,6-8,subject_all,3, Mandela,1,2,-9.9142,0.0,-4.5274,-9.9142,-5.3868,-3.464|-3.614|-1.907|-0.929,-3.6145,-1.2087,1,0, role,1.1689
Nelson Mandela,famous_for,name_lens,6-8,subject_all,4, is,0,2,-9.9142,0.0,-4.5274,-9.9142,-5.3868,-3.464|-3.614|-1.907|-0.929,-3.6145,-1.2087,1,0, role,1.1689
Nelson Mandela,famous_for,name_lens,6-8,subject_all,5, famous,0,2,-9.9142,0.0,-4.5274,-9.9142,-5.3868,-3.464|-3.614|-1.907|-0.929,-3.6145,-1.2087,1,0, role,1.1689
Nelson Mandela,famous_for,name_lens,6-8,subject_all,6, for,0,2,-9.9142,0.0,-4.5274,-9.9142,-5.3868,-3.464|-3.614|-1.907|-0.929,-3.6145,-1.2087,1,0, role,1.1689
Nelson Mandela,famous_for,name_lens,6-8,subject_all,0,<|startoftext|>,0,3,-9.9142,0.0,-4.5274,-9.9142,-5.3868,-3.464|-3.614|-1.907|-0.929,-3.6145,-1.2087,1,0, role,1.1689
Nelson Mandela,famous_for,name_lens,6-8,subject_all,1,Nel,1,3,-9.9142,0.0,-4.5274,-9.9142,-5.3868,-3.464|-3.614|-1.907|-0.929,-3.6145,-1.2087,1,0, role,1.1689
Nelson Mandela,famous_for,name_lens,6-8,subject_all,2,son,1,3,-9.9142,0.0,-4.5274,-9.9142,-5.3868,-3.464|-3.614|-1.907|-0.929,-3.6145,-1.2087,1,0, role,1.1689
Nelson Mandela,famous_for,name_lens,6-8,subject_all,3, Mandela,1,3,-9.9142,0.0,-4.5274,-9.9142,-5.3868,-3.464|-3.614|-1.907|-0.929,-3.6145,-1.2087,1,0, role,1.1689
Nelson Mandela,famous_for,name_lens,6-8,subject_all,4, is,0,3,-9.9142,0.0,-4.5274,-9.9142,-5.3868,-3.464|-3.614|-1.907|-0.929,-3.6145,-1.2087,1,0, role,1.1689
Nelson Mandela,famous_for,name_lens,6-8,subject_all,5, famous,0,3,-9.9142,0.0,-4.5274,-9.9142,-5.3868,-3.464|-3.614|-1.907|-0.929,-3.6145,-1.2087,1,0, role,1.1689
Nelson Mandela,famous_for,name_lens,6-8,subject_all,6, for,0,3,-9.9142,0.0,-4.5274,-9.9142,-5.3868,-3.464|-3.614|-1.907|-0.929,-3.6145,-1.2087,1,0, role,1.1689
Nelson Mandela,famous_for,name_lens,6-8,subject_all,0,<|startoftext|>,0,4,-9.9142,0.0,-4.5274,-9.9142,-5.3868,-3.464|-3.614|-1.907|-0.929,-3.6145,-1.2087,1,0, role,1.1689
Nelson Mandela,famous_for,name_lens,6-8,subject_all,1,Nel,1,4,-9.9142,0.0,-4.5274,-9.9142,-5.3868,-3.464|-3.614|-1.907|-0.929,-3.6145,-1.2087,1,0, role,1.1689
Nelson Mandela,famous_for,name_lens,6-8,subject_all,2,son,1,4,-9.9142,0.0,-4.5274,-9.9142,-5.3868,-3.464|-3.614|-1.907|-0.929,-3.6145,-1.2087,1,0, role,1.1689
Nelson Mandela,famous_for,name_lens,6-8,subject_all,3, Mandela,1,4,-9.9142,0.0,-4.5274,-9.9142,-5.3868,-3.464|-3.614|-1.907|-0.929,-3.6145,-1.2087,1,0, role,1.1689
Nelson Mandela,famous_for,name_lens,6-8,subject_all,4, is,0,4,-9.9142,0.0,-4.5274,-9.9142,-5.3868,-3.464|-3.614|-1.907|-0.929,-3.6145,-1.2087,1,0, role,1.1689
Nelson Mandela,famous_for,name_lens,6-8,subject_all,5, famous,0,4,-9.9142,0.0,-4.5274,-9.9142,-5.3868,-3.464|-3.614|-1.907|-0.929,-3.6145,-1.2087,1,0, role,1.1689
Nelson Mandela,famous_for,name_lens,6-8,subject_all,6, for,0,4,-9.9142,0.0,-4.5274,-9.9142,-5.3868,-3.464|-3.614|-1.907|-0.929,-3.6145,-1.2087,1,0, role,1.1689
Nelson Mandela,famous_for,name_lens,6-8,subject_all,0,<|startoftext|>,0,5,-9.9142,0.0,-4.5274,-9.9142,-5.3868,-3.464|-3.614|-1.907|-0.929,-3.6145,-1.2087,1,0, role,1.1689
Nelson Mandela,famous_for,name_lens,6-8,subject_all,1,Nel,1,5,-9.9142,0.0,-4.5274,-9.9142,-5.3868,-3.464|-3.614|-1.907|-0.929,-3.6145,-1.2087,1,0, role,1.1689
Nelson Mandela,famous_for,name_lens,6-8,subject_all,2,son,1,5,-9.9142,0.0,-4.5274,-9.9142,-5.3868,-3.464|-3.614|-1.907|-0.929,-3.6145,-1.2087,1,0, role,1.1689
Nelson Mandela,famous_for,name_lens,6-8,subject_all,3, Mandela,1,5,-9.9142,0.0,-4.5274,-9.9142,-5.3868,-3.464|-3.614|-1.907|-0.929,-3.6145,-1.2087,1,0, role,1.1689
Nelson Mandela,famous_for,name_lens,6-8,subject_all,4, is,0,5,-9.9142,0.0,-4.5274,-9.9142,-5.3868,-3.464|-3.614|-1.907|-0.929,-3.6145,-1.2087,1,0, role,1.1689
Nelson Mandela,famous_for,name_lens,6-8,subject_all,5, famous,0,5,-9.9142,0.0,-4.5274,-9.9142,-5.3868,-3.464|-3.614|-1.907|-0.929,-3.6145,-1.2087,1,0, role,1.1689
Nelson Mandela,famous_for,name_lens,6-8,subject_all,6, for,0,5,-9.9142,0.0,-4.5274,-9.9142,-5.3868,-3.464|-3.614|-1.907|-0.929,-3.6145,-1.2087,1,0, role,1.1689
Nelson Mandela,famous_for,name_lens,6-8,subject_all,0,<|startoftext|>,0,6,-9.9142,0.0,-4.5274,-9.9142,-5.3868,-3.464|-3.614|-1.907|-0.929,-3.6145,-1.2087,1,0, role,1.1689
Nelson Mandela,famous_for,name_lens,6-8,subject_all,1,Nel,1,6,-9.9142,0.8503,-4.5274,-5.3335,-0.8061,-1.050|-2.745|-0.564|-0.974,-2.7452,-0.3394,2,1, work,0.0427
Nelson Mandela,famous_for,name_lens,6-8,subject_all,2,son,1,6,-9.9142,-0.0458,-4.5274,-10.1611,-5.6337,-3.574|-3.674|-1.965|-0.948,-3.6742,-1.2683,1,0, role,1.2108
Nelson Mandela,famous_for,name_lens,6-8,subject_all,3, Mandela,1,6,-9.9142,-0.0456,-4.5274,-10.1599,-5.6325,-3.564|-3.676|-1.988|-0.932,-3.6763,-1.2705,1,0, role,1.2055
Nelson Mandela,famous_for,name_lens,6-8,subject_all,4, is,0,6,-9.9142,0.0,-4.5274,-9.9142,-5.3868,-3.464|-3.614|-1.907|-0.929,-3.6145,-1.2087,1,0, role,1.1689
Nelson Mandela,famous_for,name_lens,6-8,subject_all,5, famous,0,6,-9.9142,0.0,-4.5274,-9.9142,-5.3868,-3.464|-3.614|-1.907|-0.929,-3.6145,-1.2087,1,0, role,1.1689
Nelson Mandela,famous_for,name_lens,6-8,subject_all,6, for,0,6,-9.9142,0.0,-4.5274,-9.9142,-5.3868,-3.464|-3.614|-1.907|-0.929,-3.6145,-1.2087,1,0, role,1.1689
Nelson Mandela,famous_for,name_lens,6-8,subject_all,0,<|startoftext|>,0,7,-9.9142,0.0,-4.5274,-9.9142,-5.3868,-3.464|-3.614|-1.907|-0.929,-3.6145,-1.2087,1,0, role,1.1689
Nelson Mandela,famous_for,name_lens,6-8,subject_all,1,Nel,1,7,-9.9142,0.8377,-4.5274,-5.4019,-0.8745,-1.106|-2.754|-0.578|-0.964,-2.7541,-0.3483,2,1, work,0.059
Nelson Mandela,famous_for,name_lens,6-8,subject_all,2,son,1,7,-9.9142,0.0134,-4.5274,-9.8419,-5.3145,-3.401|-3.572|-1.914|-0.956,-3.5718,-1.166,1,0, role,1.1433
Nelson Mandela,famous_for,name_lens,6-8,subject_all,3, Mandela,1,7,-9.9142,-0.0259,-4.5274,-10.0537,-5.5263,-3.472|-3.683|-1.987|-0.911,-3.6833,-1.2774,1,1, ,1.1581
Nelson Mandela,famous_for,name_lens,6-8,subject_all,4, is,0,7,-9.9142,0.1321,-4.5274,-9.2025,-4.6751,-3.170|-3.223|-1.830|-0.980,-3.2225,-0.8167,2,1, work,1.0277
Nelson Mandela,famous_for,name_lens,6-8,subject_all,5, famous,0,7,-9.9142,0.0271,-4.5274,-9.768,-5.2406,-3.396|-3.560|-1.903|-0.909,-3.5597,-1.1539,1,0, role,1.1385
Nelson Mandela,famous_for,name_lens,6-8,subject_all,6, for,0,7,-9.9142,0.0138,-4.5274,-9.8398,-5.3124,-3.422|-3.573|-1.913|-0.932,-3.5726,-1.1668,1,0, role,1.139
Nelson Mandela,famous_for,name_lens,6-8,subject_all,0,<|startoftext|>,0,8,-9.9142,0.0,-4.5274,-9.9142,-5.3868,-3.464|-3.614|-1.907|-0.929,-3.6145,-1.2087,1,0, role,1.1689
Nelson Mandela,famous_for,name_lens,6-8,subject_all,1,Nel,1,8,-9.9142,0.9799,-4.5274,-4.6355,-0.1081,-0.968|-2.518|-0.200|-0.949,-2.5185,-0.1127,1,0, role,0.039
Nelson Mandela,famous_for,name_lens,6-8,subject_all,2,son,1,8,-9.9142,0.0863,-4.5274,-9.4492,-4.9218,-3.198|-3.501|-1.841|-0.909,-3.5012,-1.0954,1,0, role,1.0521
Nelson Mandela,famous_for,name_lens,6-8,subject_all,3, Mandela,1,8,-9.9142,-0.011,-4.5274,-9.9733,-5.4459,-3.630|-3.635|-1.859|-0.850,-3.6346,-1.2288,1,0, role,1.2118
Nelson Mandela,famous_for,name_lens,6-8,subject_all,4, is,0,8,-9.9142,0.1671,-4.5274,-9.0142,-4.4868,-3.104|-3.200|-1.769|-0.941,-3.2,-0.7942,2,1, work,0.9973
Nelson Mandela,famous_for,name_lens,6-8,subject_all,5, famous,0,8,-9.9142,0.153,-4.5274,-9.0899,-4.5625,-3.269|-3.126|-1.758|-0.937,-3.1258,-0.72,2,1, work,1.0612
Nelson Mandela,famous_for,name_lens,6-8,subject_all,6, for,0,8,-9.9142,0.1057,-4.5274,-9.3448,-4.8174,-3.044|-3.518|-1.850|-0.933,-3.5175,-1.1117,1,0, role,0.9169
Nelson Mandela,famous_for,name_lens,6-8,subject_all,0,<|startoftext|>,0,9,-9.9142,0.0,-4.5274,-9.9142,-5.3868,-3.464|-3.614|-1.907|-0.929,-3.6145,-1.2087,1,0, role,1.1689
Nelson Mandela,famous_for,name_lens,6-8,subject_all,1,Nel,1,9,-9.9142,0.9122,-4.5274,-5.0002,-0.4728,-0.985|-2.670|-0.358|-0.987,-2.6705,-0.2647,1,1, work,0.0442
Nelson Mandela,famous_for,name_lens,6-8,subject_all,2,son,1,9,-9.9142,0.0915,-4.5274,-9.4211,-4.8937,-3.179|-3.489|-1.843|-0.910,-3.4894,-1.0836,1,0, role,1.0436
Nelson Mandela,famous_for,name_lens,6-8,subject_all,3, Mandela,1,9,-9.9142,0.0341,-4.5274,-9.7304,-5.203,-3.350|-3.612|-1.887|-0.881,-3.6124,-1.2066,1,0, role,1.095
Nelson Mandela,famous_for,name_lens,6-8,subject_all,4, is,0,9,-9.9142,0.075,-4.5274,-9.5101,-4.9827,-3.329|-3.618|-1.604|-0.959,-3.618,-1.2122,1,0, role,1.0987
Nelson Mandela,famous_for,name_lens,6-8,subject_all,5, famous,0,9,-9.9142,0.2167,-4.5274,-8.7471,-4.2197,-3.212|-3.086|-1.519|-0.931,-3.0856,-0.6798,2,1, work,1.0389
Nelson Mandela,famous_for,name_lens,6-8,subject_all,6, for,0,9,-9.9142,0.0727,-4.5274,-9.5228,-4.9954,-3.181|-3.507|-1.926|-0.909,-3.507,-1.1012,1,0, role,0.9668
Nelson Mandela,famous_for,name_lens,6-8,subject_all,0,<|startoftext|>,0,10,-9.9142,0.0,-4.5274,-9.9142,-5.3868,-3.464|-3.614|-1.907|-0.929,-3.6145,-1.2087,1,0, role,1.1689
Nelson Mandela,famous_for,name_lens,6-8,subject_all,1,Nel,1,10,-9.9142,0.8983,-4.5274,-5.0754,-0.548,-0.972|-2.727|-0.397|-0.979,-2.7273,-0.3215,2,1, work,0.0469
Nelson Mandela,famous_for,name_lens,6-8,subject_all,2,son,1,10,-9.9142,0.0753,-4.5274,-9.5088,-4.9814,-3.145|-3.644|-1.780|-0.941,-3.6438,-1.238,2,1, work,1.0188
Nelson Mandela,famous_for,name_lens,6-8,subject_all,3, Mandela,1,10,-9.9142,0.0115,-4.5274,-9.852,-5.3246,-3.416|-3.606|-1.894|-0.936,-3.6064,-1.2005,1,0, role,1.1252
Nelson Mandela,famous_for,name_lens,6-8,subject_all,4, is,0,10,-9.9142,0.0735,-4.5274,-9.5183,-4.9909,-3.363|-3.576|-1.624|-0.957,-3.5755,-1.1697,1,0, role,1.1037
Nelson Mandela,famous_for,name_lens,6-8,subject_all,5, famous,0,10,-9.9142,0.2895,-4.5274,-8.3549,-3.8275,-3.154|-2.756|-1.521|-0.924,-2.756,-0.3502,1,1, work,1.0072
Nelson Mandela,famous_for,name_lens,6-8,subject_all,6, for,0,10,-9.9142,0.1282,-4.5274,-9.2238,-4.6964,-2.968|-3.492|-1.845|-0.919,-3.4922,-1.0864,1,0, role,0.8514
Nelson Mandela,famous_for,name_lens,6-8,subject_all,0,<|startoftext|>,0,11,-9.9142,0.0,-4.5274,-9.9142,-5.3868,-3.464|-3.614|-1.907|-0.929,-3.6145,-1.2087,1,0, role,1.1689
Nelson Mandela,famous_for,name_lens,6-8,subject_all,1,Nel,1,11,-9.9142,0.8977,-4.5274,-5.0785,-0.551,-0.992|-2.693|-0.407|-0.987,-2.6929,-0.2871,2,1, work,0.0492
Nelson Mandela,famous_for,name_lens,6-8,subject_all,2,son,1,11,-9.9142,0.0887,-4.5274,-9.4364,-4.9089,-3.214|-3.442|-1.853|-0.928,-3.4424,-1.0366,1,0, role,1.0499
Nelson Mandela,famous_for,name_lens,6-8,subject_all,3, Mandela,1,11,-9.9142,0.0482,-4.5274,-9.6544,-5.127,-3.303|-3.558|-1.845|-0.948,-3.5582,-1.1524,1,0, role,1.0772
Nelson Mandela,famous_for,name_lens,6-8,subject_all,4, is,0,11,-9.9142,0.0979,-4.5274,-9.3869,-4.8595,-3.241|-3.662|-1.508|-0.977,-3.6616,-1.2558,2,1, work,1.0498
Nelson Mandela,famous_for,name_lens,6-8,subject_all,5, famous,0,11,-9.9142,0.2609,-4.5274,-8.5086,-3.9812,-3.244|-2.812|-1.472|-0.981,-2.8117,-0.4059,1,1, work,1.0438
Nelson Mandela,famous_for,name_lens,6-8,subject_all,6, for,0,11,-9.9142,0.1332,-4.5274,-9.1966,-4.6692,-2.973|-3.443|-1.847|-0.934,-3.4428,-1.037,1,0, role,0.8658
Nelson Mandela,famous_for,name_lens,6-8,subject_all,0,<|startoftext|>,0,12,-9.9142,0.0,-4.5274,-9.9142,-5.3868,-3.464|-3.614|-1.907|-0.929,-3.6145,-1.2087,1,0, role,1.1689
Nelson Mandela,famous_for,name_lens,6-8,subject_all,1,Nel,1,12,-9.9142,0.8852,-4.5274,-5.1457,-0.6183,-1.008|-2.683|-0.467|-0.988,-2.6826,-0.2768,2,1, work,0.0517
Nelson Mandela,famous_for,name_lens,6-8,subject_all,2,son,1,12,-9.9142,0.0859,-4.5274,-9.4514,-4.924,-3.177|-3.543|-1.811|-0.921,-3.5429,-1.1371,1,0, role,1.0444
Nelson Mandela,famous_for,name_lens,6-8,subject_all,3, Mandela,1,12,-9.9142,0.0414,-4.5274,-9.6911,-5.1637,-3.286|-3.560|-1.895|-0.950,-3.5595,-1.1537,1,0, role,1.0884
Nelson Mandela,famous_for,name_lens,6-8,subject_all,4, is,0,12,-9.9142,0.0459,-4.5274,-9.6667,-5.1393,-3.224|-3.709|-1.772|-0.962,-3.7093,-1.3035,2,1, work,1.0407
Nelson Mandela,famous_for,name_lens,6-8,subject_all,5, famous,0,12,-9.9142,0.2719,-4.5274,-8.4498,-3.9224,-3.201|-2.781|-1.507|-0.962,-2.7806,-0.3748,1,1, work,1.0201
Nelson Mandela,famous_for,name_lens,6-8,subject_all,6, for,0,12,-9.9142,0.1262,-4.5274,-9.2344,-4.707,-2.966|-3.452|-1.843|-0.974,-3.4519,-1.0461,1,0, role,0.8639
Nelson Mandela,famous_for,name_lens,6-8,subject_all,0,<|startoftext|>,0,13,-9.9142,0.0,-4.5274,-9.9142,-5.3868,-3.464|-3.614|-1.907|-0.929,-3.6145,-1.2087,1,0, role,1.1689
Nelson Mandela,famous_for,name_lens,6-8,subject_all,1,Nel,1,13,-9.9142,0.8768,-4.5274,-5.191,-0.6636,-1.046|-2.727|-0.484|-0.934,-2.7267,-0.3209,2,1, work,0.0572
Nelson Mandela,famous_for,name_lens,6-8,subject_all,2,son,1,13,-9.9142,0.0948,-4.5274,-9.4037,-4.8763,-3.216|-3.426|-1.840|-0.922,-3.4264,-1.0206,1,0, role,1.0518
Nelson Mandela,famous_for,name_lens,6-8,subject_all,3, Mandela,1,13,-9.9142,0.0327,-4.5274,-9.7382,-5.2108,-3.306|-3.553|-1.938|-0.941,-3.553,-1.1472,1,0, role,1.0929
Nelson Mandela,famous_for,name_lens,6-8,subject_all,4, is,0,13,-9.9142,0.2366,-4.5274,-8.6395,-4.1121,-3.165|-3.017|-1.478|-0.978,-3.0172,-0.6114,2,1, work,1.0095
Nelson Mandela,famous_for,name_lens,6-8,subject_all,5, famous,0,13,-9.9142,0.2647,-4.5274,-8.4885,-3.9611,-3.196|-2.929|-1.395|-0.968,-2.929,-0.5231,2,1, work,1.0153
Nelson Mandela,famous_for,name_lens,6-8,subject_all,6, for,0,13,-9.9142,0.1334,-4.5274,-9.1957,-4.6683,-2.972|-3.391|-1.861|-0.972,-3.3912,-0.9854,1,0, role,0.8693
Nelson Mandela,famous_for,name_lens,6-8,subject_all,0,<|startoftext|>,0,14,-9.9142,0.0,-4.5274,-9.9142,-5.3868,-3.464|-3.614|-1.907|-0.929,-3.6145,-1.2087,1,0, role,1.1689
Nelson Mandela,famous_for,name_lens,6-8,subject_all,1,Nel,1,14,-9.9142,0.7344,-4.5274,-5.958,-1.4306,-1.491|-2.805|-0.719|-0.943,-2.8049,-0.3991,2,1, work,0.262
Nelson Mandela,famous_for,name_lens,6-8,subject_all,2,son,1,14,-9.9142,0.0671,-4.5274,-9.5528,-5.0254,-3.277|-3.544|-1.824|-0.908,-3.5438,-1.138,1,1, ,1.0803
Nelson Mandela,famous_for,name_lens,6-8,subject_all,3, Mandela,1,14,-9.9142,0.0659,-4.5274,-9.5594,-5.032,-3.221|-3.568|-1.835|-0.935,-3.5677,-1.1619,2,1, ,1.0455
Nelson Mandela,famous_for,name_lens,6-8,subject_all,4, is,0,14,-9.9142,0.1233,-4.5274,-9.25,-4.7225,-3.081|-3.461|-1.796|-0.912,-3.461,-1.0552,2,1, work,0.9748
Nelson Mandela,famous_for,name_lens,6-8,subject_all,5, famous,0,14,-9.9142,0.0599,-4.5274,-9.5914,-5.064,-3.174|-3.753|-1.688|-0.977,-3.753,-1.3472,2,1, work,0.985
Nelson Mandela,famous_for,name_lens,6-8,subject_all,6, for,0,14,-9.9142,0.479,-4.5274,-7.3339,-2.8065,-0.925|-3.699|-1.749|-0.961,-3.6992,-1.2934,2,1, work,0.0296
Nelson Mandela,famous_for,name_lens,6-8,subject_all,0,<|startoftext|>,0,15,-9.9142,0.0,-4.5274,-9.9142,-5.3868,-3.464|-3.614|-1.907|-0.929,-3.6145,-1.2087,1,0, role,1.1689
Nelson Mandela,famous_for,name_lens,6-8,subject_all,1,Nel,1,15,-9.9142,0.6427,-4.5274,-6.452,-1.9246,-1.861|-2.816|-0.817|-0.957,-2.8165,-0.4107,2,1, work,0.4053
Nelson Mandela,famous_for,name_lens,6-8,subject_all,2,son,1,15,-9.9142,0.0345,-4.5274,-9.7282,-5.2008,-3.340|-3.622|-1.868|-0.898,-3.6222,-1.2164,1,0, role,1.1149
Nelson Mandela,famous_for,name_lens,6-8,subject_all,3, Mandela,1,15,-9.9142,0.0732,-4.5274,-9.5201,-4.9927,-3.262|-3.484|-1.848|-0.927,-3.4839,-1.0781,1,0, role,1.052
Nelson Mandela,famous_for,name_lens,6-8,subject_all,4, is,0,15,-9.9142,0.0435,-4.5274,-9.6799,-5.1525,-3.044|-3.887|-1.817|-0.931,-3.8873,-1.4815,3,1, work,0.97
Nelson Mandela,famous_for,name_lens,6-8,subject_all,5, famous,0,15,-9.9142,0.0389,-4.5274,-9.7048,-5.1774,-3.190|-3.685|-1.877|-0.953,-3.6852,-1.2794,2,1, work,0.9831
Nelson Mandela,famous_for,name_lens,6-8,subject_all,6, for,0,15,-9.9142,0.4759,-4.5274,-7.3504,-2.823,-0.897|-3.707|-1.748|-0.998,-3.7071,-1.3013,2,1, work,0.0295
Nelson Mandela,famous_for,name_lens,6-8,subject_all,0,<|startoftext|>,0,16,-9.9142,0.0,-4.5274,-9.9142,-5.3868,-3.464|-3.614|-1.907|-0.929,-3.6145,-1.2087,1,0, role,1.1689
Nelson Mandela,famous_for,name_lens,6-8,subject_all,1,Nel,1,16,-9.9142,0.0046,-4.5274,-9.8897,-5.3623,-3.400|-3.667|-1.886|-0.936,-3.6674,-1.2616,1,0, role,1.1317
Nelson Mandela,famous_for,name_lens,6-8,subject_all,2,son,1,16,-9.9142,0.0011,-4.5274,-9.9084,-5.381,-3.408|-3.679|-1.883|-0.938,-3.6795,-1.2737,1,1, ,1.1461
Nelson Mandela,famous_for,name_lens,6-8,subject_all,3, Mandela,1,16,-9.9142,0.0458,-4.5274,-9.6673,-5.1399,-3.382|-3.513|-1.877|-0.896,-3.5128,-1.107,1,0, role,1.1138
Nelson Mandela,famous_for,name_lens,6-8,subject_all,4, is,0,16,-9.9142,0.0307,-4.5274,-9.7489,-5.2215,-3.118|-3.901|-1.789|-0.942,-3.9006,-1.4947,3,1, work,0.999
Nelson Mandela,famous_for,name_lens,6-8,subject_all,5, famous,0,16,-9.9142,0.0767,-4.5274,-9.5009,-4.9735,-3.081|-3.549|-1.929|-0.943,-3.5486,-1.1428,1,0, role,0.9522
Nelson Mandela,famous_for,name_lens,6-8,subject_all,6, for,0,16,-9.9142,0.4981,-4.5274,-7.2313,-2.7039,-0.879|-3.652|-1.733|-0.967,-3.6521,-1.2463,2,1, work,0.0266
Nelson Mandela,famous_for,name_lens,6-8,subject_all,0,<|startoftext|>,0,17,-9.9142,0.0,-4.5274,-9.9142,-5.3868,-3.464|-3.614|-1.907|-0.929,-3.6145,-1.2087,1,0, role,1.1689
Nelson Mandela,famous_for,name_lens,6-8,subject_all,1,Nel,1,17,-9.9142,0.0202,-4.5274,-9.8052,-5.2778,-3.321|-3.670|-1.884|-0.930,-3.67,-1.2642,1,0, role,1.1096
Nelson Mandela,famous_for,name_lens,6-8,subject_all,2,son,1,17,-9.9142,0.0175,-4.5274,-9.82,-5.2926,-3.407|-3.629|-1.882|-0.901,-3.6293,-1.2235,1,0, role,1.1483
Nelson Mandela,famous_for,name_lens,6-8,subject_all,3, Mandela,1,17,-9.9142,0.0408,-4.5274,-9.6943,-5.1669,-3.329|-3.622|-1.842|-0.901,-3.6223,-1.2165,1,1, ,1.1121
Nelson Mandela,famous_for,name_lens,6-8,subject_all,4, is,0,17,-9.9142,0.0295,-4.5274,-9.7554,-5.228,-3.163|-3.880|-1.791|-0.921,-3.8804,-1.4745,3,1, work,1.0176
Nelson Mandela,famous_for,name_lens,6-8,subject_all,5, famous,0,17,-9.9142,0.0767,-4.5274,-9.5009,-4.9735,-3.049|-3.555|-1.953|-0.944,-3.5547,-1.1489,1,0, role,0.9377
Nelson Mandela,famous_for,name_lens,6-8,subject_all,6, for,0,17,-9.9142,0.4729,-4.5274,-7.3669,-2.8395,-0.945|-3.643|-1.781|-0.998,-3.643,-1.2372,2,1, work,0.0247
Nelson Mandela,famous_for,name_lens,6-8,subject_all,0,<|startoftext|>,0,18,-9.9142,0.0,-4.5274,-9.9142,-5.3868,-3.464|-3.614|-1.907|-0.929,-3.6145,-1.2087,1,0, role,1.1689
Nelson Mandela,famous_for,name_lens,6-8,subject_all,1,Nel,1,18,-9.9142,-0.0058,-4.5274,-9.9452,-5.4177,-3.439|-3.668|-1.920|-0.917,-3.6683,-1.2625,1,1, ,1.1655
Nelson Mandela,famous_for,name_lens,6-8,subject_all,2,son,1,18,-9.9142,-0.007,-4.5274,-9.9517,-5.4243,-3.409|-3.678|-1.928|-0.937,-3.6778,-1.272,1,1, ,1.1519
Nelson Mandela,famous_for,name_lens,6-8,subject_all,3, Mandela,1,18,-9.9142,0.0322,-4.5274,-9.7407,-5.2133,-3.370|-3.574|-1.857|-0.939,-3.5743,-1.1685,1,0, role,1.1186
Nelson Mandela,famous_for,name_lens,6-8,subject_all,4, is,0,18,-9.9142,-0.0135,-4.5274,-9.9867,-5.4593,-3.339|-3.797|-1.897|-0.955,-3.7969,-1.3911,2,1, ,1.1083
Nelson Mandela,famous_for,name_lens,6-8,subject_all,5, famous,0,18,-9.9142,0.0071,-4.5274,-9.876,-5.3486,-3.152|-3.717|-2.039|-0.967,-3.7174,-1.3116,2,1, ,1.0158
Nelson Mandela,famous_for,name_lens,6-8,subject_all,6, for,0,18,-9.9142,0.455,-4.5274,-7.4635,-2.9361,-0.945|-3.758|-1.784|-0.975,-3.7584,-1.3526,2,1, ,0.0192
Nelson Mandela,famous_for,name_lens,6-8,subject_all,0,<|startoftext|>,0,19,-9.9142,0.0,-4.5274,-9.9142,-5.3868,-3.464|-3.614|-1.907|-0.929,-3.6145,-1.2087,1,0, role,1.1689
Nelson Mandela,famous_for,name_lens,6-8,subject_all,1,Nel,1,19,-9.9142,-0.0105,-4.5274,-9.9707,-5.4433,-3.454|-3.671|-1.917|-0.928,-3.6714,-1.2656,1,0, role,1.1711
Nelson Mandela,famous_for,name_lens,6-8,subject_all,2,son,1,19,-9.9142,0.0244,-4.5274,-9.7827,-5.2552,-3.347|-3.630|-1.867|-0.938,-3.6298,-1.224,1,0, role,1.1322
Nelson Mandela,famous_for,name_lens,6-8,subject_all,3, Mandela,1,19,-9.9142,0.0291,-4.5274,-9.7574,-5.23,-3.360|-3.607|-1.844|-0.947,-3.6067,-1.2009,1,1, ,1.1208
Nelson Mandela,famous_for,name_lens,6-8,subject_all,4, is,0,19,-9.9142,-0.0032,-4.5274,-9.9314,-5.404,-3.292|-3.814|-1.898|-0.927,-3.8145,-1.4087,2,1, ,1.102
Nelson Mandela,famous_for,name_lens,6-8,subject_all,5, famous,0,19,-9.9142,-0.0041,-4.5274,-9.9362,-5.4088,-3.213|-3.715|-2.042|-0.966,-3.7155,-1.3097,2,1, ,1.0495
Nelson Mandela,famous_for,name_lens,6-8,subject_all,6, for,0,19,-9.9142,0.4604,-4.5274,-7.434,-2.9066,-0.941|-3.701|-1.848|-0.945,-3.7006,-1.2948,1,1, ,0.0172
Nelson Mandela,famous_for,name_lens,6-8,subject_all,0,<|startoftext|>,0,20,-9.9142,0.0,-4.5274,-9.9142,-5.3868,-3.464|-3.614|-1.907|-0.929,-3.6145,-1.2087,1,0, role,1.1689
Nelson Mandela,famous_for,name_lens,6-8,subject_all,1,Nel,1,20,-9.9142,0.0021,-4.5274,-9.903,-5.3756,-3.451|-3.611|-1.908|-0.933,-3.611,-1.2052,1,0, role,1.1683
Nelson Mandela,famous_for,name_lens,6-8,subject_all,2,son,1,20,-9.9142,0.0148,-4.5274,-9.8344,-5.307,-3.404|-3.626|-1.869|-0.935,-3.6264,-1.2206,1,0, role,1.1507
Nelson Mandela,famous_for,name_lens,6-8,subject_all,3, Mandela,1,20,-9.9142,0.0169,-4.5274,-9.8233,-5.2959,-3.464|-3.603|-1.847|-0.909,-3.6034,-1.1976,1,0, role,1.1627
Nelson Mandela,famous_for,name_lens,6-8,subject_all,4, is,0,20,-9.9142,-0.0467,-4.5274,-10.1658,-5.6384,-3.519|-3.790|-1.927|-0.930,-3.7896,-1.3838,2,1, ,1.199
Nelson Mandela,famous_for,name_lens,6-8,subject_all,5, famous,0,20,-9.9142,-0.0155,-4.5274,-9.9977,-5.4703,-3.250|-3.759|-2.029|-0.960,-3.7592,-1.3533,2,1, ,1.0958
Nelson Mandela,famous_for,name_lens,6-8,subject_all,6, for,0,20,-9.9142,0.4457,-4.5274,-7.5133,-2.9858,-0.945|-3.701|-1.905|-0.962,-3.7013,-1.2954,1,1, ,0.0106
Nelson Mandela,famous_for,name_lens,6-8,subject_all,0,<|startoftext|>,0,21,-9.9142,0.0,-4.5274,-9.9142,-5.3868,-3.464|-3.614|-1.907|-0.929,-3.6145,-1.2087,1,0, role,1.1689
Nelson Mandela,famous_for,name_lens,6-8,subject_all,1,Nel,1,21,-9.9142,0.0007,-4.5274,-9.9101,-5.3827,-3.464|-3.612|-1.901|-0.933,-3.6122,-1.2063,1,0, role,1.1744
Nelson Mandela,famous_for,name_lens,6-8,subject_all,2,son,1,21,-9.9142,0.0071,-4.5274,-9.8758,-5.3484,-3.405|-3.621|-1.919|-0.930,-3.6211,-1.2152,1,0, role,1.1488
Nelson Mandela,famous_for,name_lens,6-8,subject_all,3, Mandela,1,21,-9.9142,-0.0017,-4.5274,-9.9235,-5.3961,-3.450|-3.687|-1.884|-0.902,-3.6873,-1.2814,2,1, ,1.1666
Nelson Mandela,famous_for,name_lens,6-8,subject_all,4, is,0,21,-9.9142,-0.0528,-4.5274,-10.1987,-5.6713,-3.537|-3.786|-1.945|-0.930,-3.7861,-1.3803,2,1, ,1.2085
Nelson Mandela,famous_for,name_lens,6-8,subject_all,5, famous,0,21,-9.9142,-0.0017,-4.5274,-9.9235,-5.3961,-3.200|-3.757|-2.037|-0.931,-3.7566,-1.3508,2,1, ,1.0725
Nelson Mandela,famous_for,name_lens,6-8,subject_all,6, for,0,21,-9.9142,0.4495,-4.5274,-7.493,-2.9656,-0.897|-3.688|-1.964|-0.944,-3.6877,-1.2818,1,1, ,0.0103
Nelson Mandela,famous_for,name_lens,6-8,subject_all,0,<|startoftext|>,0,22,-9.9142,0.0,-4.5274,-9.9142,-5.3868,-3.464|-3.614|-1.907|-0.929,-3.6145,-1.2087,1,0, role,1.1689
Nelson Mandela,famous_for,name_lens,6-8,subject_all,1,Nel,1,22,-9.9142,-0.0009,-4.5274,-9.919,-5.3916,-3.461|-3.617|-1.909|-0.932,-3.617,-1.2112,1,0, role,1.1717
Nelson Mandela,famous_for,name_lens,6-8,subject_all,2,son,1,22,-9.9142,-0.0039,-4.5274,-9.935,-5.4076,-3.462|-3.619|-1.922|-0.932,-3.6191,-1.2133,1,0, role,1.1703
Nelson Mandela,famous_for,name_lens,6-8,subject_all,3, Mandela,1,22,-9.9142,0.0072,-4.5274,-9.8755,-5.3481,-3.454|-3.630|-1.880|-0.912,-3.6296,-1.2238,1,1, ,1.1666
Nelson Mandela,famous_for,name_lens,6-8,subject_all,4, is,0,22,-9.9142,-0.0336,-4.5274,-10.095,-5.5675,-3.492|-3.764|-1.917|-0.922,-3.7643,-1.3585,2,1, ,1.1775
Nelson Mandela,famous_for,name_lens,6-8,subject_all,5, famous,0,22,-9.9142,-0.0243,-4.5274,-10.0449,-5.5175,-3.377|-3.782|-1.944|-0.942,-3.7817,-1.3759,2,1, ,1.1407
Nelson Mandela,famous_for,name_lens,6-8,subject_all,6, for,0,22,-9.9142,0.4549,-4.5274,-7.464,-2.9366,-0.897|-3.771|-1.864|-0.931,-3.7711,-1.3652,1,1, ,0.0054
Nelson Mandela,language,name_lens,6-8,subject_all,-1,,,-1,-16.7829,0.0,-6.603,-16.7829,-10.1799,-4.430|-6.200|-2.837|-3.316,-6.2,-4.7034,34,1, **,2.5396
Nelson Mandela,language,name_lens,6-8,subject_all,0,<|startoftext|>,0,0,-16.7829,0.0,-6.603,-16.7829,-10.1799,-4.430|-6.200|-2.837|-3.316,-6.2,-4.7034,34,1, **,2.5396
Nelson Mandela,language,name_lens,6-8,subject_all,1,Nel,1,0,-16.7829,0.0,-6.603,-16.7829,-10.1799,-4.430|-6.200|-2.837|-3.316,-6.2,-4.7034,34,1, **,2.5396
Nelson Mandela,language,name_lens,6-8,subject_all,2,son,1,0,-16.7829,0.0,-6.603,-16.7829,-10.1799,-4.430|-6.200|-2.837|-3.316,-6.2,-4.7034,34,1, **,2.5396
Nelson Mandela,language,name_lens,6-8,subject_all,3, Mandela,1,0,-16.7829,0.0,-6.603,-16.7829,-10.1799,-4.430|-6.200|-2.837|-3.316,-6.2,-4.7034,34,1, **,2.5396
Nelson Mandela,language,name_lens,6-8,subject_all,4, spoke,0,0,-16.7829,0.0,-6.603,-16.7829,-10.1799,-4.430|-6.200|-2.837|-3.316,-6.2,-4.7034,34,1, **,2.5396
Nelson Mandela,language,name_lens,6-8,subject_all,5, the,0,0,-16.7829,0.0,-6.603,-16.7829,-10.1799,-4.430|-6.200|-2.837|-3.316,-6.2,-4.7034,34,1, **,2.5396
Nelson Mandela,language,name_lens,6-8,subject_all,6, language,0,0,-16.7829,0.0,-6.603,-16.7829,-10.1799,-4.430|-6.200|-2.837|-3.316,-6.2,-4.7034,34,1, **,2.5396
Nelson Mandela,language,name_lens,6-8,subject_all,7, of,0,0,-16.7829,0.0,-6.603,-16.7829,-10.1799,-4.430|-6.200|-2.837|-3.316,-6.2,-4.7034,34,1, **,2.5396
Nelson Mandela,language,name_lens,6-8,subject_all,0,<|startoftext|>,0,1,-16.7829,0.0,-6.603,-16.7829,-10.1799,-4.430|-6.200|-2.837|-3.316,-6.2,-4.7034,34,1, **,2.5396
Nelson Mandela,language,name_lens,6-8,subject_all,1,Nel,1,1,-16.7829,0.0,-6.603,-16.7829,-10.1799,-4.430|-6.200|-2.837|-3.316,-6.2,-4.7034,34,1, **,2.5396
Nelson Mandela,language,name_lens,6-8,subject_all,2,son,1,1,-16.7829,0.0,-6.603,-16.7829,-10.1799,-4.430|-6.200|-2.837|-3.316,-6.2,-4.7034,34,1, **,2.5396
Nelson Mandela,language,name_lens,6-8,subject_all,3, Mandela,1,1,-16.7829,0.0,-6.603,-16.7829,-10.1799,-4.430|-6.200|-2.837|-3.316,-6.2,-4.7034,34,1, **,2.5396
Nelson Mandela,language,name_lens,6-8,subject_all,4, spoke,0,1,-16.7829,0.0,-6.603,-16.7829,-10.1799,-4.430|-6.200|-2.837|-3.316,-6.2,-4.7034,34,1, **,2.5396
Nelson Mandela,language,name_lens,6-8,subject_all,5, the,0,1,-16.7829,0.0,-6.603,-16.7829,-10.1799,-4.430|-6.200|-2.837|-3.316,-6.2,-4.7034,34,1, **,2.5396
Nelson Mandela,language,name_lens,6-8,subject_all,6, language,0,1,-16.7829,0.0,-6.603,-16.7829,-10.1799,-4.430|-6.200|-2.837|-3.316,-6.2,-4.7034,34,1, **,2.5396
Nelson Mandela,language,name_lens,6-8,subject_all,7, of,0,1,-16.7829,0.0,-6.603,-16.7829,-10.1799,-4.430|-6.200|-2.837|-3.316,-6.2,-4.7034,34,1, **,2.5396
Nelson Mandela,language,name_lens,6-8,subject_all,0,<|startoftext|>,0,2,-16.7829,0.0,-6.603,-16.7829,-10.1799,-4.430|-6.200|-2.837|-3.316,-6.2,-4.7034,34,1, **,2.5396
Nelson Mandela,language,name_lens,6-8,subject_all,1,Nel,1,2,-16.7829,0.0,-6.603,-16.7829,-10.1799,-4.430|-6.200|-2.837|-3.316,-6.2,-4.7034,34,1, **,2.5396
Nelson Mandela,language,name_lens,6-8,subject_all,2,son,1,2,-16.7829,0.0,-6.603,-16.7829,-10.1799,-4.430|-6.200|-2.837|-3.316,-6.2,-4.7034,34,1, **,2.5396
Nelson Mandela,language,name_lens,6-8,subject_all,3, Mandela,1,2,-16.7829,0.0,-6.603,-16.7829,-10.1799,-4.430|-6.200|-2.837|-3.316,-6.2,-4.7034,34,1, **,2.5396
Nelson Mandela,language,name_lens,6-8,subject_all,4, spoke,0,2,-16.7829,0.0,-6.603,-16.7829,-10.1799,-4.430|-6.200|-2.837|-3.316,-6.2,-4.7034,34,1, **,2.5396
Nelson Mandela,language,name_lens,6-8,subject_all,5, the,0,2,-16.7829,0.0,-6.603,-16.7829,-10.1799,-4.430|-6.200|-2.837|-3.316,-6.2,-4.7034,34,1, **,2.5396
Nelson Mandela,language,name_lens,6-8,subject_all,6, language,0,2,-16.7829,0.0,-6.603,-16.7829,-10.1799,-4.430|-6.200|-2.837|-3.316,-6.2,-4.7034,34,1, **,2.5396
Nelson Mandela,language,name_lens,6-8,subject_all,7, of,0,2,-16.7829,0.0,-6.603,-16.7829,-10.1799,-4.430|-6.200|-2.837|-3.316,-6.2,-4.7034,34,1, **,2.5396
Nelson Mandela,language,name_lens,6-8,subject_all,0,<|startoftext|>,0,3,-16.7829,0.0,-6.603,-16.7829,-10.1799,-4.430|-6.200|-2.837|-3.316,-6.2,-4.7034,34,1, **,2.5396
Nelson Mandela,language,name_lens,6-8,subject_all,1,Nel,1,3,-16.7829,0.0,-6.603,-16.7829,-10.1799,-4.430|-6.200|-2.837|-3.316,-6.2,-4.7034,34,1, **,2.5396
Nelson Mandela,language,name_lens,6-8,subject_all,2,son,1,3,-16.7829,0.0,-6.603,-16.7829,-10.1799,-4.430|-6.200|-2.837|-3.316,-6.2,-4.7034,34,1, **,2.5396
Nelson Mandela,language,name_lens,6-8,subject_all,3, Mandela,1,3,-16.7829,0.0,-6.603,-16.7829,-10.1799,-4.430|-6.200|-2.837|-3.316,-6.2,-4.7034,34,1, **,2.5396
Nelson Mandela,language,name_lens,6-8,subject_all,4, spoke,0,3,-16.7829,0.0,-6.603,-16.7829,-10.1799,-4.430|-6.200|-2.837|-3.316,-6.2,-4.7034,34,1, **,2.5396
Nelson Mandela,language,name_lens,6-8,subject_all,5, the,0,3,-16.7829,0.0,-6.603,-16.7829,-10.1799,-4.430|-6.200|-2.837|-3.316,-6.2,-4.7034,34,1, **,2.5396
Nelson Mandela,language,name_lens,6-8,subject_all,6, language,0,3,-16.7829,0.0,-6.603,-16.7829,-10.1799,-4.430|-6.200|-2.837|-3.316,-6.2,-4.7034,34,1, **,2.5396
Nelson Mandela,language,name_lens,6-8,subject_all,7, of,0,3,-16.7829,0.0,-6.603,-16.7829,-10.1799,-4.430|-6.200|-2.837|-3.316,-6.2,-4.7034,34,1, **,2.5396
Nelson Mandela,language,name_lens,6-8,subject_all,0,<|startoftext|>,0,4,-16.7829,0.0,-6.603,-16.7829,-10.1799,-4.430|-6.200|-2.837|-3.316,-6.2,-4.7034,34,1, **,2.5396
Nelson Mandela,language,name_lens,6-8,subject_all,1,Nel,1,4,-16.7829,0.0,-6.603,-16.7829,-10.1799,-4.430|-6.200|-2.837|-3.316,-6.2,-4.7034,34,1, **,2.5396
Nelson Mandela,language,name_lens,6-8,subject_all,2,son,1,4,-16.7829,0.0,-6.603,-16.7829,-10.1799,-4.430|-6.200|-2.837|-3.316,-6.2,-4.7034,34,1, **,2.5396
Nelson Mandela,language,name_lens,6-8,subject_all,3, Mandela,1,4,-16.7829,0.0,-6.603,-16.7829,-10.1799,-4.430|-6.200|-2.837|-3.316,-6.2,-4.7034,34,1, **,2.5396
Nelson Mandela,language,name_lens,6-8,subject_all,4, spoke,0,4,-16.7829,0.0,-6.603,-16.7829,-10.1799,-4.430|-6.200|-2.837|-3.316,-6.2,-4.7034,34,1, **,2.5396
Nelson Mandela,language,name_lens,6-8,subject_all,5, the,0,4,-16.7829,0.0,-6.603,-16.7829,-10.1799,-4.430|-6.200|-2.837|-3.316,-6.2,-4.7034,34,1, **,2.5396
Nelson Mandela,language,name_lens,6-8,subject_all,6, language,0,4,-16.7829,0.0,-6.603,-16.7829,-10.1799,-4.430|-6.200|-2.837|-3.316,-6.2,-4.7034,34,1, **,2.5396
Nelson Mandela,language,name_lens,6-8,subject_all,7, of,0,4,-16.7829,0.0,-6.603,-16.7829,-10.1799,-4.430|-6.200|-2.837|-3.316,-6.2,-4.7034,34,1, **,2.5396
Nelson Mandela,language,name_lens,6-8,subject_all,0,<|startoftext|>,0,5,-16.7829,0.0,-6.603,-16.7829,-10.1799,-4.430|-6.200|-2.837|-3.316,-6.2,-4.7034,34,1, **,2.5396
Nelson Mandela,language,name_lens,6-8,subject_all,1,Nel,1,5,-16.7829,0.0,-6.603,-16.7829,-10.1799,-4.430|-6.200|-2.837|-3.316,-6.2,-4.7034,34,1, **,2.5396
Nelson Mandela,language,name_lens,6-8,subject_all,2,son,1,5,-16.7829,0.0,-6.603,-16.7829,-10.1799,-4.430|-6.200|-2.837|-3.316,-6.2,-4.7034,34,1, **,2.5396
Nelson Mandela,language,name_lens,6-8,subject_all,3, Mandela,1,5,-16.7829,0.0,-6.603,-16.7829,-10.1799,-4.430|-6.200|-2.837|-3.316,-6.2,-4.7034,34,1, **,2.5396
Nelson Mandela,language,name_lens,6-8,subject_all,4, spoke,0,5,-16.7829,0.0,-6.603,-16.7829,-10.1799,-4.430|-6.200|-2.837|-3.316,-6.2,-4.7034,34,1, **,2.5396
Nelson Mandela,language,name_lens,6-8,subject_all,5, the,0,5,-16.7829,0.0,-6.603,-16.7829,-10.1799,-4.430|-6.200|-2.837|-3.316,-6.2,-4.7034,34,1, **,2.5396
Nelson Mandela,language,name_lens,6-8,subject_all,6, language,0,5,-16.7829,0.0,-6.603,-16.7829,-10.1799,-4.430|-6.200|-2.837|-3.316,-6.2,-4.7034,34,1, **,2.5396
Nelson Mandela,language,name_lens,6-8,subject_all,7, of,0,5,-16.7829,0.0,-6.603,-16.7829,-10.1799,-4.430|-6.200|-2.837|-3.316,-6.2,-4.7034,34,1, **,2.5396
Nelson Mandela,language,name_lens,6-8,subject_all,0,<|startoftext|>,0,6,-16.7829,0.0,-6.603,-16.7829,-10.1799,-4.430|-6.200|-2.837|-3.316,-6.2,-4.7034,34,1, **,2.5396
Nelson Mandela,language,name_lens,6-8,subject_all,1,Nel,1,6,-16.7829,0.9185,-6.603,-7.4329,-0.8299,-1.565|-1.732|-2.222|-1.913,-1.7324,-0.2359,1,0, people,0.0961
Nelson Mandela,language,name_lens,6-8,subject_all,2,son,1,6,-16.7829,0.0192,-6.603,-16.5877,-9.9847,-4.422|-6.008|-2.862|-3.296,-6.0079,-4.5114,27,1, **,2.541
Nelson Mandela,language,name_lens,6-8,subject_all,3, Mandela,1,6,-16.7829,0.0289,-6.603,-16.4888,-9.8858,-4.345|-5.939|-2.883|-3.322,-5.9394,-4.4429,25,1, **,2.5184
Nelson Mandela,language,name_lens,6-8,subject_all,4, spoke,0,6,-16.7829,0.0,-6.603,-16.7829,-10.1799,-4.430|-6.200|-2.837|-3.316,-6.2,-4.7034,34,1, **,2.5396
Nelson Mandela,language,name_lens,6-8,subject_all,5, the,0,6,-16.7829,0.0,-6.603,-16.7829,-10.1799,-4.430|-6.200|-2.837|-3.316,-6.2,-4.7034,34,1, **,2.5396
Nelson Mandela,language,name_lens,6-8,subject_all,6, language,0,6,-16.7829,0.0,-6.603,-16.7829,-10.1799,-4.430|-6.200|-2.837|-3.316,-6.2,-4.7034,34,1, **,2.5396
Nelson Mandela,language,name_lens,6-8,subject_all,7, of,0,6,-16.7829,0.0,-6.603,-16.7829,-10.1799,-4.430|-6.200|-2.837|-3.316,-6.2,-4.7034,34,1, **,2.5396
Nelson Mandela,language,name_lens,6-8,subject_all,0,<|startoftext|>,0,7,-16.7829,0.0,-6.603,-16.7829,-10.1799,-4.430|-6.200|-2.837|-3.316,-6.2,-4.7034,34,1, **,2.5396
Nelson Mandela,language,name_lens,6-8,subject_all,1,Nel,1,7,-16.7829,0.9116,-6.603,-7.5026,-0.8996,-1.707|-1.751|-2.243|-1.801,-1.7515,-0.255,1,0, people,0.1207
Nelson Mandela,language,name_lens,6-8,subject_all,2,son,1,7,-16.7829,0.0229,-6.603,-16.5503,-9.9473,-4.368|-5.991|-2.876|-3.315,-5.9906,-4.4941,29,1, **,2.5138
Nelson Mandela,language,name_lens,6-8,subject_all,3, Mandela,1,7,-16.7829,0.0341,-6.603,-16.4356,-9.8326,-4.324|-5.904|-2.861|-3.346,-5.9044,-4.4078,24,1, **,2.502
Nelson Mandela,language,name_lens,6-8,subject_all,4, spoke,0,7,-16.7829,0.0827,-6.603,-15.9415,-9.3385,-4.191|-5.644|-2.841|-3.266,-5.6438,-4.1472,17,1, **,2.3801
Nelson Mandela,language,name_lens,6-8,subject_all,5, the,0,7,-16.7829,0.0296,-6.603,-16.4819,-9.8789,-4.357|-5.951|-2.857|-3.316,-5.9511,-4.4545,26,1, **,2.524
Nelson Mandela,language,name_lens,6-8,subject_all,6, language,0,7,-16.7829,0.0196,-6.603,-16.583,-9.98,-4.362|-6.013|-2.894|-3.313,-6.0134,-4.5169,30,1, **,2.5153
Nelson Mandela,language,name_lens,6-8,subject_all,7, of,0,7,-16.7829,0.0646,-6.603,-16.1249,-9.5219,-4.243|-5.771|-2.848|-3.263,-5.7712,-4.2746,21,1, **,2.2823
Nelson Mandela,language,name_lens,6-8,subject_all,0,<|startoftext|>,0,8,-16.7829,0.0,-6.603,-16.7829,-10.1799,-4.430|-6.200|-2.837|-3.316,-6.2,-4.7034,34,1, **,2.5396
Nelson Mandela,language,name_lens,6-8,subject_all,1,Nel,1,8,-16.7829,0.9423,-6.603,-7.19,-0.587,-1.698|-1.770|-1.828|-1.894,-1.77,-0.2735,1,0, people,0.1685
Nelson Mandela,language,name_lens,6-8,subject_all,2,son,1,8,-16.7829,0.0489,-6.603,-16.2856,-9.6826,-4.323|-5.840|-2.796|-3.327,-5.8397,-4.3432,22,1, **,2.4805
Nelson Mandela,language,name_lens,6-8,subject_all,3, Mandela,1,8,-16.7829,0.0915,-6.603,-15.852,-9.249,-4.333|-5.515|-2.672|-3.333,-5.5145,-4.018,14,1, **,2.3244
Nelson Mandela,language,name_lens,6-8,subject_all,4, spoke,0,8,-16.7829,0.2469,-6.603,-14.2698,-7.6668,-4.050|-4.258|-2.735|-3.227,-4.2575,-2.761,1,0, people,1.9881
Nelson Mandela,language,name_lens,6-8,subject_all,5, the,0,8,-16.7829,0.0432,-6.603,-16.3432,-9.7402,-4.338|-5.821|-2.870|-3.313,-5.8214,-4.3248,22,1, **,2.487
Nelson Mandela,language,name_lens,6-8,subject_all,6, language,0,8,-16.7829,0.0555,-6.603,-16.218,-9.615,-4.333|-5.735|-2.874|-3.276,-5.7352,-4.2387,18,1, **,2.4838
Nelson Mandela,language,name_lens,6-8,subject_all,7, of,0,8,-16.7829,0.1385,-6.603,-15.3729,-8.7699,-3.778|-5.475|-2.856|-3.263,-5.4752,-3.9787,15,1, **,1.8183
Nelson Mandela,language,name_lens,6-8,subject_all,0,<|startoftext|>,0,9,-16.7829,0.0,-6.603,-16.7829,-10.1799,-4.430|-6.200|-2.837|-3.316,-6.2,-4.7034,34,1, **,2.5396
Nelson Mandela,language,name_lens,6-8,subject_all,1,Nel,1,9,-16.7829,0.9287,-6.603,-7.3291,-0.7261,-1.732|-1.839|-1.863|-1.894,-1.8389,-0.3424,1,0, people,0.1794
Nelson Mandela,language,name_lens,6-8,subject_all,2,son,1,9,-16.7829,0.05,-6.603,-16.2741,-9.6711,-4.301|-5.810|-2.841|-3.321,-5.8102,-4.3137,21,1, **,2.4749
Nelson Mandela,language,name_lens,6-8,subject_all,3, Mandela,1,9,-16.7829,0.0538,-6.603,-16.2353,-9.6323,-4.351|-5.856|-2.718|-3.310,-5.856,-4.3595,24,1, **,2.4646
Nelson Mandela,language,name_lens,6-8,subject_all,4, spoke,0,9,-16.7829,0.2703,-6.603,-14.0311,-7.4281,-4.047|-4.152|-2.698|-3.133,-4.1524,-2.6559,1,0, people,1.9417
Nelson Mandela,language,name_lens,6-8,subject_all,5, the,0,9,-16.7829,0.0468,-6.603,-16.3063,-9.7033,-4.347|-5.798|-2.835|-3.326,-5.7982,-4.3017,21,1, **,2.4789
Nelson Mandela,language,name_lens,6-8,subject_all,6, language,0,9,-16.7829,0.0595,-6.603,-16.1768,-9.5738,-4.275|-5.827|-2.824|-3.251,-5.8269,-4.3304,23,1, **,2.4696
Nelson Mandela,language,name_lens,6-8,subject_all,7, of,0,9,-16.7829,0.1407,-6.603,-15.3511,-8.7481,-3.817|-5.469|-2.815|-3.250,-5.4687,-3.9722,15,1, **,1.7955
Nelson Mandela,language,name_lens,6-8,subject_all,0,<|startoftext|>,0,10,-16.7829,0.0,-6.603,-16.7829,-10.1799,-4.430|-6.200|-2.837|-3.316,-6.2,-4.7034,34,1, **,2.5396
Nelson Mandela,language,name_lens,6-8,subject_all,1,Nel,1,10,-16.7829,0.8685,-6.603,-7.9418,-1.3388,-2.028|-1.917|-1.997|-1.999,-1.9171,-0.4206,1,0, people,0.2899
Nelson Mandela,language,name_lens,6-8,subject_all,2,son,1,10,-16.7829,0.0549,-6.603,-16.2242,-9.6212,-4.295|-5.804|-2.800|-3.326,-5.804,-4.3074,20,1, **,2.4686
Nelson Mandela,language,name_lens,6-8,subject_all,3, Mandela,1,10,-16.7829,0.0617,-6.603,-16.1552,-9.5522,-4.320|-5.817|-2.705|-3.313,-5.8168,-4.3202,22,1, **,2.4561
Nelson Mandela,language,name_lens,6-8,subject_all,4, spoke,0,10,-16.7829,0.3802,-6.603,-12.912,-6.309,-3.762|-3.368|-2.708|-3.074,-3.368,-1.8715,1,0, people,1.7093
Nelson Mandela,language,name_lens,6-8,subject_all,5, the,0,10,-16.7829,0.0564,-6.603,-16.209,-9.606,-4.317|-5.797|-2.827|-3.268,-5.797,-4.3005,21,1, **,2.4689
Nelson Mandela,language,name_lens,6-8,subject_all,6, language,0,10,-16.7829,0.0504,-6.603,-16.2698,-9.6668,-4.302|-5.820|-2.882|-3.266,-5.8199,-4.3234,23,1, **,2.473
Nelson Mandela,language,name_lens,6-8,subject_all,7, of,0,10,-16.7829,0.1482,-6.603,-15.2744,-8.6714,-3.778|-5.480|-2.748|-3.268,-5.4805,-3.984,15,1, **,1.7885
Nelson Mandela,language,name_lens,6-8,subject_all,0,<|startoftext|>,0,11,-16.7829,0.0,-6.603,-16.7829,-10.1799,-4.430|-6.200|-2.837|-3.316,-6.2,-4.7034,34,1, **,2.5396
Nelson Mandela,language,name_lens,6-8,subject_all,1,Nel,1,11,-16.7829,0.8717,-6.603,-7.9089,-1.3059,-2.036|-1.915|-2.003|-1.955,-1.9145,-0.418,1,0, people,0.2933
Nelson Mandela,language,name_lens,6-8,subject_all,2,son,1,11,-16.7829,0.0546,-6.603,-16.2274,-9.6244,-4.283|-5.835|-2.787|-3.322,-5.8354,-4.3389,22,1, **,2.4615
Nelson Mandela,language,name_lens,6-8,subject_all,3, Mandela,1,11,-16.7829,0.0414,-6.603,-16.3611,-9.7581,-4.368|-5.907|-2.786|-3.300,-5.9073,-4.4107,23,1, **,2.4831
Nelson Mandela,language,name_lens,6-8,subject_all,4, spoke,0,11,-16.7829,0.4042,-6.603,-12.6679,-6.0649,-3.766|-3.187|-2.642|-3.072,-3.1873,-1.6907,1,0, people,1.6695
Nelson Mandela,language,name_lens,6-8,subject_all,5, the,0,11,-16.7829,0.0584,-6.603,-16.1884,-9.5854,-4.307|-5.761|-2.856|-3.265,-5.7612,-4.2647,20,1, **,2.4467
Nelson Mandela,language,name_lens,6-8,subject_all,6, language,0,11,-16.7829,0.0564,-6.603,-16.2089,-9.6059,-4.275|-5.794|-2.883|-3.256,-5.7937,-4.2972,23,1, **,2.4738
Nelson Mandela,language,name_lens,6-8,subject_all,7, of,0,11,-16.7829,0.1594,-6.603,-15.16,-8.557,-3.721|-5.424|-2.750|-3.265,-5.4242,-3.9277,14,1, **,1.7464
Nelson Mandela,language,name_lens,6-8,subject_all,0,<|startoftext|>,0,12,-16.7829,0.0,-6.603,-16.7829,-10.1799,-4.430|-6.200|-2.837|-3.316,-6.2,-4.7034,34,1, **,2.5396
Nelson Mandela,language,name_lens,6-8,subject_all,1,Nel,1,12,-16.7829,0.846,-6.603,-8.1708,-1.5678,-2.106|-1.953|-2.115|-1.997,-1.9531,-0.4565,1,0, people,0.3304
Nelson Mandela,language,name_lens,6-8,subject_all,2,son,1,12,-16.7829,0.0491,-6.603,-16.2834,-9.6804,-4.288|-5.857|-2.825|-3.313,-5.8574,-4.3609,21,1, **,2.4735
Nelson Mandela,language,name_lens,6-8,subject_all,3, Mandela,1,12,-16.7829,0.0331,-6.603,-16.446,-9.843,-4.395|-5.947|-2.758|-3.347,-5.9468,-4.4503,25,1, **,2.5024
Nelson Mandela,language,name_lens,6-8,subject_all,4, spoke,0,12,-16.7829,0.3985,-6.603,-12.7259,-6.1229,-3.703|-3.328|-2.692|-3.003,-3.3282,-1.8317,1,0, people,1.644
Nelson Mandela,language,name_lens,6-8,subject_all,5, the,0,12,-16.7829,0.0554,-6.603,-16.219,-9.616,-4.338|-5.792|-2.824|-3.265,-5.7918,-4.2952,21,1, **,2.4541
Nelson Mandela,language,name_lens,6-8,subject_all,6, language,0,12,-16.7829,0.0615,-6.603,-16.1565,-9.5535,-4.280|-5.761|-2.849|-3.266,-5.7609,-4.2644,20,1, **,2.4669
Nelson Mandela,language,name_lens,6-8,subject_all,7, of,0,12,-16.7829,0.1706,-6.603,-15.0462,-8.4432,-3.663|-5.369|-2.790|-3.224,-5.3694,-3.8729,14,1, **,1.687
Nelson Mandela,language,name_lens,6-8,subject_all,0,<|startoftext|>,0,13,-16.7829,0.0,-6.603,-16.7829,-10.1799,-4.430|-6.200|-2.837|-3.316,-6.2,-4.7034,34,1, **,2.5396
Nelson Mandela,language,name_lens,6-8,subject_all,1,Nel,1,13,-16.7829,0.8258,-6.603,-8.3761,-1.7731,-2.169|-1.939|-2.206|-2.062,-1.939,-0.4425,1,0, people,0.3626
Nelson Mandela,language,name_lens,6-8,subject_all,2,son,1,13,-16.7829,0.0462,-6.603,-16.3126,-9.7096,-4.286|-5.863|-2.842|-3.321,-5.8632,-4.3667,24,1, **,2.4624
Nelson Mandela,language,name_lens,6-8,subject_all,3, Mandela,1,13,-16.7829,0.0388,-6.603,-16.3883,-9.7853,-4.368|-5.949|-2.773|-3.298,-5.9491,-4.4526,25,1, **,2.4957
Nelson Mandela,language,name_lens,6-8,subject_all,4, spoke,0,13,-16.7829,0.3987,-6.603,-12.7237,-6.1207,-3.706|-3.320|-2.630|-3.068,-3.32,-1.8235,1,0, people,1.6206
Nelson Mandela,language,name_lens,6-8,subject_all,5, the,0,13,-16.7829,0.0518,-6.603,-16.2552,-9.6522,-4.377|-5.760|-2.840|-3.278,-5.7603,-4.2638,19,1, **,2.4711
Nelson Mandela,language,name_lens,6-8,subject_all,6, language,0,13,-16.7829,0.06,-6.603,-16.1722,-9.5692,-4.314|-5.748|-2.842|-3.268,-5.7477,-4.2512,20,1, **,2.4776
Nelson Mandela,language,name_lens,6-8,subject_all,7, of,0,13,-16.7829,0.174,-6.603,-15.0114,-8.4084,-3.661|-5.255|-2.818|-3.278,-5.2546,-3.7581,12,1, **,1.528
Nelson Mandela,language,name_lens,6-8,subject_all,0,<|startoftext|>,0,14,-16.7829,0.0,-6.603,-16.7829,-10.1799,-4.430|-6.200|-2.837|-3.316,-6.2,-4.7034,34,1, **,2.5396
Nelson Mandela,language,name_lens,6-8,subject_all,1,Nel,1,14,-16.7829,0.7296,-6.603,-9.3555,-2.7525,-2.921|-1.997|-2.410|-2.028,-1.997,-0.5004,1,0, people,0.8359
Nelson Mandela,language,name_lens,6-8,subject_all,2,son,1,14,-16.7829,0.0168,-6.603,-16.6122,-10.0092,-4.296|-6.113|-2.831|-3.371,-6.1133,-4.6168,31,1, **,2.4972
Nelson Mandela,language,name_lens,6-8,subject_all,3, Mandela,1,14,-16.7829,0.0437,-6.603,-16.3379,-9.7349,-4.359|-5.983|-2.770|-3.226,-5.9828,-4.4863,25,1, **,2.4874
Nelson Mandela,language,name_lens,6-8,subject_all,4, spoke,0,14,-16.7829,0.1266,-6.603,-15.494,-8.891,-4.049|-5.580|-2.777|-3.088,-5.5802,-4.0836,14,1, **,2.1876
Nelson Mandela,language,name_lens,6-8,subject_all,5, the,0,14,-16.7829,0.0736,-6.603,-16.0332,-9.4302,-4.124|-5.775|-2.894|-3.240,-5.7752,-4.2787,19,1, **,2.3225
Nelson Mandela,language,name_lens,6-8,subject_all,6, language,0,14,-16.7829,0.0848,-6.603,-15.9199,-9.3169,-4.136|-5.623|-2.870|-3.290,-5.6234,-4.1269,15,1, **,2.3517
Nelson Mandela,language,name_lens,6-8,subject_all,7, of,0,14,-16.7829,0.563,-6.603,-11.0514,-4.4484,-1.548|-3.584|-2.740|-3.180,-3.5839,-2.0874,1,0, people,0.0394
Nelson Mandela,language,name_lens,6-8,subject_all,0,<|startoftext|>,0,15,-16.7829,0.0,-6.603,-16.7829,-10.1799,-4.430|-6.200|-2.837|-3.316,-6.2,-4.7034,34,1, **,2.5396
Nelson Mandela,language,name_lens,6-8,subject_all,1,Nel,1,15,-16.7829,0.5672,-6.603,-11.0092,-4.4062,-3.351|-2.319|-2.575|-2.764,-2.319,-0.8225,1,0, people,1.4005
Nelson Mandela,language,name_lens,6-8,subject_all,2,son,1,15,-16.7829,0.0039,-6.603,-16.7436,-10.1406,-4.330|-6.199|-2.852|-3.363,-6.1989,-4.7024,35,1, **,2.5268
Nelson Mandela,language,name_lens,6-8,subject_all,3, Mandela,1,15,-16.7829,0.0493,-6.603,-16.2805,-9.6775,-4.360|-5.976|-2.727|-3.217,-5.9765,-4.4799,26,1, **,2.4929
Nelson Mandela,language,name_lens,6-8,subject_all,4, spoke,0,15,-16.7829,0.1196,-6.603,-15.5651,-8.9621,-4.061|-5.648|-2.777|-3.080,-5.6476,-4.1511,15,1, **,2.2095
Nelson Mandela,language,name_lens,6-8,subject_all,5, the,0,15,-16.7829,0.0736,-6.603,-16.0336,-9.4306,-4.084|-5.775|-2.882|-3.293,-5.7747,-4.2782,19,1, **,2.3075
Nelson Mandela,language,name_lens,6-8,subject_all,6, language,0,15,-16.7829,0.0853,-6.603,-15.9145,-9.3115,-4.071|-5.612|-2.896|-3.335,-5.6121,-4.1156,15,1, **,2.2819
Nelson Mandela,language,name_lens,6-8,subject_all,7, of,0,15,-16.7829,0.5387,-6.603,-11.2985,-4.6955,-1.631|-3.791|-2.733|-3.144,-3.7906,-2.2941,1,0, people,0.0392
Nelson Mandela,language,name_lens,6-8,subject_all,0,<|startoftext|>,0,16,-16.7829,0.0,-6.603,-16.7829,-10.1799,-4.430|-6.200|-2.837|-3.316,-6.2,-4.7034,34,1, **,2.5396
Nelson Mandela,language,name_lens,6-8,subject_all,1,Nel,1,16,-16.7829,0.0296,-6.603,-16.4818,-9.8788,-4.295|-6.087|-2.826|-3.274,-6.0868,-4.5903,31,1, **,2.4902
Nelson Mandela,language,name_lens,6-8,subject_all,2,son,1,16,-16.7829,0.0077,-6.603,-16.7044,-10.1014,-4.332|-6.176|-2.818|-3.379,-6.1758,-4.6792,34,1, **,2.5209
Nelson Mandela,language,name_lens,6-8,subject_all,3, Mandela,1,16,-16.7829,0.0284,-6.603,-16.4941,-9.8911,-4.375|-6.133|-2.769|-3.217,-6.1334,-4.6368,33,1, **,2.498
Nelson Mandela,language,name_lens,6-8,subject_all,4, spoke,0,16,-16.7829,0.1277,-6.603,-15.4829,-8.8799,-4.087|-5.669|-2.737|-2.990,-5.6691,-4.1726,16,1, **,2.2284
Nelson Mandela,language,name_lens,6-8,subject_all,5, the,0,16,-16.7829,0.0718,-6.603,-16.0519,-9.4489,-4.106|-5.787|-2.858|-3.301,-5.7869,-4.2904,20,1, **,2.3152
Nelson Mandela,language,name_lens,6-8,subject_all,6, language,0,16,-16.7829,0.1189,-6.603,-15.5724,-8.9694,-3.910|-5.492|-2.798|-3.372,-5.492,-3.9955,14,1, **,2.2087
Nelson Mandela,language,name_lens,6-8,subject_all,7, of,0,16,-16.7829,0.5484,-6.603,-11.2002,-4.5972,-1.553|-3.801|-2.715|-3.131,-3.8009,-2.3043,1,0, people,0.028
Nelson Mandela,language,name_lens,6-8,subject_all,0,<|startoftext|>,0,17,-16.7829,0.0,-6.603,-16.7829,-10.1799,-4.430|-6.200|-2.837|-3.316,-6.2,-4.7034,34,1, **,2.5396
Nelson Mandela,language,name_lens,6-8,subject_all,1,Nel,1,17,-16.7829,0.018,-6.603,-16.5993,-9.9963,-4.330|-6.120|-2.830|-3.320,-6.12,-4.6234,31,1, **,2.5148
Nelson Mandela,language,name_lens,6-8,subject_all,2,son,1,17,-16.7829,0.0008,-6.603,-16.7747,-10.1717,-4.346|-6.275|-2.813|-3.341,-6.2746,-4.7781,36,1, **,2.5356
Nelson Mandela,language,name_lens,6-8,subject_all,3, Mandela,1,17,-16.7829,0.022,-6.603,-16.5591,-9.9561,-4.336|-6.193|-2.785|-3.246,-6.1926,-4.6961,33,1, **,2.4914
Nelson Mandela,language,name_lens,6-8,subject_all,4, spoke,0,17,-16.7829,0.108,-6.603,-15.6839,-9.0809,-4.155|-5.754|-2.797|-2.977,-5.7536,-4.2571,22,1, **,2.2625
Nelson Mandela,language,name_lens,6-8,subject_all,5, the,0,17,-16.7829,0.0725,-6.603,-16.0447,-9.4417,-4.123|-5.816|-2.850|-3.256,-5.816,-4.3195,22,1, **,2.324
Nelson Mandela,language,name_lens,6-8,subject_all,6, language,0,17,-16.7829,0.1352,-6.603,-15.4066,-8.8036,-3.861|-5.433|-2.795|-3.318,-5.4326,-3.936,13,1, **,2.152
Nelson Mandela,language,name_lens,6-8,subject_all,7, of,0,17,-16.7829,0.5376,-6.603,-11.3101,-4.7071,-1.535|-3.899|-2.701|-3.175,-3.899,-2.4025,1,0, people,0.0269
Nelson Mandela,language,name_lens,6-8,subject_all,0,<|startoftext|>,0,18,-16.7829,0.0,-6.603,-16.7829,-10.1799,-4.430|-6.200|-2.837|-3.316,-6.2,-4.7034,34,1, **,2.5396
Nelson Mandela,language,name_lens,6-8,subject_all,1,Nel,1,18,-16.7829,-0.0028,-6.603,-16.8118,-10.2088,-4.398|-6.236|-2.872|-3.306,-6.2356,-4.7391,34,1, **,2.5393
Nelson Mandela,language,name_lens,6-8,subject_all,2,son,1,18,-16.7829,-0.0007,-6.603,-16.79,-10.187,-4.375|-6.212|-2.842|-3.361,-6.2118,-4.7153,35,1, **,2.5467
Nelson Mandela,language,name_lens,6-8,subject_all,3, Mandela,1,18,-16.7829,0.0203,-6.603,-16.5763,-9.9733,-4.346|-6.223|-2.751|-3.256,-6.2227,-4.7261,34,1, **,2.5037
Nelson Mandela,language,name_lens,6-8,subject_all,4, spoke,0,18,-16.7829,0.0531,-6.603,-16.2423,-9.6393,-4.265|-6.101|-2.837|-3.039,-6.101,-4.6045,33,1, **,2.3939
Nelson Mandela,language,name_lens,6-8,subject_all,5, the,0,18,-16.7829,0.0319,-6.603,-16.4586,-9.8556,-4.219|-6.098|-2.883|-3.258,-6.0982,-4.6017,33,1, **,2.3937
Nelson Mandela,language,name_lens,6-8,subject_all,6, language,0,18,-16.7829,0.0852,-6.603,-15.9157,-9.3127,-4.049|-5.708|-2.811|-3.348,-5.7081,-4.2116,22,1, **,2.3371
Nelson Mandela,language,name_lens,6-8,subject_all,7, of,0,18,-16.7829,0.454,-6.603,-12.161,-5.558,-1.499|-4.729|-2.757|-3.177,-4.729,-3.2324,8,1, **,0.0197
Nelson Mandela,language,name_lens,6-8,subject_all,0,<|startoftext|>,0,19,-16.7829,0.0,-6.603,-16.7829,-10.1799,-4.430|-6.200|-2.837|-3.316,-6.2,-4.7034,34,1, **,2.5396
Nelson Mandela,language,name_lens,6-8,subject_all,1,Nel,1,19,-16.7829,-0.0048,-6.603,-16.8322,-10.2292,-4.373|-6.195|-2.879|-3.386,-6.195,-4.6984,35,1, **,2.5375
Nelson Mandela,language,name_lens,6-8,subject_all,2,son,1,19,-16.7829,0.0004,-6.603,-16.7786,-10.1756,-4.389|-6.179|-2.873|-3.337,-6.179,-4.6825,34,1, **,2.5385
Nelson Mandela,language,name_lens,6-8,subject_all,3, Mandela,1,19,-16.7829,0.0131,-6.603,-16.6499,-10.0469,-4.330|-6.228|-2.810|-3.282,-6.228,-4.7315,34,1, **,2.5004
Nelson Mandela,language,name_lens,6-8,subject_all,4, spoke,0,19,-16.7829,0.0411,-6.603,-16.3649,-9.7619,-4.352|-6.138|-2.821|-3.055,-6.1376,-4.641,33,1, **,2.3789
Nelson Mandela,language,name_lens,6-8,subject_all,5, the,0,19,-16.7829,0.0158,-6.603,-16.6217,-10.0187,-4.311|-6.133|-2.873|-3.304,-6.1332,-4.6367,33,1, **,2.4295
Nelson Mandela,language,name_lens,6-8,subject_all,6, language,0,19,-16.7829,0.0611,-6.603,-16.1612,-9.5582,-4.125|-5.872|-2.799|-3.365,-5.8716,-4.3751,23,1, **,2.3881
Nelson Mandela,language,name_lens,6-8,subject_all,7, of,0,19,-16.7829,0.4321,-6.603,-12.3839,-5.7809,-1.564|-4.853|-2.746|-3.220,-4.8534,-3.3568,9,1, **,0.0242
Nelson Mandela,language,name_lens,6-8,subject_all,0,<|startoftext|>,0,20,-16.7829,0.0,-6.603,-16.7829,-10.1799,-4.430|-6.200|-2.837|-3.316,-6.2,-4.7034,34,1, **,2.5396
Nelson Mandela,language,name_lens,6-8,subject_all,1,Nel,1,20,-16.7829,-0.0065,-6.603,-16.8486,-10.2456,-4.372|-6.247|-2.860|-3.370,-6.2468,-4.7503,35,1, **,2.5344
Nelson Mandela,language,name_lens,6-8,subject_all,2,son,1,20,-16.7829,-0.0036,-6.603,-16.8192,-10.2162,-4.390|-6.266|-2.876|-3.288,-6.2659,-4.7694,36,1, **,2.5411
Nelson Mandela,language,name_lens,6-8,subject_all,3, Mandela,1,20,-16.7829,0.0134,-6.603,-16.6464,-10.0434,-4.305|-6.250|-2.804|-3.288,-6.2497,-4.7532,34,1, **,2.4905
Nelson Mandela,language,name_lens,6-8,subject_all,4, spoke,0,20,-16.7829,0.0046,-6.603,-16.7366,-10.1336,-4.340|-6.250|-2.852|-3.294,-6.2498,-4.7533,36,1, **,2.4313
Nelson Mandela,language,name_lens,6-8,subject_all,5, the,0,20,-16.7829,-0.0053,-6.603,-16.8372,-10.2342,-4.372|-6.227|-2.880|-3.357,-6.2275,-4.731,33,1, **,2.4518
Nelson Mandela,language,name_lens,6-8,subject_all,6, language,0,20,-16.7829,0.0439,-6.603,-16.3357,-9.7327,-4.183|-5.988|-2.811|-3.353,-5.9881,-4.4915,28,1, **,2.4185
Nelson Mandela,language,name_lens,6-8,subject_all,7, of,0,20,-16.7829,0.3928,-6.603,-12.7842,-6.1812,-1.586|-5.015|-2.896|-3.287,-5.0154,-3.5189,10,1, **,0.0207
Nelson Mandela,language,name_lens,6-8,subject_all,0,<|startoftext|>,0,21,-16.7829,0.0,-6.603,-16.7829,-10.1799,-4.430|-6.200|-2.837|-3.316,-6.2,-4.7034,34,1, **,2.5396
Nelson Mandela,language,name_lens,6-8,subject_all,1,Nel,1,21,-16.7829,-0.0049,-6.603,-16.8324,-10.2294,-4.407|-6.204|-2.852|-3.369,-6.2042,-4.7077,34,1, **,2.5431
Nelson Mandela,language,name_lens,6-8,subject_all,2,son,1,21,-16.7829,-0.0056,-6.603,-16.84,-10.237,-4.398|-6.210|-2.862|-3.370,-6.2105,-4.7139,35,1, **,2.5437
Nelson Mandela,language,name_lens,6-8,subject_all,3, Mandela,1,21,-16.7829,0.0031,-6.603,-16.7512,-10.1482,-4.387|-6.193|-2.816|-3.355,-6.1933,-4.6967,35,1, **,2.5312
Nelson Mandela,language,name_lens,6-8,subject_all,4, spoke,0,21,-16.7829,0.0092,-6.603,-16.6897,-10.0867,-4.349|-6.214|-2.854|-3.272,-6.2141,-4.7176,35,1, **,2.4683
Nelson Mandela,language,name_lens,6-8,subject_all,5, the,0,21,-16.7829,-0.0005,-6.603,-16.7876,-10.1846,-4.342|-6.175|-2.919|-3.350,-6.1755,-4.679,34,1, **,2.4559
Nelson Mandela,language,name_lens,6-8,subject_all,6, language,0,21,-16.7829,0.0292,-6.603,-16.4854,-9.8824,-4.155|-6.100|-2.876|-3.354,-6.1003,-4.6037,34,1, **,2.4267
Nelson Mandela,language,name_lens,6-8,subject_all,7, of,0,21,-16.7829,0.3934,-6.603,-12.7778,-6.1748,-1.624|-5.011|-2.824|-3.318,-5.0109,-3.5143,10,1, **,0.0186
Nelson Mandela,language,name_lens,6-8,subject_all,0,<|startoftext|>,0,22,-16.7829,0.0,-6.603,-16.7829,-10.1799,-4.430|-6.200|-2.837|-3.316,-6.2,-4.7034,34,1, **,2.5396
Nelson Mandela,language,name_lens,6-8,subject_all,1,Nel,1,22,-16.7829,-0.0045,-6.603,-16.8282,-10.2252,-4.425|-6.200|-2.832|-3.372,-6.1997,-4.7032,34,1, **,2.5426
Nelson Mandela,language,name_lens,6-8,subject_all,2,son,1,22,-16.7829,0.0009,-6.603,-16.7737,-10.1707,-4.401|-6.205|-2.859|-3.308,-6.2053,-4.7088,35,1, **,2.5358
Nelson Mandela,language,name_lens,6-8,subject_all,3, Mandela,1,22,-16.7829,0.0069,-6.603,-16.7125,-10.1095,-4.382|-6.188|-2.855|-3.287,-6.188,-4.6915,34,1, **,2.5215
Nelson Mandela,language,name_lens,6-8,subject_all,4, spoke,0,22,-16.7829,0.0072,-6.603,-16.71,-10.107,-4.348|-6.161|-2.828|-3.373,-6.161,-4.6645,32,1, **,2.4622
Nelson Mandela,language,name_lens,6-8,subject_all,5, the,0,22,-16.7829,0.0025,-6.603,-16.7579,-10.1549,-4.364|-6.174|-2.866|-3.354,-6.1744,-4.6779,33,1, **,2.4481
Nelson Mandela,language,name_lens,6-8,subject_all,6, language,0,22,-16.7829,0.0142,-6.603,-16.6385,-10.0355,-4.297|-6.185|-2.800|-3.356,-6.1848,-4.6882,35,1, **,2.4703
Nelson Mandela,language,name_lens,6-8,subject_all,7, of,0,22,-16.7829,0.3551,-6.603,-13.168,-6.565,-1.547|-5.471|-2.829|-3.321,-5.471,-3.9744,14,1, **,0.0084
Nelson Mandela,spouse,name_lens,6-8,subject_all,-1,,,-1,-5.2316,0.0,-1.6986,-5.2316,-3.5329,-1.965|-3.234|-0.032|-0.001,-1.9651,-0.7212,1,0, Winnie,0.2605
Nelson Mandela,spouse,name_lens,6-8,subject_all,0,<|startoftext|>,0,0,-5.2316,0.0,-1.6986,-5.2316,-3.5329,-1.965|-3.234|-0.032|-0.001,-1.9651,-0.7212,1,0, Winnie,0.2605
Nelson Mandela,spouse,name_lens,6-8,subject_all,1,Nel,1,0,-5.2316,0.0,-1.6986,-5.2316,-3.5329,-1.965|-3.234|-0.032|-0.001,-1.9651,-0.7212,1,0, Winnie,0.2605
Nelson Mandela,spouse,name_lens,6-8,subject_all,2,son,1,0,-5.2316,0.0,-1.6986,-5.2316,-3.5329,-1.965|-3.234|-0.032|-0.001,-1.9651,-0.7212,1,0, Winnie,0.2605
Nelson Mandela,spouse,name_lens,6-8,subject_all,3, Mandela,1,0,-5.2316,0.0,-1.6986,-5.2316,-3.5329,-1.965|-3.234|-0.032|-0.001,-1.9651,-0.7212,1,0, Winnie,0.2605
Nelson Mandela,spouse,name_lens,6-8,subject_all,4, was,0,0,-5.2316,0.0,-1.6986,-5.2316,-3.5329,-1.965|-3.234|-0.032|-0.001,-1.9651,-0.7212,1,0, Winnie,0.2605
Nelson Mandela,spouse,name_lens,6-8,subject_all,5, married,0,0,-5.2316,0.0,-1.6986,-5.2316,-3.5329,-1.965|-3.234|-0.032|-0.001,-1.9651,-0.7212,1,0, Winnie,0.2605
Nelson Mandela,spouse,name_lens,6-8,subject_all,6, to,0,0,-5.2316,0.0,-1.6986,-5.2316,-3.5329,-1.965|-3.234|-0.032|-0.001,-1.9651,-0.7212,1,0, Winnie,0.2605
Nelson Mandela,spouse,name_lens,6-8,subject_all,0,<|startoftext|>,0,1,-5.2316,0.0,-1.6986,-5.2316,-3.5329,-1.965|-3.234|-0.032|-0.001,-1.9651,-0.7212,1,0, Winnie,0.2605
Nelson Mandela,spouse,name_lens,6-8,subject_all,1,Nel,1,1,-5.2316,0.0,-1.6986,-5.2316,-3.5329,-1.965|-3.234|-0.032|-0.001,-1.9651,-0.7212,1,0, Winnie,0.2605
Nelson Mandela,spouse,name_lens,6-8,subject_all,2,son,1,1,-5.2316,0.0,-1.6986,-5.2316,-3.5329,-1.965|-3.234|-0.032|-0.001,-1.9651,-0.7212,1,0, Winnie,0.2605
Nelson Mandela,spouse,name_lens,6-8,subject_all,3, Mandela,1,1,-5.2316,0.0,-1.6986,-5.2316,-3.5329,-1.965|-3.234|-0.032|-0.001,-1.9651,-0.7212,1,0, Winnie,0.2605
Nelson Mandela,spouse,name_lens,6-8,subject_all,4, was,0,1,-5.2316,0.0,-1.6986,-5.2316,-3.5329,-1.965|-3.234|-0.032|-0.001,-1.9651,-0.7212,1,0, Winnie,0.2605
Nelson Mandela,spouse,name_lens,6-8,subject_all,5, married,0,1,-5.2316,0.0,-1.6986,-5.2316,-3.5329,-1.965|-3.234|-0.032|-0.001,-1.9651,-0.7212,1,0, Winnie,0.2605
Nelson Mandela,spouse,name_lens,6-8,subject_all,6, to,0,1,-5.2316,0.0,-1.6986,-5.2316,-3.5329,-1.965|-3.234|-0.032|-0.001,-1.9651,-0.7212,1,0, Winnie,0.2605
Nelson Mandela,spouse,name_lens,6-8,subject_all,0,<|startoftext|>,0,2,-5.2316,0.0,-1.6986,-5.2316,-3.5329,-1.965|-3.234|-0.032|-0.001,-1.9651,-0.7212,1,0, Winnie,0.2605
Nelson Mandela,spouse,name_lens,6-8,subject_all,1,Nel,1,2,-5.2316,0.0,-1.6986,-5.2316,-3.5329,-1.965|-3.234|-0.032|-0.001,-1.9651,-0.7212,1,0, Winnie,0.2605
Nelson Mandela,spouse,name_lens,6-8,subject_all,2,son,1,2,-5.2316,0.0,-1.6986,-5.2316,-3.5329,-1.965|-3.234|-0.032|-0.001,-1.9651,-0.7212,1,0, Winnie,0.2605
Nelson Mandela,spouse,name_lens,6-8,subject_all,3, Mandela,1,2,-5.2316,0.0,-1.6986,-5.2316,-3.5329,-1.965|-3.234|-0.032|-0.001,-1.9651,-0.7212,1,0, Winnie,0.2605
Nelson Mandela,spouse,name_lens,6-8,subject_all,4, was,0,2,-5.2316,0.0,-1.6986,-5.2316,-3.5329,-1.965|-3.234|-0.032|-0.001,-1.9651,-0.7212,1,0, Winnie,0.2605
Nelson Mandela,spouse,name_lens,6-8,subject_all,5, married,0,2,-5.2316,0.0,-1.6986,-5.2316,-3.5329,-1.965|-3.234|-0.032|-0.001,-1.9651,-0.7212,1,0, Winnie,0.2605
Nelson Mandela,spouse,name_lens,6-8,subject_all,6, to,0,2,-5.2316,0.0,-1.6986,-5.2316,-3.5329,-1.965|-3.234|-0.032|-0.001,-1.9651,-0.7212,1,0, Winnie,0.2605
Nelson Mandela,spouse,name_lens,6-8,subject_all,0,<|startoftext|>,0,3,-5.2316,0.0,-1.6986,-5.2316,-3.5329,-1.965|-3.234|-0.032|-0.001,-1.9651,-0.7212,1,0, Winnie,0.2605
Nelson Mandela,spouse,name_lens,6-8,subject_all,1,Nel,1,3,-5.2316,0.0,-1.6986,-5.2316,-3.5329,-1.965|-3.234|-0.032|-0.001,-1.9651,-0.7212,1,0, Winnie,0.2605
Nelson Mandela,spouse,name_lens,6-8,subject_all,2,son,1,3,-5.2316,0.0,-1.6986,-5.2316,-3.5329,-1.965|-3.234|-0.032|-0.001,-1.9651,-0.7212,1,0, Winnie,0.2605
Nelson Mandela,spouse,name_lens,6-8,subject_all,3, Mandela,1,3,-5.2316,0.0,-1.6986,-5.2316,-3.5329,-1.965|-3.234|-0.032|-0.001,-1.9651,-0.7212,1,0, Winnie,0.2605
Nelson Mandela,spouse,name_lens,6-8,subject_all,4, was,0,3,-5.2316,0.0,-1.6986,-5.2316,-3.5329,-1.965|-3.234|-0.032|-0.001,-1.9651,-0.7212,1,0, Winnie,0.2605
Nelson Mandela,spouse,name_lens,6-8,subject_all,5, married,0,3,-5.2316,0.0,-1.6986,-5.2316,-3.5329,-1.965|-3.234|-0.032|-0.001,-1.9651,-0.7212,1,0, Winnie,0.2605
Nelson Mandela,spouse,name_lens,6-8,subject_all,6, to,0,3,-5.2316,0.0,-1.6986,-5.2316,-3.5329,-1.965|-3.234|-0.032|-0.001,-1.9651,-0.7212,1,0, Winnie,0.2605
Nelson Mandela,spouse,name_lens,6-8,subject_all,0,<|startoftext|>,0,4,-5.2316,0.0,-1.6986,-5.2316,-3.5329,-1.965|-3.234|-0.032|-0.001,-1.9651,-0.7212,1,0, Winnie,0.2605
Nelson Mandela,spouse,name_lens,6-8,subject_all,1,Nel,1,4,-5.2316,0.0,-1.6986,-5.2316,-3.5329,-1.965|-3.234|-0.032|-0.001,-1.9651,-0.7212,1,0, Winnie,0.2605
Nelson Mandela,spouse,name_lens,6-8,subject_all,2,son,1,4,-5.2316,0.0,-1.6986,-5.2316,-3.5329,-1.965|-3.234|-0.032|-0.001,-1.9651,-0.7212,1,0, Winnie,0.2605
Nelson Mandela,spouse,name_lens,6-8,subject_all,3, Mandela,1,4,-5.2316,0.0,-1.6986,-5.2316,-3.5329,-1.965|-3.234|-0.032|-0.001,-1.9651,-0.7212,1,0, Winnie,0.2605
Nelson Mandela,spouse,name_lens,6-8,subject_all,4, was,0,4,-5.2316,0.0,-1.6986,-5.2316,-3.5329,-1.965|-3.234|-0.032|-0.001,-1.9651,-0.7212,1,0, Winnie,0.2605
Nelson Mandela,spouse,name_lens,6-8,subject_all,5, married,0,4,-5.2316,0.0,-1.6986,-5.2316,-3.5329,-1.965|-3.234|-0.032|-0.001,-1.9651,-0.7212,1,0, Winnie,0.2605
Nelson Mandela,spouse,name_lens,6-8,subject_all,6, to,0,4,-5.2316,0.0,-1.6986,-5.2316,-3.5329,-1.965|-3.234|-0.032|-0.001,-1.9651,-0.7212,1,0, Winnie,0.2605
Nelson Mandela,spouse,name_lens,6-8,subject_all,0,<|startoftext|>,0,5,-5.2316,0.0,-1.6986,-5.2316,-3.5329,-1.965|-3.234|-0.032|-0.001,-1.9651,-0.7212,1,0, Winnie,0.2605
Nelson Mandela,spouse,name_lens,6-8,subject_all,1,Nel,1,5,-5.2316,0.0,-1.6986,-5.2316,-3.5329,-1.965|-3.234|-0.032|-0.001,-1.9651,-0.7212,1,0, Winnie,0.2605
Nelson Mandela,spouse,name_lens,6-8,subject_all,2,son,1,5,-5.2316,0.0,-1.6986,-5.2316,-3.5329,-1.965|-3.234|-0.032|-0.001,-1.9651,-0.7212,1,0, Winnie,0.2605
Nelson Mandela,spouse,name_lens,6-8,subject_all,3, Mandela,1,5,-5.2316,0.0,-1.6986,-5.2316,-3.5329,-1.965|-3.234|-0.032|-0.001,-1.9651,-0.7212,1,0, Winnie,0.2605
Nelson Mandela,spouse,name_lens,6-8,subject_all,4, was,0,5,-5.2316,0.0,-1.6986,-5.2316,-3.5329,-1.965|-3.234|-0.032|-0.001,-1.9651,-0.7212,1,0, Winnie,0.2605
Nelson Mandela,spouse,name_lens,6-8,subject_all,5, married,0,5,-5.2316,0.0,-1.6986,-5.2316,-3.5329,-1.965|-3.234|-0.032|-0.001,-1.9651,-0.7212,1,0, Winnie,0.2605
Nelson Mandela,spouse,name_lens,6-8,subject_all,6, to,0,5,-5.2316,0.0,-1.6986,-5.2316,-3.5329,-1.965|-3.234|-0.032|-0.001,-1.9651,-0.7212,1,0, Winnie,0.2605
Nelson Mandela,spouse,name_lens,6-8,subject_all,0,<|startoftext|>,0,6,-5.2316,0.0,-1.6986,-5.2316,-3.5329,-1.965|-3.234|-0.032|-0.001,-1.9651,-0.7212,1,0, Winnie,0.2605
Nelson Mandela,spouse,name_lens,6-8,subject_all,1,Nel,1,6,-5.2316,0.3297,-1.6986,-4.0668,-2.3681,-2.197|-1.869|-0.000|-0.000,-2.1966,-0.9527,2,1, a,0.2298
Nelson Mandela,spouse,name_lens,6-8,subject_all,2,son,1,6,-5.2316,0.033,-1.6986,-5.1149,-3.4163,-1.838|-3.248|-0.028|-0.001,-1.8378,-0.5939,1,0, Winnie,0.2363
Nelson Mandela,spouse,name_lens,6-8,subject_all,3, Mandela,1,6,-5.2316,0.1835,-1.6986,-4.5835,-2.8848,-1.611|-2.945|-0.026|-0.001,-1.611,-0.3671,1,0, Winnie,0.1844
Nelson Mandela,spouse,name_lens,6-8,subject_all,4, was,0,6,-5.2316,0.0,-1.6986,-5.2316,-3.5329,-1.965|-3.234|-0.032|-0.001,-1.9651,-0.7212,1,0, Winnie,0.2605
Nelson Mandela,spouse,name_lens,6-8,subject_all,5, married,0,6,-5.2316,0.0,-1.6986,-5.2316,-3.5329,-1.965|-3.234|-0.032|-0.001,-1.9651,-0.7212,1,0, Winnie,0.2605
Nelson Mandela,spouse,name_lens,6-8,subject_all,6, to,0,6,-5.2316,0.0,-1.6986,-5.2316,-3.5329,-1.965|-3.234|-0.032|-0.001,-1.9651,-0.7212,1,0, Winnie,0.2605
Nelson Mandela,spouse,name_lens,6-8,subject_all,0,<|startoftext|>,0,7,-5.2316,0.0,-1.6986,-5.2316,-3.5329,-1.965|-3.234|-0.032|-0.001,-1.9651,-0.7212,1,0, Winnie,0.2605
Nelson Mandela,spouse,name_lens,6-8,subject_all,1,Nel,1,7,-5.2316,0.3134,-1.6986,-4.1245,-2.4258,-2.051|-2.073|-0.001|-0.001,-2.0505,-0.8066,1,0, Winnie,0.2021
Nelson Mandela,spouse,name_lens,6-8,subject_all,2,son,1,7,-5.2316,0.0258,-1.6986,-5.1403,-3.4416,-1.880|-3.237|-0.022|-0.001,-1.88,-0.6361,1,0, Winnie,0.2372
Nelson Mandela,spouse,name_lens,6-8,subject_all,3, Mandela,1,7,-5.2316,0.1323,-1.6986,-4.7643,-3.0657,-1.661|-3.079|-0.023|-0.001,-1.6611,-0.4172,1,0, Winnie,0.1881
Nelson Mandela,spouse,name_lens,6-8,subject_all,4, was,0,7,-5.2316,0.1921,-1.6986,-4.553,-2.8544,-1.822|-2.725|-0.006|-0.001,-1.8217,-0.5778,1,0, Winnie,0.2014
Nelson Mandela,spouse,name_lens,6-8,subject_all,5, married,0,7,-5.2316,0.0386,-1.6986,-5.095,-3.3964,-1.840|-3.225|-0.029|-0.001,-1.8402,-0.5963,1,0, Winnie,0.2336
Nelson Mandela,spouse,name_lens,6-8,subject_all,6, to,0,7,-5.2316,0.0604,-1.6986,-5.0184,-3.3197,-1.827|-3.164|-0.027|-0.001,-1.8268,-0.5829,1,0, Winnie,0.2366
Nelson Mandela,spouse,name_lens,6-8,subject_all,0,<|startoftext|>,0,8,-5.2316,0.0,-1.6986,-5.2316,-3.5329,-1.965|-3.234|-0.032|-0.001,-1.9651,-0.7212,1,0, Winnie,0.2605
Nelson Mandela,spouse,name_lens,6-8,subject_all,1,Nel,1,8,-5.2316,0.3728,-1.6986,-3.9144,-2.2157,-2.645|-1.269|-0.000|-0.001,-2.6447,-1.4008,2,1, a,0.3018
Nelson Mandela,spouse,name_lens,6-8,subject_all,2,son,1,8,-5.2316,0.1162,-1.6986,-4.821,-3.1224,-1.817|-2.992|-0.010|-0.001,-1.8174,-0.5735,1,0, Winnie,0.2018
Nelson Mandela,spouse,name_lens,6-8,subject_all,3, Mandela,1,8,-5.2316,0.4135,-1.6986,-3.7708,-2.0722,-1.098|-2.663|-0.009|-0.000,-1.0978,0.1461,1,0, Winnie,0.1067
Nelson Mandela,spouse,name_lens,6-8,subject_all,4, was,0,8,-5.2316,0.1555,-1.6986,-4.6824,-2.9837,-1.858|-2.811|-0.012|-0.001,-1.8583,-0.6143,1,0, Winnie,0.211
Nelson Mandela,spouse,name_lens,6-8,subject_all,5, married,0,8,-5.2316,0.053,-1.6986,-5.0444,-3.3458,-1.834|-3.190|-0.020|-0.001,-1.8337,-0.5898,1,0, Winnie,0.2352
Nelson Mandela,spouse,name_lens,6-8,subject_all,6, to,0,8,-5.2316,0.1135,-1.6986,-4.8307,-3.132,-1.685|-3.128|-0.017|-0.001,-1.6848,-0.4409,1,0, Winnie,0.1886
Nelson Mandela,spouse,name_lens,6-8,subject_all,0,<|startoftext|>,0,9,-5.2316,0.0,-1.6986,-5.2316,-3.5329,-1.965|-3.234|-0.032|-0.001,-1.9651,-0.7212,1,0, Winnie,0.2605
Nelson Mandela,spouse,name_lens,6-8,subject_all,1,Nel,1,9,-5.2316,0.3596,-1.6986,-3.9611,-2.2625,-2.611|-1.349|-0.001|-0.001,-2.6114,-1.3675,2,1, a,0.2943
Nelson Mandela,spouse,name_lens,6-8,subject_all,2,son,1,9,-5.2316,0.1406,-1.6986,-4.7348,-3.0361,-1.918|-2.806|-0.010|-0.001,-1.9183,-0.6744,1,0, Winnie,0.2166
Nelson Mandela,spouse,name_lens,6-8,subject_all,3, Mandela,1,9,-5.2316,0.3745,-1.6986,-3.9083,-2.2097,-1.088|-2.808|-0.012|-0.001,-1.0881,0.1558,1,0, Winnie,0.1152
Nelson Mandela,spouse,name_lens,6-8,subject_all,4, was,0,9,-5.2316,0.2098,-1.6986,-4.4903,-2.7917,-1.788|-2.692|-0.010|-0.001,-1.7884,-0.5445,1,0, Winnie,0.1847
Nelson Mandela,spouse,name_lens,6-8,subject_all,5, married,0,9,-5.2316,0.059,-1.6986,-5.023,-3.3243,-1.902|-3.095|-0.025|-0.001,-1.9021,-0.6582,1,0, Winnie,0.2357
Nelson Mandela,spouse,name_lens,6-8,subject_all,6, to,0,9,-5.2316,0.1359,-1.6986,-4.7513,-3.0527,-1.589|-3.143|-0.019|-0.001,-1.589,-0.3451,1,0, Winnie,0.1637
Nelson Mandela,spouse,name_lens,6-8,subject_all,0,<|startoftext|>,0,10,-5.2316,0.0,-1.6986,-5.2316,-3.5329,-1.965|-3.234|-0.032|-0.001,-1.9651,-0.7212,1,0, Winnie,0.2605
Nelson Mandela,spouse,name_lens,6-8,subject_all,1,Nel,1,10,-5.2316,0.3765,-1.6986,-3.9015,-2.2028,-2.502|-1.398|-0.001|-0.001,-2.5023,-1.2584,2,1, a,0.2732
Nelson Mandela,spouse,name_lens,6-8,subject_all,2,son,1,10,-5.2316,0.1441,-1.6986,-4.7226,-3.0239,-1.866|-2.848|-0.009|-0.001,-1.8656,-0.6217,1,0, Winnie,0.2082
Nelson Mandela,spouse,name_lens,6-8,subject_all,3, Mandela,1,10,-5.2316,0.3699,-1.6986,-3.9246,-2.2259,-1.103|-2.811|-0.009|-0.001,-1.1033,0.1406,1,0, Winnie,0.1146
Nelson Mandela,spouse,name_lens,6-8,subject_all,4, was,0,10,-5.2316,0.2287,-1.6986,-4.4236,-2.7249,-1.801|-2.615|-0.007|-0.001,-1.8006,-0.5567,1,0, Winnie,0.1833
Nelson Mandela,spouse,name_lens,6-8,subject_all,5, married,0,10,-5.2316,0.0983,-1.6986,-4.8843,-3.1857,-1.795|-3.066|-0.023|-0.001,-1.795,-0.5511,1,0, Winnie,0.2022
Nelson Mandela,spouse,name_lens,6-8,subject_all,6, to,0,10,-5.2316,0.1778,-1.6986,-4.6033,-2.9046,-1.645|-2.943|-0.014|-0.001,-1.6454,-0.4015,1,0, Winnie,0.1663
Nelson Mandela,spouse,name_lens,6-8,subject_all,0,<|startoftext|>,0,11,-5.2316,0.0,-1.6986,-5.2316,-3.5329,-1.965|-3.234|-0.032|-0.001,-1.9651,-0.7212,1,0, Winnie,0.2605
Nelson Mandela,spouse,name_lens,6-8,subject_all,1,Nel,1,11,-5.2316,0.3596,-1.6986,-3.9612,-2.2625,-2.483|-1.477|-0.001|-0.001,-2.4825,-1.2386,2,1, a,0.2687
Nelson Mandela,spouse,name_lens,6-8,subject_all,2,son,1,11,-5.2316,0.0928,-1.6986,-4.9039,-3.2052,-1.860|-3.034|-0.009|-0.001,-1.8597,-0.6158,1,0, Winnie,0.2055
Nelson Mandela,spouse,name_lens,6-8,subject_all,3, Mandela,1,11,-5.2316,0.3196,-1.6986,-4.1025,-2.4038,-1.133|-2.960|-0.009|-0.001,-1.1327,0.1112,1,0, Winnie,0.12
Nelson Mandela,spouse,name_lens,6-8,subject_all,4, was,0,11,-5.2316,0.2594,-1.6986,-4.3153,-2.6167,-1.797|-2.511|-0.007|-0.001,-1.7966,-0.5527,1,0, Winnie,0.1803
Nelson Mandela,spouse,name_lens,6-8,subject_all,5, married,0,11,-5.2316,0.0795,-1.6986,-4.9508,-3.2521,-1.831|-3.094|-0.025|-0.001,-1.831,-0.5871,1,0, Winnie,0.2055
Nelson Mandela,spouse,name_lens,6-8,subject_all,6, to,0,11,-5.2316,0.1691,-1.6986,-4.6341,-2.9354,-1.565|-3.055|-0.013|-0.001,-1.5652,-0.3213,1,0, Winnie,0.1526
Nelson Mandela,spouse,name_lens,6-8,subject_all,0,<|startoftext|>,0,12,-5.2316,0.0,-1.6986,-5.2316,-3.5329,-1.965|-3.234|-0.032|-0.001,-1.9651,-0.7212,1,0, Winnie,0.2605
Nelson Mandela,spouse,name_lens,6-8,subject_all,1,Nel,1,12,-5.2316,0.3554,-1.6986,-3.9761,-2.2775,-2.396|-1.579|-0.001|-0.001,-2.3956,-1.1517,2,1, a,0.2508
Nelson Mandela,spouse,name_lens,6-8,subject_all,2,son,1,12,-5.2316,0.0825,-1.6986,-4.94,-3.2413,-1.841|-3.089|-0.009|-0.001,-1.8408,-0.5968,1,0, Winnie,0.2056
Nelson Mandela,spouse,name_lens,6-8,subject_all,3, Mandela,1,12,-5.2316,0.327,-1.6986,-4.0763,-2.3777,-1.085|-2.982|-0.009|-0.001,-1.0849,0.159,1,0, Winnie,0.1235
Nelson Mandela,spouse,name_lens,6-8,subject_all,4, was,0,12,-5.2316,0.2203,-1.6986,-4.4534,-2.7547,-1.800|-2.647|-0.006|-0.001,-1.7999,-0.556,1,0, Winnie,0.1744
Nelson Mandela,spouse,name_lens,6-8,subject_all,5, married,0,12,-5.2316,0.1084,-1.6986,-4.8485,-3.1498,-1.783|-3.042|-0.022|-0.001,-1.7828,-0.5388,1,0, Winnie,0.1999
Nelson Mandela,spouse,name_lens,6-8,subject_all,6, to,0,12,-5.2316,0.2009,-1.6986,-4.5218,-2.8231,-1.551|-2.958|-0.013|-0.001,-1.5508,-0.3068,1,0, Winnie,0.1526
Nelson Mandela,spouse,name_lens,6-8,subject_all,0,<|startoftext|>,0,13,-5.2316,0.0,-1.6986,-5.2316,-3.5329,-1.965|-3.234|-0.032|-0.001,-1.9651,-0.7212,1,0, Winnie,0.2605
Nelson Mandela,spouse,name_lens,6-8,subject_all,1,Nel,1,13,-5.2316,0.3308,-1.6986,-4.0627,-2.3641,-2.371|-1.690|-0.001|-0.001,-2.3715,-1.1276,2,1, a,0.2485
Nelson Mandela,spouse,name_lens,6-8,subject_all,2,son,1,13,-5.2316,0.1127,-1.6986,-4.8334,-3.1347,-1.888|-2.935|-0.010|-0.001,-1.8876,-0.6437,1,0, Winnie,0.2095
Nelson Mandela,spouse,name_lens,6-8,subject_all,3, Mandela,1,13,-5.2316,0.3045,-1.6986,-4.1559,-2.4573,-1.148|-2.996|-0.011|-0.001,-1.1482,0.0957,1,0, Winnie,0.1193
Nelson Mandela,spouse,name_lens,6-8,subject_all,4, was,0,13,-5.2316,0.2231,-1.6986,-4.4436,-2.7449,-1.903|-2.535|-0.005|-0.001,-1.903,-0.6591,1,0, Winnie,0.1902
Nelson Mandela,spouse,name_lens,6-8,subject_all,5, married,0,13,-5.2316,0.0902,-1.6986,-4.9128,-3.2142,-1.813|-3.079|-0.020|-0.001,-1.8131,-0.5692,1,0, Winnie,0.227
Nelson Mandela,spouse,name_lens,6-8,subject_all,6, to,0,13,-5.2316,0.1915,-1.6986,-4.5551,-2.8565,-1.601|-2.941|-0.012|-0.001,-1.6014,-0.3575,1,0, Winnie,0.1472
Nelson Mandela,spouse,name_lens,6-8,subject_all,0,<|startoftext|>,0,14,-5.2316,0.0,-1.6986,-5.2316,-3.5329,-1.965|-3.234|-0.032|-0.001,-1.9651,-0.7212,1,0, Winnie,0.2605
Nelson Mandela,spouse,name_lens,6-8,subject_all,1,Nel,1,14,-5.2316,0.3414,-1.6986,-4.0255,-2.3268,-1.987|-2.036|-0.002|-0.001,-1.9869,-0.743,1,0, Winnie,0.1951
Nelson Mandela,spouse,name_lens,6-8,subject_all,2,son,1,14,-5.2316,0.0622,-1.6986,-5.0118,-3.3132,-1.847|-3.136|-0.027|-0.001,-1.8475,-0.6036,1,0, Winnie,0.2102
Nelson Mandela,spouse,name_lens,6-8,subject_all,3, Mandela,1,14,-5.2316,0.3218,-1.6986,-4.0946,-2.396,-1.165|-2.915|-0.015|-0.001,-1.1648,0.0791,1,0, Winnie,0.117
Nelson Mandela,spouse,name_lens,6-8,subject_all,4, was,0,14,-5.2316,0.0511,-1.6986,-5.0509,-3.3523,-2.119|-2.911|-0.020|-0.001,-2.1188,-0.8749,1,0, Winnie,0.2459
Nelson Mandela,spouse,name_lens,6-8,subject_all,5, married,0,14,-5.2316,-0.0055,-1.6986,-5.2509,-3.5522,-2.015|-3.206|-0.029|-0.001,-2.015,-0.7711,1,0, Winnie,0.2085
Nelson Mandela,spouse,name_lens,6-8,subject_all,6, to,0,14,-5.2316,0.3019,-1.6986,-4.165,-2.4663,-1.544|-2.602|-0.018|-0.001,-1.5437,-0.2998,1,0, Winnie,0.1062
Nelson Mandela,spouse,name_lens,6-8,subject_all,0,<|startoftext|>,0,15,-5.2316,0.0,-1.6986,-5.2316,-3.5329,-1.965|-3.234|-0.032|-0.001,-1.9651,-0.7212,1,0, Winnie,0.2605
Nelson Mandela,spouse,name_lens,6-8,subject_all,1,Nel,1,15,-5.2316,0.3053,-1.6986,-4.1531,-2.4544,-2.021|-2.128|-0.003|-0.001,-2.0209,-0.777,1,0, Winnie,0.2049
Nelson Mandela,spouse,name_lens,6-8,subject_all,2,son,1,15,-5.2316,0.024,-1.6986,-5.1469,-3.4483,-1.908|-3.211|-0.027|-0.001,-1.9082,-0.6643,1,0, Winnie,0.2425
Nelson Mandela,spouse,name_lens,6-8,subject_all,3, Mandela,1,15,-5.2316,0.2715,-1.6986,-4.2725,-2.5738,-1.180|-3.073|-0.019|-0.001,-1.1799,0.064,1,0, Winnie,0.1174
Nelson Mandela,spouse,name_lens,6-8,subject_all,4, was,0,15,-5.2316,0.0319,-1.6986,-5.1187,-3.4201,-2.086|-3.007|-0.025|-0.001,-2.0858,-0.8419,1,0, Winnie,0.2477
Nelson Mandela,spouse,name_lens,6-8,subject_all,5, married,0,15,-5.2316,0.0137,-1.6986,-5.1833,-3.4847,-1.929|-3.225|-0.029|-0.001,-1.9292,-0.6853,1,0, Winnie,0.1949
Nelson Mandela,spouse,name_lens,6-8,subject_all,6, to,0,15,-5.2316,0.2562,-1.6986,-4.3266,-2.6279,-1.544|-2.761|-0.021|-0.001,-1.5438,-0.2999,1,0, Winnie,0.1015
Nelson Mandela,spouse,name_lens,6-8,subject_all,0,<|startoftext|>,0,16,-5.2316,0.0,-1.6986,-5.2316,-3.5329,-1.965|-3.234|-0.032|-0.001,-1.9651,-0.7212,1,0, Winnie,0.2605
Nelson Mandela,spouse,name_lens,6-8,subject_all,1,Nel,1,16,-5.2316,0.023,-1.6986,-5.1503,-3.4516,-1.922|-3.199|-0.029|-0.001,-1.9216,-0.6777,1,0, Winnie,0.248
Nelson Mandela,spouse,name_lens,6-8,subject_all,2,son,1,16,-5.2316,0.0221,-1.6986,-5.1536,-3.4549,-1.844|-3.279|-0.030|-0.001,-1.8438,-0.5999,1,0, Winnie,0.2394
Nelson Mandela,spouse,name_lens,6-8,subject_all,3, Mandela,1,16,-5.2316,0.2534,-1.6986,-4.3364,-2.6378,-1.223|-3.092|-0.020|-0.001,-1.2233,0.0206,1,0, Winnie,0.1192
Nelson Mandela,spouse,name_lens,6-8,subject_all,4, was,0,16,-5.2316,0.0319,-1.6986,-5.1189,-3.4203,-2.082|-3.011|-0.025|-0.001,-2.0821,-0.8382,1,0, Winnie,0.2482
Nelson Mandela,spouse,name_lens,6-8,subject_all,5, married,0,16,-5.2316,-0.0305,-1.6986,-5.3393,-3.6407,-2.030|-3.275|-0.033|-0.001,-2.0302,-0.7863,1,0, Winnie,0.2074
Nelson Mandela,spouse,name_lens,6-8,subject_all,6, to,0,16,-5.2316,0.2429,-1.6986,-4.3735,-2.6749,-1.633|-2.714|-0.025|-0.001,-1.6331,-0.3892,1,0, Winnie,0.1055
Nelson Mandela,spouse,name_lens,6-8,subject_all,0,<|startoftext|>,0,17,-5.2316,0.0,-1.6986,-5.2316,-3.5329,-1.965|-3.234|-0.032|-0.001,-1.9651,-0.7212,1,0, Winnie,0.2605
Nelson Mandela,spouse,name_lens,6-8,subject_all,1,Nel,1,17,-5.2316,0.001,-1.6986,-5.228,-3.5293,-1.972|-3.224|-0.031|-0.001,-1.972,-0.7281,1,0, Winnie,0.2563
Nelson Mandela,spouse,name_lens,6-8,subject_all,2,son,1,17,-5.2316,0.0315,-1.6986,-5.1204,-3.4218,-1.856|-3.235|-0.028|-0.001,-1.8563,-0.6123,1,0, Winnie,0.2376
Nelson Mandela,spouse,name_lens,6-8,subject_all,3, Mandela,1,17,-5.2316,0.0938,-1.6986,-4.9,-3.2014,-1.470|-3.403|-0.026|-0.001,-1.4703,-0.2264,1,0, Winnie,0.1486
Nelson Mandela,spouse,name_lens,6-8,subject_all,4, was,0,17,-5.2316,0.0465,-1.6986,-5.0675,-3.3688,-2.033|-3.006|-0.028|-0.001,-2.0329,-0.789,1,0, Winnie,0.2466
Nelson Mandela,spouse,name_lens,6-8,subject_all,5, married,0,17,-5.2316,-0.0307,-1.6986,-5.3401,-3.6415,-2.017|-3.293|-0.030|-0.001,-2.0168,-0.7729,1,0, Winnie,0.2043
Nelson Mandela,spouse,name_lens,6-8,subject_all,6, to,0,17,-5.2316,0.2782,-1.6986,-4.2488,-2.5501,-1.422|-2.805|-0.021|-0.001,-1.4218,-0.1779,1,0, Winnie,0.0901
Nelson Mandela,spouse,name_lens,6-8,subject_all,0,<|startoftext|>,0,18,-5.2316,0.0,-1.6986,-5.2316,-3.5329,-1.965|-3.234|-0.032|-0.001,-1.9651,-0.7212,1,0, Winnie,0.2605
Nelson Mandela,spouse,name_lens,6-8,subject_all,1,Nel,1,18,-5.2316,-0.0135,-1.6986,-5.2794,-3.5807,-1.961|-3.287|-0.031|-0.001,-1.9606,-0.7167,1,0, Winnie,0.2601
Nelson Mandela,spouse,name_lens,6-8,subject_all,2,son,1,18,-5.2316,0.0158,-1.6986,-5.1756,-3.477,-1.899|-3.245|-0.031|-0.001,-1.8992,-0.6553,1,0, Winnie,0.2431
Nelson Mandela,spouse,name_lens,6-8,subject_all,3, Mandela,1,18,-5.2316,0.0599,-1.6986,-5.0199,-3.3213,-1.529|-3.460|-0.031|-0.001,-1.529,-0.285,1,0, Winnie,0.1547
Nelson Mandela,spouse,name_lens,6-8,subject_all,4, was,0,18,-5.2316,-0.0654,-1.6986,-5.4626,-3.7639,-2.084|-3.343|-0.034|-0.001,-2.0842,-0.8403,1,0, Winnie,0.2729
Nelson Mandela,spouse,name_lens,6-8,subject_all,5, married,0,18,-5.2316,-0.1272,-1.6986,-5.6808,-3.9822,-2.270|-3.376|-0.034|-0.001,-2.2699,-1.026,2,1, a,0.2791
Nelson Mandela,spouse,name_lens,6-8,subject_all,6, to,0,18,-5.2316,0.1975,-1.6986,-4.5338,-2.8351,-1.369|-3.135|-0.029|-0.001,-1.3691,-0.1252,1,0, Winnie,0.0995
Nelson Mandela,spouse,name_lens,6-8,subject_all,0,<|startoftext|>,0,19,-5.2316,0.0,-1.6986,-5.2316,-3.5329,-1.965|-3.234|-0.032|-0.001,-1.9651,-0.7212,1,0, Winnie,0.2605
Nelson Mandela,spouse,name_lens,6-8,subject_all,1,Nel,1,19,-5.2316,-0.0169,-1.6986,-5.2912,-3.5925,-1.975|-3.284|-0.032|-0.001,-1.9752,-0.7313,1,0, Winnie,0.2594
Nelson Mandela,spouse,name_lens,6-8,subject_all,2,son,1,19,-5.2316,0.0387,-1.6986,-5.0948,-3.3962,-1.863|-3.201|-0.031|-0.001,-1.8626,-0.6187,1,0, Winnie,0.2377
Nelson Mandela,spouse,name_lens,6-8,subject_all,3, Mandela,1,19,-5.2316,0.031,-1.6986,-5.122,-3.4233,-1.607|-3.483|-0.031|-0.001,-1.6072,-0.3633,1,0, Winnie,0.1699
Nelson Mandela,spouse,name_lens,6-8,subject_all,4, was,0,19,-5.2316,-0.0409,-1.6986,-5.376,-3.6774,-2.037|-3.306|-0.033|-0.001,-2.0368,-0.7929,1,0, Winnie,0.2674
Nelson Mandela,spouse,name_lens,6-8,subject_all,5, married,0,19,-5.2316,-0.1105,-1.6986,-5.622,-3.9233,-2.161|-3.426|-0.034|-0.001,-2.1612,-0.9172,1,0, Winnie,0.2668
Nelson Mandela,spouse,name_lens,6-8,subject_all,6, to,0,19,-5.2316,0.2279,-1.6986,-4.4266,-2.7279,-1.298|-3.098|-0.030|-0.001,-1.2977,-0.0538,1,0, Winnie,0.0404
Nelson Mandela,spouse,name_lens,6-8,subject_all,0,<|startoftext|>,0,20,-5.2316,0.0,-1.6986,-5.2316,-3.5329,-1.965|-3.234|-0.032|-0.001,-1.9651,-0.7212,1,0, Winnie,0.2605
Nelson Mandela,spouse,name_lens,6-8,subject_all,1,Nel,1,20,-5.2316,-0.0005,-1.6986,-5.2333,-3.5346,-1.968|-3.232|-0.032|-0.001,-1.9679,-0.724,1,0, Winnie,0.2612
Nelson Mandela,spouse,name_lens,6-8,subject_all,2,son,1,20,-5.2316,0.0408,-1.6986,-5.0875,-3.3889,-1.854|-3.202|-0.031|-0.001,-1.8536,-0.6097,1,0, Winnie,0.236
Nelson Mandela,spouse,name_lens,6-8,subject_all,3, Mandela,1,20,-5.2316,0.0316,-1.6986,-5.12,-3.4213,-1.648|-3.441|-0.030|-0.001,-1.6479,-0.404,1,0, Winnie,0.1731
Nelson Mandela,spouse,name_lens,6-8,subject_all,4, was,0,20,-5.2316,-0.0331,-1.6986,-5.3485,-3.6498,-2.030|-3.289|-0.029|-0.001,-2.0302,-0.7863,1,0, Winnie,0.2699
Nelson Mandela,spouse,name_lens,6-8,subject_all,5, married,0,20,-5.2316,-0.1367,-1.6986,-5.7145,-4.0159,-2.245|-3.435|-0.034|-0.001,-2.2453,-1.0014,1,0, Winnie,0.2928
Nelson Mandela,spouse,name_lens,6-8,subject_all,6, to,0,20,-5.2316,0.2199,-1.6986,-4.4547,-2.7561,-1.257|-3.168|-0.029|-0.001,-1.2572,-0.0133,1,0, Winnie,0.0332
Nelson Mandela,spouse,name_lens,6-8,subject_all,0,<|startoftext|>,0,21,-5.2316,0.0,-1.6986,-5.2316,-3.5329,-1.965|-3.234|-0.032|-0.001,-1.9651,-0.7212,1,0, Winnie,0.2605
Nelson Mandela,spouse,name_lens,6-8,subject_all,1,Nel,1,21,-5.2316,-0.0125,-1.6986,-5.2759,-3.5772,-1.956|-3.289|-0.030|-0.001,-1.9558,-0.7119,1,0, Winnie,0.259
Nelson Mandela,spouse,name_lens,6-8,subject_all,2,son,1,21,-5.2316,0.0122,-1.6986,-5.1885,-3.4899,-1.964|-3.192|-0.032|-0.001,-1.9636,-0.7196,1,0, Winnie,0.2597
Nelson Mandela,spouse,name_lens,6-8,subject_all,3, Mandela,1,21,-5.2316,-0.0146,-1.6986,-5.2832,-3.5845,-1.950|-3.300|-0.032|-0.001,-1.9496,-0.7057,1,0, Winnie,0.2586
Nelson Mandela,spouse,name_lens,6-8,subject_all,4, was,0,21,-5.2316,-0.0197,-1.6986,-5.301,-3.6024,-1.973|-3.295|-0.032|-0.001,-1.9732,-0.7293,1,0, Winnie,0.2607
Nelson Mandela,spouse,name_lens,6-8,subject_all,5, married,0,21,-5.2316,-0.1351,-1.6986,-5.7087,-4.0101,-2.240|-3.434|-0.034|-0.001,-2.2401,-0.9962,1,0, Winnie,0.2949
Nelson Mandela,spouse,name_lens,6-8,subject_all,6, to,0,21,-5.2316,0.2652,-1.6986,-4.2947,-2.5961,-1.096|-3.166|-0.032|-0.001,-1.0956,0.1483,1,0, Winnie,0.0201
Nelson Mandela,spouse,name_lens,6-8,subject_all,0,<|startoftext|>,0,22,-5.2316,0.0,-1.6986,-5.2316,-3.5329,-1.965|-3.234|-0.032|-0.001,-1.9651,-0.7212,1,0, Winnie,0.2605
Nelson Mandela,spouse,name_lens,6-8,subject_all,1,Nel,1,22,-5.2316,-0.017,-1.6986,-5.2917,-3.593,-1.966|-3.294|-0.031|-0.001,-1.9656,-0.7217,1,0, Winnie,0.2608
Nelson Mandela,spouse,name_lens,6-8,subject_all,2,son,1,22,-5.2316,-0.0008,-1.6986,-5.2344,-3.5358,-1.953|-3.249|-0.031|-0.001,-1.953,-0.7091,1,0, Winnie,0.258
Nelson Mandela,spouse,name_lens,6-8,subject_all,3, Mandela,1,22,-5.2316,-0.0141,-1.6986,-5.2812,-3.5826,-1.952|-3.295|-0.033|-0.001,-1.9524,-0.7085,1,0, Winnie,0.2604
Nelson Mandela,spouse,name_lens,6-8,subject_all,4, was,0,22,-5.2316,-0.0175,-1.6986,-5.2933,-3.5947,-1.973|-3.289|-0.031|-0.001,-1.9728,-0.7289,1,0, Winnie,0.2604
Nelson Mandela,spouse,name_lens,6-8,subject_all,5, married,0,22,-5.2316,-0.0363,-1.6986,-5.3599,-3.6612,-2.001|-3.327|-0.031|-0.001,-2.0015,-0.7575,1,0, Winnie,0.2646
Nelson Mandela,spouse,name_lens,6-8,subject_all,6, to,0,22,-5.2316,0.2116,-1.6986,-4.484,-2.7853,-1.243|-3.208|-0.032|-0.001,-1.243,0.0009,1,0, Winnie,0.0078
Nelson Mandela,education,name_lens,6-8,subject_all,-1,,,-1,-8.8058,0.0,-4.0406,-8.8058,-4.7652,-1.568|-0.454|-2.098|-4.685,-1.5682,-0.4564,1,0, South,0.2433
Nelson Mandela,education,name_lens,6-8,subject_all,0,<|startoftext|>,0,0,-8.8058,0.0,-4.0406,-8.8058,-4.7652,-1.568|-0.454|-2.098|-4.685,-1.5682,-0.4564,1,0, South,0.2433
Nelson Mandela,education,name_lens,6-8,subject_all,1,Nel,1,0,-8.8058,0.0,-4.0406,-8.8058,-4.7652,-1.568|-0.454|-2.098|-4.685,-1.5682,-0.4564,1,0, South,0.2433
Nelson Mandela,education,name_lens,6-8,subject_all,2,son,1,0,-8.8058,0.0,-4.0406,-8.8058,-4.7652,-1.568|-0.454|-2.098|-4.685,-1.5682,-0.4564,1,0, South,0.2433
Nelson Mandela,education,name_lens,6-8,subject_all,3, Mandela,1,0,-8.8058,0.0,-4.0406,-8.8058,-4.7652,-1.568|-0.454|-2.098|-4.685,-1.5682,-0.4564,1,0, South,0.2433
Nelson Mandela,education,name_lens,6-8,subject_all,4, studied,0,0,-8.8058,0.0,-4.0406,-8.8058,-4.7652,-1.568|-0.454|-2.098|-4.685,-1.5682,-0.4564,1,0, South,0.2433
Nelson Mandela,education,name_lens,6-8,subject_all,5, at,0,0,-8.8058,0.0,-4.0406,-8.8058,-4.7652,-1.568|-0.454|-2.098|-4.685,-1.5682,-0.4564,1,0, South,0.2433
Nelson Mandela,education,name_lens,6-8,subject_all,6, the,0,0,-8.8058,0.0,-4.0406,-8.8058,-4.7652,-1.568|-0.454|-2.098|-4.685,-1.5682,-0.4564,1,0, South,0.2433
Nelson Mandela,education,name_lens,6-8,subject_all,7, University,0,0,-8.8058,0.0,-4.0406,-8.8058,-4.7652,-1.568|-0.454|-2.098|-4.685,-1.5682,-0.4564,1,0, South,0.2433
Nelson Mandela,education,name_lens,6-8,subject_all,8, of,0,0,-8.8058,0.0,-4.0406,-8.8058,-4.7652,-1.568|-0.454|-2.098|-4.685,-1.5682,-0.4564,1,0, South,0.2433
Nelson Mandela,education,name_lens,6-8,subject_all,0,<|startoftext|>,0,1,-8.8058,0.0,-4.0406,-8.8058,-4.7652,-1.568|-0.454|-2.098|-4.685,-1.5682,-0.4564,1,0, South,0.2433
Nelson Mandela,education,name_lens,6-8,subject_all,1,Nel,1,1,-8.8058,0.0,-4.0406,-8.8058,-4.7652,-1.568|-0.454|-2.098|-4.685,-1.5682,-0.4564,1,0, South,0.2433
Nelson Mandela,education,name_lens,6-8,subject_all,2,son,1,1,-8.8058,0.0,-4.0406,-8.8058,-4.7652,-1.568|-0.454|-2.098|-4.685,-1.5682,-0.4564,1,0, South,0.2433
Nelson Mandela,education,name_lens,6-8,subject_all,3, Mandela,1,1,-8.8058,0.0,-4.0406,-8.8058,-4.7652,-1.568|-0.454|-2.098|-4.685,-1.5682,-0.4564,1,0, South,0.2433
Nelson Mandela,education,name_lens,6-8,subject_all,4, studied,0,1,-8.8058,0.0,-4.0406,-8.8058,-4.7652,-1.568|-0.454|-2.098|-4.685,-1.5682,-0.4564,1,0, South,0.2433
Nelson Mandela,education,name_lens,6-8,subject_all,5, at,0,1,-8.8058,0.0,-4.0406,-8.8058,-4.7652,-1.568|-0.454|-2.098|-4.685,-1.5682,-0.4564,1,0, South,0.2433
Nelson Mandela,education,name_lens,6-8,subject_all,6, the,0,1,-8.8058,0.0,-4.0406,-8.8058,-4.7652,-1.568|-0.454|-2.098|-4.685,-1.5682,-0.4564,1,0, South,0.2433
Nelson Mandela,education,name_lens,6-8,subject_all,7, University,0,1,-8.8058,0.0,-4.0406,-8.8058,-4.7652,-1.568|-0.454|-2.098|-4.685,-1.5682,-0.4564,1,0, South,0.2433
Nelson Mandela,education,name_lens,6-8,subject_all,8, of,0,1,-8.8058,0.0,-4.0406,-8.8058,-4.7652,-1.568|-0.454|-2.098|-4.685,-1.5682,-0.4564,1,0, South,0.2433
Nelson Mandela,education,name_lens,6-8,subject_all,0,<|startoftext|>,0,2,-8.8058,0.0,-4.0406,-8.8058,-4.7652,-1.568|-0.454|-2.098|-4.685,-1.5682,-0.4564,1,0, South,0.2433
Nelson Mandela,education,name_lens,6-8,subject_all,1,Nel,1,2,-8.8058,0.0,-4.0406,-8.8058,-4.7652,-1.568|-0.454|-2.098|-4.685,-1.5682,-0.4564,1,0, South,0.2433
Nelson Mandela,education,name_lens,6-8,subject_all,2,son,1,2,-8.8058,0.0,-4.0406,-8.8058,-4.7652,-1.568|-0.454|-2.098|-4.685,-1.5682,-0.4564,1,0, South,0.2433
Nelson Mandela,education,name_lens,6-8,subject_all,3, Mandela,1,2,-8.8058,0.0,-4.0406,-8.8058,-4.7652,-1.568|-0.454|-2.098|-4.685,-1.5682,-0.4564,1,0, South,0.2433
Nelson Mandela,education,name_lens,6-8,subject_all,4, studied,0,2,-8.8058,0.0,-4.0406,-8.8058,-4.7652,-1.568|-0.454|-2.098|-4.685,-1.5682,-0.4564,1,0, South,0.2433
Nelson Mandela,education,name_lens,6-8,subject_all,5, at,0,2,-8.8058,0.0,-4.0406,-8.8058,-4.7652,-1.568|-0.454|-2.098|-4.685,-1.5682,-0.4564,1,0, South,0.2433
Nelson Mandela,education,name_lens,6-8,subject_all,6, the,0,2,-8.8058,0.0,-4.0406,-8.8058,-4.7652,-1.568|-0.454|-2.098|-4.685,-1.5682,-0.4564,1,0, South,0.2433
Nelson Mandela,education,name_lens,6-8,subject_all,7, University,0,2,-8.8058,0.0,-4.0406,-8.8058,-4.7652,-1.568|-0.454|-2.098|-4.685,-1.5682,-0.4564,1,0, South,0.2433
Nelson Mandela,education,name_lens,6-8,subject_all,8, of,0,2,-8.8058,0.0,-4.0406,-8.8058,-4.7652,-1.568|-0.454|-2.098|-4.685,-1.5682,-0.4564,1,0, South,0.2433
Nelson Mandela,education,name_lens,6-8,subject_all,0,<|startoftext|>,0,3,-8.8058,0.0,-4.0406,-8.8058,-4.7652,-1.568|-0.454|-2.098|-4.685,-1.5682,-0.4564,1,0, South,0.2433
Nelson Mandela,education,name_lens,6-8,subject_all,1,Nel,1,3,-8.8058,0.0,-4.0406,-8.8058,-4.7652,-1.568|-0.454|-2.098|-4.685,-1.5682,-0.4564,1,0, South,0.2433
Nelson Mandela,education,name_lens,6-8,subject_all,2,son,1,3,-8.8058,0.0,-4.0406,-8.8058,-4.7652,-1.568|-0.454|-2.098|-4.685,-1.5682,-0.4564,1,0, South,0.2433
Nelson Mandela,education,name_lens,6-8,subject_all,3, Mandela,1,3,-8.8058,0.0,-4.0406,-8.8058,-4.7652,-1.568|-0.454|-2.098|-4.685,-1.5682,-0.4564,1,0, South,0.2433
Nelson Mandela,education,name_lens,6-8,subject_all,4, studied,0,3,-8.8058,0.0,-4.0406,-8.8058,-4.7652,-1.568|-0.454|-2.098|-4.685,-1.5682,-0.4564,1,0, South,0.2433
Nelson Mandela,education,name_lens,6-8,subject_all,5, at,0,3,-8.8058,0.0,-4.0406,-8.8058,-4.7652,-1.568|-0.454|-2.098|-4.685,-1.5682,-0.4564,1,0, South,0.2433
Nelson Mandela,education,name_lens,6-8,subject_all,6, the,0,3,-8.8058,0.0,-4.0406,-8.8058,-4.7652,-1.568|-0.454|-2.098|-4.685,-1.5682,-0.4564,1,0, South,0.2433
Nelson Mandela,education,name_lens,6-8,subject_all,7, University,0,3,-8.8058,0.0,-4.0406,-8.8058,-4.7652,-1.568|-0.454|-2.098|-4.685,-1.5682,-0.4564,1,0, South,0.2433
Nelson Mandela,education,name_lens,6-8,subject_all,8, of,0,3,-8.8058,0.0,-4.0406,-8.8058,-4.7652,-1.568|-0.454|-2.098|-4.685,-1.5682,-0.4564,1,0, South,0.2433
Nelson Mandela,education,name_lens,6-8,subject_all,0,<|startoftext|>,0,4,-8.8058,0.0,-4.0406,-8.8058,-4.7652,-1.568|-0.454|-2.098|-4.685,-1.5682,-0.4564,1,0, South,0.2433
Nelson Mandela,education,name_lens,6-8,subject_all,1,Nel,1,4,-8.8058,0.0,-4.0406,-8.8058,-4.7652,-1.568|-0.454|-2.098|-4.685,-1.5682,-0.4564,1,0, South,0.2433
Nelson Mandela,education,name_lens,6-8,subject_all,2,son,1,4,-8.8058,0.0,-4.0406,-8.8058,-4.7652,-1.568|-0.454|-2.098|-4.685,-1.5682,-0.4564,1,0, South,0.2433
Nelson Mandela,education,name_lens,6-8,subject_all,3, Mandela,1,4,-8.8058,0.0,-4.0406,-8.8058,-4.7652,-1.568|-0.454|-2.098|-4.685,-1.5682,-0.4564,1,0, South,0.2433
Nelson Mandela,education,name_lens,6-8,subject_all,4, studied,0,4,-8.8058,0.0,-4.0406,-8.8058,-4.7652,-1.568|-0.454|-2.098|-4.685,-1.5682,-0.4564,1,0, South,0.2433
Nelson Mandela,education,name_lens,6-8,subject_all,5, at,0,4,-8.8058,0.0,-4.0406,-8.8058,-4.7652,-1.568|-0.454|-2.098|-4.685,-1.5682,-0.4564,1,0, South,0.2433
Nelson Mandela,education,name_lens,6-8,subject_all,6, the,0,4,-8.8058,0.0,-4.0406,-8.8058,-4.7652,-1.568|-0.454|-2.098|-4.685,-1.5682,-0.4564,1,0, South,0.2433
Nelson Mandela,education,name_lens,6-8,subject_all,7, University,0,4,-8.8058,0.0,-4.0406,-8.8058,-4.7652,-1.568|-0.454|-2.098|-4.685,-1.5682,-0.4564,1,0, South,0.2433
Nelson Mandela,education,name_lens,6-8,subject_all,8, of,0,4,-8.8058,0.0,-4.0406,-8.8058,-4.7652,-1.568|-0.454|-2.098|-4.685,-1.5682,-0.4564,1,0, South,0.2433
Nelson Mandela,education,name_lens,6-8,subject_all,0,<|startoftext|>,0,5,-8.8058,0.0,-4.0406,-8.8058,-4.7652,-1.568|-0.454|-2.098|-4.685,-1.5682,-0.4564,1,0, South,0.2433
Nelson Mandela,education,name_lens,6-8,subject_all,1,Nel,1,5,-8.8058,0.0,-4.0406,-8.8058,-4.7652,-1.568|-0.454|-2.098|-4.685,-1.5682,-0.4564,1,0, South,0.2433
Nelson Mandela,education,name_lens,6-8,subject_all,2,son,1,5,-8.8058,0.0,-4.0406,-8.8058,-4.7652,-1.568|-0.454|-2.098|-4.685,-1.5682,-0.4564,1,0, South,0.2433
Nelson Mandela,education,name_lens,6-8,subject_all,3, Mandela,1,5,-8.8058,0.0,-4.0406,-8.8058,-4.7652,-1.568|-0.454|-2.098|-4.685,-1.5682,-0.4564,1,0, South,0.2433
Nelson Mandela,education,name_lens,6-8,subject_all,4, studied,0,5,-8.8058,0.0,-4.0406,-8.8058,-4.7652,-1.568|-0.454|-2.098|-4.685,-1.5682,-0.4564,1,0, South,0.2433
Nelson Mandela,education,name_lens,6-8,subject_all,5, at,0,5,-8.8058,0.0,-4.0406,-8.8058,-4.7652,-1.568|-0.454|-2.098|-4.685,-1.5682,-0.4564,1,0, South,0.2433
Nelson Mandela,education,name_lens,6-8,subject_all,6, the,0,5,-8.8058,0.0,-4.0406,-8.8058,-4.7652,-1.568|-0.454|-2.098|-4.685,-1.5682,-0.4564,1,0, South,0.2433
Nelson Mandela,education,name_lens,6-8,subject_all,7, University,0,5,-8.8058,0.0,-4.0406,-8.8058,-4.7652,-1.568|-0.454|-2.098|-4.685,-1.5682,-0.4564,1,0, South,0.2433
Nelson Mandela,education,name_lens,6-8,subject_all,8, of,0,5,-8.8058,0.0,-4.0406,-8.8058,-4.7652,-1.568|-0.454|-2.098|-4.685,-1.5682,-0.4564,1,0, South,0.2433
Nelson Mandela,education,name_lens,6-8,subject_all,0,<|startoftext|>,0,6,-8.8058,0.0,-4.0406,-8.8058,-4.7652,-1.568|-0.454|-2.098|-4.685,-1.5682,-0.4564,1,0, South,0.2433
Nelson Mandela,education,name_lens,6-8,subject_all,1,Nel,1,6,-8.8058,0.8254,-4.0406,-4.8724,-0.8318,-1.260|-0.282|-1.558|-1.772,-1.2602,-0.1485,1,0, South,0.0863
Nelson Mandela,education,name_lens,6-8,subject_all,2,son,1,6,-8.8058,0.0086,-4.0406,-8.7647,-4.7241,-1.689|-0.429|-2.049|-4.597,-1.689,-0.5773,1,1, the,0.2386
Nelson Mandela,education,name_lens,6-8,subject_all,3, Mandela,1,6,-8.8058,0.0184,-4.0406,-8.7181,-4.6775,-1.699|-0.489|-2.060|-4.470,-1.6991,-0.5874,1,1, the,0.2491
Nelson Mandela,education,name_lens,6-8,subject_all,4, studied,0,6,-8.8058,0.0,-4.0406,-8.8058,-4.7652,-1.568|-0.454|-2.098|-4.685,-1.5682,-0.4564,1,0, South,0.2433
Nelson Mandela,education,name_lens,6-8,subject_all,5, at,0,6,-8.8058,0.0,-4.0406,-8.8058,-4.7652,-1.568|-0.454|-2.098|-4.685,-1.5682,-0.4564,1,0, South,0.2433
Nelson Mandela,education,name_lens,6-8,subject_all,6, the,0,6,-8.8058,0.0,-4.0406,-8.8058,-4.7652,-1.568|-0.454|-2.098|-4.685,-1.5682,-0.4564,1,0, South,0.2433
Nelson Mandela,education,name_lens,6-8,subject_all,7, University,0,6,-8.8058,0.0,-4.0406,-8.8058,-4.7652,-1.568|-0.454|-2.098|-4.685,-1.5682,-0.4564,1,0, South,0.2433
Nelson Mandela,education,name_lens,6-8,subject_all,8, of,0,6,-8.8058,0.0,-4.0406,-8.8058,-4.7652,-1.568|-0.454|-2.098|-4.685,-1.5682,-0.4564,1,0, South,0.2433
Nelson Mandela,education,name_lens,6-8,subject_all,0,<|startoftext|>,0,7,-8.8058,0.0,-4.0406,-8.8058,-4.7652,-1.568|-0.454|-2.098|-4.685,-1.5682,-0.4564,1,0, South,0.2433
Nelson Mandela,education,name_lens,6-8,subject_all,1,Nel,1,7,-8.8058,0.8294,-4.0406,-4.8535,-0.8128,-1.316|-0.255|-1.528|-1.755,-1.3156,-0.2039,1,0, South,0.083
Nelson Mandela,education,name_lens,6-8,subject_all,2,son,1,7,-8.8058,0.0032,-4.0406,-8.7906,-4.75,-1.681|-0.428|-2.073|-4.609,-1.681,-0.5692,1,1, the,0.2238
Nelson Mandela,education,name_lens,6-8,subject_all,3, Mandela,1,7,-8.8058,0.0269,-4.0406,-8.6776,-4.637,-1.871|-0.290|-2.020|-4.496,-1.8713,-0.7595,2,1, the,0.354
Nelson Mandela,education,name_lens,6-8,subject_all,4, studied,0,7,-8.8058,0.1001,-4.0406,-8.329,-4.2883,-1.591|-0.313|-1.983|-4.442,-1.5914,-0.4797,1,0, South,0.1681
Nelson Mandela,education,name_lens,6-8,subject_all,5, at,0,7,-8.8058,0.0216,-4.0406,-8.703,-4.6624,-1.611|-0.409|-2.077|-4.605,-1.6113,-0.4996,1,0, South,0.1826
Nelson Mandela,education,name_lens,6-8,subject_all,6, the,0,7,-8.8058,0.024,-4.0406,-8.6916,-4.6509,-1.549|-0.426|-2.056|-4.661,-1.5489,-0.4372,1,0, South,0.2234
Nelson Mandela,education,name_lens,6-8,subject_all,7, University,0,7,-8.8058,-0.0067,-4.0406,-8.8376,-4.7969,-1.647|-0.482|-2.078|-4.631,-1.6468,-0.5351,1,0, South,0.2222
Nelson Mandela,education,name_lens,6-8,subject_all,8, of,0,7,-8.8058,0.04,-4.0406,-8.6152,-4.5745,-1.555|-0.432|-2.031|-4.598,-1.5547,-0.443,1,0, South,0.1457
Nelson Mandela,education,name_lens,6-8,subject_all,0,<|startoftext|>,0,8,-8.8058,0.0,-4.0406,-8.8058,-4.7652,-1.568|-0.454|-2.098|-4.685,-1.5682,-0.4564,1,0, South,0.2433
Nelson Mandela,education,name_lens,6-8,subject_all,1,Nel,1,8,-8.8058,0.8251,-4.0406,-4.8742,-0.8335,-1.405|-0.245|-1.519|-1.704,-1.4051,-0.2934,1,0, South,0.1366
Nelson Mandela,education,name_lens,6-8,subject_all,2,son,1,8,-8.8058,0.0877,-4.0406,-8.3877,-4.3471,-1.600|-0.333|-2.075|-4.379,-1.5997,-0.488,1,0, South,0.1829
Nelson Mandela,education,name_lens,6-8,subject_all,3, Mandela,1,8,-8.8058,0.1751,-4.0406,-7.9714,-3.9308,-1.487|-0.287|-1.952|-4.246,-1.4869,-0.3751,1,0, South,0.0868
Nelson Mandela,education,name_lens,6-8,subject_all,4, studied,0,8,-8.8058,0.2846,-4.0406,-7.4494,-3.4088,-1.427|-0.314|-1.764|-3.945,-1.4268,-0.315,1,0, South,0.1319
Nelson Mandela,education,name_lens,6-8,subject_all,5, at,0,8,-8.8058,0.0634,-4.0406,-8.5037,-4.4631,-1.578|-0.367|-2.046|-4.513,-1.5781,-0.4664,1,0, South,0.1765
Nelson Mandela,education,name_lens,6-8,subject_all,6, the,0,8,-8.8058,0.0229,-4.0406,-8.6964,-4.6558,-1.631|-0.390|-2.079|-4.597,-1.6309,-0.5191,1,0, South,0.209
Nelson Mandela,education,name_lens,6-8,subject_all,7, University,0,8,-8.8058,0.0359,-4.0406,-8.6349,-4.5943,-1.597|-0.403|-2.016|-4.619,-1.5966,-0.4848,1,0, South,0.2091
Nelson Mandela,education,name_lens,6-8,subject_all,8, of,0,8,-8.8058,0.1001,-4.0406,-8.329,-4.2883,-1.442|-0.280|-2.041|-4.566,-1.4422,-0.3305,1,0, South,0.0978
Nelson Mandela,education,name_lens,6-8,subject_all,0,<|startoftext|>,0,9,-8.8058,0.0,-4.0406,-8.8058,-4.7652,-1.568|-0.454|-2.098|-4.685,-1.5682,-0.4564,1,0, South,0.2433
Nelson Mandela,education,name_lens,6-8,subject_all,1,Nel,1,9,-8.8058,0.802,-4.0406,-4.9843,-0.9437,-1.418|-0.296|-1.501|-1.769,-1.4179,-0.3062,1,0, South,0.1443
Nelson Mandela,education,name_lens,6-8,subject_all,2,son,1,9,-8.8058,0.1111,-4.0406,-8.2766,-4.2359,-1.582|-0.321|-2.045|-4.328,-1.5825,-0.4707,1,0, South,0.1665
Nelson Mandela,education,name_lens,6-8,subject_all,3, Mandela,1,9,-8.8058,0.0918,-4.0406,-8.3684,-4.3278,-1.464|-0.309|-2.036|-4.560,-1.4642,-0.3525,1,0, South,0.1222
Nelson Mandela,education,name_lens,6-8,subject_all,4, studied,0,9,-8.8058,0.2826,-4.0406,-7.459,-3.4184,-1.429|-0.307|-1.770|-3.953,-1.4286,-0.3169,1,0, South,0.1231
Nelson Mandela,education,name_lens,6-8,subject_all,5, at,0,9,-8.8058,0.1029,-4.0406,-8.3156,-4.275,-1.492|-0.285|-2.002|-4.536,-1.4923,-0.3806,1,0, South,0.1425
Nelson Mandela,education,name_lens,6-8,subject_all,6, the,0,9,-8.8058,0.0028,-4.0406,-8.7925,-4.7518,-1.616|-0.417|-2.041|-4.719,-1.6159,-0.5041,1,0, South,0.2043
Nelson Mandela,education,name_lens,6-8,subject_all,7, University,0,9,-8.8058,0.0202,-4.0406,-8.7097,-4.6691,-1.659|-0.427|-2.021|-4.602,-1.6592,-0.5475,1,1, the,0.2175
Nelson Mandela,education,name_lens,6-8,subject_all,8, of,0,9,-8.8058,0.0522,-4.0406,-8.5568,-4.5162,-1.610|-0.286|-2.046|-4.615,-1.6104,-0.4987,1,0, South,0.1285
Nelson Mandela,education,name_lens,6-8,subject_all,0,<|startoftext|>,0,10,-8.8058,0.0,-4.0406,-8.8058,-4.7652,-1.568|-0.454|-2.098|-4.685,-1.5682,-0.4564,1,0, South,0.2433
Nelson Mandela,education,name_lens,6-8,subject_all,1,Nel,1,10,-8.8058,0.7593,-4.0406,-5.1876,-1.1469,-1.431|-0.287|-1.546|-1.924,-1.431,-0.3193,1,0, South,0.1402
Nelson Mandela,education,name_lens,6-8,subject_all,2,son,1,10,-8.8058,0.1411,-4.0406,-8.1333,-4.0927,-1.515|-0.307|-2.040|-4.271,-1.5148,-0.4031,1,0, South,0.1561
Nelson Mandela,education,name_lens,6-8,subject_all,3, Mandela,1,10,-8.8058,0.1041,-4.0406,-8.3097,-4.2691,-1.465|-0.346|-1.996|-4.503,-1.4648,-0.353,1,0, South,0.1056
Nelson Mandela,education,name_lens,6-8,subject_all,4, studied,0,10,-8.8058,0.3549,-4.0406,-7.1147,-3.0741,-1.419|-0.284|-1.675|-3.736,-1.419,-0.3072,1,0, South,0.1281
Nelson Mandela,education,name_lens,6-8,subject_all,5, at,0,10,-8.8058,0.0853,-4.0406,-8.3993,-4.3587,-1.555|-0.302|-2.016|-4.526,-1.5547,-0.443,1,0, South,0.1606
Nelson Mandela,education,name_lens,6-8,subject_all,6, the,0,10,-8.8058,0.003,-4.0406,-8.7914,-4.7508,-1.632|-0.447|-2.018|-4.694,-1.6323,-0.5205,1,0, South,0.2079
Nelson Mandela,education,name_lens,6-8,subject_all,7, University,0,10,-8.8058,0.0284,-4.0406,-8.6703,-4.6297,-1.604|-0.426|-2.019|-4.622,-1.6041,-0.4923,1,0, South,0.1874
Nelson Mandela,education,name_lens,6-8,subject_all,8, of,0,10,-8.8058,0.054,-4.0406,-8.5484,-4.5077,-1.598|-0.301|-2.040|-4.610,-1.5977,-0.4859,1,0, South,0.1254
Nelson Mandela,education,name_lens,6-8,subject_all,0,<|startoftext|>,0,11,-8.8058,0.0,-4.0406,-8.8058,-4.7652,-1.568|-0.454|-2.098|-4.685,-1.5682,-0.4564,1,0, South,0.2433
Nelson Mandela,education,name_lens,6-8,subject_all,1,Nel,1,11,-8.8058,0.7587,-4.0406,-5.1905,-1.1499,-1.401|-0.285|-1.540|-1.964,-1.4012,-0.2895,1,0, South,0.1426
Nelson Mandela,education,name_lens,6-8,subject_all,2,son,1,11,-8.8058,0.1174,-4.0406,-8.2463,-4.2057,-1.572|-0.307|-2.033|-4.334,-1.5722,-0.4604,1,0, South,0.1665
Nelson Mandela,education,name_lens,6-8,subject_all,3, Mandela,1,11,-8.8058,0.0727,-4.0406,-8.4594,-4.4188,-1.592|-0.278|-2.058|-4.531,-1.592,-0.4802,1,0, South,0.1619
Nelson Mandela,education,name_lens,6-8,subject_all,4, studied,0,11,-8.8058,0.3648,-4.0406,-7.0674,-3.0268,-1.407|-0.289|-1.683|-3.688,-1.4069,-0.2952,1,0, South,0.1246
Nelson Mandela,education,name_lens,6-8,subject_all,5, at,0,11,-8.8058,0.0968,-4.0406,-8.3445,-4.3039,-1.509|-0.290|-2.019|-4.527,-1.509,-0.3973,1,0, South,0.1488
Nelson Mandela,education,name_lens,6-8,subject_all,6, the,0,11,-8.8058,0.0002,-4.0406,-8.805,-4.7644,-1.629|-0.398|-2.055|-4.724,-1.6289,-0.5171,1,0, South,0.2058
Nelson Mandela,education,name_lens,6-8,subject_all,7, University,0,11,-8.8058,0.0409,-4.0406,-8.6109,-4.5703,-1.587|-0.423|-2.027|-4.573,-1.5873,-0.4756,1,0, South,0.1858
Nelson Mandela,education,name_lens,6-8,subject_all,8, of,0,11,-8.8058,0.1022,-4.0406,-8.3187,-4.2781,-1.403|-0.257|-2.049|-4.610,-1.4033,-0.2916,1,0, South,0.0816
Nelson Mandela,education,name_lens,6-8,subject_all,0,<|startoftext|>,0,12,-8.8058,0.0,-4.0406,-8.8058,-4.7652,-1.568|-0.454|-2.098|-4.685,-1.5682,-0.4564,1,0, South,0.2433
Nelson Mandela,education,name_lens,6-8,subject_all,1,Nel,1,12,-8.8058,0.7462,-4.0406,-5.25,-1.2094,-1.448|-0.305|-1.520|-1.977,-1.4478,-0.3361,1,0, South,0.1469
Nelson Mandela,education,name_lens,6-8,subject_all,2,son,1,12,-8.8058,0.1081,-4.0406,-8.2908,-4.2502,-1.569|-0.304|-2.030|-4.388,-1.5691,-0.4574,1,0, South,0.1743
Nelson Mandela,education,name_lens,6-8,subject_all,3, Mandela,1,12,-8.8058,0.0837,-4.0406,-8.407,-4.3663,-1.530|-0.276|-2.046|-4.555,-1.5302,-0.4184,1,0, South,0.1412
Nelson Mandela,education,name_lens,6-8,subject_all,4, studied,0,12,-8.8058,0.3781,-4.0406,-7.0042,-2.9636,-1.430|-0.292|-1.652|-3.629,-1.4305,-0.3188,1,0, South,0.1383
Nelson Mandela,education,name_lens,6-8,subject_all,5, at,0,12,-8.8058,0.0976,-4.0406,-8.3405,-4.2999,-1.528|-0.298|-2.006|-4.508,-1.5285,-0.4167,1,0, South,0.1335
Nelson Mandela,education,name_lens,6-8,subject_all,6, the,0,12,-8.8058,-0.0003,-4.0406,-8.8074,-4.7668,-1.666|-0.429|-2.071|-4.641,-1.6658,-0.5541,1,1, the,0.2128
Nelson Mandela,education,name_lens,6-8,subject_all,7, University,0,12,-8.8058,0.0495,-4.0406,-8.5701,-4.5294,-1.576|-0.407|-2.034|-4.554,-1.5759,-0.4642,1,0, South,0.1858
Nelson Mandela,education,name_lens,6-8,subject_all,8, of,0,12,-8.8058,0.0948,-4.0406,-8.354,-4.3134,-1.413|-0.261|-2.046|-4.634,-1.4128,-0.3011,1,0, South,0.0806
Nelson Mandela,education,name_lens,6-8,subject_all,0,<|startoftext|>,0,13,-8.8058,0.0,-4.0406,-8.8058,-4.7652,-1.568|-0.454|-2.098|-4.685,-1.5682,-0.4564,1,0, South,0.2433
Nelson Mandela,education,name_lens,6-8,subject_all,1,Nel,1,13,-8.8058,0.7255,-4.0406,-5.3489,-1.3082,-1.476|-0.310|-1.520|-2.044,-1.4755,-0.3638,1,0, South,0.1614
Nelson Mandela,education,name_lens,6-8,subject_all,2,son,1,13,-8.8058,0.0878,-4.0406,-8.3873,-4.3467,-1.620|-0.293|-2.064|-4.410,-1.62,-0.5083,1,0, South,0.1833
Nelson Mandela,education,name_lens,6-8,subject_all,3, Mandela,1,13,-8.8058,0.0565,-4.0406,-8.5366,-4.4959,-1.547|-0.350|-2.046|-4.594,-1.5472,-0.4355,1,0, South,0.1548
Nelson Mandela,education,name_lens,6-8,subject_all,4, studied,0,13,-8.8058,0.4206,-4.0406,-6.8014,-2.7607,-1.416|-0.293|-1.595|-3.497,-1.4155,-0.3038,1,0, South,0.1226
Nelson Mandela,education,name_lens,6-8,subject_all,5, at,0,13,-8.8058,0.0994,-4.0406,-8.3321,-4.2915,-1.524|-0.283|-2.022|-4.503,-1.5236,-0.4119,1,0, South,0.1385
Nelson Mandela,education,name_lens,6-8,subject_all,6, the,0,13,-8.8058,0.0171,-4.0406,-8.7244,-4.6837,-1.540|-0.413|-2.057|-4.714,-1.5401,-0.4284,1,0, South,0.2229
Nelson Mandela,education,name_lens,6-8,subject_all,7, University,0,13,-8.8058,0.0346,-4.0406,-8.6411,-4.6004,-1.628|-0.419|-2.044|-4.550,-1.6275,-0.5158,1,0, South,0.1992
Nelson Mandela,education,name_lens,6-8,subject_all,8, of,0,13,-8.8058,0.0924,-4.0406,-8.3655,-4.3249,-1.413|-0.262|-2.051|-4.640,-1.4126,-0.3009,1,0, South,0.0781
Nelson Mandela,education,name_lens,6-8,subject_all,0,<|startoftext|>,0,14,-8.8058,0.0,-4.0406,-8.8058,-4.7652,-1.568|-0.454|-2.098|-4.685,-1.5682,-0.4564,1,0, South,0.2433
Nelson Mandela,education,name_lens,6-8,subject_all,1,Nel,1,14,-8.8058,0.7548,-4.0406,-5.2091,-1.1685,-1.431|-0.292|-1.515|-1.972,-1.431,-0.3193,1,0, South,0.1234
Nelson Mandela,education,name_lens,6-8,subject_all,2,son,1,14,-8.8058,0.058,-4.0406,-8.5296,-4.489,-1.573|-0.402|-2.068|-4.487,-1.5734,-0.4617,1,0, South,0.2081
Nelson Mandela,education,name_lens,6-8,subject_all,3, Mandela,1,14,-8.8058,0.0833,-4.0406,-8.4091,-4.3684,-1.446|-0.274|-2.035|-4.654,-1.4458,-0.3341,1,0, South,0.1409
Nelson Mandela,education,name_lens,6-8,subject_all,4, studied,0,14,-8.8058,0.1351,-4.0406,-8.162,-4.1213,-1.691|-0.383|-1.928|-4.160,-1.6911,-0.5794,1,0, South,0.2438
Nelson Mandela,education,name_lens,6-8,subject_all,5, at,0,14,-8.8058,0.0915,-4.0406,-8.3696,-4.329,-1.592|-0.298|-2.002|-4.477,-1.5923,-0.4806,1,0, South,0.1546
Nelson Mandela,education,name_lens,6-8,subject_all,6, the,0,14,-8.8058,0.026,-4.0406,-8.6819,-4.6412,-1.638|-0.395|-2.042|-4.607,-1.6379,-0.5261,1,1, the,0.2001
Nelson Mandela,education,name_lens,6-8,subject_all,7, University,0,14,-8.8058,0.0746,-4.0406,-8.4504,-4.4098,-1.626|-0.345|-2.005|-4.475,-1.6259,-0.5142,1,0, South,0.1973
Nelson Mandela,education,name_lens,6-8,subject_all,8, of,0,14,-8.8058,0.1258,-4.0406,-8.2064,-4.1658,-1.337|-0.224|-2.000|-4.646,-1.3371,-0.2254,1,0, South,0.0645
Nelson Mandela,education,name_lens,6-8,subject_all,0,<|startoftext|>,0,15,-8.8058,0.0,-4.0406,-8.8058,-4.7652,-1.568|-0.454|-2.098|-4.685,-1.5682,-0.4564,1,0, South,0.2433
Nelson Mandela,education,name_lens,6-8,subject_all,1,Nel,1,15,-8.8058,0.5359,-4.0406,-6.2521,-2.2115,-1.403|-0.309|-1.651|-2.890,-1.4028,-0.2911,1,0, South,0.12
Nelson Mandela,education,name_lens,6-8,subject_all,2,son,1,15,-8.8058,0.0507,-4.0406,-8.5643,-4.5237,-1.553|-0.402|-2.053|-4.557,-1.5528,-0.441,1,0, South,0.21
Nelson Mandela,education,name_lens,6-8,subject_all,3, Mandela,1,15,-8.8058,0.0975,-4.0406,-8.3413,-4.3006,-1.383|-0.274|-2.041|-4.642,-1.3834,-0.2717,1,0, South,0.114
Nelson Mandela,education,name_lens,6-8,subject_all,4, studied,0,15,-8.8058,0.0985,-4.0406,-8.3364,-4.2957,-1.648|-0.470|-1.948|-4.270,-1.6479,-0.5362,1,1, the,0.2696
Nelson Mandela,education,name_lens,6-8,subject_all,5, at,0,15,-8.8058,0.0834,-4.0406,-8.4082,-4.3676,-1.609|-0.413|-1.939|-4.446,-1.6094,-0.4977,1,0, South,0.1716
Nelson Mandela,education,name_lens,6-8,subject_all,6, the,0,15,-8.8058,0.0219,-4.0406,-8.7016,-4.661,-1.660|-0.395|-1.990|-4.657,-1.6601,-0.5484,1,1, the,0.2089
Nelson Mandela,education,name_lens,6-8,subject_all,7, University,0,15,-8.8058,0.088,-4.0406,-8.3865,-4.3459,-1.699|-0.342|-1.951|-4.394,-1.6995,-0.5877,2,1, the,0.2191
Nelson Mandela,education,name_lens,6-8,subject_all,8, of,0,15,-8.8058,0.1278,-4.0406,-8.1967,-4.1561,-1.341|-0.211|-2.005|-4.641,-1.3409,-0.2292,1,0, South,0.067
Nelson Mandela,education,name_lens,6-8,subject_all,0,<|startoftext|>,0,16,-8.8058,0.0,-4.0406,-8.8058,-4.7652,-1.568|-0.454|-2.098|-4.685,-1.5682,-0.4564,1,0, South,0.2433
Nelson Mandela,education,name_lens,6-8,subject_all,1,Nel,1,16,-8.8058,0.0576,-4.0406,-8.5314,-4.4908,-1.575|-0.389|-2.024|-4.543,-1.5749,-0.4632,1,1, the,0.2358
Nelson Mandela,education,name_lens,6-8,subject_all,2,son,1,16,-8.8058,0.0317,-4.0406,-8.6546,-4.614,-1.598|-0.441|-2.057|-4.559,-1.5981,-0.4864,1,1, the,0.2364
Nelson Mandela,education,name_lens,6-8,subject_all,3, Mandela,1,16,-8.8058,0.0642,-4.0406,-8.4998,-4.4591,-1.394|-0.369|-2.072|-4.665,-1.3942,-0.2825,1,0, South,0.1248
Nelson Mandela,education,name_lens,6-8,subject_all,4, studied,0,16,-8.8058,0.114,-4.0406,-8.2627,-4.222,-1.600|-0.459|-1.989|-4.215,-1.5996,-0.4879,1,1, the,0.256
Nelson Mandela,education,name_lens,6-8,subject_all,5, at,0,16,-8.8058,0.0677,-4.0406,-8.4833,-4.4427,-1.691|-0.408|-1.936|-4.449,-1.6906,-0.5788,2,1, the,0.1991
Nelson Mandela,education,name_lens,6-8,subject_all,6, the,0,16,-8.8058,0.0022,-4.0406,-8.7951,-4.7545,-1.659|-0.437|-2.022|-4.678,-1.6587,-0.547,1,1, the,0.2223
Nelson Mandela,education,name_lens,6-8,subject_all,7, University,0,16,-8.8058,0.0746,-4.0406,-8.4504,-4.4098,-1.731|-0.373|-1.943|-4.403,-1.7313,-0.6196,2,1, the,0.2389
Nelson Mandela,education,name_lens,6-8,subject_all,8, of,0,16,-8.8058,0.1136,-4.0406,-8.2643,-4.2237,-1.369|-0.227|-2.066|-4.602,-1.3686,-0.2568,1,0, South,0.0729
Nelson Mandela,education,name_lens,6-8,subject_all,0,<|startoftext|>,0,17,-8.8058,0.0,-4.0406,-8.8058,-4.7652,-1.568|-0.454|-2.098|-4.685,-1.5682,-0.4564,1,0, South,0.2433
Nelson Mandela,education,name_lens,6-8,subject_all,1,Nel,1,17,-8.8058,0.0392,-4.0406,-8.6192,-4.5785,-1.605|-0.429|-2.030|-4.556,-1.605,-0.4932,1,1, the,0.2442
Nelson Mandela,education,name_lens,6-8,subject_all,2,son,1,17,-8.8058,0.029,-4.0406,-8.6678,-4.6272,-1.605|-0.434|-2.060|-4.568,-1.6052,-0.4935,1,1, the,0.2344
Nelson Mandela,education,name_lens,6-8,subject_all,3, Mandela,1,17,-8.8058,0.0377,-4.0406,-8.6261,-4.5855,-1.471|-0.413|-2.001|-4.740,-1.4714,-0.3597,1,0, South,0.1505
Nelson Mandela,education,name_lens,6-8,subject_all,4, studied,0,17,-8.8058,0.1128,-4.0406,-8.2681,-4.2275,-1.573|-0.445|-1.982|-4.268,-1.5727,-0.4609,1,0, South,0.2597
Nelson Mandela,education,name_lens,6-8,subject_all,5, at,0,17,-8.8058,0.0813,-4.0406,-8.4182,-4.3776,-1.622|-0.398|-1.953|-4.445,-1.6215,-0.5098,1,0, South,0.1897
Nelson Mandela,education,name_lens,6-8,subject_all,6, the,0,17,-8.8058,-0.0042,-4.0406,-8.8256,-4.7849,-1.704|-0.419|-2.026|-4.676,-1.7043,-0.5926,2,1, the,0.2283
Nelson Mandela,education,name_lens,6-8,subject_all,7, University,0,17,-8.8058,0.0871,-4.0406,-8.3907,-4.3501,-1.704|-0.344|-1.948|-4.395,-1.7043,-0.5926,2,1, the,0.2323
Nelson Mandela,education,name_lens,6-8,subject_all,8, of,0,17,-8.8058,0.1241,-4.0406,-8.2145,-4.1739,-1.375|-0.196|-2.018|-4.624,-1.3753,-0.2636,1,0, South,0.0612
Nelson Mandela,education,name_lens,6-8,subject_all,0,<|startoftext|>,0,18,-8.8058,0.0,-4.0406,-8.8058,-4.7652,-1.568|-0.454|-2.098|-4.685,-1.5682,-0.4564,1,0, South,0.2433
Nelson Mandela,education,name_lens,6-8,subject_all,1,Nel,1,18,-8.8058,0.0084,-4.0406,-8.7656,-4.725,-1.620|-0.448|-2.026|-4.672,-1.6201,-0.5084,1,1, the,0.2528
Nelson Mandela,education,name_lens,6-8,subject_all,2,son,1,18,-8.8058,0.025,-4.0406,-8.6866,-4.646,-1.594|-0.429|-2.012|-4.652,-1.5939,-0.4822,1,0, South,0.2394
Nelson Mandela,education,name_lens,6-8,subject_all,3, Mandela,1,18,-8.8058,0.0177,-4.0406,-8.7216,-4.681,-1.448|-0.455|-2.079|-4.740,-1.4479,-0.3361,1,0, South,0.1416
Nelson Mandela,education,name_lens,6-8,subject_all,4, studied,0,18,-8.8058,0.0351,-4.0406,-8.6384,-4.5978,-1.616|-0.416|-2.155|-4.452,-1.6156,-0.5039,1,1, the,0.2579
Nelson Mandela,education,name_lens,6-8,subject_all,5, at,0,18,-8.8058,0.0525,-4.0406,-8.5555,-4.5149,-1.631|-0.420|-1.934|-4.570,-1.6312,-0.5195,2,1, the,0.2392
Nelson Mandela,education,name_lens,6-8,subject_all,6, the,0,18,-8.8058,0.0307,-4.0406,-8.6593,-4.6187,-1.581|-0.429|-1.971|-4.678,-1.5814,-0.4696,1,1, the,0.2352
Nelson Mandela,education,name_lens,6-8,subject_all,7, University,0,18,-8.8058,0.0384,-4.0406,-8.6229,-4.5823,-1.707|-0.489|-1.908|-4.519,-1.7071,-0.5953,2,1, the,0.2463
Nelson Mandela,education,name_lens,6-8,subject_all,8, of,0,18,-8.8058,0.1178,-4.0406,-8.2447,-4.204,-1.286|-0.258|-2.037|-4.664,-1.2856,-0.1739,1,0, South,0.0403
Nelson Mandela,education,name_lens,6-8,subject_all,0,<|startoftext|>,0,19,-8.8058,0.0,-4.0406,-8.8058,-4.7652,-1.568|-0.454|-2.098|-4.685,-1.5682,-0.4564,1,0, South,0.2433
Nelson Mandela,education,name_lens,6-8,subject_all,1,Nel,1,19,-8.8058,0.0112,-4.0406,-8.7522,-4.7116,-1.588|-0.435|-2.025|-4.704,-1.5883,-0.4766,1,1, the,0.2435
Nelson Mandela,education,name_lens,6-8,subject_all,2,son,1,19,-8.8058,0.0136,-4.0406,-8.7411,-4.7004,-1.581|-0.451|-2.070|-4.639,-1.5811,-0.4694,1,0, South,0.2325
Nelson Mandela,education,name_lens,6-8,subject_all,3, Mandela,1,19,-8.8058,0.0249,-4.0406,-8.6873,-4.6467,-1.483|-0.433|-2.007|-4.764,-1.4826,-0.3709,1,0, South,0.1513
Nelson Mandela,education,name_lens,6-8,subject_all,4, studied,0,19,-8.8058,0.0165,-4.0406,-8.7274,-4.6868,-1.613|-0.465|-2.161|-4.488,-1.6132,-0.5015,1,1, the,0.2613
Nelson Mandela,education,name_lens,6-8,subject_all,5, at,0,19,-8.8058,0.0369,-4.0406,-8.63,-4.5894,-1.595|-0.441|-2.009|-4.585,-1.5954,-0.4837,2,1, the,0.2302
Nelson Mandela,education,name_lens,6-8,subject_all,6, the,0,19,-8.8058,0.0055,-4.0406,-8.7794,-4.7388,-1.560|-0.429|-2.053|-4.737,-1.56,-0.4483,1,1, the,0.2276
Nelson Mandela,education,name_lens,6-8,subject_all,7, University,0,19,-8.8058,0.0553,-4.0406,-8.5424,-4.5018,-1.586|-0.450|-2.016|-4.489,-1.5863,-0.4746,1,1, the,0.2461
Nelson Mandela,education,name_lens,6-8,subject_all,8, of,0,19,-8.8058,0.1072,-4.0406,-8.295,-4.2544,-1.257|-0.317|-2.024|-4.697,-1.2573,-0.1456,1,0, South,0.0408
Nelson Mandela,education,name_lens,6-8,subject_all,0,<|startoftext|>,0,20,-8.8058,0.0,-4.0406,-8.8058,-4.7652,-1.568|-0.454|-2.098|-4.685,-1.5682,-0.4564,1,0, South,0.2433
Nelson Mandela,education,name_lens,6-8,subject_all,1,Nel,1,20,-8.8058,0.0062,-4.0406,-8.7763,-4.7357,-1.600|-0.454|-2.046|-4.676,-1.5996,-0.4879,1,1, the,0.2491
Nelson Mandela,education,name_lens,6-8,subject_all,2,son,1,20,-8.8058,0.0042,-4.0406,-8.786,-4.7453,-1.639|-0.456|-2.043|-4.648,-1.6392,-0.5275,1,1, the,0.2502
Nelson Mandela,education,name_lens,6-8,subject_all,3, Mandela,1,20,-8.8058,0.0057,-4.0406,-8.7785,-4.7379,-1.566|-0.428|-2.015|-4.770,-1.5656,-0.4539,1,0, South,0.1703
Nelson Mandela,education,name_lens,6-8,subject_all,4, studied,0,20,-8.8058,0.0421,-4.0406,-8.6052,-4.5646,-1.592|-0.467|-2.010|-4.537,-1.5916,-0.4799,1,0, South,0.2506
Nelson Mandela,education,name_lens,6-8,subject_all,5, at,0,20,-8.8058,0.0333,-4.0406,-8.6469,-4.6063,-1.520|-0.439|-2.038|-4.650,-1.5201,-0.4083,1,0, South,0.2151
Nelson Mandela,education,name_lens,6-8,subject_all,6, the,0,20,-8.8058,0.0056,-4.0406,-8.7791,-4.7385,-1.637|-0.437|-2.020|-4.684,-1.6375,-0.5257,1,0, South,0.2261
Nelson Mandela,education,name_lens,6-8,subject_all,7, University,0,20,-8.8058,-0.0229,-4.0406,-8.9148,-4.8742,-1.628|-0.497|-2.058|-4.732,-1.6284,-0.5167,2,1, the,0.2533
Nelson Mandela,education,name_lens,6-8,subject_all,8, of,0,20,-8.8058,0.1004,-4.0406,-8.3273,-4.2866,-1.200|-0.359|-2.079|-4.690,-1.2,-0.0883,1,0, South,0.0338
Nelson Mandela,education,name_lens,6-8,subject_all,0,<|startoftext|>,0,21,-8.8058,0.0,-4.0406,-8.8058,-4.7652,-1.568|-0.454|-2.098|-4.685,-1.5682,-0.4564,1,0, South,0.2433
Nelson Mandela,education,name_lens,6-8,subject_all,1,Nel,1,21,-8.8058,-0.0063,-4.0406,-8.8357,-4.7951,-1.616|-0.453|-2.056|-4.711,-1.6157,-0.504,1,1, the,0.2501
Nelson Mandela,education,name_lens,6-8,subject_all,2,son,1,21,-8.8058,0.0034,-4.0406,-8.7894,-4.7488,-1.598|-0.454|-2.047|-4.691,-1.5978,-0.4861,1,1, the,0.2409
Nelson Mandela,education,name_lens,6-8,subject_all,3, Mandela,1,21,-8.8058,-0.0234,-4.0406,-8.9172,-4.8765,-1.598|-0.473|-2.088|-4.759,-1.5981,-0.4864,1,1, the,0.241
Nelson Mandela,education,name_lens,6-8,subject_all,4, studied,0,21,-8.8058,-0.0003,-4.0406,-8.8073,-4.7666,-1.597|-0.466|-2.082|-4.662,-1.5968,-0.4851,1,0, South,0.2592
Nelson Mandela,education,name_lens,6-8,subject_all,5, at,0,21,-8.8058,-0.0118,-4.0406,-8.8619,-4.8212,-1.700|-0.434|-2.043|-4.685,-1.6995,-0.5878,1,1, the,0.2331
Nelson Mandela,education,name_lens,6-8,subject_all,6, the,0,21,-8.8058,-0.0027,-4.0406,-8.8189,-4.7782,-1.691|-0.427|-2.035|-4.666,-1.691,-0.5792,1,1, the,0.2385
Nelson Mandela,education,name_lens,6-8,subject_all,7, University,0,21,-8.8058,-0.0099,-4.0406,-8.8532,-4.8126,-1.624|-0.495|-2.068|-4.666,-1.6244,-0.5126,2,1, the,0.2524
Nelson Mandela,education,name_lens,6-8,subject_all,8, of,0,21,-8.8058,0.1251,-4.0406,-8.2096,-4.169,-1.084|-0.393|-2.047|-4.686,-1.084,0.0278,1,0, South,0.0047
Nelson Mandela,education,name_lens,6-8,subject_all,0,<|startoftext|>,0,22,-8.8058,0.0,-4.0406,-8.8058,-4.7652,-1.568|-0.454|-2.098|-4.685,-1.5682,-0.4564,1,0, South,0.2433
Nelson Mandela,education,name_lens,6-8,subject_all,1,Nel,1,22,-8.8058,0.0051,-4.0406,-8.7814,-4.7408,-1.603|-0.455|-2.046|-4.678,-1.603,-0.4913,1,1, the,0.2461
Nelson Mandela,education,name_lens,6-8,subject_all,2,son,1,22,-8.8058,-0.0086,-4.0406,-8.8469,-4.8063,-1.633|-0.445|-2.089|-4.680,-1.6332,-0.5215,2,1, the,0.2488
Nelson Mandela,education,name_lens,6-8,subject_all,3, Mandela,1,22,-8.8058,-0.0198,-4.0406,-8.9003,-4.8597,-1.629|-0.466|-2.087|-4.717,-1.6294,-0.5177,2,1, the,0.2468
Nelson Mandela,education,name_lens,6-8,subject_all,4, studied,0,22,-8.8058,-0.0102,-4.0406,-8.8544,-4.8138,-1.612|-0.454|-2.079|-4.709,-1.6123,-0.5005,1,1, the,0.2567
Nelson Mandela,education,name_lens,6-8,subject_all,5, at,0,22,-8.8058,-0.0034,-4.0406,-8.8218,-4.7811,-1.604|-0.436|-2.078|-4.704,-1.6041,-0.4924,1,1, the,0.2366
Nelson Mandela,education,name_lens,6-8,subject_all,6, the,0,22,-8.8058,0.0161,-4.0406,-8.7289,-4.6883,-1.587|-0.428|-2.047|-4.668,-1.587,-0.4752,1,1, the,0.2395
Nelson Mandela,education,name_lens,6-8,subject_all,7, University,0,22,-8.8058,-0.0005,-4.0406,-8.8081,-4.7675,-1.600|-0.465|-2.072|-4.672,-1.5996,-0.4878,1,1, the,0.2446
Nelson Mandela,education,name_lens,6-8,subject_all,8, of,0,22,-8.8058,0.124,-4.0406,-8.2151,-4.1744,-1.077|-0.396|-2.057|-4.685,-1.0766,0.0351,1,0, South,0.0014
Nelson Mandela,citizenship,name_lens,6-8,subject_all,-1,,,-1,-12.8285,0.0,-3.8105,-12.8285,-9.018,-6.286|-0.394|-1.928|-4.220,-6.2865,-5.6929,60,1, the,3.3747
Nelson Mandela,citizenship,name_lens,6-8,subject_all,0,<|startoftext|>,0,0,-12.8285,0.0,-3.8105,-12.8285,-9.018,-6.286|-0.394|-1.928|-4.220,-6.2865,-5.6929,60,1, the,3.3747
Nelson Mandela,citizenship,name_lens,6-8,subject_all,1,Nel,1,0,-12.8285,0.0,-3.8105,-12.8285,-9.018,-6.286|-0.394|-1.928|-4.220,-6.2865,-5.6929,60,1, the,3.3747
Nelson Mandela,citizenship,name_lens,6-8,subject_all,2,son,1,0,-12.8285,0.0,-3.8105,-12.8285,-9.018,-6.286|-0.394|-1.928|-4.220,-6.2865,-5.6929,60,1, the,3.3747
Nelson Mandela,citizenship,name_lens,6-8,subject_all,3, Mandela,1,0,-12.8285,0.0,-3.8105,-12.8285,-9.018,-6.286|-0.394|-1.928|-4.220,-6.2865,-5.6929,60,1, the,3.3747
Nelson Mandela,citizenship,name_lens,6-8,subject_all,4, was,0,0,-12.8285,0.0,-3.8105,-12.8285,-9.018,-6.286|-0.394|-1.928|-4.220,-6.2865,-5.6929,60,1, the,3.3747
Nelson Mandela,citizenship,name_lens,6-8,subject_all,5, a,0,0,-12.8285,0.0,-3.8105,-12.8285,-9.018,-6.286|-0.394|-1.928|-4.220,-6.2865,-5.6929,60,1, the,3.3747
Nelson Mandela,citizenship,name_lens,6-8,subject_all,6, citizen,0,0,-12.8285,0.0,-3.8105,-12.8285,-9.018,-6.286|-0.394|-1.928|-4.220,-6.2865,-5.6929,60,1, the,3.3747
Nelson Mandela,citizenship,name_lens,6-8,subject_all,7, of,0,0,-12.8285,0.0,-3.8105,-12.8285,-9.018,-6.286|-0.394|-1.928|-4.220,-6.2865,-5.6929,60,1, the,3.3747
Nelson Mandela,citizenship,name_lens,6-8,subject_all,0,<|startoftext|>,0,1,-12.8285,0.0,-3.8105,-12.8285,-9.018,-6.286|-0.394|-1.928|-4.220,-6.2865,-5.6929,60,1, the,3.3747
Nelson Mandela,citizenship,name_lens,6-8,subject_all,1,Nel,1,1,-12.8285,0.0,-3.8105,-12.8285,-9.018,-6.286|-0.394|-1.928|-4.220,-6.2865,-5.6929,60,1, the,3.3747
Nelson Mandela,citizenship,name_lens,6-8,subject_all,2,son,1,1,-12.8285,0.0,-3.8105,-12.8285,-9.018,-6.286|-0.394|-1.928|-4.220,-6.2865,-5.6929,60,1, the,3.3747
Nelson Mandela,citizenship,name_lens,6-8,subject_all,3, Mandela,1,1,-12.8285,0.0,-3.8105,-12.8285,-9.018,-6.286|-0.394|-1.928|-4.220,-6.2865,-5.6929,60,1, the,3.3747
Nelson Mandela,citizenship,name_lens,6-8,subject_all,4, was,0,1,-12.8285,0.0,-3.8105,-12.8285,-9.018,-6.286|-0.394|-1.928|-4.220,-6.2865,-5.6929,60,1, the,3.3747
Nelson Mandela,citizenship,name_lens,6-8,subject_all,5, a,0,1,-12.8285,0.0,-3.8105,-12.8285,-9.018,-6.286|-0.394|-1.928|-4.220,-6.2865,-5.6929,60,1, the,3.3747
Nelson Mandela,citizenship,name_lens,6-8,subject_all,6, citizen,0,1,-12.8285,0.0,-3.8105,-12.8285,-9.018,-6.286|-0.394|-1.928|-4.220,-6.2865,-5.6929,60,1, the,3.3747
Nelson Mandela,citizenship,name_lens,6-8,subject_all,7, of,0,1,-12.8285,0.0,-3.8105,-12.8285,-9.018,-6.286|-0.394|-1.928|-4.220,-6.2865,-5.6929,60,1, the,3.3747
Nelson Mandela,citizenship,name_lens,6-8,subject_all,0,<|startoftext|>,0,2,-12.8285,0.0,-3.8105,-12.8285,-9.018,-6.286|-0.394|-1.928|-4.220,-6.2865,-5.6929,60,1, the,3.3747
Nelson Mandela,citizenship,name_lens,6-8,subject_all,1,Nel,1,2,-12.8285,0.0,-3.8105,-12.8285,-9.018,-6.286|-0.394|-1.928|-4.220,-6.2865,-5.6929,60,1, the,3.3747
Nelson Mandela,citizenship,name_lens,6-8,subject_all,2,son,1,2,-12.8285,0.0,-3.8105,-12.8285,-9.018,-6.286|-0.394|-1.928|-4.220,-6.2865,-5.6929,60,1, the,3.3747
Nelson Mandela,citizenship,name_lens,6-8,subject_all,3, Mandela,1,2,-12.8285,0.0,-3.8105,-12.8285,-9.018,-6.286|-0.394|-1.928|-4.220,-6.2865,-5.6929,60,1, the,3.3747
Nelson Mandela,citizenship,name_lens,6-8,subject_all,4, was,0,2,-12.8285,0.0,-3.8105,-12.8285,-9.018,-6.286|-0.394|-1.928|-4.220,-6.2865,-5.6929,60,1, the,3.3747
Nelson Mandela,citizenship,name_lens,6-8,subject_all,5, a,0,2,-12.8285,0.0,-3.8105,-12.8285,-9.018,-6.286|-0.394|-1.928|-4.220,-6.2865,-5.6929,60,1, the,3.3747
Nelson Mandela,citizenship,name_lens,6-8,subject_all,6, citizen,0,2,-12.8285,0.0,-3.8105,-12.8285,-9.018,-6.286|-0.394|-1.928|-4.220,-6.2865,-5.6929,60,1, the,3.3747
Nelson Mandela,citizenship,name_lens,6-8,subject_all,7, of,0,2,-12.8285,0.0,-3.8105,-12.8285,-9.018,-6.286|-0.394|-1.928|-4.220,-6.2865,-5.6929,60,1, the,3.3747
Nelson Mandela,citizenship,name_lens,6-8,subject_all,0,<|startoftext|>,0,3,-12.8285,0.0,-3.8105,-12.8285,-9.018,-6.286|-0.394|-1.928|-4.220,-6.2865,-5.6929,60,1, the,3.3747
Nelson Mandela,citizenship,name_lens,6-8,subject_all,1,Nel,1,3,-12.8285,0.0,-3.8105,-12.8285,-9.018,-6.286|-0.394|-1.928|-4.220,-6.2865,-5.6929,60,1, the,3.3747
Nelson Mandela,citizenship,name_lens,6-8,subject_all,2,son,1,3,-12.8285,0.0,-3.8105,-12.8285,-9.018,-6.286|-0.394|-1.928|-4.220,-6.2865,-5.6929,60,1, the,3.3747
Nelson Mandela,citizenship,name_lens,6-8,subject_all,3, Mandela,1,3,-12.8285,0.0,-3.8105,-12.8285,-9.018,-6.286|-0.394|-1.928|-4.220,-6.2865,-5.6929,60,1, the,3.3747
Nelson Mandela,citizenship,name_lens,6-8,subject_all,4, was,0,3,-12.8285,0.0,-3.8105,-12.8285,-9.018,-6.286|-0.394|-1.928|-4.220,-6.2865,-5.6929,60,1, the,3.3747
Nelson Mandela,citizenship,name_lens,6-8,subject_all,5, a,0,3,-12.8285,0.0,-3.8105,-12.8285,-9.018,-6.286|-0.394|-1.928|-4.220,-6.2865,-5.6929,60,1, the,3.3747
Nelson Mandela,citizenship,name_lens,6-8,subject_all,6, citizen,0,3,-12.8285,0.0,-3.8105,-12.8285,-9.018,-6.286|-0.394|-1.928|-4.220,-6.2865,-5.6929,60,1, the,3.3747
Nelson Mandela,citizenship,name_lens,6-8,subject_all,7, of,0,3,-12.8285,0.0,-3.8105,-12.8285,-9.018,-6.286|-0.394|-1.928|-4.220,-6.2865,-5.6929,60,1, the,3.3747
Nelson Mandela,citizenship,name_lens,6-8,subject_all,0,<|startoftext|>,0,4,-12.8285,0.0,-3.8105,-12.8285,-9.018,-6.286|-0.394|-1.928|-4.220,-6.2865,-5.6929,60,1, the,3.3747
Nelson Mandela,citizenship,name_lens,6-8,subject_all,1,Nel,1,4,-12.8285,0.0,-3.8105,-12.8285,-9.018,-6.286|-0.394|-1.928|-4.220,-6.2865,-5.6929,60,1, the,3.3747
Nelson Mandela,citizenship,name_lens,6-8,subject_all,2,son,1,4,-12.8285,0.0,-3.8105,-12.8285,-9.018,-6.286|-0.394|-1.928|-4.220,-6.2865,-5.6929,60,1, the,3.3747
Nelson Mandela,citizenship,name_lens,6-8,subject_all,3, Mandela,1,4,-12.8285,0.0,-3.8105,-12.8285,-9.018,-6.286|-0.394|-1.928|-4.220,-6.2865,-5.6929,60,1, the,3.3747
Nelson Mandela,citizenship,name_lens,6-8,subject_all,4, was,0,4,-12.8285,0.0,-3.8105,-12.8285,-9.018,-6.286|-0.394|-1.928|-4.220,-6.2865,-5.6929,60,1, the,3.3747
Nelson Mandela,citizenship,name_lens,6-8,subject_all,5, a,0,4,-12.8285,0.0,-3.8105,-12.8285,-9.018,-6.286|-0.394|-1.928|-4.220,-6.2865,-5.6929,60,1, the,3.3747
Nelson Mandela,citizenship,name_lens,6-8,subject_all,6, citizen,0,4,-12.8285,0.0,-3.8105,-12.8285,-9.018,-6.286|-0.394|-1.928|-4.220,-6.2865,-5.6929,60,1, the,3.3747
Nelson Mandela,citizenship,name_lens,6-8,subject_all,7, of,0,4,-12.8285,0.0,-3.8105,-12.8285,-9.018,-6.286|-0.394|-1.928|-4.220,-6.2865,-5.6929,60,1, the,3.3747
Nelson Mandela,citizenship,name_lens,6-8,subject_all,0,<|startoftext|>,0,5,-12.8285,0.0,-3.8105,-12.8285,-9.018,-6.286|-0.394|-1.928|-4.220,-6.2865,-5.6929,60,1, the,3.3747
Nelson Mandela,citizenship,name_lens,6-8,subject_all,1,Nel,1,5,-12.8285,0.0,-3.8105,-12.8285,-9.018,-6.286|-0.394|-1.928|-4.220,-6.2865,-5.6929,60,1, the,3.3747
Nelson Mandela,citizenship,name_lens,6-8,subject_all,2,son,1,5,-12.8285,0.0,-3.8105,-12.8285,-9.018,-6.286|-0.394|-1.928|-4.220,-6.2865,-5.6929,60,1, the,3.3747
Nelson Mandela,citizenship,name_lens,6-8,subject_all,3, Mandela,1,5,-12.8285,0.0,-3.8105,-12.8285,-9.018,-6.286|-0.394|-1.928|-4.220,-6.2865,-5.6929,60,1, the,3.3747
Nelson Mandela,citizenship,name_lens,6-8,subject_all,4, was,0,5,-12.8285,0.0,-3.8105,-12.8285,-9.018,-6.286|-0.394|-1.928|-4.220,-6.2865,-5.6929,60,1, the,3.3747
Nelson Mandela,citizenship,name_lens,6-8,subject_all,5, a,0,5,-12.8285,0.0,-3.8105,-12.8285,-9.018,-6.286|-0.394|-1.928|-4.220,-6.2865,-5.6929,60,1, the,3.3747
Nelson Mandela,citizenship,name_lens,6-8,subject_all,6, citizen,0,5,-12.8285,0.0,-3.8105,-12.8285,-9.018,-6.286|-0.394|-1.928|-4.220,-6.2865,-5.6929,60,1, the,3.3747
Nelson Mandela,citizenship,name_lens,6-8,subject_all,7, of,0,5,-12.8285,0.0,-3.8105,-12.8285,-9.018,-6.286|-0.394|-1.928|-4.220,-6.2865,-5.6929,60,1, the,3.3747
Nelson Mandela,citizenship,name_lens,6-8,subject_all,0,<|startoftext|>,0,6,-12.8285,0.0,-3.8105,-12.8285,-9.018,-6.286|-0.394|-1.928|-4.220,-6.2865,-5.6929,60,1, the,3.3747
Nelson Mandela,citizenship,name_lens,6-8,subject_all,1,Nel,1,6,-12.8285,0.9623,-3.8105,-4.15,-0.3395,-0.844|-0.214|-1.457|-1.635,-0.8438,-0.2502,1,0, South,0.1114
Nelson Mandela,citizenship,name_lens,6-8,subject_all,2,son,1,6,-12.8285,0.0072,-3.8105,-12.7636,-8.9531,-6.211|-0.395|-1.893|-4.265,-6.2106,-5.617,53,1, the,3.3164
Nelson Mandela,citizenship,name_lens,6-8,subject_all,3, Mandela,1,6,-12.8285,0.1239,-3.8105,-11.7114,-7.9009,-5.275|-0.397|-1.972|-4.068,-5.275,-4.6814,23,1, the,2.8671
Nelson Mandela,citizenship,name_lens,6-8,subject_all,4, was,0,6,-12.8285,0.0,-3.8105,-12.8285,-9.018,-6.286|-0.394|-1.928|-4.220,-6.2865,-5.6929,60,1, the,3.3747
Nelson Mandela,citizenship,name_lens,6-8,subject_all,5, a,0,6,-12.8285,0.0,-3.8105,-12.8285,-9.018,-6.286|-0.394|-1.928|-4.220,-6.2865,-5.6929,60,1, the,3.3747
Nelson Mandela,citizenship,name_lens,6-8,subject_all,6, citizen,0,6,-12.8285,0.0,-3.8105,-12.8285,-9.018,-6.286|-0.394|-1.928|-4.220,-6.2865,-5.6929,60,1, the,3.3747
Nelson Mandela,citizenship,name_lens,6-8,subject_all,7, of,0,6,-12.8285,0.0,-3.8105,-12.8285,-9.018,-6.286|-0.394|-1.928|-4.220,-6.2865,-5.6929,60,1, the,3.3747
Nelson Mandela,citizenship,name_lens,6-8,subject_all,0,<|startoftext|>,0,7,-12.8285,0.0,-3.8105,-12.8285,-9.018,-6.286|-0.394|-1.928|-4.220,-6.2865,-5.6929,60,1, the,3.3747
Nelson Mandela,citizenship,name_lens,6-8,subject_all,1,Nel,1,7,-12.8285,0.939,-3.8105,-4.3607,-0.5502,-0.840|-0.204|-1.443|-1.874,-0.8399,-0.2463,1,0, South,0.1163
Nelson Mandela,citizenship,name_lens,6-8,subject_all,2,son,1,7,-12.8285,0.0171,-3.8105,-12.6747,-8.8642,-6.144|-0.389|-1.891|-4.250,-6.1442,-5.5506,50,1, the,3.2802
Nelson Mandela,citizenship,name_lens,6-8,subject_all,3, Mandela,1,7,-12.8285,0.0242,-3.8105,-12.61,-8.7996,-6.142|-0.390|-1.915|-4.162,-6.1425,-5.5489,49,1, the,3.2713
Nelson Mandela,citizenship,name_lens,6-8,subject_all,4, was,0,7,-12.8285,0.0979,-3.8105,-11.9453,-8.1349,-5.627|-0.362|-1.750|-4.207,-5.6266,-5.033,32,1, the,2.9498
Nelson Mandela,citizenship,name_lens,6-8,subject_all,5, a,0,7,-12.8285,0.0001,-3.8105,-12.8279,-9.0175,-6.258|-0.374|-1.925|-4.270,-6.2581,-5.6645,57,1, the,3.3557
Nelson Mandela,citizenship,name_lens,6-8,subject_all,6, citizen,0,7,-12.8285,0.1648,-3.8105,-11.3424,-7.5319,-5.157|-0.359|-1.814|-4.012,-5.1566,-4.563,19,1, the,2.8108
Nelson Mandela,citizenship,name_lens,6-8,subject_all,7, of,0,7,-12.8285,0.1229,-3.8105,-11.7198,-7.9093,-5.120|-0.369|-1.936|-4.294,-5.1204,-4.5268,20,1, the,2.6801
Nelson Mandela,citizenship,name_lens,6-8,subject_all,0,<|startoftext|>,0,8,-12.8285,0.0,-3.8105,-12.8285,-9.018,-6.286|-0.394|-1.928|-4.220,-6.2865,-5.6929,60,1, the,3.3747
Nelson Mandela,citizenship,name_lens,6-8,subject_all,1,Nel,1,8,-12.8285,0.9737,-3.8105,-4.0479,-0.2374,-0.706|-0.166|-1.430|-1.745,-0.706,-0.1124,1,0, South,0.042
Nelson Mandela,citizenship,name_lens,6-8,subject_all,2,son,1,8,-12.8285,0.2468,-3.8105,-10.6024,-6.792,-4.792|-0.365|-1.690|-3.755,-4.792,-4.1984,13,1, the,2.4613
Nelson Mandela,citizenship,name_lens,6-8,subject_all,3, Mandela,1,8,-12.8285,0.1762,-3.8105,-11.2392,-7.4287,-5.023|-0.279|-1.707|-4.229,-5.0234,-4.4298,18,1, the,2.5861
Nelson Mandela,citizenship,name_lens,6-8,subject_all,4, was,0,8,-12.8285,0.1986,-3.8105,-11.0372,-7.2267,-4.835|-0.345|-1.690|-4.167,-4.8348,-4.2412,16,1, the,2.4703
Nelson Mandela,citizenship,name_lens,6-8,subject_all,5, a,0,8,-12.8285,0.0058,-3.8105,-12.7765,-8.9661,-6.156|-0.395|-1.926|-4.299,-6.156,-5.5624,50,1, the,3.2864
Nelson Mandela,citizenship,name_lens,6-8,subject_all,6, citizen,0,8,-12.8285,0.1431,-3.8105,-11.5378,-7.7273,-5.162|-0.367|-1.762|-4.247,-5.1618,-4.5682,19,1, the,2.8145
Nelson Mandela,citizenship,name_lens,6-8,subject_all,7, of,0,8,-12.8285,0.5171,-3.8105,-8.1653,-4.3549,-1.906|-0.297|-1.712|-4.251,-1.9056,-1.312,1,0, South,0.8885
Nelson Mandela,citizenship,name_lens,6-8,subject_all,0,<|startoftext|>,0,9,-12.8285,0.0,-3.8105,-12.8285,-9.018,-6.286|-0.394|-1.928|-4.220,-6.2865,-5.6929,60,1, the,3.3747
Nelson Mandela,citizenship,name_lens,6-8,subject_all,1,Nel,1,9,-12.8285,0.9595,-3.8105,-4.1761,-0.3656,-0.723|-0.169|-1.438|-1.846,-0.7232,-0.1296,1,0, South,0.0456
Nelson Mandela,citizenship,name_lens,6-8,subject_all,2,son,1,9,-12.8285,0.2661,-3.8105,-10.4285,-6.6181,-4.671|-0.309|-1.687|-3.761,-4.6711,-4.0775,11,1, the,2.3889
Nelson Mandela,citizenship,name_lens,6-8,subject_all,3, Mandela,1,9,-12.8285,0.0775,-3.8105,-12.1293,-8.3188,-6.006|-0.364|-1.854|-3.905,-6.006,-5.4124,46,1, the,3.1689
Nelson Mandela,citizenship,name_lens,6-8,subject_all,4, was,0,9,-12.8285,0.2438,-3.8105,-10.6295,-6.8191,-4.425|-0.291|-1.706|-4.208,-4.4251,-3.8315,9,1, the,2.2227
Nelson Mandela,citizenship,name_lens,6-8,subject_all,5, a,0,9,-12.8285,0.0131,-3.8105,-12.7102,-8.8997,-6.171|-0.404|-1.876|-4.259,-6.1715,-5.5779,53,1, the,3.2995
Nelson Mandela,citizenship,name_lens,6-8,subject_all,6, citizen,0,9,-12.8285,0.0452,-3.8105,-12.4208,-8.6104,-6.253|-0.415|-1.708|-4.044,-6.2533,-5.6597,56,1, the,3.3478
Nelson Mandela,citizenship,name_lens,6-8,subject_all,7, of,0,9,-12.8285,0.5208,-3.8105,-8.1316,-4.3212,-1.853|-0.290|-1.698|-4.290,-1.8526,-1.259,1,0, South,0.8715
Nelson Mandela,citizenship,name_lens,6-8,subject_all,0,<|startoftext|>,0,10,-12.8285,0.0,-3.8105,-12.8285,-9.018,-6.286|-0.394|-1.928|-4.220,-6.2865,-5.6929,60,1, the,3.3747
Nelson Mandela,citizenship,name_lens,6-8,subject_all,1,Nel,1,10,-12.8285,0.9445,-3.8105,-4.3106,-0.5001,-0.769|-0.178|-1.467|-1.896,-0.7695,-0.1759,1,0, South,0.0482
Nelson Mandela,citizenship,name_lens,6-8,subject_all,2,son,1,10,-12.8285,0.2592,-3.8105,-10.4911,-6.6806,-4.604|-0.338|-1.769|-3.780,-4.6043,-4.0107,11,1, the,2.3372
Nelson Mandela,citizenship,name_lens,6-8,subject_all,3, Mandela,1,10,-12.8285,0.1079,-3.8105,-11.8551,-8.0446,-5.621|-0.350|-1.660|-4.224,-5.6212,-5.0276,34,1, the,2.9372
Nelson Mandela,citizenship,name_lens,6-8,subject_all,4, was,0,10,-12.8285,0.2359,-3.8105,-10.7009,-6.8904,-4.501|-0.297|-1.737|-4.165,-4.5013,-3.9076,10,1, the,2.2523
Nelson Mandela,citizenship,name_lens,6-8,subject_all,5, a,0,10,-12.8285,0.0162,-3.8105,-12.6825,-8.872,-6.150|-0.405|-1.875|-4.253,-6.1502,-5.5566,49,1, the,3.2804
Nelson Mandela,citizenship,name_lens,6-8,subject_all,6, citizen,0,10,-12.8285,0.0626,-3.8105,-12.264,-8.4535,-5.899|-0.397|-1.713|-4.255,-5.899,-5.3054,41,1, the,3.138
Nelson Mandela,citizenship,name_lens,6-8,subject_all,7, of,0,10,-12.8285,0.5337,-3.8105,-8.0155,-4.2051,-1.796|-0.257|-1.716|-4.247,-1.7963,-1.2027,1,0, South,0.8393
Nelson Mandela,citizenship,name_lens,6-8,subject_all,0,<|startoftext|>,0,11,-12.8285,0.0,-3.8105,-12.8285,-9.018,-6.286|-0.394|-1.928|-4.220,-6.2865,-5.6929,60,1, the,3.3747
Nelson Mandela,citizenship,name_lens,6-8,subject_all,1,Nel,1,11,-12.8285,0.9453,-3.8105,-4.3033,-0.4929,-0.765|-0.178|-1.446|-1.914,-0.7653,-0.1717,1,0, South,0.0505
Nelson Mandela,citizenship,name_lens,6-8,subject_all,2,son,1,11,-12.8285,0.2544,-3.8105,-10.5346,-6.7241,-4.707|-0.325|-1.684|-3.819,-4.7071,-4.1135,13,1, the,2.4047
Nelson Mandela,citizenship,name_lens,6-8,subject_all,3, Mandela,1,11,-12.8285,0.0994,-3.8105,-11.9321,-8.1216,-5.988|-0.353|-1.699|-3.892,-5.9878,-5.3942,45,1, the,3.1607
Nelson Mandela,citizenship,name_lens,6-8,subject_all,4, was,0,11,-12.8285,0.2771,-3.8105,-10.3292,-6.5187,-4.375|-0.289|-1.650|-4.014,-4.3754,-3.7818,9,1, the,2.18
Nelson Mandela,citizenship,name_lens,6-8,subject_all,5, a,0,11,-12.8285,0.0141,-3.8105,-12.701,-8.8906,-6.146|-0.405|-1.881|-4.269,-6.1456,-5.552,50,1, the,3.2875
Nelson Mandela,citizenship,name_lens,6-8,subject_all,6, citizen,0,11,-12.8285,0.0596,-3.8105,-12.2909,-8.4805,-5.896|-0.411|-1.705|-4.279,-5.8962,-5.3026,41,1, the,3.1365
Nelson Mandela,citizenship,name_lens,6-8,subject_all,7, of,0,11,-12.8285,0.5561,-3.8105,-7.8135,-4.003,-1.666|-0.257|-1.680|-4.210,-1.6659,-1.0723,1,0, South,0.7624
Nelson Mandela,citizenship,name_lens,6-8,subject_all,0,<|startoftext|>,0,12,-12.8285,0.0,-3.8105,-12.8285,-9.018,-6.286|-0.394|-1.928|-4.220,-6.2865,-5.6929,60,1, the,3.3747
Nelson Mandela,citizenship,name_lens,6-8,subject_all,1,Nel,1,12,-12.8285,0.9386,-3.8105,-4.364,-0.5536,-0.820|-0.204|-1.476|-1.864,-0.8202,-0.2266,1,0, South,0.0747
Nelson Mandela,citizenship,name_lens,6-8,subject_all,2,son,1,12,-12.8285,0.2502,-3.8105,-10.5725,-6.7621,-4.744|-0.323|-1.687|-3.819,-4.7437,-4.1501,13,1, the,2.4297
Nelson Mandela,citizenship,name_lens,6-8,subject_all,3, Mandela,1,12,-12.8285,0.0511,-3.8105,-12.3673,-8.5569,-6.020|-0.351|-1.880|-4.116,-6.0203,-5.4267,46,1, the,3.1842
Nelson Mandela,citizenship,name_lens,6-8,subject_all,4, was,0,12,-12.8285,0.2677,-3.8105,-10.4146,-6.6041,-4.450|-0.298|-1.649|-4.017,-4.4496,-3.856,9,1, the,2.2245
Nelson Mandela,citizenship,name_lens,6-8,subject_all,5, a,0,12,-12.8285,0.0155,-3.8105,-12.6889,-8.8784,-6.133|-0.385|-1.878|-4.292,-6.1329,-5.5393,48,1, the,3.2736
Nelson Mandela,citizenship,name_lens,6-8,subject_all,6, citizen,0,12,-12.8285,0.0997,-3.8105,-11.9294,-8.1189,-5.832|-0.398|-1.711|-3.989,-5.8319,-5.2383,39,1, the,3.0972
Nelson Mandela,citizenship,name_lens,6-8,subject_all,7, of,0,12,-12.8285,0.6123,-3.8105,-7.3067,-3.4963,-1.172|-0.237|-1.689|-4.209,-1.1723,-0.5787,1,0, South,0.3935
Nelson Mandela,citizenship,name_lens,6-8,subject_all,0,<|startoftext|>,0,13,-12.8285,0.0,-3.8105,-12.8285,-9.018,-6.286|-0.394|-1.928|-4.220,-6.2865,-5.6929,60,1, the,3.3747
Nelson Mandela,citizenship,name_lens,6-8,subject_all,1,Nel,1,13,-12.8285,0.9277,-3.8105,-4.4629,-0.6524,-0.817|-0.208|-1.446|-1.991,-0.8175,-0.2239,1,0, South,0.075
Nelson Mandela,citizenship,name_lens,6-8,subject_all,2,son,1,13,-12.8285,0.2606,-3.8105,-10.4785,-6.668,-4.704|-0.312|-1.696|-3.767,-4.7038,-4.1102,12,1, the,2.4124
Nelson Mandela,citizenship,name_lens,6-8,subject_all,3, Mandela,1,13,-12.8285,0.0351,-3.8105,-12.5119,-8.7014,-6.093|-0.350|-1.912|-4.156,-6.0931,-5.4995,49,1, the,3.2416
Nelson Mandela,citizenship,name_lens,6-8,subject_all,4, was,0,13,-12.8285,0.3064,-3.8105,-10.0656,-6.2552,-4.135|-0.307|-1.653|-3.971,-4.1349,-3.5413,8,1, the,2.0368
Nelson Mandela,citizenship,name_lens,6-8,subject_all,5, a,0,13,-12.8285,0.0156,-3.8105,-12.6879,-8.8775,-6.146|-0.388|-1.888|-4.265,-6.1463,-5.5527,49,1, the,3.2883
Nelson Mandela,citizenship,name_lens,6-8,subject_all,6, citizen,0,13,-12.8285,0.0943,-3.8105,-11.9778,-8.1674,-5.863|-0.415|-1.710|-3.990,-5.8625,-5.2689,40,1, the,3.1178
Nelson Mandela,citizenship,name_lens,6-8,subject_all,7, of,0,13,-12.8285,0.6298,-3.8105,-7.1489,-3.3384,-1.188|-0.248|-1.709|-4.004,-1.1878,-0.5942,1,0, South,0.3911
Nelson Mandela,citizenship,name_lens,6-8,subject_all,0,<|startoftext|>,0,14,-12.8285,0.0,-3.8105,-12.8285,-9.018,-6.286|-0.394|-1.928|-4.220,-6.2865,-5.6929,60,1, the,3.3747
Nelson Mandela,citizenship,name_lens,6-8,subject_all,1,Nel,1,14,-12.8285,0.871,-3.8105,-4.9736,-1.1631,-1.446|-0.239|-1.446|-1.843,-1.4461,-0.8525,1,1, the,0.4235
Nelson Mandela,citizenship,name_lens,6-8,subject_all,2,son,1,14,-12.8285,0.0408,-3.8105,-12.4605,-8.6501,-6.027|-0.381|-1.893|-4.160,-6.0268,-5.4332,43,1, the,3.1951
Nelson Mandela,citizenship,name_lens,6-8,subject_all,3, Mandela,1,14,-12.8285,0.0529,-3.8105,-12.3518,-8.5413,-5.960|-0.330|-1.852|-4.209,-5.9598,-5.3662,43,1, the,3.1547
Nelson Mandela,citizenship,name_lens,6-8,subject_all,4, was,0,14,-12.8285,0.1838,-3.8105,-11.1713,-7.3608,-5.144|-0.355|-1.754|-3.918,-5.144,-4.5504,21,1, the,2.6306
Nelson Mandela,citizenship,name_lens,6-8,subject_all,5, a,0,14,-12.8285,0.0194,-3.8105,-12.6537,-8.8432,-6.152|-0.369|-1.884|-4.249,-6.1522,-5.5586,50,1, the,3.2939
Nelson Mandela,citizenship,name_lens,6-8,subject_all,6, citizen,0,14,-12.8285,0.0118,-3.8105,-12.7223,-8.9118,-6.227|-0.424|-1.849|-4.222,-6.2272,-5.6336,52,1, the,3.3055
Nelson Mandela,citizenship,name_lens,6-8,subject_all,7, of,0,14,-12.8285,0.6713,-3.8105,-6.7743,-2.9638,-0.556|-0.172|-1.823|-4.223,-0.5558,0.0378,1,0, South,0.0191
Nelson Mandela,citizenship,name_lens,6-8,subject_all,0,<|startoftext|>,0,15,-12.8285,0.0,-3.8105,-12.8285,-9.018,-6.286|-0.394|-1.928|-4.220,-6.2865,-5.6929,60,1, the,3.3747
Nelson Mandela,citizenship,name_lens,6-8,subject_all,1,Nel,1,15,-12.8285,0.7649,-3.8105,-5.9302,-2.1197,-1.681|-0.250|-1.474|-2.526,-1.681,-1.0874,2,1, the,0.5939
Nelson Mandela,citizenship,name_lens,6-8,subject_all,2,son,1,15,-12.8285,0.0165,-3.8105,-12.6795,-8.869,-6.179|-0.407|-1.934|-4.159,-6.1794,-5.5858,52,1, the,3.3007
Nelson Mandela,citizenship,name_lens,6-8,subject_all,3, Mandela,1,15,-12.8285,0.0459,-3.8105,-12.4142,-8.6037,-5.999|-0.335|-1.903|-4.177,-5.9989,-5.4053,43,1, the,3.1805
Nelson Mandela,citizenship,name_lens,6-8,subject_all,4, was,0,15,-12.8285,0.0898,-3.8105,-12.0185,-8.208,-5.956|-0.388|-1.723|-3.952,-5.956,-5.3624,42,1, the,3.1207
Nelson Mandela,citizenship,name_lens,6-8,subject_all,5, a,0,15,-12.8285,0.0149,-3.8105,-12.6942,-8.8838,-6.185|-0.389|-1.890|-4.230,-6.1855,-5.5919,52,1, the,3.3095
Nelson Mandela,citizenship,name_lens,6-8,subject_all,6, citizen,0,15,-12.8285,0.0195,-3.8105,-12.653,-8.8426,-6.162|-0.430|-1.846|-4.215,-6.1619,-5.5683,49,1, the,3.2642
Nelson Mandela,citizenship,name_lens,6-8,subject_all,7, of,0,15,-12.8285,0.691,-3.8105,-6.5973,-2.7869,-0.591|-0.170|-1.842|-3.994,-0.5912,0.0024,1,0, South,0.0122
Nelson Mandela,citizenship,name_lens,6-8,subject_all,0,<|startoftext|>,0,16,-12.8285,0.0,-3.8105,-12.8285,-9.018,-6.286|-0.394|-1.928|-4.220,-6.2865,-5.6929,60,1, the,3.3747
Nelson Mandela,citizenship,name_lens,6-8,subject_all,1,Nel,1,16,-12.8285,0.0485,-3.8105,-12.3907,-8.5802,-6.221|-0.355|-1.915|-3.901,-6.2205,-5.6269,54,1, the,3.3139
Nelson Mandela,citizenship,name_lens,6-8,subject_all,2,son,1,16,-12.8285,0.0108,-3.8105,-12.7312,-8.9207,-6.236|-0.388|-1.932|-4.176,-6.2358,-5.6422,54,1, the,3.3391
Nelson Mandela,citizenship,name_lens,6-8,subject_all,3, Mandela,1,16,-12.8285,0.0321,-3.8105,-12.5392,-8.7288,-6.049|-0.329|-1.931|-4.231,-6.0492,-5.4556,45,1, the,3.2304
Nelson Mandela,citizenship,name_lens,6-8,subject_all,4, was,0,16,-12.8285,0.0881,-3.8105,-12.034,-8.2236,-5.953|-0.391|-1.715|-3.975,-5.9529,-5.3593,42,1, the,3.1237
Nelson Mandela,citizenship,name_lens,6-8,subject_all,5, a,0,16,-12.8285,0.0419,-3.8105,-12.4508,-8.6403,-6.152|-0.370|-1.890|-4.038,-6.1522,-5.5586,50,1, the,3.2905
Nelson Mandela,citizenship,name_lens,6-8,subject_all,6, citizen,0,16,-12.8285,0.0443,-3.8105,-12.4292,-8.6188,-6.180|-0.437|-1.873|-3.939,-6.18,-5.5864,49,1, the,3.2613
Nelson Mandela,citizenship,name_lens,6-8,subject_all,7, of,0,16,-12.8285,0.6764,-3.8105,-6.7287,-2.9182,-0.555|-0.163|-1.804|-4.207,-0.555,0.0386,1,0, South,0.0063
Nelson Mandela,citizenship,name_lens,6-8,subject_all,0,<|startoftext|>,0,17,-12.8285,0.0,-3.8105,-12.8285,-9.018,-6.286|-0.394|-1.928|-4.220,-6.2865,-5.6929,60,1, the,3.3747
Nelson Mandela,citizenship,name_lens,6-8,subject_all,1,Nel,1,17,-12.8285,0.0368,-3.8105,-12.4965,-8.686,-6.229|-0.422|-1.948|-3.898,-6.2289,-5.6353,52,1, the,3.3206
Nelson Mandela,citizenship,name_lens,6-8,subject_all,2,son,1,17,-12.8285,-0.0006,-3.8105,-12.8342,-9.0238,-6.299|-0.390|-1.923|-4.223,-6.2985,-5.7049,61,1, the,3.3746
Nelson Mandela,citizenship,name_lens,6-8,subject_all,3, Mandela,1,17,-12.8285,0.0232,-3.8105,-12.619,-8.8085,-6.067|-0.335|-1.952|-4.265,-6.0673,-5.4736,47,1, the,3.239
Nelson Mandela,citizenship,name_lens,6-8,subject_all,4, was,0,17,-12.8285,0.0795,-3.8105,-12.1115,-8.301,-5.951|-0.394|-1.737|-4.029,-5.951,-5.3574,43,1, the,3.1269
Nelson Mandela,citizenship,name_lens,6-8,subject_all,5, a,0,17,-12.8285,0.0176,-3.8105,-12.6697,-8.8593,-6.127|-0.373|-1.891|-4.279,-6.1273,-5.5337,49,1, the,3.2733
Nelson Mandela,citizenship,name_lens,6-8,subject_all,6, citizen,0,17,-12.8285,0.0471,-3.8105,-12.4037,-8.5932,-6.202|-0.411|-1.850|-3.940,-6.2024,-5.6088,50,1, the,3.2791
Nelson Mandela,citizenship,name_lens,6-8,subject_all,7, of,0,17,-12.8285,0.6711,-3.8105,-6.7763,-2.9658,-0.573|-0.153|-1.840|-4.210,-0.5734,0.0202,1,0, South,0.0056
Nelson Mandela,citizenship,name_lens,6-8,subject_all,0,<|startoftext|>,0,18,-12.8285,0.0,-3.8105,-12.8285,-9.018,-6.286|-0.394|-1.928|-4.220,-6.2865,-5.6929,60,1, the,3.3747
Nelson Mandela,citizenship,name_lens,6-8,subject_all,1,Nel,1,18,-12.8285,-0.0104,-3.8105,-12.9221,-9.1117,-6.281|-0.397|-1.982|-4.263,-6.2811,-5.6875,59,1, the,3.3648
Nelson Mandela,citizenship,name_lens,6-8,subject_all,2,son,1,18,-12.8285,-0.0019,-3.8105,-12.8461,-9.0356,-6.322|-0.411|-1.943|-4.170,-6.3225,-5.7289,64,1, the,3.4004
Nelson Mandela,citizenship,name_lens,6-8,subject_all,3, Mandela,1,18,-12.8285,0.0018,-3.8105,-12.8121,-9.0017,-6.233|-0.371|-1.926|-4.281,-6.2335,-5.6399,51,1, the,3.3432
Nelson Mandela,citizenship,name_lens,6-8,subject_all,4, was,0,18,-12.8285,0.0491,-3.8105,-12.3855,-8.575,-6.143|-0.385|-1.791|-4.066,-6.143,-5.5494,51,1, the,3.268
Nelson Mandela,citizenship,name_lens,6-8,subject_all,5, a,0,18,-12.8285,0.0143,-3.8105,-12.6994,-8.889,-6.146|-0.399|-1.895|-4.260,-6.1459,-5.5523,50,1, the,3.2918
Nelson Mandela,citizenship,name_lens,6-8,subject_all,6, citizen,0,18,-12.8285,-0.012,-3.8105,-12.937,-9.1265,-6.367|-0.435|-1.888|-4.247,-6.3667,-5.7731,65,1, the,3.3917
Nelson Mandela,citizenship,name_lens,6-8,subject_all,7, of,0,18,-12.8285,0.6575,-3.8105,-6.8989,-3.0885,-0.606|-0.219|-1.863|-4.211,-0.6056,-0.012,1,0, South,0.0034
Nelson Mandela,citizenship,name_lens,6-8,subject_all,0,<|startoftext|>,0,19,-12.8285,0.0,-3.8105,-12.8285,-9.018,-6.286|-0.394|-1.928|-4.220,-6.2865,-5.6929,60,1, the,3.3747
Nelson Mandela,citizenship,name_lens,6-8,subject_all,1,Nel,1,19,-12.8285,-0.0118,-3.8105,-12.9352,-9.1247,-6.329|-0.418|-1.928|-4.260,-6.329,-5.7354,63,1, the,3.3957
Nelson Mandela,citizenship,name_lens,6-8,subject_all,2,son,1,19,-12.8285,-0.0042,-3.8105,-12.8666,-9.0562,-6.328|-0.411|-1.942|-4.187,-6.3276,-5.734,65,1, the,3.3969
Nelson Mandela,citizenship,name_lens,6-8,subject_all,3, Mandela,1,19,-12.8285,0.0053,-3.8105,-12.781,-8.9706,-6.260|-0.370|-1.934|-4.217,-6.2599,-5.6663,55,1, the,3.3624
Nelson Mandela,citizenship,name_lens,6-8,subject_all,4, was,0,19,-12.8285,0.0417,-3.8105,-12.4524,-8.6419,-6.182|-0.411|-1.786|-4.074,-6.1816,-5.588,53,1, the,3.2881
Nelson Mandela,citizenship,name_lens,6-8,subject_all,5, a,0,19,-12.8285,0.0213,-3.8105,-12.6369,-8.8264,-6.142|-0.377|-1.898|-4.220,-6.1424,-5.5488,50,1, the,3.2901
Nelson Mandela,citizenship,name_lens,6-8,subject_all,6, citizen,0,19,-12.8285,-0.0071,-3.8105,-12.8924,-9.082,-6.361|-0.448|-1.899|-4.184,-6.3606,-5.767,66,1, the,3.4046
Nelson Mandela,citizenship,name_lens,6-8,subject_all,7, of,0,19,-12.8285,0.6593,-3.8105,-6.8829,-3.0725,-0.575|-0.220|-1.857|-4.231,-0.5753,0.0183,1,0, South,0.0031
Nelson Mandela,citizenship,name_lens,6-8,subject_all,0,<|startoftext|>,0,20,-12.8285,0.0,-3.8105,-12.8285,-9.018,-6.286|-0.394|-1.928|-4.220,-6.2865,-5.6929,60,1, the,3.3747
Nelson Mandela,citizenship,name_lens,6-8,subject_all,1,Nel,1,20,-12.8285,-0.0019,-3.8105,-12.8454,-9.035,-6.254|-0.415|-1.926|-4.250,-6.2544,-5.6608,56,1, the,3.3597
Nelson Mandela,citizenship,name_lens,6-8,subject_all,2,son,1,20,-12.8285,-0.0061,-3.8105,-12.8835,-9.073,-6.319|-0.408|-1.923|-4.233,-6.3191,-5.7255,63,1, the,3.3996
Nelson Mandela,citizenship,name_lens,6-8,subject_all,3, Mandela,1,20,-12.8285,0.0001,-3.8105,-12.8275,-9.0171,-6.258|-0.368|-1.927|-4.274,-6.2583,-5.6647,55,1, the,3.3653
Nelson Mandela,citizenship,name_lens,6-8,subject_all,4, was,0,20,-12.8285,0.0325,-3.8105,-12.5359,-8.7254,-6.077|-0.393|-1.870|-4.196,-6.0768,-5.4832,50,1, the,3.2463
Nelson Mandela,citizenship,name_lens,6-8,subject_all,5, a,0,20,-12.8285,0.0119,-3.8105,-12.7215,-8.911,-6.152|-0.399|-1.892|-4.278,-6.152,-5.5584,51,1, the,3.2962
Nelson Mandela,citizenship,name_lens,6-8,subject_all,6, citizen,0,20,-12.8285,-0.0295,-3.8105,-13.0943,-9.2839,-6.421|-0.458|-1.930|-4.285,-6.4208,-5.8272,71,1, the,3.4565
Nelson Mandela,citizenship,name_lens,6-8,subject_all,7, of,0,20,-12.8285,0.641,-3.8105,-7.0484,-3.2379,-0.605|-0.240|-1.920|-4.283,-0.6048,-0.0112,1,0, South,0.0018
Nelson Mandela,citizenship,name_lens,6-8,subject_all,0,<|startoftext|>,0,21,-12.8285,0.0,-3.8105,-12.8285,-9.018,-6.286|-0.394|-1.928|-4.220,-6.2865,-5.6929,60,1, the,3.3747
Nelson Mandela,citizenship,name_lens,6-8,subject_all,1,Nel,1,21,-12.8285,-0.0067,-3.8105,-12.8891,-9.0786,-6.284|-0.413|-1.928|-4.264,-6.2837,-5.6901,60,1, the,3.3785
Nelson Mandela,citizenship,name_lens,6-8,subject_all,2,son,1,21,-12.8285,-0.0012,-3.8105,-12.839,-9.0285,-6.321|-0.387|-1.926|-4.204,-6.3214,-5.7278,63,1, the,3.3943
Nelson Mandela,citizenship,name_lens,6-8,subject_all,3, Mandela,1,21,-12.8285,-0.0244,-3.8105,-13.0487,-9.2383,-6.410|-0.401|-1.974|-4.264,-6.41,-5.8164,72,1, the,3.4559
Nelson Mandela,citizenship,name_lens,6-8,subject_all,4, was,0,21,-12.8285,0.0079,-3.8105,-12.7575,-8.947,-6.179|-0.400|-1.933|-4.245,-6.1793,-5.5857,58,1, the,3.3021
Nelson Mandela,citizenship,name_lens,6-8,subject_all,5, a,0,21,-12.8285,0.009,-3.8105,-12.7469,-8.9365,-6.205|-0.379|-1.941|-4.222,-6.205,-5.6114,54,1, the,3.3278
Nelson Mandela,citizenship,name_lens,6-8,subject_all,6, citizen,0,21,-12.8285,-0.0307,-3.8105,-13.1056,-9.2951,-6.457|-0.457|-1.930|-4.261,-6.4575,-5.8639,73,1, the,3.4767
Nelson Mandela,citizenship,name_lens,6-8,subject_all,7, of,0,21,-12.8285,0.6469,-3.8105,-6.9951,-3.1846,-0.549|-0.265|-1.910|-4.272,-0.5488,0.0448,1,0, South,0.0026
Nelson Mandela,citizenship,name_lens,6-8,subject_all,0,<|startoftext|>,0,22,-12.8285,0.0,-3.8105,-12.8285,-9.018,-6.286|-0.394|-1.928|-4.220,-6.2865,-5.6929,60,1, the,3.3747
Nelson Mandela,citizenship,name_lens,6-8,subject_all,1,Nel,1,22,-12.8285,-0.0043,-3.8105,-12.8676,-9.0571,-6.259|-0.414|-1.931|-4.263,-6.259,-5.6654,56,1, the,3.3604
Nelson Mandela,citizenship,name_lens,6-8,subject_all,2,son,1,22,-12.8285,-0.0095,-3.8105,-12.9146,-9.1041,-6.319|-0.403|-1.924|-4.269,-6.3191,-5.7255,64,1, the,3.3927
Nelson Mandela,citizenship,name_lens,6-8,subject_all,3, Mandela,1,22,-12.8285,-0.0249,-3.8105,-13.0529,-9.2425,-6.404|-0.397|-1.919|-4.332,-6.4044,-5.8108,72,1, the,3.4436
Nelson Mandela,citizenship,name_lens,6-8,subject_all,4, was,0,22,-12.8285,-0.0049,-3.8105,-12.8731,-9.0627,-6.223|-0.404|-1.955|-4.291,-6.2228,-5.6292,54,1, the,3.3298
Nelson Mandela,citizenship,name_lens,6-8,subject_all,5, a,0,22,-12.8285,0.0091,-3.8105,-12.7462,-8.9357,-6.190|-0.400|-1.914|-4.242,-6.1898,-5.5962,53,1, the,3.3226
Nelson Mandela,citizenship,name_lens,6-8,subject_all,6, citizen,0,22,-12.8285,-0.009,-3.8105,-12.9099,-9.0994,-6.309|-0.421|-1.917|-4.262,-6.3094,-5.7158,64,1, the,3.3896
Nelson Mandela,citizenship,name_lens,6-8,subject_all,7, of,0,22,-12.8285,0.6413,-3.8105,-7.045,-3.2346,-0.599|-0.253|-1.904|-4.289,-0.5985,-0.0049,1,0, South,0.0007
Nelson Mandela,copy_first_name,name_lens,6-8,subject_all,-1,,,-1,-5.1861,,-5.001,-5.1861,-0.1851,-2.012|-1.000|-0.939|-1.235,-2.0116,-0.0369,1,0, Nelson,0.0642
Nelson Mandela,copy_first_name,name_lens,6-8,subject_all,0,<|startoftext|>,0,0,-5.1861,,-5.001,-5.1861,-0.1851,-2.012|-1.000|-0.939|-1.235,-2.0116,-0.0369,1,0, Nelson,0.0642
Nelson Mandela,copy_first_name,name_lens,6-8,subject_all,1,The,0,0,-5.1861,,-5.001,-5.1861,-0.1851,-2.012|-1.000|-0.939|-1.235,-2.0116,-0.0369,1,0, Nelson,0.0642
Nelson Mandela,copy_first_name,name_lens,6-8,subject_all,2, first,0,0,-5.1861,,-5.001,-5.1861,-0.1851,-2.012|-1.000|-0.939|-1.235,-2.0116,-0.0369,1,0, Nelson,0.0642
Nelson Mandela,copy_first_name,name_lens,6-8,subject_all,3, name,0,0,-5.1861,,-5.001,-5.1861,-0.1851,-2.012|-1.000|-0.939|-1.235,-2.0116,-0.0369,1,0, Nelson,0.0642
Nelson Mandela,copy_first_name,name_lens,6-8,subject_all,4, of,0,0,-5.1861,,-5.001,-5.1861,-0.1851,-2.012|-1.000|-0.939|-1.235,-2.0116,-0.0369,1,0, Nelson,0.0642
Nelson Mandela,copy_first_name,name_lens,6-8,subject_all,5, Nelson,1,0,-5.1861,,-5.001,-5.1861,-0.1851,-2.012|-1.000|-0.939|-1.235,-2.0116,-0.0369,1,0, Nelson,0.0642
Nelson Mandela,copy_first_name,name_lens,6-8,subject_all,6, Mandela,1,0,-5.1861,,-5.001,-5.1861,-0.1851,-2.012|-1.000|-0.939|-1.235,-2.0116,-0.0369,1,0, Nelson,0.0642
Nelson Mandela,copy_first_name,name_lens,6-8,subject_all,7, is,0,0,-5.1861,,-5.001,-5.1861,-0.1851,-2.012|-1.000|-0.939|-1.235,-2.0116,-0.0369,1,0, Nelson,0.0642
Nelson Mandela,copy_first_name,name_lens,6-8,subject_all,0,<|startoftext|>,0,1,-5.1861,,-5.001,-5.1861,-0.1851,-2.012|-1.000|-0.939|-1.235,-2.0116,-0.0369,1,0, Nelson,0.0642
Nelson Mandela,copy_first_name,name_lens,6-8,subject_all,1,The,0,1,-5.1861,,-5.001,-5.1861,-0.1851,-2.012|-1.000|-0.939|-1.235,-2.0116,-0.0369,1,0, Nelson,0.0642
Nelson Mandela,copy_first_name,name_lens,6-8,subject_all,2, first,0,1,-5.1861,,-5.001,-5.1861,-0.1851,-2.012|-1.000|-0.939|-1.235,-2.0116,-0.0369,1,0, Nelson,0.0642
Nelson Mandela,copy_first_name,name_lens,6-8,subject_all,3, name,0,1,-5.1861,,-5.001,-5.1861,-0.1851,-2.012|-1.000|-0.939|-1.235,-2.0116,-0.0369,1,0, Nelson,0.0642
Nelson Mandela,copy_first_name,name_lens,6-8,subject_all,4, of,0,1,-5.1861,,-5.001,-5.1861,-0.1851,-2.012|-1.000|-0.939|-1.235,-2.0116,-0.0369,1,0, Nelson,0.0642
Nelson Mandela,copy_first_name,name_lens,6-8,subject_all,5, Nelson,1,1,-5.1861,,-5.001,-5.1861,-0.1851,-2.012|-1.000|-0.939|-1.235,-2.0116,-0.0369,1,0, Nelson,0.0642
Nelson Mandela,copy_first_name,name_lens,6-8,subject_all,6, Mandela,1,1,-5.1861,,-5.001,-5.1861,-0.1851,-2.012|-1.000|-0.939|-1.235,-2.0116,-0.0369,1,0, Nelson,0.0642
Nelson Mandela,copy_first_name,name_lens,6-8,subject_all,7, is,0,1,-5.1861,,-5.001,-5.1861,-0.1851,-2.012|-1.000|-0.939|-1.235,-2.0116,-0.0369,1,0, Nelson,0.0642
Nelson Mandela,copy_first_name,name_lens,6-8,subject_all,0,<|startoftext|>,0,2,-5.1861,,-5.001,-5.1861,-0.1851,-2.012|-1.000|-0.939|-1.235,-2.0116,-0.0369,1,0, Nelson,0.0642
Nelson Mandela,copy_first_name,name_lens,6-8,subject_all,1,The,0,2,-5.1861,,-5.001,-5.1861,-0.1851,-2.012|-1.000|-0.939|-1.235,-2.0116,-0.0369,1,0, Nelson,0.0642
Nelson Mandela,copy_first_name,name_lens,6-8,subject_all,2, first,0,2,-5.1861,,-5.001,-5.1861,-0.1851,-2.012|-1.000|-0.939|-1.235,-2.0116,-0.0369,1,0, Nelson,0.0642
Nelson Mandela,copy_first_name,name_lens,6-8,subject_all,3, name,0,2,-5.1861,,-5.001,-5.1861,-0.1851,-2.012|-1.000|-0.939|-1.235,-2.0116,-0.0369,1,0, Nelson,0.0642
Nelson Mandela,copy_first_name,name_lens,6-8,subject_all,4, of,0,2,-5.1861,,-5.001,-5.1861,-0.1851,-2.012|-1.000|-0.939|-1.235,-2.0116,-0.0369,1,0, Nelson,0.0642
Nelson Mandela,copy_first_name,name_lens,6-8,subject_all,5, Nelson,1,2,-5.1861,,-5.001,-5.1861,-0.1851,-2.012|-1.000|-0.939|-1.235,-2.0116,-0.0369,1,0, Nelson,0.0642
Nelson Mandela,copy_first_name,name_lens,6-8,subject_all,6, Mandela,1,2,-5.1861,,-5.001,-5.1861,-0.1851,-2.012|-1.000|-0.939|-1.235,-2.0116,-0.0369,1,0, Nelson,0.0642
Nelson Mandela,copy_first_name,name_lens,6-8,subject_all,7, is,0,2,-5.1861,,-5.001,-5.1861,-0.1851,-2.012|-1.000|-0.939|-1.235,-2.0116,-0.0369,1,0, Nelson,0.0642
Nelson Mandela,copy_first_name,name_lens,6-8,subject_all,0,<|startoftext|>,0,3,-5.1861,,-5.001,-5.1861,-0.1851,-2.012|-1.000|-0.939|-1.235,-2.0116,-0.0369,1,0, Nelson,0.0642
Nelson Mandela,copy_first_name,name_lens,6-8,subject_all,1,The,0,3,-5.1861,,-5.001,-5.1861,-0.1851,-2.012|-1.000|-0.939|-1.235,-2.0116,-0.0369,1,0, Nelson,0.0642
Nelson Mandela,copy_first_name,name_lens,6-8,subject_all,2, first,0,3,-5.1861,,-5.001,-5.1861,-0.1851,-2.012|-1.000|-0.939|-1.235,-2.0116,-0.0369,1,0, Nelson,0.0642
Nelson Mandela,copy_first_name,name_lens,6-8,subject_all,3, name,0,3,-5.1861,,-5.001,-5.1861,-0.1851,-2.012|-1.000|-0.939|-1.235,-2.0116,-0.0369,1,0, Nelson,0.0642
Nelson Mandela,copy_first_name,name_lens,6-8,subject_all,4, of,0,3,-5.1861,,-5.001,-5.1861,-0.1851,-2.012|-1.000|-0.939|-1.235,-2.0116,-0.0369,1,0, Nelson,0.0642
Nelson Mandela,copy_first_name,name_lens,6-8,subject_all,5, Nelson,1,3,-5.1861,,-5.001,-5.1861,-0.1851,-2.012|-1.000|-0.939|-1.235,-2.0116,-0.0369,1,0, Nelson,0.0642
Nelson Mandela,copy_first_name,name_lens,6-8,subject_all,6, Mandela,1,3,-5.1861,,-5.001,-5.1861,-0.1851,-2.012|-1.000|-0.939|-1.235,-2.0116,-0.0369,1,0, Nelson,0.0642
Nelson Mandela,copy_first_name,name_lens,6-8,subject_all,7, is,0,3,-5.1861,,-5.001,-5.1861,-0.1851,-2.012|-1.000|-0.939|-1.235,-2.0116,-0.0369,1,0, Nelson,0.0642
Nelson Mandela,copy_first_name,name_lens,6-8,subject_all,0,<|startoftext|>,0,4,-5.1861,,-5.001,-5.1861,-0.1851,-2.012|-1.000|-0.939|-1.235,-2.0116,-0.0369,1,0, Nelson,0.0642
Nelson Mandela,copy_first_name,name_lens,6-8,subject_all,1,The,0,4,-5.1861,,-5.001,-5.1861,-0.1851,-2.012|-1.000|-0.939|-1.235,-2.0116,-0.0369,1,0, Nelson,0.0642
Nelson Mandela,copy_first_name,name_lens,6-8,subject_all,2, first,0,4,-5.1861,,-5.001,-5.1861,-0.1851,-2.012|-1.000|-0.939|-1.235,-2.0116,-0.0369,1,0, Nelson,0.0642
Nelson Mandela,copy_first_name,name_lens,6-8,subject_all,3, name,0,4,-5.1861,,-5.001,-5.1861,-0.1851,-2.012|-1.000|-0.939|-1.235,-2.0116,-0.0369,1,0, Nelson,0.0642
Nelson Mandela,copy_first_name,name_lens,6-8,subject_all,4, of,0,4,-5.1861,,-5.001,-5.1861,-0.1851,-2.012|-1.000|-0.939|-1.235,-2.0116,-0.0369,1,0, Nelson,0.0642
Nelson Mandela,copy_first_name,name_lens,6-8,subject_all,5, Nelson,1,4,-5.1861,,-5.001,-5.1861,-0.1851,-2.012|-1.000|-0.939|-1.235,-2.0116,-0.0369,1,0, Nelson,0.0642
Nelson Mandela,copy_first_name,name_lens,6-8,subject_all,6, Mandela,1,4,-5.1861,,-5.001,-5.1861,-0.1851,-2.012|-1.000|-0.939|-1.235,-2.0116,-0.0369,1,0, Nelson,0.0642
Nelson Mandela,copy_first_name,name_lens,6-8,subject_all,7, is,0,4,-5.1861,,-5.001,-5.1861,-0.1851,-2.012|-1.000|-0.939|-1.235,-2.0116,-0.0369,1,0, Nelson,0.0642
Nelson Mandela,copy_first_name,name_lens,6-8,subject_all,0,<|startoftext|>,0,5,-5.1861,,-5.001,-5.1861,-0.1851,-2.012|-1.000|-0.939|-1.235,-2.0116,-0.0369,1,0, Nelson,0.0642
Nelson Mandela,copy_first_name,name_lens,6-8,subject_all,1,The,0,5,-5.1861,,-5.001,-5.1861,-0.1851,-2.012|-1.000|-0.939|-1.235,-2.0116,-0.0369,1,0, Nelson,0.0642
Nelson Mandela,copy_first_name,name_lens,6-8,subject_all,2, first,0,5,-5.1861,,-5.001,-5.1861,-0.1851,-2.012|-1.000|-0.939|-1.235,-2.0116,-0.0369,1,0, Nelson,0.0642
Nelson Mandela,copy_first_name,name_lens,6-8,subject_all,3, name,0,5,-5.1861,,-5.001,-5.1861,-0.1851,-2.012|-1.000|-0.939|-1.235,-2.0116,-0.0369,1,0, Nelson,0.0642
Nelson Mandela,copy_first_name,name_lens,6-8,subject_all,4, of,0,5,-5.1861,,-5.001,-5.1861,-0.1851,-2.012|-1.000|-0.939|-1.235,-2.0116,-0.0369,1,0, Nelson,0.0642
Nelson Mandela,copy_first_name,name_lens,6-8,subject_all,5, Nelson,1,5,-5.1861,,-5.001,-5.1861,-0.1851,-2.012|-1.000|-0.939|-1.235,-2.0116,-0.0369,1,0, Nelson,0.0642
Nelson Mandela,copy_first_name,name_lens,6-8,subject_all,6, Mandela,1,5,-5.1861,,-5.001,-5.1861,-0.1851,-2.012|-1.000|-0.939|-1.235,-2.0116,-0.0369,1,0, Nelson,0.0642
Nelson Mandela,copy_first_name,name_lens,6-8,subject_all,7, is,0,5,-5.1861,,-5.001,-5.1861,-0.1851,-2.012|-1.000|-0.939|-1.235,-2.0116,-0.0369,1,0, Nelson,0.0642
Nelson Mandela,copy_first_name,name_lens,6-8,subject_all,0,<|startoftext|>,0,6,-5.1861,,-5.001,-5.1861,-0.1851,-2.012|-1.000|-0.939|-1.235,-2.0116,-0.0369,1,0, Nelson,0.0642
Nelson Mandela,copy_first_name,name_lens,6-8,subject_all,1,The,0,6,-5.1861,,-5.001,-5.1861,-0.1851,-2.012|-1.000|-0.939|-1.235,-2.0116,-0.0369,1,0, Nelson,0.0642
Nelson Mandela,copy_first_name,name_lens,6-8,subject_all,2, first,0,6,-5.1861,,-5.001,-5.1861,-0.1851,-2.012|-1.000|-0.939|-1.235,-2.0116,-0.0369,1,0, Nelson,0.0642
Nelson Mandela,copy_first_name,name_lens,6-8,subject_all,3, name,0,6,-5.1861,,-5.001,-5.1861,-0.1851,-2.012|-1.000|-0.939|-1.235,-2.0116,-0.0369,1,0, Nelson,0.0642
Nelson Mandela,copy_first_name,name_lens,6-8,subject_all,4, of,0,6,-5.1861,,-5.001,-5.1861,-0.1851,-2.012|-1.000|-0.939|-1.235,-2.0116,-0.0369,1,0, Nelson,0.0642
Nelson Mandela,copy_first_name,name_lens,6-8,subject_all,5, Nelson,1,6,-5.1861,,-5.001,-5.4133,-0.4124,-2.165|-0.987|-0.964|-1.297,-2.1654,-0.1908,1,0, Nelson,0.0488
Nelson Mandela,copy_first_name,name_lens,6-8,subject_all,6, Mandela,1,6,-5.1861,,-5.001,-4.8703,0.1307,-1.815|-0.949|-0.934|-1.172,-1.8152,0.1594,1,0, Nelson,0.0756
Nelson Mandela,copy_first_name,name_lens,6-8,subject_all,7, is,0,6,-5.1861,,-5.001,-5.1861,-0.1851,-2.012|-1.000|-0.939|-1.235,-2.0116,-0.0369,1,0, Nelson,0.0642
Nelson Mandela,copy_first_name,name_lens,6-8,subject_all,0,<|startoftext|>,0,7,-5.1861,,-5.001,-5.1861,-0.1851,-2.012|-1.000|-0.939|-1.235,-2.0116,-0.0369,1,0, Nelson,0.0642
Nelson Mandela,copy_first_name,name_lens,6-8,subject_all,1,The,0,7,-5.1861,,-5.001,-5.1861,-0.1851,-2.012|-1.000|-0.939|-1.235,-2.0116,-0.0369,1,0, Nelson,0.0642
Nelson Mandela,copy_first_name,name_lens,6-8,subject_all,2, first,0,7,-5.1861,,-5.001,-5.1861,-0.1851,-2.012|-1.000|-0.939|-1.235,-2.0116,-0.0369,1,0, Nelson,0.0642
Nelson Mandela,copy_first_name,name_lens,6-8,subject_all,3, name,0,7,-5.1861,,-5.001,-5.1861,-0.1851,-2.012|-1.000|-0.939|-1.235,-2.0116,-0.0369,1,0, Nelson,0.0642
Nelson Mandela,copy_first_name,name_lens,6-8,subject_all,4, of,0,7,-5.1861,,-5.001,-5.1861,-0.1851,-2.012|-1.000|-0.939|-1.235,-2.0116,-0.0369,1,0, Nelson,0.0642
Nelson Mandela,copy_first_name,name_lens,6-8,subject_all,5, Nelson,1,7,-5.1861,,-5.001,-5.1153,-0.1143,-1.978|-0.982|-0.938|-1.217,-1.9782,-0.0036,1,0, Nelson,0.0611
Nelson Mandela,copy_first_name,name_lens,6-8,subject_all,6, Mandela,1,7,-5.1861,,-5.001,-5.4225,-0.4215,-2.131|-0.968|-0.989|-1.334,-2.131,-0.1563,1,0, Nelson,0.0484
Nelson Mandela,copy_first_name,name_lens,6-8,subject_all,7, is,0,7,-5.1861,,-5.001,-5.0664,-0.0654,-1.967|-0.992|-0.929|-1.179,-1.9666,0.008,1,0, Nelson,0.0518
Nelson Mandela,copy_first_name,name_lens,6-8,subject_all,0,<|startoftext|>,0,8,-5.1861,,-5.001,-5.1861,-0.1851,-2.012|-1.000|-0.939|-1.235,-2.0116,-0.0369,1,0, Nelson,0.0642
Nelson Mandela,copy_first_name,name_lens,6-8,subject_all,1,The,0,8,-5.1861,,-5.001,-5.1861,-0.1851,-2.012|-1.000|-0.939|-1.235,-2.0116,-0.0369,1,0, Nelson,0.0642
Nelson Mandela,copy_first_name,name_lens,6-8,subject_all,2, first,0,8,-5.1861,,-5.001,-5.1861,-0.1851,-2.012|-1.000|-0.939|-1.235,-2.0116,-0.0369,1,0, Nelson,0.0642
Nelson Mandela,copy_first_name,name_lens,6-8,subject_all,3, name,0,8,-5.1861,,-5.001,-5.1861,-0.1851,-2.012|-1.000|-0.939|-1.235,-2.0116,-0.0369,1,0, Nelson,0.0642
Nelson Mandela,copy_first_name,name_lens,6-8,subject_all,4, of,0,8,-5.1861,,-5.001,-5.1861,-0.1851,-2.012|-1.000|-0.939|-1.235,-2.0116,-0.0369,1,0, Nelson,0.0642
Nelson Mandela,copy_first_name,name_lens,6-8,subject_all,5, Nelson,1,8,-5.1861,,-5.001,-5.0685,-0.0676,-1.907|-0.961|-0.952|-1.248,-1.9074,0.0672,1,0, Nelson,0.0512
Nelson Mandela,copy_first_name,name_lens,6-8,subject_all,6, Mandela,1,8,-5.1861,,-5.001,-5.6801,-0.6791,-2.472|-0.950|-0.906|-1.352,-2.4721,-0.4975,1,1,?,0.0345
Nelson Mandela,copy_first_name,name_lens,6-8,subject_all,7, is,0,8,-5.1861,,-5.001,-5.3817,-0.3807,-2.191|-0.955|-0.996|-1.239,-2.1911,-0.2165,1,0, Nelson,0.0428
Nelson Mandela,copy_first_name,name_lens,6-8,subject_all,0,<|startoftext|>,0,9,-5.1861,,-5.001,-5.1861,-0.1851,-2.012|-1.000|-0.939|-1.235,-2.0116,-0.0369,1,0, Nelson,0.0642
Nelson Mandela,copy_first_name,name_lens,6-8,subject_all,1,The,0,9,-5.1861,,-5.001,-5.1861,-0.1851,-2.012|-1.000|-0.939|-1.235,-2.0116,-0.0369,1,0, Nelson,0.0642
Nelson Mandela,copy_first_name,name_lens,6-8,subject_all,2, first,0,9,-5.1861,,-5.001,-5.1861,-0.1851,-2.012|-1.000|-0.939|-1.235,-2.0116,-0.0369,1,0, Nelson,0.0642
Nelson Mandela,copy_first_name,name_lens,6-8,subject_all,3, name,0,9,-5.1861,,-5.001,-5.1861,-0.1851,-2.012|-1.000|-0.939|-1.235,-2.0116,-0.0369,1,0, Nelson,0.0642
Nelson Mandela,copy_first_name,name_lens,6-8,subject_all,4, of,0,9,-5.1861,,-5.001,-5.1861,-0.1851,-2.012|-1.000|-0.939|-1.235,-2.0116,-0.0369,1,0, Nelson,0.0642
Nelson Mandela,copy_first_name,name_lens,6-8,subject_all,5, Nelson,1,9,-5.1861,,-5.001,-5.2276,-0.2267,-2.216|-0.973|-0.912|-1.126,-2.2163,-0.2417,1,0, Nelson,0.0329
Nelson Mandela,copy_first_name,name_lens,6-8,subject_all,6, Mandela,1,9,-5.1861,,-5.001,-5.1215,-0.1205,-1.963|-0.936|-0.900|-1.322,-1.9631,0.0115,1,0, Nelson,0.0503
Nelson Mandela,copy_first_name,name_lens,6-8,subject_all,7, is,0,9,-5.1861,,-5.001,-5.5591,-0.5581,-2.443|-0.915|-0.952|-1.249,-2.443,-0.4684,1,0, Nelson,0.0365
Nelson Mandela,copy_first_name,name_lens,6-8,subject_all,0,<|startoftext|>,0,10,-5.1861,,-5.001,-5.1861,-0.1851,-2.012|-1.000|-0.939|-1.235,-2.0116,-0.0369,1,0, Nelson,0.0642
Nelson Mandela,copy_first_name,name_lens,6-8,subject_all,1,The,0,10,-5.1861,,-5.001,-5.1861,-0.1851,-2.012|-1.000|-0.939|-1.235,-2.0116,-0.0369,1,0, Nelson,0.0642
Nelson Mandela,copy_first_name,name_lens,6-8,subject_all,2, first,0,10,-5.1861,,-5.001,-5.1861,-0.1851,-2.012|-1.000|-0.939|-1.235,-2.0116,-0.0369,1,0, Nelson,0.0642
Nelson Mandela,copy_first_name,name_lens,6-8,subject_all,3, name,0,10,-5.1861,,-5.001,-5.1861,-0.1851,-2.012|-1.000|-0.939|-1.235,-2.0116,-0.0369,1,0, Nelson,0.0642
Nelson Mandela,copy_first_name,name_lens,6-8,subject_all,4, of,0,10,-5.1861,,-5.001,-5.1861,-0.1851,-2.012|-1.000|-0.939|-1.235,-2.0116,-0.0369,1,0, Nelson,0.0642
Nelson Mandela,copy_first_name,name_lens,6-8,subject_all,5, Nelson,1,10,-5.1861,,-5.001,-5.3627,-0.3618,-2.048|-1.006|-0.956|-1.353,-2.0475,-0.0729,1,0, Nelson,0.0425
Nelson Mandela,copy_first_name,name_lens,6-8,subject_all,6, Mandela,1,10,-5.1861,,-5.001,-5.1664,-0.1655,-1.951|-0.977|-0.913|-1.325,-1.9514,0.0232,1,0, Nelson,0.0294
Nelson Mandela,copy_first_name,name_lens,6-8,subject_all,7, is,0,10,-5.1861,,-5.001,-5.4347,-0.4337,-2.342|-0.899|-0.950|-1.243,-2.3424,-0.3678,1,0, Nelson,0.0524
Nelson Mandela,copy_first_name,name_lens,6-8,subject_all,0,<|startoftext|>,0,11,-5.1861,,-5.001,-5.1861,-0.1851,-2.012|-1.000|-0.939|-1.235,-2.0116,-0.0369,1,0, Nelson,0.0642
Nelson Mandela,copy_first_name,name_lens,6-8,subject_all,1,The,0,11,-5.1861,,-5.001,-5.1861,-0.1851,-2.012|-1.000|-0.939|-1.235,-2.0116,-0.0369,1,0, Nelson,0.0642
Nelson Mandela,copy_first_name,name_lens,6-8,subject_all,2, first,0,11,-5.1861,,-5.001,-5.1861,-0.1851,-2.012|-1.000|-0.939|-1.235,-2.0116,-0.0369,1,0, Nelson,0.0642
Nelson Mandela,copy_first_name,name_lens,6-8,subject_all,3, name,0,11,-5.1861,,-5.001,-5.1861,-0.1851,-2.012|-1.000|-0.939|-1.235,-2.0116,-0.0369,1,0, Nelson,0.0642
Nelson Mandela,copy_first_name,name_lens,6-8,subject_all,4, of,0,11,-5.1861,,-5.001,-5.1861,-0.1851,-2.012|-1.000|-0.939|-1.235,-2.0116,-0.0369,1,0, Nelson,0.0642
Nelson Mandela,copy_first_name,name_lens,6-8,subject_all,5, Nelson,1,11,-5.1861,,-5.001,-5.2104,-0.2094,-2.141|-0.978|-0.949|-1.143,-2.1406,-0.166,1,0, Nelson,0.0331
Nelson Mandela,copy_first_name,name_lens,6-8,subject_all,6, Mandela,1,11,-5.1861,,-5.001,-4.9606,0.0404,-1.890|-0.920|-0.890|-1.261,-1.8898,0.0848,1,0, Nelson,0.0495
Nelson Mandela,copy_first_name,name_lens,6-8,subject_all,7, is,0,11,-5.1861,,-5.001,-5.8215,-0.8205,-2.664|-0.900|-0.952|-1.306,-2.6637,-0.6891,2,1,?,0.0483
Nelson Mandela,copy_first_name,name_lens,6-8,subject_all,0,<|startoftext|>,0,12,-5.1861,,-5.001,-5.1861,-0.1851,-2.012|-1.000|-0.939|-1.235,-2.0116,-0.0369,1,0, Nelson,0.0642
Nelson Mandela,copy_first_name,name_lens,6-8,subject_all,1,The,0,12,-5.1861,,-5.001,-5.1861,-0.1851,-2.012|-1.000|-0.939|-1.235,-2.0116,-0.0369,1,0, Nelson,0.0642
Nelson Mandela,copy_first_name,name_lens,6-8,subject_all,2, first,0,12,-5.1861,,-5.001,-5.1861,-0.1851,-2.012|-1.000|-0.939|-1.235,-2.0116,-0.0369,1,0, Nelson,0.0642
Nelson Mandela,copy_first_name,name_lens,6-8,subject_all,3, name,0,12,-5.1861,,-5.001,-5.1861,-0.1851,-2.012|-1.000|-0.939|-1.235,-2.0116,-0.0369,1,0, Nelson,0.0642
Nelson Mandela,copy_first_name,name_lens,6-8,subject_all,4, of,0,12,-5.1861,,-5.001,-5.1861,-0.1851,-2.012|-1.000|-0.939|-1.235,-2.0116,-0.0369,1,0, Nelson,0.0642
Nelson Mandela,copy_first_name,name_lens,6-8,subject_all,5, Nelson,1,12,-5.1861,,-5.001,-5.2805,-0.2795,-2.186|-1.019|-0.946|-1.131,-2.1856,-0.211,1,0, Nelson,0.0344
Nelson Mandela,copy_first_name,name_lens,6-8,subject_all,6, Mandela,1,12,-5.1861,,-5.001,-5.1151,-0.1141,-1.955|-0.991|-0.863|-1.306,-1.9547,0.0199,1,0, Nelson,0.0283
Nelson Mandela,copy_first_name,name_lens,6-8,subject_all,7, is,0,12,-5.1861,,-5.001,-5.8523,-0.8514,-2.708|-0.911|-0.949|-1.284,-2.7082,-0.7336,2,1,?,0.0498
Nelson Mandela,copy_first_name,name_lens,6-8,subject_all,0,<|startoftext|>,0,13,-5.1861,,-5.001,-5.1861,-0.1851,-2.012|-1.000|-0.939|-1.235,-2.0116,-0.0369,1,0, Nelson,0.0642
Nelson Mandela,copy_first_name,name_lens,6-8,subject_all,1,The,0,13,-5.1861,,-5.001,-5.1861,-0.1851,-2.012|-1.000|-0.939|-1.235,-2.0116,-0.0369,1,0, Nelson,0.0642
Nelson Mandela,copy_first_name,name_lens,6-8,subject_all,2, first,0,13,-5.1861,,-5.001,-5.1861,-0.1851,-2.012|-1.000|-0.939|-1.235,-2.0116,-0.0369,1,0, Nelson,0.0642
Nelson Mandela,copy_first_name,name_lens,6-8,subject_all,3, name,0,13,-5.1861,,-5.001,-5.1861,-0.1851,-2.012|-1.000|-0.939|-1.235,-2.0116,-0.0369,1,0, Nelson,0.0642
Nelson Mandela,copy_first_name,name_lens,6-8,subject_all,4, of,0,13,-5.1861,,-5.001,-5.1861,-0.1851,-2.012|-1.000|-0.939|-1.235,-2.0116,-0.0369,1,0, Nelson,0.0642
Nelson Mandela,copy_first_name,name_lens,6-8,subject_all,5, Nelson,1,13,-5.1861,,-5.001,-5.3049,-0.3039,-2.181|-0.970|-0.947|-1.207,-2.1812,-0.2065,1,0, Nelson,0.0339
Nelson Mandela,copy_first_name,name_lens,6-8,subject_all,6, Mandela,1,13,-5.1861,,-5.001,-5.352,-0.3511,-2.240|-0.922|-0.972|-1.218,-2.2397,-0.265,1,0, Nelson,0.0419
Nelson Mandela,copy_first_name,name_lens,6-8,subject_all,7, is,0,13,-5.1861,,-5.001,-5.4124,-0.4115,-2.260|-0.919|-0.950|-1.283,-2.2602,-0.2856,1,0, Nelson,0.0399
Nelson Mandela,copy_first_name,name_lens,6-8,subject_all,0,<|startoftext|>,0,14,-5.1861,,-5.001,-5.1861,-0.1851,-2.012|-1.000|-0.939|-1.235,-2.0116,-0.0369,1,0, Nelson,0.0642
Nelson Mandela,copy_first_name,name_lens,6-8,subject_all,1,The,0,14,-5.1861,,-5.001,-5.1861,-0.1851,-2.012|-1.000|-0.939|-1.235,-2.0116,-0.0369,1,0, Nelson,0.0642
Nelson Mandela,copy_first_name,name_lens,6-8,subject_all,2, first,0,14,-5.1861,,-5.001,-5.1861,-0.1851,-2.012|-1.000|-0.939|-1.235,-2.0116,-0.0369,1,0, Nelson,0.0642
Nelson Mandela,copy_first_name,name_lens,6-8,subject_all,3, name,0,14,-5.1861,,-5.001,-5.1861,-0.1851,-2.012|-1.000|-0.939|-1.235,-2.0116,-0.0369,1,0, Nelson,0.0642
Nelson Mandela,copy_first_name,name_lens,6-8,subject_all,4, of,0,14,-5.1861,,-5.001,-5.1861,-0.1851,-2.012|-1.000|-0.939|-1.235,-2.0116,-0.0369,1,0, Nelson,0.0642
Nelson Mandela,copy_first_name,name_lens,6-8,subject_all,5, Nelson,1,14,-5.1861,,-5.001,-5.3412,-0.3402,-2.088|-1.005|-0.990|-1.258,-2.0882,-0.1135,1,0, Nelson,0.0466
Nelson Mandela,copy_first_name,name_lens,6-8,subject_all,6, Mandela,1,14,-5.1861,,-5.001,-5.0811,-0.0801,-1.925|-0.902|-1.006|-1.247,-1.9252,0.0494,1,0, Nelson,0.0485
Nelson Mandela,copy_first_name,name_lens,6-8,subject_all,7, is,0,14,-5.1861,,-5.001,-5.3274,-0.3264,-2.144|-0.999|-0.962|-1.222,-2.1435,-0.1689,1,0, Nelson,0.0402
Nelson Mandela,copy_first_name,name_lens,6-8,subject_all,0,<|startoftext|>,0,15,-5.1861,,-5.001,-5.1861,-0.1851,-2.012|-1.000|-0.939|-1.235,-2.0116,-0.0369,1,0, Nelson,0.0642
Nelson Mandela,copy_first_name,name_lens,6-8,subject_all,1,The,0,15,-5.1861,,-5.001,-5.1861,-0.1851,-2.012|-1.000|-0.939|-1.235,-2.0116,-0.0369,1,0, Nelson,0.0642
Nelson Mandela,copy_first_name,name_lens,6-8,subject_all,2, first,0,15,-5.1861,,-5.001,-5.1861,-0.1851,-2.012|-1.000|-0.939|-1.235,-2.0116,-0.0369,1,0, Nelson,0.0642
Nelson Mandela,copy_first_name,name_lens,6-8,subject_all,3, name,0,15,-5.1861,,-5.001,-5.1861,-0.1851,-2.012|-1.000|-0.939|-1.235,-2.0116,-0.0369,1,0, Nelson,0.0642
Nelson Mandela,copy_first_name,name_lens,6-8,subject_all,4, of,0,15,-5.1861,,-5.001,-5.1861,-0.1851,-2.012|-1.000|-0.939|-1.235,-2.0116,-0.0369,1,0, Nelson,0.0642
Nelson Mandela,copy_first_name,name_lens,6-8,subject_all,5, Nelson,1,15,-5.1861,,-5.001,-5.3154,-0.3144,-2.125|-1.038|-0.931|-1.222,-2.1251,-0.1504,1,0, Nelson,0.0479
Nelson Mandela,copy_first_name,name_lens,6-8,subject_all,6, Mandela,1,15,-5.1861,,-5.001,-5.0249,-0.0239,-1.921|-0.997|-0.915|-1.192,-1.9209,0.0537,1,0, Nelson,0.0489
Nelson Mandela,copy_first_name,name_lens,6-8,subject_all,7, is,0,15,-5.1861,,-5.001,-5.1736,-0.1726,-2.103|-0.956|-0.914|-1.201,-2.1026,-0.128,1,0, Nelson,0.0402
Nelson Mandela,copy_first_name,name_lens,6-8,subject_all,0,<|startoftext|>,0,16,-5.1861,,-5.001,-5.1861,-0.1851,-2.012|-1.000|-0.939|-1.235,-2.0116,-0.0369,1,0, Nelson,0.0642
Nelson Mandela,copy_first_name,name_lens,6-8,subject_all,1,The,0,16,-5.1861,,-5.001,-5.1861,-0.1851,-2.012|-1.000|-0.939|-1.235,-2.0116,-0.0369,1,0, Nelson,0.0642
Nelson Mandela,copy_first_name,name_lens,6-8,subject_all,2, first,0,16,-5.1861,,-5.001,-5.1861,-0.1851,-2.012|-1.000|-0.939|-1.235,-2.0116,-0.0369,1,0, Nelson,0.0642
Nelson Mandela,copy_first_name,name_lens,6-8,subject_all,3, name,0,16,-5.1861,,-5.001,-5.1861,-0.1851,-2.012|-1.000|-0.939|-1.235,-2.0116,-0.0369,1,0, Nelson,0.0642
Nelson Mandela,copy_first_name,name_lens,6-8,subject_all,4, of,0,16,-5.1861,,-5.001,-5.1861,-0.1851,-2.012|-1.000|-0.939|-1.235,-2.0116,-0.0369,1,0, Nelson,0.0642
Nelson Mandela,copy_first_name,name_lens,6-8,subject_all,5, Nelson,1,16,-5.1861,,-5.001,-5.3162,-0.3152,-2.122|-1.008|-0.955|-1.232,-2.1218,-0.1472,1,0, Nelson,0.0497
Nelson Mandela,copy_first_name,name_lens,6-8,subject_all,6, Mandela,1,16,-5.1861,,-5.001,-5.0448,-0.0439,-1.913|-1.010|-0.926|-1.197,-1.9127,0.062,1,0, Nelson,0.0472
Nelson Mandela,copy_first_name,name_lens,6-8,subject_all,7, is,0,16,-5.1861,,-5.001,-5.3504,-0.3494,-2.199|-0.977|-0.949|-1.225,-2.1993,-0.2247,1,0, Nelson,0.0331
Nelson Mandela,copy_first_name,name_lens,6-8,subject_all,0,<|startoftext|>,0,17,-5.1861,,-5.001,-5.1861,-0.1851,-2.012|-1.000|-0.939|-1.235,-2.0116,-0.0369,1,0, Nelson,0.0642
Nelson Mandela,copy_first_name,name_lens,6-8,subject_all,1,The,0,17,-5.1861,,-5.001,-5.1861,-0.1851,-2.012|-1.000|-0.939|-1.235,-2.0116,-0.0369,1,0, Nelson,0.0642
Nelson Mandela,copy_first_name,name_lens,6-8,subject_all,2, first,0,17,-5.1861,,-5.001,-5.1861,-0.1851,-2.012|-1.000|-0.939|-1.235,-2.0116,-0.0369,1,0, Nelson,0.0642
Nelson Mandela,copy_first_name,name_lens,6-8,subject_all,3, name,0,17,-5.1861,,-5.001,-5.1861,-0.1851,-2.012|-1.000|-0.939|-1.235,-2.0116,-0.0369,1,0, Nelson,0.0642
Nelson Mandela,copy_first_name,name_lens,6-8,subject_all,4, of,0,17,-5.1861,,-5.001,-5.1861,-0.1851,-2.012|-1.000|-0.939|-1.235,-2.0116,-0.0369,1,0, Nelson,0.0642
Nelson Mandela,copy_first_name,name_lens,6-8,subject_all,5, Nelson,1,17,-5.1861,,-5.001,-5.3269,-0.3259,-2.106|-1.006|-0.953|-1.261,-2.106,-0.1314,1,0, Nelson,0.0499
Nelson Mandela,copy_first_name,name_lens,6-8,subject_all,6, Mandela,1,17,-5.1861,,-5.001,-4.9487,0.0523,-1.868|-0.963|-0.956|-1.162,-1.8675,0.1071,1,0, Nelson,0.0505
Nelson Mandela,copy_first_name,name_lens,6-8,subject_all,7, is,0,17,-5.1861,,-5.001,-5.3259,-0.325,-2.205|-0.947|-0.950|-1.224,-2.2051,-0.2305,1,0, Nelson,0.0331
Nelson Mandela,copy_first_name,name_lens,6-8,subject_all,0,<|startoftext|>,0,18,-5.1861,,-5.001,-5.1861,-0.1851,-2.012|-1.000|-0.939|-1.235,-2.0116,-0.0369,1,0, Nelson,0.0642
Nelson Mandela,copy_first_name,name_lens,6-8,subject_all,1,The,0,18,-5.1861,,-5.001,-5.1861,-0.1851,-2.012|-1.000|-0.939|-1.235,-2.0116,-0.0369,1,0, Nelson,0.0642
Nelson Mandela,copy_first_name,name_lens,6-8,subject_all,2, first,0,18,-5.1861,,-5.001,-5.1861,-0.1851,-2.012|-1.000|-0.939|-1.235,-2.0116,-0.0369,1,0, Nelson,0.0642
Nelson Mandela,copy_first_name,name_lens,6-8,subject_all,3, name,0,18,-5.1861,,-5.001,-5.1861,-0.1851,-2.012|-1.000|-0.939|-1.235,-2.0116,-0.0369,1,0, Nelson,0.0642
Nelson Mandela,copy_first_name,name_lens,6-8,subject_all,4, of,0,18,-5.1861,,-5.001,-5.1861,-0.1851,-2.012|-1.000|-0.939|-1.235,-2.0116,-0.0369,1,0, Nelson,0.0642
Nelson Mandela,copy_first_name,name_lens,6-8,subject_all,5, Nelson,1,18,-5.1861,,-5.001,-5.3094,-0.3084,-2.109|-0.998|-0.970|-1.232,-2.1094,-0.1347,1,0, Nelson,0.0503
Nelson Mandela,copy_first_name,name_lens,6-8,subject_all,6, Mandela,1,18,-5.1861,,-5.001,-4.9723,0.0287,-1.798|-0.978|-0.957|-1.240,-1.7982,0.1765,1,0, Nelson,0.0594
Nelson Mandela,copy_first_name,name_lens,6-8,subject_all,7, is,0,18,-5.1861,,-5.001,-5.2951,-0.2942,-2.156|-0.967|-0.953|-1.219,-2.156,-0.1814,1,0, Nelson,0.035
Nelson Mandela,copy_first_name,name_lens,6-8,subject_all,0,<|startoftext|>,0,19,-5.1861,,-5.001,-5.1861,-0.1851,-2.012|-1.000|-0.939|-1.235,-2.0116,-0.0369,1,0, Nelson,0.0642
Nelson Mandela,copy_first_name,name_lens,6-8,subject_all,1,The,0,19,-5.1861,,-5.001,-5.1861,-0.1851,-2.012|-1.000|-0.939|-1.235,-2.0116,-0.0369,1,0, Nelson,0.0642
Nelson Mandela,copy_first_name,name_lens,6-8,subject_all,2, first,0,19,-5.1861,,-5.001,-5.1861,-0.1851,-2.012|-1.000|-0.939|-1.235,-2.0116,-0.0369,1,0, Nelson,0.0642
Nelson Mandela,copy_first_name,name_lens,6-8,subject_all,3, name,0,19,-5.1861,,-5.001,-5.1861,-0.1851,-2.012|-1.000|-0.939|-1.235,-2.0116,-0.0369,1,0, Nelson,0.0642
Nelson Mandela,copy_first_name,name_lens,6-8,subject_all,4, of,0,19,-5.1861,,-5.001,-5.1861,-0.1851,-2.012|-1.000|-0.939|-1.235,-2.0116,-0.0369,1,0, Nelson,0.0642
Nelson Mandela,copy_first_name,name_lens,6-8,subject_all,5, Nelson,1,19,-5.1861,,-5.001,-5.4046,-0.4036,-2.182|-0.992|-0.969|-1.261,-2.1823,-0.2077,1,0, Nelson,0.0522
Nelson Mandela,copy_first_name,name_lens,6-8,subject_all,6, Mandela,1,19,-5.1861,,-5.001,-5.0409,-0.0399,-1.839|-1.003|-0.945|-1.253,-1.8392,0.1355,1,0, Nelson,0.0608
Nelson Mandela,copy_first_name,name_lens,6-8,subject_all,7, is,0,19,-5.1861,,-5.001,-5.2765,-0.2756,-2.095|-0.970|-0.949|-1.263,-2.0947,-0.12,1,0, Nelson,0.0278
Nelson Mandela,copy_first_name,name_lens,6-8,subject_all,0,<|startoftext|>,0,20,-5.1861,,-5.001,-5.1861,-0.1851,-2.012|-1.000|-0.939|-1.235,-2.0116,-0.0369,1,0, Nelson,0.0642
Nelson Mandela,copy_first_name,name_lens,6-8,subject_all,1,The,0,20,-5.1861,,-5.001,-5.1861,-0.1851,-2.012|-1.000|-0.939|-1.235,-2.0116,-0.0369,1,0, Nelson,0.0642
Nelson Mandela,copy_first_name,name_lens,6-8,subject_all,2, first,0,20,-5.1861,,-5.001,-5.1861,-0.1851,-2.012|-1.000|-0.939|-1.235,-2.0116,-0.0369,1,0, Nelson,0.0642
Nelson Mandela,copy_first_name,name_lens,6-8,subject_all,3, name,0,20,-5.1861,,-5.001,-5.1861,-0.1851,-2.012|-1.000|-0.939|-1.235,-2.0116,-0.0369,1,0, Nelson,0.0642
Nelson Mandela,copy_first_name,name_lens,6-8,subject_all,4, of,0,20,-5.1861,,-5.001,-5.1861,-0.1851,-2.012|-1.000|-0.939|-1.235,-2.0116,-0.0369,1,0, Nelson,0.0642
Nelson Mandela,copy_first_name,name_lens,6-8,subject_all,5, Nelson,1,20,-5.1861,,-5.001,-5.2839,-0.2829,-2.063|-0.995|-0.972|-1.254,-2.0626,-0.0879,1,0, Nelson,0.0598
Nelson Mandela,copy_first_name,name_lens,6-8,subject_all,6, Mandela,1,20,-5.1861,,-5.001,-5.0582,-0.0573,-1.883|-1.001|-0.942|-1.231,-1.8834,0.0912,1,0, Nelson,0.0604
Nelson Mandela,copy_first_name,name_lens,6-8,subject_all,7, is,0,20,-5.1861,,-5.001,-5.2582,-0.2573,-2.051|-1.005|-0.941|-1.261,-2.0512,-0.0765,1,0, Nelson,0.03
Nelson Mandela,copy_first_name,name_lens,6-8,subject_all,0,<|startoftext|>,0,21,-5.1861,,-5.001,-5.1861,-0.1851,-2.012|-1.000|-0.939|-1.235,-2.0116,-0.0369,1,0, Nelson,0.0642
Nelson Mandela,copy_first_name,name_lens,6-8,subject_all,1,The,0,21,-5.1861,,-5.001,-5.1861,-0.1851,-2.012|-1.000|-0.939|-1.235,-2.0116,-0.0369,1,0, Nelson,0.0642
Nelson Mandela,copy_first_name,name_lens,6-8,subject_all,2, first,0,21,-5.1861,,-5.001,-5.1861,-0.1851,-2.012|-1.000|-0.939|-1.235,-2.0116,-0.0369,1,0, Nelson,0.0642
Nelson Mandela,copy_first_name,name_lens,6-8,subject_all,3, name,0,21,-5.1861,,-5.001,-5.1861,-0.1851,-2.012|-1.000|-0.939|-1.235,-2.0116,-0.0369,1,0, Nelson,0.0642
Nelson Mandela,copy_first_name,name_lens,6-8,subject_all,4, of,0,21,-5.1861,,-5.001,-5.1861,-0.1851,-2.012|-1.000|-0.939|-1.235,-2.0116,-0.0369,1,0, Nelson,0.0642
Nelson Mandela,copy_first_name,name_lens,6-8,subject_all,5, Nelson,1,21,-5.1861,,-5.001,-5.192,-0.1911,-2.004|-0.994|-0.940|-1.253,-2.0042,-0.0295,1,0, Nelson,0.0642
Nelson Mandela,copy_first_name,name_lens,6-8,subject_all,6, Mandela,1,21,-5.1861,,-5.001,-5.2306,-0.2297,-2.069|-0.964|-0.937|-1.260,-2.0692,-0.0946,1,0, Nelson,0.0584
Nelson Mandela,copy_first_name,name_lens,6-8,subject_all,7, is,0,21,-5.1861,,-5.001,-5.152,-0.151,-1.966|-1.004|-0.945|-1.237,-1.9663,0.0083,1,0, Nelson,0.016
Nelson Mandela,copy_first_name,name_lens,6-8,subject_all,0,<|startoftext|>,0,22,-5.1861,,-5.001,-5.1861,-0.1851,-2.012|-1.000|-0.939|-1.235,-2.0116,-0.0369,1,0, Nelson,0.0642
Nelson Mandela,copy_first_name,name_lens,6-8,subject_all,1,The,0,22,-5.1861,,-5.001,-5.1861,-0.1851,-2.012|-1.000|-0.939|-1.235,-2.0116,-0.0369,1,0, Nelson,0.0642
Nelson Mandela,copy_first_name,name_lens,6-8,subject_all,2, first,0,22,-5.1861,,-5.001,-5.1861,-0.1851,-2.012|-1.000|-0.939|-1.235,-2.0116,-0.0369,1,0, Nelson,0.0642
Nelson Mandela,copy_first_name,name_lens,6-8,subject_all,3, name,0,22,-5.1861,,-5.001,-5.1861,-0.1851,-2.012|-1.000|-0.939|-1.235,-2.0116,-0.0369,1,0, Nelson,0.0642
Nelson Mandela,copy_first_name,name_lens,6-8,subject_all,4, of,0,22,-5.1861,,-5.001,-5.1861,-0.1851,-2.012|-1.000|-0.939|-1.235,-2.0116,-0.0369,1,0, Nelson,0.0642
Nelson Mandela,copy_first_name,name_lens,6-8,subject_all,5, Nelson,1,22,-5.1861,,-5.001,-5.2512,-0.2502,-2.063|-0.995|-0.941|-1.253,-2.0629,-0.0883,1,0, Nelson,0.0629
Nelson Mandela,copy_first_name,name_lens,6-8,subject_all,6, Mandela,1,22,-5.1861,,-5.001,-5.1835,-0.1826,-2.015|-0.979|-0.936|-1.254,-2.0151,-0.0405,1,0, Nelson,0.0636
Nelson Mandela,copy_first_name,name_lens,6-8,subject_all,7, is,0,22,-5.1861,,-5.001,-5.0798,-0.0789,-1.915|-0.968|-0.942|-1.255,-1.9151,0.0596,1,0, Nelson,0.0166
Nelson Mandela,copy_last_name,name_lens,6-8,subject_all,-1,,,-1,-9.3223,,-9.2532,-9.3223,-0.069,-2.733|-2.357|-2.718|-1.513,-2.7335,0.0384,1,1," """,0.098
Nelson Mandela,copy_last_name,name_lens,6-8,subject_all,0,<|startoftext|>,0,0,-9.3223,,-9.2532,-9.3223,-0.069,-2.733|-2.357|-2.718|-1.513,-2.7335,0.0384,1,1," """,0.098
Nelson Mandela,copy_last_name,name_lens,6-8,subject_all,1,The,0,0,-9.3223,,-9.2532,-9.3223,-0.069,-2.733|-2.357|-2.718|-1.513,-2.7335,0.0384,1,1," """,0.098
Nelson Mandela,copy_last_name,name_lens,6-8,subject_all,2, last,0,0,-9.3223,,-9.2532,-9.3223,-0.069,-2.733|-2.357|-2.718|-1.513,-2.7335,0.0384,1,1," """,0.098
Nelson Mandela,copy_last_name,name_lens,6-8,subject_all,3, name,0,0,-9.3223,,-9.2532,-9.3223,-0.069,-2.733|-2.357|-2.718|-1.513,-2.7335,0.0384,1,1," """,0.098
Nelson Mandela,copy_last_name,name_lens,6-8,subject_all,4, of,0,0,-9.3223,,-9.2532,-9.3223,-0.069,-2.733|-2.357|-2.718|-1.513,-2.7335,0.0384,1,1," """,0.098
Nelson Mandela,copy_last_name,name_lens,6-8,subject_all,5, Nelson,1,0,-9.3223,,-9.2532,-9.3223,-0.069,-2.733|-2.357|-2.718|-1.513,-2.7335,0.0384,1,1," """,0.098
Nelson Mandela,copy_last_name,name_lens,6-8,subject_all,6, Mandela,1,0,-9.3223,,-9.2532,-9.3223,-0.069,-2.733|-2.357|-2.718|-1.513,-2.7335,0.0384,1,1," """,0.098
Nelson Mandela,copy_last_name,name_lens,6-8,subject_all,7, is,0,0,-9.3223,,-9.2532,-9.3223,-0.069,-2.733|-2.357|-2.718|-1.513,-2.7335,0.0384,1,1," """,0.098
Nelson Mandela,copy_last_name,name_lens,6-8,subject_all,0,<|startoftext|>,0,1,-9.3223,,-9.2532,-9.3223,-0.069,-2.733|-2.357|-2.718|-1.513,-2.7335,0.0384,1,1," """,0.098
Nelson Mandela,copy_last_name,name_lens,6-8,subject_all,1,The,0,1,-9.3223,,-9.2532,-9.3223,-0.069,-2.733|-2.357|-2.718|-1.513,-2.7335,0.0384,1,1," """,0.098
Nelson Mandela,copy_last_name,name_lens,6-8,subject_all,2, last,0,1,-9.3223,,-9.2532,-9.3223,-0.069,-2.733|-2.357|-2.718|-1.513,-2.7335,0.0384,1,1," """,0.098
Nelson Mandela,copy_last_name,name_lens,6-8,subject_all,3, name,0,1,-9.3223,,-9.2532,-9.3223,-0.069,-2.733|-2.357|-2.718|-1.513,-2.7335,0.0384,1,1," """,0.098
Nelson Mandela,copy_last_name,name_lens,6-8,subject_all,4, of,0,1,-9.3223,,-9.2532,-9.3223,-0.069,-2.733|-2.357|-2.718|-1.513,-2.7335,0.0384,1,1," """,0.098
Nelson Mandela,copy_last_name,name_lens,6-8,subject_all,5, Nelson,1,1,-9.3223,,-9.2532,-9.3223,-0.069,-2.733|-2.357|-2.718|-1.513,-2.7335,0.0384,1,1," """,0.098
Nelson Mandela,copy_last_name,name_lens,6-8,subject_all,6, Mandela,1,1,-9.3223,,-9.2532,-9.3223,-0.069,-2.733|-2.357|-2.718|-1.513,-2.7335,0.0384,1,1," """,0.098
Nelson Mandela,copy_last_name,name_lens,6-8,subject_all,7, is,0,1,-9.3223,,-9.2532,-9.3223,-0.069,-2.733|-2.357|-2.718|-1.513,-2.7335,0.0384,1,1," """,0.098
Nelson Mandela,copy_last_name,name_lens,6-8,subject_all,0,<|startoftext|>,0,2,-9.3223,,-9.2532,-9.3223,-0.069,-2.733|-2.357|-2.718|-1.513,-2.7335,0.0384,1,1," """,0.098
Nelson Mandela,copy_last_name,name_lens,6-8,subject_all,1,The,0,2,-9.3223,,-9.2532,-9.3223,-0.069,-2.733|-2.357|-2.718|-1.513,-2.7335,0.0384,1,1," """,0.098
Nelson Mandela,copy_last_name,name_lens,6-8,subject_all,2, last,0,2,-9.3223,,-9.2532,-9.3223,-0.069,-2.733|-2.357|-2.718|-1.513,-2.7335,0.0384,1,1," """,0.098
Nelson Mandela,copy_last_name,name_lens,6-8,subject_all,3, name,0,2,-9.3223,,-9.2532,-9.3223,-0.069,-2.733|-2.357|-2.718|-1.513,-2.7335,0.0384,1,1," """,0.098
Nelson Mandela,copy_last_name,name_lens,6-8,subject_all,4, of,0,2,-9.3223,,-9.2532,-9.3223,-0.069,-2.733|-2.357|-2.718|-1.513,-2.7335,0.0384,1,1," """,0.098
Nelson Mandela,copy_last_name,name_lens,6-8,subject_all,5, Nelson,1,2,-9.3223,,-9.2532,-9.3223,-0.069,-2.733|-2.357|-2.718|-1.513,-2.7335,0.0384,1,1," """,0.098
Nelson Mandela,copy_last_name,name_lens,6-8,subject_all,6, Mandela,1,2,-9.3223,,-9.2532,-9.3223,-0.069,-2.733|-2.357|-2.718|-1.513,-2.7335,0.0384,1,1," """,0.098
Nelson Mandela,copy_last_name,name_lens,6-8,subject_all,7, is,0,2,-9.3223,,-9.2532,-9.3223,-0.069,-2.733|-2.357|-2.718|-1.513,-2.7335,0.0384,1,1," """,0.098
Nelson Mandela,copy_last_name,name_lens,6-8,subject_all,0,<|startoftext|>,0,3,-9.3223,,-9.2532,-9.3223,-0.069,-2.733|-2.357|-2.718|-1.513,-2.7335,0.0384,1,1," """,0.098
Nelson Mandela,copy_last_name,name_lens,6-8,subject_all,1,The,0,3,-9.3223,,-9.2532,-9.3223,-0.069,-2.733|-2.357|-2.718|-1.513,-2.7335,0.0384,1,1," """,0.098
Nelson Mandela,copy_last_name,name_lens,6-8,subject_all,2, last,0,3,-9.3223,,-9.2532,-9.3223,-0.069,-2.733|-2.357|-2.718|-1.513,-2.7335,0.0384,1,1," """,0.098
Nelson Mandela,copy_last_name,name_lens,6-8,subject_all,3, name,0,3,-9.3223,,-9.2532,-9.3223,-0.069,-2.733|-2.357|-2.718|-1.513,-2.7335,0.0384,1,1," """,0.098
Nelson Mandela,copy_last_name,name_lens,6-8,subject_all,4, of,0,3,-9.3223,,-9.2532,-9.3223,-0.069,-2.733|-2.357|-2.718|-1.513,-2.7335,0.0384,1,1," """,0.098
Nelson Mandela,copy_last_name,name_lens,6-8,subject_all,5, Nelson,1,3,-9.3223,,-9.2532,-9.3223,-0.069,-2.733|-2.357|-2.718|-1.513,-2.7335,0.0384,1,1," """,0.098
Nelson Mandela,copy_last_name,name_lens,6-8,subject_all,6, Mandela,1,3,-9.3223,,-9.2532,-9.3223,-0.069,-2.733|-2.357|-2.718|-1.513,-2.7335,0.0384,1,1," """,0.098
Nelson Mandela,copy_last_name,name_lens,6-8,subject_all,7, is,0,3,-9.3223,,-9.2532,-9.3223,-0.069,-2.733|-2.357|-2.718|-1.513,-2.7335,0.0384,1,1," """,0.098
Nelson Mandela,copy_last_name,name_lens,6-8,subject_all,0,<|startoftext|>,0,4,-9.3223,,-9.2532,-9.3223,-0.069,-2.733|-2.357|-2.718|-1.513,-2.7335,0.0384,1,1," """,0.098
Nelson Mandela,copy_last_name,name_lens,6-8,subject_all,1,The,0,4,-9.3223,,-9.2532,-9.3223,-0.069,-2.733|-2.357|-2.718|-1.513,-2.7335,0.0384,1,1," """,0.098
Nelson Mandela,copy_last_name,name_lens,6-8,subject_all,2, last,0,4,-9.3223,,-9.2532,-9.3223,-0.069,-2.733|-2.357|-2.718|-1.513,-2.7335,0.0384,1,1," """,0.098
Nelson Mandela,copy_last_name,name_lens,6-8,subject_all,3, name,0,4,-9.3223,,-9.2532,-9.3223,-0.069,-2.733|-2.357|-2.718|-1.513,-2.7335,0.0384,1,1," """,0.098
Nelson Mandela,copy_last_name,name_lens,6-8,subject_all,4, of,0,4,-9.3223,,-9.2532,-9.3223,-0.069,-2.733|-2.357|-2.718|-1.513,-2.7335,0.0384,1,1," """,0.098
Nelson Mandela,copy_last_name,name_lens,6-8,subject_all,5, Nelson,1,4,-9.3223,,-9.2532,-9.3223,-0.069,-2.733|-2.357|-2.718|-1.513,-2.7335,0.0384,1,1," """,0.098
Nelson Mandela,copy_last_name,name_lens,6-8,subject_all,6, Mandela,1,4,-9.3223,,-9.2532,-9.3223,-0.069,-2.733|-2.357|-2.718|-1.513,-2.7335,0.0384,1,1," """,0.098
Nelson Mandela,copy_last_name,name_lens,6-8,subject_all,7, is,0,4,-9.3223,,-9.2532,-9.3223,-0.069,-2.733|-2.357|-2.718|-1.513,-2.7335,0.0384,1,1," """,0.098
Nelson Mandela,copy_last_name,name_lens,6-8,subject_all,0,<|startoftext|>,0,5,-9.3223,,-9.2532,-9.3223,-0.069,-2.733|-2.357|-2.718|-1.513,-2.7335,0.0384,1,1," """,0.098
Nelson Mandela,copy_last_name,name_lens,6-8,subject_all,1,The,0,5,-9.3223,,-9.2532,-9.3223,-0.069,-2.733|-2.357|-2.718|-1.513,-2.7335,0.0384,1,1," """,0.098
Nelson Mandela,copy_last_name,name_lens,6-8,subject_all,2, last,0,5,-9.3223,,-9.2532,-9.3223,-0.069,-2.733|-2.357|-2.718|-1.513,-2.7335,0.0384,1,1," """,0.098
Nelson Mandela,copy_last_name,name_lens,6-8,subject_all,3, name,0,5,-9.3223,,-9.2532,-9.3223,-0.069,-2.733|-2.357|-2.718|-1.513,-2.7335,0.0384,1,1," """,0.098
Nelson Mandela,copy_last_name,name_lens,6-8,subject_all,4, of,0,5,-9.3223,,-9.2532,-9.3223,-0.069,-2.733|-2.357|-2.718|-1.513,-2.7335,0.0384,1,1," """,0.098
Nelson Mandela,copy_last_name,name_lens,6-8,subject_all,5, Nelson,1,5,-9.3223,,-9.2532,-9.3223,-0.069,-2.733|-2.357|-2.718|-1.513,-2.7335,0.0384,1,1," """,0.098
Nelson Mandela,copy_last_name,name_lens,6-8,subject_all,6, Mandela,1,5,-9.3223,,-9.2532,-9.3223,-0.069,-2.733|-2.357|-2.718|-1.513,-2.7335,0.0384,1,1," """,0.098
Nelson Mandela,copy_last_name,name_lens,6-8,subject_all,7, is,0,5,-9.3223,,-9.2532,-9.3223,-0.069,-2.733|-2.357|-2.718|-1.513,-2.7335,0.0384,1,1," """,0.098
Nelson Mandela,copy_last_name,name_lens,6-8,subject_all,0,<|startoftext|>,0,6,-9.3223,,-9.2532,-9.3223,-0.069,-2.733|-2.357|-2.718|-1.513,-2.7335,0.0384,1,1," """,0.098
Nelson Mandela,copy_last_name,name_lens,6-8,subject_all,1,The,0,6,-9.3223,,-9.2532,-9.3223,-0.069,-2.733|-2.357|-2.718|-1.513,-2.7335,0.0384,1,1," """,0.098
Nelson Mandela,copy_last_name,name_lens,6-8,subject_all,2, last,0,6,-9.3223,,-9.2532,-9.3223,-0.069,-2.733|-2.357|-2.718|-1.513,-2.7335,0.0384,1,1," """,0.098
Nelson Mandela,copy_last_name,name_lens,6-8,subject_all,3, name,0,6,-9.3223,,-9.2532,-9.3223,-0.069,-2.733|-2.357|-2.718|-1.513,-2.7335,0.0384,1,1," """,0.098
Nelson Mandela,copy_last_name,name_lens,6-8,subject_all,4, of,0,6,-9.3223,,-9.2532,-9.3223,-0.069,-2.733|-2.357|-2.718|-1.513,-2.7335,0.0384,1,1," """,0.098
Nelson Mandela,copy_last_name,name_lens,6-8,subject_all,5, Nelson,1,6,-9.3223,,-9.2532,-9.5677,-0.3145,-2.907|-2.544|-2.569|-1.548,-2.9066,-0.1348,1,1," """,0.072
Nelson Mandela,copy_last_name,name_lens,6-8,subject_all,6, Mandela,1,6,-9.3223,,-9.2532,-9.5643,-0.3111,-2.803|-2.517|-2.738|-1.507,-2.803,-0.0312,1,0, not,0.0448
Nelson Mandela,copy_last_name,name_lens,6-8,subject_all,7, is,0,6,-9.3223,,-9.2532,-9.3223,-0.069,-2.733|-2.357|-2.718|-1.513,-2.7335,0.0384,1,1," """,0.098
Nelson Mandela,copy_last_name,name_lens,6-8,subject_all,0,<|startoftext|>,0,7,-9.3223,,-9.2532,-9.3223,-0.069,-2.733|-2.357|-2.718|-1.513,-2.7335,0.0384,1,1," """,0.098
Nelson Mandela,copy_last_name,name_lens,6-8,subject_all,1,The,0,7,-9.3223,,-9.2532,-9.3223,-0.069,-2.733|-2.357|-2.718|-1.513,-2.7335,0.0384,1,1," """,0.098
Nelson Mandela,copy_last_name,name_lens,6-8,subject_all,2, last,0,7,-9.3223,,-9.2532,-9.3223,-0.069,-2.733|-2.357|-2.718|-1.513,-2.7335,0.0384,1,1," """,0.098
Nelson Mandela,copy_last_name,name_lens,6-8,subject_all,3, name,0,7,-9.3223,,-9.2532,-9.3223,-0.069,-2.733|-2.357|-2.718|-1.513,-2.7335,0.0384,1,1," """,0.098
Nelson Mandela,copy_last_name,name_lens,6-8,subject_all,4, of,0,7,-9.3223,,-9.2532,-9.3223,-0.069,-2.733|-2.357|-2.718|-1.513,-2.7335,0.0384,1,1," """,0.098
Nelson Mandela,copy_last_name,name_lens,6-8,subject_all,5, Nelson,1,7,-9.3223,,-9.2532,-9.3627,-0.1094,-2.863|-2.365|-2.635|-1.499,-2.8633,-0.0914,1,1," """,0.0794
Nelson Mandela,copy_last_name,name_lens,6-8,subject_all,6, Mandela,1,7,-9.3223,,-9.2532,-9.39,-0.1367,-2.702|-2.519|-2.678|-1.492,-2.7019,0.07,1,0, not,0.0496
Nelson Mandela,copy_last_name,name_lens,6-8,subject_all,7, is,0,7,-9.3223,,-9.2532,-9.5773,-0.3241,-2.696|-2.641|-2.714|-1.527,-2.6961,0.0757,1,0, not,0.0945
Nelson Mandela,copy_last_name,name_lens,6-8,subject_all,0,<|startoftext|>,0,8,-9.3223,,-9.2532,-9.3223,-0.069,-2.733|-2.357|-2.718|-1.513,-2.7335,0.0384,1,1," """,0.098
Nelson Mandela,copy_last_name,name_lens,6-8,subject_all,1,The,0,8,-9.3223,,-9.2532,-9.3223,-0.069,-2.733|-2.357|-2.718|-1.513,-2.7335,0.0384,1,1," """,0.098
Nelson Mandela,copy_last_name,name_lens,6-8,subject_all,2, last,0,8,-9.3223,,-9.2532,-9.3223,-0.069,-2.733|-2.357|-2.718|-1.513,-2.7335,0.0384,1,1," """,0.098
Nelson Mandela,copy_last_name,name_lens,6-8,subject_all,3, name,0,8,-9.3223,,-9.2532,-9.3223,-0.069,-2.733|-2.357|-2.718|-1.513,-2.7335,0.0384,1,1," """,0.098
Nelson Mandela,copy_last_name,name_lens,6-8,subject_all,4, of,0,8,-9.3223,,-9.2532,-9.3223,-0.069,-2.733|-2.357|-2.718|-1.513,-2.7335,0.0384,1,1," """,0.098
Nelson Mandela,copy_last_name,name_lens,6-8,subject_all,5, Nelson,1,8,-9.3223,,-9.2532,-9.3544,-0.1011,-2.742|-2.394|-2.656|-1.563,-2.7416,0.0303,1,0, not,0.0801
Nelson Mandela,copy_last_name,name_lens,6-8,subject_all,6, Mandela,1,8,-9.3223,,-9.2532,-9.1106,0.1426,-2.839|-2.455|-2.360|-1.457,-2.8391,-0.0672,1,0, not,0.0549
Nelson Mandela,copy_last_name,name_lens,6-8,subject_all,7, is,0,8,-9.3223,,-9.2532,-9.3715,-0.1183,-2.674|-2.555|-2.688|-1.455,-2.6737,0.0982,1,0, not,0.1013
Nelson Mandela,copy_last_name,name_lens,6-8,subject_all,0,<|startoftext|>,0,9,-9.3223,,-9.2532,-9.3223,-0.069,-2.733|-2.357|-2.718|-1.513,-2.7335,0.0384,1,1," """,0.098
Nelson Mandela,copy_last_name,name_lens,6-8,subject_all,1,The,0,9,-9.3223,,-9.2532,-9.3223,-0.069,-2.733|-2.357|-2.718|-1.513,-2.7335,0.0384,1,1," """,0.098
Nelson Mandela,copy_last_name,name_lens,6-8,subject_all,2, last,0,9,-9.3223,,-9.2532,-9.3223,-0.069,-2.733|-2.357|-2.718|-1.513,-2.7335,0.0384,1,1," """,0.098
Nelson Mandela,copy_last_name,name_lens,6-8,subject_all,3, name,0,9,-9.3223,,-9.2532,-9.3223,-0.069,-2.733|-2.357|-2.718|-1.513,-2.7335,0.0384,1,1," """,0.098
Nelson Mandela,copy_last_name,name_lens,6-8,subject_all,4, of,0,9,-9.3223,,-9.2532,-9.3223,-0.069,-2.733|-2.357|-2.718|-1.513,-2.7335,0.0384,1,1," """,0.098
Nelson Mandela,copy_last_name,name_lens,6-8,subject_all,5, Nelson,1,9,-9.3223,,-9.2532,-9.4494,-0.1961,-2.833|-2.427|-2.664|-1.525,-2.8332,-0.0614,1,0, not,0.0767
Nelson Mandela,copy_last_name,name_lens,6-8,subject_all,6, Mandela,1,9,-9.3223,,-9.2532,-9.6137,-0.3605,-2.942|-2.670|-2.512|-1.490,-2.9418,-0.1699,2,1," """,0.0537
Nelson Mandela,copy_last_name,name_lens,6-8,subject_all,7, is,0,9,-9.3223,,-9.2532,-9.1257,0.1275,-2.464|-2.448|-2.761|-1.453,-2.4644,0.3075,1,0, not,0.0935
Nelson Mandela,copy_last_name,name_lens,6-8,subject_all,0,<|startoftext|>,0,10,-9.3223,,-9.2532,-9.3223,-0.069,-2.733|-2.357|-2.718|-1.513,-2.7335,0.0384,1,1," """,0.098
Nelson Mandela,copy_last_name,name_lens,6-8,subject_all,1,The,0,10,-9.3223,,-9.2532,-9.3223,-0.069,-2.733|-2.357|-2.718|-1.513,-2.7335,0.0384,1,1," """,0.098
Nelson Mandela,copy_last_name,name_lens,6-8,subject_all,2, last,0,10,-9.3223,,-9.2532,-9.3223,-0.069,-2.733|-2.357|-2.718|-1.513,-2.7335,0.0384,1,1," """,0.098
Nelson Mandela,copy_last_name,name_lens,6-8,subject_all,3, name,0,10,-9.3223,,-9.2532,-9.3223,-0.069,-2.733|-2.357|-2.718|-1.513,-2.7335,0.0384,1,1," """,0.098
Nelson Mandela,copy_last_name,name_lens,6-8,subject_all,4, of,0,10,-9.3223,,-9.2532,-9.3223,-0.069,-2.733|-2.357|-2.718|-1.513,-2.7335,0.0384,1,1," """,0.098
Nelson Mandela,copy_last_name,name_lens,6-8,subject_all,5, Nelson,1,10,-9.3223,,-9.2532,-9.4417,-0.1884,-2.823|-2.432|-2.677|-1.509,-2.823,-0.0511,1,0, not,0.0783
Nelson Mandela,copy_last_name,name_lens,6-8,subject_all,6, Mandela,1,10,-9.3223,,-9.2532,-9.6561,-0.4028,-2.915|-2.623|-2.558|-1.561,-2.9148,-0.1429,2,1, what,0.0502
Nelson Mandela,copy_last_name,name_lens,6-8,subject_all,7, is,0,10,-9.3223,,-9.2532,-9.2201,0.0331,-2.564|-2.461|-2.775|-1.419,-2.5642,0.2077,1,0, not,0.0849
Nelson Mandela,copy_last_name,name_lens,6-8,subject_all,0,<|startoftext|>,0,11,-9.3223,,-9.2532,-9.3223,-0.069,-2.733|-2.357|-2.718|-1.513,-2.7335,0.0384,1,1," """,0.098
Nelson Mandela,copy_last_name,name_lens,6-8,subject_all,1,The,0,11,-9.3223,,-9.2532,-9.3223,-0.069,-2.733|-2.357|-2.718|-1.513,-2.7335,0.0384,1,1," """,0.098
Nelson Mandela,copy_last_name,name_lens,6-8,subject_all,2, last,0,11,-9.3223,,-9.2532,-9.3223,-0.069,-2.733|-2.357|-2.718|-1.513,-2.7335,0.0384,1,1," """,0.098
Nelson Mandela,copy_last_name,name_lens,6-8,subject_all,3, name,0,11,-9.3223,,-9.2532,-9.3223,-0.069,-2.733|-2.357|-2.718|-1.513,-2.7335,0.0384,1,1," """,0.098
Nelson Mandela,copy_last_name,name_lens,6-8,subject_all,4, of,0,11,-9.3223,,-9.2532,-9.3223,-0.069,-2.733|-2.357|-2.718|-1.513,-2.7335,0.0384,1,1," """,0.098
Nelson Mandela,copy_last_name,name_lens,6-8,subject_all,5, Nelson,1,11,-9.3223,,-9.2532,-9.5025,-0.2492,-2.821|-2.423|-2.733|-1.525,-2.8212,-0.0493,1,0, not,0.0793
Nelson Mandela,copy_last_name,name_lens,6-8,subject_all,6, Mandela,1,11,-9.3223,,-9.2532,-9.5164,-0.2631,-2.960|-2.560|-2.504|-1.492,-2.9599,-0.188,2,1, what,0.0452
Nelson Mandela,copy_last_name,name_lens,6-8,subject_all,7, is,0,11,-9.3223,,-9.2532,-9.1275,0.1258,-2.443|-2.562|-2.663|-1.461,-2.4427,0.3292,1,0, not,0.1061
Nelson Mandela,copy_last_name,name_lens,6-8,subject_all,0,<|startoftext|>,0,12,-9.3223,,-9.2532,-9.3223,-0.069,-2.733|-2.357|-2.718|-1.513,-2.7335,0.0384,1,1," """,0.098
Nelson Mandela,copy_last_name,name_lens,6-8,subject_all,1,The,0,12,-9.3223,,-9.2532,-9.3223,-0.069,-2.733|-2.357|-2.718|-1.513,-2.7335,0.0384,1,1," """,0.098
Nelson Mandela,copy_last_name,name_lens,6-8,subject_all,2, last,0,12,-9.3223,,-9.2532,-9.3223,-0.069,-2.733|-2.357|-2.718|-1.513,-2.7335,0.0384,1,1," """,0.098
Nelson Mandela,copy_last_name,name_lens,6-8,subject_all,3, name,0,12,-9.3223,,-9.2532,-9.3223,-0.069,-2.733|-2.357|-2.718|-1.513,-2.7335,0.0384,1,1," """,0.098
Nelson Mandela,copy_last_name,name_lens,6-8,subject_all,4, of,0,12,-9.3223,,-9.2532,-9.3223,-0.069,-2.733|-2.357|-2.718|-1.513,-2.7335,0.0384,1,1," """,0.098
Nelson Mandela,copy_last_name,name_lens,6-8,subject_all,5, Nelson,1,12,-9.3223,,-9.2532,-9.5311,-0.2778,-2.865|-2.436|-2.708|-1.523,-2.8646,-0.0927,1,1," """,0.0867
Nelson Mandela,copy_last_name,name_lens,6-8,subject_all,6, Mandela,1,12,-9.3223,,-9.2532,-9.5885,-0.3353,-3.024|-2.552|-2.543|-1.470,-3.0237,-0.2518,3,1, what,0.0497
Nelson Mandela,copy_last_name,name_lens,6-8,subject_all,7, is,0,12,-9.3223,,-9.2532,-8.8803,0.373,-2.357|-2.422|-2.670|-1.432,-2.3566,0.4153,1,0, not,0.116
Nelson Mandela,copy_last_name,name_lens,6-8,subject_all,0,<|startoftext|>,0,13,-9.3223,,-9.2532,-9.3223,-0.069,-2.733|-2.357|-2.718|-1.513,-2.7335,0.0384,1,1," """,0.098
Nelson Mandela,copy_last_name,name_lens,6-8,subject_all,1,The,0,13,-9.3223,,-9.2532,-9.3223,-0.069,-2.733|-2.357|-2.718|-1.513,-2.7335,0.0384,1,1," """,0.098
Nelson Mandela,copy_last_name,name_lens,6-8,subject_all,2, last,0,13,-9.3223,,-9.2532,-9.3223,-0.069,-2.733|-2.357|-2.718|-1.513,-2.7335,0.0384,1,1," """,0.098
Nelson Mandela,copy_last_name,name_lens,6-8,subject_all,3, name,0,13,-9.3223,,-9.2532,-9.3223,-0.069,-2.733|-2.357|-2.718|-1.513,-2.7335,0.0384,1,1," """,0.098
Nelson Mandela,copy_last_name,name_lens,6-8,subject_all,4, of,0,13,-9.3223,,-9.2532,-9.3223,-0.069,-2.733|-2.357|-2.718|-1.513,-2.7335,0.0384,1,1," """,0.098
Nelson Mandela,copy_last_name,name_lens,6-8,subject_all,5, Nelson,1,13,-9.3223,,-9.2532,-9.472,-0.2188,-2.813|-2.476|-2.654|-1.529,-2.8128,-0.0409,2,1," """,0.0891
Nelson Mandela,copy_last_name,name_lens,6-8,subject_all,6, Mandela,1,13,-9.3223,,-9.2532,-9.6107,-0.3574,-3.012|-2.489|-2.556|-1.553,-3.0123,-0.2404,3,1," """,0.049
Nelson Mandela,copy_last_name,name_lens,6-8,subject_all,7, is,0,13,-9.3223,,-9.2532,-9.2802,-0.0269,-2.692|-2.458|-2.692|-1.438,-2.6924,0.0794,1,0, not,0.073
Nelson Mandela,copy_last_name,name_lens,6-8,subject_all,0,<|startoftext|>,0,14,-9.3223,,-9.2532,-9.3223,-0.069,-2.733|-2.357|-2.718|-1.513,-2.7335,0.0384,1,1," """,0.098
Nelson Mandela,copy_last_name,name_lens,6-8,subject_all,1,The,0,14,-9.3223,,-9.2532,-9.3223,-0.069,-2.733|-2.357|-2.718|-1.513,-2.7335,0.0384,1,1," """,0.098
Nelson Mandela,copy_last_name,name_lens,6-8,subject_all,2, last,0,14,-9.3223,,-9.2532,-9.3223,-0.069,-2.733|-2.357|-2.718|-1.513,-2.7335,0.0384,1,1," """,0.098
Nelson Mandela,copy_last_name,name_lens,6-8,subject_all,3, name,0,14,-9.3223,,-9.2532,-9.3223,-0.069,-2.733|-2.357|-2.718|-1.513,-2.7335,0.0384,1,1," """,0.098
Nelson Mandela,copy_last_name,name_lens,6-8,subject_all,4, of,0,14,-9.3223,,-9.2532,-9.3223,-0.069,-2.733|-2.357|-2.718|-1.513,-2.7335,0.0384,1,1," """,0.098
Nelson Mandela,copy_last_name,name_lens,6-8,subject_all,5, Nelson,1,14,-9.3223,,-9.2532,-9.4379,-0.1846,-2.730|-2.487|-2.710|-1.512,-2.7295,0.0424,1,1," """,0.0962
Nelson Mandela,copy_last_name,name_lens,6-8,subject_all,6, Mandela,1,14,-9.3223,,-9.2532,-9.4888,-0.2356,-2.844|-2.661|-2.469|-1.515,-2.8438,-0.0719,1,1," """,0.0467
Nelson Mandela,copy_last_name,name_lens,6-8,subject_all,7, is,0,14,-9.3223,,-9.2532,-9.375,-0.1218,-2.626|-2.536|-2.678|-1.535,-2.6258,0.146,1,0, not,0.0448
Nelson Mandela,copy_last_name,name_lens,6-8,subject_all,0,<|startoftext|>,0,15,-9.3223,,-9.2532,-9.3223,-0.069,-2.733|-2.357|-2.718|-1.513,-2.7335,0.0384,1,1," """,0.098
Nelson Mandela,copy_last_name,name_lens,6-8,subject_all,1,The,0,15,-9.3223,,-9.2532,-9.3223,-0.069,-2.733|-2.357|-2.718|-1.513,-2.7335,0.0384,1,1," """,0.098
Nelson Mandela,copy_last_name,name_lens,6-8,subject_all,2, last,0,15,-9.3223,,-9.2532,-9.3223,-0.069,-2.733|-2.357|-2.718|-1.513,-2.7335,0.0384,1,1," """,0.098
Nelson Mandela,copy_last_name,name_lens,6-8,subject_all,3, name,0,15,-9.3223,,-9.2532,-9.3223,-0.069,-2.733|-2.357|-2.718|-1.513,-2.7335,0.0384,1,1," """,0.098
Nelson Mandela,copy_last_name,name_lens,6-8,subject_all,4, of,0,15,-9.3223,,-9.2532,-9.3223,-0.069,-2.733|-2.357|-2.718|-1.513,-2.7335,0.0384,1,1," """,0.098
Nelson Mandela,copy_last_name,name_lens,6-8,subject_all,5, Nelson,1,15,-9.3223,,-9.2532,-9.4718,-0.2186,-2.779|-2.470|-2.707|-1.516,-2.7789,-0.0071,2,1," """,0.0988
Nelson Mandela,copy_last_name,name_lens,6-8,subject_all,6, Mandela,1,15,-9.3223,,-9.2532,-9.5778,-0.3245,-2.857|-2.692|-2.492|-1.538,-2.8569,-0.085,1,1," """,0.057
Nelson Mandela,copy_last_name,name_lens,6-8,subject_all,7, is,0,15,-9.3223,,-9.2532,-9.276,-0.0227,-2.670|-2.423|-2.647|-1.536,-2.6703,0.1016,1,0, not,0.0408
Nelson Mandela,copy_last_name,name_lens,6-8,subject_all,0,<|startoftext|>,0,16,-9.3223,,-9.2532,-9.3223,-0.069,-2.733|-2.357|-2.718|-1.513,-2.7335,0.0384,1,1," """,0.098
Nelson Mandela,copy_last_name,name_lens,6-8,subject_all,1,The,0,16,-9.3223,,-9.2532,-9.3223,-0.069,-2.733|-2.357|-2.718|-1.513,-2.7335,0.0384,1,1," """,0.098
Nelson Mandela,copy_last_name,name_lens,6-8,subject_all,2, last,0,16,-9.3223,,-9.2532,-9.3223,-0.069,-2.733|-2.357|-2.718|-1.513,-2.7335,0.0384,1,1," """,0.098
Nelson Mandela,copy_last_name,name_lens,6-8,subject_all,3, name,0,16,-9.3223,,-9.2532,-9.3223,-0.069,-2.733|-2.357|-2.718|-1.513,-2.7335,0.0384,1,1," """,0.098
Nelson Mandela,copy_last_name,name_lens,6-8,subject_all,4, of,0,16,-9.3223,,-9.2532,-9.3223,-0.069,-2.733|-2.357|-2.718|-1.513,-2.7335,0.0384,1,1," """,0.098
Nelson Mandela,copy_last_name,name_lens,6-8,subject_all,5, Nelson,1,16,-9.3223,,-9.2532,-9.3538,-0.1005,-2.779|-2.365|-2.699|-1.510,-2.7791,-0.0073,2,1," """,0.0972
Nelson Mandela,copy_last_name,name_lens,6-8,subject_all,6, Mandela,1,16,-9.3223,,-9.2532,-9.6009,-0.3476,-2.852|-2.655|-2.547|-1.546,-2.8522,-0.0803,2,1," """,0.0641
Nelson Mandela,copy_last_name,name_lens,6-8,subject_all,7, is,0,16,-9.3223,,-9.2532,-9.6749,-0.4217,-2.932|-2.548|-2.681|-1.514,-2.9321,-0.1602,1,0, not,0.0363
Nelson Mandela,copy_last_name,name_lens,6-8,subject_all,0,<|startoftext|>,0,17,-9.3223,,-9.2532,-9.3223,-0.069,-2.733|-2.357|-2.718|-1.513,-2.7335,0.0384,1,1," """,0.098
Nelson Mandela,copy_last_name,name_lens,6-8,subject_all,1,The,0,17,-9.3223,,-9.2532,-9.3223,-0.069,-2.733|-2.357|-2.718|-1.513,-2.7335,0.0384,1,1," """,0.098
Nelson Mandela,copy_last_name,name_lens,6-8,subject_all,2, last,0,17,-9.3223,,-9.2532,-9.3223,-0.069,-2.733|-2.357|-2.718|-1.513,-2.7335,0.0384,1,1," """,0.098
Nelson Mandela,copy_last_name,name_lens,6-8,subject_all,3, name,0,17,-9.3223,,-9.2532,-9.3223,-0.069,-2.733|-2.357|-2.718|-1.513,-2.7335,0.0384,1,1," """,0.098
Nelson Mandela,copy_last_name,name_lens,6-8,subject_all,4, of,0,17,-9.3223,,-9.2532,-9.3223,-0.069,-2.733|-2.357|-2.718|-1.513,-2.7335,0.0384,1,1," """,0.098
Nelson Mandela,copy_last_name,name_lens,6-8,subject_all,5, Nelson,1,17,-9.3223,,-9.2532,-9.4142,-0.1609,-2.768|-2.418|-2.716|-1.512,-2.768,0.0039,1,1," """,0.0978
Nelson Mandela,copy_last_name,name_lens,6-8,subject_all,6, Mandela,1,17,-9.3223,,-9.2532,-9.4413,-0.188,-2.827|-2.450|-2.648|-1.516,-2.8274,-0.0556,2,1," """,0.0721
Nelson Mandela,copy_last_name,name_lens,6-8,subject_all,7, is,0,17,-9.3223,,-9.2532,-9.8598,-0.6065,-3.027|-2.605|-2.682|-1.547,-3.0267,-0.2548,2,1," """,0.0364
Nelson Mandela,copy_last_name,name_lens,6-8,subject_all,0,<|startoftext|>,0,18,-9.3223,,-9.2532,-9.3223,-0.069,-2.733|-2.357|-2.718|-1.513,-2.7335,0.0384,1,1," """,0.098
Nelson Mandela,copy_last_name,name_lens,6-8,subject_all,1,The,0,18,-9.3223,,-9.2532,-9.3223,-0.069,-2.733|-2.357|-2.718|-1.513,-2.7335,0.0384,1,1," """,0.098
Nelson Mandela,copy_last_name,name_lens,6-8,subject_all,2, last,0,18,-9.3223,,-9.2532,-9.3223,-0.069,-2.733|-2.357|-2.718|-1.513,-2.7335,0.0384,1,1," """,0.098
Nelson Mandela,copy_last_name,name_lens,6-8,subject_all,3, name,0,18,-9.3223,,-9.2532,-9.3223,-0.069,-2.733|-2.357|-2.718|-1.513,-2.7335,0.0384,1,1," """,0.098
Nelson Mandela,copy_last_name,name_lens,6-8,subject_all,4, of,0,18,-9.3223,,-9.2532,-9.3223,-0.069,-2.733|-2.357|-2.718|-1.513,-2.7335,0.0384,1,1," """,0.098
Nelson Mandela,copy_last_name,name_lens,6-8,subject_all,5, Nelson,1,18,-9.3223,,-9.2532,-9.3383,-0.085,-2.715|-2.366|-2.746|-1.511,-2.715,0.0568,1,0, not,0.0961
Nelson Mandela,copy_last_name,name_lens,6-8,subject_all,6, Mandela,1,18,-9.3223,,-9.2532,-9.4132,-0.1599,-2.781|-2.441|-2.658|-1.533,-2.7809,-0.009,1,0, not,0.0707
Nelson Mandela,copy_last_name,name_lens,6-8,subject_all,7, is,0,18,-9.3223,,-9.2532,-9.3548,-0.1015,-2.793|-2.377|-2.711|-1.475,-2.7926,-0.0207,1,0, not,0.0263
Nelson Mandela,copy_last_name,name_lens,6-8,subject_all,0,<|startoftext|>,0,19,-9.3223,,-9.2532,-9.3223,-0.069,-2.733|-2.357|-2.718|-1.513,-2.7335,0.0384,1,1," """,0.098
Nelson Mandela,copy_last_name,name_lens,6-8,subject_all,1,The,0,19,-9.3223,,-9.2532,-9.3223,-0.069,-2.733|-2.357|-2.718|-1.513,-2.7335,0.0384,1,1," """,0.098
Nelson Mandela,copy_last_name,name_lens,6-8,subject_all,2, last,0,19,-9.3223,,-9.2532,-9.3223,-0.069,-2.733|-2.357|-2.718|-1.513,-2.7335,0.0384,1,1," """,0.098
Nelson Mandela,copy_last_name,name_lens,6-8,subject_all,3, name,0,19,-9.3223,,-9.2532,-9.3223,-0.069,-2.733|-2.357|-2.718|-1.513,-2.7335,0.0384,1,1," """,0.098
Nelson Mandela,copy_last_name,name_lens,6-8,subject_all,4, of,0,19,-9.3223,,-9.2532,-9.3223,-0.069,-2.733|-2.357|-2.718|-1.513,-2.7335,0.0384,1,1," """,0.098
Nelson Mandela,copy_last_name,name_lens,6-8,subject_all,5, Nelson,1,19,-9.3223,,-9.2532,-9.3117,-0.0584,-2.728|-2.376|-2.723|-1.485,-2.7277,0.0442,1,1," """,0.0955
Nelson Mandela,copy_last_name,name_lens,6-8,subject_all,6, Mandela,1,19,-9.3223,,-9.2532,-9.5291,-0.2758,-2.831|-2.475|-2.705|-1.519,-2.8305,-0.0586,2,1," """,0.0791
Nelson Mandela,copy_last_name,name_lens,6-8,subject_all,7, is,0,19,-9.3223,,-9.2532,-9.184,0.0693,-2.659|-2.378|-2.674|-1.473,-2.6592,0.1127,1,0, not,0.0192
Nelson Mandela,copy_last_name,name_lens,6-8,subject_all,0,<|startoftext|>,0,20,-9.3223,,-9.2532,-9.3223,-0.069,-2.733|-2.357|-2.718|-1.513,-2.7335,0.0384,1,1," """,0.098
Nelson Mandela,copy_last_name,name_lens,6-8,subject_all,1,The,0,20,-9.3223,,-9.2532,-9.3223,-0.069,-2.733|-2.357|-2.718|-1.513,-2.7335,0.0384,1,1," """,0.098
Nelson Mandela,copy_last_name,name_lens,6-8,subject_all,2, last,0,20,-9.3223,,-9.2532,-9.3223,-0.069,-2.733|-2.357|-2.718|-1.513,-2.7335,0.0384,1,1," """,0.098
Nelson Mandela,copy_last_name,name_lens,6-8,subject_all,3, name,0,20,-9.3223,,-9.2532,-9.3223,-0.069,-2.733|-2.357|-2.718|-1.513,-2.7335,0.0384,1,1," """,0.098
Nelson Mandela,copy_last_name,name_lens,6-8,subject_all,4, of,0,20,-9.3223,,-9.2532,-9.3223,-0.069,-2.733|-2.357|-2.718|-1.513,-2.7335,0.0384,1,1," """,0.098
Nelson Mandela,copy_last_name,name_lens,6-8,subject_all,5, Nelson,1,20,-9.3223,,-9.2532,-9.3285,-0.0753,-2.726|-2.374|-2.714|-1.514,-2.7262,0.0457,1,1," """,0.095
Nelson Mandela,copy_last_name,name_lens,6-8,subject_all,6, Mandela,1,20,-9.3223,,-9.2532,-9.5045,-0.2512,-2.819|-2.470|-2.698|-1.517,-2.8191,-0.0472,1,1," """,0.0761
Nelson Mandela,copy_last_name,name_lens,6-8,subject_all,7, is,0,20,-9.3223,,-9.2532,-9.2635,-0.0102,-2.663|-2.361|-2.716|-1.523,-2.6627,0.1092,1,0, not,0.0186
Nelson Mandela,copy_last_name,name_lens,6-8,subject_all,0,<|startoftext|>,0,21,-9.3223,,-9.2532,-9.3223,-0.069,-2.733|-2.357|-2.718|-1.513,-2.7335,0.0384,1,1," """,0.098
Nelson Mandela,copy_last_name,name_lens,6-8,subject_all,1,The,0,21,-9.3223,,-9.2532,-9.3223,-0.069,-2.733|-2.357|-2.718|-1.513,-2.7335,0.0384,1,1," """,0.098
Nelson Mandela,copy_last_name,name_lens,6-8,subject_all,2, last,0,21,-9.3223,,-9.2532,-9.3223,-0.069,-2.733|-2.357|-2.718|-1.513,-2.7335,0.0384,1,1," """,0.098
Nelson Mandela,copy_last_name,name_lens,6-8,subject_all,3, name,0,21,-9.3223,,-9.2532,-9.3223,-0.069,-2.733|-2.357|-2.718|-1.513,-2.7335,0.0384,1,1," """,0.098
Nelson Mandela,copy_last_name,name_lens,6-8,subject_all,4, of,0,21,-9.3223,,-9.2532,-9.3223,-0.069,-2.733|-2.357|-2.718|-1.513,-2.7335,0.0384,1,1," """,0.098
Nelson Mandela,copy_last_name,name_lens,6-8,subject_all,5, Nelson,1,21,-9.3223,,-9.2532,-9.3532,-0.0999,-2.746|-2.372|-2.722|-1.512,-2.7463,0.0256,1,1," """,0.096
Nelson Mandela,copy_last_name,name_lens,6-8,subject_all,6, Mandela,1,21,-9.3223,,-9.2532,-9.3854,-0.1321,-2.820|-2.358|-2.701|-1.506,-2.8202,-0.0483,2,1," """,0.0823
Nelson Mandela,copy_last_name,name_lens,6-8,subject_all,7, is,0,21,-9.3223,,-9.2532,-9.2603,-0.0071,-2.672|-2.366|-2.718|-1.504,-2.6725,0.0994,1,0, not,0.0098
Nelson Mandela,copy_last_name,name_lens,6-8,subject_all,0,<|startoftext|>,0,22,-9.3223,,-9.2532,-9.3223,-0.069,-2.733|-2.357|-2.718|-1.513,-2.7335,0.0384,1,1," """,0.098
Nelson Mandela,copy_last_name,name_lens,6-8,subject_all,1,The,0,22,-9.3223,,-9.2532,-9.3223,-0.069,-2.733|-2.357|-2.718|-1.513,-2.7335,0.0384,1,1," """,0.098
Nelson Mandela,copy_last_name,name_lens,6-8,subject_all,2, last,0,22,-9.3223,,-9.2532,-9.3223,-0.069,-2.733|-2.357|-2.718|-1.513,-2.7335,0.0384,1,1," """,0.098
Nelson Mandela,copy_last_name,name_lens,6-8,subject_all,3, name,0,22,-9.3223,,-9.2532,-9.3223,-0.069,-2.733|-2.357|-2.718|-1.513,-2.7335,0.0384,1,1," """,0.098
Nelson Mandela,copy_last_name,name_lens,6-8,subject_all,4, of,0,22,-9.3223,,-9.2532,-9.3223,-0.069,-2.733|-2.357|-2.718|-1.513,-2.7335,0.0384,1,1," """,0.098
Nelson Mandela,copy_last_name,name_lens,6-8,subject_all,5, Nelson,1,22,-9.3223,,-9.2532,-9.337,-0.0838,-2.737|-2.366|-2.720|-1.513,-2.7372,0.0347,1,1," """,0.0967
Nelson Mandela,copy_last_name,name_lens,6-8,subject_all,6, Mandela,1,22,-9.3223,,-9.2532,-9.3124,-0.0591,-2.753|-2.378|-2.675|-1.507,-2.7532,0.0187,1,1," """,0.0822
Nelson Mandela,copy_last_name,name_lens,6-8,subject_all,7, is,0,22,-9.3223,,-9.2532,-9.3455,-0.0922,-2.746|-2.371|-2.716|-1.512,-2.7461,0.0258,1,0, not,0.0073
