id,lexical_key,family,tier,role,target,text,occurrence,layer,sv_index_zero_based,target_token_index,target_position_fraction,sequence_length,target_token_decoded,activation_raw,activation_cos,hidden_norm,activation_prev1,activation_next1,activation_next2,next_token_entropy_nats,next_token_top_probability,actual_next_surprisal_nats,actual_next_token
colon_pos_1,colon,colon,core,positive,:,There is one reason the experiment failed: the sensor was unplugged.,0,7,12,7,0.5384615384615384,14,:,50.925514221191406,0.07260193675756454,701.4346313476562,38.830020904541016,49.13496398925781,33.019737243652344,4.083418846130371,0.31994038820266724,1.1396205425262451, the
colon_pos_1,colon,colon,core,positive,:,There is one reason the experiment failed: the sensor was unplugged.,0,8,12,7,0.5384615384615384,14,:,49.9171257019043,0.05735104903578758,870.3786010742188,50.54293441772461,61.63821792602539,43.727134704589844,4.083418846130371,0.31994038820266724,1.1396205425262451, the
colon_pos_2,colon,colon,core,positive,:,The central problem is simple: nobody checked the calibration.,0,7,12,5,0.5,11,:,60.660980224609375,0.08307603746652603,730.186279296875,17.740936279296875,50.20819854736328,29.98530387878418,3.3211238384246826,0.2898067831993103,11.582290649414062, nobody
colon_pos_2,colon,colon,core,positive,:,The central problem is simple: nobody checked the calibration.,0,8,12,5,0.5,11,:,63.10063934326172,0.07128852605819702,885.1444091796875,42.576595306396484,63.75883865356445,47.513912200927734,3.3211238384246826,0.2898067831993103,11.582290649414062, nobody
colon_pos_3,colon,colon,core,positive,:,She gave us one warning: the road would close before sunset.,0,7,12,5,0.4166666666666667,13,:,63.889183044433594,0.09244446456432343,691.1088256835938,26.55219841003418,53.09942626953125,30.69530487060547,5.188255786895752,0.12855187058448792,3.1764228343963623, the
colon_pos_3,colon,colon,core,positive,:,She gave us one warning: the road would close before sunset.,0,8,12,5,0.4166666666666667,13,:,68.39786529541016,0.07711303234100342,886.98193359375,31.450231552124023,67.12496948242188,37.48475646972656,5.188255786895752,0.12855187058448792,3.1764228343963623, the
colon_pos_4,colon,colon,core,positive,:,The report reached a surprising conclusion: the smaller model was more reliable.,0,7,12,6,0.46153846153846156,14,:,64.9435806274414,0.09147137403488159,709.988037109375,23.110877990722656,47.46826171875,22.037572860717773,4.924277305603027,0.26601630449295044,1.3241976499557495, the
colon_pos_4,colon,colon,core,positive,:,The report reached a surprising conclusion: the smaller model was more reliable.,0,8,12,6,0.46153846153846156,14,:,69.87760925292969,0.0815872997045517,856.4765625,30.499448776245117,59.09401321411133,37.64870834350586,4.924277305603027,0.26601630449295044,1.3241976499557495, the
colon_neg_1,colon,colon,core,negative,:,The meeting starts at 3:30 tomorrow afternoon.,0,7,12,6,0.6,11,:,35.24915313720703,0.06252909451723099,563.7240600585938,38.48822021484375,26.24714469909668,25.388826370239258,2.048475503921509,0.5401970744132996,1.8033212423324585,30
colon_neg_1,colon,colon,core,negative,:,The meeting starts at 3:30 tomorrow afternoon.,0,8,12,6,0.6,11,:,29.088844299316406,0.03880595043301582,749.5975341796875,44.016845703125,22.514907836914062,30.738365173339844,2.048475503921509,0.5401970744132996,1.8033212423324585,30
colon_neg_2,colon,colon,core,negative,:,The final score was 4:2 after extra time.,0,7,12,6,0.5454545454545454,12,:,41.21708679199219,0.06439823657274246,640.034423828125,31.29547119140625,13.053391456604004,35.09487533569336,2.1181905269622803,0.21558444201946259,1.53440260887146,2
colon_neg_2,colon,colon,core,negative,:,The final score was 4:2 after extra time.,0,8,12,6,0.5454545454545454,12,:,35.03725051879883,0.03797363117337227,922.6731567382812,38.31730270385742,11.385322570800781,56.51508712768555,2.1181905269622803,0.21558444201946259,1.53440260887146,2
colon_neg_3,colon,colon,core,negative,:,The ratio of red to blue pieces is 3:5.,0,7,12,10,0.8333333333333334,13,:,31.36676788330078,0.04322854056954384,725.6032104492188,29.26614761352539,18.189464569091797,27.032697677612305,1.8433339595794678,0.32598525285720825,1.7459031343460083,5
colon_neg_3,colon,colon,core,negative,:,The ratio of red to blue pieces is 3:5.,0,8,12,10,0.8333333333333334,13,:,23.235572814941406,0.02443196065723896,951.0318603515625,35.97260284423828,25.04094886779785,22.68486976623535,1.8433339595794678,0.32598525285720825,1.7459031343460083,5
colon_neg_4,colon,colon,core,negative,:,The timestamp reads 12:45:08.,0,7,12,5,0.5555555555555556,10,:,36.042510986328125,0.053739916533231735,670.6841430664062,16.11557388305664,16.729883193969727,28.42685317993164,3.8269591331481934,0.16454991698265076,3.3045413494110107,45
colon_neg_4,colon,colon,core,negative,:,The timestamp reads 12:45:08.,0,8,12,5,0.5555555555555556,10,:,26.85306167602539,0.031028777360916138,865.4244384765625,26.957822799682617,15.689299583435059,15.015856742858887,3.8269591331481934,0.16454991698265076,3.3045413494110107,45
who_pos_1,who,relative,core,positive,who,"I spoke with Maya, who had already read the report.",0,7,12,5,0.45454545454545453,12, who,67.89239501953125,0.0936315581202507,725.1016235351562,37.36323547363281,31.278432846069336,37.03860855102539,4.3973283767700195,0.18378421664237976,3.006493091583252, had
who_pos_1,who,relative,core,positive,who,"I spoke with Maya, who had already read the report.",0,8,12,5,0.45454545454545453,12, who,80.32328033447266,0.0937500149011612,856.781494140625,49.920509338378906,42.99705505371094,53.9484977722168,4.3973283767700195,0.18378421664237976,3.006493091583252, had
who_neg_1,who,relative,core,negative,who,The editor underlined the word who in red.,0,7,12,6,0.6666666666666666,10, who,57.7091064453125,0.08524920791387558,676.9459838867188,50.53416061401367,23.10048484802246,18.183412551879883,4.461093425750732,0.12874798476696014,2.049898386001587, in
who_neg_1,who,relative,core,negative,who,The editor underlined the word who in red.,0,8,12,6,0.6666666666666666,10, who,57.63412857055664,0.0669897124171257,860.343017578125,62.518184661865234,36.72618865966797,27.667491912841797,4.461093425750732,0.12874798476696014,2.049898386001587, in
who_pos_2,who,relative,core,positive,who,The engineer who designed the device later explained the flaw.,0,7,12,2,0.2,11, who,66.05973815917969,0.09220907837152481,716.4125366210938,12.274643898010254,16.9377498626709,37.014991760253906,5.968016624450684,0.04898951202630997,3.3286490440368652, designed
who_pos_2,who,relative,core,positive,who,The engineer who designed the device later explained the flaw.,0,8,12,2,0.2,11, who,74.54361724853516,0.0895063504576683,832.8305053710938,16.59371566772461,31.084028244018555,45.266239166259766,5.968016624450684,0.04898951202630997,3.3286490440368652, designed
who_neg_2,who,relative,core,negative,who,They printed who on a separate line.,0,7,12,2,0.2857142857142857,8, who,55.4629020690918,0.08627268671989441,642.8790283203125,28.08847427368164,31.324966430664062,34.59811019897461,5.418462753295898,0.13660992681980133,7.428125381469727, on
who_neg_2,who,relative,core,negative,who,They printed who on a separate line.,0,8,12,2,0.2857142857142857,8, who,62.34080123901367,0.08064864575862885,772.9925537109375,39.2562141418457,40.600528717041016,44.98509979248047,5.418462753295898,0.13660992681980133,7.428125381469727, on
who_pos_3,who,relative,core,positive,who,"We hired Elena, who had worked on the original system.",0,7,12,4,0.36363636363636365,12, who,61.058170318603516,0.0884900912642479,690.0000610351562,38.98769760131836,26.1948184967041,35.88948440551758,4.44541597366333,0.16090159118175507,2.701962471008301, had
who_pos_3,who,relative,core,positive,who,"We hired Elena, who had worked on the original system.",0,8,12,4,0.36363636363636365,12, who,73.96812438964844,0.08739835023880005,846.3331909179688,48.34670639038086,37.44352340698242,48.4803466796875,4.44541597366333,0.16090159118175507,2.701962471008301, had
who_neg_3,who,relative,core,negative,who,The teacher asked the class to spell who.,0,7,12,7,0.875,9, who,62.30376434326172,0.09479578584432602,657.241943359375,50.82440948486328,33.71800231933594,,5.060587406158447,0.12093415856361389,4.112508773803711,.
who_neg_3,who,relative,core,negative,who,The teacher asked the class to spell who.,0,8,12,7,0.875,9, who,63.351280212402344,0.07208327949047089,878.8623657226562,62.128780364990234,32.91643524169922,,5.060587406158447,0.12093415856361389,4.112508773803711,.
who_pos_4,who,relative,core,positive,who,I met a researcher who studies language models.,0,7,12,4,0.5,9, who,66.08573913574219,0.09154665470123291,721.8804321289062,18.982202529907227,35.72795486450195,20.13302230834961,4.673527717590332,0.1768876314163208,4.857240676879883, studies
who_pos_4,who,relative,core,positive,who,I met a researcher who studies language models.,0,8,12,4,0.5,9, who,68.36334991455078,0.07832518965005875,872.8143920898438,30.66893196105957,56.92555236816406,34.67866516113281,4.673527717590332,0.1768876314163208,4.857240676879883, studies
who_neg_4,who,relative,core,negative,who,The search box already contained the word who.,0,7,12,7,0.875,9, who,61.49211883544922,0.09594754129648209,640.8931274414062,50.45199203491211,31.676664352416992,,4.726601600646973,0.1183299869298935,2.2592780590057373,.
who_neg_4,who,relative,core,negative,who,The search box already contained the word who.,0,8,12,7,0.875,9, who,60.597755432128906,0.07826073467731476,774.3059692382812,62.50122833251953,26.681886672973633,,4.726601600646973,0.1183299869298935,2.2592780590057373,.
where_pos_1,where,relative,core,positive,where,"We returned to the cabin, where the supplies had been stored.",0,7,12,6,0.5,13, where,62.02607727050781,0.08801582455635071,704.715087890625,31.422311782836914,41.54145431518555,25.356164932250977,3.08362078666687,0.4212746024131775,1.739470362663269, the
where_pos_1,where,relative,core,positive,where,"We returned to the cabin, where the supplies had been stored.",0,8,12,6,0.5,13, where,78.71163177490234,0.09095362573862076,865.4039916992188,41.03977584838867,53.52722930908203,33.230796813964844,3.08362078666687,0.4212746024131775,1.739470362663269, the
where_neg_1,where,relative,core,negative,where,The editor underlined the word where in red.,0,7,12,6,0.6666666666666666,10, where,60.926849365234375,0.0879131406545639,693.0346069335938,50.53416061401367,17.78145408630371,15.88299560546875,2.6282081604003906,0.5138493180274963,7.228325366973877, in
where_neg_1,where,relative,core,negative,where,The editor underlined the word where in red.,0,8,12,6,0.6666666666666666,10, where,78.16002655029297,0.0916948914527893,852.3923950195312,62.518184661865234,28.253494262695312,22.073177337646484,2.6282081604003906,0.5138493180274963,7.228325366973877, in
where_pos_2,where,relative,core,positive,where,This is the point where the two explanations begin to differ.,0,7,12,4,0.36363636363636365,12, where,65.76898193359375,0.08417480438947678,781.3380737304688,46.274681091308594,40.67808151245117,28.16720199584961,3.026733875274658,0.5187640190124512,0.6563062071800232, the
where_pos_2,where,relative,core,positive,where,This is the point where the two explanations begin to differ.,0,8,12,4,0.36363636363636365,12, where,75.48400115966797,0.0817699059844017,923.126953125,57.207122802734375,51.1422233581543,49.25419235229492,3.026733875274658,0.5187640190124512,0.6563062071800232, the
where_neg_2,where,relative,core,negative,where,They printed where on the first line.,0,7,12,2,0.2857142857142857,8, where,51.55044174194336,0.07618778198957443,676.6234741210938,28.08847427368164,36.950435638427734,38.25227737426758,5.703282833099365,0.12329506129026413,7.061924934387207, on
where_neg_2,where,relative,core,negative,where,They printed where on the first line.,0,8,12,2,0.2857142857142857,8, where,60.103492736816406,0.07216307520866394,832.88427734375,39.2562141418457,45.60200500488281,46.7557373046875,5.703282833099365,0.12329506129026413,7.061924934387207, on
where_pos_3,where,relative,core,positive,where,"They reached the valley, where the river turns north.",0,7,12,5,0.5,11, where,66.81993103027344,0.08744445443153381,764.1414184570312,36.90742492675781,43.67509460449219,33.43112564086914,2.5532312393188477,0.5647233128547668,0.5714194178581238, the
where_pos_3,where,relative,core,positive,where,"They reached the valley, where the river turns north.",0,8,12,5,0.5,11, where,83.97068786621094,0.09387186914682388,894.5245361328125,47.56370544433594,55.482120513916016,41.47865676879883,2.5532312393188477,0.5647233128547668,0.5714194178581238, the
where_neg_3,where,relative,core,negative,where,The teacher asked the class to spell where.,0,7,12,7,0.875,9, where,53.57545471191406,0.07711951434612274,694.7068481445312,50.82440948486328,34.389404296875,,4.065932750701904,0.23297904431819916,3.0193066596984863,.
where_neg_3,where,relative,core,negative,where,The teacher asked the class to spell where.,0,8,12,7,0.875,9, where,60.89088821411133,0.06885126233100891,884.3829956054688,62.128780364990234,35.28413009643555,,4.065932750701904,0.23297904431819916,3.0193066596984863,.
where_pos_4,where,relative,core,positive,where,I remember the room where we first ran the experiment.,0,7,12,4,0.4,11, where,63.61178207397461,0.08723162859678268,729.2283935546875,50.428096771240234,43.0393180847168,46.76173782348633,3.3876171112060547,0.20373694598674774,1.5909255743026733, we
where_pos_4,where,relative,core,positive,where,I remember the room where we first ran the experiment.,0,8,12,4,0.4,11, where,78.1055908203125,0.08849804848432541,882.5685424804688,53.72896957397461,57.02251052856445,62.012451171875,3.3876171112060547,0.20373694598674774,1.5909255743026733, we
where_neg_4,where,relative,core,negative,where,The search query consisted only of the word where.,0,7,12,8,0.8888888888888888,10, where,52.56281280517578,0.07976538687944412,658.9677124023438,46.360652923583984,21.80952262878418,,4.456595420837402,0.23749157786369324,2.6251230239868164,.
where_neg_4,where,relative,core,negative,where,The search query consisted only of the word where.,0,8,12,8,0.8888888888888888,10, where,67.280029296875,0.08373910188674927,803.4481811523438,57.43697738647461,15.572702407836914,,4.456595420837402,0.23749157786369324,2.6251230239868164,.
that_pos_1,that,complementizer,core,positive,that,I realized that the second measurement was wrong.,0,7,12,2,0.25,9, that,59.018104553222656,0.0885227620601654,666.6997680664062,10.063458442687988,41.427696228027344,22.150217056274414,4.2715911865234375,0.2759805917739868,1.2874246835708618, the
that_pos_1,that,complementizer,core,positive,that,I realized that the second measurement was wrong.,0,8,12,2,0.25,9, that,62.001251220703125,0.075942762196064,816.4208374023438,25.566444396972656,52.55994415283203,37.91437911987305,4.2715911865234375,0.2759805917739868,1.2874246835708618, the
that_neg_1,that,complementizer,core,negative,that,I bought that book at the airport yesterday.,0,7,12,2,0.25,9, that,47.94747543334961,0.06376072019338608,751.9907836914062,26.82738494873047,46.91495132446289,42.08526611328125,6.160772800445557,0.07116156071424484,2.6428024768829346, book
that_neg_1,that,complementizer,core,negative,that,I bought that book at the airport yesterday.,0,8,12,2,0.25,9, that,44.880470275878906,0.04768095910549164,941.26611328125,33.63745880126953,52.98127365112305,50.94401168823242,6.160772800445557,0.07116156071424484,2.6428024768829346, book
that_pos_2,that,complementizer,core,positive,that,The results suggest that the effect is much smaller than expected.,0,7,12,3,0.2727272727272727,12, that,52.15550994873047,0.0860060304403305,606.4168701171875,30.034042358398438,43.607704162597656,40.09983825683594,5.232694625854492,0.3081951439380646,1.177022099494934, the
that_pos_2,that,complementizer,core,positive,that,The results suggest that the effect is much smaller than expected.,0,8,12,3,0.2727272727272727,12, that,57.33340072631836,0.07319563627243042,783.2898559570312,47.450252532958984,56.05306625366211,47.48435974121094,5.232694625854492,0.3081951439380646,1.177022099494934, the
that_neg_2,that,complementizer,core,negative,that,We moved that chair into the hallway.,0,7,12,2,0.2857142857142857,8, that,41.795101165771484,0.06142390891909599,680.43701171875,17.686235427856445,35.3599739074707,19.812044143676758,4.4667863845825195,0.13746991753578186,10.890600204467773, chair
that_neg_2,that,complementizer,core,negative,that,We moved that chair into the hallway.,0,8,12,2,0.2857142857142857,8, that,41.394107818603516,0.04958995804190636,834.7276000976562,35.49773025512695,35.79278564453125,31.016584396362305,4.4667863845825195,0.13746991753578186,10.890600204467773, chair
that_pos_3,that,complementizer,core,positive,that,She noticed that the final column was missing.,0,7,12,2,0.25,9, that,61.535438537597656,0.09258566796779633,664.6324462890625,34.3524169921875,48.20356750488281,34.46577453613281,4.009732723236084,0.3717437982559204,0.9895504117012024, the
that_pos_3,that,complementizer,core,positive,that,She noticed that the final column was missing.,0,8,12,2,0.25,9, that,64.40738677978516,0.07649487257003784,841.9830932617188,55.61404037475586,56.74286651611328,48.41596603393555,4.009732723236084,0.3717437982559204,0.9895504117012024, the
that_neg_3,that,complementizer,core,negative,that,Please hand me that folder on the desk.,0,7,12,3,0.375,9, that,47.40070724487305,0.07130441069602966,664.7654418945312,30.200864791870117,34.111820220947266,37.15736389160156,6.246607303619385,0.05325990915298462,6.3388214111328125, folder
that_neg_3,that,complementizer,core,negative,that,Please hand me that folder on the desk.,0,8,12,3,0.375,9, that,44.48866271972656,0.04596877843141556,967.8016967773438,35.47140121459961,38.47015380859375,45.97318649291992,6.246607303619385,0.05325990915298462,6.3388214111328125, folder
that_pos_4,that,complementizer,core,positive,that,They concluded that the error came from preprocessing.,0,7,12,2,0.25,9, that,49.78829574584961,0.07300270348787308,682.0061645507812,14.886237144470215,42.252628326416016,17.079191207885742,5.550184726715088,0.2598830759525299,1.3475234508514404, the
that_pos_4,that,complementizer,core,positive,that,They concluded that the error came from preprocessing.,0,8,12,2,0.25,9, that,51.9732780456543,0.0653521716594696,795.2800903320312,27.23617172241211,54.31490707397461,27.058998107910156,5.550184726715088,0.2598830759525299,1.3475234508514404, the
that_neg_4,that,complementizer,core,negative,that,I remember that building across the street.,0,7,12,2,0.2857142857142857,8, that,53.00201416015625,0.07758418470621109,683.1548461914062,27.909923553466797,6.478897571563721,29.960033416748047,4.167710304260254,0.2193896770477295,7.766905784606934, building
that_neg_4,that,complementizer,core,negative,that,I remember that building across the street.,0,8,12,2,0.2857142857142857,8, that,54.88180923461914,0.06736009567975998,814.7525634765625,44.450843811035156,13.833271980285645,44.898902893066406,4.167710304260254,0.2193896770477295,7.766905784606934, building
fact_pos_1,fact,in_fact,core,positive,fact,"In fact, the second model performed substantially better.",0,7,12,1,0.1111111111111111,10, fact,60.29758071899414,0.08502107113599777,709.20751953125,13.772330284118652,36.21993637084961,36.7653923034668,2.556020736694336,0.4337419867515564,2.2103054523468018,","
fact_pos_1,fact,in_fact,core,positive,fact,"In fact, the second model performed substantially better.",0,8,12,1,0.1111111111111111,10, fact,70.60687255859375,0.08213251084089279,859.6702270507812,-265.2569274902344,42.57036590576172,47.15994644165039,2.556020736694336,0.4337419867515564,2.2103054523468018,","
fact_neg_1,fact,in_fact,core,negative,fact,The fact surprised everyone in the room.,0,7,12,1,0.14285714285714285,8, fact,48.1484489440918,0.06390349566936493,753.4556274414062,25.340686798095703,23.56916046142578,46.5836181640625,0.13401943445205688,0.987846851348877,18.14504051208496, surprised
fact_neg_1,fact,in_fact,core,negative,fact,The fact surprised everyone in the room.,0,8,12,1,0.14285714285714285,8, fact,56.32619857788086,0.06628069281578064,849.8131103515625,-260.52349853515625,43.66924285888672,63.153594970703125,0.13401943445205688,0.987846851348877,18.14504051208496, surprised
fact_pos_2,fact,in_fact,core,positive,fact,"In fact, nobody had checked whether the file existed.",0,7,12,1,0.1,11, fact,60.29758071899414,0.08502107113599777,709.20751953125,13.772330284118652,36.21993637084961,47.50654983520508,2.556020736694336,0.4337419867515564,2.2103054523468018,","
fact_pos_2,fact,in_fact,core,positive,fact,"In fact, nobody had checked whether the file existed.",0,8,12,1,0.1,11, fact,70.60687255859375,0.08213251084089279,859.6702270507812,-265.2569274902344,42.57036590576172,63.64065170288086,2.556020736694336,0.4337419867515564,2.2103054523468018,","
fact_neg_2,fact,in_fact,core,negative,fact,That fact remained controversial for years.,0,7,12,1,0.16666666666666666,7, fact,59.84521484375,0.08015629649162292,746.6065673828125,40.30311584472656,32.82216262817383,28.649436950683594,4.795078754425049,0.20656247437000275,8.045902252197266, remained
fact_neg_2,fact,in_fact,core,negative,fact,That fact remained controversial for years.,0,8,12,1,0.16666666666666666,7, fact,68.83059692382812,0.08170834183692932,842.3937377929688,-258.3110046386719,47.49021911621094,37.928775787353516,4.795078754425049,0.20656247437000275,8.045902252197266, remained
fact_pos_3,fact,in_fact,core,positive,fact,"In fact, the effect grew after the intervention.",0,7,12,1,0.1111111111111111,10, fact,60.29758071899414,0.08502107113599777,709.20751953125,13.772330284118652,36.21993637084961,36.7653923034668,2.556020736694336,0.4337419867515564,2.2103054523468018,","
fact_pos_3,fact,in_fact,core,positive,fact,"In fact, the effect grew after the intervention.",0,8,12,1,0.1111111111111111,10, fact,70.60687255859375,0.08213251084089279,859.6702270507812,-265.2569274902344,42.57036590576172,47.15994644165039,2.556020736694336,0.4337419867515564,2.2103054523468018,","
fact_neg_3,fact,in_fact,core,negative,fact,The fact was mentioned briefly in the appendix.,0,7,12,1,0.125,9, fact,48.18048858642578,0.06394287943840027,753.49267578125,25.293237686157227,44.47693634033203,29.608684539794922,0.13368679583072662,0.9878921508789062,11.605932235717773, was
fact_neg_3,fact,in_fact,core,negative,fact,The fact was mentioned briefly in the appendix.,0,8,12,1,0.125,9, fact,56.3802604675293,0.06631644815206528,850.1700439453125,-260.55340576171875,56.61300277709961,42.96088790893555,0.13368679583072662,0.9878921508789062,11.605932235717773, was
fact_pos_4,fact,in_fact,core,positive,fact,"In fact, both experiments produced the same pattern.",0,7,12,1,0.1111111111111111,10, fact,60.29758071899414,0.08502107113599777,709.20751953125,13.772330284118652,36.21993637084961,46.843994140625,2.556020736694336,0.4337419867515564,2.2103054523468018,","
fact_pos_4,fact,in_fact,core,positive,fact,"In fact, both experiments produced the same pattern.",0,8,12,1,0.1111111111111111,10, fact,70.60687255859375,0.08213251084089279,859.6702270507812,-265.2569274902344,42.57036590576172,66.65426635742188,2.556020736694336,0.4337419867515564,2.2103054523468018,","
fact_neg_4,fact,in_fact,core,negative,fact,A single fact changed the entire investigation.,0,7,12,2,0.2857142857142857,8, fact,58.734989166259766,0.07982026785612106,735.8405151367188,44.84687423706055,28.135923385620117,38.68666076660156,4.848533630371094,0.08305902779102325,9.831954002380371, changed
fact_neg_4,fact,in_fact,core,negative,fact,A single fact changed the entire investigation.,0,8,12,2,0.2857142857142857,8, fact,67.92393493652344,0.08602595329284668,789.574951171875,67.1953125,45.87833023071289,58.20023727416992,4.848533630371094,0.08305902779102325,9.831954002380371, changed
point_pos_1,point,temporal_frame,core,positive,point,"At one point, I thought the entire analysis had failed.",0,7,12,2,0.18181818181818182,12, point,65.94763946533203,0.08365154266357422,788.361328125,41.31193542480469,45.87381362915039,39.59395217895508,1.2930023670196533,0.780949056148529,0.24724535644054413,","
point_pos_1,point,temporal_frame,core,positive,point,"At one point, I thought the entire analysis had failed.",0,8,12,2,0.18181818181818182,12, point,80.07421112060547,0.08359340578317642,957.9010620117188,61.60108947753906,57.92610549926758,59.68159103393555,1.2930023670196533,0.780949056148529,0.24724535644054413,","
point_neg_1,point,temporal_frame,core,negative,point,Mark each point on the graph with a small circle.,0,7,12,2,0.2,11, point,47.95730972290039,0.07104718685150146,675.0064697265625,27.588438034057617,44.34010314941406,38.60260772705078,4.36744499206543,0.0869411826133728,3.13002347946167, on
point_neg_1,point,temporal_frame,core,negative,point,Mark each point on the graph with a small circle.,0,8,12,2,0.2,11, point,53.58601379394531,0.06393121927976608,838.1822509765625,45.89591598510742,56.72703170776367,46.3027229309082,4.36744499206543,0.0869411826133728,3.13002347946167, on
point_pos_2,point,temporal_frame,core,positive,point,At one point the crowd became completely silent.,0,7,12,2,0.25,9, point,65.94763946533203,0.08365154266357422,788.361328125,41.31193542480469,58.26237869262695,48.788570404052734,1.2930023670196533,0.780949056148529,3.5597453117370605, the
point_pos_2,point,temporal_frame,core,positive,point,At one point the crowd became completely silent.,0,8,12,2,0.25,9, point,80.07421112060547,0.08359340578317642,957.9010620117188,61.60108947753906,70.48533630371094,49.694679260253906,1.2930023670196533,0.780949056148529,3.5597453117370605, the
point_neg_2,point,temporal_frame,core,negative,point,The red point is slightly above the horizontal line.,0,7,12,2,0.2222222222222222,10, point,47.19774627685547,0.06583646684885025,716.8936767578125,25.076000213623047,33.790611267089844,30.019153594970703,4.071297645568848,0.3412206470966339,1.0752259492874146, is
point_neg_2,point,temporal_frame,core,negative,point,The red point is slightly above the horizontal line.,0,8,12,2,0.2222222222222222,10, point,56.82854461669922,0.0683223083615303,831.7714233398438,38.41991424560547,51.777130126953125,49.82899856567383,4.071297645568848,0.3412206470966339,1.0752259492874146, is
point_pos_3,point,temporal_frame,core,positive,point,"At one point, the two trajectories briefly overlapped.",0,7,12,2,0.2,11, point,65.94763946533203,0.08365154266357422,788.361328125,41.31193542480469,45.87381362915039,42.566123962402344,1.2930023670196533,0.780949056148529,0.24724535644054413,","
point_pos_3,point,temporal_frame,core,positive,point,"At one point, the two trajectories briefly overlapped.",0,8,12,2,0.2,11, point,80.07421112060547,0.08359340578317642,957.9010620117188,61.60108947753906,57.92610549926758,56.56454086303711,1.2930023670196533,0.780949056148529,0.24724535644054413,","
point_neg_3,point,temporal_frame,core,negative,point,Move the point two units to the left.,0,7,12,2,0.25,9, point,52.224727630615234,0.07481939345598221,698.0105590820312,36.460594177246094,35.256378173828125,30.792951583862305,4.886356353759766,0.13035127520561218,7.818772315979004, two
point_neg_3,point,temporal_frame,core,negative,point,Move the point two units to the left.,0,8,12,2,0.25,9, point,60.754695892333984,0.07173416763544083,846.9422607421875,47.20222091674805,53.041603088378906,39.66349411010742,4.886356353759766,0.13035127520561218,7.818772315979004, two
point_pos_4,point,temporal_frame,core,positive,point,At one point we considered discarding the whole dataset.,0,7,12,2,0.2,11, point,65.94763946533203,0.08365154266357422,788.361328125,41.31193542480469,36.1474723815918,30.978639602661133,1.2930023670196533,0.780949056148529,4.1847453117370605, we
point_pos_4,point,temporal_frame,core,positive,point,At one point we considered discarding the whole dataset.,0,8,12,2,0.2,11, point,80.07421112060547,0.08359340578317642,957.9010620117188,61.60108947753906,48.394351959228516,43.555397033691406,1.2930023670196533,0.780949056148529,4.1847453117370605, we
point_neg_4,point,temporal_frame,core,negative,point,Each point represents a separate observation.,0,7,12,1,0.16666666666666666,7, point,46.52123260498047,0.06332778185606003,734.6101684570312,20.041305541992188,39.94432067871094,48.808494567871094,4.175448894500732,0.19234591722488403,4.7109599113464355, represents
point_neg_4,point,temporal_frame,core,negative,point,Each point represents a separate observation.,0,8,12,1,0.16666666666666666,7, point,56.38071060180664,0.07109036296606064,793.0851440429688,-263.8742370605469,58.13538360595703,63.686885833740234,4.175448894500732,0.19234591722488403,4.7109599113464355, represents
feel_pos_1,feel,predicative,core,positive,feel,The lighting makes the room feel much larger than it is.,0,7,12,5,0.45454545454545453,12, feel,60.38322067260742,0.08325830847024918,725.2515869140625,52.82038497924805,53.592445373535156,16.546518325805664,4.1428632736206055,0.16284102201461792,5.439980983734131, much
feel_pos_1,feel,predicative,core,positive,feel,The lighting makes the room feel much larger than it is.,0,8,12,5,0.45454545454545453,12, feel,76.47259521484375,0.07882862538099289,970.1119995117188,55.40717697143555,71.60625457763672,31.183286666870117,4.1428632736206055,0.16284102201461792,5.439980983734131, much
feel_neg_1,feel,predicative,core,negative,feel,I like the feel of the paper in this notebook.,0,7,12,3,0.3,11, feel,47.97935104370117,0.07158991694450378,670.1970825195312,39.786834716796875,39.18511962890625,44.436668395996094,2.730999708175659,0.5880971550941467,0.5308631658554077, of
feel_neg_1,feel,predicative,core,negative,feel,I like the feel of the paper in this notebook.,0,8,12,3,0.3,11, feel,64.84626770019531,0.07393532246351242,877.0675048828125,47.825103759765625,52.82951354980469,51.95530319213867,2.730999708175659,0.5880971550941467,0.5308631658554077, of
feel_pos_2,feel,predicative,core,positive,feel,A few details make the interface feel surprisingly polished.,0,7,12,6,0.6666666666666666,10, feel,62.10409164428711,0.08272925764322281,750.6907958984375,21.476350784301758,46.56523513793945,34.866153717041016,4.2781572341918945,0.18384887278079987,6.818641185760498, surprisingly
feel_pos_2,feel,predicative,core,positive,feel,A few details make the interface feel surprisingly polished.,0,8,12,6,0.6666666666666666,10, feel,81.68038177490234,0.08970773220062256,910.5166625976562,33.63894271850586,70.78836822509766,52.020015716552734,4.2781572341918945,0.18384887278079987,6.818641185760498, surprisingly
feel_neg_2,feel,predicative,core,negative,feel,The soft feel was the main reason she chose the fabric.,0,7,12,2,0.18181818181818182,12, feel,52.15426254272461,0.06921043246984482,753.5606689453125,24.55221939086914,42.644962310791016,34.889747619628906,2.168653726577759,0.6216623187065125,5.537858009338379, was
feel_neg_2,feel,predicative,core,negative,feel,The soft feel was the main reason she chose the fabric.,0,8,12,2,0.18181818181818182,12, feel,66.48119354248047,0.06853912770748138,969.974365234375,34.72474670410156,57.46584701538086,47.40464401245117,2.168653726577759,0.6216623187065125,5.537858009338379, was
feel_pos_3,feel,predicative,core,positive,feel,The music makes the scene feel strangely empty.,0,7,12,5,0.625,9, feel,59.24771499633789,0.08331818878650665,711.101806640625,56.915321350097656,40.57096862792969,35.32863998413086,4.688077449798584,0.1700984239578247,9.115127563476562, strangely
feel_pos_3,feel,predicative,core,positive,feel,The music makes the scene feel strangely empty.,0,8,12,5,0.625,9, feel,78.33927154541016,0.0817546397447586,958.2241821289062,71.8829574584961,64.51689910888672,52.264892578125,4.688077449798584,0.1700984239578247,9.115127563476562, strangely
feel_neg_3,feel,predicative,core,negative,feel,The fabric has a smooth feel against the skin.,0,7,12,5,0.5555555555555556,10, feel,49.95772171020508,0.06447498500347137,774.8388061523438,14.171392440795898,45.09033966064453,39.65590286254883,2.586036443710327,0.3668794333934784,5.190221786499023, against
feel_neg_3,feel,predicative,core,negative,feel,The fabric has a smooth feel against the skin.,0,8,12,5,0.5555555555555556,10, feel,65.58601379394531,0.06636710464954376,988.230712890625,37.97785949707031,62.58237838745117,44.471065521240234,2.586036443710327,0.3668794333934784,5.190221786499023, against
feel_pos_4,feel,predicative,core,positive,feel,Small delays can make the conversation feel awkward.,0,7,12,6,0.75,9, feel,62.610023498535156,0.08511292934417725,735.6112060546875,33.635738372802734,24.243492126464844,37.98967361450195,2.897526979446411,0.4522271454334259,4.106070518493652, awkward
feel_pos_4,feel,predicative,core,positive,feel,Small delays can make the conversation feel awkward.,0,8,12,6,0.75,9, feel,82.4454116821289,0.0862644836306572,955.7283325195312,42.457130432128906,28.0753231048584,41.025020599365234,2.897526979446411,0.4522271454334259,4.106070518493652, awkward
feel_neg_4,feel,predicative,core,negative,feel,She preferred the heavier feel of the older keyboard.,0,7,12,4,0.4444444444444444,10, feel,56.01726150512695,0.07620485126972198,735.087890625,25.498214721679688,46.5664176940918,46.11254119873047,2.418657064437866,0.52214515209198,0.6498096585273743, of
feel_neg_4,feel,predicative,core,negative,feel,She preferred the heavier feel of the older keyboard.,0,8,12,4,0.4444444444444444,10, feel,67.53996276855469,0.07045895606279373,958.5717163085938,40.1501579284668,69.7487564086914,57.16767120361328,2.418657064437866,0.52214515209198,0.6498096585273743, of
spot_pos_1,spot,transitive,core,positive,spot,"If you spot a problem, report it before restarting the machine.",0,7,12,2,0.16666666666666666,13, spot,69.908935546875,0.0925460010766983,755.3966064453125,46.0860481262207,56.51028060913086,50.687591552734375,3.4240944385528564,0.347861647605896,1.055950403213501, a
spot_pos_1,spot,transitive,core,positive,spot,"If you spot a problem, report it before restarting the machine.",0,8,12,2,0.16666666666666666,13, spot,85.29967498779297,0.09742578864097595,875.5348510742188,54.304931640625,72.1175308227539,58.47815704345703,3.4240944385528564,0.347861647605896,1.055950403213501, a
spot_neg_1,spot,transitive,core,negative,spot,We found a quiet spot beside the river.,0,7,12,4,0.5,9, spot,63.903507232666016,0.08471659570932388,754.3209838867188,36.04689025878906,36.83329391479492,42.94779968261719,3.4959449768066406,0.171952024102211,5.635540008544922, beside
spot_neg_1,spot,transitive,core,negative,spot,We found a quiet spot beside the river.,0,8,12,4,0.5,9, spot,72.47737884521484,0.082672119140625,876.6846313476562,45.72801971435547,59.12410354614258,57.063232421875,3.4959449768066406,0.171952024102211,5.635540008544922, beside
spot_pos_2,spot,transitive,core,positive,spot,Experts can spot subtle errors that beginners usually miss.,0,7,12,2,0.2222222222222222,10, spot,68.36782836914062,0.08968725055456161,762.29150390625,37.053157806396484,29.05204963684082,10.079879760742188,5.487563610076904,0.124317966401577,3.3349127769470215, subtle
spot_pos_2,spot,transitive,core,positive,spot,Experts can spot subtle errors that beginners usually miss.,0,8,12,2,0.2222222222222222,10, spot,83.05838012695312,0.0859161764383316,966.7373657226562,44.252777099609375,48.16727828979492,26.529273986816406,5.487563610076904,0.124317966401577,3.3349127769470215, subtle
spot_neg_2,spot,transitive,core,negative,spot,A dark spot appeared near the center of the image.,0,7,12,2,0.2,11, spot,54.95784378051758,0.07035830616950989,781.11376953125,27.831687927246094,42.83490753173828,46.43878936767578,4.558581829071045,0.12692999839782715,4.189119338989258, appeared
spot_neg_2,spot,transitive,core,negative,spot,A dark spot appeared near the center of the image.,0,8,12,2,0.2,11, spot,67.50265502929688,0.06876499950885773,981.642578125,40.67526626586914,59.6262092590332,76.35121154785156,4.558581829071045,0.12692999839782715,4.189119338989258, appeared
spot_pos_3,spot,transitive,core,positive,spot,You can spot the difference once the curves are overlaid.,0,7,12,2,0.18181818181818182,12, spot,71.43944549560547,0.09758730232715607,732.0567626953125,42.945255279541016,66.42069244384766,34.05165100097656,4.775936603546143,0.24167993664741516,1.4201409816741943, the
spot_pos_3,spot,transitive,core,positive,spot,You can spot the difference once the curves are overlaid.,0,8,12,2,0.18181818181818182,12, spot,84.5610122680664,0.09945912659168243,850.2086791992188,48.903045654296875,82.5201187133789,48.18349838256836,4.775936603546143,0.24167993664741516,1.4201409816741943, the
spot_neg_3,spot,transitive,core,negative,spot,She saved a parking spot near the entrance.,0,7,12,4,0.5,9, spot,59.501686096191406,0.07488605380058289,794.56298828125,18.65041732788086,41.36985778808594,44.64384460449219,3.3158016204833984,0.378318727016449,4.909518241882324, near
spot_neg_3,spot,transitive,core,negative,spot,She saved a parking spot near the entrance.,0,8,12,4,0.5,9, spot,62.6607666015625,0.06305330991744995,993.7744750976562,18.01140594482422,67.08452606201172,55.51980209350586,3.3158016204833984,0.378318727016449,4.909518241882324, near
spot_pos_4,spot,transitive,core,positive,spot,I immediately spot the mismatch when the rows are aligned.,0,7,12,2,0.2,11, spot,55.347843170166016,0.0696834921836853,794.2748413085938,20.53190803527832,46.49193572998047,7.422321796417236,1.8507639169692993,0.5756494998931885,2.9272563457489014, the
spot_pos_4,spot,transitive,core,positive,spot,I immediately spot the mismatch when the rows are aligned.,0,8,12,2,0.2,11, spot,64.57123565673828,0.06462697684764862,999.1375122070312,35.143089294433594,55.32392883300781,18.39223861694336,1.8507639169692993,0.5756494998931885,2.9272563457489014, the
spot_neg_4,spot,transitive,core,negative,spot,The dog slept in its usual spot by the window.,0,7,12,6,0.6,11, spot,63.72108840942383,0.08820899575948715,722.3876342773438,23.28539276123047,42.092811584472656,43.93614959716797,3.33087158203125,0.16382038593292236,3.5589847564697266, by
spot_neg_4,spot,transitive,core,negative,spot,The dog slept in its usual spot by the window.,0,8,12,6,0.6,11, spot,69.36174011230469,0.07270080596208572,954.0711059570312,42.68256759643555,55.687007904052734,57.38885498046875,3.33087158203125,0.16382038593292236,3.5589847564697266, by
which_pos_1,which,relative,novel,positive,which,"The device, which had failed twice before, was replaced.",0,7,12,3,0.2727272727272727,12, which,65.53179931640625,0.08602045476436615,761.8164672851562,36.058345794677734,31.351539611816406,39.077735900878906,4.106673240661621,0.22860470414161682,5.6007609367370605, had
which_pos_1,which,relative,novel,positive,which,"The device, which had failed twice before, was replaced.",0,8,12,3,0.2727272727272727,12, which,72.7100830078125,0.07682861387729645,946.3932495117188,44.062217712402344,47.93977737426758,59.18938064575195,4.106673240661621,0.22860470414161682,5.6007609367370605, had
which_neg_1,which,relative,novel,negative,which,The editor circled the word which in the paragraph.,0,7,12,6,0.6,11, which,55.04102325439453,0.07675798237323761,717.0723266601562,51.04036331176758,24.891626358032227,31.04958724975586,3.7339320182800293,0.23743268847465515,5.562870979309082, in
which_neg_1,which,relative,novel,negative,which,The editor circled the word which in the paragraph.,0,8,12,6,0.6,11, which,62.265804290771484,0.07622439414262772,816.875,62.306541442871094,45.47825622558594,41.42323303222656,3.7339320182800293,0.23743268847465515,5.562870979309082, in
which_pos_2,which,relative,novel,positive,which,"The first result, which surprised us, disappeared after filtering.",0,7,12,4,0.36363636363636365,12, which,49.79322052001953,0.07111763954162598,700.1528930664062,44.13382339477539,30.453407287597656,31.954713821411133,3.388876438140869,0.3821256160736084,10.680755615234375, surprised
which_pos_2,which,relative,novel,positive,which,"The first result, which surprised us, disappeared after filtering.",0,8,12,4,0.36363636363636365,12, which,61.114234924316406,0.07530763000249863,811.52783203125,56.431766510009766,47.700279235839844,44.42882537841797,3.388876438140869,0.3821256160736084,10.680755615234375, surprised
which_neg_2,which,relative,novel,negative,which,They printed which on its own line.,0,7,12,2,0.2857142857142857,8, which,51.59678268432617,0.07826952636241913,659.2192993164062,28.08847427368164,24.169204711914062,4.90738582611084,6.363664627075195,0.09679485112428665,8.022661209106445, on
which_neg_2,which,relative,novel,negative,which,They printed which on its own line.,0,8,12,2,0.2857142857142857,8, which,61.38246154785156,0.07613731175661087,806.2073364257812,39.2562141418457,32.869415283203125,20.045713424682617,6.363664627075195,0.09679485112428665,8.022661209106445, on
which_pos_3,which,relative,novel,positive,which,"We used the older method, which requires fewer assumptions.",0,7,12,6,0.6,11, which,42.50763702392578,0.06464037299156189,657.6019897460938,24.369470596313477,24.742414474487305,17.205310821533203,3.393873691558838,0.40278977155685425,4.5343403816223145, requires
which_pos_3,which,relative,novel,positive,which,"We used the older method, which requires fewer assumptions.",0,8,12,6,0.6,11, which,50.32196044921875,0.06504503637552261,773.64794921875,32.527313232421875,37.25334548950195,43.30796813964844,3.393873691558838,0.40278977155685425,4.5343403816223145, requires
which_neg_3,which,relative,novel,negative,which,The teacher asked the class to spell which.,0,7,12,7,0.875,9, which,50.37314987182617,0.07971660792827606,631.90283203125,50.82440948486328,31.231151580810547,,3.8443636894226074,0.36369138956069946,5.823949813842773,.
which_neg_3,which,relative,novel,negative,which,The teacher asked the class to spell which.,0,8,12,7,0.875,9, which,57.07166290283203,0.07111190259456635,802.5613403320312,62.128780364990234,27.517723083496094,,3.8443636894226074,0.36369138956069946,5.823949813842773,.
whose_pos_1,whose,relative,novel,positive,whose,The scientist whose paper we discussed joined the call.,0,7,12,2,0.2222222222222222,10, whose,31.601591110229492,0.0405552014708519,779.22412109375,25.557981491088867,58.3836784362793,45.3707160949707,6.443211078643799,0.1483953595161438,5.095375061035156, paper
whose_pos_1,whose,relative,novel,positive,whose,The scientist whose paper we discussed joined the call.,0,8,12,2,0.2222222222222222,10, whose,44.80805969238281,0.049846772104501724,898.9159545898438,31.173599243164062,69.88761138916016,59.269649505615234,6.443211078643799,0.1483953595161438,5.095375061035156, paper
whose_neg_1,whose,relative,novel,negative,whose,The editor highlighted the word whose in yellow.,0,7,12,5,0.625,9, whose,35.68190002441406,0.047968484461307526,743.861328125,52.42310333251953,10.412755012512207,16.910688400268555,5.424038887023926,0.0760616585612297,8.357460975646973, in
whose_neg_1,whose,relative,novel,negative,whose,The editor highlighted the word whose in yellow.,0,8,12,5,0.625,9, whose,52.109092712402344,0.06034153699874878,863.5692138671875,64.50076293945312,24.25066566467285,16.1181583404541,5.424038887023926,0.0760616585612297,8.357460975646973, in
whose_pos_2,whose,relative,novel,positive,whose,We interviewed a programmer whose code had caused the failure.,0,7,12,4,0.4,11, whose,38.14208984375,0.05255920812487602,725.6975708007812,21.01479721069336,35.25574493408203,30.882455825805664,6.05316162109375,0.08270377665758133,2.92999005317688, code
whose_pos_2,whose,relative,novel,positive,whose,We interviewed a programmer whose code had caused the failure.,0,8,12,4,0.4,11, whose,55.19869613647461,0.06378684192895889,865.36181640625,21.728715896606445,47.9574089050293,41.252044677734375,6.05316162109375,0.08270377665758133,2.92999005317688, code
whose_neg_2,whose,relative,novel,negative,whose,They printed whose beneath the title.,0,7,12,2,0.3333333333333333,7, whose,15.592700958251953,0.02341490238904953,665.9306640625,28.132871627807617,3.6336798667907715,30.79343605041504,5.233314037322998,0.305644154548645,14.798614501953125, beneath
whose_neg_2,whose,relative,novel,negative,whose,They printed whose beneath the title.,0,8,12,2,0.3333333333333333,7, whose,26.541837692260742,0.033519431948661804,791.8343505859375,39.40571594238281,12.672712326049805,31.939043045043945,5.233314037322998,0.305644154548645,14.798614501953125, beneath
whose_pos_3,whose,relative,novel,positive,whose,I met the author whose book inspired the project.,0,7,12,4,0.4444444444444444,10, whose,37.28509521484375,0.05223682150244713,713.7703857421875,35.72124481201172,53.037147521972656,38.36811065673828,5.2448344230651855,0.14818841218948364,2.221770763397217, book
whose_pos_3,whose,relative,novel,positive,whose,I met the author whose book inspired the project.,0,8,12,4,0.4444444444444444,10, whose,54.74949264526367,0.0641556829214096,853.3848876953125,40.520450592041016,61.4651985168457,52.960472106933594,5.2448344230651855,0.14818841218948364,2.221770763397217, book
whose_neg_3,whose,relative,novel,negative,whose,The teacher asked the class to spell whose.,0,7,12,7,0.875,9, whose,24.528606414794922,0.03507126122713089,699.3933715820312,50.82440948486328,23.57862663269043,,5.5257110595703125,0.19481174647808075,3.6982216835021973,.
whose_neg_3,whose,relative,novel,negative,whose,The teacher asked the class to spell whose.,0,8,12,7,0.875,9, whose,33.11536407470703,0.03680034726858139,899.8655395507812,62.128780364990234,20.65079689025879,,5.5257110595703125,0.19481174647808075,3.6982216835021973,.
whether_pos_1,whether,embedded_question,novel,positive,whether,We tested whether the effect survived randomization.,0,7,12,2,0.25,9, whether,36.567134857177734,0.045889027416706085,796.860107421875,18.55785369873047,39.892189025878906,41.66741943359375,4.824475288391113,0.4024074971675873,0.910290002822876, the
whether_pos_1,whether,embedded_question,novel,positive,whether,We tested whether the effect survived randomization.,0,8,12,2,0.25,9, whether,54.055999755859375,0.05603481084108353,964.68603515625,29.88517951965332,52.53798294067383,48.257286071777344,4.824475288391113,0.4024074971675873,0.910290002822876, the
whether_neg_1,whether,embedded_question,novel,negative,whether,The editor underlined the word whether in the sentence.,0,7,12,6,0.6,11, whether,34.59546661376953,0.046884115785360336,737.8931274414062,50.53416061401367,27.0689697265625,32.816131591796875,3.798631429672241,0.1656777411699295,1.797710657119751, in
whether_neg_1,whether,embedded_question,novel,negative,whether,The editor underlined the word whether in the sentence.,0,8,12,6,0.6,11, whether,44.76831817626953,0.047795165330171585,936.67041015625,62.518184661865234,46.30638885498047,42.01753234863281,3.798631429672241,0.1656777411699295,1.797710657119751, in
whether_pos_2,whether,embedded_question,novel,positive,whether,She asked whether the backup file still existed.,0,7,12,2,0.25,9, whether,53.52265548706055,0.07186657190322876,744.7503662109375,36.79082489013672,47.14390182495117,16.125659942626953,3.5595974922180176,0.21911124885082245,1.518175721168518, the
whether_pos_2,whether,embedded_question,novel,positive,whether,She asked whether the backup file still existed.,0,8,12,2,0.25,9, whether,69.79621887207031,0.07645848393440247,912.8643188476562,53.07386016845703,58.90247344970703,20.689594268798828,3.5595974922180176,0.21911124885082245,1.518175721168518, the
whether_neg_2,whether,embedded_question,novel,negative,whether,They printed whether on a flash card.,0,7,12,2,0.2857142857142857,8, whether,35.97190856933594,0.05182194337248802,694.1443481445312,28.08847427368164,34.575923919677734,31.824771881103516,4.7750983238220215,0.21651117503643036,7.967613220214844, on
whether_neg_2,whether,embedded_question,novel,negative,whether,They printed whether on a flash card.,0,8,12,2,0.2857142857142857,8, whether,49.00406265258789,0.05760953947901726,850.6240844726562,39.2562141418457,47.70707702636719,38.61749267578125,4.7750983238220215,0.21651117503643036,7.967613220214844, on
whether_pos_3,whether,embedded_question,novel,positive,whether,The main question is whether the direction generalizes.,0,7,12,4,0.4444444444444444,10, whether,41.052433013916016,0.05835238844156265,703.5261840820312,26.420963287353516,38.002662658691406,19.966064453125,3.8650567531585693,0.3278709948062897,1.1151350736618042, the
whether_pos_3,whether,embedded_question,novel,positive,whether,The main question is whether the direction generalizes.,0,8,12,4,0.4444444444444444,10, whether,59.20485305786133,0.06872420758008957,861.4846801757812,46.9151725769043,47.82552719116211,23.032468795776367,3.8650567531585693,0.3278709948062897,1.1151350736618042, the
whether_neg_3,whether,embedded_question,novel,negative,whether,The teacher asked the class to spell whether.,0,7,12,7,0.875,9, whether,40.16157150268555,0.05767444521188736,696.3494873046875,50.82440948486328,32.15056610107422,,3.8585402965545654,0.15266068279743195,2.379537582397461,.
whether_neg_3,whether,embedded_question,novel,negative,whether,The teacher asked the class to spell whether.,0,8,12,7,0.875,9, whether,53.62339401245117,0.060653604567050934,884.0924682617188,62.128780364990234,27.97706413269043,,3.8585402965545654,0.15266068279743195,2.379537582397461,.
why_pos_1,why,embedded_question,novel,positive,why,I finally understood why the two runs disagreed.,0,7,12,3,0.3333333333333333,10, why,42.63450622558594,0.05956227332353592,715.7971801757812,14.8534517288208,49.23184585571289,32.05310821533203,4.206198692321777,0.24534814059734344,1.4050770998001099, the
why_pos_1,why,embedded_question,novel,positive,why,I finally understood why the two runs disagreed.,0,8,12,3,0.3333333333333333,10, why,54.63253402709961,0.0607796236872673,898.8626708984375,28.79808807373047,59.569026947021484,52.73887252807617,4.206198692321777,0.24534814059734344,1.4050770998001099, the
why_neg_1,why,embedded_question,novel,negative,why,The editor underlined the word why in the sentence.,0,7,12,6,0.6,11, why,23.70921516418457,0.03462101146578789,684.8215942382812,50.53416061401367,19.83731460571289,33.556095123291016,4.399591445922852,0.13226884603500366,2.022918701171875, in
why_neg_1,why,embedded_question,novel,negative,why,The editor underlined the word why in the sentence.,0,8,12,6,0.6,11, why,24.35182762145996,0.02713194116950035,897.5335693359375,62.518184661865234,28.95853042602539,45.161346435546875,4.399591445922852,0.13226884603500366,2.022918701171875, in
why_pos_2,why,embedded_question,novel,positive,why,She explained why the experiment had to be repeated.,0,7,12,2,0.2222222222222222,10, why,44.56313705444336,0.06030278652906418,738.9896850585938,24.055967330932617,51.49108123779297,30.07021713256836,4.4175591468811035,0.2040328085422516,1.5894744396209717, the
why_pos_2,why,embedded_question,novel,positive,why,She explained why the experiment had to be repeated.,0,8,12,2,0.2222222222222222,10, why,60.043853759765625,0.0662965178489685,905.6864013671875,43.964508056640625,64.06716918945312,33.333744049072266,4.4175591468811035,0.2040328085422516,1.5894744396209717, the
why_neg_2,why,embedded_question,novel,negative,why,They printed why in large letters.,0,7,12,2,0.3333333333333333,7, why,27.96222686767578,0.04189154505729675,667.490966796875,28.132871627807617,20.22718620300293,14.366785049438477,5.213950157165527,0.12016140669584274,4.306419372558594, in
why_neg_2,why,embedded_question,novel,negative,why,They printed why in large letters.,0,8,12,2,0.3333333333333333,7, why,30.746978759765625,0.0367831289768219,835.8989868164062,39.40571594238281,33.4255256652832,27.20897674560547,5.213950157165527,0.12016140669584274,4.306419372558594, in
why_pos_3,why,embedded_question,novel,positive,why,Nobody knew why the signal vanished after layer eight.,0,7,12,2,0.2222222222222222,10, why,43.73619079589844,0.05919790267944336,738.8131713867188,32.517215728759766,46.49005126953125,35.45915222167969,4.287497043609619,0.1793428361415863,1.7184560298919678, the
why_pos_3,why,embedded_question,novel,positive,why,Nobody knew why the signal vanished after layer eight.,0,8,12,2,0.2222222222222222,10, why,59.05706024169922,0.060214702039957047,980.7747802734375,54.024085998535156,56.696292877197266,46.181304931640625,4.287497043609619,0.1793428361415863,1.7184560298919678, the
why_neg_3,why,embedded_question,novel,negative,why,The teacher asked the class to spell why.,0,7,12,7,0.875,9, why,35.668861389160156,0.05559764429926872,641.553466796875,50.82440948486328,37.6041259765625,,4.801422119140625,0.11823472380638123,2.8225834369659424,.
why_neg_3,why,embedded_question,novel,negative,why,The teacher asked the class to spell why.,0,8,12,7,0.875,9, why,39.1829948425293,0.04475472494959831,875.5051879882812,62.128780364990234,37.92106246948242,,4.801422119140625,0.11823472380638123,2.8225834369659424,.
how_pos_1,how,embedded_question,novel,positive,how,The report explains how the estimate was calculated.,0,7,12,3,0.375,9, how,45.861663818359375,0.06756540387868881,678.7743530273438,30.516801834106445,38.59148025512695,15.97487735748291,4.178514003753662,0.4215834438800812,0.8637375831604004, the
how_pos_1,how,embedded_question,novel,positive,how,The report explains how the estimate was calculated.,0,8,12,3,0.375,9, how,63.79104232788086,0.07733618468046188,824.853759765625,58.01198959350586,47.33064651489258,22.7128963470459,4.178514003753662,0.4215834438800812,0.8637375831604004, the
how_neg_1,how,embedded_question,novel,negative,how,The editor underlined the word how in the sentence.,0,7,12,6,0.6,11, how,24.903446197509766,0.0353948250412941,703.5900268554688,50.53416061401367,20.61322593688965,34.16493225097656,4.69718074798584,0.08887023478746414,2.4205780029296875, in
how_neg_1,how,embedded_question,novel,negative,how,The editor underlined the word how in the sentence.,0,8,12,6,0.6,11, how,30.22471809387207,0.035844359546899796,843.2210083007812,62.518184661865234,33.40533447265625,46.49933624267578,4.69718074798584,0.08887023478746414,2.4205780029296875, in
how_pos_2,how,embedded_question,novel,positive,how,We learned how the failure propagated through the system.,0,7,12,2,0.2222222222222222,10, how,33.546730041503906,0.0499434657394886,671.694091796875,11.071642875671387,47.9403076171875,24.875192642211914,1.9344117641448975,0.7632403373718262,3.0201823711395264, the
how_pos_2,how,embedded_question,novel,positive,how,We learned how the failure propagated through the system.,0,8,12,2,0.2222222222222222,10, how,48.94741439819336,0.056894320994615555,860.3215942382812,29.440807342529297,58.595829010009766,35.161922454833984,1.9344117641448975,0.7632403373718262,3.0201823711395264, the
how_neg_2,how,embedded_question,novel,negative,how,They printed how on a separate card.,0,7,12,2,0.2857142857142857,8, how,27.460224151611328,0.041307270526885986,664.7794189453125,28.08847427368164,28.754295349121094,34.94915008544922,2.2706551551818848,0.574558436870575,8.272903442382812, on
how_neg_2,how,embedded_question,novel,negative,how,They printed how on a separate card.,0,8,12,2,0.2857142857142857,8, how,37.219783782958984,0.04639741778373718,802.1951293945312,39.2562141418457,37.93306350708008,45.37118148803711,2.2706551551818848,0.574558436870575,8.272903442382812, on
how_pos_3,how,embedded_question,novel,positive,how,She showed us how the two vectors were aligned.,0,7,12,1,0.1111111111111111,10, showed,35.72277069091797,0.04617626965045929,773.6174926757812,38.175071716308594,49.18785095214844,46.600318908691406,4.130385398864746,0.14157122373580933,3.0174522399902344, us
how_pos_3,how,embedded_question,novel,positive,how,She showed us how the two vectors were aligned.,0,8,12,1,0.1111111111111111,10, showed,55.75558090209961,0.05667511373758316,983.775390625,-241.37762451171875,61.98863983154297,62.48882293701172,4.130385398864746,0.14157122373580933,3.0174522399902344, us
how_neg_3,how,embedded_question,novel,negative,how,The teacher asked the class to spell how.,0,7,12,7,0.875,9, how,32.427398681640625,0.04816647991538048,673.2357788085938,50.82440948486328,33.214202880859375,,3.2872776985168457,0.23922550678253174,5.8678483963012695,.
how_neg_3,how,embedded_question,novel,negative,how,The teacher asked the class to spell how.,0,8,12,7,0.875,9, how,42.37769317626953,0.051624149084091187,820.888916015625,62.128780364990234,30.700685501098633,,3.2872776985168457,0.23922550678253174,5.8678483963012695,.
what_pos_1,what,embedded_question,novel,positive,what,Tell me what happened after the model loaded.,0,7,12,2,0.25,9, what,58.15819549560547,0.09107016772031784,638.608642578125,39.44873046875,24.631004333496094,32.33853530883789,4.108036994934082,0.26922446489334106,4.6247100830078125, happened
what_pos_1,what,embedded_question,novel,positive,what,Tell me what happened after the model loaded.,0,8,12,2,0.25,9, what,69.38421630859375,0.08474042266607285,818.7853393554688,54.21057891845703,33.46161651611328,49.229347229003906,4.108036994934082,0.26922446489334106,4.6247100830078125, happened
what_neg_1,what,embedded_question,novel,negative,what,The editor underlined the word what in the sentence.,0,7,12,6,0.6,11, what,44.668983459472656,0.06463705748319626,691.0739135742188,50.53416061401367,18.856428146362305,32.34721374511719,4.811089515686035,0.05938234180212021,2.886258363723755, in
what_neg_1,what,embedded_question,novel,negative,what,The editor underlined the word what in the sentence.,0,8,12,6,0.6,11, what,43.967567443847656,0.05098767951130867,862.3175048828125,62.518184661865234,27.574100494384766,45.52068328857422,4.811089515686035,0.05938234180212021,2.886258363723755, in
what_pos_2,what,embedded_question,novel,positive,what,We need to determine what the direction is actually tracking.,0,7,12,4,0.4,11, what,54.752986907958984,0.08651901036500931,632.8434448242188,7.74307918548584,38.273860931396484,17.362518310546875,4.292238235473633,0.3251795172691345,1.1233779191970825, the
what_pos_2,what,embedded_question,novel,positive,what,We need to determine what the direction is actually tracking.,0,8,12,4,0.4,11, what,67.26849365234375,0.08451654016971588,795.9210815429688,16.10306739807129,46.920372009277344,20.830350875854492,4.292238235473633,0.3251795172691345,1.1233779191970825, the
what_neg_2,what,embedded_question,novel,negative,what,They printed what on a separate card.,0,7,12,2,0.2857142857142857,8, what,53.788551330566406,0.08093578368425369,664.5830688476562,28.08847427368164,27.827442169189453,35.20542526245117,2.887924909591675,0.3656523823738098,9.568572044372559, on
what_neg_2,what,embedded_question,novel,negative,what,They printed what on a separate card.,0,8,12,2,0.2857142857142857,8, what,58.424625396728516,0.07102636992931366,822.5765380859375,39.2562141418457,37.79866027832031,45.30954360961914,2.887924909591675,0.3656523823738098,9.568572044372559, on
what_pos_3,what,embedded_question,novel,positive,what,Nobody could explain what caused the sudden change.,0,7,12,3,0.375,9, what,72.69425964355469,0.10572304576635361,687.5914306640625,30.556425094604492,47.33222579956055,45.21451950073242,4.129785060882568,0.19119493663311005,5.091961860656738, caused
what_pos_3,what,embedded_question,novel,positive,what,Nobody could explain what caused the sudden change.,0,8,12,3,0.375,9, what,86.3530502319336,0.09783569723367691,882.6333618164062,44.448856353759766,53.4627799987793,52.559486389160156,4.129785060882568,0.19119493663311005,5.091961860656738, caused
what_neg_3,what,embedded_question,novel,negative,what,The teacher asked the class to spell what.,0,7,12,7,0.875,9, what,59.68788528442383,0.08896052837371826,670.9479370117188,50.82440948486328,35.292999267578125,,3.807529926300049,0.2684915363788605,5.877435684204102,.
what_neg_3,what,embedded_question,novel,negative,what,The teacher asked the class to spell what.,0,8,12,7,0.875,9, what,66.08180236816406,0.07701104134321213,858.0821533203125,62.128780364990234,27.708250045776367,,3.807529926300049,0.2684915363788605,5.877435684204102,.
means_pos_1,means,semantic_relation,novel,positive,means,This means the second hypothesis is probably wrong.,0,7,12,1,0.125,9, means,29.60672378540039,0.03968731686472893,745.9996337890625,16.659568786621094,51.42637634277344,23.062389373779297,1.6461588144302368,0.7186142206192017,2.580430507659912, the
means_pos_1,means,semantic_relation,novel,positive,means,This means the second hypothesis is probably wrong.,0,8,12,1,0.125,9, means,39.481998443603516,0.045529983937740326,867.164794921875,-270.6718444824219,65.17386627197266,35.98151397705078,1.6461588144302368,0.7186142206192017,2.580430507659912, the
means_neg_1,means,semantic_relation,novel,negative,means,The lab has the means to repeat the experiment.,0,7,12,4,0.4444444444444444,10, means,20.177600860595703,0.029386328533291817,686.6322631835938,29.634798049926758,42.78413009643555,37.33786392211914,1.4260437488555908,0.7276656627655029,0.31791362166404724, to
means_neg_1,means,semantic_relation,novel,negative,means,The lab has the means to repeat the experiment.,0,8,12,4,0.4444444444444444,10, means,38.60335922241211,0.04410475865006447,875.2651977539062,37.24748229980469,55.40584182739258,56.069766998291016,1.4260437488555908,0.7276656627655029,0.31791362166404724, to
means_pos_2,means,semantic_relation,novel,positive,means,A positive score means the feature is present.,0,7,12,3,0.375,9, means,43.663429260253906,0.05810428783297539,751.466552734375,43.010589599609375,55.754005432128906,41.06802749633789,3.078827142715454,0.33958661556243896,1.1425262689590454, the
means_pos_2,means,semantic_relation,novel,positive,means,A positive score means the feature is present.,0,8,12,3,0.375,9, means,58.580284118652344,0.05840887874364853,1002.9345703125,52.37620162963867,68.45079040527344,49.67243957519531,3.078827142715454,0.33958661556243896,1.1425262689590454, the
means_neg_2,means,semantic_relation,novel,negative,means,They lacked the means to purchase new equipment.,0,7,12,3,0.375,9, means,26.184728622436523,0.03492557257413864,749.7293701171875,33.845027923583984,48.70195770263672,32.9551887512207,1.4598153829574585,0.6891905665397644,0.37223750352859497, to
means_neg_2,means,semantic_relation,novel,negative,means,They lacked the means to purchase new equipment.,0,8,12,3,0.375,9, means,46.69615936279297,0.049142591655254364,950.2176513671875,51.106868743896484,67.60550689697266,47.84300231933594,1.4598153829574585,0.6891905665397644,0.37223750352859497, to
means_pos_3,means,semantic_relation,novel,positive,means,That result means we should inspect the earlier layers.,0,7,12,2,0.2222222222222222,10, means,52.11917495727539,0.07156672328710556,728.2598876953125,29.233179092407227,39.75786209106445,40.996463775634766,2.630398988723755,0.5193937420845032,3.342593193054199, we
means_pos_3,means,semantic_relation,novel,positive,means,That result means we should inspect the earlier layers.,0,8,12,2,0.2222222222222222,10, means,68.30133056640625,0.07650179415941238,892.8069458007812,31.14772605895996,48.11087417602539,43.9556770324707,2.630398988723755,0.5193937420845032,3.342593193054199, we
means_neg_3,means,semantic_relation,novel,negative,means,She achieved her goal by every legal means available.,0,7,12,7,0.7777777777777778,10, means,9.701252937316895,0.01318990159779787,735.506103515625,9.905356407165527,31.206331253051758,34.324642181396484,4.033815860748291,0.14088958501815796,3.5222787857055664, available
means_neg_3,means,semantic_relation,novel,negative,means,She achieved her goal by every legal means available.,0,8,12,7,0.7777777777777778,10, means,14.601855278015137,0.014840374700725079,983.9276733398438,23.278032302856445,45.772525787353516,37.005123138427734,4.033815860748291,0.14088958501815796,3.5222787857055664, available
called_pos_1,called,naming,novel,positive,called,The method uses a technique called contrastive activation addition.,0,7,12,5,0.5,11, called,48.733524322509766,0.06747408211231232,722.2554321289062,14.713380813598633,25.618959426879883,17.879566192626953,4.679149150848389,0.36339253187179565,8.137271881103516, contrast
called_pos_1,called,naming,novel,positive,called,The method uses a technique called contrastive activation addition.,0,8,12,5,0.5,11, called,66.89339447021484,0.07254111766815186,922.14453125,23.130226135253906,34.3613166809082,30.50078582763672,4.679149150848389,0.36339253187179565,8.137271881103516, contrast
called_neg_1,called,naming,novel,negative,called,She called the office before lunch.,0,7,12,1,0.16666666666666666,7, called,39.59764099121094,0.05349649116396904,740.1913452148438,38.14674758911133,48.65470504760742,37.689613342285156,3.9767251014709473,0.15397371351718903,1.8709733486175537, the
called_neg_1,called,naming,novel,negative,called,She called the office before lunch.,0,8,12,1,0.16666666666666666,7, called,52.09481430053711,0.054389480501413345,957.8104858398438,-239.59828186035156,61.28467559814453,42.34804916381836,3.9767251014709473,0.15397371351718903,1.8709733486175537, the
called_pos_2,called,naming,novel,positive,called,They discovered a phenomenon called phase locking.,0,7,12,4,0.5714285714285714,8, called,47.66637420654297,0.06435620039701462,740.664794921875,34.980140686035156,43.014434814453125,3.6488561630249023,3.802058458328247,0.3578825294971466,6.96505069732666, phase
called_pos_2,called,naming,novel,positive,called,They discovered a phenomenon called phase locking.,0,8,12,4,0.5714285714285714,8, called,63.06669235229492,0.06945522874593735,908.0193481445312,49.84571075439453,57.56403732299805,4.753173828125,3.802058458328247,0.3578825294971466,6.96505069732666, phase
called_neg_2,called,naming,novel,negative,called,He called his brother after the meeting.,0,7,12,1,0.14285714285714285,8, called,33.51685333251953,0.04529942572116852,739.895751953125,24.034015655517578,23.288204193115234,25.97346305847168,4.197388648986816,0.1927509307861328,3.1463565826416016, his
called_neg_2,called,naming,novel,negative,called,He called his brother after the meeting.,0,8,12,1,0.14285714285714285,8, called,46.73503494262695,0.04908143728971481,952.1937255859375,-264.85284423828125,39.22979736328125,31.6754207611084,4.197388648986816,0.1927509307861328,3.1463565826416016, his
called_pos_3,called,naming,novel,positive,called,We tested a metric called effective rank.,0,7,12,4,0.5714285714285714,8, called,36.88929748535156,0.04764312133193016,774.2838134765625,23.582942962646484,18.200855255126953,16.086416244506836,5.463399410247803,0.1708536595106125,8.173197746276855, effective
called_pos_3,called,naming,novel,positive,called,We tested a metric called effective rank.,0,8,12,4,0.5714285714285714,8, called,47.54148483276367,0.05338863283395767,890.4795532226562,26.7758846282959,29.708999633789062,21.537864685058594,5.463399410247803,0.1708536595106125,8.173197746276855, effective
called_neg_3,called,naming,novel,negative,called,The manager called everyone yesterday morning.,0,7,12,2,0.3333333333333333,7, called,39.58259582519531,0.0589698851108551,671.2340698242188,22.367765426635742,42.62141418457031,9.855134963989258,4.784961223602295,0.246028333902359,8.246058464050293, everyone
called_neg_3,called,naming,novel,negative,called,The manager called everyone yesterday morning.,0,8,12,2,0.3333333333333333,7, called,50.86130905151367,0.061567969620227814,826.1001586914062,26.265043258666992,58.02469253540039,26.42401695251465,4.784961223602295,0.246028333902359,8.246058464050293, everyone
named_pos_1,named,naming,novel,positive,named,The paper introduces a benchmark named LongBench.,0,7,12,5,0.625,9, named,29.685457229614258,0.03601565584540367,824.237548828125,17.543819427490234,25.452747344970703,9.271513938903809,5.325753211975098,0.20046605169773102,7.763360500335693, Long
named_pos_1,named,naming,novel,positive,named,The paper introduces a benchmark named LongBench.,0,8,12,5,0.625,9, named,47.39267349243164,0.04929124563932419,961.4826049804688,27.02599334716797,39.086544036865234,23.891300201416016,5.325753211975098,0.20046605169773102,7.763360500335693, Long
named_neg_1,named,naming,novel,negative,named,The committee named her chair of the group.,0,7,12,2,0.25,9, named,27.186185836791992,0.037666771560907364,721.755126953125,26.554737091064453,30.33456039428711,34.139923095703125,4.298707008361816,0.33042776584625244,5.232367038726807, her
named_neg_1,named,naming,novel,negative,named,The committee named her chair of the group.,0,8,12,2,0.25,9, named,47.43901062011719,0.05584225803613663,849.5181274414062,26.9682674407959,47.34139633178711,42.92490768432617,4.298707008361816,0.33042776584625244,5.232367038726807, her
named_pos_2,named,naming,novel,positive,named,We used a dataset named FineWeb for the scan.,0,7,12,4,0.4,11, named,25.408315658569336,0.03440036624670029,738.60595703125,20.43391990661621,8.662142753601074,18.596012115478516,3.4509148597717285,0.2983309328556061,11.272051811218262, Fine
named_pos_2,named,naming,novel,positive,named,We used a dataset named FineWeb for the scan.,0,8,12,4,0.4,11, named,43.759212493896484,0.050897546112537384,859.7509155273438,25.77165412902832,25.498760223388672,28.911094665527344,3.4509148597717285,0.2983309328556061,11.272051811218262, Fine
named_neg_2,named,naming,novel,negative,named,The article named three possible suspects.,0,7,12,2,0.3333333333333333,7, named,15.662981033325195,0.020438386127352715,766.3511962890625,26.05177116394043,25.713878631591797,41.900447845458984,2.035217761993408,0.609189510345459,11.120625495910645, three
named_neg_2,named,naming,novel,negative,named,The article named three possible suspects.,0,8,12,2,0.3333333333333333,7, named,29.92165184020996,0.035089634358882904,852.7205200195312,36.39762496948242,54.52600860595703,54.21283721923828,2.035217761993408,0.609189510345459,11.120625495910645, three
named_pos_3,named,naming,novel,positive,named,They built a tool named VectorScope for the analysis.,0,7,12,4,0.4,11, named,22.7839298248291,0.029213527217507362,779.9102783203125,40.68738555908203,23.261388778686523,28.100595474243164,6.6796674728393555,0.11495306342840195,10.131980895996094, Vector
named_pos_3,named,naming,novel,positive,named,They built a tool named VectorScope for the analysis.,0,8,12,4,0.4,11, named,44.37285614013672,0.04870064556598663,911.1348876953125,49.55583953857422,33.07371520996094,25.533161163330078,6.6796674728393555,0.11495306342840195,10.131980895996094, Vector
named_neg_3,named,naming,novel,negative,named,The report named every contributor in the appendix.,0,7,12,2,0.25,9, named,23.09776496887207,0.0312517024576664,739.0881958007812,40.69636917114258,35.16655731201172,38.98552322387695,4.696354389190674,0.21995975077152252,10.373685836791992, every
named_neg_3,named,naming,novel,negative,named,The report named every contributor in the appendix.,0,8,12,2,0.25,9, named,37.47092056274414,0.04152171313762665,902.4415893554688,48.36833953857422,59.27931213378906,40.67441940307617,4.696354389190674,0.21995975077152252,10.373685836791992, every
because_1,because,clausal_relation,clausal,boundary,because,The experiment stopped because the temperature rose too quickly.,0,7,12,3,0.3333333333333333,10, because,59.3458137512207,0.07513953000307083,789.8081665039062,47.73891830444336,45.80780029296875,15.009888648986816,2.8210957050323486,0.47206470370292664,0.7506392002105713, the
because_1,because,clausal_relation,clausal,boundary,because,The experiment stopped because the temperature rose too quickly.,0,8,12,3,0.3333333333333333,10, because,63.7077751159668,0.06664251536130905,955.9629516601562,61.162017822265625,54.780704498291016,15.592901229858398,2.8210957050323486,0.47206470370292664,0.7506392002105713, the
because_2,because,clausal_relation,clausal,boundary,because,We reran the analysis because the first result looked suspicious.,0,7,12,5,0.45454545454545453,12, because,39.30665969848633,0.05465489253401756,719.1791381835938,3.3314764499664307,38.54063034057617,34.7875862121582,3.7246081829071045,0.29679176211357117,1.2147245407104492, the
because_2,because,clausal_relation,clausal,boundary,because,We reran the analysis because the first result looked suspicious.,0,8,12,5,0.45454545454545453,12, because,45.67597961425781,0.052718814462423325,866.4075927734375,15.195680618286133,47.52033615112305,52.544620513916016,3.7246081829071045,0.29679176211357117,1.2147245407104492, the
because_3,because,clausal_relation,clausal,boundary,because,The model failed because the cache was corrupted.,0,7,12,3,0.375,9, because,47.284244537353516,0.0629098191857338,751.6194458007812,36.974212646484375,44.07130432128906,37.846412658691406,3.4707934856414795,0.3706425428390503,0.9925171732902527, the
because_3,because,clausal_relation,clausal,boundary,because,The model failed because the cache was corrupted.,0,8,12,3,0.375,9, because,52.5292854309082,0.057481735944747925,913.8430786132812,54.90789794921875,53.16626739501953,43.1462287902832,3.4707934856414795,0.3706425428390503,0.9925171732902527, the
if_1,if,clausal_relation,clausal,boundary,if,The result changes if the final token is removed.,0,7,12,3,0.3333333333333333,10, if,54.803871154785156,0.06603757292032242,829.8892211914062,19.956153869628906,43.57202911376953,32.46286392211914,3.024475574493408,0.30764228105545044,1.178817629814148, the
if_1,if,clausal_relation,clausal,boundary,if,The result changes if the final token is removed.,0,8,12,3,0.3333333333333333,10, if,69.29953002929688,0.07273388653993607,952.7819213867188,42.427947998046875,56.94510269165039,43.95393753051758,3.024475574493408,0.30764228105545044,1.178817629814148, the
if_2,if,clausal_relation,clausal,boundary,if,The effect disappears if the direction is randomized.,0,7,12,3,0.375,9, if,61.217525482177734,0.08872153609991074,689.9962158203125,34.142948150634766,48.35551071166992,24.825258255004883,3.1150336265563965,0.4037909209728241,0.9068580269813538, the
if_2,if,clausal_relation,clausal,boundary,if,The effect disappears if the direction is randomized.,0,8,12,3,0.375,9, if,78.17032623291016,0.09752634912729263,801.5303344726562,53.19923400878906,59.13607406616211,28.889591217041016,3.1150336265563965,0.4037909209728241,0.9068580269813538, the
if_3,if,clausal_relation,clausal,boundary,if,The script retries if the first load attempt fails.,0,7,12,3,0.3333333333333333,10, if,57.68344497680664,0.07740125060081482,745.2520751953125,22.427452087402344,47.55131530761719,40.78689193725586,3.657524824142456,0.33491331338882446,1.0938835144042969, the
if_3,if,clausal_relation,clausal,boundary,if,The script retries if the first load attempt fails.,0,8,12,3,0.3333333333333333,10, if,70.75592041015625,0.07838351279497147,902.6888427734375,41.67372131347656,56.753597259521484,56.57818603515625,3.657524824142456,0.33491331338882446,1.0938835144042969, the
when_1,when,clausal_relation,clausal,boundary,when,The instability appears when the singular values become degenerate.,0,7,12,3,0.3,11, when,34.753726959228516,0.049190204590559006,706.5172119140625,37.72798156738281,33.88441467285156,9.8236665725708,2.9046471118927,0.5327560901641846,0.6296916007995605, the
when_1,when,clausal_relation,clausal,boundary,when,The instability appears when the singular values become degenerate.,0,8,12,3,0.3,11, when,51.09022903442383,0.05928312614560127,861.800537109375,52.50023651123047,42.55200958251953,26.552783966064453,2.9046471118927,0.5327560901641846,0.6296916007995605, the
when_2,when,clausal_relation,clausal,boundary,when,The score rises when the relevant token is encountered.,0,7,12,3,0.3333333333333333,10, when,50.26298904418945,0.07507359236478806,669.5162353515625,20.316082000732422,45.10286331176758,34.51045608520508,3.9704153537750244,0.3289128243923187,1.1119625568389893, the
when_2,when,clausal_relation,clausal,boundary,when,The score rises when the relevant token is encountered.,0,8,12,3,0.3333333333333333,10, when,65.29399871826172,0.0807255282998085,808.8395385742188,39.75461196899414,53.864925384521484,48.091670989990234,3.9704153537750244,0.3289128243923187,1.1119625568389893, the
when_3,when,clausal_relation,clausal,boundary,when,The output changes when the context is shortened.,0,7,12,3,0.375,9, when,41.223472595214844,0.0564156137406826,730.7103271484375,20.0229434967041,40.49256134033203,29.790237426757812,4.015428066253662,0.2678302526473999,1.3174018859863281, the
when_3,when,clausal_relation,clausal,boundary,when,The output changes when the context is shortened.,0,8,12,3,0.375,9, when,56.84645080566406,0.06520330905914307,871.8338012695312,40.77605056762695,50.479736328125,34.05791473388672,4.015428066253662,0.2678302526473999,1.3174018859863281, the
although_1,although,clausal_relation,clausal,boundary,although,The result survived although the sample size was small.,0,7,12,3,0.3333333333333333,10, although,28.645082473754883,0.04262874275445938,671.9663696289062,29.58428192138672,38.72256851196289,42.64540100097656,4.2428998947143555,0.3794102668762207,0.9691371917724609, the
although_1,although,clausal_relation,clausal,boundary,although,The result survived although the sample size was small.,0,8,12,3,0.3333333333333333,10, although,41.29146957397461,0.04921763762831688,838.9567260742188,49.640350341796875,46.759796142578125,55.707862854003906,4.2428998947143555,0.3794102668762207,0.9691371917724609, the
although_2,although,clausal_relation,clausal,boundary,although,The model answered correctly although the prompt was ambiguous.,0,7,12,4,0.4444444444444444,10, although,29.744035720825195,0.04037484526634216,736.6972045898438,14.964308738708496,42.25460433959961,42.057308197021484,2.955381393432617,0.4466676115989685,0.805940568447113, the
although_2,although,clausal_relation,clausal,boundary,although,The model answered correctly although the prompt was ambiguous.,0,8,12,4,0.4444444444444444,10, although,42.6429557800293,0.04823226481676102,884.1168212890625,23.501455307006836,51.742191314697266,47.1341438293457,2.955381393432617,0.4466676115989685,0.805940568447113, the
although_3,although,clausal_relation,clausal,boundary,although,The direction persisted although the representation rotated.,0,7,12,3,0.42857142857142855,8, although,31.083181381225586,0.04496949538588524,691.2059326171875,36.89060592651367,35.32069396972656,14.520187377929688,4.480980396270752,0.4417524039745331,0.8170056939125061, the
although_3,although,clausal_relation,clausal,boundary,although,The direction persisted although the representation rotated.,0,8,12,3,0.42857142857142855,8, although,43.91891860961914,0.05441800504922867,807.06591796875,50.858299255371094,44.09357452392578,23.418336868286133,4.480980396270752,0.4417524039745331,0.8170056939125061, the
unless_1,unless,clausal_relation,clausal,boundary,unless,The script will continue unless the checkpoint is missing.,0,7,12,4,0.4444444444444444,10, unless,23.621578216552734,0.03112233616411686,758.9911499023438,24.036022186279297,43.51594543457031,24.526647567749023,2.950390338897705,0.19508036971092224,1.6343436241149902, the
unless_1,unless,clausal_relation,clausal,boundary,unless,The script will continue unless the checkpoint is missing.,0,8,12,4,0.4444444444444444,10, unless,34.066123962402344,0.038194186985492706,891.9190673828125,32.480281829833984,50.726600646972656,25.94957160949707,2.950390338897705,0.19508036971092224,1.6343436241149902, the
unless_2,unless,clausal_relation,clausal,boundary,unless,The effect should remain unless the layer is ablated.,0,7,12,4,0.4,11, unless,16.652793884277344,0.02254018560051918,738.8046264648438,40.30121612548828,45.82611846923828,30.200904846191406,3.989125967025757,0.3204335570335388,1.138080358505249, the
unless_2,unless,clausal_relation,clausal,boundary,unless,The effect should remain unless the layer is ablated.,0,8,12,4,0.4,11, unless,28.558063507080078,0.03239065408706665,881.6760864257812,62.000587463378906,55.82466506958008,35.75587844848633,3.989125967025757,0.3204335570335388,1.138080358505249, the
unless_3,unless,clausal_relation,clausal,boundary,unless,We cannot compare them unless the signs are aligned.,0,7,12,4,0.4444444444444444,10, unless,10.991144180297852,0.01596648059785366,688.388671875,22.32278823852539,40.515438079833984,10.309382438659668,2.3522112369537354,0.6189249753952026,3.167271137237549, the
unless_3,unless,clausal_relation,clausal,boundary,unless,We cannot compare them unless the signs are aligned.,0,8,12,4,0.4444444444444444,10, unless,19.472633361816406,0.022781619802117348,854.751953125,23.19070053100586,45.27025604248047,22.843645095825195,2.3522112369537354,0.6189249753952026,3.167271137237549, the
namely_1,namely,discourse_payload,discourse_only,boundary,namely,"Only one explanation remained plausible, namely a calibration error.",0,7,12,6,0.6,11, namely,37.867984771728516,0.05655558779835701,669.571044921875,40.09950637817383,47.30455017089844,6.3375749588012695,2.3574559688568115,0.5079638957977295,2.739844799041748, a
namely_1,namely,discourse_payload,discourse_only,boundary,namely,"Only one explanation remained plausible, namely a calibration error.",0,8,12,6,0.6,11, namely,51.31105041503906,0.06370881199836731,805.3995361328125,52.183040618896484,59.96580123901367,3.5349502563476562,2.3574559688568115,0.5079638957977295,2.739844799041748, a
namely_2,namely,discourse_payload,discourse_only,boundary,namely,"Two variables changed, namely temperature and pressure.",0,7,12,4,0.5,9, namely,38.19641876220703,0.049312394112348557,774.5805053710938,34.630313873291016,8.855674743652344,22.627723693847656,3.5569872856140137,0.42777663469314575,9.724154472351074, temperature
namely_2,namely,discourse_payload,discourse_only,boundary,namely,"Two variables changed, namely temperature and pressure.",0,8,12,4,0.5,9, namely,55.307193756103516,0.0618661530315876,893.9814453125,44.11171340942383,6.932473182678223,28.686973571777344,3.5569872856140137,0.42777663469314575,9.724154472351074, temperature
namely_3,namely,discourse_payload,discourse_only,boundary,namely,"The failure had one immediate cause, namely a missing file.",0,7,12,7,0.6363636363636364,12, namely,46.96604919433594,0.06399185210466385,733.93798828125,42.08420944213867,41.395572662353516,50.59209060668945,2.3571970462799072,0.3267383575439453,1.9310956001281738, a
namely_3,namely,discourse_payload,discourse_only,boundary,namely,"The failure had one immediate cause, namely a missing file.",0,8,12,7,0.6363636363636364,12, namely,64.76206970214844,0.07479283958673477,865.885986328125,53.15950012207031,53.48630905151367,70.99191284179688,2.3571970462799072,0.3267383575439453,1.9310956001281738, a
example_1,example,discourse_payload,discourse_only,boundary,example,"For example, the same pattern appears when the input is reversed.",0,7,12,1,0.08333333333333333,13, example,25.35869789123535,0.03219758719205856,787.59619140625,34.503387451171875,41.05823516845703,41.26961135864258,0.8444955348968506,0.7937220931053162,0.2310219258069992,","
example_1,example,discourse_payload,discourse_only,boundary,example,"For example, the same pattern appears when the input is reversed.",0,8,12,1,0.08333333333333333,13, example,32.76774215698242,0.03555822744965553,921.5234985351562,-251.19114685058594,50.32215881347656,55.815792083740234,0.8444955348968506,0.7937220931053162,0.2310219258069992,","
example_2,example,discourse_payload,discourse_only,boundary,example,"For example, a colon can introduce an explanation.",0,7,12,1,0.1111111111111111,10, example,25.35869789123535,0.03219758719205856,787.59619140625,34.503387451171875,41.05823516845703,45.747894287109375,0.8444955348968506,0.7937220931053162,0.2310219258069992,","
example_2,example,discourse_payload,discourse_only,boundary,example,"For example, a colon can introduce an explanation.",0,8,12,1,0.1111111111111111,10, example,32.76774215698242,0.03555822744965553,921.5234985351562,-251.19114685058594,50.32215881347656,60.07825469970703,0.8444955348968506,0.7937220931053162,0.2310219258069992,","
example_3,example,discourse_payload,discourse_only,boundary,example,"For example, this direction activates strongly on relative clauses.",0,7,12,1,0.1,11, example,25.35869789123535,0.03219758719205856,787.59619140625,34.503387451171875,41.05823516845703,28.242942810058594,0.8444955348968506,0.7937220931053162,0.2310219258069992,","
example_3,example,discourse_payload,discourse_only,boundary,example,"For example, this direction activates strongly on relative clauses.",0,8,12,1,0.1,11, example,32.76774215698242,0.03555822744965553,921.5234985351562,-251.19114685058594,50.32215881347656,39.113529205322266,0.8444955348968506,0.7937220931053162,0.2310219258069992,","
specifically_1,specifically,discourse_payload,discourse_only,boundary,specifically,"More specifically, the effect begins around layer seven.",0,7,12,1,0.1111111111111111,10, specifically,10.437568664550781,0.012953009456396103,805.8026123046875,19.470544815063477,30.52567481994629,30.81601333618164,0.5332379341125488,0.8761999607086182,0.13216093182563782,","
specifically_1,specifically,discourse_payload,discourse_only,boundary,specifically,"More specifically, the effect begins around layer seven.",0,8,12,1,0.1111111111111111,10, specifically,23.40769386291504,0.0250033438205719,936.1825561523438,-262.1261291503906,39.33451843261719,41.46446228027344,0.5332379341125488,0.8761999607086182,0.13216093182563782,","
specifically_2,specifically,discourse_payload,discourse_only,boundary,specifically,"Specifically, we compared the first sixty-four singular vectors.",0,7,12,1,0.09090909090909091,12,ifically,25.901594161987305,0.03872808814048767,668.806396484375,33.58253860473633,35.66209411621094,14.716863632202148,1.0313886404037476,0.834232747554779,0.18124286830425262,","
specifically_2,specifically,discourse_payload,discourse_only,boundary,specifically,"Specifically, we compared the first sixty-four singular vectors.",0,8,12,1,0.09090909090909091,12,ifically,40.031707763671875,0.04928641393780708,812.2260131835938,-260.7678527832031,43.24540710449219,14.322489738464355,1.0313886404037476,0.834232747554779,0.18124286830425262,","
specifically_3,specifically,discourse_payload,discourse_only,boundary,specifically,The problem is specifically the mismatch between the two files.,0,7,12,3,0.3,11, specifically,42.58223342895508,0.05823606252670288,731.200439453125,32.37980651855469,46.93197250366211,7.000833511352539,3.2209439277648926,0.38316595554351807,4.271787166595459, the
specifically_3,specifically,discourse_payload,discourse_only,boundary,specifically,The problem is specifically the mismatch between the two files.,0,8,12,3,0.3,11, specifically,59.77526092529297,0.06806468963623047,878.2124633789062,47.618167877197266,57.541568756103516,20.131526947021484,3.2209439277648926,0.38316595554351807,4.271787166595459, the
following_1,following,discourse_payload,discourse_only,boundary,following,The key observation is the following: the direction persists across layers.,0,7,12,5,0.4166666666666667,13, following,3.6204206943511963,0.004872199613600969,743.0772705078125,40.35395050048828,53.90769958496094,40.972686767578125,2.527273416519165,0.36391162872314453,1.0108442306518555,:
following_1,following,discourse_payload,discourse_only,boundary,following,The key observation is the following: the direction persists across layers.,0,8,12,5,0.4166666666666667,13, following,15.163497924804688,0.016307072713971138,929.8724365234375,61.349788665771484,48.496524810791016,52.3106689453125,2.527273416519165,0.36391162872314453,1.0108442306518555,:
following_2,following,discourse_payload,discourse_only,boundary,following,Consider the following: every matched pair moved in the same direction.,0,7,12,2,0.16666666666666666,13, following,-0.5123339891433716,-0.0006488491198979318,789.6041870117188,35.4753303527832,50.14657974243164,43.61208724975586,5.796530246734619,0.08200458437204361,3.7509801387786865,:
following_2,following,discourse_payload,discourse_only,boundary,following,Consider the following: every matched pair moved in the same direction.,0,8,12,2,0.16666666666666666,13, following,9.855870246887207,0.010972948744893074,898.197021484375,47.08598327636719,51.89826202392578,66.04692077636719,5.796530246734619,0.08200458437204361,3.7509801387786865,:
following_3,following,discourse_payload,discourse_only,boundary,following,The following result was reported in the appendix.,0,7,12,1,0.125,9, following,12.805502891540527,0.017393914982676506,736.2058715820312,25.293237686157227,20.57731056213379,37.825626373291016,3.6577634811401367,0.3467487692832947,8.340404510498047, result
following_3,following,discourse_payload,discourse_only,boundary,following,The following result was reported in the appendix.,0,8,12,1,0.125,9, following,23.55759048461914,0.027087746188044548,869.677001953125,-260.55340576171875,20.400379180908203,47.89451599121094,3.6577634811401367,0.3467487692832947,8.340404510498047, result
generic_the_1,the,generic_dependency,generic,control,the,She quietly opened the wooden box.,0,7,12,3,0.5,7, the,41.182823181152344,0.06391709297895432,644.3162841796875,21.649534225463867,20.70465087890625,38.665870666503906,4.337240219116211,0.3855510950088501,7.7343316078186035, wooden
generic_the_1,the,generic_dependency,generic,control,the,She quietly opened the wooden box.,0,8,12,3,0.5,7, the,55.431793212890625,0.06376073509454727,869.3719482421875,41.664424896240234,30.143407821655273,43.12375259399414,4.337240219116211,0.3855510950088501,7.7343316078186035, wooden
generic_the_2,the,generic_dependency,generic,control,the,They carefully measured the final distance.,0,7,12,3,0.5,7, the,33.357784271240234,0.05290769413113594,630.490234375,18.61086082458496,24.810123443603516,21.334239959716797,7.035420894622803,0.019883614033460617,7.167859077453613, final
generic_the_2,the,generic_dependency,generic,control,the,They carefully measured the final distance.,0,8,12,3,0.5,7, the,48.28559494018555,0.05978645756840706,807.6343383789062,36.42131423950195,34.853755950927734,28.661556243896484,7.035420894622803,0.019883614033460617,7.167859077453613, final
generic_of_3,of,generic_dependency,generic,control,of,He placed a glass of water on the desk.,0,7,12,4,0.4444444444444444,10, of,29.511789321899414,0.03536157310009003,834.572265625,25.22984504699707,24.49247932434082,41.749786376953125,1.6209924221038818,0.7805837988853455,0.2477131485939026, water
generic_of_3,of,generic_dependency,generic,control,of,He placed a glass of water on the desk.,0,8,12,4,0.4444444444444444,10, of,43.09379577636719,0.039358124136924744,1094.9149169921875,35.20562744140625,34.840354919433594,58.21291732788086,1.6209924221038818,0.7805837988853455,0.2477131485939026, water
generic_of_4,of,generic_dependency,generic,control,of,We compared the output of both systems.,0,7,12,4,0.5714285714285714,8, of,41.71954345703125,0.055715762078762054,748.79248046875,30.392871856689453,48.36760711669922,16.560091018676758,2.9688210487365723,0.5299571752548218,4.5724592208862305, both
generic_of_4,of,generic_dependency,generic,control,of,We compared the output of both systems.,0,8,12,4,0.5714285714285714,8, of,54.6586799621582,0.05968005955219269,915.8616943359375,36.09724807739258,65.23908996582031,24.690404891967773,2.9688210487365723,0.5299571752548218,4.5724592208862305, both
generic_to_5,to,generic_dependency,generic,control,to,They decided to postpone the meeting.,0,7,12,2,0.3333333333333333,7, to,33.17184829711914,0.047591064125299454,697.0184326171875,13.409393310546875,33.49595642089844,37.62660217285156,5.82614803314209,0.06227169930934906,7.338747978210449, postpone
generic_to_5,to,generic_dependency,generic,control,to,They decided to postpone the meeting.,0,8,12,2,0.3333333333333333,7, to,44.23038101196289,0.05084545165300369,869.8984985351562,23.427026748657227,52.03956604003906,52.4066276550293,5.82614803314209,0.06227169930934906,7.338747978210449, postpone
generic_to_6,to,generic_dependency,generic,control,to,She tried to reproduce the result.,0,7,12,2,0.3333333333333333,7, to,33.739898681640625,0.04778046905994415,706.1441650390625,25.594764709472656,24.15177345275879,41.699317932128906,5.9556732177734375,0.07657789438962936,9.194446563720703, reproduce
generic_to_6,to,generic_dependency,generic,control,to,She tried to reproduce the result.,0,8,12,2,0.3333333333333333,7, to,46.333251953125,0.05058504268527031,915.9476928710938,44.448028564453125,40.24715042114258,54.90718078613281,5.9556732177734375,0.07657789438962936,9.194446563720703, reproduce
generic_a_7,a,generic_dependency,generic,control,a,He carried a heavy suitcase upstairs.,0,7,12,1,0.16666666666666666,7, carried,29.67849349975586,0.03845839574933052,771.7039184570312,24.034015655517578,45.31447982788086,35.98383331298828,4.143603801727295,0.22961241006851196,1.721362590789795, a
generic_a_7,a,generic_dependency,generic,control,a,He carried a heavy suitcase upstairs.,0,8,12,1,0.16666666666666666,7, carried,38.420230865478516,0.039791230112314224,965.545166015625,-264.85284423828125,60.63441848754883,54.080570220947266,4.143603801727295,0.22961241006851196,1.721362590789795, a
generic_a_8,a,generic_dependency,generic,control,a,They observed a small change in accuracy.,0,7,12,2,0.2857142857142857,8, a,36.717979431152344,0.05614569038152695,653.976806640625,25.147003173828125,33.677459716796875,21.502151489257812,6.094820022583008,0.06750928610563278,4.132989883422852, small
generic_a_8,a,generic_dependency,generic,control,a,They observed a small change in accuracy.,0,8,12,2,0.2857142857142857,8, a,54.273597717285156,0.06846679002046585,792.6995849609375,46.951168060302734,53.901222229003906,33.618534088134766,6.094820022583008,0.06750928610563278,4.132989883422852, small
generic_can_9,can,generic_dependency,generic,control,can,A careful reader can notice the difference.,0,7,12,3,0.42857142857142855,8, can,57.294986724853516,0.07419268041849136,772.245849609375,36.4488639831543,35.7896842956543,53.45241928100586,3.6921300888061523,0.20707707107067108,5.574664115905762, notice
generic_can_9,can,generic_dependency,generic,control,can,A careful reader can notice the difference.,0,8,12,3,0.42857142857142855,8, can,67.8330078125,0.07520309835672379,901.99755859375,43.40209197998047,50.331092834472656,67.04988861083984,3.6921300888061523,0.20707707107067108,5.574664115905762, notice
generic_can_10,can,generic_dependency,generic,control,can,The program can load several checkpoints.,0,7,12,2,0.3333333333333333,7, can,43.01224899291992,0.05953965336084366,722.4135131835938,42.962547302246094,31.51304817199707,29.569169998168945,2.017324209213257,0.6814456582069397,6.946038722991943, load
generic_can_10,can,generic_dependency,generic,control,can,The program can load several checkpoints.,0,8,12,2,0.3333333333333333,7, can,50.84116744995117,0.06211049109697342,818.56005859375,47.11468505859375,44.574554443359375,52.69377517700195,2.017324209213257,0.6814456582069397,6.946038722991943, load
generic_will_11,will,generic_dependency,generic,control,will,The script will save the output automatically.,0,7,12,2,0.2857142857142857,8, will,37.82173156738281,0.05192800238728523,728.3494262695312,34.90483856201172,34.49850082397461,40.553619384765625,4.327988147735596,0.1313757747411728,6.342193603515625, save
generic_will_11,will,generic_dependency,generic,control,will,The script will save the output automatically.,0,8,12,2,0.2857142857142857,8, will,39.8497428894043,0.04698359966278076,848.162841796875,45.441795349121094,53.009727478027344,51.74518966674805,4.327988147735596,0.1313757747411728,6.342193603515625, save
generic_will_12,will,generic_dependency,generic,control,will,The model will generate another token.,0,7,12,2,0.3333333333333333,7, will,32.56276321411133,0.04534788057208061,718.0657958984375,20.584877014160156,23.602293014526367,25.514354705810547,4.414540767669678,0.1917363554239273,5.526634216308594, generate
generic_will_12,will,generic_dependency,generic,control,will,The model will generate another token.,0,8,12,2,0.3333333333333333,7, will,32.68018341064453,0.039114486426115036,835.5007934570312,27.680557250976562,32.877197265625,46.80786895751953,4.414540767669678,0.1917363554239273,5.526634216308594, generate
semicolon_1,semicolon,punctuation,punctuation,boundary,;,The first model failed; the second completed the task.,0,7,12,4,0.4,11,;,41.46001434326172,0.059461887925863266,697.2536010742188,40.08219909667969,44.1543083190918,22.720232009887695,4.753170490264893,0.20295816659927368,1.5947554111480713, the
semicolon_1,semicolon,punctuation,punctuation,boundary,;,The first model failed; the second completed the task.,0,8,12,4,0.4,11,;,53.31029510498047,0.06112787127494812,872.111083984375,55.38112258911133,56.85648727416992,37.406673431396484,4.753170490264893,0.20295816659927368,1.5947554111480713, the
semicolon_2,semicolon,punctuation,punctuation,boundary,;,The signal disappeared; we restarted the recording.,0,7,12,3,0.375,9,;,37.4572868347168,0.056827664375305176,659.1382446289062,29.347990036010742,33.8206787109375,8.130420684814453,4.958446025848389,0.2023012340068817,2.9104974269866943, we
semicolon_2,semicolon,punctuation,punctuation,boundary,;,The signal disappeared; we restarted the recording.,0,8,12,3,0.375,9,;,50.90312957763672,0.06372440606355667,798.8011474609375,40.249305725097656,48.230621337890625,20.557249069213867,4.958446025848389,0.2023012340068817,2.9104974269866943, we
comma_1,comma,punctuation,punctuation,control,",","After the meeting, we returned to the lab.",0,7,12,3,0.3333333333333333,10,",",45.034584045410156,0.059482038021087646,757.1123046875,26.38938331604004,33.624752044677734,19.713489532470703,4.628547191619873,0.19528262317180634,2.383307456970215, we
comma_1,comma,punctuation,punctuation,control,",","After the meeting, we returned to the lab.",0,8,12,3,0.3333333333333333,10,",",58.04053497314453,0.060199666768312454,964.1338500976562,35.80440139770508,46.521270751953125,33.568355560302734,4.628547191619873,0.19528262317180634,2.383307456970215, we
comma_2,comma,punctuation,punctuation,control,",","Slowly, the noise began to decrease.",0,7,12,2,0.25,9,",",33.877357482910156,0.047671448439359665,710.6425170898438,10.552114486694336,39.174137115478516,23.813793182373047,5.412235260009766,0.22911624610424042,1.4735257625579834, the
comma_2,comma,punctuation,punctuation,control,",","Slowly, the noise began to decrease.",0,8,12,2,0.25,9,",",43.98064422607422,0.051057443022727966,861.3953857421875,18.29754638671875,52.358001708984375,36.003578186035156,5.412235260009766,0.22911624610424042,1.4735257625579834, the
dash_1,dash,punctuation,punctuation,boundary,—,There was one remaining possibility—the cache had not been cleared.,0,7,12,5,0.45454545454545453,12,—the,47.90208053588867,0.06422770768404007,745.81640625,31.24910545349121,34.472618103027344,30.510133743286133,7.589696884155273,0.05612422525882721,10.59893798828125, cache
dash_1,dash,punctuation,punctuation,boundary,—,There was one remaining possibility—the cache had not been cleared.,0,8,12,5,0.45454545454545453,12,—the,66.42094421386719,0.07895636558532715,841.236083984375,35.58114242553711,39.174251556396484,43.69899368286133,7.589696884155273,0.05612422525882721,10.59893798828125, cache
dash_2,dash,punctuation,punctuation,boundary,—,The conclusion was unavoidable—the two vectors represented the same mode.,0,7,12,4,0.36363636363636365,12,—the,43.790855407714844,0.06285715103149414,696.672607421875,11.108830451965332,30.662031173706055,11.292625427246094,8.281700134277344,0.015434887260198593,5.6086249351501465, two
dash_2,dash,punctuation,punctuation,boundary,—,The conclusion was unavoidable—the two vectors represented the same mode.,0,8,12,4,0.36363636363636365,12,—the,60.70778274536133,0.0714925080537796,849.1488647460938,25.678407669067383,48.0996208190918,18.60538673400879,8.281700134277344,0.015434887260198593,5.6086249351501465, two
natural_colon_medicine,colon,natural,natural,natural,:,Big news in the world of medicine surfaced this week: The National Institutes of Health promised a whopping $10.1 million to fund the scientific study of ailments.,0,7,12,10,0.3225806451612903,32,:,79.43501281738281,0.1136995255947113,698.6397705078125,51.83348083496094,39.961326599121094,22.459392547607422,3.486854314804077,0.3829330503940582,3.897395133972168, The
natural_colon_medicine,colon,natural,natural,natural,:,Big news in the world of medicine surfaced this week: The National Institutes of Health promised a whopping $10.1 million to fund the scientific study of ailments.,0,8,12,10,0.3225806451612903,32,:,90.29898834228516,0.10646704584360123,848.1402587890625,62.360694885253906,44.82186508178711,29.28568458557129,3.486854314804077,0.3829330503940582,3.897395133972168, The
natural_fact_skoda,fact,natural,natural,natural,fact,"The survey was the biggest car owner survey in the UK. In fact, Skoda took three of the top four spots.",0,7,12,13,0.5416666666666666,25, fact,62.459617614746094,0.08937478810548782,698.8505249023438,22.423187255859375,37.603694915771484,27.00100326538086,1.4908130168914795,0.7632704973220825,0.2701428234577179,","
natural_fact_skoda,fact,natural,natural,natural,fact,"The survey was the biggest car owner survey in the UK. In fact, Skoda took three of the top four spots.",0,8,12,13,0.5416666666666666,25, fact,70.9090347290039,0.07776596397161484,911.8261108398438,40.9645881652832,42.9353141784668,32.598575592041016,1.4908130168914795,0.7632704973220825,0.2701428234577179,","
natural_point_chicken,point,natural,natural,natural,point,At one point I was wrestling with a whole chicken trying to separate it into the various parts.,0,7,12,2,0.1111111111111111,19, point,65.92829895019531,0.0835360661149025,789.2196044921875,41.25484085083008,42.553829193115234,44.746978759765625,1.288360595703125,0.7817491888999939,4.996221542358398, I
natural_point_chicken,point,natural,natural,natural,point,At one point I was wrestling with a whole chicken trying to separate it into the various parts.,0,8,12,2,0.1111111111111111,19, point,80.14633178710938,0.08363174647092819,958.3242797851562,61.49283218383789,55.31167221069336,58.44529342651367,1.288360595703125,0.7817491888999939,4.996221542358398, I
natural_who_crystal,who,natural,natural,natural,who,"I got a call from Crystal, who is the daughter of the owner Ainsley. She told me that the restaurant was in trouble.",0,7,12,7,0.25925925925925924,28, who,71.80804443359375,0.09769109636545181,735.0520629882812,48.58991241455078,39.20919418334961,40.72135543823242,4.094956874847412,0.20875242352485657,1.5666062831878662, is
natural_who_crystal,who,natural,natural,natural,who,"I got a call from Crystal, who is the daughter of the owner Ainsley. She told me that the restaurant was in trouble.",0,8,12,7,0.25925925925925924,28, who,84.08362579345703,0.09590711444616318,876.7193603515625,56.048336029052734,46.80506134033203,43.2267951965332,4.094956874847412,0.20875242352485657,1.5666062831878662, is
natural_spot_bugs,spot,natural,natural,natural,spot,There is a feedback section in the options in case you spot any more bugs and want to notify the company.,0,7,12,11,0.5238095238095238,22, spot,70.57587432861328,0.09547927230596542,739.1748046875,47.21528244018555,35.9575080871582,38.739505767822266,2.4986586570739746,0.3114885985851288,1.4163925647735596, any
natural_spot_bugs,spot,natural,natural,natural,spot,There is a feedback section in the options in case you spot any more bugs and want to notify the company.,0,8,12,11,0.5238095238095238,22, spot,81.7895278930664,0.0915159359574318,893.7189331054688,54.08828353881836,56.335968017578125,62.33559799194336,2.4986586570739746,0.3114885985851288,1.4163925647735596, any
natural_that_model,that,natural,natural,natural,that,"It may be that your internal model of the world is flawed, and that will deplete your body budget.",0,7,12,3,0.14285714285714285,22, that,57.148719787597656,0.08354678750038147,684.0325317382812,27.554153442382812,31.313064575195312,17.00208854675293,3.7809691429138184,0.4400244653224945,7.383424758911133, your
natural_that_model,that,natural,natural,natural,that,"It may be that your internal model of the world is flawed, and that will deplete your body budget.",0,8,12,3,0.14285714285714285,22, that,52.51540756225586,0.0675770491361618,777.1190185546875,40.92618942260742,39.80646514892578,29.57327651977539,3.7809691429138184,0.4400244653224945,7.383424758911133, your
