subject,relation,prompt,position_mode,ablated_positions,band,condition,replicate,greedy_span,content_token,content_index,span_logp_clean,span_logp_cond,delta_span_logp,content_logp_clean,content_logp_cond,delta_content_logp,rank_content_under_cond,content_top1_changed,content_top1_cond,kl_first_token
Miles Davis,birth_city,Miles Davis was born in the city of,subject_last,2,9-13,jspace,0," New York, in", New,0,-4.693,-5.0626,-0.3696,-1.2711,-1.5964,-0.3254,1,0, New,0.513
Miles Davis,birth_city,Miles Davis was born in the city of,subject_last,2,9-13,jspace_keep_name,0," New York, in", New,0,-4.693,-5.0838,-0.3908,-1.2711,-1.5599,-0.2888,1,0, New,0.4517
Miles Davis,birth_city,Miles Davis was born in the city of,subject_last,2,9-13,jspace_restore_rest,0," New York, in", New,0,-4.693,-4.8258,-0.1328,-1.2711,-1.4471,-0.1761,1,0, New,0.194
Miles Davis,birth_city,Miles Davis was born in the city of,subject_last,2,9-13,name_lens,0," New York, in", New,0,-4.693,-4.8101,-0.1171,-1.2711,-1.4,-0.129,1,0, New,0.1416
Miles Davis,birth_city,Miles Davis was born in the city of,subject_last,2,9-17,jspace,0," New York, in", New,0,-4.693,-4.8026,-0.1096,-1.2711,-1.3826,-0.1115,1,0, New,0.475
Miles Davis,birth_city,Miles Davis was born in the city of,subject_last,2,9-17,jspace_keep_name,0," New York, in", New,0,-4.693,-5.3897,-0.6967,-1.2711,-1.8416,-0.5705,1,0, New,0.7112
Miles Davis,birth_city,Miles Davis was born in the city of,subject_last,2,9-17,jspace_restore_rest,0," New York, in", New,0,-4.693,-4.8104,-0.1174,-1.2711,-1.3862,-0.1151,1,0, New,0.1541
Miles Davis,birth_city,Miles Davis was born in the city of,subject_last,2,9-17,name_lens,0," New York, in", New,0,-4.693,-4.8774,-0.1844,-1.2711,-1.4294,-0.1583,1,0, New,0.1297
Miles Davis,birth_city,Miles Davis was born in the city of,subject_last,2,6-20,jspace,0," New York, in", New,0,-4.693,-5.1846,-0.4916,-1.2711,-1.5745,-0.3035,1,0, New,0.8234
Miles Davis,birth_city,Miles Davis was born in the city of,subject_last,2,6-20,jspace_keep_name,0," New York, in", New,0,-4.693,-5.2712,-0.5782,-1.2711,-1.7731,-0.5021,1,0, New,0.6849
Miles Davis,birth_city,Miles Davis was born in the city of,subject_last,2,6-20,jspace_restore_rest,0," New York, in", New,0,-4.693,-4.929,-0.236,-1.2711,-1.4129,-0.1419,1,0, New,0.2998
Miles Davis,birth_city,Miles Davis was born in the city of,subject_last,2,6-20,name_lens,0," New York, in", New,0,-4.693,-4.9725,-0.2795,-1.2711,-1.4887,-0.2177,1,0, New,0.3313
Miles Davis,birth_year,Miles Davis was born in the year,subject_last,2,9-13,jspace,0, 1926.,192,1,-3.3536,-3.4549,-0.1013,-0.8453,-0.9728,-0.1275,1,0,192,0.0058
Miles Davis,birth_year,Miles Davis was born in the year,subject_last,2,9-13,jspace_keep_name,0, 1926.,192,1,-3.3536,-4.4514,-1.0979,-0.8453,-1.5728,-0.7275,2,1,191,0.0048
Miles Davis,birth_year,Miles Davis was born in the year,subject_last,2,9-13,jspace_restore_rest,0, 1926.,192,1,-3.3536,-4.3677,-1.0141,-0.8453,-0.7797,0.0657,1,0,192,0.0041
Miles Davis,birth_year,Miles Davis was born in the year,subject_last,2,9-13,name_lens,0, 1926.,192,1,-3.3536,-4.168,-0.8144,-0.8453,-0.7796,0.0657,1,0,192,0.004
Miles Davis,birth_year,Miles Davis was born in the year,subject_last,2,9-17,jspace,0, 1926.,192,1,-3.3536,-3.6919,-0.3384,-0.8453,-0.8934,-0.048,1,0,192,0.0049
Miles Davis,birth_year,Miles Davis was born in the year,subject_last,2,9-17,jspace_keep_name,0, 1926.,192,1,-3.3536,-3.5288,-0.1753,-0.8453,-1.1692,-0.3239,1,0,192,0.0049
Miles Davis,birth_year,Miles Davis was born in the year,subject_last,2,9-17,jspace_restore_rest,0, 1926.,192,1,-3.3536,-4.2917,-0.9381,-0.8453,-0.7671,0.0782,1,0,192,0.004
Miles Davis,birth_year,Miles Davis was born in the year,subject_last,2,9-17,name_lens,0, 1926.,192,1,-3.3536,-4.2151,-0.8615,-0.8453,-0.7935,0.0518,1,0,192,0.004
Miles Davis,birth_year,Miles Davis was born in the year,subject_last,2,6-20,jspace,0, 1926.,192,1,-3.3536,-5.7576,-2.404,-0.8453,-0.9949,-0.1496,1,0,192,0.0263
Miles Davis,birth_year,Miles Davis was born in the year,subject_last,2,6-20,jspace_keep_name,0, 1926.,192,1,-3.3536,-4.8911,-1.5376,-0.8453,-0.4417,0.4036,1,0,192,0.0327
Miles Davis,birth_year,Miles Davis was born in the year,subject_last,2,6-20,jspace_restore_rest,0, 1926.,192,1,-3.3536,-4.9253,-1.5717,-0.8453,-0.7933,0.052,1,0,192,0.0035
Miles Davis,birth_year,Miles Davis was born in the year,subject_last,2,6-20,name_lens,0, 1926.,192,1,-3.3536,-5.0373,-1.6837,-0.8453,-0.9237,-0.0784,1,0,192,0.0043
Miles Davis,birth_country,Miles Davis was born in the country of,subject_last,2,9-13,jspace,0, the United States., United,1,-3.0297,-3.3327,-0.303,-0.4179,-0.4992,-0.0812,1,0, United,0.0255
Miles Davis,birth_country,Miles Davis was born in the country of,subject_last,2,9-13,jspace_keep_name,0, the United States., United,1,-3.0297,-3.4383,-0.4086,-0.4179,-0.4873,-0.0694,1,0, United,0.0439
Miles Davis,birth_country,Miles Davis was born in the country of,subject_last,2,9-13,jspace_restore_rest,0, the United States., United,1,-3.0297,-2.9552,0.0746,-0.4179,-0.4267,-0.0088,1,0, United,0.018
Miles Davis,birth_country,Miles Davis was born in the country of,subject_last,2,9-13,name_lens,0, the United States., United,1,-3.0297,-3.0127,0.017,-0.4179,-0.4202,-0.0023,1,0, United,0.0161
Miles Davis,birth_country,Miles Davis was born in the country of,subject_last,2,9-17,jspace,0, the United States., United,1,-3.0297,-3.3033,-0.2736,-0.4179,-0.4511,-0.0332,1,0, United,0.0355
Miles Davis,birth_country,Miles Davis was born in the country of,subject_last,2,9-17,jspace_keep_name,0, the United States., United,1,-3.0297,-3.2884,-0.2587,-0.4179,-0.4713,-0.0534,1,0, United,0.0481
Miles Davis,birth_country,Miles Davis was born in the country of,subject_last,2,9-17,jspace_restore_rest,0, the United States., United,1,-3.0297,-2.9999,0.0298,-0.4179,-0.4182,-0.0003,1,0, United,0.0178
Miles Davis,birth_country,Miles Davis was born in the country of,subject_last,2,9-17,name_lens,0, the United States., United,1,-3.0297,-2.9989,0.0309,-0.4179,-0.4217,-0.0038,1,0, United,0.0145
Miles Davis,birth_country,Miles Davis was born in the country of,subject_last,2,6-20,jspace,0, the United States., United,1,-3.0297,-3.4104,-0.3806,-0.4179,-0.3918,0.0261,1,0, United,0.1489
Miles Davis,birth_country,Miles Davis was born in the country of,subject_last,2,6-20,jspace_keep_name,0, the United States., United,1,-3.0297,-3.3011,-0.2714,-0.4179,-0.4818,-0.0638,1,0, United,0.0794
Miles Davis,birth_country,Miles Davis was born in the country of,subject_last,2,6-20,jspace_restore_rest,0, the United States., United,1,-3.0297,-3.0426,-0.0129,-0.4179,-0.4338,-0.0159,1,0, United,0.024
Miles Davis,birth_country,Miles Davis was born in the country of,subject_last,2,6-20,name_lens,0, the United States., United,1,-3.0297,-3.0227,0.0071,-0.4179,-0.4396,-0.0216,1,0, United,0.0281
Miles Davis,death_year,Miles Davis died in the year,subject_last,2,9-13,jspace,0, 1991.,199,1,-3.8919,-5.2911,-1.3992,-0.5795,-1.45,-0.8706,2,1,197,0.0036
Miles Davis,death_year,Miles Davis died in the year,subject_last,2,9-13,jspace_keep_name,0, 1991.,199,1,-3.8919,-5.5485,-1.6566,-0.5795,-1.5226,-0.9432,2,1,197,0.0025
Miles Davis,death_year,Miles Davis died in the year,subject_last,2,9-13,jspace_restore_rest,0, 1991.,199,1,-3.8919,-5.1495,-1.2577,-0.5795,-1.2956,-0.7161,2,1,197,0.0013
Miles Davis,death_year,Miles Davis died in the year,subject_last,2,9-13,name_lens,0, 1991.,199,1,-3.8919,-4.9402,-1.0484,-0.5795,-1.1586,-0.5791,1,0,199,0.001
Miles Davis,death_year,Miles Davis died in the year,subject_last,2,9-17,jspace,0, 1991.,199,1,-3.8919,-4.76,-0.8681,-0.5795,-1.0891,-0.5096,1,0,199,0.0025
Miles Davis,death_year,Miles Davis died in the year,subject_last,2,9-17,jspace_keep_name,0, 1991.,199,1,-3.8919,-5.2244,-1.3325,-0.5795,-1.4973,-0.9178,2,1,197,0.0033
Miles Davis,death_year,Miles Davis died in the year,subject_last,2,9-17,jspace_restore_rest,0, 1991.,199,1,-3.8919,-4.909,-1.0172,-0.5795,-1.1799,-0.6004,1,0,199,0.0011
Miles Davis,death_year,Miles Davis died in the year,subject_last,2,9-17,name_lens,0, 1991.,199,1,-3.8919,-4.8873,-0.9955,-0.5795,-1.1248,-0.5453,1,0,199,0.0009
Miles Davis,death_year,Miles Davis died in the year,subject_last,2,6-20,jspace,0, 1991.,199,1,-3.8919,-5.2501,-1.3583,-0.5795,-1.7425,-1.1631,1,0,199,0.0263
Miles Davis,death_year,Miles Davis died in the year,subject_last,2,6-20,jspace_keep_name,0, 1991.,199,1,-3.8919,-4.486,-0.5941,-0.5795,-1.3614,-0.782,1,0,199,0.0166
Miles Davis,death_year,Miles Davis died in the year,subject_last,2,6-20,jspace_restore_rest,0, 1991.,199,1,-3.8919,-5.6561,-1.7643,-0.5795,-1.6168,-1.0374,2,1,197,0.0032
Miles Davis,death_year,Miles Davis died in the year,subject_last,2,6-20,name_lens,0, 1991.,199,1,-3.8919,-5.4696,-1.5778,-0.5795,-1.5453,-0.9659,2,1,197,0.0088
Miles Davis,occupation,Miles Davis worked as a,subject_last,2,9-13,jspace,0, jazz musician in the, jazz,0,-5.9058,-6.4148,-0.509,-2.4427,-2.9104,-0.4677,2,1, musician,0.0676
Miles Davis,occupation,Miles Davis worked as a,subject_last,2,9-13,jspace_keep_name,0, jazz musician in the, jazz,0,-5.9058,-6.448,-0.5422,-2.4427,-2.9285,-0.4858,2,1, musician,0.072
Miles Davis,occupation,Miles Davis worked as a,subject_last,2,9-13,jspace_restore_rest,0, jazz musician in the, jazz,0,-5.9058,-5.8796,0.0262,-2.4427,-2.4532,-0.0106,1,0, jazz,0.0049
Miles Davis,occupation,Miles Davis worked as a,subject_last,2,9-13,name_lens,0, jazz musician in the, jazz,0,-5.9058,-5.8866,0.0192,-2.4427,-2.4626,-0.02,1,0, jazz,0.0043
Miles Davis,occupation,Miles Davis worked as a,subject_last,2,9-17,jspace,0, jazz musician in the, jazz,0,-5.9058,-6.6835,-0.7777,-2.4427,-3.076,-0.6334,2,1, musician,0.0857
Miles Davis,occupation,Miles Davis worked as a,subject_last,2,9-17,jspace_keep_name,0, jazz musician in the, jazz,0,-5.9058,-6.546,-0.6401,-2.4427,-2.9592,-0.5166,2,1, musician,0.0849
Miles Davis,occupation,Miles Davis worked as a,subject_last,2,9-17,jspace_restore_rest,0, jazz musician in the, jazz,0,-5.9058,-5.8831,0.0227,-2.4427,-2.4446,-0.0019,1,0, jazz,0.0031
Miles Davis,occupation,Miles Davis worked as a,subject_last,2,9-17,name_lens,0, jazz musician in the, jazz,0,-5.9058,-5.9207,-0.0149,-2.4427,-2.4503,-0.0076,1,0, jazz,0.004
Miles Davis,occupation,Miles Davis worked as a,subject_last,2,6-20,jspace,0, jazz musician in the, jazz,0,-5.9058,-6.7377,-0.8319,-2.4427,-2.9941,-0.5515,2,1, musician,0.1387
Miles Davis,occupation,Miles Davis worked as a,subject_last,2,6-20,jspace_keep_name,0, jazz musician in the, jazz,0,-5.9058,-6.7498,-0.8439,-2.4427,-2.9941,-0.5514,1,0, jazz,0.1599
Miles Davis,occupation,Miles Davis worked as a,subject_last,2,6-20,jspace_restore_rest,0, jazz musician in the, jazz,0,-5.9058,-5.8792,0.0266,-2.4427,-2.4345,0.0082,1,0, jazz,0.0266
Miles Davis,occupation,Miles Davis worked as a,subject_last,2,6-20,name_lens,0, jazz musician in the, jazz,0,-5.9058,-5.9889,-0.083,-2.4427,-2.5782,-0.1355,1,0, jazz,0.0349
Miles Davis,profession_of,The profession of Miles Davis was,subject_last,5,9-13,jspace,0, a jazz musician., jazz,1,-6.4635,-6.9193,-0.4558,-2.3622,-2.7034,-0.3412,1,0, jazz,0.018
Miles Davis,profession_of,The profession of Miles Davis was,subject_last,5,9-13,jspace_keep_name,0, a jazz musician., jazz,1,-6.4635,-6.3169,0.1466,-2.3622,-2.3257,0.0365,1,0, jazz,0.0171
Miles Davis,profession_of,The profession of Miles Davis was,subject_last,5,9-13,jspace_restore_rest,0, a jazz musician., jazz,1,-6.4635,-6.7718,-0.3083,-2.3622,-2.5604,-0.1982,1,0, jazz,0.0036
Miles Davis,profession_of,The profession of Miles Davis was,subject_last,5,9-13,name_lens,0, a jazz musician., jazz,1,-6.4635,-6.6672,-0.2037,-2.3622,-2.4762,-0.114,1,0, jazz,0.0019
Miles Davis,profession_of,The profession of Miles Davis was,subject_last,5,9-17,jspace,0, a jazz musician., jazz,1,-6.4635,-6.8845,-0.421,-2.3622,-2.6837,-0.3216,1,0, jazz,0.03
Miles Davis,profession_of,The profession of Miles Davis was,subject_last,5,9-17,jspace_keep_name,0, a jazz musician., jazz,1,-6.4635,-6.7491,-0.2856,-2.3622,-2.5862,-0.224,1,0, jazz,0.0395
Miles Davis,profession_of,The profession of Miles Davis was,subject_last,5,9-17,jspace_restore_rest,0, a jazz musician., jazz,1,-6.4635,-6.7643,-0.3008,-2.3622,-2.5589,-0.1967,1,0, jazz,0.0032
Miles Davis,profession_of,The profession of Miles Davis was,subject_last,5,9-17,name_lens,0, a jazz musician., jazz,1,-6.4635,-6.6515,-0.188,-2.3622,-2.4813,-0.1191,1,0, jazz,0.0015
Miles Davis,profession_of,The profession of Miles Davis was,subject_last,5,6-20,jspace,0, a jazz musician., jazz,1,-6.4635,-7.1452,-0.6817,-2.3622,-2.8678,-0.5056,2,1, ______,0.0429
Miles Davis,profession_of,The profession of Miles Davis was,subject_last,5,6-20,jspace_keep_name,0, a jazz musician., jazz,1,-6.4635,-6.5953,-0.1318,-2.3622,-2.4185,-0.0563,1,0, jazz,0.0718
Miles Davis,profession_of,The profession of Miles Davis was,subject_last,5,6-20,jspace_restore_rest,0, a jazz musician., jazz,1,-6.4635,-6.5699,-0.1064,-2.3622,-2.4529,-0.0908,1,0, jazz,0.0042
Miles Davis,profession_of,The profession of Miles Davis was,subject_last,5,6-20,name_lens,0, a jazz musician., jazz,1,-6.4635,-6.6317,-0.1682,-2.3622,-2.539,-0.1768,1,0, jazz,0.0083
Miles Davis,instrument,Miles Davis played the,subject_last,2,9-13,jspace,0, trumpet in the , trumpet,0,-3.4955,-4.0727,-0.5772,-0.3364,-0.7155,-0.3791,1,0, trumpet,0.125
Miles Davis,instrument,Miles Davis played the,subject_last,2,9-13,jspace_keep_name,0, trumpet in the , trumpet,0,-3.4955,-4.082,-0.5865,-0.3364,-0.7127,-0.3763,1,0, trumpet,0.1238
Miles Davis,instrument,Miles Davis played the,subject_last,2,9-13,jspace_restore_rest,0, trumpet in the , trumpet,0,-3.4955,-3.5501,-0.0546,-0.3364,-0.401,-0.0646,1,0, trumpet,0.0083
Miles Davis,instrument,Miles Davis played the,subject_last,2,9-13,name_lens,0, trumpet in the , trumpet,0,-3.4955,-3.5751,-0.0797,-0.3364,-0.3791,-0.0427,1,0, trumpet,0.005
Miles Davis,instrument,Miles Davis played the,subject_last,2,9-17,jspace,0, trumpet in the , trumpet,0,-3.4955,-4.2319,-0.7364,-0.3364,-0.8702,-0.5338,1,0, trumpet,0.2032
Miles Davis,instrument,Miles Davis played the,subject_last,2,9-17,jspace_keep_name,0, trumpet in the , trumpet,0,-3.4955,-4.2066,-0.7112,-0.3364,-0.923,-0.5866,1,0, trumpet,0.2478
Miles Davis,instrument,Miles Davis played the,subject_last,2,9-17,jspace_restore_rest,0, trumpet in the , trumpet,0,-3.4955,-3.5201,-0.0246,-0.3364,-0.381,-0.0447,1,0, trumpet,0.0052
Miles Davis,instrument,Miles Davis played the,subject_last,2,9-17,name_lens,0, trumpet in the , trumpet,0,-3.4955,-3.5412,-0.0457,-0.3364,-0.3756,-0.0392,1,0, trumpet,0.0044
Miles Davis,instrument,Miles Davis played the,subject_last,2,6-20,jspace,0, trumpet in the , trumpet,0,-3.4955,-5.2219,-1.7264,-0.3364,-1.7197,-1.3834,1,0, trumpet,0.773
Miles Davis,instrument,Miles Davis played the,subject_last,2,6-20,jspace_keep_name,0, trumpet in the , trumpet,0,-3.4955,-4.265,-0.7695,-0.3364,-0.9455,-0.6091,1,0, trumpet,0.2614
Miles Davis,instrument,Miles Davis played the,subject_last,2,6-20,jspace_restore_rest,0, trumpet in the , trumpet,0,-3.4955,-3.6014,-0.106,-0.3364,-0.4332,-0.0969,1,0, trumpet,0.0156
Miles Davis,instrument,Miles Davis played the,subject_last,2,6-20,name_lens,0, trumpet in the , trumpet,0,-3.4955,-3.6466,-0.1511,-0.3364,-0.4085,-0.0721,1,0, trumpet,0.0126
Miles Davis,famous_for,Miles Davis is famous for,subject_last,2,9-13,jspace,0, his work in the, work,1,-5.5503,-5.6731,-0.1229,-2.3598,-2.4934,-0.1335,1,0, work,0.0152
Miles Davis,famous_for,Miles Davis is famous for,subject_last,2,9-13,jspace_keep_name,0, his work in the, work,1,-5.5503,-5.7051,-0.1548,-2.3598,-2.4888,-0.129,1,0, work,0.0163
Miles Davis,famous_for,Miles Davis is famous for,subject_last,2,9-13,jspace_restore_rest,0, his work in the, work,1,-5.5503,-5.4754,0.0748,-2.3598,-2.3303,0.0295,1,0, work,0.0211
Miles Davis,famous_for,Miles Davis is famous for,subject_last,2,9-13,name_lens,0, his work in the, work,1,-5.5503,-5.4914,0.0588,-2.3598,-2.3244,0.0354,1,0, work,0.021
Miles Davis,famous_for,Miles Davis is famous for,subject_last,2,9-17,jspace,0, his work in the, work,1,-5.5503,-5.5437,0.0066,-2.3598,-2.3841,-0.0242,1,0, work,0.0207
Miles Davis,famous_for,Miles Davis is famous for,subject_last,2,9-17,jspace_keep_name,0, his work in the, work,1,-5.5503,-5.5807,-0.0304,-2.3598,-2.373,-0.0132,1,0, work,0.0171
Miles Davis,famous_for,Miles Davis is famous for,subject_last,2,9-17,jspace_restore_rest,0, his work in the, work,1,-5.5503,-5.4893,0.0609,-2.3598,-2.3318,0.028,1,0, work,0.0224
Miles Davis,famous_for,Miles Davis is famous for,subject_last,2,9-17,name_lens,0, his work in the, work,1,-5.5503,-5.4951,0.0551,-2.3598,-2.3401,0.0197,1,0, work,0.0211
Miles Davis,famous_for,Miles Davis is famous for,subject_last,2,6-20,jspace,0, his work in the, work,1,-5.5503,-5.547,0.0032,-2.3598,-2.5234,-0.1636,2,1, ,0.0745
Miles Davis,famous_for,Miles Davis is famous for,subject_last,2,6-20,jspace_keep_name,0, his work in the, work,1,-5.5503,-5.5189,0.0314,-2.3598,-2.4517,-0.0919,1,0, work,0.0578
Miles Davis,famous_for,Miles Davis is famous for,subject_last,2,6-20,jspace_restore_rest,0, his work in the, work,1,-5.5503,-5.5073,0.043,-2.3598,-2.4171,-0.0573,1,0, work,0.0081
Miles Davis,famous_for,Miles Davis is famous for,subject_last,2,6-20,name_lens,0, his work in the, work,1,-5.5503,-5.4415,0.1088,-2.3598,-2.3475,0.0123,1,0, work,0.0081
Miles Davis,language,Miles Davis spoke the language of,subject_last,2,9-13,jspace,0," the future, and", future,1,-7.391,-7.3718,0.0192,-2.682,-2.7408,-0.0588,1,0, future,0.0203
Miles Davis,language,Miles Davis spoke the language of,subject_last,2,9-13,jspace_keep_name,0," the future, and", future,1,-7.391,-7.5315,-0.1405,-2.682,-2.8987,-0.2167,1,0, future,0.0159
Miles Davis,language,Miles Davis spoke the language of,subject_last,2,9-13,jspace_restore_rest,0," the future, and", future,1,-7.391,-7.4233,-0.0323,-2.682,-2.7024,-0.0204,1,0, future,0.0031
Miles Davis,language,Miles Davis spoke the language of,subject_last,2,9-13,name_lens,0," the future, and", future,1,-7.391,-7.3609,0.0301,-2.682,-2.6486,0.0335,1,0, future,0.0025
Miles Davis,language,Miles Davis spoke the language of,subject_last,2,9-17,jspace,0," the future, and", future,1,-7.391,-7.2754,0.1157,-2.682,-2.6814,0.0007,1,0, future,0.0222
Miles Davis,language,Miles Davis spoke the language of,subject_last,2,9-17,jspace_keep_name,0," the future, and", future,1,-7.391,-7.4794,-0.0883,-2.682,-2.8449,-0.1629,1,0, future,0.0238
Miles Davis,language,Miles Davis spoke the language of,subject_last,2,9-17,jspace_restore_rest,0," the future, and", future,1,-7.391,-7.4016,-0.0106,-2.682,-2.6961,-0.0141,1,0, future,0.002
Miles Davis,language,Miles Davis spoke the language of,subject_last,2,9-17,name_lens,0," the future, and", future,1,-7.391,-7.3786,0.0125,-2.682,-2.6374,0.0447,1,0, future,0.0017
Miles Davis,language,Miles Davis spoke the language of,subject_last,2,6-20,jspace,0," the future, and", future,1,-7.391,-7.7341,-0.343,-2.682,-3.1011,-0.4191,2,1, ,0.1365
Miles Davis,language,Miles Davis spoke the language of,subject_last,2,6-20,jspace_keep_name,0," the future, and", future,1,-7.391,-7.533,-0.142,-2.682,-2.9509,-0.2688,1,0, future,0.067
Miles Davis,language,Miles Davis spoke the language of,subject_last,2,6-20,jspace_restore_rest,0," the future, and", future,1,-7.391,-7.5462,-0.1552,-2.682,-2.7608,-0.0788,1,0, future,0.0047
Miles Davis,language,Miles Davis spoke the language of,subject_last,2,6-20,name_lens,0," the future, and", future,1,-7.391,-7.5118,-0.1208,-2.682,-2.7945,-0.1125,1,0, future,0.0156
Miles Davis,spouse,Miles Davis was married to,subject_last,2,9-13,jspace,0, a woman named Frances, woman,1,-5.8902,-6.9999,-1.1097,-0.8262,-0.8168,0.0094,1,0, woman,0.2232
Miles Davis,spouse,Miles Davis was married to,subject_last,2,9-13,jspace_keep_name,0, a woman named Frances, woman,1,-5.8902,-7.9891,-2.0989,-0.8262,-0.8223,0.0039,1,0, woman,0.2225
Miles Davis,spouse,Miles Davis was married to,subject_last,2,9-13,jspace_restore_rest,0, a woman named Frances, woman,1,-5.8902,-6.1553,-0.2651,-0.8262,-0.7879,0.0383,1,0, woman,0.1111
Miles Davis,spouse,Miles Davis was married to,subject_last,2,9-13,name_lens,0, a woman named Frances, woman,1,-5.8902,-6.0271,-0.1369,-0.8262,-0.7951,0.0311,1,0, woman,0.0821
Miles Davis,spouse,Miles Davis was married to,subject_last,2,9-17,jspace,0, a woman named Frances, woman,1,-5.8902,-7.5114,-1.6212,-0.8262,-0.8009,0.0253,1,0, woman,0.2918
Miles Davis,spouse,Miles Davis was married to,subject_last,2,9-17,jspace_keep_name,0, a woman named Frances, woman,1,-5.8902,-7.8881,-1.9979,-0.8262,-0.8732,-0.047,1,0, woman,0.2399
Miles Davis,spouse,Miles Davis was married to,subject_last,2,9-17,jspace_restore_rest,0, a woman named Frances, woman,1,-5.8902,-5.9694,-0.0792,-0.8262,-0.7799,0.0463,1,0, woman,0.09
Miles Davis,spouse,Miles Davis was married to,subject_last,2,9-17,name_lens,0, a woman named Frances, woman,1,-5.8902,-5.9877,-0.0975,-0.8262,-0.7893,0.0369,1,0, woman,0.0726
Miles Davis,spouse,Miles Davis was married to,subject_last,2,6-20,jspace,0, a woman named Frances, woman,1,-5.8902,-9.237,-3.3468,-0.8262,-1.0547,-0.2285,1,0, woman,0.5494
Miles Davis,spouse,Miles Davis was married to,subject_last,2,6-20,jspace_keep_name,0, a woman named Frances, woman,1,-5.8902,-8.6166,-2.7264,-0.8262,-0.8913,-0.0651,1,0, woman,0.4412
Miles Davis,spouse,Miles Davis was married to,subject_last,2,6-20,jspace_restore_rest,0, a woman named Frances, woman,1,-5.8902,-6.1678,-0.2776,-0.8262,-0.8126,0.0136,1,0, woman,0.1481
Miles Davis,spouse,Miles Davis was married to,subject_last,2,6-20,name_lens,0, a woman named Frances, woman,1,-5.8902,-6.2943,-0.4041,-0.8262,-0.8326,-0.0064,1,0, woman,0.1538
Miles Davis,education,Miles Davis studied at the University of,subject_last,2,9-13,jspace,0," Chicago, where he", Chicago,0,-4.2889,-4.5243,-0.2354,-1.5001,-1.4935,0.0067,1,0, Chicago,0.0106
Miles Davis,education,Miles Davis studied at the University of,subject_last,2,9-13,jspace_keep_name,0," Chicago, where he", Chicago,0,-4.2889,-4.513,-0.2241,-1.5001,-1.4904,0.0097,1,0, Chicago,0.0144
Miles Davis,education,Miles Davis studied at the University of,subject_last,2,9-13,jspace_restore_rest,0," Chicago, where he", Chicago,0,-4.2889,-4.15,0.1389,-1.5001,-1.3787,0.1214,1,0, Chicago,0.0078
Miles Davis,education,Miles Davis studied at the University of,subject_last,2,9-13,name_lens,0," Chicago, where he", Chicago,0,-4.2889,-4.1508,0.1382,-1.5001,-1.4103,0.0898,1,0, Chicago,0.005
Miles Davis,education,Miles Davis studied at the University of,subject_last,2,9-17,jspace,0," Chicago, where he", Chicago,0,-4.2889,-4.6588,-0.3699,-1.5001,-1.542,-0.0419,1,0, Chicago,0.016
Miles Davis,education,Miles Davis studied at the University of,subject_last,2,9-17,jspace_keep_name,0," Chicago, where he", Chicago,0,-4.2889,-4.5717,-0.2827,-1.5001,-1.4983,0.0018,1,0, Chicago,0.0202
Miles Davis,education,Miles Davis studied at the University of,subject_last,2,9-17,jspace_restore_rest,0," Chicago, where he", Chicago,0,-4.2889,-4.168,0.121,-1.5001,-1.3928,0.1073,1,0, Chicago,0.0057
Miles Davis,education,Miles Davis studied at the University of,subject_last,2,9-17,name_lens,0," Chicago, where he", Chicago,0,-4.2889,-4.1428,0.1461,-1.5001,-1.4085,0.0916,1,0, Chicago,0.0045
Miles Davis,education,Miles Davis studied at the University of,subject_last,2,6-20,jspace,0," Chicago, where he", Chicago,0,-4.2889,-5.1227,-0.8338,-1.5001,-1.5954,-0.0952,1,0, Chicago,0.0784
Miles Davis,education,Miles Davis studied at the University of,subject_last,2,6-20,jspace_keep_name,0," Chicago, where he", Chicago,0,-4.2889,-4.3712,-0.0822,-1.5001,-1.5246,-0.0244,1,0, Chicago,0.0352
Miles Davis,education,Miles Davis studied at the University of,subject_last,2,6-20,jspace_restore_rest,0," Chicago, where he", Chicago,0,-4.2889,-4.3194,-0.0305,-1.5001,-1.4526,0.0475,1,0, Chicago,0.036
Miles Davis,education,Miles Davis studied at the University of,subject_last,2,6-20,name_lens,0," Chicago, where he", Chicago,0,-4.2889,-4.3539,-0.0649,-1.5001,-1.4723,0.0278,1,0, Chicago,0.0326
Miles Davis,citizenship,Miles Davis was a citizen of,subject_last,2,9-13,jspace,0, the United States., United,1,-2.5426,-2.7342,-0.1916,-0.3918,-0.4446,-0.0528,1,0, United,0.0153
Miles Davis,citizenship,Miles Davis was a citizen of,subject_last,2,9-13,jspace_keep_name,0, the United States., United,1,-2.5426,-2.7723,-0.2297,-0.3918,-0.4524,-0.0606,1,0, United,0.0115
Miles Davis,citizenship,Miles Davis was a citizen of,subject_last,2,9-13,jspace_restore_rest,0, the United States., United,1,-2.5426,-2.5432,-0.0006,-0.3918,-0.4314,-0.0396,1,0, United,0.002
Miles Davis,citizenship,Miles Davis was a citizen of,subject_last,2,9-13,name_lens,0, the United States., United,1,-2.5426,-2.5237,0.0189,-0.3918,-0.4128,-0.021,1,0, United,0.0014
Miles Davis,citizenship,Miles Davis was a citizen of,subject_last,2,9-17,jspace,0, the United States., United,1,-2.5426,-2.751,-0.2084,-0.3918,-0.4602,-0.0684,1,0, United,0.0149
Miles Davis,citizenship,Miles Davis was a citizen of,subject_last,2,9-17,jspace_keep_name,0, the United States., United,1,-2.5426,-2.722,-0.1794,-0.3918,-0.4514,-0.0596,1,0, United,0.0166
Miles Davis,citizenship,Miles Davis was a citizen of,subject_last,2,9-17,jspace_restore_rest,0, the United States., United,1,-2.5426,-2.5276,0.015,-0.3918,-0.4136,-0.0218,1,0, United,0.0015
Miles Davis,citizenship,Miles Davis was a citizen of,subject_last,2,9-17,name_lens,0, the United States., United,1,-2.5426,-2.5226,0.02,-0.3918,-0.4121,-0.0203,1,0, United,0.0013
Miles Davis,citizenship,Miles Davis was a citizen of,subject_last,2,6-20,jspace,0, the United States., United,1,-2.5426,-2.8943,-0.3518,-0.3918,-0.424,-0.0322,1,0, United,0.0851
Miles Davis,citizenship,Miles Davis was a citizen of,subject_last,2,6-20,jspace_keep_name,0, the United States., United,1,-2.5426,-2.5736,-0.031,-0.3918,-0.4276,-0.0358,1,0, United,0.0551
Miles Davis,citizenship,Miles Davis was a citizen of,subject_last,2,6-20,jspace_restore_rest,0, the United States., United,1,-2.5426,-2.7548,-0.2122,-0.3918,-0.4891,-0.0973,1,0, United,0.0087
Miles Davis,citizenship,Miles Davis was a citizen of,subject_last,2,6-20,name_lens,0, the United States., United,1,-2.5426,-2.711,-0.1685,-0.3918,-0.4632,-0.0714,1,0, United,0.0078
Miles Davis,copy_first_name,The first name of Miles Davis is,subject_last,6,9-13,jspace,0,? 1.,1,2,-7.9027,-7.6863,0.2164,-2.5877,-2.5895,-0.0019,1,0,1,0.0305
Miles Davis,copy_first_name,The first name of Miles Davis is,subject_last,6,9-13,jspace_keep_name,0,? 1.,1,2,-7.9027,-7.9206,-0.0179,-2.5877,-2.6043,-0.0167,2,1, The,0.0227
Miles Davis,copy_first_name,The first name of Miles Davis is,subject_last,6,9-13,jspace_restore_rest,0,? 1.,1,2,-7.9027,-7.7712,0.1314,-2.5877,-2.5812,0.0065,2,1, The,0.0059
Miles Davis,copy_first_name,The first name of Miles Davis is,subject_last,6,9-13,name_lens,0,? 1.,1,2,-7.9027,-7.7677,0.1349,-2.5877,-2.596,-0.0083,2,1, The,0.0051
Miles Davis,copy_first_name,The first name of Miles Davis is,subject_last,6,9-17,jspace,0,? 1.,1,2,-7.9027,-7.9055,-0.0029,-2.5877,-2.617,-0.0293,2,1, The,0.0465
Miles Davis,copy_first_name,The first name of Miles Davis is,subject_last,6,9-17,jspace_keep_name,0,? 1.,1,2,-7.9027,-7.8071,0.0955,-2.5877,-2.5668,0.0208,1,0,1,0.0388
Miles Davis,copy_first_name,The first name of Miles Davis is,subject_last,6,9-17,jspace_restore_rest,0,? 1.,1,2,-7.9027,-7.8129,0.0898,-2.5877,-2.5825,0.0052,1,0,1,0.0035
Miles Davis,copy_first_name,The first name of Miles Davis is,subject_last,6,9-17,name_lens,0,? 1.,1,2,-7.9027,-7.7626,0.14,-2.5877,-2.5995,-0.0119,2,1, The,0.0054
Miles Davis,copy_first_name,The first name of Miles Davis is,subject_last,6,6-20,jspace,0,? 1.,1,2,-7.9027,-8.3868,-0.4841,-2.5877,-2.7304,-0.1427,2,1, The,0.0876
Miles Davis,copy_first_name,The first name of Miles Davis is,subject_last,6,6-20,jspace_keep_name,0,? 1.,1,2,-7.9027,-8.29,-0.3874,-2.5877,-2.7617,-0.174,2,1, The,0.0803
Miles Davis,copy_first_name,The first name of Miles Davis is,subject_last,6,6-20,jspace_restore_rest,0,? 1.,1,2,-7.9027,-8.0249,-0.1222,-2.5877,-2.6369,-0.0493,3,1,2,0.0065
Miles Davis,copy_first_name,The first name of Miles Davis is,subject_last,6,6-20,name_lens,0,? 1.,1,2,-7.9027,-7.947,-0.0443,-2.5877,-2.7443,-0.1567,3,1, The,0.0378
Miles Davis,copy_last_name,The last name of Miles Davis is,subject_last,6,9-13,jspace,0, what? The answer, The,2,-6.8842,-6.9197,-0.0355,-2.0064,-1.9994,0.0069,1,0, The,0.1009
Miles Davis,copy_last_name,The last name of Miles Davis is,subject_last,6,9-13,jspace_keep_name,0, what? The answer, The,2,-6.8842,-6.9094,-0.0252,-2.0064,-2.0025,0.0039,1,0, The,0.0666
Miles Davis,copy_last_name,The last name of Miles Davis is,subject_last,6,9-13,jspace_restore_rest,0, what? The answer, The,2,-6.8842,-6.8192,0.065,-2.0064,-2.0518,-0.0454,1,0, The,0.0607
Miles Davis,copy_last_name,The last name of Miles Davis is,subject_last,6,9-13,name_lens,0, what? The answer, The,2,-6.8842,-6.8397,0.0445,-2.0064,-2.0518,-0.0454,1,0, The,0.0459
Miles Davis,copy_last_name,The last name of Miles Davis is,subject_last,6,9-17,jspace,0, what? The answer, The,2,-6.8842,-6.9043,-0.0201,-2.0064,-2.0126,-0.0062,1,0, The,0.107
Miles Davis,copy_last_name,The last name of Miles Davis is,subject_last,6,9-17,jspace_keep_name,0, what? The answer, The,2,-6.8842,-6.6968,0.1874,-2.0064,-1.9646,0.0418,1,0, The,0.1079
Miles Davis,copy_last_name,The last name of Miles Davis is,subject_last,6,9-17,jspace_restore_rest,0, what? The answer, The,2,-6.8842,-6.8942,-0.01,-2.0064,-2.0526,-0.0462,1,0, The,0.0313
Miles Davis,copy_last_name,The last name of Miles Davis is,subject_last,6,9-17,name_lens,0, what? The answer, The,2,-6.8842,-6.8022,0.082,-2.0064,-2.009,-0.0026,1,0, The,0.0525
Miles Davis,copy_last_name,The last name of Miles Davis is,subject_last,6,6-20,jspace,0, what? The answer, The,2,-6.8842,-7.3396,-0.4554,-2.0064,-2.0712,-0.0648,1,0, The,0.1528
Miles Davis,copy_last_name,The last name of Miles Davis is,subject_last,6,6-20,jspace_keep_name,0, what? The answer, The,2,-6.8842,-7.6793,-0.7952,-2.0064,-1.9806,0.0258,1,0, The,0.2621
Miles Davis,copy_last_name,The last name of Miles Davis is,subject_last,6,6-20,jspace_restore_rest,0, what? The answer, The,2,-6.8842,-6.7262,0.158,-2.0064,-2.0308,-0.0244,1,0, The,0.078
Miles Davis,copy_last_name,The last name of Miles Davis is,subject_last,6,6-20,name_lens,0, what? The answer, The,2,-6.8842,-6.9954,-0.1112,-2.0064,-1.9997,0.0067,1,0, The,0.0958
Marie Curie,birth_city,Marie Curie was born in the city of,subject_last,3,9-13,jspace,0," Warsaw, Poland.", Warsaw,0,-3.9338,-3.9935,-0.0597,-0.4736,-0.4497,0.0238,1,0, Warsaw,0.0296
Marie Curie,birth_city,Marie Curie was born in the city of,subject_last,3,9-13,jspace_keep_name,0," Warsaw, Poland.", Warsaw,0,-3.9338,-3.9111,0.0227,-0.4736,-0.4972,-0.0236,1,0, Warsaw,0.0151
Marie Curie,birth_city,Marie Curie was born in the city of,subject_last,3,9-13,jspace_restore_rest,0," Warsaw, Poland.", Warsaw,0,-3.9338,-3.8403,0.0936,-0.4736,-0.3984,0.0751,1,0, Warsaw,0.0074
Marie Curie,birth_city,Marie Curie was born in the city of,subject_last,3,9-13,name_lens,0," Warsaw, Poland.", Warsaw,0,-3.9338,-3.8847,0.0491,-0.4736,-0.4122,0.0614,1,0, Warsaw,0.0053
Marie Curie,birth_city,Marie Curie was born in the city of,subject_last,3,9-17,jspace,0," Warsaw, Poland.", Warsaw,0,-3.9338,-3.8005,0.1333,-0.4736,-0.2912,0.1823,1,0, Warsaw,0.0662
Marie Curie,birth_city,Marie Curie was born in the city of,subject_last,3,9-17,jspace_keep_name,0," Warsaw, Poland.", Warsaw,0,-3.9338,-3.7704,0.1634,-0.4736,-0.3013,0.1723,1,0, Warsaw,0.0576
Marie Curie,birth_city,Marie Curie was born in the city of,subject_last,3,9-17,jspace_restore_rest,0," Warsaw, Poland.", Warsaw,0,-3.9338,-3.7813,0.1525,-0.4736,-0.3845,0.0891,1,0, Warsaw,0.0105
Marie Curie,birth_city,Marie Curie was born in the city of,subject_last,3,9-17,name_lens,0," Warsaw, Poland.", Warsaw,0,-3.9338,-3.9366,-0.0028,-0.4736,-0.4444,0.0292,1,0, Warsaw,0.0072
Marie Curie,birth_city,Marie Curie was born in the city of,subject_last,3,6-20,jspace,0," Warsaw, Poland.", Warsaw,0,-3.9338,-3.7431,0.1907,-0.4736,-0.2966,0.177,1,0, Warsaw,0.0744
Marie Curie,birth_city,Marie Curie was born in the city of,subject_last,3,6-20,jspace_keep_name,0," Warsaw, Poland.", Warsaw,0,-3.9338,-6.6742,-2.7404,-0.4736,-2.4467,-1.9731,1,0, Warsaw,1.3095
Marie Curie,birth_city,Marie Curie was born in the city of,subject_last,3,6-20,jspace_restore_rest,0," Warsaw, Poland.", Warsaw,0,-3.9338,-3.8037,0.1301,-0.4736,-0.3378,0.1358,1,0, Warsaw,0.0303
Marie Curie,birth_city,Marie Curie was born in the city of,subject_last,3,6-20,name_lens,0," Warsaw, Poland.", Warsaw,0,-3.9338,-3.881,0.0528,-0.4736,-0.4538,0.0198,1,0, Warsaw,0.0085
Marie Curie,birth_year,Marie Curie was born in the year,subject_last,3,9-13,jspace,0, 1867.,186,1,-2.0714,-2.0494,0.022,-0.435,-0.3878,0.0473,1,0,186,0.0018
Marie Curie,birth_year,Marie Curie was born in the year,subject_last,3,9-13,jspace_keep_name,0, 1867.,186,1,-2.0714,-2.1171,-0.0457,-0.435,-0.4488,-0.0138,1,0,186,0.0017
Marie Curie,birth_year,Marie Curie was born in the year,subject_last,3,9-13,jspace_restore_rest,0, 1867.,186,1,-2.0714,-2.0266,0.0448,-0.435,-0.3857,0.0493,1,0,186,0.0004
Marie Curie,birth_year,Marie Curie was born in the year,subject_last,3,9-13,name_lens,0, 1867.,186,1,-2.0714,-2.0556,0.0158,-0.435,-0.4199,0.0151,1,0,186,0.0002
Marie Curie,birth_year,Marie Curie was born in the year,subject_last,3,9-17,jspace,0, 1867.,186,1,-2.0714,-2.1548,-0.0834,-0.435,-0.4883,-0.0532,1,0,186,0.0028
Marie Curie,birth_year,Marie Curie was born in the year,subject_last,3,9-17,jspace_keep_name,0, 1867.,186,1,-2.0714,-2.2656,-0.1942,-0.435,-0.5236,-0.0885,1,0,186,0.003
Marie Curie,birth_year,Marie Curie was born in the year,subject_last,3,9-17,jspace_restore_rest,0, 1867.,186,1,-2.0714,-2.0491,0.0223,-0.435,-0.3995,0.0356,1,0,186,0.0004
Marie Curie,birth_year,Marie Curie was born in the year,subject_last,3,9-17,name_lens,0, 1867.,186,1,-2.0714,-2.0792,-0.0078,-0.435,-0.4086,0.0264,1,0,186,0.0014
Marie Curie,birth_year,Marie Curie was born in the year,subject_last,3,6-20,jspace,0, 1867.,186,1,-2.0714,-2.1441,-0.0727,-0.435,-0.4247,0.0103,1,0,186,0.0117
Marie Curie,birth_year,Marie Curie was born in the year,subject_last,3,6-20,jspace_keep_name,0, 1867.,186,1,-2.0714,-3.4053,-1.3339,-0.435,-1.2576,-0.8226,1,0,186,0.0648
Marie Curie,birth_year,Marie Curie was born in the year,subject_last,3,6-20,jspace_restore_rest,0, 1867.,186,1,-2.0714,-2.0092,0.0622,-0.435,-0.4173,0.0178,1,0,186,0.0128
Marie Curie,birth_year,Marie Curie was born in the year,subject_last,3,6-20,name_lens,0, 1867.,186,1,-2.0714,-2.025,0.0464,-0.435,-0.4217,0.0133,1,0,186,0.013
Marie Curie,birth_country,Marie Curie was born in the country of,subject_last,3,9-13,jspace,0, Poland. She was, Poland,0,-5.3306,-5.0371,0.2935,-0.9103,-0.7772,0.1332,1,0, Poland,0.0239
Marie Curie,birth_country,Marie Curie was born in the country of,subject_last,3,9-13,jspace_keep_name,0, Poland. She was, Poland,0,-5.3306,-5.1734,0.1572,-0.9103,-0.8928,0.0175,1,0, Poland,0.0059
Marie Curie,birth_country,Marie Curie was born in the country of,subject_last,3,9-13,jspace_restore_rest,0, Poland. She was, Poland,0,-5.3306,-5.2904,0.0402,-0.9103,-0.9026,0.0077,1,0, Poland,0.0005
Marie Curie,birth_country,Marie Curie was born in the country of,subject_last,3,9-13,name_lens,0, Poland. She was, Poland,0,-5.3306,-5.2933,0.0372,-0.9103,-0.8844,0.0259,1,0, Poland,0.0008
Marie Curie,birth_country,Marie Curie was born in the country of,subject_last,3,9-17,jspace,0, Poland. She was, Poland,0,-5.3306,-5.2198,0.1108,-0.9103,-0.8044,0.1059,1,0, Poland,0.023
Marie Curie,birth_country,Marie Curie was born in the country of,subject_last,3,9-17,jspace_keep_name,0, Poland. She was, Poland,0,-5.3306,-5.1182,0.2124,-0.9103,-0.8498,0.0606,1,0, Poland,0.0127
Marie Curie,birth_country,Marie Curie was born in the country of,subject_last,3,9-17,jspace_restore_rest,0, Poland. She was, Poland,0,-5.3306,-5.2421,0.0884,-0.9103,-0.8541,0.0563,1,0, Poland,0.002
Marie Curie,birth_country,Marie Curie was born in the country of,subject_last,3,9-17,name_lens,0, Poland. She was, Poland,0,-5.3306,-5.2587,0.0718,-0.9103,-0.903,0.0073,1,0, Poland,0.0012
Marie Curie,birth_country,Marie Curie was born in the country of,subject_last,3,6-20,jspace,0, Poland. She was, Poland,0,-5.3306,-5.5119,-0.1813,-0.9103,-0.8466,0.0638,1,0, Poland,0.024
Marie Curie,birth_country,Marie Curie was born in the country of,subject_last,3,6-20,jspace_keep_name,0, Poland. She was, Poland,0,-5.3306,-6.2236,-0.893,-0.9103,-1.461,-0.5507,1,0, Poland,0.3173
Marie Curie,birth_country,Marie Curie was born in the country of,subject_last,3,6-20,jspace_restore_rest,0, Poland. She was, Poland,0,-5.3306,-5.2084,0.1221,-0.9103,-0.8225,0.0879,1,0, Poland,0.0054
Marie Curie,birth_country,Marie Curie was born in the country of,subject_last,3,6-20,name_lens,0, Poland. She was, Poland,0,-5.3306,-5.2655,0.0651,-0.9103,-0.873,0.0373,1,0, Poland,0.0035
Marie Curie,death_year,Marie Curie died in the year,subject_last,3,9-13,jspace,0, 1934.,193,1,-2.0998,-2.1194,-0.0196,-0.3488,-0.4242,-0.0755,1,0,193,0.0024
Marie Curie,death_year,Marie Curie died in the year,subject_last,3,9-13,jspace_keep_name,0, 1934.,193,1,-2.0998,-2.1633,-0.0636,-0.3488,-0.4734,-0.1246,1,0,193,0.0202
Marie Curie,death_year,Marie Curie died in the year,subject_last,3,9-13,jspace_restore_rest,0, 1934.,193,1,-2.0998,-2.0627,0.0371,-0.3488,-0.3442,0.0046,1,0,193,0.0008
Marie Curie,death_year,Marie Curie died in the year,subject_last,3,9-13,name_lens,0, 1934.,193,1,-2.0998,-2.0287,0.0711,-0.3488,-0.3218,0.0269,1,0,193,0.0007
Marie Curie,death_year,Marie Curie died in the year,subject_last,3,9-17,jspace,0, 1934.,193,1,-2.0998,-2.0718,0.028,-0.3488,-0.4049,-0.0561,1,0,193,0.0059
Marie Curie,death_year,Marie Curie died in the year,subject_last,3,9-17,jspace_keep_name,0, 1934.,193,1,-2.0998,-2.1337,-0.0339,-0.3488,-0.3989,-0.0501,1,0,193,0.0029
Marie Curie,death_year,Marie Curie died in the year,subject_last,3,9-17,jspace_restore_rest,0, 1934.,193,1,-2.0998,-1.9949,0.1048,-0.3488,-0.3076,0.0412,1,0,193,0.0029
Marie Curie,death_year,Marie Curie died in the year,subject_last,3,9-17,name_lens,0, 1934.,193,1,-2.0998,-2.0368,0.063,-0.3488,-0.3177,0.031,1,0,193,0.0007
Marie Curie,death_year,Marie Curie died in the year,subject_last,3,6-20,jspace,0, 1934.,193,1,-2.0998,-2.317,-0.2172,-0.3488,-0.4878,-0.139,1,0,193,0.02
Marie Curie,death_year,Marie Curie died in the year,subject_last,3,6-20,jspace_keep_name,0, 1934.,193,1,-2.0998,-2.9,-0.8002,-0.3488,-0.5278,-0.179,1,0,193,0.0833
Marie Curie,death_year,Marie Curie died in the year,subject_last,3,6-20,jspace_restore_rest,0, 1934.,193,1,-2.0998,-2.0985,0.0012,-0.3488,-0.3418,0.0069,1,0,193,0.002
Marie Curie,death_year,Marie Curie died in the year,subject_last,3,6-20,name_lens,0, 1934.,193,1,-2.0998,-2.1453,-0.0455,-0.3488,-0.3758,-0.0271,1,0,193,0.0012
Marie Curie,occupation,Marie Curie worked as a,subject_last,3,9-13,jspace,0, teacher in a school, teacher,0,-6.8305,-6.846,-0.0155,-2.0403,-2.0191,0.0212,1,0, teacher,0.0279
Marie Curie,occupation,Marie Curie worked as a,subject_last,3,9-13,jspace_keep_name,0, teacher in a school, teacher,0,-6.8305,-6.7239,0.1066,-2.0403,-1.8941,0.1462,1,0, teacher,0.0258
Marie Curie,occupation,Marie Curie worked as a,subject_last,3,9-13,jspace_restore_rest,0, teacher in a school, teacher,0,-6.8305,-6.7912,0.0393,-2.0403,-1.9851,0.0552,1,0, teacher,0.0069
Marie Curie,occupation,Marie Curie worked as a,subject_last,3,9-13,name_lens,0, teacher in a school, teacher,0,-6.8305,-6.8864,-0.0559,-2.0403,-2.1001,-0.0598,1,0, teacher,0.0008
Marie Curie,occupation,Marie Curie worked as a,subject_last,3,9-17,jspace,0, teacher in a school, teacher,0,-6.8305,-6.7133,0.1172,-2.0403,-1.9098,0.1305,1,0, teacher,0.0526
Marie Curie,occupation,Marie Curie worked as a,subject_last,3,9-17,jspace_keep_name,0, teacher in a school, teacher,0,-6.8305,-6.6784,0.1521,-2.0403,-1.929,0.1113,1,0, teacher,0.036
Marie Curie,occupation,Marie Curie worked as a,subject_last,3,9-17,jspace_restore_rest,0, teacher in a school, teacher,0,-6.8305,-6.7737,0.0568,-2.0403,-2.0041,0.0363,1,0, teacher,0.0048
Marie Curie,occupation,Marie Curie worked as a,subject_last,3,9-17,name_lens,0, teacher in a school, teacher,0,-6.8305,-6.9126,-0.0821,-2.0403,-2.1296,-0.0893,1,0, teacher,0.0012
Marie Curie,occupation,Marie Curie worked as a,subject_last,3,6-20,jspace,0, teacher in a school, teacher,0,-6.8305,-6.8411,-0.0106,-2.0403,-1.9555,0.0848,1,0, teacher,0.0637
Marie Curie,occupation,Marie Curie worked as a,subject_last,3,6-20,jspace_keep_name,0, teacher in a school, teacher,0,-6.8305,-5.8622,0.9683,-2.0403,-1.6227,0.4176,1,0, teacher,0.3709
Marie Curie,occupation,Marie Curie worked as a,subject_last,3,6-20,jspace_restore_rest,0, teacher in a school, teacher,0,-6.8305,-6.6818,0.1488,-2.0403,-1.9124,0.1279,1,0, teacher,0.0108
Marie Curie,occupation,Marie Curie worked as a,subject_last,3,6-20,name_lens,0, teacher in a school, teacher,0,-6.8305,-6.8669,-0.0364,-2.0403,-2.1028,-0.0624,1,0, teacher,0.0019
Marie Curie,profession_of,The profession of Marie Curie was,subject_last,6,9-13,jspace,0, a scientist. The, scientist,1,-6.218,-6.5992,-0.3812,-1.8863,-2.0527,-0.1664,1,0, scientist,0.0383
Marie Curie,profession_of,The profession of Marie Curie was,subject_last,6,9-13,jspace_keep_name,0, a scientist. The, scientist,1,-6.218,-6.6392,-0.4212,-1.8863,-1.9371,-0.0508,1,0, scientist,0.0295
Marie Curie,profession_of,The profession of Marie Curie was,subject_last,6,9-13,jspace_restore_rest,0, a scientist. The, scientist,1,-6.218,-6.5093,-0.2913,-1.8863,-1.9193,-0.033,1,0, scientist,0.0218
Marie Curie,profession_of,The profession of Marie Curie was,subject_last,6,9-13,name_lens,0, a scientist. The, scientist,1,-6.218,-6.2837,-0.0657,-1.8863,-1.8886,-0.0022,1,0, scientist,0.0015
Marie Curie,profession_of,The profession of Marie Curie was,subject_last,6,9-17,jspace,0, a scientist. The, scientist,1,-6.218,-6.5975,-0.3794,-1.8863,-2.1303,-0.244,2,1, physic,0.0408
Marie Curie,profession_of,The profession of Marie Curie was,subject_last,6,9-17,jspace_keep_name,0, a scientist. The, scientist,1,-6.218,-6.7313,-0.5133,-1.8863,-2.1208,-0.2345,1,0, scientist,0.0348
Marie Curie,profession_of,The profession of Marie Curie was,subject_last,6,9-17,jspace_restore_rest,0, a scientist. The, scientist,1,-6.218,-6.5117,-0.2937,-1.8863,-1.906,-0.0197,1,0, scientist,0.0165
Marie Curie,profession_of,The profession of Marie Curie was,subject_last,6,9-17,name_lens,0, a scientist. The, scientist,1,-6.218,-6.236,-0.0179,-1.8863,-1.8765,0.0098,1,0, scientist,0.0025
Marie Curie,profession_of,The profession of Marie Curie was,subject_last,6,6-20,jspace,0, a scientist. The, scientist,1,-6.218,-7.3603,-1.1423,-1.8863,-2.2915,-0.4052,1,0, scientist,0.1771
Marie Curie,profession_of,The profession of Marie Curie was,subject_last,6,6-20,jspace_keep_name,0, a scientist. The, scientist,1,-6.218,-7.3087,-1.0907,-1.8863,-2.3476,-0.4613,2,1, physic,0.2539
Marie Curie,profession_of,The profession of Marie Curie was,subject_last,6,6-20,jspace_restore_rest,0, a scientist. The, scientist,1,-6.218,-6.5375,-0.3195,-1.8863,-1.9949,-0.1086,1,0, scientist,0.022
Marie Curie,profession_of,The profession of Marie Curie was,subject_last,6,6-20,name_lens,0, a scientist. The, scientist,1,-6.218,-6.2281,-0.0101,-1.8863,-1.7939,0.0924,1,0, scientist,0.0062
Marie Curie,instrument,Marie Curie played the,subject_last,3,9-13,jspace,0, role of a scientist, role,0,-4.3047,-4.4092,-0.1045,-1.213,-1.128,0.085,1,0, role,0.0098
Marie Curie,instrument,Marie Curie played the,subject_last,3,9-13,jspace_keep_name,0, role of a scientist, role,0,-4.3047,-4.3186,-0.0139,-1.213,-1.1441,0.0689,1,0, role,0.0061
Marie Curie,instrument,Marie Curie played the,subject_last,3,9-13,jspace_restore_rest,0, role of a scientist, role,0,-4.3047,-4.2407,0.064,-1.213,-1.1837,0.0293,1,0, role,0.0025
Marie Curie,instrument,Marie Curie played the,subject_last,3,9-13,name_lens,0, role of a scientist, role,0,-4.3047,-4.2932,0.0116,-1.213,-1.1944,0.0186,1,0, role,0.003
Marie Curie,instrument,Marie Curie played the,subject_last,3,9-17,jspace,0, role of a scientist, role,0,-4.3047,-4.5343,-0.2295,-1.213,-1.1767,0.0363,1,0, role,0.0114
Marie Curie,instrument,Marie Curie played the,subject_last,3,9-17,jspace_keep_name,0, role of a scientist, role,0,-4.3047,-4.5036,-0.1989,-1.213,-1.2306,-0.0176,1,0, role,0.013
Marie Curie,instrument,Marie Curie played the,subject_last,3,9-17,jspace_restore_rest,0, role of a scientist, role,0,-4.3047,-4.2015,0.1032,-1.213,-1.1483,0.0647,1,0, role,0.0035
Marie Curie,instrument,Marie Curie played the,subject_last,3,9-17,name_lens,0, role of a scientist, role,0,-4.3047,-4.2182,0.0865,-1.213,-1.162,0.051,1,0, role,0.0032
Marie Curie,instrument,Marie Curie played the,subject_last,3,6-20,jspace,0, role of a scientist, role,0,-4.3047,-4.6824,-0.3777,-1.213,-1.1115,0.1015,1,0, role,0.0322
Marie Curie,instrument,Marie Curie played the,subject_last,3,6-20,jspace_keep_name,0, role of a scientist, role,0,-4.3047,-4.562,-0.2573,-1.213,-0.8168,0.3962,1,0, role,0.1423
Marie Curie,instrument,Marie Curie played the,subject_last,3,6-20,jspace_restore_rest,0, role of a scientist, role,0,-4.3047,-4.3174,-0.0127,-1.213,-1.2386,-0.0255,1,0, role,0.0031
Marie Curie,instrument,Marie Curie played the,subject_last,3,6-20,name_lens,0, role of a scientist, role,0,-4.3047,-4.324,-0.0193,-1.213,-1.2219,-0.0089,1,0, role,0.0031
Marie Curie,famous_for,Marie Curie is famous for,subject_last,3,9-13,jspace,0, her work in the, work,1,-3.6999,-3.7263,-0.0264,-0.6295,-0.6441,-0.0146,1,0, work,0.0028
Marie Curie,famous_for,Marie Curie is famous for,subject_last,3,9-13,jspace_keep_name,0, her work in the, work,1,-3.6999,-3.6782,0.0217,-0.6295,-0.6677,-0.0382,1,0, work,0.0038
Marie Curie,famous_for,Marie Curie is famous for,subject_last,3,9-13,jspace_restore_rest,0, her work in the, work,1,-3.6999,-3.7117,-0.0118,-0.6295,-0.6323,-0.0027,1,0, work,0.0004
Marie Curie,famous_for,Marie Curie is famous for,subject_last,3,9-13,name_lens,0, her work in the, work,1,-3.6999,-3.7289,-0.029,-0.6295,-0.626,0.0035,1,0, work,0.0002
Marie Curie,famous_for,Marie Curie is famous for,subject_last,3,9-17,jspace,0, her work in the, work,1,-3.6999,-3.5867,0.1133,-0.6295,-0.5924,0.0371,1,0, work,0.0079
Marie Curie,famous_for,Marie Curie is famous for,subject_last,3,9-17,jspace_keep_name,0, her work in the, work,1,-3.6999,-3.7326,-0.0326,-0.6295,-0.6524,-0.0228,1,0, work,0.0059
Marie Curie,famous_for,Marie Curie is famous for,subject_last,3,9-17,jspace_restore_rest,0, her work in the, work,1,-3.6999,-3.737,-0.0371,-0.6295,-0.6157,0.0138,1,0, work,0.0007
Marie Curie,famous_for,Marie Curie is famous for,subject_last,3,9-17,name_lens,0, her work in the, work,1,-3.6999,-3.7772,-0.0772,-0.6295,-0.6343,-0.0047,1,0, work,0.0005
Marie Curie,famous_for,Marie Curie is famous for,subject_last,3,6-20,jspace,0, her work in the, work,1,-3.6999,-4.2463,-0.5463,-0.6295,-0.8537,-0.2242,1,0, work,0.0671
Marie Curie,famous_for,Marie Curie is famous for,subject_last,3,6-20,jspace_keep_name,0, her work in the, work,1,-3.6999,-3.52,0.18,-0.6295,-0.5803,0.0492,1,0, work,0.0778
Marie Curie,famous_for,Marie Curie is famous for,subject_last,3,6-20,jspace_restore_rest,0, her work in the, work,1,-3.6999,-3.7316,-0.0317,-0.6295,-0.6004,0.0292,1,0, work,0.0006
Marie Curie,famous_for,Marie Curie is famous for,subject_last,3,6-20,name_lens,0, her work in the, work,1,-3.6999,-3.7749,-0.075,-0.6295,-0.6279,0.0017,1,0, work,0.001
Marie Curie,language,Marie Curie spoke the language of,subject_last,3,9-13,jspace,0," the universe, and", universe,1,-6.7258,-7.0846,-0.3588,-2.3076,-2.6285,-0.3209,2,1, world,0.0132
Marie Curie,language,Marie Curie spoke the language of,subject_last,3,9-13,jspace_keep_name,0," the universe, and", universe,1,-6.7258,-7.1924,-0.4666,-2.3076,-2.7715,-0.4639,2,1, world,0.0414
Marie Curie,language,Marie Curie spoke the language of,subject_last,3,9-13,jspace_restore_rest,0," the universe, and", universe,1,-6.7258,-6.6345,0.0913,-2.3076,-2.3007,0.0069,1,0, universe,0.005
Marie Curie,language,Marie Curie spoke the language of,subject_last,3,9-13,name_lens,0," the universe, and", universe,1,-6.7258,-6.6667,0.0591,-2.3076,-2.2954,0.0122,1,0, universe,0.0007
Marie Curie,language,Marie Curie spoke the language of,subject_last,3,9-17,jspace,0," the universe, and", universe,1,-6.7258,-7.136,-0.4102,-2.3076,-2.665,-0.3574,2,1, world,0.0143
Marie Curie,language,Marie Curie spoke the language of,subject_last,3,9-17,jspace_keep_name,0," the universe, and", universe,1,-6.7258,-7.4091,-0.6833,-2.3076,-2.8429,-0.5353,2,1, world,0.0515
Marie Curie,language,Marie Curie spoke the language of,subject_last,3,9-17,jspace_restore_rest,0," the universe, and", universe,1,-6.7258,-6.7275,-0.0017,-2.3076,-2.2978,0.0098,1,1, world,0.0014
Marie Curie,language,Marie Curie spoke the language of,subject_last,3,9-17,name_lens,0," the universe, and", universe,1,-6.7258,-6.7277,-0.0019,-2.3076,-2.3351,-0.0275,1,1, world,0.001
Marie Curie,language,Marie Curie spoke the language of,subject_last,3,6-20,jspace,0," the universe, and", universe,1,-6.7258,-7.7513,-1.0255,-2.3076,-2.9575,-0.6499,2,1, world,0.0365
Marie Curie,language,Marie Curie spoke the language of,subject_last,3,6-20,jspace_keep_name,0," the universe, and", universe,1,-6.7258,-7.9189,-1.1931,-2.3076,-3.5656,-1.258,6,1, world,0.1426
Marie Curie,language,Marie Curie spoke the language of,subject_last,3,6-20,jspace_restore_rest,0," the universe, and", universe,1,-6.7258,-6.6811,0.0447,-2.3076,-2.2674,0.0402,1,0, universe,0.0044
Marie Curie,language,Marie Curie spoke the language of,subject_last,3,6-20,name_lens,0," the universe, and", universe,1,-6.7258,-6.7464,-0.0206,-2.3076,-2.2841,0.0235,1,0, universe,0.0052
Marie Curie,spouse,Marie Curie was married to,subject_last,3,9-13,jspace,0," Pierre Curie,", Pierre,0,-1.6893,-1.897,-0.2076,-0.361,-0.3925,-0.0315,1,0, Pierre,0.0132
Marie Curie,spouse,Marie Curie was married to,subject_last,3,9-13,jspace_keep_name,0," Pierre Curie,", Pierre,0,-1.6893,-1.7335,-0.0442,-0.361,-0.3909,-0.0299,1,0, Pierre,0.0115
Marie Curie,spouse,Marie Curie was married to,subject_last,3,9-13,jspace_restore_rest,0," Pierre Curie,", Pierre,0,-1.6893,-1.5976,0.0917,-0.361,-0.3583,0.0028,1,0, Pierre,0.0019
Marie Curie,spouse,Marie Curie was married to,subject_last,3,9-13,name_lens,0," Pierre Curie,", Pierre,0,-1.6893,-1.6113,0.078,-0.361,-0.3575,0.0035,1,0, Pierre,0.0009
Marie Curie,spouse,Marie Curie was married to,subject_last,3,9-17,jspace,0," Pierre Curie,", Pierre,0,-1.6893,-1.7753,-0.0859,-0.361,-0.5282,-0.1672,1,0, Pierre,0.0383
Marie Curie,spouse,Marie Curie was married to,subject_last,3,9-17,jspace_keep_name,0," Pierre Curie,", Pierre,0,-1.6893,-1.7129,-0.0236,-0.361,-0.3712,-0.0102,1,0, Pierre,0.0202
Marie Curie,spouse,Marie Curie was married to,subject_last,3,9-17,jspace_restore_rest,0," Pierre Curie,", Pierre,0,-1.6893,-1.6006,0.0888,-0.361,-0.3278,0.0333,1,0, Pierre,0.0043
Marie Curie,spouse,Marie Curie was married to,subject_last,3,9-17,name_lens,0," Pierre Curie,", Pierre,0,-1.6893,-1.6823,0.007,-0.361,-0.3196,0.0414,1,0, Pierre,0.0044
Marie Curie,spouse,Marie Curie was married to,subject_last,3,6-20,jspace,0," Pierre Curie,", Pierre,0,-1.6893,-1.98,-0.2907,-0.361,-0.4766,-0.1156,1,0, Pierre,0.0324
Marie Curie,spouse,Marie Curie was married to,subject_last,3,6-20,jspace_keep_name,0," Pierre Curie,", Pierre,0,-1.6893,-6.9727,-5.2833,-0.361,-2.1631,-1.8021,2,1, a,1.0335
Marie Curie,spouse,Marie Curie was married to,subject_last,3,6-20,jspace_restore_rest,0," Pierre Curie,", Pierre,0,-1.6893,-1.6078,0.0816,-0.361,-0.3363,0.0247,1,0, Pierre,0.0039
Marie Curie,spouse,Marie Curie was married to,subject_last,3,6-20,name_lens,0," Pierre Curie,", Pierre,0,-1.6893,-1.6906,-0.0012,-0.361,-0.3197,0.0413,1,0, Pierre,0.005
Marie Curie,education,Marie Curie studied at the University of,subject_last,3,9-13,jspace,0," Paris, where she", Paris,0,-2.9325,-3.0525,-0.1201,-0.5624,-0.63,-0.0676,1,0, Paris,0.0179
Marie Curie,education,Marie Curie studied at the University of,subject_last,3,9-13,jspace_keep_name,0," Paris, where she", Paris,0,-2.9325,-2.9241,0.0084,-0.5624,-0.5189,0.0435,1,0, Paris,0.0096
Marie Curie,education,Marie Curie studied at the University of,subject_last,3,9-13,jspace_restore_rest,0," Paris, where she", Paris,0,-2.9325,-2.9731,-0.0406,-0.5624,-0.5578,0.0046,1,0, Paris,0.0055
Marie Curie,education,Marie Curie studied at the University of,subject_last,3,9-13,name_lens,0," Paris, where she", Paris,0,-2.9325,-3.0012,-0.0687,-0.5624,-0.5808,-0.0184,1,0, Paris,0.003
Marie Curie,education,Marie Curie studied at the University of,subject_last,3,9-17,jspace,0," Paris, where she", Paris,0,-2.9325,-3.064,-0.1315,-0.5624,-0.659,-0.0966,1,0, Paris,0.0383
Marie Curie,education,Marie Curie studied at the University of,subject_last,3,9-17,jspace_keep_name,0," Paris, where she", Paris,0,-2.9325,-3.026,-0.0935,-0.5624,-0.541,0.0214,1,0, Paris,0.0136
Marie Curie,education,Marie Curie studied at the University of,subject_last,3,9-17,jspace_restore_rest,0," Paris, where she", Paris,0,-2.9325,-2.9218,0.0107,-0.5624,-0.5419,0.0205,1,0, Paris,0.0049
Marie Curie,education,Marie Curie studied at the University of,subject_last,3,9-17,name_lens,0," Paris, where she", Paris,0,-2.9325,-3.0114,-0.0789,-0.5624,-0.5469,0.0156,1,0, Paris,0.0037
Marie Curie,education,Marie Curie studied at the University of,subject_last,3,6-20,jspace,0," Paris, where she", Paris,0,-2.9325,-3.6532,-0.7207,-0.5624,-0.6176,-0.0552,1,0, Paris,0.0327
Marie Curie,education,Marie Curie studied at the University of,subject_last,3,6-20,jspace_keep_name,0," Paris, where she", Paris,0,-2.9325,-3.7906,-0.8581,-0.5624,-1.2882,-0.7258,1,0, Paris,0.4771
Marie Curie,education,Marie Curie studied at the University of,subject_last,3,6-20,jspace_restore_rest,0," Paris, where she", Paris,0,-2.9325,-2.9877,-0.0552,-0.5624,-0.5889,-0.0265,1,0, Paris,0.0118
Marie Curie,education,Marie Curie studied at the University of,subject_last,3,6-20,name_lens,0," Paris, where she", Paris,0,-2.9325,-3.0044,-0.0719,-0.5624,-0.5244,0.038,1,0, Paris,0.006
Marie Curie,citizenship,Marie Curie was a citizen of,subject_last,3,9-13,jspace,0, France and a scientist, France,0,-6.1097,-6.1616,-0.0519,-0.8665,-0.9687,-0.1023,1,0, France,0.0154
Marie Curie,citizenship,Marie Curie was a citizen of,subject_last,3,9-13,jspace_keep_name,0, France and a scientist, France,0,-6.1097,-6.1281,-0.0184,-0.8665,-0.859,0.0074,1,0, France,0.0046
Marie Curie,citizenship,Marie Curie was a citizen of,subject_last,3,9-13,jspace_restore_rest,0, France and a scientist, France,0,-6.1097,-6.0689,0.0408,-0.8665,-0.8947,-0.0282,1,0, France,0.0011
Marie Curie,citizenship,Marie Curie was a citizen of,subject_last,3,9-13,name_lens,0, France and a scientist, France,0,-6.1097,-6.0454,0.0643,-0.8665,-0.8794,-0.0129,1,0, France,0.0003
Marie Curie,citizenship,Marie Curie was a citizen of,subject_last,3,9-17,jspace,0, France and a scientist, France,0,-6.1097,-6.3,-0.1903,-0.8665,-1.011,-0.1446,1,0, France,0.0192
Marie Curie,citizenship,Marie Curie was a citizen of,subject_last,3,9-17,jspace_keep_name,0, France and a scientist, France,0,-6.1097,-6.1198,-0.0101,-0.8665,-0.9428,-0.0763,1,0, France,0.0129
Marie Curie,citizenship,Marie Curie was a citizen of,subject_last,3,9-17,jspace_restore_rest,0, France and a scientist, France,0,-6.1097,-6.0477,0.062,-0.8665,-0.8523,0.0142,1,0, France,0.0011
Marie Curie,citizenship,Marie Curie was a citizen of,subject_last,3,9-17,name_lens,0, France and a scientist, France,0,-6.1097,-6.0146,0.095,-0.8665,-0.8549,0.0116,1,0, France,0.0016
Marie Curie,citizenship,Marie Curie was a citizen of,subject_last,3,6-20,jspace,0, France and a scientist, France,0,-6.1097,-6.3008,-0.1911,-0.8665,-0.9691,-0.1026,1,0, France,0.0172
Marie Curie,citizenship,Marie Curie was a citizen of,subject_last,3,6-20,jspace_keep_name,0, France and a scientist, France,0,-6.1097,-6.7687,-0.659,-0.8665,-1.3517,-0.4853,1,0, France,0.2304
Marie Curie,citizenship,Marie Curie was a citizen of,subject_last,3,6-20,jspace_restore_rest,0, France and a scientist, France,0,-6.1097,-6.1545,-0.0448,-0.8665,-0.9159,-0.0494,1,0, France,0.0106
Marie Curie,citizenship,Marie Curie was a citizen of,subject_last,3,6-20,name_lens,0, France and a scientist, France,0,-6.1097,-6.1673,-0.0576,-0.8665,-0.9015,-0.0351,1,0, France,0.0014
Marie Curie,copy_first_name,The first name of Marie Curie is,subject_last,7,9-13,jspace,0, Marie. The second, Marie,0,-5.0512,-4.65,0.4012,-2.2843,-1.8494,0.4349,1,0, Marie,0.0535
Marie Curie,copy_first_name,The first name of Marie Curie is,subject_last,7,9-13,jspace_keep_name,0, Marie. The second, Marie,0,-5.0512,-4.7875,0.2637,-2.2843,-2.0934,0.191,1,0, Marie,0.0135
Marie Curie,copy_first_name,The first name of Marie Curie is,subject_last,7,9-13,jspace_restore_rest,0, Marie. The second, Marie,0,-5.0512,-4.9341,0.1171,-2.2843,-2.2337,0.0506,1,0, Marie,0.0016
Marie Curie,copy_first_name,The first name of Marie Curie is,subject_last,7,9-13,name_lens,0, Marie. The second, Marie,0,-5.0512,-4.9816,0.0696,-2.2843,-2.2357,0.0486,1,0, Marie,0.0017
Marie Curie,copy_first_name,The first name of Marie Curie is,subject_last,7,9-17,jspace,0, Marie. The second, Marie,0,-5.0512,-4.6939,0.3573,-2.2843,-2.0287,0.2557,1,0, Marie,0.0644
Marie Curie,copy_first_name,The first name of Marie Curie is,subject_last,7,9-17,jspace_keep_name,0, Marie. The second, Marie,0,-5.0512,-4.6673,0.3839,-2.2843,-1.9489,0.3354,1,0, Marie,0.0401
Marie Curie,copy_first_name,The first name of Marie Curie is,subject_last,7,9-17,jspace_restore_rest,0, Marie. The second, Marie,0,-5.0512,-5.0054,0.0458,-2.2843,-2.2042,0.0801,1,0, Marie,0.0053
Marie Curie,copy_first_name,The first name of Marie Curie is,subject_last,7,9-17,name_lens,0, Marie. The second, Marie,0,-5.0512,-5.0136,0.0376,-2.2843,-2.2822,0.0021,1,0, Marie,0.0019
Marie Curie,copy_first_name,The first name of Marie Curie is,subject_last,7,6-20,jspace,0, Marie. The second, Marie,0,-5.0512,-6.0846,-1.0334,-2.2843,-2.7933,-0.509,1,1,"
",0.3148
Marie Curie,copy_first_name,The first name of Marie Curie is,subject_last,7,6-20,jspace_keep_name,0, Marie. The second, Marie,0,-5.0512,-7.0249,-1.9737,-2.2843,-3.3174,-1.0331,5,1," """,0.1798
Marie Curie,copy_first_name,The first name of Marie Curie is,subject_last,7,6-20,jspace_restore_rest,0, Marie. The second, Marie,0,-5.0512,-4.8952,0.156,-2.2843,-2.1478,0.1365,1,0, Marie,0.0111
Marie Curie,copy_first_name,The first name of Marie Curie is,subject_last,7,6-20,name_lens,0, Marie. The second, Marie,0,-5.0512,-4.9459,0.1053,-2.2843,-2.2078,0.0766,1,0, Marie,0.0062
Marie Curie,copy_last_name,The last name of Marie Curie is,subject_last,7,9-13,jspace,0," ""Curie"".",Cur,1,-4.6141,-5.9243,-1.3102,-0.4911,-0.6283,-0.1372,1,0,Cur,0.0526
Marie Curie,copy_last_name,The last name of Marie Curie is,subject_last,7,9-13,jspace_keep_name,0," ""Curie"".",Cur,1,-4.6141,-4.8965,-0.2824,-0.4911,-0.5136,-0.0225,1,0,Cur,0.0487
Marie Curie,copy_last_name,The last name of Marie Curie is,subject_last,7,9-13,jspace_restore_rest,0," ""Curie"".",Cur,1,-4.6141,-4.6134,0.0007,-0.4911,-0.4978,-0.0068,1,0,Cur,0.001
Marie Curie,copy_last_name,The last name of Marie Curie is,subject_last,7,9-13,name_lens,0," ""Curie"".",Cur,1,-4.6141,-4.477,0.1371,-0.4911,-0.493,-0.002,1,0,Cur,0.0016
Marie Curie,copy_last_name,The last name of Marie Curie is,subject_last,7,9-17,jspace,0," ""Curie"".",Cur,1,-4.6141,-6.3195,-1.7054,-0.4911,-0.4702,0.0208,1,0,Cur,0.0754
Marie Curie,copy_last_name,The last name of Marie Curie is,subject_last,7,9-17,jspace_keep_name,0," ""Curie"".",Cur,1,-4.6141,-5.1983,-0.5842,-0.4911,-0.4835,0.0076,1,0,Cur,0.0633
Marie Curie,copy_last_name,The last name of Marie Curie is,subject_last,7,9-17,jspace_restore_rest,0," ""Curie"".",Cur,1,-4.6141,-4.9289,-0.3148,-0.4911,-0.5331,-0.0421,1,0,Cur,0.0061
Marie Curie,copy_last_name,The last name of Marie Curie is,subject_last,7,9-17,name_lens,0," ""Curie"".",Cur,1,-4.6141,-4.6262,-0.0121,-0.4911,-0.5434,-0.0524,1,0,Cur,0.0028
Marie Curie,copy_last_name,The last name of Marie Curie is,subject_last,7,6-20,jspace,0," ""Curie"".",Cur,1,-4.6141,-5.2748,-0.6607,-0.4911,-0.3596,0.1314,1,0,Cur,0.139
Marie Curie,copy_last_name,The last name of Marie Curie is,subject_last,7,6-20,jspace_keep_name,0," ""Curie"".",Cur,1,-4.6141,-5.7931,-1.179,-0.4911,-0.4859,0.0052,1,0,Cur,0.1314
Marie Curie,copy_last_name,The last name of Marie Curie is,subject_last,7,6-20,jspace_restore_rest,0," ""Curie"".",Cur,1,-4.6141,-4.6901,-0.076,-0.4911,-0.4003,0.0907,1,0,Cur,0.0411
Marie Curie,copy_last_name,The last name of Marie Curie is,subject_last,7,6-20,name_lens,0," ""Curie"".",Cur,1,-4.6141,-4.8758,-0.2617,-0.4911,-0.5451,-0.0541,1,0,Cur,0.0089
Albert Einstein,birth_city,Albert Einstein was born in the city of,subject_last,2,9-13,jspace,0," Ulm, in", Ul,0,-2.838,-5.1543,-2.3162,-0.8252,-3.1604,-2.3352,3,1, Vienna,0.9634
Albert Einstein,birth_city,Albert Einstein was born in the city of,subject_last,2,9-13,jspace_keep_name,0," Ulm, in", Ul,0,-2.838,-3.4001,-0.5621,-0.8252,-1.3524,-0.5272,1,0, Ul,0.1377
Albert Einstein,birth_city,Albert Einstein was born in the city of,subject_last,2,9-13,jspace_restore_rest,0," Ulm, in", Ul,0,-2.838,-3.3977,-0.5597,-0.8252,-1.3997,-0.5744,1,0, Ul,0.2987
Albert Einstein,birth_city,Albert Einstein was born in the city of,subject_last,2,9-13,name_lens,0," Ulm, in", Ul,0,-2.838,-3.2047,-0.3667,-0.8252,-1.2428,-0.4175,1,0, Ul,0.235
Albert Einstein,birth_city,Albert Einstein was born in the city of,subject_last,2,9-17,jspace,0," Ulm, in", Ul,0,-2.838,-5.3885,-2.5504,-0.8252,-3.2806,-2.4554,4,1, Vienna,0.9988
Albert Einstein,birth_city,Albert Einstein was born in the city of,subject_last,2,9-17,jspace_keep_name,0," Ulm, in", Ul,0,-2.838,-4.4514,-1.6134,-0.8252,-2.3681,-1.5429,1,0, Ul,0.5658
Albert Einstein,birth_city,Albert Einstein was born in the city of,subject_last,2,9-17,jspace_restore_rest,0," Ulm, in", Ul,0,-2.838,-3.7269,-0.8889,-0.8252,-1.776,-0.9508,1,0, Ul,0.4587
Albert Einstein,birth_city,Albert Einstein was born in the city of,subject_last,2,9-17,name_lens,0," Ulm, in", Ul,0,-2.838,-3.4453,-0.6073,-0.8252,-1.4653,-0.64,1,0, Ul,0.3286
Albert Einstein,birth_city,Albert Einstein was born in the city of,subject_last,2,6-20,jspace,0," Ulm, in", Ul,0,-2.838,-5.311,-2.473,-0.8252,-2.9928,-2.1676,2,1, ,0.8436
Albert Einstein,birth_city,Albert Einstein was born in the city of,subject_last,2,6-20,jspace_keep_name,0," Ulm, in", Ul,0,-2.838,-10.8812,-8.0431,-0.8252,-8.3718,-7.5466,447,1, \,3.4731
Albert Einstein,birth_city,Albert Einstein was born in the city of,subject_last,2,6-20,jspace_restore_rest,0," Ulm, in", Ul,0,-2.838,-3.417,-0.579,-0.8252,-1.3374,-0.5122,1,0, Ul,0.2362
Albert Einstein,birth_city,Albert Einstein was born in the city of,subject_last,2,6-20,name_lens,0," Ulm, in", Ul,0,-2.838,-4.6739,-1.8359,-0.8252,-2.6276,-1.8024,1,0, Ul,0.8861
Albert Einstein,birth_year,Albert Einstein was born in the year,subject_last,2,9-13,jspace,0, 1879.,187,1,-2.1219,-3.667,-1.545,-0.488,-1.3034,-0.8153,1,0,187,0.002
Albert Einstein,birth_year,Albert Einstein was born in the year,subject_last,2,9-13,jspace_keep_name,0, 1879.,187,1,-2.1219,-2.37,-0.2481,-0.488,-0.6254,-0.1373,1,0,187,0.0123
Albert Einstein,birth_year,Albert Einstein was born in the year,subject_last,2,9-13,jspace_restore_rest,0, 1879.,187,1,-2.1219,-2.94,-0.8181,-0.488,-0.8868,-0.3988,1,0,187,0.0046
Albert Einstein,birth_year,Albert Einstein was born in the year,subject_last,2,9-13,name_lens,0, 1879.,187,1,-2.1219,-2.6502,-0.5283,-0.488,-0.5872,-0.0992,1,0,187,0.004
Albert Einstein,birth_year,Albert Einstein was born in the year,subject_last,2,9-17,jspace,0, 1879.,187,1,-2.1219,-3.7155,-1.5936,-0.488,-1.3459,-0.8578,1,0,187,0.0073
Albert Einstein,birth_year,Albert Einstein was born in the year,subject_last,2,9-17,jspace_keep_name,0, 1879.,187,1,-2.1219,-3.0441,-0.9221,-0.488,-1.2675,-0.7795,1,0,187,0.0124
Albert Einstein,birth_year,Albert Einstein was born in the year,subject_last,2,9-17,jspace_restore_rest,0, 1879.,187,1,-2.1219,-3.3284,-1.2065,-0.488,-0.9662,-0.4782,1,0,187,0.0159
Albert Einstein,birth_year,Albert Einstein was born in the year,subject_last,2,9-17,name_lens,0, 1879.,187,1,-2.1219,-2.9977,-0.8758,-0.488,-0.8855,-0.3975,1,0,187,0.0197
Albert Einstein,birth_year,Albert Einstein was born in the year,subject_last,2,6-20,jspace,0, 1879.,187,1,-2.1219,-3.1498,-1.0279,-0.488,-0.883,-0.395,1,0,187,0.026
Albert Einstein,birth_year,Albert Einstein was born in the year,subject_last,2,6-20,jspace_keep_name,0, 1879.,187,1,-2.1219,-4.3924,-2.2705,-0.488,-2.2069,-1.7189,2,1,191,0.0408
Albert Einstein,birth_year,Albert Einstein was born in the year,subject_last,2,6-20,jspace_restore_rest,0, 1879.,187,1,-2.1219,-2.744,-0.622,-0.488,-0.7599,-0.2719,1,0,187,0.0155
Albert Einstein,birth_year,Albert Einstein was born in the year,subject_last,2,6-20,name_lens,0, 1879.,187,1,-2.1219,-5.095,-2.9731,-0.488,-1.8012,-1.3132,1,0,187,0.0164
Albert Einstein,birth_country,Albert Einstein was born in the country of,subject_last,2,9-13,jspace,0, Germany. He was, Germany,0,-5.0417,-5.5308,-0.4891,-1.0763,-1.5597,-0.4833,1,0, Germany,0.1068
Albert Einstein,birth_country,Albert Einstein was born in the country of,subject_last,2,9-13,jspace_keep_name,0, Germany. He was, Germany,0,-5.0417,-5.2488,-0.2071,-1.0763,-1.2774,-0.2011,1,0, Germany,0.0305
Albert Einstein,birth_country,Albert Einstein was born in the country of,subject_last,2,9-13,jspace_restore_rest,0, Germany. He was, Germany,0,-5.0417,-4.9031,0.1387,-1.0763,-1.0475,0.0288,1,0, Germany,0.0926
Albert Einstein,birth_country,Albert Einstein was born in the country of,subject_last,2,9-13,name_lens,0, Germany. He was, Germany,0,-5.0417,-4.8643,0.1774,-1.0763,-1.0481,0.0283,1,0, Germany,0.0817
Albert Einstein,birth_country,Albert Einstein was born in the country of,subject_last,2,9-17,jspace,0, Germany. He was, Germany,0,-5.0417,-5.8704,-0.8287,-1.0763,-1.7896,-0.7133,1,0, Germany,0.1513
Albert Einstein,birth_country,Albert Einstein was born in the country of,subject_last,2,9-17,jspace_keep_name,0, Germany. He was, Germany,0,-5.0417,-5.3954,-0.3537,-1.0763,-1.3956,-0.3193,1,0, Germany,0.0579
Albert Einstein,birth_country,Albert Einstein was born in the country of,subject_last,2,9-17,jspace_restore_rest,0, Germany. He was, Germany,0,-5.0417,-4.9047,0.137,-1.0763,-1.0775,-0.0012,1,0, Germany,0.0912
Albert Einstein,birth_country,Albert Einstein was born in the country of,subject_last,2,9-17,name_lens,0, Germany. He was, Germany,0,-5.0417,-4.9248,0.1169,-1.0763,-1.0452,0.0311,1,0, Germany,0.0922
Albert Einstein,birth_country,Albert Einstein was born in the country of,subject_last,2,6-20,jspace,0, Germany. He was, Germany,0,-5.0417,-5.7222,-0.6805,-1.0763,-1.2092,-0.1329,1,0, Germany,0.1468
Albert Einstein,birth_country,Albert Einstein was born in the country of,subject_last,2,6-20,jspace_keep_name,0, Germany. He was, Germany,0,-5.0417,-5.7905,-0.7487,-1.0763,-1.2183,-0.1419,1,0, Germany,0.1601
Albert Einstein,birth_country,Albert Einstein was born in the country of,subject_last,2,6-20,jspace_restore_rest,0, Germany. He was, Germany,0,-5.0417,-5.0561,-0.0143,-1.0763,-1.1495,-0.0732,1,0, Germany,0.0756
Albert Einstein,birth_country,Albert Einstein was born in the country of,subject_last,2,6-20,name_lens,0, Germany. He was, Germany,0,-5.0417,-5.1068,-0.0651,-1.0763,-1.1639,-0.0876,1,0, Germany,0.1485
Albert Einstein,death_year,Albert Einstein died in the year,subject_last,2,9-13,jspace,0, 1955.,195,1,-2.6379,-3.5443,-0.9064,-1.0015,-1.6459,-0.6444,1,0,195,0.0045
Albert Einstein,death_year,Albert Einstein died in the year,subject_last,2,9-13,jspace_keep_name,0, 1955.,195,1,-2.6379,-2.8481,-0.2102,-1.0015,-1.0638,-0.0623,1,0,195,0.005
Albert Einstein,death_year,Albert Einstein died in the year,subject_last,2,9-13,jspace_restore_rest,0, 1955.,195,1,-2.6379,-3.7787,-1.1408,-1.0015,-1.7019,-0.7004,1,0,195,0.0063
Albert Einstein,death_year,Albert Einstein died in the year,subject_last,2,9-13,name_lens,0, 1955.,195,1,-2.6379,-3.6913,-1.0534,-1.0015,-1.6288,-0.6273,1,0,195,0.0066
Albert Einstein,death_year,Albert Einstein died in the year,subject_last,2,9-17,jspace,0, 1955.,195,1,-2.6379,-3.8664,-1.2285,-1.0015,-1.7155,-0.714,2,1,193,0.0244
Albert Einstein,death_year,Albert Einstein died in the year,subject_last,2,9-17,jspace_keep_name,0, 1955.,195,1,-2.6379,-3.085,-0.4472,-1.0015,-1.1015,-0.1,1,0,195,0.0077
Albert Einstein,death_year,Albert Einstein died in the year,subject_last,2,9-17,jspace_restore_rest,0, 1955.,195,1,-2.6379,-4.0953,-1.4574,-1.0015,-1.8802,-0.8787,3,1,194,0.0059
Albert Einstein,death_year,Albert Einstein died in the year,subject_last,2,9-17,name_lens,0, 1955.,195,1,-2.6379,-3.8155,-1.1777,-1.0015,-1.6576,-0.6561,1,0,195,0.0057
Albert Einstein,death_year,Albert Einstein died in the year,subject_last,2,6-20,jspace,0, 1955.,195,1,-2.6379,-4.1155,-1.4776,-1.0015,-1.9072,-0.9057,2,1,193,0.0642
Albert Einstein,death_year,Albert Einstein died in the year,subject_last,2,6-20,jspace_keep_name,0, 1955.,195,1,-2.6379,-4.616,-1.9781,-1.0015,-1.5235,-0.522,1,0,195,0.1093
Albert Einstein,death_year,Albert Einstein died in the year,subject_last,2,6-20,jspace_restore_rest,0, 1955.,195,1,-2.6379,-3.807,-1.1692,-1.0015,-1.7895,-0.788,2,1,193,0.0183
Albert Einstein,death_year,Albert Einstein died in the year,subject_last,2,6-20,name_lens,0, 1955.,195,1,-2.6379,-5.1491,-2.5112,-1.0015,-2.3346,-1.3331,5,1,192,0.0204
Albert Einstein,occupation,Albert Einstein worked as a,subject_last,2,9-13,jspace,0, patent clerk in Bern, patent,0,-4.6972,-5.43,-0.7328,-2.0294,-2.3089,-0.2795,1,0, patent,0.1821
Albert Einstein,occupation,Albert Einstein worked as a,subject_last,2,9-13,jspace_keep_name,0, patent clerk in Bern, patent,0,-4.6972,-5.1077,-0.4105,-2.0294,-2.1132,-0.0838,1,0, patent,0.0949
Albert Einstein,occupation,Albert Einstein worked as a,subject_last,2,9-13,jspace_restore_rest,0, patent clerk in Bern, patent,0,-4.6972,-5.3499,-0.6527,-2.0294,-2.1993,-0.1699,1,0, patent,0.1411
Albert Einstein,occupation,Albert Einstein worked as a,subject_last,2,9-13,name_lens,0, patent clerk in Bern, patent,0,-4.6972,-5.2583,-0.5611,-2.0294,-2.179,-0.1496,1,0, patent,0.1358
Albert Einstein,occupation,Albert Einstein worked as a,subject_last,2,9-17,jspace,0, patent clerk in Bern, patent,0,-4.6972,-6.2007,-1.5035,-2.0294,-2.5246,-0.4952,1,0, patent,0.1328
Albert Einstein,occupation,Albert Einstein worked as a,subject_last,2,9-17,jspace_keep_name,0, patent clerk in Bern, patent,0,-4.6972,-6.0062,-1.309,-2.0294,-2.4744,-0.445,1,0, patent,0.1347
Albert Einstein,occupation,Albert Einstein worked as a,subject_last,2,9-17,jspace_restore_rest,0, patent clerk in Bern, patent,0,-4.6972,-5.5163,-0.8191,-2.0294,-2.2822,-0.2528,1,0, patent,0.1501
Albert Einstein,occupation,Albert Einstein worked as a,subject_last,2,9-17,name_lens,0, patent clerk in Bern, patent,0,-4.6972,-5.2962,-0.599,-2.0294,-2.1492,-0.1198,1,0, patent,0.1495
Albert Einstein,occupation,Albert Einstein worked as a,subject_last,2,6-20,jspace,0, patent clerk in Bern, patent,0,-4.6972,-7.4113,-2.7141,-2.0294,-2.6587,-0.6293,1,1, teacher,0.1828
Albert Einstein,occupation,Albert Einstein worked as a,subject_last,2,6-20,jspace_keep_name,0, patent clerk in Bern, patent,0,-4.6972,-12.5472,-7.85,-2.0294,-5.6644,-3.6349,42,1, physic,0.5928
Albert Einstein,occupation,Albert Einstein worked as a,subject_last,2,6-20,jspace_restore_rest,0, patent clerk in Bern, patent,0,-4.6972,-5.1428,-0.4456,-2.0294,-1.8988,0.1307,1,0, patent,0.1949
Albert Einstein,occupation,Albert Einstein worked as a,subject_last,2,6-20,name_lens,0, patent clerk in Bern, patent,0,-4.6972,-6.0746,-1.3774,-2.0294,-2.163,-0.1336,1,0, patent,0.2896
Albert Einstein,profession_of,The profession of Albert Einstein was,subject_last,5,9-13,jspace,0, a physicist., physic,1,-4.5525,-5.7368,-1.1843,-1.5526,-2.3505,-0.7978,1,0, physic,0.0362
Albert Einstein,profession_of,The profession of Albert Einstein was,subject_last,5,9-13,jspace_keep_name,0, a physicist., physic,1,-4.5525,-4.8167,-0.2642,-1.5526,-1.8371,-0.2844,1,0, physic,0.0064
Albert Einstein,profession_of,The profession of Albert Einstein was,subject_last,5,9-13,jspace_restore_rest,0, a physicist., physic,1,-4.5525,-5.006,-0.4534,-1.5526,-1.8907,-0.338,1,0, physic,0.0146
Albert Einstein,profession_of,The profession of Albert Einstein was,subject_last,5,9-13,name_lens,0, a physicist., physic,1,-4.5525,-5.022,-0.4695,-1.5526,-1.8222,-0.2696,1,0, physic,0.0143
Albert Einstein,profession_of,The profession of Albert Einstein was,subject_last,5,9-17,jspace,0, a physicist., physic,1,-4.5525,-5.993,-1.4405,-1.5526,-2.4379,-0.8853,1,0, physic,0.0447
Albert Einstein,profession_of,The profession of Albert Einstein was,subject_last,5,9-17,jspace_keep_name,0, a physicist., physic,1,-4.5525,-5.0772,-0.5247,-1.5526,-2.0428,-0.4902,1,0, physic,0.0176
Albert Einstein,profession_of,The profession of Albert Einstein was,subject_last,5,9-17,jspace_restore_rest,0, a physicist., physic,1,-4.5525,-4.992,-0.4395,-1.5526,-1.8022,-0.2496,1,0, physic,0.0128
Albert Einstein,profession_of,The profession of Albert Einstein was,subject_last,5,9-17,name_lens,0, a physicist., physic,1,-4.5525,-4.9702,-0.4177,-1.5526,-1.8081,-0.2555,1,0, physic,0.0136
Albert Einstein,profession_of,The profession of Albert Einstein was,subject_last,5,6-20,jspace,0, a physicist., physic,1,-4.5525,-5.814,-1.2615,-1.5526,-1.9686,-0.416,1,0, physic,0.1894
Albert Einstein,profession_of,The profession of Albert Einstein was,subject_last,5,6-20,jspace_keep_name,0, a physicist., physic,1,-4.5525,-5.1569,-0.6044,-1.5526,-2.1603,-0.6077,1,0, physic,0.0557
Albert Einstein,profession_of,The profession of Albert Einstein was,subject_last,5,6-20,jspace_restore_rest,0, a physicist., physic,1,-4.5525,-5.4462,-0.8937,-1.5526,-2.1248,-0.5722,1,0, physic,0.0288
Albert Einstein,profession_of,The profession of Albert Einstein was,subject_last,5,6-20,name_lens,0, a physicist., physic,1,-4.5525,-5.7984,-1.2459,-1.5526,-2.5692,-1.0165,1,0, physic,0.0387
Albert Einstein,instrument,Albert Einstein played the,subject_last,2,9-13,jspace,0, violin.  He, violin,0,-6.174,-6.6946,-0.5206,-0.496,-0.8206,-0.3246,1,0, violin,0.0769
Albert Einstein,instrument,Albert Einstein played the,subject_last,2,9-13,jspace_keep_name,0, violin.  He, violin,0,-6.174,-6.3771,-0.2032,-0.496,-0.6823,-0.1863,1,0, violin,0.034
Albert Einstein,instrument,Albert Einstein played the,subject_last,2,9-13,jspace_restore_rest,0, violin.  He, violin,0,-6.174,-6.7006,-0.5266,-0.496,-0.9529,-0.457,1,0, violin,0.1364
Albert Einstein,instrument,Albert Einstein played the,subject_last,2,9-13,name_lens,0, violin.  He, violin,0,-6.174,-6.6262,-0.4522,-0.496,-0.8463,-0.3503,1,0, violin,0.0988
Albert Einstein,instrument,Albert Einstein played the,subject_last,2,9-17,jspace,0, violin.  He, violin,0,-6.174,-7.1234,-0.9494,-0.496,-1.2031,-0.7072,2,1, piano,0.2421
Albert Einstein,instrument,Albert Einstein played the,subject_last,2,9-17,jspace_keep_name,0, violin.  He, violin,0,-6.174,-6.932,-0.7581,-0.496,-1.1216,-0.6256,2,1, piano,0.1922
Albert Einstein,instrument,Albert Einstein played the,subject_last,2,9-17,jspace_restore_rest,0, violin.  He, violin,0,-6.174,-6.7441,-0.5701,-0.496,-0.9824,-0.4864,1,0, violin,0.1379
Albert Einstein,instrument,Albert Einstein played the,subject_last,2,9-17,name_lens,0, violin.  He, violin,0,-6.174,-6.7113,-0.5374,-0.496,-0.976,-0.48,1,1, piano,0.1505
Albert Einstein,instrument,Albert Einstein played the,subject_last,2,6-20,jspace,0, violin.  He, violin,0,-6.174,-7.4982,-1.3242,-0.496,-1.5947,-1.0987,2,1, piano,0.4142
Albert Einstein,instrument,Albert Einstein played the,subject_last,2,6-20,jspace_keep_name,0, violin.  He, violin,0,-6.174,-7.7842,-1.6103,-0.496,-1.8629,-1.3669,2,1, piano,0.6241
Albert Einstein,instrument,Albert Einstein played the,subject_last,2,6-20,jspace_restore_rest,0, violin.  He, violin,0,-6.174,-6.6004,-0.4264,-0.496,-0.8287,-0.3327,1,0, violin,0.0816
Albert Einstein,instrument,Albert Einstein played the,subject_last,2,6-20,name_lens,0, violin.  He, violin,0,-6.174,-7.2818,-1.1078,-0.496,-1.2846,-0.7886,2,1, piano,0.2936
Albert Einstein,famous_for,Albert Einstein is famous for,subject_last,2,9-13,jspace,0, his theory of relat, theory,1,-2.4038,-2.6459,-0.2421,-0.952,-1.191,-0.239,1,0, theory,0.0088
Albert Einstein,famous_for,Albert Einstein is famous for,subject_last,2,9-13,jspace_keep_name,0, his theory of relat, theory,1,-2.4038,-2.5252,-0.1214,-0.952,-0.9962,-0.0442,1,0, theory,0.0099
Albert Einstein,famous_for,Albert Einstein is famous for,subject_last,2,9-13,jspace_restore_rest,0, his theory of relat, theory,1,-2.4038,-2.5943,-0.1906,-0.952,-1.1511,-0.1991,1,0, theory,0.0107
Albert Einstein,famous_for,Albert Einstein is famous for,subject_last,2,9-13,name_lens,0, his theory of relat, theory,1,-2.4038,-2.6098,-0.206,-0.952,-1.1465,-0.1945,1,0, theory,0.0102
Albert Einstein,famous_for,Albert Einstein is famous for,subject_last,2,9-17,jspace,0, his theory of relat, theory,1,-2.4038,-2.6989,-0.2951,-0.952,-1.2903,-0.3382,1,0, theory,0.0192
Albert Einstein,famous_for,Albert Einstein is famous for,subject_last,2,9-17,jspace_keep_name,0, his theory of relat, theory,1,-2.4038,-2.6269,-0.2231,-0.952,-1.048,-0.0959,1,0, theory,0.007
Albert Einstein,famous_for,Albert Einstein is famous for,subject_last,2,9-17,jspace_restore_rest,0, his theory of relat, theory,1,-2.4038,-2.6822,-0.2785,-0.952,-1.201,-0.249,1,0, theory,0.0085
Albert Einstein,famous_for,Albert Einstein is famous for,subject_last,2,9-17,name_lens,0, his theory of relat, theory,1,-2.4038,-2.6709,-0.2672,-0.952,-1.1831,-0.231,1,0, theory,0.0094
Albert Einstein,famous_for,Albert Einstein is famous for,subject_last,2,6-20,jspace,0, his theory of relat, theory,1,-2.4038,-2.879,-0.4753,-0.952,-1.3944,-0.4423,1,0, theory,0.0473
Albert Einstein,famous_for,Albert Einstein is famous for,subject_last,2,6-20,jspace_keep_name,0, his theory of relat, theory,1,-2.4038,-3.0136,-0.6099,-0.952,-1.2212,-0.2692,1,0, theory,0.035
Albert Einstein,famous_for,Albert Einstein is famous for,subject_last,2,6-20,jspace_restore_rest,0, his theory of relat, theory,1,-2.4038,-2.6107,-0.2069,-0.952,-1.0971,-0.1451,1,0, theory,0.0185
Albert Einstein,famous_for,Albert Einstein is famous for,subject_last,2,6-20,name_lens,0, his theory of relat, theory,1,-2.4038,-2.7433,-0.3396,-0.952,-1.2087,-0.2567,1,0, theory,0.0172
Albert Einstein,language,Albert Einstein spoke the language of,subject_last,2,9-13,jspace,0, the universe. , universe,1,-6.9264,-7.5877,-0.6613,-1.8699,-2.4187,-0.5488,2,1, world,0.0333
Albert Einstein,language,Albert Einstein spoke the language of,subject_last,2,9-13,jspace_keep_name,0, the universe. , universe,1,-6.9264,-6.7307,0.1957,-1.8699,-1.8929,-0.0231,1,0, universe,0.036
Albert Einstein,language,Albert Einstein spoke the language of,subject_last,2,9-13,jspace_restore_rest,0, the universe. , universe,1,-6.9264,-7.5494,-0.623,-1.8699,-2.3844,-0.5145,2,1, world,0.0298
Albert Einstein,language,Albert Einstein spoke the language of,subject_last,2,9-13,name_lens,0, the universe. , universe,1,-6.9264,-7.4937,-0.5673,-1.8699,-2.3347,-0.4649,1,1, world,0.0249
Albert Einstein,language,Albert Einstein spoke the language of,subject_last,2,9-17,jspace,0, the universe. , universe,1,-6.9264,-7.2604,-0.334,-1.8699,-2.2029,-0.3331,1,0, universe,0.0634
Albert Einstein,language,Albert Einstein spoke the language of,subject_last,2,9-17,jspace_keep_name,0, the universe. , universe,1,-6.9264,-6.6856,0.2409,-1.8699,-1.8445,0.0254,1,0, universe,0.0452
Albert Einstein,language,Albert Einstein spoke the language of,subject_last,2,9-17,jspace_restore_rest,0, the universe. , universe,1,-6.9264,-7.6044,-0.678,-1.8699,-2.4229,-0.553,2,1, world,0.029
Albert Einstein,language,Albert Einstein spoke the language of,subject_last,2,9-17,name_lens,0, the universe. , universe,1,-6.9264,-7.5546,-0.6282,-1.8699,-2.3931,-0.5233,2,1, world,0.0287
Albert Einstein,language,Albert Einstein spoke the language of,subject_last,2,6-20,jspace,0, the universe. , universe,1,-6.9264,-7.8712,-0.9448,-1.8699,-2.6514,-0.7815,2,1, world,0.1056
Albert Einstein,language,Albert Einstein spoke the language of,subject_last,2,6-20,jspace_keep_name,0, the universe. , universe,1,-6.9264,-7.1502,-0.2238,-1.8699,-2.2886,-0.4187,1,0, universe,0.1548
Albert Einstein,language,Albert Einstein spoke the language of,subject_last,2,6-20,jspace_restore_rest,0, the universe. , universe,1,-6.9264,-8.4791,-1.5526,-1.8699,-3.0647,-1.1948,2,1, world,0.0814
Albert Einstein,language,Albert Einstein spoke the language of,subject_last,2,6-20,name_lens,0, the universe. , universe,1,-6.9264,-8.7116,-1.7852,-1.8699,-3.3137,-1.4438,3,1, world,0.1231
Albert Einstein,spouse,Albert Einstein was married to,subject_last,2,9-13,jspace,0, Mileva Marić, Mile,0,-1.0618,-3.5676,-2.5058,-0.9112,-3.346,-2.4348,5,1, a,0.9355
Albert Einstein,spouse,Albert Einstein was married to,subject_last,2,9-13,jspace_keep_name,0, Mileva Marić, Mile,0,-1.0618,-1.7023,-0.6406,-0.9112,-1.5481,-0.637,1,0, Mile,0.1854
Albert Einstein,spouse,Albert Einstein was married to,subject_last,2,9-13,jspace_restore_rest,0, Mileva Marić, Mile,0,-1.0618,-3.1433,-2.0815,-0.9112,-3.0093,-2.0982,3,1, a,0.7622
Albert Einstein,spouse,Albert Einstein was married to,subject_last,2,9-13,name_lens,0, Mileva Marić, Mile,0,-1.0618,-2.9214,-1.8596,-0.9112,-2.8261,-1.9149,3,1, a,0.6755
Albert Einstein,spouse,Albert Einstein was married to,subject_last,2,9-17,jspace,0, Mileva Marić, Mile,0,-1.0618,-3.8237,-2.7619,-0.9112,-3.672,-2.7609,6,1, a,1.0771
Albert Einstein,spouse,Albert Einstein was married to,subject_last,2,9-17,jspace_keep_name,0, Mileva Marić, Mile,0,-1.0618,-3.3174,-2.2556,-0.9112,-3.1576,-2.2465,4,1, a,0.8407
Albert Einstein,spouse,Albert Einstein was married to,subject_last,2,9-17,jspace_restore_rest,0, Mileva Marić, Mile,0,-1.0618,-4.2941,-3.2323,-0.9112,-4.1261,-3.2149,9,1, a,1.2596
Albert Einstein,spouse,Albert Einstein was married to,subject_last,2,9-17,name_lens,0, Mileva Marić, Mile,0,-1.0618,-3.3354,-2.2736,-0.9112,-3.1877,-2.2765,4,1, a,0.8385
Albert Einstein,spouse,Albert Einstein was married to,subject_last,2,6-20,jspace,0, Mileva Marić, Mile,0,-1.0618,-4.9311,-3.8693,-0.9112,-4.7689,-3.8577,20,1, a,1.6476
Albert Einstein,spouse,Albert Einstein was married to,subject_last,2,6-20,jspace_keep_name,0, Mileva Marić, Mile,0,-1.0618,-6.2882,-5.2264,-0.9112,-5.4188,-4.5076,34,1, a,2.0798
Albert Einstein,spouse,Albert Einstein was married to,subject_last,2,6-20,jspace_restore_rest,0, Mileva Marić, Mile,0,-1.0618,-3.1666,-2.1048,-0.9112,-3.0089,-2.0978,3,1, a,0.7567
Albert Einstein,spouse,Albert Einstein was married to,subject_last,2,6-20,name_lens,0, Mileva Marić, Mile,0,-1.0618,-5.6412,-4.5794,-0.9112,-5.446,-4.5348,40,1, a,1.9171
Albert Einstein,education,Albert Einstein studied at the University of,subject_last,2,9-13,jspace,0, Zurich. He was, Zurich,0,-5.3497,-6.5142,-1.1646,-1.0675,-1.972,-0.9045,1,0, Zurich,0.3431
Albert Einstein,education,Albert Einstein studied at the University of,subject_last,2,9-13,jspace_keep_name,0, Zurich. He was, Zurich,0,-5.3497,-5.4909,-0.1413,-1.0675,-1.329,-0.2615,1,0, Zurich,0.0632
Albert Einstein,education,Albert Einstein studied at the University of,subject_last,2,9-13,jspace_restore_rest,0, Zurich. He was, Zurich,0,-5.3497,-6.4612,-1.1116,-1.0675,-2.4077,-1.3402,2,1, Berlin,0.4139
Albert Einstein,education,Albert Einstein studied at the University of,subject_last,2,9-13,name_lens,0, Zurich. He was, Zurich,0,-5.3497,-6.3031,-0.9534,-1.0675,-2.2247,-1.1572,2,1, Berlin,0.3336
Albert Einstein,education,Albert Einstein studied at the University of,subject_last,2,9-17,jspace,0, Zurich. He was, Zurich,0,-5.3497,-6.2153,-0.8656,-1.0675,-1.5832,-0.5157,1,0, Zurich,0.2384
Albert Einstein,education,Albert Einstein studied at the University of,subject_last,2,9-17,jspace_keep_name,0, Zurich. He was, Zurich,0,-5.3497,-5.4826,-0.133,-1.0675,-1.1335,-0.066,1,0, Zurich,0.1226
Albert Einstein,education,Albert Einstein studied at the University of,subject_last,2,9-17,jspace_restore_rest,0, Zurich. He was, Zurich,0,-5.3497,-6.6317,-1.282,-1.0675,-2.5583,-1.4909,2,1, Berlin,0.4831
Albert Einstein,education,Albert Einstein studied at the University of,subject_last,2,9-17,name_lens,0, Zurich. He was, Zurich,0,-5.3497,-6.4938,-1.1442,-1.0675,-2.4448,-1.3773,2,1, Berlin,0.4241
Albert Einstein,education,Albert Einstein studied at the University of,subject_last,2,6-20,jspace,0, Zurich. He was, Zurich,0,-5.3497,-5.8821,-0.5325,-1.0675,-1.0339,0.0336,1,0, Zurich,0.2152
Albert Einstein,education,Albert Einstein studied at the University of,subject_last,2,6-20,jspace_keep_name,0, Zurich. He was, Zurich,0,-5.3497,-6.215,-0.8653,-1.0675,-1.3539,-0.2864,1,0, Zurich,0.6927
Albert Einstein,education,Albert Einstein studied at the University of,subject_last,2,6-20,jspace_restore_rest,0, Zurich. He was, Zurich,0,-5.3497,-6.1561,-0.8064,-1.0675,-1.7803,-0.7128,1,0, Zurich,0.2165
Albert Einstein,education,Albert Einstein studied at the University of,subject_last,2,6-20,name_lens,0, Zurich. He was, Zurich,0,-5.3497,-7.1666,-1.8169,-1.0675,-2.9733,-1.9058,2,1, Berlin,0.7187
Albert Einstein,citizenship,Albert Einstein was a citizen of,subject_last,2,9-13,jspace,0, Germany. He was, Germany,0,-4.8169,-5.2059,-0.389,-1.1374,-1.5334,-0.396,2,1, the,0.0779
Albert Einstein,citizenship,Albert Einstein was a citizen of,subject_last,2,9-13,jspace_keep_name,0, Germany. He was, Germany,0,-4.8169,-4.9659,-0.149,-1.1374,-1.3249,-0.1874,1,0, Germany,0.0281
Albert Einstein,citizenship,Albert Einstein was a citizen of,subject_last,2,9-13,jspace_restore_rest,0, Germany. He was, Germany,0,-4.8169,-4.5743,0.2427,-1.1374,-1.0384,0.099,1,0, Germany,0.0438
Albert Einstein,citizenship,Albert Einstein was a citizen of,subject_last,2,9-13,name_lens,0, Germany. He was, Germany,0,-4.8169,-4.5209,0.296,-1.1374,-1.0305,0.1069,1,0, Germany,0.04
Albert Einstein,citizenship,Albert Einstein was a citizen of,subject_last,2,9-17,jspace,0, Germany. He was, Germany,0,-4.8169,-5.4216,-0.6047,-1.1374,-1.6158,-0.4784,2,1, the,0.0961
Albert Einstein,citizenship,Albert Einstein was a citizen of,subject_last,2,9-17,jspace_keep_name,0, Germany. He was, Germany,0,-4.8169,-5.029,-0.2121,-1.1374,-1.387,-0.2495,1,0, Germany,0.0376
Albert Einstein,citizenship,Albert Einstein was a citizen of,subject_last,2,9-17,jspace_restore_rest,0, Germany. He was, Germany,0,-4.8169,-4.6553,0.1616,-1.1374,-1.0639,0.0735,1,0, Germany,0.0477
Albert Einstein,citizenship,Albert Einstein was a citizen of,subject_last,2,9-17,name_lens,0, Germany. He was, Germany,0,-4.8169,-4.4991,0.3178,-1.1374,-1.0297,0.1077,1,0, Germany,0.0456
Albert Einstein,citizenship,Albert Einstein was a citizen of,subject_last,2,6-20,jspace,0, Germany. He was, Germany,0,-4.8169,-6.3089,-1.492,-1.1374,-2.1323,-0.9949,2,1, the,0.274
Albert Einstein,citizenship,Albert Einstein was a citizen of,subject_last,2,6-20,jspace_keep_name,0, Germany. He was, Germany,0,-4.8169,-6.1704,-1.3535,-1.1374,-2.0328,-0.8954,3,1, the,0.2606
Albert Einstein,citizenship,Albert Einstein was a citizen of,subject_last,2,6-20,jspace_restore_rest,0, Germany. He was, Germany,0,-4.8169,-5.0697,-0.2527,-1.1374,-1.4345,-0.2971,1,0, Germany,0.0602
Albert Einstein,citizenship,Albert Einstein was a citizen of,subject_last,2,6-20,name_lens,0, Germany. He was, Germany,0,-4.8169,-4.8726,-0.0556,-1.1374,-1.2223,-0.0849,1,0, Germany,0.0619
Albert Einstein,copy_first_name,The first name of Albert Einstein is,subject_last,6,9-13,jspace,0, Albert. The second, Albert,0,-4.3876,-4.5232,-0.1356,-1.9015,-1.7522,0.1493,1,0, Albert,0.0516
Albert Einstein,copy_first_name,The first name of Albert Einstein is,subject_last,6,9-13,jspace_keep_name,0, Albert. The second, Albert,0,-4.3876,-3.9789,0.4087,-1.9015,-1.5648,0.3367,1,0, Albert,0.0292
Albert Einstein,copy_first_name,The first name of Albert Einstein is,subject_last,6,9-13,jspace_restore_rest,0, Albert. The second, Albert,0,-4.3876,-4.7025,-0.3149,-1.9015,-2.0901,-0.1886,1,0, Albert,0.0292
Albert Einstein,copy_first_name,The first name of Albert Einstein is,subject_last,6,9-13,name_lens,0, Albert. The second, Albert,0,-4.3876,-4.6147,-0.2271,-1.9015,-1.9102,-0.0087,1,0, Albert,0.0468
Albert Einstein,copy_first_name,The first name of Albert Einstein is,subject_last,6,9-17,jspace,0, Albert. The second, Albert,0,-4.3876,-4.6047,-0.2171,-1.9015,-1.7862,0.1152,1,0, Albert,0.0525
Albert Einstein,copy_first_name,The first name of Albert Einstein is,subject_last,6,9-17,jspace_keep_name,0, Albert. The second, Albert,0,-4.3876,-4.0369,0.3507,-1.9015,-1.473,0.4285,1,0, Albert,0.0644
Albert Einstein,copy_first_name,The first name of Albert Einstein is,subject_last,6,9-17,jspace_restore_rest,0, Albert. The second, Albert,0,-4.3876,-4.4859,-0.0983,-1.9015,-1.7937,0.1078,1,0, Albert,0.0549
Albert Einstein,copy_first_name,The first name of Albert Einstein is,subject_last,6,9-17,name_lens,0, Albert. The second, Albert,0,-4.3876,-4.7027,-0.3151,-1.9015,-1.9148,-0.0133,1,0, Albert,0.0598
Albert Einstein,copy_first_name,The first name of Albert Einstein is,subject_last,6,6-20,jspace,0, Albert. The second, Albert,0,-4.3876,-5.2497,-0.8621,-1.9015,-2.2541,-0.3526,1,0, Albert,0.2423
Albert Einstein,copy_first_name,The first name of Albert Einstein is,subject_last,6,6-20,jspace_keep_name,0, Albert. The second, Albert,0,-4.3876,-3.5252,0.8624,-1.9015,-1.1451,0.7564,1,0, Albert,0.1459
Albert Einstein,copy_first_name,The first name of Albert Einstein is,subject_last,6,6-20,jspace_restore_rest,0, Albert. The second, Albert,0,-4.3876,-4.7138,-0.3262,-1.9015,-2.0022,-0.1008,1,0, Albert,0.0688
Albert Einstein,copy_first_name,The first name of Albert Einstein is,subject_last,6,6-20,name_lens,0, Albert. The second, Albert,0,-4.3876,-5.3135,-0.9259,-1.9015,-2.4525,-0.551,1,0, Albert,0.1021
Albert Einstein,copy_last_name,The last name of Albert Einstein is,subject_last,6,9-13,jspace,0," ""Einstein"".",Ein,1,-4.3964,-5.9996,-1.6033,-0.2463,-1.6008,-1.3546,1,0,Ein,0.1441
Albert Einstein,copy_last_name,The last name of Albert Einstein is,subject_last,6,9-13,jspace_keep_name,0," ""Einstein"".",Ein,1,-4.3964,-4.9898,-0.5934,-0.2463,-0.894,-0.6478,1,0,Ein,0.0258
Albert Einstein,copy_last_name,The last name of Albert Einstein is,subject_last,6,9-13,jspace_restore_rest,0," ""Einstein"".",Ein,1,-4.3964,-5.2782,-0.8818,-0.2463,-0.7106,-0.4643,1,0,Ein,0.0797
Albert Einstein,copy_last_name,The last name of Albert Einstein is,subject_last,6,9-13,name_lens,0," ""Einstein"".",Ein,1,-4.3964,-5.5133,-1.117,-0.2463,-0.9485,-0.7022,1,0,Ein,0.1064
Albert Einstein,copy_last_name,The last name of Albert Einstein is,subject_last,6,9-17,jspace,0," ""Einstein"".",Ein,1,-4.3964,-6.5163,-2.1199,-0.2463,-2.0281,-1.7819,1,0,Ein,0.1877
Albert Einstein,copy_last_name,The last name of Albert Einstein is,subject_last,6,9-17,jspace_keep_name,0," ""Einstein"".",Ein,1,-4.3964,-5.5536,-1.1572,-0.2463,-1.4944,-1.2482,1,0,Ein,0.1355
Albert Einstein,copy_last_name,The last name of Albert Einstein is,subject_last,6,9-17,jspace_restore_rest,0," ""Einstein"".",Ein,1,-4.3964,-6.288,-1.8917,-0.2463,-1.5768,-1.3306,1,0,Ein,0.136
Albert Einstein,copy_last_name,The last name of Albert Einstein is,subject_last,6,9-17,name_lens,0," ""Einstein"".",Ein,1,-4.3964,-6.0452,-1.6488,-0.2463,-1.3728,-1.1265,1,0,Ein,0.1405
Albert Einstein,copy_last_name,The last name of Albert Einstein is,subject_last,6,6-20,jspace,0," ""Einstein"".",Ein,1,-4.3964,-8.512,-4.1157,-0.2463,-3.4573,-3.211,4,1,M,0.6258
Albert Einstein,copy_last_name,The last name of Albert Einstein is,subject_last,6,6-20,jspace_keep_name,0," ""Einstein"".",Ein,1,-4.3964,-5.7063,-1.31,-0.2463,-1.6118,-1.3655,1,0,Ein,0.1325
Albert Einstein,copy_last_name,The last name of Albert Einstein is,subject_last,6,6-20,jspace_restore_rest,0," ""Einstein"".",Ein,1,-4.3964,-4.9294,-0.533,-0.2463,-0.6482,-0.4019,1,0,Ein,0.1337
Albert Einstein,copy_last_name,The last name of Albert Einstein is,subject_last,6,6-20,name_lens,0," ""Einstein"".",Ein,1,-4.3964,-7.5362,-3.1399,-0.2463,-2.4605,-2.2142,2,1,En,0.3384
Serena Williams,birth_city,Serena Williams was born in the city of,subject_last,3,9-13,jspace,0," Saginaw,", S,0,-3.907,-6.6034,-2.6964,-2.1314,-4.3685,-2.237,7,1, New,0.3857
Serena Williams,birth_city,Serena Williams was born in the city of,subject_last,3,9-13,jspace_keep_name,0," Saginaw,", S,0,-3.907,-7.0554,-3.1485,-2.1314,-4.4156,-2.2842,5,1, New,0.3801
Serena Williams,birth_city,Serena Williams was born in the city of,subject_last,3,9-13,jspace_restore_rest,0," Saginaw,", S,0,-3.907,-5.7351,-1.8281,-2.1314,-3.6535,-1.5221,3,1, New,0.1964
Serena Williams,birth_city,Serena Williams was born in the city of,subject_last,3,9-13,name_lens,0," Saginaw,", S,0,-3.907,-5.0897,-1.1827,-2.1314,-3.1291,-0.9977,2,1, New,0.1069
Serena Williams,birth_city,Serena Williams was born in the city of,subject_last,3,9-17,jspace,0," Saginaw,", S,0,-3.907,-7.6724,-3.7654,-2.1314,-4.7126,-2.5811,13,1, New,0.4465
Serena Williams,birth_city,Serena Williams was born in the city of,subject_last,3,9-17,jspace_keep_name,0," Saginaw,", S,0,-3.907,-5.98,-2.073,-2.1314,-3.5164,-1.385,3,1, New,0.3095
Serena Williams,birth_city,Serena Williams was born in the city of,subject_last,3,9-17,jspace_restore_rest,0," Saginaw,", S,0,-3.907,-6.127,-2.22,-2.1314,-3.7456,-1.6141,3,1, New,0.2239
Serena Williams,birth_city,Serena Williams was born in the city of,subject_last,3,9-17,name_lens,0," Saginaw,", S,0,-3.907,-4.9648,-1.0578,-2.1314,-3.0048,-0.8734,2,1, New,0.0912
Serena Williams,birth_city,Serena Williams was born in the city of,subject_last,3,6-20,jspace,0," Saginaw,", S,0,-3.907,-7.5112,-3.6042,-2.1314,-4.4876,-2.3562,10,1, New,0.5161
Serena Williams,birth_city,Serena Williams was born in the city of,subject_last,3,6-20,jspace_keep_name,0," Saginaw,", S,0,-3.907,-6.9611,-3.0541,-2.1314,-3.6809,-1.5495,4,1, New,0.3974
Serena Williams,birth_city,Serena Williams was born in the city of,subject_last,3,6-20,jspace_restore_rest,0," Saginaw,", S,0,-3.907,-6.8566,-2.9497,-2.1314,-4.2792,-2.1477,10,1, San,0.4156
Serena Williams,birth_city,Serena Williams was born in the city of,subject_last,3,6-20,name_lens,0," Saginaw,", S,0,-3.907,-5.7754,-1.8684,-2.1314,-3.3684,-1.237,3,1, New,0.1614
Serena Williams,birth_year,Serena Williams was born in the year,subject_last,3,9-13,jspace,0, 1981.,198,1,-2.9266,-3.3649,-0.4383,-0.5544,-0.6035,-0.0491,1,0,198,0.0082
Serena Williams,birth_year,Serena Williams was born in the year,subject_last,3,9-13,jspace_keep_name,0, 1981.,198,1,-2.9266,-3.3669,-0.4403,-0.5544,-0.707,-0.1526,1,0,198,0.0083
Serena Williams,birth_year,Serena Williams was born in the year,subject_last,3,9-13,jspace_restore_rest,0, 1981.,198,1,-2.9266,-2.5772,0.3494,-0.5544,-0.2325,0.3218,1,0,198,0.0006
Serena Williams,birth_year,Serena Williams was born in the year,subject_last,3,9-13,name_lens,0, 1981.,198,1,-2.9266,-2.5409,0.3857,-0.5544,-0.3093,0.2451,1,0,198,0.0005
Serena Williams,birth_year,Serena Williams was born in the year,subject_last,3,9-17,jspace,0, 1981.,198,1,-2.9266,-3.4315,-0.5049,-0.5544,-0.4468,0.1076,1,0,198,0.0036
Serena Williams,birth_year,Serena Williams was born in the year,subject_last,3,9-17,jspace_keep_name,0, 1981.,198,1,-2.9266,-3.6395,-0.7129,-0.5544,-0.6675,-0.1131,1,0,198,0.0076
Serena Williams,birth_year,Serena Williams was born in the year,subject_last,3,9-17,jspace_restore_rest,0, 1981.,198,1,-2.9266,-2.6744,0.2522,-0.5544,-0.2185,0.3359,1,0,198,0.0012
Serena Williams,birth_year,Serena Williams was born in the year,subject_last,3,9-17,name_lens,0, 1981.,198,1,-2.9266,-2.6373,0.2894,-0.5544,-0.3506,0.2038,1,0,198,0.0005
Serena Williams,birth_year,Serena Williams was born in the year,subject_last,3,6-20,jspace,0, 1981.,198,1,-2.9266,-3.2947,-0.368,-0.5544,-0.3417,0.2127,1,0,198,0.0082
Serena Williams,birth_year,Serena Williams was born in the year,subject_last,3,6-20,jspace_keep_name,0, 1981.,198,1,-2.9266,-3.4903,-0.5637,-0.5544,-0.473,0.0814,1,0,198,0.0157
Serena Williams,birth_year,Serena Williams was born in the year,subject_last,3,6-20,jspace_restore_rest,0, 1981.,198,1,-2.9266,-3.0192,-0.0926,-0.5544,-0.305,0.2494,1,0,198,0.0057
Serena Williams,birth_year,Serena Williams was born in the year,subject_last,3,6-20,name_lens,0, 1981.,198,1,-2.9266,-2.5483,0.3783,-0.5544,-0.3406,0.2138,1,0,198,0.0024
Serena Williams,birth_country,Serena Williams was born in the country of,subject_last,3,9-13,jspace,0, the United States., United,1,-3.2194,-3.3739,-0.1546,-0.7587,-0.7964,-0.0377,1,0, United,0.0307
Serena Williams,birth_country,Serena Williams was born in the country of,subject_last,3,9-13,jspace_keep_name,0, the United States., United,1,-3.2194,-3.5483,-0.3289,-0.7587,-0.8611,-0.1024,1,0, United,0.0224
Serena Williams,birth_country,Serena Williams was born in the country of,subject_last,3,9-13,jspace_restore_rest,0, the United States., United,1,-3.2194,-3.3462,-0.1269,-0.7587,-0.8182,-0.0595,1,0, United,0.016
Serena Williams,birth_country,Serena Williams was born in the country of,subject_last,3,9-13,name_lens,0, the United States., United,1,-3.2194,-3.3761,-0.1568,-0.7587,-0.8217,-0.063,1,0, United,0.0089
Serena Williams,birth_country,Serena Williams was born in the country of,subject_last,3,9-17,jspace,0, the United States., United,1,-3.2194,-3.7262,-0.5069,-0.7587,-0.9139,-0.1552,1,0, United,0.0655
Serena Williams,birth_country,Serena Williams was born in the country of,subject_last,3,9-17,jspace_keep_name,0, the United States., United,1,-3.2194,-3.6386,-0.4193,-0.7587,-0.8777,-0.119,1,0, United,0.0353
Serena Williams,birth_country,Serena Williams was born in the country of,subject_last,3,9-17,jspace_restore_rest,0, the United States., United,1,-3.2194,-3.4013,-0.1819,-0.7587,-0.84,-0.0813,1,0, United,0.0259
Serena Williams,birth_country,Serena Williams was born in the country of,subject_last,3,9-17,name_lens,0, the United States., United,1,-3.2194,-3.3633,-0.144,-0.7587,-0.8196,-0.0609,1,0, United,0.0083
Serena Williams,birth_country,Serena Williams was born in the country of,subject_last,3,6-20,jspace,0, the United States., United,1,-3.2194,-3.9713,-0.7519,-0.7587,-1.0164,-0.2577,1,0, United,0.1092
Serena Williams,birth_country,Serena Williams was born in the country of,subject_last,3,6-20,jspace_keep_name,0, the United States., United,1,-3.2194,-3.8335,-0.6141,-0.7587,-0.9036,-0.1449,1,0, United,0.0921
Serena Williams,birth_country,Serena Williams was born in the country of,subject_last,3,6-20,jspace_restore_rest,0, the United States., United,1,-3.2194,-3.4891,-0.2697,-0.7587,-0.8434,-0.0847,1,0, United,0.046
Serena Williams,birth_country,Serena Williams was born in the country of,subject_last,3,6-20,name_lens,0, the United States., United,1,-3.2194,-3.3112,-0.0918,-0.7587,-0.8173,-0.0586,1,0, United,0.0136
Serena Williams,death_year,Serena Williams died in the year,subject_last,3,9-13,jspace,0, 2023.,202,1,-3.5864,-3.6596,-0.0731,-0.8364,-0.9356,-0.0992,1,0,202,0.0061
Serena Williams,death_year,Serena Williams died in the year,subject_last,3,9-13,jspace_keep_name,0, 2023.,202,1,-3.5864,-3.7429,-0.1565,-0.8364,-0.9378,-0.1013,1,0,202,0.0056
Serena Williams,death_year,Serena Williams died in the year,subject_last,3,9-13,jspace_restore_rest,0, 2023.,202,1,-3.5864,-3.5195,0.0669,-0.8364,-0.7684,0.068,1,0,202,0.0009
Serena Williams,death_year,Serena Williams died in the year,subject_last,3,9-13,name_lens,0, 2023.,202,1,-3.5864,-3.5578,0.0286,-0.8364,-0.7805,0.0559,1,0,202,0.0007
Serena Williams,death_year,Serena Williams died in the year,subject_last,3,9-17,jspace,0, 2023.,202,1,-3.5864,-3.6888,-0.1023,-0.8364,-0.9089,-0.0725,1,0,202,0.0079
Serena Williams,death_year,Serena Williams died in the year,subject_last,3,9-17,jspace_keep_name,0, 2023.,202,1,-3.5864,-3.8057,-0.2192,-0.8364,-0.9373,-0.1009,1,0,202,0.0067
Serena Williams,death_year,Serena Williams died in the year,subject_last,3,9-17,jspace_restore_rest,0, 2023.,202,1,-3.5864,-3.559,0.0274,-0.8364,-0.7784,0.058,1,0,202,0.0016
Serena Williams,death_year,Serena Williams died in the year,subject_last,3,9-17,name_lens,0, 2023.,202,1,-3.5864,-3.5923,-0.0058,-0.8364,-0.7785,0.0579,1,0,202,0.0011
Serena Williams,death_year,Serena Williams died in the year,subject_last,3,6-20,jspace,0, 2023.,202,1,-3.5864,-3.8252,-0.2388,-0.8364,-1.0823,-0.2458,1,0,202,0.0191
Serena Williams,death_year,Serena Williams died in the year,subject_last,3,6-20,jspace_keep_name,0, 2023.,202,1,-3.5864,-3.7902,-0.2038,-0.8364,-0.9644,-0.128,1,0,202,0.0133
Serena Williams,death_year,Serena Williams died in the year,subject_last,3,6-20,jspace_restore_rest,0, 2023.,202,1,-3.5864,-3.3753,0.2112,-0.8364,-0.7788,0.0577,1,0,202,0.0186
Serena Williams,death_year,Serena Williams died in the year,subject_last,3,6-20,name_lens,0, 2023.,202,1,-3.5864,-3.4957,0.0907,-0.8364,-0.8059,0.0306,1,0,202,0.0163
Serena Williams,occupation,Serena Williams worked as a,subject_last,3,9-13,jspace,0, tennis player. She, tennis,0,-7.2289,-7.9636,-0.7347,-2.3888,-2.9649,-0.5761,1,0, tennis,0.0609
Serena Williams,occupation,Serena Williams worked as a,subject_last,3,9-13,jspace_keep_name,0, tennis player. She, tennis,0,-7.2289,-7.6631,-0.4342,-2.3888,-2.6683,-0.2796,1,0, tennis,0.0317
Serena Williams,occupation,Serena Williams worked as a,subject_last,3,9-13,jspace_restore_rest,0, tennis player. She, tennis,0,-7.2289,-7.1507,0.0782,-2.3888,-2.353,0.0358,1,0, tennis,0.01
Serena Williams,occupation,Serena Williams worked as a,subject_last,3,9-13,name_lens,0, tennis player. She, tennis,0,-7.2289,-7.2598,-0.0309,-2.3888,-2.3546,0.0342,1,0, tennis,0.0035
Serena Williams,occupation,Serena Williams worked as a,subject_last,3,9-17,jspace,0, tennis player. She, tennis,0,-7.2289,-7.7471,-0.5182,-2.3888,-2.6649,-0.2762,1,0, tennis,0.041
Serena Williams,occupation,Serena Williams worked as a,subject_last,3,9-17,jspace_keep_name,0, tennis player. She, tennis,0,-7.2289,-8.1328,-0.904,-2.3888,-2.9481,-0.5593,2,1, professional,0.0603
Serena Williams,occupation,Serena Williams worked as a,subject_last,3,9-17,jspace_restore_rest,0, tennis player. She, tennis,0,-7.2289,-7.0927,0.1362,-2.3888,-2.2435,0.1452,1,0, tennis,0.0134
Serena Williams,occupation,Serena Williams worked as a,subject_last,3,9-17,name_lens,0, tennis player. She, tennis,0,-7.2289,-7.2129,0.016,-2.3888,-2.3062,0.0826,1,0, tennis,0.0032
Serena Williams,occupation,Serena Williams worked as a,subject_last,3,6-20,jspace,0, tennis player. She, tennis,0,-7.2289,-8.4605,-1.2316,-2.3888,-3.1904,-0.8016,1,0, tennis,0.105
Serena Williams,occupation,Serena Williams worked as a,subject_last,3,6-20,jspace_keep_name,0, tennis player. She, tennis,0,-7.2289,-9.0284,-1.7995,-2.3888,-3.4469,-1.0581,2,1, professional,0.154
Serena Williams,occupation,Serena Williams worked as a,subject_last,3,6-20,jspace_restore_rest,0, tennis player. She, tennis,0,-7.2289,-8.0403,-0.8114,-2.3888,-2.9603,-0.5715,2,1, professional,0.0627
Serena Williams,occupation,Serena Williams worked as a,subject_last,3,6-20,name_lens,0, tennis player. She, tennis,0,-7.2289,-7.2499,-0.0211,-2.3888,-2.4072,-0.0185,1,0, tennis,0.0175
Serena Williams,profession_of,The profession of Serena Williams was,subject_last,5,9-13,jspace,0, a tennis player., tennis,1,-5.1225,-5.3024,-0.1799,-1.5355,-1.7093,-0.1737,1,0, tennis,0.0217
Serena Williams,profession_of,The profession of Serena Williams was,subject_last,5,9-13,jspace_keep_name,0, a tennis player., tennis,1,-5.1225,-5.2004,-0.0779,-1.5355,-1.6983,-0.1627,1,0, tennis,0.0086
Serena Williams,profession_of,The profession of Serena Williams was,subject_last,5,9-13,jspace_restore_rest,0, a tennis player., tennis,1,-5.1225,-5.4673,-0.3448,-1.5355,-1.7378,-0.2023,1,0, tennis,0.0081
Serena Williams,profession_of,The profession of Serena Williams was,subject_last,5,9-13,name_lens,0, a tennis player., tennis,1,-5.1225,-5.2631,-0.1405,-1.5355,-1.6205,-0.085,1,0, tennis,0.0029
Serena Williams,profession_of,The profession of Serena Williams was,subject_last,5,9-17,jspace,0, a tennis player., tennis,1,-5.1225,-5.515,-0.3925,-1.5355,-1.8103,-0.2747,1,0, tennis,0.0547
Serena Williams,profession_of,The profession of Serena Williams was,subject_last,5,9-17,jspace_keep_name,0, a tennis player., tennis,1,-5.1225,-5.7006,-0.578,-1.5355,-2.0466,-0.511,1,0, tennis,0.0263
Serena Williams,profession_of,The profession of Serena Williams was,subject_last,5,9-17,jspace_restore_rest,0, a tennis player., tennis,1,-5.1225,-5.3971,-0.2746,-1.5355,-1.7393,-0.2038,1,0, tennis,0.0063
Serena Williams,profession_of,The profession of Serena Williams was,subject_last,5,9-17,name_lens,0, a tennis player., tennis,1,-5.1225,-5.2632,-0.1406,-1.5355,-1.6156,-0.08,1,0, tennis,0.0022
Serena Williams,profession_of,The profession of Serena Williams was,subject_last,5,6-20,jspace,0, a tennis player., tennis,1,-5.1225,-7.6728,-2.5503,-1.5355,-4.0294,-2.4938,6,1, professional,0.0584
Serena Williams,profession_of,The profession of Serena Williams was,subject_last,5,6-20,jspace_keep_name,0, a tennis player., tennis,1,-5.1225,-7.604,-2.4815,-1.5355,-3.909,-2.3735,4,1, professional,0.0702
Serena Williams,profession_of,The profession of Serena Williams was,subject_last,5,6-20,jspace_restore_rest,0, a tennis player., tennis,1,-5.1225,-5.3567,-0.2341,-1.5355,-1.7908,-0.2553,1,0, tennis,0.0195
Serena Williams,profession_of,The profession of Serena Williams was,subject_last,5,6-20,name_lens,0, a tennis player., tennis,1,-5.1225,-5.4546,-0.332,-1.5355,-1.7912,-0.2557,1,0, tennis,0.0048
Serena Williams,instrument,Serena Williams played the,subject_last,3,9-13,jspace,0, most games in the, most,0,-6.4382,-6.277,0.1612,-2.3325,-2.4267,-0.0942,2,1, role,0.0218
Serena Williams,instrument,Serena Williams played the,subject_last,3,9-13,jspace_keep_name,0, most games in the, most,0,-6.4382,-6.2771,0.1611,-2.3325,-2.5161,-0.1836,2,1, role,0.0232
Serena Williams,instrument,Serena Williams played the,subject_last,3,9-13,jspace_restore_rest,0, most games in the, most,0,-6.4382,-6.6179,-0.1797,-2.3325,-2.2786,0.0539,1,0, most,0.0045
Serena Williams,instrument,Serena Williams played the,subject_last,3,9-13,name_lens,0, most games in the, most,0,-6.4382,-6.4753,-0.0371,-2.3325,-2.2936,0.0389,1,0, most,0.0025
Serena Williams,instrument,Serena Williams played the,subject_last,3,9-17,jspace,0, most games in the, most,0,-6.4382,-6.4388,-0.0006,-2.3325,-2.4544,-0.122,2,1, role,0.0232
Serena Williams,instrument,Serena Williams played the,subject_last,3,9-17,jspace_keep_name,0, most games in the, most,0,-6.4382,-6.3997,0.0385,-2.3325,-2.4693,-0.1368,2,1, role,0.0267
Serena Williams,instrument,Serena Williams played the,subject_last,3,9-17,jspace_restore_rest,0, most games in the, most,0,-6.4382,-6.6084,-0.1703,-2.3325,-2.2943,0.0382,1,0, most,0.0075
Serena Williams,instrument,Serena Williams played the,subject_last,3,9-17,name_lens,0, most games in the, most,0,-6.4382,-6.4648,-0.0266,-2.3325,-2.3082,0.0243,1,0, most,0.0025
Serena Williams,instrument,Serena Williams played the,subject_last,3,6-20,jspace,0, most games in the, most,0,-6.4382,-6.431,0.0072,-2.3325,-2.4068,-0.0744,2,1, role,0.0299
Serena Williams,instrument,Serena Williams played the,subject_last,3,6-20,jspace_keep_name,0, most games in the, most,0,-6.4382,-6.6977,-0.2595,-2.3325,-2.6476,-0.3151,3,1, best,0.0403
Serena Williams,instrument,Serena Williams played the,subject_last,3,6-20,jspace_restore_rest,0, most games in the, most,0,-6.4382,-6.4278,0.0104,-2.3325,-2.2575,0.075,1,1, best,0.0249
Serena Williams,instrument,Serena Williams played the,subject_last,3,6-20,name_lens,0, most games in the, most,0,-6.4382,-6.3898,0.0483,-2.3325,-2.2491,0.0834,1,0, most,0.009
Serena Williams,famous_for,Serena Williams is famous for,subject_last,3,9-13,jspace,0, her tennis career., tennis,1,-5.9565,-6.2145,-0.258,-2.193,-2.3654,-0.1724,1,0, tennis,0.0108
Serena Williams,famous_for,Serena Williams is famous for,subject_last,3,9-13,jspace_keep_name,0, her tennis career., tennis,1,-5.9565,-6.076,-0.1195,-2.193,-2.289,-0.0961,1,0, tennis,0.0081
Serena Williams,famous_for,Serena Williams is famous for,subject_last,3,9-13,jspace_restore_rest,0, her tennis career., tennis,1,-5.9565,-6.069,-0.1125,-2.193,-2.2509,-0.0579,1,0, tennis,0.0029
Serena Williams,famous_for,Serena Williams is famous for,subject_last,3,9-13,name_lens,0, her tennis career., tennis,1,-5.9565,-6.0326,-0.0761,-2.193,-2.2642,-0.0712,1,0, tennis,0.0024
Serena Williams,famous_for,Serena Williams is famous for,subject_last,3,9-17,jspace,0, her tennis career., tennis,1,-5.9565,-6.1468,-0.1903,-2.193,-2.3054,-0.1125,1,0, tennis,0.011
Serena Williams,famous_for,Serena Williams is famous for,subject_last,3,9-17,jspace_keep_name,0, her tennis career., tennis,1,-5.9565,-6.2345,-0.278,-2.193,-2.341,-0.148,1,0, tennis,0.0101
Serena Williams,famous_for,Serena Williams is famous for,subject_last,3,9-17,jspace_restore_rest,0, her tennis career., tennis,1,-5.9565,-6.0714,-0.1149,-2.193,-2.2115,-0.0185,1,0, tennis,0.0039
Serena Williams,famous_for,Serena Williams is famous for,subject_last,3,9-17,name_lens,0, her tennis career., tennis,1,-5.9565,-6.0408,-0.0844,-2.193,-2.2653,-0.0724,1,0, tennis,0.0024
Serena Williams,famous_for,Serena Williams is famous for,subject_last,3,6-20,jspace,0, her tennis career., tennis,1,-5.9565,-6.3921,-0.4357,-2.193,-2.5555,-0.3625,1,0, tennis,0.0415
Serena Williams,famous_for,Serena Williams is famous for,subject_last,3,6-20,jspace_keep_name,0, her tennis career., tennis,1,-5.9565,-6.1934,-0.2369,-2.193,-2.57,-0.377,1,0, tennis,0.0721
Serena Williams,famous_for,Serena Williams is famous for,subject_last,3,6-20,jspace_restore_rest,0, her tennis career., tennis,1,-5.9565,-6.1725,-0.216,-2.193,-2.4935,-0.3005,1,0, tennis,0.0179
Serena Williams,famous_for,Serena Williams is famous for,subject_last,3,6-20,name_lens,0, her tennis career., tennis,1,-5.9565,-5.9323,0.0241,-2.193,-2.1879,0.0051,1,0, tennis,0.0028
Serena Williams,language,Serena Williams spoke the language of,subject_last,3,9-13,jspace,0," the world, and", world,1,-8.918,-8.669,0.2491,-3.133,-3.0577,0.0753,1,0, world,0.0372
Serena Williams,language,Serena Williams spoke the language of,subject_last,3,9-13,jspace_keep_name,0," the world, and", world,1,-8.918,-8.7825,0.1355,-3.133,-3.2008,-0.0678,1,0, world,0.0286
Serena Williams,language,Serena Williams spoke the language of,subject_last,3,9-13,jspace_restore_rest,0," the world, and", world,1,-8.918,-9.0712,-0.1531,-3.133,-3.1386,-0.0056,1,0, world,0.0085
Serena Williams,language,Serena Williams spoke the language of,subject_last,3,9-13,name_lens,0," the world, and", world,1,-8.918,-9.008,-0.09,-3.133,-3.148,-0.015,1,0, world,0.0049
Serena Williams,language,Serena Williams spoke the language of,subject_last,3,9-17,jspace,0," the world, and", world,1,-8.918,-8.6119,0.3061,-3.133,-3.0127,0.1203,1,0, world,0.0401
Serena Williams,language,Serena Williams spoke the language of,subject_last,3,9-17,jspace_keep_name,0," the world, and", world,1,-8.918,-8.794,0.124,-3.133,-3.1901,-0.0571,1,1, people,0.0573
Serena Williams,language,Serena Williams spoke the language of,subject_last,3,9-17,jspace_restore_rest,0," the world, and", world,1,-8.918,-8.9645,-0.0465,-3.133,-3.15,-0.017,1,0, world,0.0089
Serena Williams,language,Serena Williams spoke the language of,subject_last,3,9-17,name_lens,0," the world, and", world,1,-8.918,-9.0327,-0.1147,-3.133,-3.1999,-0.0669,1,0, world,0.0049
Serena Williams,language,Serena Williams spoke the language of,subject_last,3,6-20,jspace,0," the world, and", world,1,-8.918,-8.9141,0.004,-3.133,-3.2863,-0.1533,1,0, world,0.0712
Serena Williams,language,Serena Williams spoke the language of,subject_last,3,6-20,jspace_keep_name,0," the world, and", world,1,-8.918,-8.6938,0.2243,-3.133,-3.1328,0.0002,1,0, world,0.0974
Serena Williams,language,Serena Williams spoke the language of,subject_last,3,6-20,jspace_restore_rest,0," the world, and", world,1,-8.918,-8.8518,0.0662,-3.133,-3.0271,0.1059,1,0, world,0.027
Serena Williams,language,Serena Williams spoke the language of,subject_last,3,6-20,name_lens,0," the world, and", world,1,-8.918,-8.9029,0.0152,-3.133,-3.0953,0.0376,1,0, world,0.0089
Serena Williams,spouse,Serena Williams was married to,subject_last,3,9-13,jspace,0," a man named

", man,1,-7.9637,-8.5064,-0.5428,-2.0623,-2.0166,0.0456,1,0, man,0.1825
Serena Williams,spouse,Serena Williams was married to,subject_last,3,9-13,jspace_keep_name,0," a man named

", man,1,-7.9637,-8.6643,-0.7007,-2.0623,-2.0171,0.0451,1,0, man,0.1756
Serena Williams,spouse,Serena Williams was married to,subject_last,3,9-13,jspace_restore_rest,0," a man named

", man,1,-7.9637,-7.9566,0.007,-2.0623,-2.0566,0.0056,1,0, man,0.0806
Serena Williams,spouse,Serena Williams was married to,subject_last,3,9-13,name_lens,0," a man named

", man,1,-7.9637,-7.9278,0.0359,-2.0623,-2.0563,0.0059,1,0, man,0.0438
Serena Williams,spouse,Serena Williams was married to,subject_last,3,9-17,jspace,0," a man named

", man,1,-7.9637,-8.7357,-0.7721,-2.0623,-1.9834,0.0789,1,0, man,0.235
Serena Williams,spouse,Serena Williams was married to,subject_last,3,9-17,jspace_keep_name,0," a man named

", man,1,-7.9637,-9.163,-1.1994,-2.0623,-2.0272,0.0351,1,0, man,0.2125
Serena Williams,spouse,Serena Williams was married to,subject_last,3,9-17,jspace_restore_rest,0," a man named

", man,1,-7.9637,-7.7794,0.1842,-2.0623,-2.0945,-0.0322,1,0, man,0.0983
Serena Williams,spouse,Serena Williams was married to,subject_last,3,9-17,name_lens,0," a man named

", man,1,-7.9637,-7.9156,0.0481,-2.0623,-2.0627,-0.0004,1,0, man,0.0372
Serena Williams,spouse,Serena Williams was married to,subject_last,3,6-20,jspace,0," a man named

", man,1,-7.9637,-9.2051,-1.2414,-2.0623,-2.0774,-0.0152,1,0, man,0.2999
Serena Williams,spouse,Serena Williams was married to,subject_last,3,6-20,jspace_keep_name,0," a man named

", man,1,-7.9637,-8.7572,-0.7935,-2.0623,-2.1122,-0.0499,1,0, man,0.2828
Serena Williams,spouse,Serena Williams was married to,subject_last,3,6-20,jspace_restore_rest,0," a man named

", man,1,-7.9637,-8.2208,-0.2572,-2.0623,-2.0201,0.0422,1,0, man,0.1444
Serena Williams,spouse,Serena Williams was married to,subject_last,3,6-20,name_lens,0," a man named

", man,1,-7.9637,-8.0024,-0.0387,-2.0623,-2.0419,0.0204,1,0, man,0.0454
Serena Williams,education,Serena Williams studied at the University of,subject_last,3,9-13,jspace,0, Florida. She was, Florida,0,-6.5318,-6.9077,-0.3759,-1.7629,-1.9634,-0.2005,1,0, Florida,0.049
Serena Williams,education,Serena Williams studied at the University of,subject_last,3,9-13,jspace_keep_name,0, Florida. She was, Florida,0,-6.5318,-6.5698,-0.0379,-1.7629,-1.7101,0.0528,1,0, Florida,0.0465
Serena Williams,education,Serena Williams studied at the University of,subject_last,3,9-13,jspace_restore_rest,0, Florida. She was, Florida,0,-6.5318,-6.9176,-0.3858,-1.7629,-2.0217,-0.2588,1,0, Florida,0.0363
Serena Williams,education,Serena Williams studied at the University of,subject_last,3,9-13,name_lens,0, Florida. She was, Florida,0,-6.5318,-6.6974,-0.1656,-1.7629,-1.8318,-0.0689,1,0, Florida,0.0139
Serena Williams,education,Serena Williams studied at the University of,subject_last,3,9-17,jspace,0, Florida. She was, Florida,0,-6.5318,-7.2492,-0.7174,-1.7629,-2.1357,-0.3728,1,0, Florida,0.0818
Serena Williams,education,Serena Williams studied at the University of,subject_last,3,9-17,jspace_keep_name,0, Florida. She was, Florida,0,-6.5318,-7.0594,-0.5276,-1.7629,-1.9151,-0.1523,1,0, Florida,0.0621
Serena Williams,education,Serena Williams studied at the University of,subject_last,3,9-17,jspace_restore_rest,0, Florida. She was, Florida,0,-6.5318,-6.9179,-0.3861,-1.7629,-1.991,-0.2281,1,0, Florida,0.0447
Serena Williams,education,Serena Williams studied at the University of,subject_last,3,9-17,name_lens,0, Florida. She was, Florida,0,-6.5318,-6.6427,-0.1109,-1.7629,-1.8122,-0.0494,1,0, Florida,0.0126
Serena Williams,education,Serena Williams studied at the University of,subject_last,3,6-20,jspace,0, Florida. She was, Florida,0,-6.5318,-7.7843,-1.2525,-1.7629,-2.7756,-1.0128,2,1, California,0.2209
Serena Williams,education,Serena Williams studied at the University of,subject_last,3,6-20,jspace_keep_name,0, Florida. She was, Florida,0,-6.5318,-7.374,-0.8422,-1.7629,-2.2686,-0.5058,1,0, Florida,0.1036
Serena Williams,education,Serena Williams studied at the University of,subject_last,3,6-20,jspace_restore_rest,0, Florida. She was, Florida,0,-6.5318,-7.514,-0.9822,-1.7629,-2.3285,-0.5656,1,0, Florida,0.0961
Serena Williams,education,Serena Williams studied at the University of,subject_last,3,6-20,name_lens,0, Florida. She was, Florida,0,-6.5318,-6.9772,-0.4454,-1.7629,-2.0536,-0.2907,1,0, Florida,0.0414
Serena Williams,citizenship,Serena Williams was a citizen of,subject_last,3,9-13,jspace,0, the United States., United,1,-2.5869,-2.7126,-0.1257,-0.3393,-0.3701,-0.0308,1,0, United,0.0313
Serena Williams,citizenship,Serena Williams was a citizen of,subject_last,3,9-13,jspace_keep_name,0, the United States., United,1,-2.5869,-2.7311,-0.1442,-0.3393,-0.3577,-0.0183,1,0, United,0.018
Serena Williams,citizenship,Serena Williams was a citizen of,subject_last,3,9-13,jspace_restore_rest,0, the United States., United,1,-2.5869,-2.7056,-0.1187,-0.3393,-0.3634,-0.0241,1,0, United,0.0097
Serena Williams,citizenship,Serena Williams was a citizen of,subject_last,3,9-13,name_lens,0, the United States., United,1,-2.5869,-2.6692,-0.0823,-0.3393,-0.3544,-0.0151,1,0, United,0.0047
Serena Williams,citizenship,Serena Williams was a citizen of,subject_last,3,9-17,jspace,0, the United States., United,1,-2.5869,-2.8479,-0.261,-0.3393,-0.3823,-0.043,1,0, United,0.0541
Serena Williams,citizenship,Serena Williams was a citizen of,subject_last,3,9-17,jspace_keep_name,0, the United States., United,1,-2.5869,-2.775,-0.1881,-0.3393,-0.3654,-0.0261,1,0, United,0.0331
Serena Williams,citizenship,Serena Williams was a citizen of,subject_last,3,9-17,jspace_restore_rest,0, the United States., United,1,-2.5869,-2.6553,-0.0684,-0.3393,-0.3604,-0.0211,1,0, United,0.0104
Serena Williams,citizenship,Serena Williams was a citizen of,subject_last,3,9-17,name_lens,0, the United States., United,1,-2.5869,-2.6237,-0.0368,-0.3393,-0.3519,-0.0126,1,0, United,0.0042
Serena Williams,citizenship,Serena Williams was a citizen of,subject_last,3,6-20,jspace,0, the United States., United,1,-2.5869,-2.8924,-0.3055,-0.3393,-0.3998,-0.0605,1,0, United,0.0678
Serena Williams,citizenship,Serena Williams was a citizen of,subject_last,3,6-20,jspace_keep_name,0, the United States., United,1,-2.5869,-2.8972,-0.3102,-0.3393,-0.4128,-0.0735,1,0, United,0.0514
Serena Williams,citizenship,Serena Williams was a citizen of,subject_last,3,6-20,jspace_restore_rest,0, the United States., United,1,-2.5869,-2.8578,-0.2709,-0.3393,-0.4182,-0.0788,1,0, United,0.0464
Serena Williams,citizenship,Serena Williams was a citizen of,subject_last,3,6-20,name_lens,0, the United States., United,1,-2.5869,-2.6586,-0.0717,-0.3393,-0.3629,-0.0236,1,0, United,0.0124
Serena Williams,copy_first_name,The first name of Serena Williams is,subject_last,6,9-13,jspace,0, Serena. The second, Serena,0,-5.0883,-5.275,-0.1867,-2.125,-2.2008,-0.0759,1,0, Serena,0.0489
Serena Williams,copy_first_name,The first name of Serena Williams is,subject_last,6,9-13,jspace_keep_name,0, Serena. The second, Serena,0,-5.0883,-5.4512,-0.363,-2.125,-2.4285,-0.3036,1,0, Serena,0.0751
Serena Williams,copy_first_name,The first name of Serena Williams is,subject_last,6,9-13,jspace_restore_rest,0, Serena. The second, Serena,0,-5.0883,-5.311,-0.2227,-2.125,-2.2712,-0.1463,1,0, Serena,0.0508
Serena Williams,copy_first_name,The first name of Serena Williams is,subject_last,6,9-13,name_lens,0, Serena. The second, Serena,0,-5.0883,-5.0918,-0.0035,-2.125,-2.1172,0.0077,1,0, Serena,0.0336
Serena Williams,copy_first_name,The first name of Serena Williams is,subject_last,6,9-17,jspace,0, Serena. The second, Serena,0,-5.0883,-6.0131,-0.9249,-2.125,-2.9551,-0.8302,3,1,?,0.1875
Serena Williams,copy_first_name,The first name of Serena Williams is,subject_last,6,9-17,jspace_keep_name,0, Serena. The second, Serena,0,-5.0883,-5.5325,-0.4443,-2.125,-2.5134,-0.3885,1,0, Serena,0.0903
Serena Williams,copy_first_name,The first name of Serena Williams is,subject_last,6,9-17,jspace_restore_rest,0, Serena. The second, Serena,0,-5.0883,-5.2115,-0.1233,-2.125,-2.2112,-0.0862,1,0, Serena,0.0451
Serena Williams,copy_first_name,The first name of Serena Williams is,subject_last,6,9-17,name_lens,0, Serena. The second, Serena,0,-5.0883,-5.0784,0.0098,-2.125,-2.0689,0.0561,1,0, Serena,0.0304
Serena Williams,copy_first_name,The first name of Serena Williams is,subject_last,6,6-20,jspace,0, Serena. The second, Serena,0,-5.0883,-6.2749,-1.1867,-2.125,-3.2576,-1.1327,3,1,?,0.2355
Serena Williams,copy_first_name,The first name of Serena Williams is,subject_last,6,6-20,jspace_keep_name,0, Serena. The second, Serena,0,-5.0883,-5.5869,-0.4986,-2.125,-2.705,-0.5801,1,1,?,0.1515
Serena Williams,copy_first_name,The first name of Serena Williams is,subject_last,6,6-20,jspace_restore_rest,0, Serena. The second, Serena,0,-5.0883,-5.0938,-0.0055,-2.125,-2.1245,0.0004,1,0, Serena,0.0422
Serena Williams,copy_first_name,The first name of Serena Williams is,subject_last,6,6-20,name_lens,0, Serena. The second, Serena,0,-5.0883,-5.123,-0.0348,-2.125,-2.2157,-0.0907,1,0, Serena,0.0494
Serena Williams,copy_last_name,The last name of Serena Williams is,subject_last,6,9-13,jspace,0, Williams. The first, Williams,0,-6.0934,-9.7272,-3.6338,-2.4675,-6.2357,-3.7681,72,1, what,0.2745
Serena Williams,copy_last_name,The last name of Serena Williams is,subject_last,6,9-13,jspace_keep_name,0, Williams. The first, Williams,0,-6.0934,-9.4485,-3.3552,-2.4675,-5.9764,-3.5088,59,1, what,0.245
Serena Williams,copy_last_name,The last name of Serena Williams is,subject_last,6,9-13,jspace_restore_rest,0, Williams. The first, Williams,0,-6.0934,-7.0464,-0.953,-2.4675,-3.4913,-1.0238,6,1,?,0.057
Serena Williams,copy_last_name,The last name of Serena Williams is,subject_last,6,9-13,name_lens,0, Williams. The first, Williams,0,-6.0934,-6.1268,-0.0335,-2.4675,-2.5723,-0.1048,1,0, Williams,0.0047
Serena Williams,copy_last_name,The last name of Serena Williams is,subject_last,6,9-17,jspace,0, Williams. The first, Williams,0,-6.0934,-9.9218,-3.8284,-2.4675,-6.3671,-3.8995,78,1, ,0.2926
Serena Williams,copy_last_name,The last name of Serena Williams is,subject_last,6,9-17,jspace_keep_name,0, Williams. The first, Williams,0,-6.0934,-10.4916,-4.3982,-2.4675,-6.8236,-4.356,109,1, a,0.3236
Serena Williams,copy_last_name,The last name of Serena Williams is,subject_last,6,9-17,jspace_restore_rest,0, Williams. The first, Williams,0,-6.0934,-7.3187,-1.2253,-2.4675,-3.7434,-1.2758,10,1,?,0.0683
Serena Williams,copy_last_name,The last name of Serena Williams is,subject_last,6,9-17,name_lens,0, Williams. The first, Williams,0,-6.0934,-6.1324,-0.039,-2.4675,-2.5917,-0.1241,1,0, Williams,0.006
Serena Williams,copy_last_name,The last name of Serena Williams is,subject_last,6,6-20,jspace,0, Williams. The first, Williams,0,-6.0934,-12.0615,-5.9682,-2.4675,-8.6538,-6.1863,378,1, not,0.5741
Serena Williams,copy_last_name,The last name of Serena Williams is,subject_last,6,6-20,jspace_keep_name,0, Williams. The first, Williams,0,-6.0934,-11.2721,-5.1787,-2.4675,-7.5372,-5.0697,178,1, a,0.4302
Serena Williams,copy_last_name,The last name of Serena Williams is,subject_last,6,6-20,jspace_restore_rest,0, Williams. The first, Williams,0,-6.0934,-8.1113,-2.0179,-2.4675,-4.5796,-2.1121,17,1,?,0.1333
Serena Williams,copy_last_name,The last name of Serena Williams is,subject_last,6,6-20,name_lens,0, Williams. The first, Williams,0,-6.0934,-6.8144,-0.7211,-2.4675,-3.2299,-0.7623,4,1,?,0.0401
Ludwig van Beethoven,birth_city,Ludwig van Beethoven was born in the city of,subject_last,5,9-13,jspace,0," Bonn, which is", Bonn,0,-3.3424,-3.5084,-0.166,-0.1449,-0.3696,-0.2247,1,0, Bonn,0.0943
Ludwig van Beethoven,birth_city,Ludwig van Beethoven was born in the city of,subject_last,5,9-13,jspace_keep_name,0," Bonn, which is", Bonn,0,-3.3424,-3.3761,-0.0337,-0.1449,-0.2107,-0.0658,1,0, Bonn,0.0129
Ludwig van Beethoven,birth_city,Ludwig van Beethoven was born in the city of,subject_last,5,9-13,jspace_restore_rest,0," Bonn, which is", Bonn,0,-3.3424,-3.4094,-0.067,-0.1449,-0.231,-0.086,1,0, Bonn,0.0356
Ludwig van Beethoven,birth_city,Ludwig van Beethoven was born in the city of,subject_last,5,9-13,name_lens,0," Bonn, which is", Bonn,0,-3.3424,-3.49,-0.1476,-0.1449,-0.3282,-0.1833,1,0, Bonn,0.0868
Ludwig van Beethoven,birth_city,Ludwig van Beethoven was born in the city of,subject_last,5,9-17,jspace,0," Bonn, which is", Bonn,0,-3.3424,-4.0482,-0.7058,-0.1449,-0.8979,-0.7529,1,0, Bonn,0.4457
Ludwig van Beethoven,birth_city,Ludwig van Beethoven was born in the city of,subject_last,5,9-17,jspace_keep_name,0," Bonn, which is", Bonn,0,-3.3424,-3.8098,-0.4674,-0.1449,-0.5515,-0.4066,1,0, Bonn,0.202
Ludwig van Beethoven,birth_city,Ludwig van Beethoven was born in the city of,subject_last,5,9-17,jspace_restore_rest,0," Bonn, which is", Bonn,0,-3.3424,-3.5518,-0.2094,-0.1449,-0.3249,-0.1799,1,0, Bonn,0.084
Ludwig van Beethoven,birth_city,Ludwig van Beethoven was born in the city of,subject_last,5,9-17,name_lens,0," Bonn, which is", Bonn,0,-3.3424,-3.5556,-0.2132,-0.1449,-0.349,-0.2041,1,0, Bonn,0.1032
Ludwig van Beethoven,birth_city,Ludwig van Beethoven was born in the city of,subject_last,5,6-20,jspace,0," Bonn, which is", Bonn,0,-3.3424,-4.1592,-0.8168,-0.1449,-0.934,-0.789,1,0, Bonn,0.4895
Ludwig van Beethoven,birth_city,Ludwig van Beethoven was born in the city of,subject_last,5,6-20,jspace_keep_name,0," Bonn, which is", Bonn,0,-3.3424,-3.5413,-0.1989,-0.1449,-0.3395,-0.1945,1,0, Bonn,0.08
Ludwig van Beethoven,birth_city,Ludwig van Beethoven was born in the city of,subject_last,5,6-20,jspace_restore_rest,0," Bonn, which is", Bonn,0,-3.3424,-3.5351,-0.1927,-0.1449,-0.3618,-0.2169,1,0, Bonn,0.116
Ludwig van Beethoven,birth_city,Ludwig van Beethoven was born in the city of,subject_last,5,6-20,name_lens,0," Bonn, which is", Bonn,0,-3.3424,-3.6085,-0.2661,-0.1449,-0.4231,-0.2781,1,0, Bonn,0.144
Ludwig van Beethoven,birth_year,Ludwig van Beethoven was born in the year,subject_last,5,9-13,jspace,0, 1770.,177,1,-1.8645,-3.1868,-1.3223,-0.2544,-1.0263,-0.7719,1,0,177,0.0028
Ludwig van Beethoven,birth_year,Ludwig van Beethoven was born in the year,subject_last,5,9-13,jspace_keep_name,0, 1770.,177,1,-1.8645,-2.14,-0.2755,-0.2544,-0.3791,-0.1247,1,0,177,0.0005
Ludwig van Beethoven,birth_year,Ludwig van Beethoven was born in the year,subject_last,5,9-13,jspace_restore_rest,0, 1770.,177,1,-1.8645,-1.9639,-0.0994,-0.2544,-0.348,-0.0936,1,0,177,0.0003
Ludwig van Beethoven,birth_year,Ludwig van Beethoven was born in the year,subject_last,5,9-13,name_lens,0, 1770.,177,1,-1.8645,-2.4055,-0.541,-0.2544,-0.5643,-0.3098,1,0,177,0.0021
Ludwig van Beethoven,birth_year,Ludwig van Beethoven was born in the year,subject_last,5,9-17,jspace,0, 1770.,177,1,-1.8645,-2.993,-1.1284,-0.2544,-1.0434,-0.789,1,0,177,0.0053
Ludwig van Beethoven,birth_year,Ludwig van Beethoven was born in the year,subject_last,5,9-17,jspace_keep_name,0, 1770.,177,1,-1.8645,-2.8769,-1.0124,-0.2544,-1.0031,-0.7487,1,0,177,0.0021
Ludwig van Beethoven,birth_year,Ludwig van Beethoven was born in the year,subject_last,5,9-17,jspace_restore_rest,0, 1770.,177,1,-1.8645,-2.1878,-0.3233,-0.2544,-0.441,-0.1865,1,0,177,0.0018
Ludwig van Beethoven,birth_year,Ludwig van Beethoven was born in the year,subject_last,5,9-17,name_lens,0, 1770.,177,1,-1.8645,-2.8339,-0.9693,-0.2544,-0.7992,-0.5448,1,0,177,0.0196
Ludwig van Beethoven,birth_year,Ludwig van Beethoven was born in the year,subject_last,5,6-20,jspace,0, 1770.,177,1,-1.8645,-3.5525,-1.688,-0.2544,-1.2636,-1.0092,1,0,177,0.0498
Ludwig van Beethoven,birth_year,Ludwig van Beethoven was born in the year,subject_last,5,6-20,jspace_keep_name,0, 1770.,177,1,-1.8645,-4.4615,-2.5969,-0.2544,-2.5266,-2.2721,3,1,175,0.0037
Ludwig van Beethoven,birth_year,Ludwig van Beethoven was born in the year,subject_last,5,6-20,jspace_restore_rest,0, 1770.,177,1,-1.8645,-2.6569,-0.7923,-0.2544,-0.6544,-0.4,1,0,177,0.0109
Ludwig van Beethoven,birth_year,Ludwig van Beethoven was born in the year,subject_last,5,6-20,name_lens,0, 1770.,177,1,-1.8645,-3.2482,-1.3837,-0.2544,-1.0816,-0.8272,1,0,177,0.0286
Ludwig van Beethoven,birth_country,Ludwig van Beethoven was born in the country of,subject_last,5,9-13,jspace,0, Germany. The country, Germany,0,-6.5364,-6.186,0.3504,-0.9228,-0.7902,0.1325,1,0, Germany,0.0314
Ludwig van Beethoven,birth_country,Ludwig van Beethoven was born in the country of,subject_last,5,9-13,jspace_keep_name,0, Germany. The country, Germany,0,-6.5364,-6.3806,0.1558,-0.9228,-0.8671,0.0557,1,0, Germany,0.0114
Ludwig van Beethoven,birth_country,Ludwig van Beethoven was born in the country of,subject_last,5,9-13,jspace_restore_rest,0, Germany. The country, Germany,0,-6.5364,-6.295,0.2414,-0.9228,-0.8827,0.04,1,0, Germany,0.0153
Ludwig van Beethoven,birth_country,Ludwig van Beethoven was born in the country of,subject_last,5,9-13,name_lens,0, Germany. The country, Germany,0,-6.5364,-6.0255,0.5109,-0.9228,-0.8206,0.1022,1,0, Germany,0.0337
Ludwig van Beethoven,birth_country,Ludwig van Beethoven was born in the country of,subject_last,5,9-17,jspace,0, Germany. The country, Germany,0,-6.5364,-6.3456,0.1908,-0.9228,-0.8953,0.0275,1,0, Germany,0.0361
Ludwig van Beethoven,birth_country,Ludwig van Beethoven was born in the country of,subject_last,5,9-17,jspace_keep_name,0, Germany. The country, Germany,0,-6.5364,-6.3805,0.1559,-0.9228,-0.8006,0.1222,1,0, Germany,0.0216
Ludwig van Beethoven,birth_country,Ludwig van Beethoven was born in the country of,subject_last,5,9-17,jspace_restore_rest,0, Germany. The country, Germany,0,-6.5364,-6.1278,0.4086,-0.9228,-0.8629,0.0599,1,0, Germany,0.0267
Ludwig van Beethoven,birth_country,Ludwig van Beethoven was born in the country of,subject_last,5,9-17,name_lens,0, Germany. The country, Germany,0,-6.5364,-5.9316,0.6048,-0.9228,-0.7644,0.1584,1,0, Germany,0.0966
Ludwig van Beethoven,birth_country,Ludwig van Beethoven was born in the country of,subject_last,5,6-20,jspace,0, Germany. The country, Germany,0,-6.5364,-6.2974,0.2391,-0.9228,-0.6856,0.2372,1,0, Germany,0.0743
Ludwig van Beethoven,birth_country,Ludwig van Beethoven was born in the country of,subject_last,5,6-20,jspace_keep_name,0, Germany. The country, Germany,0,-6.5364,-6.8323,-0.2958,-0.9228,-1.1598,-0.237,1,0, Germany,0.041
Ludwig van Beethoven,birth_country,Ludwig van Beethoven was born in the country of,subject_last,5,6-20,jspace_restore_rest,0, Germany. The country, Germany,0,-6.5364,-5.9463,0.5902,-0.9228,-0.7118,0.211,1,0, Germany,0.1075
Ludwig van Beethoven,birth_country,Ludwig van Beethoven was born in the country of,subject_last,5,6-20,name_lens,0, Germany. The country, Germany,0,-6.5364,-5.9679,0.5685,-0.9228,-0.7129,0.2099,1,0, Germany,0.1808
Ludwig van Beethoven,death_year,Ludwig van Beethoven died in the year,subject_last,5,9-13,jspace,0, 1827.,182,1,-2.6909,-3.8617,-1.1708,-0.7357,-1.3577,-0.622,1,0,182,0.0142
Ludwig van Beethoven,death_year,Ludwig van Beethoven died in the year,subject_last,5,9-13,jspace_keep_name,0, 1827.,182,1,-2.6909,-2.7287,-0.0378,-0.7357,-0.8313,-0.0957,1,0,182,0.0011
Ludwig van Beethoven,death_year,Ludwig van Beethoven died in the year,subject_last,5,9-13,jspace_restore_rest,0, 1827.,182,1,-2.6909,-3.3232,-0.6323,-0.7357,-1.1589,-0.4232,1,0,182,0.0013
Ludwig van Beethoven,death_year,Ludwig van Beethoven died in the year,subject_last,5,9-13,name_lens,0, 1827.,182,1,-2.6909,-3.6415,-0.9506,-0.7357,-1.3822,-0.6466,1,0,182,0.0158
Ludwig van Beethoven,death_year,Ludwig van Beethoven died in the year,subject_last,5,9-17,jspace,0, 1827.,182,1,-2.6909,-3.9737,-1.2828,-0.7357,-1.3502,-0.6145,1,0,182,0.0075
Ludwig van Beethoven,death_year,Ludwig van Beethoven died in the year,subject_last,5,9-17,jspace_keep_name,0, 1827.,182,1,-2.6909,-3.7878,-1.0969,-0.7357,-1.0741,-0.3384,1,0,182,0.0024
Ludwig van Beethoven,death_year,Ludwig van Beethoven died in the year,subject_last,5,9-17,jspace_restore_rest,0, 1827.,182,1,-2.6909,-3.7098,-1.0189,-0.7357,-1.4005,-0.6649,1,0,182,0.0021
Ludwig van Beethoven,death_year,Ludwig van Beethoven died in the year,subject_last,5,9-17,name_lens,0, 1827.,182,1,-2.6909,-3.7684,-1.0775,-0.7357,-1.3799,-0.6442,1,0,182,0.1245
Ludwig van Beethoven,death_year,Ludwig van Beethoven died in the year,subject_last,5,6-20,jspace,0, 1827.,182,1,-2.6909,-5.2961,-2.6052,-0.7357,-2.0832,-1.3475,1,0,182,0.1111
Ludwig van Beethoven,death_year,Ludwig van Beethoven died in the year,subject_last,5,6-20,jspace_keep_name,0, 1827.,182,1,-2.6909,-3.5609,-0.87,-0.7357,-1.0509,-0.3153,1,0,182,0.0241
Ludwig van Beethoven,death_year,Ludwig van Beethoven died in the year,subject_last,5,6-20,jspace_restore_rest,0, 1827.,182,1,-2.6909,-4.148,-1.4571,-0.7357,-1.483,-0.7473,1,0,182,0.0771
Ludwig van Beethoven,death_year,Ludwig van Beethoven died in the year,subject_last,5,6-20,name_lens,0, 1827.,182,1,-2.6909,-4.2191,-1.5282,-0.7357,-1.5324,-0.7967,1,0,182,0.1651
Ludwig van Beethoven,occupation,Ludwig van Beethoven worked as a,subject_last,5,9-13,jspace,0, music teacher in Vienna, music,0,-5.3801,-6.1153,-0.7352,-2.5443,-2.4245,0.1198,1,0, music,0.0817
Ludwig van Beethoven,occupation,Ludwig van Beethoven worked as a,subject_last,5,9-13,jspace_keep_name,0, music teacher in Vienna, music,0,-5.3801,-5.4113,-0.0312,-2.5443,-2.4649,0.0794,1,0, music,0.0174
Ludwig van Beethoven,occupation,Ludwig van Beethoven worked as a,subject_last,5,9-13,jspace_restore_rest,0, music teacher in Vienna, music,0,-5.3801,-5.8703,-0.4902,-2.5443,-2.5071,0.0372,2,1, violin,0.0644
Ludwig van Beethoven,occupation,Ludwig van Beethoven worked as a,subject_last,5,9-13,name_lens,0, music teacher in Vienna, music,0,-5.3801,-6.2288,-0.8487,-2.5443,-2.5506,-0.0063,2,1, violin,0.0791
Ludwig van Beethoven,occupation,Ludwig van Beethoven worked as a,subject_last,5,9-17,jspace,0, music teacher in Vienna, music,0,-5.3801,-6.2474,-0.8673,-2.5443,-2.6566,-0.1123,1,0, music,0.0818
Ludwig van Beethoven,occupation,Ludwig van Beethoven worked as a,subject_last,5,9-17,jspace_keep_name,0, music teacher in Vienna, music,0,-5.3801,-5.7246,-0.3445,-2.5443,-2.6523,-0.108,1,0, music,0.0428
Ludwig van Beethoven,occupation,Ludwig van Beethoven worked as a,subject_last,5,9-17,jspace_restore_rest,0, music teacher in Vienna, music,0,-5.3801,-6.2749,-0.8948,-2.5443,-2.6573,-0.113,2,1, violin,0.0757
Ludwig van Beethoven,occupation,Ludwig van Beethoven worked as a,subject_last,5,9-17,name_lens,0, music teacher in Vienna, music,0,-5.3801,-6.4521,-1.072,-2.5443,-2.5692,-0.0249,2,1, violin,0.0944
Ludwig van Beethoven,occupation,Ludwig van Beethoven worked as a,subject_last,5,6-20,jspace,0, music teacher in Vienna, music,0,-5.3801,-6.346,-0.9659,-2.5443,-2.5686,-0.0243,1,0, music,0.1582
Ludwig van Beethoven,occupation,Ludwig van Beethoven worked as a,subject_last,5,6-20,jspace_keep_name,0, music teacher in Vienna, music,0,-5.3801,-5.2355,0.1446,-2.5443,-2.2351,0.3092,1,0, music,0.0629
Ludwig van Beethoven,occupation,Ludwig van Beethoven worked as a,subject_last,5,6-20,jspace_restore_rest,0, music teacher in Vienna, music,0,-5.3801,-6.6415,-1.2614,-2.5443,-2.6254,-0.0811,2,1, violin,0.0833
Ludwig van Beethoven,occupation,Ludwig van Beethoven worked as a,subject_last,5,6-20,name_lens,0, music teacher in Vienna, music,0,-5.3801,-6.3351,-0.955,-2.5443,-2.4241,0.1202,1,0, music,0.1304
Ludwig van Beethoven,profession_of,The profession of Ludwig van Beethoven was,subject_last,6,9-13,jspace,0, a composer. The, composer,1,-7.7104,-7.975,-0.2647,-2.4021,-2.6393,-0.2372,1,0, composer,0.0114
Ludwig van Beethoven,profession_of,The profession of Ludwig van Beethoven was,subject_last,6,9-13,jspace_keep_name,0, a composer. The, composer,1,-7.7104,-7.7935,-0.0832,-2.4021,-2.4327,-0.0307,1,0, composer,0.0022
Ludwig van Beethoven,profession_of,The profession of Ludwig van Beethoven was,subject_last,6,9-13,jspace_restore_rest,0, a composer. The, composer,1,-7.7104,-7.8642,-0.1538,-2.4021,-2.4424,-0.0404,1,0, composer,0.0048
Ludwig van Beethoven,profession_of,The profession of Ludwig van Beethoven was,subject_last,6,9-13,name_lens,0, a composer. The, composer,1,-7.7104,-7.8927,-0.1823,-2.4021,-2.4338,-0.0317,1,0, composer,0.0073
Ludwig van Beethoven,profession_of,The profession of Ludwig van Beethoven was,subject_last,6,9-17,jspace,0, a composer. The, composer,1,-7.7104,-8.3217,-0.6113,-2.4021,-2.7379,-0.3358,2,1, ______,0.0417
Ludwig van Beethoven,profession_of,The profession of Ludwig van Beethoven was,subject_last,6,9-17,jspace_keep_name,0, a composer. The, composer,1,-7.7104,-7.6779,0.0324,-2.4021,-2.4423,-0.0402,1,0, composer,0.0064
Ludwig van Beethoven,profession_of,The profession of Ludwig van Beethoven was,subject_last,6,9-17,jspace_restore_rest,0, a composer. The, composer,1,-7.7104,-7.8093,-0.099,-2.4021,-2.4351,-0.0331,1,0, composer,0.0046
Ludwig van Beethoven,profession_of,The profession of Ludwig van Beethoven was,subject_last,6,9-17,name_lens,0, a composer. The, composer,1,-7.7104,-7.9086,-0.1983,-2.4021,-2.4591,-0.057,1,0, composer,0.0094
Ludwig van Beethoven,profession_of,The profession of Ludwig van Beethoven was,subject_last,6,6-20,jspace,0, a composer. The, composer,1,-7.7104,-6.5835,1.1269,-2.4021,-2.3941,0.008,1,1, __,0.1886
Ludwig van Beethoven,profession_of,The profession of Ludwig van Beethoven was,subject_last,6,6-20,jspace_keep_name,0, a composer. The, composer,1,-7.7104,-7.5285,0.1818,-2.4021,-2.5939,-0.1918,1,0, composer,0.0282
Ludwig van Beethoven,profession_of,The profession of Ludwig van Beethoven was,subject_last,6,6-20,jspace_restore_rest,0, a composer. The, composer,1,-7.7104,-7.8811,-0.1707,-2.4021,-2.5421,-0.14,1,0, composer,0.0084
Ludwig van Beethoven,profession_of,The profession of Ludwig van Beethoven was,subject_last,6,6-20,name_lens,0, a composer. The, composer,1,-7.7104,-8.0598,-0.3494,-2.4021,-2.7419,-0.3399,2,1, ______,0.0308
Ludwig van Beethoven,instrument,Ludwig van Beethoven played the,subject_last,5,9-13,jspace,0, piano. The piano, piano,0,-5.968,-6.049,-0.081,-0.3678,-0.4345,-0.0667,1,0, piano,0.0101
Ludwig van Beethoven,instrument,Ludwig van Beethoven played the,subject_last,5,9-13,jspace_keep_name,0, piano. The piano, piano,0,-5.968,-5.8853,0.0827,-0.3678,-0.3301,0.0377,1,0, piano,0.009
Ludwig van Beethoven,instrument,Ludwig van Beethoven played the,subject_last,5,9-13,jspace_restore_rest,0, piano. The piano, piano,0,-5.968,-6.0146,-0.0466,-0.3678,-0.4104,-0.0426,1,0, piano,0.0063
Ludwig van Beethoven,instrument,Ludwig van Beethoven played the,subject_last,5,9-13,name_lens,0, piano. The piano, piano,0,-5.968,-5.9976,-0.0295,-0.3678,-0.4211,-0.0533,1,0, piano,0.0104
Ludwig van Beethoven,instrument,Ludwig van Beethoven played the,subject_last,5,9-17,jspace,0, piano. The piano, piano,0,-5.968,-6.1399,-0.1718,-0.3678,-0.452,-0.0842,1,0, piano,0.0165
Ludwig van Beethoven,instrument,Ludwig van Beethoven played the,subject_last,5,9-17,jspace_keep_name,0, piano. The piano, piano,0,-5.968,-6.1525,-0.1845,-0.3678,-0.3921,-0.0244,1,0, piano,0.0203
Ludwig van Beethoven,instrument,Ludwig van Beethoven played the,subject_last,5,9-17,jspace_restore_rest,0, piano. The piano, piano,0,-5.968,-5.9922,-0.0242,-0.3678,-0.4171,-0.0493,1,0, piano,0.0077
Ludwig van Beethoven,instrument,Ludwig van Beethoven played the,subject_last,5,9-17,name_lens,0, piano. The piano, piano,0,-5.968,-5.9381,0.03,-0.3678,-0.4301,-0.0624,1,0, piano,0.0149
Ludwig van Beethoven,instrument,Ludwig van Beethoven played the,subject_last,5,6-20,jspace,0, piano. The piano, piano,0,-5.968,-6.8045,-0.8365,-0.3678,-0.6296,-0.2618,1,0, piano,0.0801
Ludwig van Beethoven,instrument,Ludwig van Beethoven played the,subject_last,5,6-20,jspace_keep_name,0, piano. The piano, piano,0,-5.968,-6.3904,-0.4224,-0.3678,-0.4345,-0.0667,1,0, piano,0.0327
Ludwig van Beethoven,instrument,Ludwig van Beethoven played the,subject_last,5,6-20,jspace_restore_rest,0, piano. The piano, piano,0,-5.968,-6.0263,-0.0582,-0.3678,-0.4882,-0.1204,1,0, piano,0.0266
Ludwig van Beethoven,instrument,Ludwig van Beethoven played the,subject_last,5,6-20,name_lens,0, piano. The piano, piano,0,-5.968,-5.9992,-0.0311,-0.3678,-0.4743,-0.1065,1,0, piano,0.0264
Ludwig van Beethoven,famous_for,Ludwig van Beethoven is famous for,subject_last,5,9-13,jspace,0, his symphonies, sym,1,-1.8599,-2.1136,-0.2537,-0.8246,-1.0157,-0.1911,1,0, sym,0.0079
Ludwig van Beethoven,famous_for,Ludwig van Beethoven is famous for,subject_last,5,9-13,jspace_keep_name,0, his symphonies, sym,1,-1.8599,-2.0249,-0.165,-0.8246,-0.9447,-0.1201,1,0, sym,0.0031
Ludwig van Beethoven,famous_for,Ludwig van Beethoven is famous for,subject_last,5,9-13,jspace_restore_rest,0, his symphonies, sym,1,-1.8599,-1.87,-0.0101,-0.8246,-0.8056,0.019,1,0, sym,0.0029
Ludwig van Beethoven,famous_for,Ludwig van Beethoven is famous for,subject_last,5,9-13,name_lens,0, his symphonies, sym,1,-1.8599,-2.0209,-0.161,-0.8246,-0.9277,-0.1031,1,0, sym,0.008
Ludwig van Beethoven,famous_for,Ludwig van Beethoven is famous for,subject_last,5,9-17,jspace,0, his symphonies, sym,1,-1.8599,-2.2517,-0.3918,-0.8246,-1.0684,-0.2439,1,0, sym,0.0121
Ludwig van Beethoven,famous_for,Ludwig van Beethoven is famous for,subject_last,5,9-17,jspace_keep_name,0, his symphonies, sym,1,-1.8599,-2.1906,-0.3307,-0.8246,-1.0799,-0.2553,1,0, sym,0.0062
Ludwig van Beethoven,famous_for,Ludwig van Beethoven is famous for,subject_last,5,9-17,jspace_restore_rest,0, his symphonies, sym,1,-1.8599,-1.9134,-0.0535,-0.8246,-0.8447,-0.0201,1,0, sym,0.0058
Ludwig van Beethoven,famous_for,Ludwig van Beethoven is famous for,subject_last,5,9-17,name_lens,0, his symphonies, sym,1,-1.8599,-2.1214,-0.2615,-0.8246,-0.9854,-0.1609,1,0, sym,0.0232
Ludwig van Beethoven,famous_for,Ludwig van Beethoven is famous for,subject_last,5,6-20,jspace,0, his symphonies, sym,1,-1.8599,-2.0708,-0.2109,-0.8246,-0.9382,-0.1137,1,0, sym,0.0933
Ludwig van Beethoven,famous_for,Ludwig van Beethoven is famous for,subject_last,5,6-20,jspace_keep_name,0, his symphonies, sym,1,-1.8599,-2.0069,-0.147,-0.8246,-0.9471,-0.1225,1,0, sym,0.013
Ludwig van Beethoven,famous_for,Ludwig van Beethoven is famous for,subject_last,5,6-20,jspace_restore_rest,0, his symphonies, sym,1,-1.8599,-2.0667,-0.2068,-0.8246,-0.9311,-0.1065,1,0, sym,0.0179
Ludwig van Beethoven,famous_for,Ludwig van Beethoven is famous for,subject_last,5,6-20,name_lens,0, his symphonies, sym,1,-1.8599,-2.2312,-0.3713,-0.8246,-1.0426,-0.218,1,0, sym,0.0343
Ludwig van Beethoven,language,Ludwig van Beethoven spoke the language of,subject_last,5,9-13,jspace,0, the 19th,19,2,-5.8415,-5.936,-0.0945,-1.5511,-1.6007,-0.0496,1,0,19,0.0274
Ludwig van Beethoven,language,Ludwig van Beethoven spoke the language of,subject_last,5,9-13,jspace_keep_name,0, the 19th,19,2,-5.8415,-5.8639,-0.0223,-1.5511,-1.5773,-0.0263,1,0,19,0.0077
Ludwig van Beethoven,language,Ludwig van Beethoven spoke the language of,subject_last,5,9-13,jspace_restore_rest,0, the 19th,19,2,-5.8415,-5.8149,0.0266,-1.5511,-1.4994,0.0517,1,0,19,0.0136
Ludwig van Beethoven,language,Ludwig van Beethoven spoke the language of,subject_last,5,9-13,name_lens,0, the 19th,19,2,-5.8415,-5.7749,0.0666,-1.5511,-1.5075,0.0436,1,0,19,0.0215
Ludwig van Beethoven,language,Ludwig van Beethoven spoke the language of,subject_last,5,9-17,jspace,0, the 19th,19,2,-5.8415,-6.0675,-0.2259,-1.5511,-1.6471,-0.096,1,0,19,0.0375
Ludwig van Beethoven,language,Ludwig van Beethoven spoke the language of,subject_last,5,9-17,jspace_keep_name,0, the 19th,19,2,-5.8415,-5.9437,-0.1022,-1.5511,-1.6491,-0.098,1,0,19,0.0212
Ludwig van Beethoven,language,Ludwig van Beethoven spoke the language of,subject_last,5,9-17,jspace_restore_rest,0, the 19th,19,2,-5.8415,-5.8621,-0.0206,-1.5511,-1.4948,0.0562,1,0,19,0.0187
Ludwig van Beethoven,language,Ludwig van Beethoven spoke the language of,subject_last,5,9-17,name_lens,0, the 19th,19,2,-5.8415,-5.831,0.0105,-1.5511,-1.5661,-0.015,1,0,19,0.0382
Ludwig van Beethoven,language,Ludwig van Beethoven spoke the language of,subject_last,5,6-20,jspace,0, the 19th,19,2,-5.8415,-6.5501,-0.7085,-1.5511,-1.7927,-0.2416,2,1,18,0.3419
Ludwig van Beethoven,language,Ludwig van Beethoven spoke the language of,subject_last,5,6-20,jspace_keep_name,0, the 19th,19,2,-5.8415,-5.9388,-0.0972,-1.5511,-1.6668,-0.1158,2,1,18,0.0264
Ludwig van Beethoven,language,Ludwig van Beethoven spoke the language of,subject_last,5,6-20,jspace_restore_rest,0, the 19th,19,2,-5.8415,-5.7849,0.0566,-1.5511,-1.4634,0.0877,1,0,19,0.0275
Ludwig van Beethoven,language,Ludwig van Beethoven spoke the language of,subject_last,5,6-20,name_lens,0, the 19th,19,2,-5.8415,-5.7394,0.1022,-1.5511,-1.3978,0.1532,1,0,19,0.0416
Ludwig van Beethoven,spouse,Ludwig van Beethoven was married to,subject_last,5,9-13,jspace,0, a woman named Anna, woman,1,-3.1412,-4.3282,-1.187,-0.5907,-0.5859,0.0048,1,0, woman,0.1909
Ludwig van Beethoven,spouse,Ludwig van Beethoven was married to,subject_last,5,9-13,jspace_keep_name,0, a woman named Anna, woman,1,-3.1412,-3.4127,-0.2715,-0.5907,-0.6093,-0.0186,1,0, woman,0.0606
Ludwig van Beethoven,spouse,Ludwig van Beethoven was married to,subject_last,5,9-13,jspace_restore_rest,0, a woman named Anna, woman,1,-3.1412,-4.0909,-0.9497,-0.5907,-0.5904,0.0003,1,0, woman,0.1063
Ludwig van Beethoven,spouse,Ludwig van Beethoven was married to,subject_last,5,9-13,name_lens,0, a woman named Anna, woman,1,-3.1412,-4.5237,-1.3824,-0.5907,-0.5798,0.0109,1,0, woman,0.1659
Ludwig van Beethoven,spouse,Ludwig van Beethoven was married to,subject_last,5,9-17,jspace,0, a woman named Anna, woman,1,-3.1412,-4.952,-1.8108,-0.5907,-0.6506,-0.0599,1,0, woman,0.2513
Ludwig van Beethoven,spouse,Ludwig van Beethoven was married to,subject_last,5,9-17,jspace_keep_name,0, a woman named Anna, woman,1,-3.1412,-3.2742,-0.133,-0.5907,-0.622,-0.0313,1,0, woman,0.2364
Ludwig van Beethoven,spouse,Ludwig van Beethoven was married to,subject_last,5,9-17,jspace_restore_rest,0, a woman named Anna, woman,1,-3.1412,-4.5465,-1.4052,-0.5907,-0.5844,0.0064,1,0, woman,0.1627
Ludwig van Beethoven,spouse,Ludwig van Beethoven was married to,subject_last,5,9-17,name_lens,0, a woman named Anna, woman,1,-3.1412,-4.518,-1.3768,-0.5907,-0.6272,-0.0365,1,0, woman,0.1977
Ludwig van Beethoven,spouse,Ludwig van Beethoven was married to,subject_last,5,6-20,jspace,0, a woman named Anna, woman,1,-3.1412,-3.9563,-0.8151,-0.5907,-0.5815,0.0093,1,0, woman,0.3103
Ludwig van Beethoven,spouse,Ludwig van Beethoven was married to,subject_last,5,6-20,jspace_keep_name,0, a woman named Anna, woman,1,-3.1412,-3.467,-0.3258,-0.5907,-0.5785,0.0122,1,0, woman,0.3362
Ludwig van Beethoven,spouse,Ludwig van Beethoven was married to,subject_last,5,6-20,jspace_restore_rest,0, a woman named Anna, woman,1,-3.1412,-4.6856,-1.5444,-0.5907,-0.5442,0.0465,1,0, woman,0.2282
Ludwig van Beethoven,spouse,Ludwig van Beethoven was married to,subject_last,5,6-20,name_lens,0, a woman named Anna, woman,1,-3.1412,-4.3953,-1.2541,-0.5907,-0.5254,0.0653,1,0, woman,0.2405
Ludwig van Beethoven,education,Ludwig van Beethoven studied at the University of,subject_last,5,9-13,jspace,0," Vienna, where he", Vienna,0,-4.5446,-4.8591,-0.3146,-1.8179,-2.0839,-0.2661,1,0, Vienna,0.0594
Ludwig van Beethoven,education,Ludwig van Beethoven studied at the University of,subject_last,5,9-13,jspace_keep_name,0," Vienna, where he", Vienna,0,-4.5446,-4.5646,-0.02,-1.8179,-1.8247,-0.0068,1,0, Vienna,0.0118
Ludwig van Beethoven,education,Ludwig van Beethoven studied at the University of,subject_last,5,9-13,jspace_restore_rest,0," Vienna, where he", Vienna,0,-4.5446,-4.8262,-0.2816,-1.8179,-2.0743,-0.2564,1,0, Vienna,0.0375
Ludwig van Beethoven,education,Ludwig van Beethoven studied at the University of,subject_last,5,9-13,name_lens,0," Vienna, where he", Vienna,0,-4.5446,-5.0095,-0.4649,-1.8179,-2.1927,-0.3749,1,0, Vienna,0.0676
Ludwig van Beethoven,education,Ludwig van Beethoven studied at the University of,subject_last,5,9-17,jspace,0," Vienna, where he", Vienna,0,-4.5446,-4.9871,-0.4425,-1.8179,-2.0484,-0.2306,1,0, Vienna,0.0735
Ludwig van Beethoven,education,Ludwig van Beethoven studied at the University of,subject_last,5,9-17,jspace_keep_name,0," Vienna, where he", Vienna,0,-4.5446,-4.4571,0.0875,-1.8179,-1.5904,0.2275,1,0, Vienna,0.0439
Ludwig van Beethoven,education,Ludwig van Beethoven studied at the University of,subject_last,5,9-17,jspace_restore_rest,0," Vienna, where he", Vienna,0,-4.5446,-4.9261,-0.3815,-1.8179,-2.1862,-0.3683,1,0, Vienna,0.0648
Ludwig van Beethoven,education,Ludwig van Beethoven studied at the University of,subject_last,5,9-17,name_lens,0," Vienna, where he", Vienna,0,-4.5446,-5.0086,-0.4641,-1.8179,-2.2191,-0.4013,1,0, Vienna,0.0797
Ludwig van Beethoven,education,Ludwig van Beethoven studied at the University of,subject_last,5,6-20,jspace,0," Vienna, where he", Vienna,0,-4.5446,-6.7155,-2.1709,-1.8179,-1.9433,-0.1255,1,0, Vienna,0.16
Ludwig van Beethoven,education,Ludwig van Beethoven studied at the University of,subject_last,5,6-20,jspace_keep_name,0," Vienna, where he", Vienna,0,-4.5446,-4.4496,0.095,-1.8179,-1.4131,0.4047,1,0, Vienna,0.0587
Ludwig van Beethoven,education,Ludwig van Beethoven studied at the University of,subject_last,5,6-20,jspace_restore_rest,0," Vienna, where he", Vienna,0,-4.5446,-4.7672,-0.2226,-1.8179,-2.1615,-0.3437,1,0, Vienna,0.0665
Ludwig van Beethoven,education,Ludwig van Beethoven studied at the University of,subject_last,5,6-20,name_lens,0," Vienna, where he", Vienna,0,-4.5446,-4.8861,-0.3415,-1.8179,-2.1817,-0.3638,1,0, Vienna,0.0746
Ludwig van Beethoven,citizenship,Ludwig van Beethoven was a citizen of,subject_last,5,9-13,jspace,0, the Holy Roman Empire, Holy,1,-3.4953,-3.2621,0.2333,-1.9288,-1.6784,0.2505,1,0, Holy,0.019
Ludwig van Beethoven,citizenship,Ludwig van Beethoven was a citizen of,subject_last,5,9-13,jspace_keep_name,0, the Holy Roman Empire, Holy,1,-3.4953,-3.7143,-0.219,-1.9288,-2.0496,-0.1208,1,0, Holy,0.0111
Ludwig van Beethoven,citizenship,Ludwig van Beethoven was a citizen of,subject_last,5,9-13,jspace_restore_rest,0, the Holy Roman Empire, Holy,1,-3.4953,-3.4094,0.0859,-1.9288,-1.8779,0.0509,1,0, Holy,0.0067
Ludwig van Beethoven,citizenship,Ludwig van Beethoven was a citizen of,subject_last,5,9-13,name_lens,0, the Holy Roman Empire, Holy,1,-3.4953,-3.2879,0.2075,-1.9288,-1.7899,0.1389,1,0, Holy,0.0191
Ludwig van Beethoven,citizenship,Ludwig van Beethoven was a citizen of,subject_last,5,9-17,jspace,0, the Holy Roman Empire, Holy,1,-3.4953,-3.3474,0.148,-1.9288,-1.7276,0.2012,1,0, Holy,0.0189
Ludwig van Beethoven,citizenship,Ludwig van Beethoven was a citizen of,subject_last,5,9-17,jspace_keep_name,0, the Holy Roman Empire, Holy,1,-3.4953,-3.8087,-0.3134,-1.9288,-2.0362,-0.1074,1,0, Holy,0.0225
Ludwig van Beethoven,citizenship,Ludwig van Beethoven was a citizen of,subject_last,5,9-17,jspace_restore_rest,0, the Holy Roman Empire, Holy,1,-3.4953,-3.3539,0.1414,-1.9288,-1.8284,0.1004,1,0, Holy,0.0148
Ludwig van Beethoven,citizenship,Ludwig van Beethoven was a citizen of,subject_last,5,9-17,name_lens,0, the Holy Roman Empire, Holy,1,-3.4953,-3.1798,0.3155,-1.9288,-1.6491,0.2798,1,0, Holy,0.0584
Ludwig van Beethoven,citizenship,Ludwig van Beethoven was a citizen of,subject_last,5,6-20,jspace,0, the Holy Roman Empire, Holy,1,-3.4953,-4.2798,-0.7845,-1.9288,-2.567,-0.6382,3,1, German,0.1869
Ludwig van Beethoven,citizenship,Ludwig van Beethoven was a citizen of,subject_last,5,6-20,jspace_keep_name,0, the Holy Roman Empire, Holy,1,-3.4953,-3.585,-0.0897,-1.9288,-2.0956,-0.1668,1,0, Holy,0.0355
Ludwig van Beethoven,citizenship,Ludwig van Beethoven was a citizen of,subject_last,5,6-20,jspace_restore_rest,0, the Holy Roman Empire, Holy,1,-3.4953,-3.5692,-0.0739,-1.9288,-1.8408,0.088,1,0, Holy,0.0506
Ludwig van Beethoven,citizenship,Ludwig van Beethoven was a citizen of,subject_last,5,6-20,name_lens,0, the Holy Roman Empire, Holy,1,-3.4953,-3.534,-0.0386,-1.9288,-1.7558,0.173,1,0, Holy,0.1007
Ludwig van Beethoven,copy_first_name,The first name of Ludwig van Beethoven is,subject_last,7,9-13,jspace,0, Ludwig. The second, Ludwig,0,-4.3986,-4.4498,-0.0512,-1.5516,-1.5848,-0.0332,1,0, Ludwig,0.0273
Ludwig van Beethoven,copy_first_name,The first name of Ludwig van Beethoven is,subject_last,7,9-13,jspace_keep_name,0, Ludwig. The second, Ludwig,0,-4.3986,-4.4275,-0.0289,-1.5516,-1.5931,-0.0415,1,0, Ludwig,0.0034
Ludwig van Beethoven,copy_first_name,The first name of Ludwig van Beethoven is,subject_last,7,9-13,jspace_restore_rest,0, Ludwig. The second, Ludwig,0,-4.3986,-4.2882,0.1104,-1.5516,-1.4226,0.129,1,0, Ludwig,0.0115
Ludwig van Beethoven,copy_first_name,The first name of Ludwig van Beethoven is,subject_last,7,9-13,name_lens,0, Ludwig. The second, Ludwig,0,-4.3986,-4.3213,0.0773,-1.5516,-1.4502,0.1014,1,0, Ludwig,0.0195
Ludwig van Beethoven,copy_first_name,The first name of Ludwig van Beethoven is,subject_last,7,9-17,jspace,0, Ludwig. The second, Ludwig,0,-4.3986,-4.4514,-0.0527,-1.5516,-1.5559,-0.0043,1,0, Ludwig,0.0275
Ludwig van Beethoven,copy_first_name,The first name of Ludwig van Beethoven is,subject_last,7,9-17,jspace_keep_name,0, Ludwig. The second, Ludwig,0,-4.3986,-4.8065,-0.4079,-1.5516,-1.9933,-0.4417,1,0, Ludwig,0.0424
Ludwig van Beethoven,copy_first_name,The first name of Ludwig van Beethoven is,subject_last,7,9-17,jspace_restore_rest,0, Ludwig. The second, Ludwig,0,-4.3986,-4.3748,0.0238,-1.5516,-1.493,0.0586,1,0, Ludwig,0.0115
Ludwig van Beethoven,copy_first_name,The first name of Ludwig van Beethoven is,subject_last,7,9-17,name_lens,0, Ludwig. The second, Ludwig,0,-4.3986,-4.6251,-0.2264,-1.5516,-1.6054,-0.0538,1,0, Ludwig,0.0318
Ludwig van Beethoven,copy_first_name,The first name of Ludwig van Beethoven is,subject_last,7,6-20,jspace,0, Ludwig. The second, Ludwig,0,-4.3986,-5.3951,-0.9965,-1.5516,-2.178,-0.6264,1,0, Ludwig,0.1922
Ludwig van Beethoven,copy_first_name,The first name of Ludwig van Beethoven is,subject_last,7,6-20,jspace_keep_name,0, Ludwig. The second, Ludwig,0,-4.3986,-6.4288,-2.0302,-1.5516,-3.5254,-1.9738,7,1,?,0.3782
Ludwig van Beethoven,copy_first_name,The first name of Ludwig van Beethoven is,subject_last,7,6-20,jspace_restore_rest,0, Ludwig. The second, Ludwig,0,-4.3986,-4.9531,-0.5544,-1.5516,-1.9921,-0.4405,1,0, Ludwig,0.0576
Ludwig van Beethoven,copy_first_name,The first name of Ludwig van Beethoven is,subject_last,7,6-20,name_lens,0, Ludwig. The second, Ludwig,0,-4.3986,-5.0187,-0.62,-1.5516,-2.1181,-0.5665,1,0, Ludwig,0.082
Ludwig van Beethoven,copy_last_name,The last name of Ludwig van Beethoven is,subject_last,7,9-13,jspace,0," ""Beethoven"".",Be,1,-4.207,-6.1315,-1.9245,-0.1327,-1.6223,-1.4897,2,1,van,0.0811
Ludwig van Beethoven,copy_last_name,The last name of Ludwig van Beethoven is,subject_last,7,9-13,jspace_keep_name,0," ""Beethoven"".",Be,1,-4.207,-4.5612,-0.3542,-0.1327,-0.4752,-0.3425,1,0,Be,0.0068
Ludwig van Beethoven,copy_last_name,The last name of Ludwig van Beethoven is,subject_last,7,9-13,jspace_restore_rest,0," ""Beethoven"".",Be,1,-4.207,-4.3756,-0.1686,-0.1327,-0.2985,-0.1658,1,0,Be,0.0352
Ludwig van Beethoven,copy_last_name,The last name of Ludwig van Beethoven is,subject_last,7,9-13,name_lens,0," ""Beethoven"".",Be,1,-4.207,-4.9112,-0.7041,-0.1327,-0.7746,-0.6419,1,0,Be,0.0616
Ludwig van Beethoven,copy_last_name,The last name of Ludwig van Beethoven is,subject_last,7,9-17,jspace,0," ""Beethoven"".",Be,1,-4.207,-6.4055,-2.1984,-0.1327,-1.5206,-1.388,2,1,B,0.1273
Ludwig van Beethoven,copy_last_name,The last name of Ludwig van Beethoven is,subject_last,7,9-17,jspace_keep_name,0," ""Beethoven"".",Be,1,-4.207,-5.6926,-1.4856,-0.1327,-1.0596,-0.9269,1,0,Be,0.0724
Ludwig van Beethoven,copy_last_name,The last name of Ludwig van Beethoven is,subject_last,7,9-17,jspace_restore_rest,0," ""Beethoven"".",Be,1,-4.207,-4.4347,-0.2277,-0.1327,-0.4044,-0.2717,1,0,Be,0.0448
Ludwig van Beethoven,copy_last_name,The last name of Ludwig van Beethoven is,subject_last,7,9-17,name_lens,0," ""Beethoven"".",Be,1,-4.207,-5.4905,-1.2835,-0.1327,-1.2186,-1.0859,1,0,Be,0.0921
Ludwig van Beethoven,copy_last_name,The last name of Ludwig van Beethoven is,subject_last,7,6-20,jspace,0," ""Beethoven"".",Be,1,-4.207,-11.8765,-7.6695,-0.1327,-4.5048,-4.3721,13,1,van,0.3565
Ludwig van Beethoven,copy_last_name,The last name of Ludwig van Beethoven is,subject_last,7,6-20,jspace_keep_name,0," ""Beethoven"".",Be,1,-4.207,-8.6386,-4.4316,-0.1327,-3.8083,-3.6757,5,1,van,0.1826
Ludwig van Beethoven,copy_last_name,The last name of Ludwig van Beethoven is,subject_last,7,6-20,jspace_restore_rest,0," ""Beethoven"".",Be,1,-4.207,-5.5437,-1.3367,-0.1327,-1.1757,-1.0431,1,0,Be,0.0959
Ludwig van Beethoven,copy_last_name,The last name of Ludwig van Beethoven is,subject_last,7,6-20,name_lens,0," ""Beethoven"".",Be,1,-4.207,-6.8977,-2.6907,-0.1327,-2.3472,-2.2146,3,1,van,0.1413
Barack Obama,birth_city,Barack Obama was born in the city of,subject_last,3,9-13,jspace,0," Honolulu, Hawaii.", Honolulu,0,-3.4075,-3.5793,-0.1718,-0.6018,-0.6816,-0.0797,1,0, Honolulu,0.1097
Barack Obama,birth_city,Barack Obama was born in the city of,subject_last,3,9-13,jspace_keep_name,0," Honolulu, Hawaii.", Honolulu,0,-3.4075,-3.5116,-0.1041,-0.6018,-0.7194,-0.1176,1,0, Honolulu,0.0452
Barack Obama,birth_city,Barack Obama was born in the city of,subject_last,3,9-13,jspace_restore_rest,0," Honolulu, Hawaii.", Honolulu,0,-3.4075,-3.2933,0.1143,-0.6018,-0.391,0.2109,1,0, Honolulu,0.1249
Barack Obama,birth_city,Barack Obama was born in the city of,subject_last,3,9-13,name_lens,0," Honolulu, Hawaii.", Honolulu,0,-3.4075,-3.2009,0.2066,-0.6018,-0.4037,0.1981,1,0, Honolulu,0.2022
Barack Obama,birth_city,Barack Obama was born in the city of,subject_last,3,9-17,jspace,0," Honolulu, Hawaii.", Honolulu,0,-3.4075,-3.9817,-0.5742,-0.6018,-0.9384,-0.3365,1,0, Honolulu,0.2086
Barack Obama,birth_city,Barack Obama was born in the city of,subject_last,3,9-17,jspace_keep_name,0," Honolulu, Hawaii.", Honolulu,0,-3.4075,-3.6023,-0.1948,-0.6018,-0.732,-0.1301,1,0, Honolulu,0.0705
Barack Obama,birth_city,Barack Obama was born in the city of,subject_last,3,9-17,jspace_restore_rest,0," Honolulu, Hawaii.", Honolulu,0,-3.4075,-3.5801,-0.1726,-0.6018,-0.4945,0.1073,1,0, Honolulu,0.1395
Barack Obama,birth_city,Barack Obama was born in the city of,subject_last,3,9-17,name_lens,0," Honolulu, Hawaii.", Honolulu,0,-3.4075,-3.4502,-0.0426,-0.6018,-0.5625,0.0394,1,0, Honolulu,0.2943
Barack Obama,birth_city,Barack Obama was born in the city of,subject_last,3,6-20,jspace,0," Honolulu, Hawaii.", Honolulu,0,-3.4075,-3.8794,-0.4719,-0.6018,-1.2226,-0.6207,1,0, Honolulu,0.4963
Barack Obama,birth_city,Barack Obama was born in the city of,subject_last,3,6-20,jspace_keep_name,0," Honolulu, Hawaii.", Honolulu,0,-3.4075,-5.3022,-1.8947,-0.6018,-2.0839,-1.482,1,0, Honolulu,0.7588
Barack Obama,birth_city,Barack Obama was born in the city of,subject_last,3,6-20,jspace_restore_rest,0," Honolulu, Hawaii.", Honolulu,0,-3.4075,-3.3591,0.0484,-0.6018,-0.4115,0.1903,1,0, Honolulu,0.1843
Barack Obama,birth_city,Barack Obama was born in the city of,subject_last,3,6-20,name_lens,0," Honolulu, Hawaii.", Honolulu,0,-3.4075,-3.9032,-0.4957,-0.6018,-0.9057,-0.3038,1,0, Honolulu,0.4157
Barack Obama,birth_year,Barack Obama was born in the year,subject_last,3,9-13,jspace,0, 1961.,196,1,-1.65,-2.0338,-0.3838,-0.1796,-0.2989,-0.1193,1,0,196,0.0013
Barack Obama,birth_year,Barack Obama was born in the year,subject_last,3,9-13,jspace_keep_name,0, 1961.,196,1,-1.65,-1.9333,-0.2833,-0.1796,-0.4239,-0.2443,1,0,196,0.0003
Barack Obama,birth_year,Barack Obama was born in the year,subject_last,3,9-13,jspace_restore_rest,0, 1961.,196,1,-1.65,-1.9934,-0.3434,-0.1796,-0.1224,0.0572,1,0,196,0.0013
Barack Obama,birth_year,Barack Obama was born in the year,subject_last,3,9-13,name_lens,0, 1961.,196,1,-1.65,-2.0896,-0.4396,-0.1796,-0.126,0.0536,1,0,196,0.0013
Barack Obama,birth_year,Barack Obama was born in the year,subject_last,3,9-17,jspace,0, 1961.,196,1,-1.65,-2.4547,-0.8047,-0.1796,-0.3626,-0.183,1,0,196,0.0061
Barack Obama,birth_year,Barack Obama was born in the year,subject_last,3,9-17,jspace_keep_name,0, 1961.,196,1,-1.65,-2.0836,-0.4336,-0.1796,-0.5596,-0.38,1,0,196,0.0007
Barack Obama,birth_year,Barack Obama was born in the year,subject_last,3,9-17,jspace_restore_rest,0, 1961.,196,1,-1.65,-2.1766,-0.5266,-0.1796,-0.1283,0.0513,1,0,196,0.0016
Barack Obama,birth_year,Barack Obama was born in the year,subject_last,3,9-17,name_lens,0, 1961.,196,1,-1.65,-2.4911,-0.8411,-0.1796,-0.157,0.0226,1,0,196,0.0014
Barack Obama,birth_year,Barack Obama was born in the year,subject_last,3,6-20,jspace,0, 1961.,196,1,-1.65,-2.7907,-1.1407,-0.1796,-0.2171,-0.0375,1,0,196,0.0226
Barack Obama,birth_year,Barack Obama was born in the year,subject_last,3,6-20,jspace_keep_name,0, 1961.,196,1,-1.65,-2.5666,-0.9166,-0.1796,-0.8753,-0.6957,1,0,196,0.0519
Barack Obama,birth_year,Barack Obama was born in the year,subject_last,3,6-20,jspace_restore_rest,0, 1961.,196,1,-1.65,-2.0724,-0.4224,-0.1796,-0.1712,0.0084,1,0,196,0.0018
Barack Obama,birth_year,Barack Obama was born in the year,subject_last,3,6-20,name_lens,0, 1961.,196,1,-1.65,-2.9348,-1.2848,-0.1796,-0.396,-0.2164,1,0,196,0.0014
Barack Obama,birth_country,Barack Obama was born in the country of,subject_last,3,9-13,jspace,0, the United States., United,1,-3.8076,-3.7324,0.0752,-0.5775,-0.5775,-0.0,1,0, United,0.1525
Barack Obama,birth_country,Barack Obama was born in the country of,subject_last,3,9-13,jspace_keep_name,0, the United States., United,1,-3.8076,-3.657,0.1506,-0.5775,-0.615,-0.0375,1,0, United,0.0354
Barack Obama,birth_country,Barack Obama was born in the country of,subject_last,3,9-13,jspace_restore_rest,0, the United States., United,1,-3.8076,-3.7951,0.0124,-0.5775,-0.5846,-0.0071,1,0, United,0.1043
Barack Obama,birth_country,Barack Obama was born in the country of,subject_last,3,9-13,name_lens,0, the United States., United,1,-3.8076,-3.8083,-0.0007,-0.5775,-0.5762,0.0013,1,0, United,0.1468
Barack Obama,birth_country,Barack Obama was born in the country of,subject_last,3,9-17,jspace,0, the United States., United,1,-3.8076,-3.8458,-0.0382,-0.5775,-0.6216,-0.0441,1,0, United,0.2626
Barack Obama,birth_country,Barack Obama was born in the country of,subject_last,3,9-17,jspace_keep_name,0, the United States., United,1,-3.8076,-3.6838,0.1238,-0.5775,-0.6095,-0.0319,1,0, United,0.0693
Barack Obama,birth_country,Barack Obama was born in the country of,subject_last,3,9-17,jspace_restore_rest,0, the United States., United,1,-3.8076,-3.6216,0.186,-0.5775,-0.5434,0.0342,1,0, United,0.1957
Barack Obama,birth_country,Barack Obama was born in the country of,subject_last,3,9-17,name_lens,0, the United States., United,1,-3.8076,-3.9179,-0.1103,-0.5775,-0.6191,-0.0415,1,0, United,0.3271
Barack Obama,birth_country,Barack Obama was born in the country of,subject_last,3,6-20,jspace,0, the United States., United,1,-3.8076,-3.7216,0.086,-0.5775,-0.4832,0.0944,1,0, United,0.4985
Barack Obama,birth_country,Barack Obama was born in the country of,subject_last,3,6-20,jspace_keep_name,0, the United States., United,1,-3.8076,-2.5643,1.2433,-0.5775,-0.6885,-0.111,1,0, United,0.5582
Barack Obama,birth_country,Barack Obama was born in the country of,subject_last,3,6-20,jspace_restore_rest,0, the United States., United,1,-3.8076,-3.6389,0.1687,-0.5775,-0.5965,-0.019,1,0, United,0.3077
Barack Obama,birth_country,Barack Obama was born in the country of,subject_last,3,6-20,name_lens,0, the United States., United,1,-3.8076,-4.5098,-0.7022,-0.5775,-0.662,-0.0845,1,0, United,0.7246
Barack Obama,death_year,Barack Obama died in the year,subject_last,3,9-13,jspace,0, 2020.,202,1,-3.7122,-4.1279,-0.4157,-1.1384,-1.3507,-0.2123,1,1,201,0.0005
Barack Obama,death_year,Barack Obama died in the year,subject_last,3,9-13,jspace_keep_name,0, 2020.,202,1,-3.7122,-3.7594,-0.0472,-1.1384,-1.2157,-0.0773,1,1,201,0.0002
Barack Obama,death_year,Barack Obama died in the year,subject_last,3,9-13,jspace_restore_rest,0, 2020.,202,1,-3.7122,-4.0884,-0.3762,-1.1384,-1.2605,-0.1221,1,0,202,0.0003
Barack Obama,death_year,Barack Obama died in the year,subject_last,3,9-13,name_lens,0, 2020.,202,1,-3.7122,-3.8467,-0.1345,-1.1384,-1.193,-0.0546,1,0,202,0.0021
Barack Obama,death_year,Barack Obama died in the year,subject_last,3,9-17,jspace,0, 2020.,202,1,-3.7122,-4.074,-0.3618,-1.1384,-1.3509,-0.2125,1,0,202,0.0026
Barack Obama,death_year,Barack Obama died in the year,subject_last,3,9-17,jspace_keep_name,0, 2020.,202,1,-3.7122,-3.8084,-0.0962,-1.1384,-1.2522,-0.1138,2,1,201,0.0005
Barack Obama,death_year,Barack Obama died in the year,subject_last,3,9-17,jspace_restore_rest,0, 2020.,202,1,-3.7122,-4.0484,-0.3363,-1.1384,-1.2338,-0.0954,1,0,202,0.0014
Barack Obama,death_year,Barack Obama died in the year,subject_last,3,9-17,name_lens,0, 2020.,202,1,-3.7122,-3.948,-0.2358,-1.1384,-1.2528,-0.1144,1,0,202,0.0027
Barack Obama,death_year,Barack Obama died in the year,subject_last,3,6-20,jspace,0, 2020.,202,1,-3.7122,-3.9723,-0.2601,-1.1384,-1.4391,-0.3007,1,0,202,0.0598
Barack Obama,death_year,Barack Obama died in the year,subject_last,3,6-20,jspace_keep_name,0, 2020.,202,1,-3.7122,-3.6293,0.0829,-1.1384,-1.4497,-0.3113,2,1,201,0.0643
Barack Obama,death_year,Barack Obama died in the year,subject_last,3,6-20,jspace_restore_rest,0, 2020.,202,1,-3.7122,-3.8377,-0.1255,-1.1384,-1.2341,-0.0957,1,0,202,0.0081
Barack Obama,death_year,Barack Obama died in the year,subject_last,3,6-20,name_lens,0, 2020.,202,1,-3.7122,-3.9141,-0.2019,-1.1384,-1.3416,-0.2032,1,0,202,0.007
Barack Obama,occupation,Barack Obama worked as a,subject_last,3,9-13,jspace,0, lawyer in Chicago before, lawyer,0,-5.5522,-6.1698,-0.6176,-1.9282,-1.4595,0.4687,1,0, lawyer,0.1172
Barack Obama,occupation,Barack Obama worked as a,subject_last,3,9-13,jspace_keep_name,0, lawyer in Chicago before, lawyer,0,-5.5522,-5.6086,-0.0564,-1.9282,-1.7586,0.1696,1,0, lawyer,0.065
Barack Obama,occupation,Barack Obama worked as a,subject_last,3,9-13,jspace_restore_rest,0, lawyer in Chicago before, lawyer,0,-5.5522,-6.1356,-0.5834,-1.9282,-1.7444,0.1838,1,0, lawyer,0.0644
Barack Obama,occupation,Barack Obama worked as a,subject_last,3,9-13,name_lens,0, lawyer in Chicago before, lawyer,0,-5.5522,-6.4605,-0.9084,-1.9282,-1.6003,0.3279,1,0, lawyer,0.1176
Barack Obama,occupation,Barack Obama worked as a,subject_last,3,9-17,jspace,0, lawyer in Chicago before, lawyer,0,-5.5522,-6.3706,-0.8184,-1.9282,-1.6155,0.3127,1,0, lawyer,0.1709
Barack Obama,occupation,Barack Obama worked as a,subject_last,3,9-17,jspace_keep_name,0, lawyer in Chicago before, lawyer,0,-5.5522,-5.9131,-0.3609,-1.9282,-1.9828,-0.0546,1,0, lawyer,0.0902
Barack Obama,occupation,Barack Obama worked as a,subject_last,3,9-17,jspace_restore_rest,0, lawyer in Chicago before, lawyer,0,-5.5522,-6.4344,-0.8822,-1.9282,-1.7995,0.1287,1,0, lawyer,0.1013
Barack Obama,occupation,Barack Obama worked as a,subject_last,3,9-17,name_lens,0, lawyer in Chicago before, lawyer,0,-5.5522,-7.2856,-1.7334,-1.9282,-1.6454,0.2828,1,0, lawyer,0.1863
Barack Obama,occupation,Barack Obama worked as a,subject_last,3,6-20,jspace,0, lawyer in Chicago before, lawyer,0,-5.5522,-7.002,-1.4498,-1.9282,-1.2924,0.6357,1,0, lawyer,0.5085
Barack Obama,occupation,Barack Obama worked as a,subject_last,3,6-20,jspace_keep_name,0, lawyer in Chicago before, lawyer,0,-5.5522,-7.224,-1.6718,-1.9282,-1.5009,0.4272,1,0, lawyer,0.5202
Barack Obama,occupation,Barack Obama worked as a,subject_last,3,6-20,jspace_restore_rest,0, lawyer in Chicago before, lawyer,0,-5.5522,-5.6815,-0.1293,-1.9282,-1.285,0.6432,1,0, lawyer,0.1952
Barack Obama,occupation,Barack Obama worked as a,subject_last,3,6-20,name_lens,0, lawyer in Chicago before, lawyer,0,-5.5522,-7.2977,-1.7455,-1.9282,-1.6772,0.251,1,0, lawyer,0.2894
Barack Obama,profession_of,The profession of Barack Obama was,subject_last,5,9-13,jspace,0, a lawyer and a, lawyer,1,-6.5066,-6.8639,-0.3574,-1.9698,-2.0848,-0.1149,1,0, lawyer,0.0117
Barack Obama,profession_of,The profession of Barack Obama was,subject_last,5,9-13,jspace_keep_name,0, a lawyer and a, lawyer,1,-6.5066,-6.5619,-0.0553,-1.9698,-1.9164,0.0534,1,0, lawyer,0.007
Barack Obama,profession_of,The profession of Barack Obama was,subject_last,5,9-13,jspace_restore_rest,0, a lawyer and a, lawyer,1,-6.5066,-6.9855,-0.479,-1.9698,-2.014,-0.0442,1,0, lawyer,0.0078
Barack Obama,profession_of,The profession of Barack Obama was,subject_last,5,9-13,name_lens,0, a lawyer and a, lawyer,1,-6.5066,-6.7894,-0.2829,-1.9698,-2.0154,-0.0456,1,0, lawyer,0.005
Barack Obama,profession_of,The profession of Barack Obama was,subject_last,5,9-17,jspace,0, a lawyer and a, lawyer,1,-6.5066,-6.9709,-0.4643,-1.9698,-2.0442,-0.0743,1,0, lawyer,0.0156
Barack Obama,profession_of,The profession of Barack Obama was,subject_last,5,9-17,jspace_keep_name,0, a lawyer and a, lawyer,1,-6.5066,-6.6692,-0.1627,-1.9698,-1.8205,0.1493,1,0, lawyer,0.0121
Barack Obama,profession_of,The profession of Barack Obama was,subject_last,5,9-17,jspace_restore_rest,0, a lawyer and a, lawyer,1,-6.5066,-7.2337,-0.7271,-1.9698,-2.1399,-0.1701,1,0, lawyer,0.032
Barack Obama,profession_of,The profession of Barack Obama was,subject_last,5,9-17,name_lens,0, a lawyer and a, lawyer,1,-6.5066,-7.0244,-0.5179,-1.9698,-2.0199,-0.0501,1,0, lawyer,0.0128
Barack Obama,profession_of,The profession of Barack Obama was,subject_last,5,6-20,jspace,0, a lawyer and a, lawyer,1,-6.5066,-6.821,-0.3145,-1.9698,-2.1271,-0.1572,1,0, lawyer,0.0972
Barack Obama,profession_of,The profession of Barack Obama was,subject_last,5,6-20,jspace_keep_name,0, a lawyer and a, lawyer,1,-6.5066,-6.3711,0.1354,-1.9698,-1.5954,0.3745,1,0, lawyer,0.0257
Barack Obama,profession_of,The profession of Barack Obama was,subject_last,5,6-20,jspace_restore_rest,0, a lawyer and a, lawyer,1,-6.5066,-6.9087,-0.4021,-1.9698,-2.0779,-0.1081,1,0, lawyer,0.0228
Barack Obama,profession_of,The profession of Barack Obama was,subject_last,5,6-20,name_lens,0, a lawyer and a, lawyer,1,-6.5066,-7.1013,-0.5948,-1.9698,-2.1402,-0.1704,1,0, lawyer,0.0201
Barack Obama,instrument,Barack Obama played the,subject_last,3,9-13,jspace,0, piano. He was, piano,0,-6.5797,-6.4968,0.0828,-1.1314,-1.0659,0.0655,1,0, piano,0.0071
Barack Obama,instrument,Barack Obama played the,subject_last,3,9-13,jspace_keep_name,0, piano. He was, piano,0,-6.5797,-6.4448,0.1348,-1.1314,-1.1253,0.0061,1,0, piano,0.0028
Barack Obama,instrument,Barack Obama played the,subject_last,3,9-13,jspace_restore_rest,0, piano. He was, piano,0,-6.5797,-6.6198,-0.0402,-1.1314,-1.0145,0.1169,1,0, piano,0.006
Barack Obama,instrument,Barack Obama played the,subject_last,3,9-13,name_lens,0, piano. He was, piano,0,-6.5797,-6.324,0.2557,-1.1314,-1.0456,0.0858,1,0, piano,0.0067
Barack Obama,instrument,Barack Obama played the,subject_last,3,9-17,jspace,0, piano. He was, piano,0,-6.5797,-6.5472,0.0325,-1.1314,-1.1743,-0.0429,1,0, piano,0.0327
Barack Obama,instrument,Barack Obama played the,subject_last,3,9-17,jspace_keep_name,0, piano. He was, piano,0,-6.5797,-6.5064,0.0732,-1.1314,-1.1613,-0.0298,1,0, piano,0.005
Barack Obama,instrument,Barack Obama played the,subject_last,3,9-17,jspace_restore_rest,0, piano. He was, piano,0,-6.5797,-6.5665,0.0132,-1.1314,-1.0563,0.0752,1,0, piano,0.0096
Barack Obama,instrument,Barack Obama played the,subject_last,3,9-17,name_lens,0, piano. He was, piano,0,-6.5797,-6.4912,0.0884,-1.1314,-1.1204,0.0111,1,0, piano,0.0101
Barack Obama,instrument,Barack Obama played the,subject_last,3,6-20,jspace,0, piano. He was, piano,0,-6.5797,-8.3903,-1.8107,-1.1314,-1.1522,-0.0208,1,0, piano,0.03
Barack Obama,instrument,Barack Obama played the,subject_last,3,6-20,jspace_keep_name,0, piano. He was, piano,0,-6.5797,-7.0834,-0.5038,-1.1314,-1.2882,-0.1568,1,0, piano,0.0557
Barack Obama,instrument,Barack Obama played the,subject_last,3,6-20,jspace_restore_rest,0, piano. He was, piano,0,-6.5797,-6.6379,-0.0582,-1.1314,-1.1131,0.0183,1,0, piano,0.0264
Barack Obama,instrument,Barack Obama played the,subject_last,3,6-20,name_lens,0, piano. He was, piano,0,-6.5797,-6.5739,0.0057,-1.1314,-1.04,0.0914,1,0, piano,0.0304
Barack Obama,famous_for,Barack Obama is famous for,subject_last,3,9-13,jspace,0, his speeches. He, speeches,1,-5.4294,-5.8906,-0.4612,-1.541,-1.7148,-0.1738,1,0, speeches,0.0042
Barack Obama,famous_for,Barack Obama is famous for,subject_last,3,9-13,jspace_keep_name,0, his speeches. He, speeches,1,-5.4294,-5.4793,-0.0498,-1.541,-1.5778,-0.0368,1,0, speeches,0.0023
Barack Obama,famous_for,Barack Obama is famous for,subject_last,3,9-13,jspace_restore_rest,0, his speeches. He, speeches,1,-5.4294,-5.747,-0.3175,-1.541,-1.666,-0.125,1,0, speeches,0.0033
Barack Obama,famous_for,Barack Obama is famous for,subject_last,3,9-13,name_lens,0, his speeches. He, speeches,1,-5.4294,-5.6899,-0.2604,-1.541,-1.6414,-0.1005,1,0, speeches,0.0042
Barack Obama,famous_for,Barack Obama is famous for,subject_last,3,9-17,jspace,0, his speeches. He, speeches,1,-5.4294,-5.956,-0.5266,-1.541,-1.8091,-0.2682,1,0, speeches,0.01
Barack Obama,famous_for,Barack Obama is famous for,subject_last,3,9-17,jspace_keep_name,0, his speeches. He, speeches,1,-5.4294,-5.5427,-0.1132,-1.541,-1.5926,-0.0517,1,0, speeches,0.0037
Barack Obama,famous_for,Barack Obama is famous for,subject_last,3,9-17,jspace_restore_rest,0, his speeches. He, speeches,1,-5.4294,-5.7727,-0.3433,-1.541,-1.6772,-0.1362,1,0, speeches,0.0054
Barack Obama,famous_for,Barack Obama is famous for,subject_last,3,9-17,name_lens,0, his speeches. He, speeches,1,-5.4294,-5.8809,-0.4515,-1.541,-1.6952,-0.1543,1,0, speeches,0.0073
Barack Obama,famous_for,Barack Obama is famous for,subject_last,3,6-20,jspace,0, his speeches. He, speeches,1,-5.4294,-7.3079,-1.8785,-1.541,-1.9363,-0.3954,1,0, speeches,0.1427
Barack Obama,famous_for,Barack Obama is famous for,subject_last,3,6-20,jspace_keep_name,0, his speeches. He, speeches,1,-5.4294,-6.2549,-0.8254,-1.541,-2.0678,-0.5268,1,0, speeches,0.0708
Barack Obama,famous_for,Barack Obama is famous for,subject_last,3,6-20,jspace_restore_rest,0, his speeches. He, speeches,1,-5.4294,-6.0186,-0.5892,-1.541,-1.7044,-0.1634,1,0, speeches,0.0144
Barack Obama,famous_for,Barack Obama is famous for,subject_last,3,6-20,name_lens,0, his speeches. He, speeches,1,-5.4294,-6.0761,-0.6467,-1.541,-1.7485,-0.2075,1,0, speeches,0.0206
Barack Obama,language,Barack Obama spoke the language of,subject_last,3,9-13,jspace,0, the people in the, people,1,-6.7857,-6.7278,0.0579,-2.3993,-2.3221,0.0771,1,0, people,0.0102
Barack Obama,language,Barack Obama spoke the language of,subject_last,3,9-13,jspace_keep_name,0, the people in the, people,1,-6.7857,-6.7739,0.0118,-2.3993,-2.3833,0.016,1,0, people,0.0041
Barack Obama,language,Barack Obama spoke the language of,subject_last,3,9-13,jspace_restore_rest,0, the people in the, people,1,-6.7857,-6.8287,-0.043,-2.3993,-2.3809,0.0184,1,0, people,0.0068
Barack Obama,language,Barack Obama spoke the language of,subject_last,3,9-13,name_lens,0, the people in the, people,1,-6.7857,-6.7397,0.046,-2.3993,-2.3285,0.0708,1,0, people,0.016
Barack Obama,language,Barack Obama spoke the language of,subject_last,3,9-17,jspace,0, the people in the, people,1,-6.7857,-6.7643,0.0213,-2.3993,-2.4359,-0.0366,1,0, people,0.0298
Barack Obama,language,Barack Obama spoke the language of,subject_last,3,9-17,jspace_keep_name,0, the people in the, people,1,-6.7857,-6.6381,0.1476,-2.3993,-2.3457,0.0535,1,0, people,0.0058
Barack Obama,language,Barack Obama spoke the language of,subject_last,3,9-17,jspace_restore_rest,0, the people in the, people,1,-6.7857,-6.79,-0.0044,-2.3993,-2.3625,0.0368,1,0, people,0.0214
Barack Obama,language,Barack Obama spoke the language of,subject_last,3,9-17,name_lens,0, the people in the, people,1,-6.7857,-6.8031,-0.0175,-2.3993,-2.3308,0.0685,1,0, people,0.0223
Barack Obama,language,Barack Obama spoke the language of,subject_last,3,6-20,jspace,0, the people in the, people,1,-6.7857,-6.7218,0.0639,-2.3993,-2.5943,-0.195,1,0, people,0.1455
Barack Obama,language,Barack Obama spoke the language of,subject_last,3,6-20,jspace_keep_name,0, the people in the, people,1,-6.7857,-6.6725,0.1132,-2.3993,-2.3632,0.0361,1,0, people,0.1023
Barack Obama,language,Barack Obama spoke the language of,subject_last,3,6-20,jspace_restore_rest,0, the people in the, people,1,-6.7857,-6.7003,0.0854,-2.3993,-2.3035,0.0958,1,0, people,0.0303
Barack Obama,language,Barack Obama spoke the language of,subject_last,3,6-20,name_lens,0, the people in the, people,1,-6.7857,-6.7408,0.0449,-2.3993,-2.3295,0.0698,1,0, people,0.0527
Barack Obama,spouse,Barack Obama was married to,subject_last,3,9-13,jspace,0, Michelle Obama. The, Michelle,0,-3.9042,-4.3007,-0.3965,-0.5647,-0.843,-0.2783,1,0, Michelle,0.0809
Barack Obama,spouse,Barack Obama was married to,subject_last,3,9-13,jspace_keep_name,0, Michelle Obama. The, Michelle,0,-3.9042,-3.8308,0.0734,-0.5647,-0.5144,0.0503,1,0, Michelle,0.0211
Barack Obama,spouse,Barack Obama was married to,subject_last,3,9-13,jspace_restore_rest,0, Michelle Obama. The, Michelle,0,-3.9042,-4.1659,-0.2617,-0.5647,-0.7817,-0.2169,1,0, Michelle,0.0616
Barack Obama,spouse,Barack Obama was married to,subject_last,3,9-13,name_lens,0, Michelle Obama. The, Michelle,0,-3.9042,-4.537,-0.6328,-0.5647,-1.038,-0.4733,1,0, Michelle,0.1516
Barack Obama,spouse,Barack Obama was married to,subject_last,3,9-17,jspace,0, Michelle Obama. The, Michelle,0,-3.9042,-4.9397,-1.0355,-0.5647,-1.4011,-0.8364,1,0, Michelle,0.3074
Barack Obama,spouse,Barack Obama was married to,subject_last,3,9-17,jspace_keep_name,0, Michelle Obama. The, Michelle,0,-3.9042,-3.7009,0.2033,-0.5647,-0.4747,0.09,1,0, Michelle,0.0369
Barack Obama,spouse,Barack Obama was married to,subject_last,3,9-17,jspace_restore_rest,0, Michelle Obama. The, Michelle,0,-3.9042,-4.2344,-0.3302,-0.5647,-0.8322,-0.2675,1,0, Michelle,0.0991
Barack Obama,spouse,Barack Obama was married to,subject_last,3,9-17,name_lens,0, Michelle Obama. The, Michelle,0,-3.9042,-5.063,-1.1587,-0.5647,-1.5402,-0.9755,1,0, Michelle,0.3893
Barack Obama,spouse,Barack Obama was married to,subject_last,3,6-20,jspace,0, Michelle Obama. The, Michelle,0,-3.9042,-6.6249,-2.7206,-0.5647,-2.8379,-2.2731,2,1, a,1.1111
Barack Obama,spouse,Barack Obama was married to,subject_last,3,6-20,jspace_keep_name,0, Michelle Obama. The, Michelle,0,-3.9042,-5.9609,-2.0566,-0.5647,-2.0936,-1.5289,2,1, a,0.7039
Barack Obama,spouse,Barack Obama was married to,subject_last,3,6-20,jspace_restore_rest,0, Michelle Obama. The, Michelle,0,-3.9042,-4.7168,-0.8126,-0.5647,-1.076,-0.5113,1,0, Michelle,0.1696
Barack Obama,spouse,Barack Obama was married to,subject_last,3,6-20,name_lens,0, Michelle Obama. The, Michelle,0,-3.9042,-5.7276,-1.8234,-0.5647,-2.2994,-1.7346,2,1, a,0.796
Barack Obama,education,Barack Obama studied at the University of,subject_last,3,9-13,jspace,0, Chicago. He was, Chicago,0,-4.7672,-5.436,-0.6688,-0.4076,-0.9543,-0.5467,1,0, Chicago,0.2782
Barack Obama,education,Barack Obama studied at the University of,subject_last,3,9-13,jspace_keep_name,0, Chicago. He was, Chicago,0,-4.7672,-5.0034,-0.2362,-0.4076,-0.5701,-0.1625,1,0, Chicago,0.0536
Barack Obama,education,Barack Obama studied at the University of,subject_last,3,9-13,jspace_restore_rest,0, Chicago. He was, Chicago,0,-4.7672,-5.2403,-0.4731,-0.4076,-0.7777,-0.3701,1,0, Chicago,0.1701
Barack Obama,education,Barack Obama studied at the University of,subject_last,3,9-13,name_lens,0, Chicago. He was, Chicago,0,-4.7672,-5.7276,-0.9604,-0.4076,-1.3217,-0.914,1,0, Chicago,0.5212
Barack Obama,education,Barack Obama studied at the University of,subject_last,3,9-17,jspace,0, Chicago. He was, Chicago,0,-4.7672,-5.591,-0.8238,-0.4076,-1.0179,-0.6103,1,0, Chicago,0.3762
Barack Obama,education,Barack Obama studied at the University of,subject_last,3,9-17,jspace_keep_name,0, Chicago. He was, Chicago,0,-4.7672,-5.2127,-0.4455,-0.4076,-0.7144,-0.3068,1,0, Chicago,0.1204
Barack Obama,education,Barack Obama studied at the University of,subject_last,3,9-17,jspace_restore_rest,0, Chicago. He was, Chicago,0,-4.7672,-5.7357,-0.9685,-0.4076,-1.2459,-0.8383,1,0, Chicago,0.4219
Barack Obama,education,Barack Obama studied at the University of,subject_last,3,9-17,name_lens,0, Chicago. He was, Chicago,0,-4.7672,-6.6656,-1.8984,-0.4076,-2.1012,-1.6936,3,1, Hawaii,1.0454
Barack Obama,education,Barack Obama studied at the University of,subject_last,3,6-20,jspace,0, Chicago. He was, Chicago,0,-4.7672,-7.4678,-2.7006,-0.4076,-1.9251,-1.5174,1,0, Chicago,1.0289
Barack Obama,education,Barack Obama studied at the University of,subject_last,3,6-20,jspace_keep_name,0, Chicago. He was, Chicago,0,-4.7672,-6.3231,-1.5558,-0.4076,-1.5162,-1.1086,1,0, Chicago,0.694
Barack Obama,education,Barack Obama studied at the University of,subject_last,3,6-20,jspace_restore_rest,0, Chicago. He was, Chicago,0,-4.7672,-5.6393,-0.8721,-0.4076,-1.0269,-0.6192,1,0, Chicago,0.3844
Barack Obama,education,Barack Obama studied at the University of,subject_last,3,6-20,name_lens,0, Chicago. He was, Chicago,0,-4.7672,-6.7621,-1.9948,-0.4076,-2.0657,-1.658,2,1, Oxford,1.062
Barack Obama,citizenship,Barack Obama was a citizen of,subject_last,3,9-13,jspace,0, the United States., United,1,-1.7814,-1.9414,-0.16,-0.2059,-0.235,-0.0292,1,0, United,0.0065
Barack Obama,citizenship,Barack Obama was a citizen of,subject_last,3,9-13,jspace_keep_name,0, the United States., United,1,-1.7814,-1.814,-0.0326,-0.2059,-0.2122,-0.0064,1,0, United,0.0021
Barack Obama,citizenship,Barack Obama was a citizen of,subject_last,3,9-13,jspace_restore_rest,0, the United States., United,1,-1.7814,-1.9187,-0.1372,-0.2059,-0.2247,-0.0189,1,0, United,0.0086
Barack Obama,citizenship,Barack Obama was a citizen of,subject_last,3,9-13,name_lens,0, the United States., United,1,-1.7814,-1.9061,-0.1247,-0.2059,-0.2106,-0.0047,1,0, United,0.0135
Barack Obama,citizenship,Barack Obama was a citizen of,subject_last,3,9-17,jspace,0, the United States., United,1,-1.7814,-1.8597,-0.0782,-0.2059,-0.204,0.0018,1,0, United,0.0099
Barack Obama,citizenship,Barack Obama was a citizen of,subject_last,3,9-17,jspace_keep_name,0, the United States., United,1,-1.7814,-1.8082,-0.0268,-0.2059,-0.1975,0.0083,1,0, United,0.0035
Barack Obama,citizenship,Barack Obama was a citizen of,subject_last,3,9-17,jspace_restore_rest,0, the United States., United,1,-1.7814,-1.8674,-0.086,-0.2059,-0.204,0.0019,1,0, United,0.0093
Barack Obama,citizenship,Barack Obama was a citizen of,subject_last,3,9-17,name_lens,0, the United States., United,1,-1.7814,-1.9489,-0.1675,-0.2059,-0.2174,-0.0116,1,0, United,0.0265
Barack Obama,citizenship,Barack Obama was a citizen of,subject_last,3,6-20,jspace,0, the United States., United,1,-1.7814,-1.7731,0.0084,-0.2059,-0.1168,0.0891,1,0, United,0.0459
Barack Obama,citizenship,Barack Obama was a citizen of,subject_last,3,6-20,jspace_keep_name,0, the United States., United,1,-1.7814,-1.4285,0.3529,-0.2059,-0.2443,-0.0384,1,0, United,0.0409
Barack Obama,citizenship,Barack Obama was a citizen of,subject_last,3,6-20,jspace_restore_rest,0, the United States., United,1,-1.7814,-2.0177,-0.2363,-0.2059,-0.2031,0.0027,1,0, United,0.0274
Barack Obama,citizenship,Barack Obama was a citizen of,subject_last,3,6-20,name_lens,0, the United States., United,1,-1.7814,-2.1135,-0.3321,-0.2059,-0.1991,0.0067,1,0, United,0.0908
Barack Obama,copy_first_name,The first name of Barack Obama is,subject_last,6,9-13,jspace,0, Barack. The second, Barack,0,-3.3689,-3.3729,-0.004,-0.6721,-0.7991,-0.1271,1,0, Barack,0.037
Barack Obama,copy_first_name,The first name of Barack Obama is,subject_last,6,9-13,jspace_keep_name,0, Barack. The second, Barack,0,-3.3689,-3.3609,0.008,-0.6721,-0.7606,-0.0886,1,0, Barack,0.0176
Barack Obama,copy_first_name,The first name of Barack Obama is,subject_last,6,9-13,jspace_restore_rest,0, Barack. The second, Barack,0,-3.3689,-3.2524,0.1165,-0.6721,-0.6052,0.0669,1,0, Barack,0.033
Barack Obama,copy_first_name,The first name of Barack Obama is,subject_last,6,9-13,name_lens,0, Barack. The second, Barack,0,-3.3689,-3.384,-0.0151,-0.6721,-0.7737,-0.1017,1,0, Barack,0.0194
Barack Obama,copy_first_name,The first name of Barack Obama is,subject_last,6,9-17,jspace,0, Barack. The second, Barack,0,-3.3689,-3.4767,-0.1078,-0.6721,-0.8698,-0.1978,1,0, Barack,0.0391
Barack Obama,copy_first_name,The first name of Barack Obama is,subject_last,6,9-17,jspace_keep_name,0, Barack. The second, Barack,0,-3.3689,-3.4925,-0.1236,-0.6721,-0.8286,-0.1566,1,0, Barack,0.0305
Barack Obama,copy_first_name,The first name of Barack Obama is,subject_last,6,9-17,jspace_restore_rest,0, Barack. The second, Barack,0,-3.3689,-3.2271,0.1418,-0.6721,-0.6546,0.0174,1,0, Barack,0.0325
Barack Obama,copy_first_name,The first name of Barack Obama is,subject_last,6,9-17,name_lens,0, Barack. The second, Barack,0,-3.3689,-3.4148,-0.0458,-0.6721,-0.8292,-0.1572,1,0, Barack,0.0292
Barack Obama,copy_first_name,The first name of Barack Obama is,subject_last,6,6-20,jspace,0, Barack. The second, Barack,0,-3.3689,-5.3568,-1.9879,-0.6721,-2.4513,-1.7792,1,0, Barack,0.8355
Barack Obama,copy_first_name,The first name of Barack Obama is,subject_last,6,6-20,jspace_keep_name,0, Barack. The second, Barack,0,-3.3689,-3.4128,-0.0439,-0.6721,-0.8035,-0.1315,1,0, Barack,0.1063
Barack Obama,copy_first_name,The first name of Barack Obama is,subject_last,6,6-20,jspace_restore_rest,0, Barack. The second, Barack,0,-3.3689,-4.1246,-0.7556,-0.6721,-1.3255,-0.6535,1,0, Barack,0.1343
Barack Obama,copy_first_name,The first name of Barack Obama is,subject_last,6,6-20,name_lens,0, Barack. The second, Barack,0,-3.3689,-3.7342,-0.3653,-0.6721,-1.1673,-0.4953,1,0, Barack,0.1043
Barack Obama,copy_last_name,The last name of Barack Obama is,subject_last,6,9-13,jspace,0, Obama. The first, Obama,0,-5.3747,-5.3818,-0.0072,-2.4802,-2.3539,0.1263,1,0, Obama,0.0516
Barack Obama,copy_last_name,The last name of Barack Obama is,subject_last,6,9-13,jspace_keep_name,0, Obama. The first, Obama,0,-5.3747,-5.5455,-0.1708,-2.4802,-2.6336,-0.1534,1,0, Obama,0.081
Barack Obama,copy_last_name,The last name of Barack Obama is,subject_last,6,9-13,jspace_restore_rest,0, Obama. The first, Obama,0,-5.3747,-4.8891,0.4856,-2.4802,-2.0209,0.4593,1,0, Obama,0.0176
Barack Obama,copy_last_name,The last name of Barack Obama is,subject_last,6,9-13,name_lens,0, Obama. The first, Obama,0,-5.3747,-5.3619,0.0127,-2.4802,-2.4224,0.0578,1,0, Obama,0.0518
Barack Obama,copy_last_name,The last name of Barack Obama is,subject_last,6,9-17,jspace,0, Obama. The first, Obama,0,-5.3747,-6.1461,-0.7714,-2.4802,-3.079,-0.5988,1,0, Obama,0.1427
Barack Obama,copy_last_name,The last name of Barack Obama is,subject_last,6,9-17,jspace_keep_name,0, Obama. The first, Obama,0,-5.3747,-5.8431,-0.4684,-2.4802,-2.9217,-0.4415,2,1, ,0.1304
Barack Obama,copy_last_name,The last name of Barack Obama is,subject_last,6,9-17,jspace_restore_rest,0, Obama. The first, Obama,0,-5.3747,-5.4175,-0.0429,-2.4802,-2.3701,0.1101,1,0, Obama,0.0539
Barack Obama,copy_last_name,The last name of Barack Obama is,subject_last,6,9-17,name_lens,0, Obama. The first, Obama,0,-5.3747,-6.2286,-0.8539,-2.4802,-3.2538,-0.7735,2,1, ,0.1711
Barack Obama,copy_last_name,The last name of Barack Obama is,subject_last,6,6-20,jspace,0, Obama. The first, Obama,0,-5.3747,-7.6989,-2.3242,-2.4802,-4.6991,-2.2189,20,1, ,0.5704
Barack Obama,copy_last_name,The last name of Barack Obama is,subject_last,6,6-20,jspace_keep_name,0, Obama. The first, Obama,0,-5.3747,-4.676,0.6987,-2.4802,-1.8823,0.5979,1,0, Obama,0.0774
Barack Obama,copy_last_name,The last name of Barack Obama is,subject_last,6,6-20,jspace_restore_rest,0, Obama. The first, Obama,0,-5.3747,-6.9831,-1.6084,-2.4802,-3.7441,-1.2639,10,1, ,0.3132
Barack Obama,copy_last_name,The last name of Barack Obama is,subject_last,6,6-20,name_lens,0, Obama. The first, Obama,0,-5.3747,-6.7752,-1.4006,-2.4802,-3.5897,-1.1095,8,1, ,0.2358
Isaac Newton,birth_city,Isaac Newton was born in the city of,subject_last,3,9-13,jspace,0," London, England.", London,0,-4.9614,-4.8433,0.1182,-1.0281,-0.9714,0.0567,1,0, London,0.2249
Isaac Newton,birth_city,Isaac Newton was born in the city of,subject_last,3,9-13,jspace_keep_name,0," London, England.", London,0,-4.9614,-4.7363,0.2251,-1.0281,-0.8195,0.2086,1,0, London,0.1292
Isaac Newton,birth_city,Isaac Newton was born in the city of,subject_last,3,9-13,jspace_restore_rest,0," London, England.", London,0,-4.9614,-4.847,0.1145,-1.0281,-0.968,0.0602,1,0, London,0.0316
Isaac Newton,birth_city,Isaac Newton was born in the city of,subject_last,3,9-13,name_lens,0," London, England.", London,0,-4.9614,-4.7783,0.1831,-1.0281,-0.9499,0.0782,1,0, London,0.0477
Isaac Newton,birth_city,Isaac Newton was born in the city of,subject_last,3,9-17,jspace,0," London, England.", London,0,-4.9614,-4.7524,0.2091,-1.0281,-0.8103,0.2178,1,0, London,0.293
Isaac Newton,birth_city,Isaac Newton was born in the city of,subject_last,3,9-17,jspace_keep_name,0," London, England.", London,0,-4.9614,-4.925,0.0364,-1.0281,-1.046,-0.0179,1,0, London,0.2502
Isaac Newton,birth_city,Isaac Newton was born in the city of,subject_last,3,9-17,jspace_restore_rest,0," London, England.", London,0,-4.9614,-4.8749,0.0865,-1.0281,-1.0177,0.0104,1,0, London,0.0566
Isaac Newton,birth_city,Isaac Newton was born in the city of,subject_last,3,9-17,name_lens,0," London, England.", London,0,-4.9614,-4.6959,0.2655,-1.0281,-0.9034,0.1247,1,0, London,0.0666
Isaac Newton,birth_city,Isaac Newton was born in the city of,subject_last,3,6-20,jspace,0," London, England.", London,0,-4.9614,-4.3821,0.5793,-1.0281,-0.5653,0.4629,1,0, London,0.6695
Isaac Newton,birth_city,Isaac Newton was born in the city of,subject_last,3,6-20,jspace_keep_name,0," London, England.", London,0,-4.9614,-4.9839,-0.0225,-1.0281,-1.1549,-0.1268,1,0, London,0.3337
Isaac Newton,birth_city,Isaac Newton was born in the city of,subject_last,3,6-20,jspace_restore_rest,0," London, England.", London,0,-4.9614,-4.5915,0.37,-1.0281,-0.6869,0.3412,1,0, London,0.127
Isaac Newton,birth_city,Isaac Newton was born in the city of,subject_last,3,6-20,name_lens,0," London, England.", London,0,-4.9614,-5.035,-0.0735,-1.0281,-1.0945,-0.0664,1,0, London,0.2103
Isaac Newton,birth_year,Isaac Newton was born in the year,subject_last,3,9-13,jspace,0, 1643.,164,1,-2.7329,-3.8222,-1.0893,-0.5932,-1.1691,-0.5759,1,0,164,0.0054
Isaac Newton,birth_year,Isaac Newton was born in the year,subject_last,3,9-13,jspace_keep_name,0, 1643.,164,1,-2.7329,-3.1395,-0.4067,-0.5932,-0.7406,-0.1474,1,0,164,0.0043
Isaac Newton,birth_year,Isaac Newton was born in the year,subject_last,3,9-13,jspace_restore_rest,0, 1643.,164,1,-2.7329,-2.7958,-0.0629,-0.5932,-0.655,-0.0618,1,0,164,0.0019
Isaac Newton,birth_year,Isaac Newton was born in the year,subject_last,3,9-13,name_lens,0, 1643.,164,1,-2.7329,-2.7459,-0.0131,-0.5932,-0.4635,0.1297,1,0,164,0.0017
Isaac Newton,birth_year,Isaac Newton was born in the year,subject_last,3,9-17,jspace,0, 1643.,164,1,-2.7329,-4.5935,-1.8607,-0.5932,-1.7631,-1.1699,1,0,164,0.0036
Isaac Newton,birth_year,Isaac Newton was born in the year,subject_last,3,9-17,jspace_keep_name,0, 1643.,164,1,-2.7329,-4.1803,-1.4474,-0.5932,-1.6066,-1.0134,1,0,164,0.0105
Isaac Newton,birth_year,Isaac Newton was born in the year,subject_last,3,9-17,jspace_restore_rest,0, 1643.,164,1,-2.7329,-2.7295,0.0033,-0.5932,-0.5866,0.0066,1,0,164,0.0004
Isaac Newton,birth_year,Isaac Newton was born in the year,subject_last,3,9-17,name_lens,0, 1643.,164,1,-2.7329,-2.7949,-0.0621,-0.5932,-0.5154,0.0779,1,0,164,0.0022
Isaac Newton,birth_year,Isaac Newton was born in the year,subject_last,3,6-20,jspace,0, 1643.,164,1,-2.7329,-5.0537,-2.3208,-0.5932,-2.2079,-1.6147,1,0,164,0.0262
Isaac Newton,birth_year,Isaac Newton was born in the year,subject_last,3,6-20,jspace_keep_name,0, 1643.,164,1,-2.7329,-4.721,-1.9882,-0.5932,-2.1492,-1.556,1,0,164,0.0176
Isaac Newton,birth_year,Isaac Newton was born in the year,subject_last,3,6-20,jspace_restore_rest,0, 1643.,164,1,-2.7329,-3.3637,-0.6308,-0.5932,-0.5629,0.0303,1,0,164,0.0018
Isaac Newton,birth_year,Isaac Newton was born in the year,subject_last,3,6-20,name_lens,0, 1643.,164,1,-2.7329,-3.4384,-0.7055,-0.5932,-0.9058,-0.3125,1,0,164,0.0024
Isaac Newton,birth_country,Isaac Newton was born in the country of,subject_last,3,9-13,jspace,0, England. He was, England,0,-5.1023,-5.2794,-0.177,-0.7423,-0.9473,-0.205,1,0, England,0.0653
Isaac Newton,birth_country,Isaac Newton was born in the country of,subject_last,3,9-13,jspace_keep_name,0, England. He was, England,0,-5.1023,-5.3152,-0.2129,-0.7423,-0.8258,-0.0834,1,0, England,0.0176
Isaac Newton,birth_country,Isaac Newton was born in the country of,subject_last,3,9-13,jspace_restore_rest,0, England. He was, England,0,-5.1023,-5.0079,0.0944,-0.7423,-0.7809,-0.0386,1,0, England,0.0063
Isaac Newton,birth_country,Isaac Newton was born in the country of,subject_last,3,9-13,name_lens,0, England. He was, England,0,-5.1023,-4.999,0.1033,-0.7423,-0.7793,-0.037,1,0, England,0.0109
Isaac Newton,birth_country,Isaac Newton was born in the country of,subject_last,3,9-17,jspace,0, England. He was, England,0,-5.1023,-5.6085,-0.5061,-0.7423,-1.151,-0.4087,1,0, England,0.1263
Isaac Newton,birth_country,Isaac Newton was born in the country of,subject_last,3,9-17,jspace_keep_name,0, England. He was, England,0,-5.1023,-5.4859,-0.3836,-0.7423,-0.9752,-0.2329,1,0, England,0.0761
Isaac Newton,birth_country,Isaac Newton was born in the country of,subject_last,3,9-17,jspace_restore_rest,0, England. He was, England,0,-5.1023,-5.0364,0.0659,-0.7423,-0.8033,-0.061,1,0, England,0.0106
Isaac Newton,birth_country,Isaac Newton was born in the country of,subject_last,3,9-17,name_lens,0, England. He was, England,0,-5.1023,-4.9672,0.1351,-0.7423,-0.7592,-0.0168,1,0, England,0.0131
Isaac Newton,birth_country,Isaac Newton was born in the country of,subject_last,3,6-20,jspace,0, England. He was, England,0,-5.1023,-5.6705,-0.5682,-0.7423,-1.1079,-0.3656,1,0, England,0.1585
Isaac Newton,birth_country,Isaac Newton was born in the country of,subject_last,3,6-20,jspace_keep_name,0, England. He was, England,0,-5.1023,-5.38,-0.2777,-0.7423,-0.9197,-0.1774,1,0, England,0.0647
Isaac Newton,birth_country,Isaac Newton was born in the country of,subject_last,3,6-20,jspace_restore_rest,0, England. He was, England,0,-5.1023,-5.2721,-0.1698,-0.7423,-0.8083,-0.066,1,0, England,0.0258
Isaac Newton,birth_country,Isaac Newton was born in the country of,subject_last,3,6-20,name_lens,0, England. He was, England,0,-5.1023,-5.1182,-0.0158,-0.7423,-0.7861,-0.0438,1,0, England,0.0359
Isaac Newton,death_year,Isaac Newton died in the year,subject_last,3,9-13,jspace,0, 1727.,172,1,-2.9322,-3.4713,-0.5391,-1.0034,-1.4894,-0.486,1,0,172,0.0058
Isaac Newton,death_year,Isaac Newton died in the year,subject_last,3,9-13,jspace_keep_name,0, 1727.,172,1,-2.9322,-3.2109,-0.2787,-1.0034,-1.1125,-0.1091,1,0,172,0.0046
Isaac Newton,death_year,Isaac Newton died in the year,subject_last,3,9-13,jspace_restore_rest,0, 1727.,172,1,-2.9322,-3.1318,-0.1996,-1.0034,-1.2242,-0.2209,1,0,172,0.0058
Isaac Newton,death_year,Isaac Newton died in the year,subject_last,3,9-13,name_lens,0, 1727.,172,1,-2.9322,-3.1442,-0.2119,-1.0034,-1.2375,-0.2341,1,0,172,0.003
Isaac Newton,death_year,Isaac Newton died in the year,subject_last,3,9-17,jspace,0, 1727.,172,1,-2.9322,-4.1703,-1.2381,-1.0034,-2.1461,-1.1427,1,0,172,0.0044
Isaac Newton,death_year,Isaac Newton died in the year,subject_last,3,9-17,jspace_keep_name,0, 1727.,172,1,-2.9322,-3.7396,-0.8074,-1.0034,-1.8867,-0.8834,1,0,172,0.0152
Isaac Newton,death_year,Isaac Newton died in the year,subject_last,3,9-17,jspace_restore_rest,0, 1727.,172,1,-2.9322,-3.0738,-0.1416,-1.0034,-1.2402,-0.2368,1,0,172,0.0036
Isaac Newton,death_year,Isaac Newton died in the year,subject_last,3,9-17,name_lens,0, 1727.,172,1,-2.9322,-3.213,-0.2808,-1.0034,-1.3147,-0.3113,1,0,172,0.0029
Isaac Newton,death_year,Isaac Newton died in the year,subject_last,3,6-20,jspace,0, 1727.,172,1,-2.9322,-5.589,-2.6567,-1.0034,-3.4043,-2.4009,7,1,179,0.0478
Isaac Newton,death_year,Isaac Newton died in the year,subject_last,3,6-20,jspace_keep_name,0, 1727.,172,1,-2.9322,-4.8836,-1.9514,-1.0034,-3.0581,-2.0547,3,1,170,0.0164
Isaac Newton,death_year,Isaac Newton died in the year,subject_last,3,6-20,jspace_restore_rest,0, 1727.,172,1,-2.9322,-3.9667,-1.0345,-1.0034,-2.0533,-1.0499,1,0,172,0.0086
Isaac Newton,death_year,Isaac Newton died in the year,subject_last,3,6-20,name_lens,0, 1727.,172,1,-2.9322,-3.6659,-0.7337,-1.0034,-1.6239,-0.6206,1,0,172,0.0066
Isaac Newton,occupation,Isaac Newton worked as a,subject_last,3,9-13,jspace,0, scientist in the , scientist,0,-6.6743,-7.6993,-1.025,-3.0999,-3.9756,-0.8756,5,1, tax,0.1025
Isaac Newton,occupation,Isaac Newton worked as a,subject_last,3,9-13,jspace_keep_name,0, scientist in the , scientist,0,-6.6743,-7.0931,-0.4188,-3.0999,-3.4749,-0.375,3,1, tax,0.0327
Isaac Newton,occupation,Isaac Newton worked as a,subject_last,3,9-13,jspace_restore_rest,0, scientist in the , scientist,0,-6.6743,-6.9037,-0.2294,-3.0999,-3.1315,-0.0316,2,1, tax,0.044
Isaac Newton,occupation,Isaac Newton worked as a,subject_last,3,9-13,name_lens,0, scientist in the , scientist,0,-6.6743,-6.6709,0.0034,-3.0999,-3.0475,0.0524,1,0, scientist,0.0418
Isaac Newton,occupation,Isaac Newton worked as a,subject_last,3,9-17,jspace,0, scientist in the , scientist,0,-6.6743,-7.5999,-0.9256,-3.0999,-3.6946,-0.5947,3,1, teacher,0.102
Isaac Newton,occupation,Isaac Newton worked as a,subject_last,3,9-17,jspace_keep_name,0, scientist in the , scientist,0,-6.6743,-7.641,-0.9666,-3.0999,-3.8849,-0.785,5,1, teacher,0.079
Isaac Newton,occupation,Isaac Newton worked as a,subject_last,3,9-17,jspace_restore_rest,0, scientist in the , scientist,0,-6.6743,-6.827,-0.1527,-3.0999,-3.1568,-0.0569,2,1, tax,0.0474
Isaac Newton,occupation,Isaac Newton worked as a,subject_last,3,9-17,name_lens,0, scientist in the , scientist,0,-6.6743,-6.6627,0.0116,-3.0999,-3.0554,0.0445,1,0, scientist,0.055
Isaac Newton,occupation,Isaac Newton worked as a,subject_last,3,6-20,jspace,0, scientist in the , scientist,0,-6.6743,-7.5578,-0.8834,-3.0999,-4.1009,-1.0009,5,1, teacher,0.2939
Isaac Newton,occupation,Isaac Newton worked as a,subject_last,3,6-20,jspace_keep_name,0, scientist in the , scientist,0,-6.6743,-8.1805,-1.5062,-3.0999,-4.369,-1.2691,8,1, tax,0.2173
Isaac Newton,occupation,Isaac Newton worked as a,subject_last,3,6-20,jspace_restore_rest,0, scientist in the , scientist,0,-6.6743,-6.3952,0.2791,-3.0999,-2.8714,0.2285,1,0, scientist,0.0609
Isaac Newton,occupation,Isaac Newton worked as a,subject_last,3,6-20,name_lens,0, scientist in the , scientist,0,-6.6743,-6.6907,-0.0164,-3.0999,-2.9973,0.1026,1,0, scientist,0.13
Isaac Newton,profession_of,The profession of Isaac Newton was,subject_last,5,9-13,jspace,0, a physicist., physic,1,-5.7121,-6.1311,-0.419,-2.4628,-2.7623,-0.2994,1,0, physic,0.0363
Isaac Newton,profession_of,The profession of Isaac Newton was,subject_last,5,9-13,jspace_keep_name,0, a physicist., physic,1,-5.7121,-6.0503,-0.3382,-2.4628,-2.8226,-0.3598,2,1, mathematic,0.0364
Isaac Newton,profession_of,The profession of Isaac Newton was,subject_last,5,9-13,jspace_restore_rest,0, a physicist., physic,1,-5.7121,-6.0685,-0.3564,-2.4628,-2.6825,-0.2197,2,1, scientist,0.0208
Isaac Newton,profession_of,The profession of Isaac Newton was,subject_last,5,9-13,name_lens,0, a physicist., physic,1,-5.7121,-5.8488,-0.1366,-2.4628,-2.6309,-0.1681,2,1, scientist,0.0076
Isaac Newton,profession_of,The profession of Isaac Newton was,subject_last,5,9-17,jspace,0, a physicist., physic,1,-5.7121,-6.6144,-0.9022,-2.4628,-3.0237,-0.5609,2,1, scientist,0.0534
Isaac Newton,profession_of,The profession of Isaac Newton was,subject_last,5,9-17,jspace_keep_name,0, a physicist., physic,1,-5.7121,-6.1392,-0.427,-2.4628,-2.842,-0.3792,2,1, mathematic,0.0639
Isaac Newton,profession_of,The profession of Isaac Newton was,subject_last,5,9-17,jspace_restore_rest,0, a physicist., physic,1,-5.7121,-5.9839,-0.2717,-2.4628,-2.624,-0.1612,2,1, scientist,0.019
Isaac Newton,profession_of,The profession of Isaac Newton was,subject_last,5,9-17,name_lens,0, a physicist., physic,1,-5.7121,-5.9326,-0.2205,-2.4628,-2.6647,-0.2019,2,1, scientist,0.0191
Isaac Newton,profession_of,The profession of Isaac Newton was,subject_last,5,6-20,jspace,0, a physicist., physic,1,-5.7121,-6.5097,-0.7976,-2.4628,-3.2871,-0.8243,3,1, scientist,0.0947
Isaac Newton,profession_of,The profession of Isaac Newton was,subject_last,5,6-20,jspace_keep_name,0, a physicist., physic,1,-5.7121,-6.7408,-1.0287,-2.4628,-3.0198,-0.557,1,0, physic,0.2288
Isaac Newton,profession_of,The profession of Isaac Newton was,subject_last,5,6-20,jspace_restore_rest,0, a physicist., physic,1,-5.7121,-5.1366,0.5755,-2.4628,-2.1553,0.3075,2,1, scientist,0.059
Isaac Newton,profession_of,The profession of Isaac Newton was,subject_last,5,6-20,name_lens,0, a physicist., physic,1,-5.7121,-5.773,-0.0608,-2.4628,-2.5278,-0.065,2,1, scientist,0.0277
Isaac Newton,instrument,Isaac Newton played the,subject_last,3,9-13,jspace,0," violin, but he", violin,0,-6.3506,-6.8486,-0.498,-1.2445,-1.5487,-0.3041,1,0, violin,0.0473
Isaac Newton,instrument,Isaac Newton played the,subject_last,3,9-13,jspace_keep_name,0," violin, but he", violin,0,-6.3506,-6.7517,-0.4011,-1.2445,-1.4423,-0.1977,1,0, violin,0.0173
Isaac Newton,instrument,Isaac Newton played the,subject_last,3,9-13,jspace_restore_rest,0," violin, but he", violin,0,-6.3506,-6.3954,-0.0448,-1.2445,-1.2045,0.0401,1,0, violin,0.0219
Isaac Newton,instrument,Isaac Newton played the,subject_last,3,9-13,name_lens,0," violin, but he", violin,0,-6.3506,-6.3093,0.0413,-1.2445,-1.1453,0.0992,1,0, violin,0.0221
Isaac Newton,instrument,Isaac Newton played the,subject_last,3,9-17,jspace,0," violin, but he", violin,0,-6.3506,-6.746,-0.3954,-1.2445,-1.403,-0.1585,1,0, violin,0.0425
Isaac Newton,instrument,Isaac Newton played the,subject_last,3,9-17,jspace_keep_name,0," violin, but he", violin,0,-6.3506,-6.7417,-0.3911,-1.2445,-1.4652,-0.2207,1,0, violin,0.0312
Isaac Newton,instrument,Isaac Newton played the,subject_last,3,9-17,jspace_restore_rest,0," violin, but he", violin,0,-6.3506,-6.3691,-0.0185,-1.2445,-1.1671,0.0775,1,0, violin,0.026
Isaac Newton,instrument,Isaac Newton played the,subject_last,3,9-17,name_lens,0," violin, but he", violin,0,-6.3506,-6.3444,0.0061,-1.2445,-1.1426,0.1019,1,0, violin,0.0248
Isaac Newton,instrument,Isaac Newton played the,subject_last,3,6-20,jspace,0," violin, but he", violin,0,-6.3506,-6.2897,0.0609,-1.2445,-1.3802,-0.1357,1,0, violin,0.0775
Isaac Newton,instrument,Isaac Newton played the,subject_last,3,6-20,jspace_keep_name,0," violin, but he", violin,0,-6.3506,-7.0989,-0.7483,-1.2445,-1.6764,-0.4319,1,0, violin,0.0737
Isaac Newton,instrument,Isaac Newton played the,subject_last,3,6-20,jspace_restore_rest,0," violin, but he", violin,0,-6.3506,-6.582,-0.2314,-1.2445,-1.2479,-0.0034,1,0, violin,0.044
Isaac Newton,instrument,Isaac Newton played the,subject_last,3,6-20,name_lens,0," violin, but he", violin,0,-6.3506,-7.1732,-0.8226,-1.2445,-1.5907,-0.3462,1,0, violin,0.1011
Isaac Newton,famous_for,Isaac Newton is famous for,subject_last,3,9-13,jspace,0, his laws of motion, laws,1,-2.3856,-2.6182,-0.2325,-1.3328,-1.6102,-0.2774,2,1, work,0.0087
Isaac Newton,famous_for,Isaac Newton is famous for,subject_last,3,9-13,jspace_keep_name,0, his laws of motion, laws,1,-2.3856,-2.2289,0.1567,-1.3328,-1.189,0.1438,2,1, work,0.0079
Isaac Newton,famous_for,Isaac Newton is famous for,subject_last,3,9-13,jspace_restore_rest,0, his laws of motion, laws,1,-2.3856,-2.6171,-0.2314,-1.3328,-1.4694,-0.1366,2,1, work,0.0039
Isaac Newton,famous_for,Isaac Newton is famous for,subject_last,3,9-13,name_lens,0, his laws of motion, laws,1,-2.3856,-2.5811,-0.1955,-1.3328,-1.4301,-0.0973,2,1, work,0.0082
Isaac Newton,famous_for,Isaac Newton is famous for,subject_last,3,9-17,jspace,0, his laws of motion, laws,1,-2.3856,-2.7408,-0.3552,-1.3328,-1.6325,-0.2997,2,1, work,0.0138
Isaac Newton,famous_for,Isaac Newton is famous for,subject_last,3,9-17,jspace_keep_name,0, his laws of motion, laws,1,-2.3856,-2.4335,-0.0479,-1.3328,-1.3451,-0.0123,2,1, work,0.0139
Isaac Newton,famous_for,Isaac Newton is famous for,subject_last,3,9-17,jspace_restore_rest,0, his laws of motion, laws,1,-2.3856,-2.5686,-0.183,-1.3328,-1.3817,-0.0489,2,1, work,0.0076
Isaac Newton,famous_for,Isaac Newton is famous for,subject_last,3,9-17,name_lens,0, his laws of motion, laws,1,-2.3856,-2.6303,-0.2447,-1.3328,-1.4749,-0.1421,2,1, work,0.0085
Isaac Newton,famous_for,Isaac Newton is famous for,subject_last,3,6-20,jspace,0, his laws of motion, laws,1,-2.3856,-2.9928,-0.6072,-1.3328,-2.0406,-0.7078,2,1, work,0.0736
Isaac Newton,famous_for,Isaac Newton is famous for,subject_last,3,6-20,jspace_keep_name,0, his laws of motion, laws,1,-2.3856,-2.5031,-0.1175,-1.3328,-1.46,-0.1272,2,1, work,0.0424
Isaac Newton,famous_for,Isaac Newton is famous for,subject_last,3,6-20,jspace_restore_rest,0, his laws of motion, laws,1,-2.3856,-2.6975,-0.3119,-1.3328,-1.6122,-0.2794,2,1, work,0.0122
Isaac Newton,famous_for,Isaac Newton is famous for,subject_last,3,6-20,name_lens,0, his laws of motion, laws,1,-2.3856,-2.7524,-0.3668,-1.3328,-1.5833,-0.2505,2,1, work,0.0159
Isaac Newton,language,Isaac Newton spoke the language of,subject_last,3,9-13,jspace,0," the universe, and", universe,1,-5.3684,-5.8081,-0.4397,-1.208,-1.5303,-0.3223,1,0, universe,0.0164
Isaac Newton,language,Isaac Newton spoke the language of,subject_last,3,9-13,jspace_keep_name,0," the universe, and", universe,1,-5.3684,-5.5309,-0.1625,-1.208,-1.3194,-0.1114,1,0, universe,0.0079
Isaac Newton,language,Isaac Newton spoke the language of,subject_last,3,9-13,jspace_restore_rest,0," the universe, and", universe,1,-5.3684,-5.5179,-0.1496,-1.208,-1.3157,-0.1077,1,0, universe,0.0056
Isaac Newton,language,Isaac Newton spoke the language of,subject_last,3,9-13,name_lens,0," the universe, and", universe,1,-5.3684,-5.4212,-0.0529,-1.208,-1.2284,-0.0204,1,0, universe,0.0084
Isaac Newton,language,Isaac Newton spoke the language of,subject_last,3,9-17,jspace,0," the universe, and", universe,1,-5.3684,-5.7553,-0.387,-1.208,-1.4885,-0.2805,1,0, universe,0.0244
Isaac Newton,language,Isaac Newton spoke the language of,subject_last,3,9-17,jspace_keep_name,0," the universe, and", universe,1,-5.3684,-5.6339,-0.2655,-1.208,-1.4227,-0.2147,1,0, universe,0.0158
Isaac Newton,language,Isaac Newton spoke the language of,subject_last,3,9-17,jspace_restore_rest,0," the universe, and", universe,1,-5.3684,-5.5269,-0.1585,-1.208,-1.342,-0.134,1,0, universe,0.0062
Isaac Newton,language,Isaac Newton spoke the language of,subject_last,3,9-17,name_lens,0," the universe, and", universe,1,-5.3684,-5.5777,-0.2093,-1.208,-1.2754,-0.0674,1,0, universe,0.0102
Isaac Newton,language,Isaac Newton spoke the language of,subject_last,3,6-20,jspace,0," the universe, and", universe,1,-5.3684,-6.3637,-0.9954,-1.208,-2.0123,-0.8043,1,0, universe,0.0851
Isaac Newton,language,Isaac Newton spoke the language of,subject_last,3,6-20,jspace_keep_name,0," the universe, and", universe,1,-5.3684,-5.8669,-0.4986,-1.208,-1.5823,-0.3743,1,0, universe,0.0449
Isaac Newton,language,Isaac Newton spoke the language of,subject_last,3,6-20,jspace_restore_rest,0," the universe, and", universe,1,-5.3684,-5.6848,-0.3164,-1.208,-1.4114,-0.2034,1,0, universe,0.0185
Isaac Newton,language,Isaac Newton spoke the language of,subject_last,3,6-20,name_lens,0," the universe, and", universe,1,-5.3684,-5.8415,-0.4731,-1.208,-1.5064,-0.2984,1,0, universe,0.0241
Isaac Newton,spouse,Isaac Newton was married to,subject_last,3,9-13,jspace,0, a woman named Hannah, woman,1,-4.4168,-4.7706,-0.3538,-0.6302,-0.6827,-0.0525,1,0, woman,0.0849
Isaac Newton,spouse,Isaac Newton was married to,subject_last,3,9-13,jspace_keep_name,0, a woman named Hannah, woman,1,-4.4168,-4.6315,-0.2147,-0.6302,-0.6932,-0.063,1,0, woman,0.0545
Isaac Newton,spouse,Isaac Newton was married to,subject_last,3,9-13,jspace_restore_rest,0, a woman named Hannah, woman,1,-4.4168,-4.6692,-0.2523,-0.6302,-0.6176,0.0126,1,0, woman,0.0392
Isaac Newton,spouse,Isaac Newton was married to,subject_last,3,9-13,name_lens,0, a woman named Hannah, woman,1,-4.4168,-4.4703,-0.0535,-0.6302,-0.5988,0.0314,1,0, woman,0.0571
Isaac Newton,spouse,Isaac Newton was married to,subject_last,3,9-17,jspace,0, a woman named Hannah, woman,1,-4.4168,-5.603,-1.1862,-0.6302,-0.7191,-0.0889,1,0, woman,0.0984
Isaac Newton,spouse,Isaac Newton was married to,subject_last,3,9-17,jspace_keep_name,0, a woman named Hannah, woman,1,-4.4168,-5.2356,-0.8188,-0.6302,-0.736,-0.1059,1,0, woman,0.0885
Isaac Newton,spouse,Isaac Newton was married to,subject_last,3,9-17,jspace_restore_rest,0, a woman named Hannah, woman,1,-4.4168,-4.8784,-0.4616,-0.6302,-0.6152,0.0149,1,0, woman,0.0456
Isaac Newton,spouse,Isaac Newton was married to,subject_last,3,9-17,name_lens,0, a woman named Hannah, woman,1,-4.4168,-4.688,-0.2712,-0.6302,-0.5774,0.0527,1,0, woman,0.0683
Isaac Newton,spouse,Isaac Newton was married to,subject_last,3,6-20,jspace,0, a woman named Hannah, woman,1,-4.4168,-5.308,-0.8912,-0.6302,-0.5279,0.1022,1,0, woman,0.1659
Isaac Newton,spouse,Isaac Newton was married to,subject_last,3,6-20,jspace_keep_name,0, a woman named Hannah, woman,1,-4.4168,-5.165,-0.7481,-0.6302,-0.5487,0.0815,1,0, woman,0.1546
Isaac Newton,spouse,Isaac Newton was married to,subject_last,3,6-20,jspace_restore_rest,0, a woman named Hannah, woman,1,-4.4168,-4.7365,-0.3197,-0.6302,-0.5471,0.083,1,0, woman,0.0895
Isaac Newton,spouse,Isaac Newton was married to,subject_last,3,6-20,name_lens,0, a woman named Hannah, woman,1,-4.4168,-5.3467,-0.9299,-0.6302,-0.5517,0.0784,1,0, woman,0.1305
Isaac Newton,education,Isaac Newton studied at the University of,subject_last,3,9-13,jspace,0," Cambridge, where he", Cambridge,0,-2.6159,-2.9155,-0.2996,-0.1602,-0.3887,-0.2284,1,0, Cambridge,0.0887
Isaac Newton,education,Isaac Newton studied at the University of,subject_last,3,9-13,jspace_keep_name,0," Cambridge, where he", Cambridge,0,-2.6159,-2.8799,-0.264,-0.1602,-0.3048,-0.1446,1,0, Cambridge,0.0437
Isaac Newton,education,Isaac Newton studied at the University of,subject_last,3,9-13,jspace_restore_rest,0," Cambridge, where he", Cambridge,0,-2.6159,-2.649,-0.0331,-0.1602,-0.1909,-0.0307,1,0, Cambridge,0.0048
Isaac Newton,education,Isaac Newton studied at the University of,subject_last,3,9-13,name_lens,0," Cambridge, where he", Cambridge,0,-2.6159,-2.7584,-0.1425,-0.1602,-0.2056,-0.0454,1,0, Cambridge,0.0118
Isaac Newton,education,Isaac Newton studied at the University of,subject_last,3,9-17,jspace,0," Cambridge, where he", Cambridge,0,-2.6159,-3.0851,-0.4692,-0.1602,-0.529,-0.3688,1,0, Cambridge,0.1768
Isaac Newton,education,Isaac Newton studied at the University of,subject_last,3,9-17,jspace_keep_name,0," Cambridge, where he", Cambridge,0,-2.6159,-2.9607,-0.3448,-0.1602,-0.4429,-0.2827,1,0, Cambridge,0.1219
Isaac Newton,education,Isaac Newton studied at the University of,subject_last,3,9-17,jspace_restore_rest,0," Cambridge, where he", Cambridge,0,-2.6159,-2.6167,-0.0008,-0.1602,-0.1996,-0.0394,1,0, Cambridge,0.0073
Isaac Newton,education,Isaac Newton studied at the University of,subject_last,3,9-17,name_lens,0," Cambridge, where he", Cambridge,0,-2.6159,-2.7364,-0.1205,-0.1602,-0.2065,-0.0462,1,0, Cambridge,0.0129
Isaac Newton,education,Isaac Newton studied at the University of,subject_last,3,6-20,jspace,0," Cambridge, where he", Cambridge,0,-2.6159,-3.4639,-0.848,-0.1602,-0.7053,-0.5451,1,0, Cambridge,0.3081
Isaac Newton,education,Isaac Newton studied at the University of,subject_last,3,6-20,jspace_keep_name,0," Cambridge, where he", Cambridge,0,-2.6159,-2.8723,-0.2564,-0.1602,-0.5043,-0.344,1,0, Cambridge,0.1665
Isaac Newton,education,Isaac Newton studied at the University of,subject_last,3,6-20,jspace_restore_rest,0," Cambridge, where he", Cambridge,0,-2.6159,-2.8431,-0.2273,-0.1602,-0.2668,-0.1066,1,0, Cambridge,0.0356
Isaac Newton,education,Isaac Newton studied at the University of,subject_last,3,6-20,name_lens,0," Cambridge, where he", Cambridge,0,-2.6159,-2.9,-0.2841,-0.1602,-0.307,-0.1468,1,0, Cambridge,0.0514
Isaac Newton,citizenship,Isaac Newton was a citizen of,subject_last,3,9-13,jspace,0, the United Kingdom., United,1,-3.8462,-3.7981,0.0482,-0.9436,-0.873,0.0705,1,0, United,0.0493
Isaac Newton,citizenship,Isaac Newton was a citizen of,subject_last,3,9-13,jspace_keep_name,0, the United Kingdom., United,1,-3.8462,-3.9047,-0.0585,-0.9436,-0.9245,0.0191,1,0, United,0.0085
Isaac Newton,citizenship,Isaac Newton was a citizen of,subject_last,3,9-13,jspace_restore_rest,0, the United Kingdom., United,1,-3.8462,-3.9096,-0.0634,-0.9436,-0.956,-0.0124,1,0, United,0.0054
Isaac Newton,citizenship,Isaac Newton was a citizen of,subject_last,3,9-13,name_lens,0, the United Kingdom., United,1,-3.8462,-3.9088,-0.0626,-0.9436,-1.0201,-0.0765,1,0, United,0.0065
Isaac Newton,citizenship,Isaac Newton was a citizen of,subject_last,3,9-17,jspace,0, the United Kingdom., United,1,-3.8462,-3.8088,0.0375,-0.9436,-0.8749,0.0687,1,0, United,0.0722
Isaac Newton,citizenship,Isaac Newton was a citizen of,subject_last,3,9-17,jspace_keep_name,0, the United Kingdom., United,1,-3.8462,-3.8078,0.0384,-0.9436,-0.8376,0.106,1,0, United,0.045
Isaac Newton,citizenship,Isaac Newton was a citizen of,subject_last,3,9-17,jspace_restore_rest,0, the United Kingdom., United,1,-3.8462,-4.0155,-0.1693,-0.9436,-1.0487,-0.1052,1,0, United,0.0065
Isaac Newton,citizenship,Isaac Newton was a citizen of,subject_last,3,9-17,name_lens,0, the United Kingdom., United,1,-3.8462,-3.8988,-0.0525,-0.9436,-1.0371,-0.0935,1,0, United,0.0087
Isaac Newton,citizenship,Isaac Newton was a citizen of,subject_last,3,6-20,jspace,0, the United Kingdom., United,1,-3.8462,-3.733,0.1133,-0.9436,-0.5686,0.375,1,0, United,0.1
Isaac Newton,citizenship,Isaac Newton was a citizen of,subject_last,3,6-20,jspace_keep_name,0, the United Kingdom., United,1,-3.8462,-3.7048,0.1414,-0.9436,-0.7312,0.2124,1,0, United,0.1148
Isaac Newton,citizenship,Isaac Newton was a citizen of,subject_last,3,6-20,jspace_restore_rest,0, the United Kingdom., United,1,-3.8462,-3.6037,0.2425,-0.9436,-0.8495,0.0941,1,0, United,0.0278
Isaac Newton,citizenship,Isaac Newton was a citizen of,subject_last,3,6-20,name_lens,0, the United Kingdom., United,1,-3.8462,-3.7459,0.1003,-0.9436,-0.8498,0.0938,1,0, United,0.0298
Isaac Newton,copy_first_name,The first name of Isaac Newton is,subject_last,6,9-13,jspace,0, Isaac. The second, Isaac,0,-5.3917,-5.7098,-0.3181,-2.4905,-2.7292,-0.2387,2,1,?,0.031
Isaac Newton,copy_first_name,The first name of Isaac Newton is,subject_last,6,9-13,jspace_keep_name,0, Isaac. The second, Isaac,0,-5.3917,-5.4527,-0.061,-2.4905,-2.4816,0.0089,1,0, Isaac,0.0141
Isaac Newton,copy_first_name,The first name of Isaac Newton is,subject_last,6,9-13,jspace_restore_rest,0, Isaac. The second, Isaac,0,-5.3917,-5.6204,-0.2287,-2.4905,-2.6975,-0.207,2,1,?,0.0167
Isaac Newton,copy_first_name,The first name of Isaac Newton is,subject_last,6,9-13,name_lens,0, Isaac. The second, Isaac,0,-5.3917,-5.7023,-0.3106,-2.4905,-2.8754,-0.3849,2,1,?,0.029
Isaac Newton,copy_first_name,The first name of Isaac Newton is,subject_last,6,9-17,jspace,0, Isaac. The second, Isaac,0,-5.3917,-5.8632,-0.4715,-2.4905,-2.7251,-0.2347,2,1,?,0.0554
Isaac Newton,copy_first_name,The first name of Isaac Newton is,subject_last,6,9-17,jspace_keep_name,0, Isaac. The second, Isaac,0,-5.3917,-5.3863,0.0054,-2.4905,-2.5554,-0.0649,1,0, Isaac,0.0614
Isaac Newton,copy_first_name,The first name of Isaac Newton is,subject_last,6,9-17,jspace_restore_rest,0, Isaac. The second, Isaac,0,-5.3917,-5.9735,-0.5818,-2.4905,-2.9961,-0.5056,3,1,?,0.0291
Isaac Newton,copy_first_name,The first name of Isaac Newton is,subject_last,6,9-17,name_lens,0, Isaac. The second, Isaac,0,-5.3917,-5.6953,-0.3036,-2.4905,-2.879,-0.3885,2,1,?,0.0315
Isaac Newton,copy_first_name,The first name of Isaac Newton is,subject_last,6,6-20,jspace,0, Isaac. The second, Isaac,0,-5.3917,-7.9933,-2.6016,-2.4905,-4.6778,-2.1873,22,1,:,0.2933
Isaac Newton,copy_first_name,The first name of Isaac Newton is,subject_last,6,6-20,jspace_keep_name,0, Isaac. The second, Isaac,0,-5.3917,-4.918,0.4737,-2.4905,-2.1794,0.3111,1,0, Isaac,0.1086
Isaac Newton,copy_first_name,The first name of Isaac Newton is,subject_last,6,6-20,jspace_restore_rest,0, Isaac. The second, Isaac,0,-5.3917,-5.8068,-0.4151,-2.4905,-2.8936,-0.4031,3,1,:,0.042
Isaac Newton,copy_first_name,The first name of Isaac Newton is,subject_last,6,6-20,name_lens,0, Isaac. The second, Isaac,0,-5.3917,-6.2103,-0.8186,-2.4905,-3.2148,-0.7243,4,1,?,0.0749
Isaac Newton,copy_last_name,The last name of Isaac Newton is,subject_last,6,9-13,jspace,0, not Newton. The, not,0,-8.3497,-11.2214,-2.8717,-2.5276,-2.2384,0.2893,1,0, not,0.1161
Isaac Newton,copy_last_name,The last name of Isaac Newton is,subject_last,6,9-13,jspace_keep_name,0, not Newton. The, not,0,-8.3497,-9.1368,-0.7871,-2.5276,-2.5851,-0.0574,1,0, not,0.021
Isaac Newton,copy_last_name,The last name of Isaac Newton is,subject_last,6,9-13,jspace_restore_rest,0, not Newton. The, not,0,-8.3497,-9.1808,-0.8311,-2.5276,-2.5228,0.0048,1,0, not,0.0137
Isaac Newton,copy_last_name,The last name of Isaac Newton is,subject_last,6,9-13,name_lens,0, not Newton. The, not,0,-8.3497,-9.9174,-1.5677,-2.5276,-2.4587,0.0689,1,0, not,0.0407
Isaac Newton,copy_last_name,The last name of Isaac Newton is,subject_last,6,9-17,jspace,0, not Newton. The, not,0,-8.3497,-11.5744,-3.2247,-2.5276,-2.3428,0.1848,1,0, not,0.1097
Isaac Newton,copy_last_name,The last name of Isaac Newton is,subject_last,6,9-17,jspace_keep_name,0, not Newton. The, not,0,-8.3497,-11.4773,-3.1276,-2.5276,-2.7576,-0.2299,2,1, what,0.0998
Isaac Newton,copy_last_name,The last name of Isaac Newton is,subject_last,6,9-17,jspace_restore_rest,0, not Newton. The, not,0,-8.3497,-9.2754,-0.9257,-2.5276,-2.5286,-0.0009,1,0, not,0.0273
Isaac Newton,copy_last_name,The last name of Isaac Newton is,subject_last,6,9-17,name_lens,0, not Newton. The, not,0,-8.3497,-10.2056,-1.8559,-2.5276,-2.4539,0.0737,1,0, not,0.0492
Isaac Newton,copy_last_name,The last name of Isaac Newton is,subject_last,6,6-20,jspace,0, not Newton. The, not,0,-8.3497,-15.9126,-7.5629,-2.5276,-4.7128,-2.1852,14,1," """,1.3552
Isaac Newton,copy_last_name,The last name of Isaac Newton is,subject_last,6,6-20,jspace_keep_name,0, not Newton. The, not,0,-8.3497,-12.7788,-4.4291,-2.5276,-2.3713,0.1564,1,0, not,0.3536
Isaac Newton,copy_last_name,The last name of Isaac Newton is,subject_last,6,6-20,jspace_restore_rest,0, not Newton. The, not,0,-8.3497,-10.9463,-2.5966,-2.5276,-2.76,-0.2324,1,0, not,0.0941
Isaac Newton,copy_last_name,The last name of Isaac Newton is,subject_last,6,6-20,name_lens,0, not Newton. The, not,0,-8.3497,-12.4496,-4.0999,-2.5276,-2.502,0.0257,1,0, not,0.153
Charles Darwin,birth_city,Charles Darwin was born in the city of,subject_last,2,9-13,jspace,0," Shrewsbury,", Sh,0,-2.5027,-6.7528,-4.2502,-1.3316,-5.4592,-4.1276,28,1, London,1.1039
Charles Darwin,birth_city,Charles Darwin was born in the city of,subject_last,2,9-13,jspace_keep_name,0," Shrewsbury,", Sh,0,-2.5027,-4.6681,-2.1654,-1.3316,-3.4616,-2.13,3,1, London,0.4933
Charles Darwin,birth_city,Charles Darwin was born in the city of,subject_last,2,9-13,jspace_restore_rest,0," Shrewsbury,", Sh,0,-2.5027,-3.1931,-0.6904,-1.3316,-1.9725,-0.6409,2,1, London,0.1378
Charles Darwin,birth_city,Charles Darwin was born in the city of,subject_last,2,9-13,name_lens,0," Shrewsbury,", Sh,0,-2.5027,-4.6194,-2.1167,-1.3316,-3.3745,-2.0429,2,1, London,0.5391
Charles Darwin,birth_city,Charles Darwin was born in the city of,subject_last,2,9-17,jspace,0," Shrewsbury,", Sh,0,-2.5027,-6.3648,-3.8622,-1.3316,-5.1444,-3.8128,23,1, London,1.0378
Charles Darwin,birth_city,Charles Darwin was born in the city of,subject_last,2,9-17,jspace_keep_name,0," Shrewsbury,", Sh,0,-2.5027,-5.3561,-2.8535,-1.3316,-4.2289,-2.8973,9,1, London,0.7507
Charles Darwin,birth_city,Charles Darwin was born in the city of,subject_last,2,9-17,jspace_restore_rest,0," Shrewsbury,", Sh,0,-2.5027,-5.7181,-3.2155,-1.3316,-4.4733,-3.1417,9,1, London,0.858
Charles Darwin,birth_city,Charles Darwin was born in the city of,subject_last,2,9-17,name_lens,0," Shrewsbury,", Sh,0,-2.5027,-5.9193,-3.4166,-1.3316,-4.6553,-3.3237,12,1, London,0.9151
Charles Darwin,birth_city,Charles Darwin was born in the city of,subject_last,2,6-20,jspace,0," Shrewsbury,", Sh,0,-2.5027,-7.5522,-5.0495,-1.3316,-6.1161,-4.7845,61,1, \,1.7612
Charles Darwin,birth_city,Charles Darwin was born in the city of,subject_last,2,6-20,jspace_keep_name,0," Shrewsbury,", Sh,0,-2.5027,-6.4898,-3.9871,-1.3316,-5.1959,-3.8643,27,1, London,1.3458
Charles Darwin,birth_city,Charles Darwin was born in the city of,subject_last,2,6-20,jspace_restore_rest,0," Shrewsbury,", Sh,0,-2.5027,-4.4996,-1.997,-1.3316,-3.2296,-1.898,2,1, London,0.4913
Charles Darwin,birth_city,Charles Darwin was born in the city of,subject_last,2,6-20,name_lens,0," Shrewsbury,", Sh,0,-2.5027,-7.6301,-5.1274,-1.3316,-6.2551,-4.9235,60,1, London,1.4601
Charles Darwin,birth_year,Charles Darwin was born in the year,subject_last,2,9-13,jspace,0, 1809.,180,1,-2.1599,-2.8011,-0.6412,-0.5135,-0.9716,-0.4582,1,0,180,0.0091
Charles Darwin,birth_year,Charles Darwin was born in the year,subject_last,2,9-13,jspace_keep_name,0, 1809.,180,1,-2.1599,-2.3135,-0.1535,-0.5135,-0.5209,-0.0075,1,0,180,0.0081
Charles Darwin,birth_year,Charles Darwin was born in the year,subject_last,2,9-13,jspace_restore_rest,0, 1809.,180,1,-2.1599,-2.5518,-0.3919,-0.5135,-0.892,-0.3786,1,0,180,0.0046
Charles Darwin,birth_year,Charles Darwin was born in the year,subject_last,2,9-13,name_lens,0, 1809.,180,1,-2.1599,-2.7368,-0.5769,-0.5135,-1.0804,-0.5669,1,0,180,0.0051
Charles Darwin,birth_year,Charles Darwin was born in the year,subject_last,2,9-17,jspace,0, 1809.,180,1,-2.1599,-3.3711,-1.2112,-0.5135,-1.4122,-0.8988,2,1,179,0.0122
Charles Darwin,birth_year,Charles Darwin was born in the year,subject_last,2,9-17,jspace_keep_name,0, 1809.,180,1,-2.1599,-2.9178,-0.7579,-0.5135,-0.8974,-0.3839,1,0,180,0.0144
Charles Darwin,birth_year,Charles Darwin was born in the year,subject_last,2,9-17,jspace_restore_rest,0, 1809.,180,1,-2.1599,-2.8421,-0.6821,-0.5135,-1.1397,-0.6262,1,0,180,0.0069
Charles Darwin,birth_year,Charles Darwin was born in the year,subject_last,2,9-17,name_lens,0, 1809.,180,1,-2.1599,-2.9867,-0.8267,-0.5135,-1.312,-0.7985,1,0,180,0.0055
Charles Darwin,birth_year,Charles Darwin was born in the year,subject_last,2,6-20,jspace,0, 1809.,180,1,-2.1599,-4.99,-2.8301,-0.5135,-2.5262,-2.0127,4,1,179,0.0294
Charles Darwin,birth_year,Charles Darwin was born in the year,subject_last,2,6-20,jspace_keep_name,0, 1809.,180,1,-2.1599,-5.2249,-3.065,-0.5135,-1.7793,-1.2658,1,0,180,0.0469
Charles Darwin,birth_year,Charles Darwin was born in the year,subject_last,2,6-20,jspace_restore_rest,0, 1809.,180,1,-2.1599,-2.7273,-0.5673,-0.5135,-1.0724,-0.5589,1,0,180,0.0179
Charles Darwin,birth_year,Charles Darwin was born in the year,subject_last,2,6-20,name_lens,0, 1809.,180,1,-2.1599,-3.6931,-1.5332,-0.5135,-1.9798,-1.4663,3,1,179,0.0057
Charles Darwin,birth_country,Charles Darwin was born in the country of,subject_last,2,9-13,jspace,0, England in the year, England,0,-3.1583,-3.001,0.1574,-0.869,-0.7083,0.1607,1,0, England,0.0486
Charles Darwin,birth_country,Charles Darwin was born in the country of,subject_last,2,9-13,jspace_keep_name,0, England in the year, England,0,-3.1583,-3.0333,0.125,-0.869,-0.7624,0.1066,1,0, England,0.0348
Charles Darwin,birth_country,Charles Darwin was born in the country of,subject_last,2,9-13,jspace_restore_rest,0, England in the year, England,0,-3.1583,-3.0216,0.1367,-0.869,-0.714,0.155,1,0, England,0.0256
Charles Darwin,birth_country,Charles Darwin was born in the country of,subject_last,2,9-13,name_lens,0, England in the year, England,0,-3.1583,-2.9354,0.2229,-0.869,-0.6259,0.2431,1,0, England,0.0626
Charles Darwin,birth_country,Charles Darwin was born in the country of,subject_last,2,9-17,jspace,0, England in the year, England,0,-3.1583,-3.2114,-0.0531,-0.869,-0.9795,-0.1104,1,0, England,0.0627
Charles Darwin,birth_country,Charles Darwin was born in the country of,subject_last,2,9-17,jspace_keep_name,0, England in the year, England,0,-3.1583,-3.2479,-0.0896,-0.869,-0.9465,-0.0775,1,0, England,0.0585
Charles Darwin,birth_country,Charles Darwin was born in the country of,subject_last,2,9-17,jspace_restore_rest,0, England in the year, England,0,-3.1583,-2.8841,0.2743,-0.869,-0.635,0.234,1,0, England,0.0673
Charles Darwin,birth_country,Charles Darwin was born in the country of,subject_last,2,9-17,name_lens,0, England in the year, England,0,-3.1583,-2.9189,0.2395,-0.869,-0.6656,0.2034,1,0, England,0.0617
Charles Darwin,birth_country,Charles Darwin was born in the country of,subject_last,2,6-20,jspace,0, England in the year, England,0,-3.1583,-3.5917,-0.4334,-0.869,-1.1257,-0.2567,1,0, England,0.1661
Charles Darwin,birth_country,Charles Darwin was born in the country of,subject_last,2,6-20,jspace_keep_name,0, England in the year, England,0,-3.1583,-3.7053,-0.547,-0.869,-1.3113,-0.4423,1,0, England,0.237
Charles Darwin,birth_country,Charles Darwin was born in the country of,subject_last,2,6-20,jspace_restore_rest,0, England in the year, England,0,-3.1583,-2.7739,0.3844,-0.869,-0.526,0.343,1,0, England,0.0961
Charles Darwin,birth_country,Charles Darwin was born in the country of,subject_last,2,6-20,name_lens,0, England in the year, England,0,-3.1583,-2.8071,0.3513,-0.869,-0.5102,0.3588,1,0, England,0.1484
Charles Darwin,death_year,Charles Darwin died in the year,subject_last,2,9-13,jspace,0, 1882.,188,1,-2.9111,-4.2144,-1.3033,-0.7171,-0.4634,0.2537,1,0,188,0.0027
Charles Darwin,death_year,Charles Darwin died in the year,subject_last,2,9-13,jspace_keep_name,0, 1882.,188,1,-2.9111,-3.8359,-0.9247,-0.7171,-0.5508,0.1663,1,0,188,0.0013
Charles Darwin,death_year,Charles Darwin died in the year,subject_last,2,9-13,jspace_restore_rest,0, 1882.,188,1,-2.9111,-3.5768,-0.6657,-0.7171,-0.8686,-0.1515,1,0,188,0.0009
Charles Darwin,death_year,Charles Darwin died in the year,subject_last,2,9-13,name_lens,0, 1882.,188,1,-2.9111,-4.4018,-1.4907,-0.7171,-0.8473,-0.1302,1,0,188,0.0016
Charles Darwin,death_year,Charles Darwin died in the year,subject_last,2,9-17,jspace,0, 1882.,188,1,-2.9111,-5.3759,-2.4648,-0.7171,-0.8656,-0.1486,1,0,188,0.0043
Charles Darwin,death_year,Charles Darwin died in the year,subject_last,2,9-17,jspace_keep_name,0, 1882.,188,1,-2.9111,-5.3575,-2.4463,-0.7171,-0.8559,-0.1388,1,0,188,0.0027
Charles Darwin,death_year,Charles Darwin died in the year,subject_last,2,9-17,jspace_restore_rest,0, 1882.,188,1,-2.9111,-5.041,-2.1299,-0.7171,-1.0586,-0.3416,1,0,188,0.002
Charles Darwin,death_year,Charles Darwin died in the year,subject_last,2,9-17,name_lens,0, 1882.,188,1,-2.9111,-5.0752,-2.164,-0.7171,-0.9933,-0.2762,1,0,188,0.0023
Charles Darwin,death_year,Charles Darwin died in the year,subject_last,2,6-20,jspace,0, 1882.,188,1,-2.9111,-6.8324,-3.9213,-0.7171,-1.4625,-0.7454,1,0,188,0.0392
Charles Darwin,death_year,Charles Darwin died in the year,subject_last,2,6-20,jspace_keep_name,0, 1882.,188,1,-2.9111,-6.101,-3.1899,-0.7171,-1.7283,-1.0112,1,0,188,0.0481
Charles Darwin,death_year,Charles Darwin died in the year,subject_last,2,6-20,jspace_restore_rest,0, 1882.,188,1,-2.9111,-4.7594,-1.8483,-0.7171,-0.885,-0.1679,1,0,188,0.0057
Charles Darwin,death_year,Charles Darwin died in the year,subject_last,2,6-20,name_lens,0, 1882.,188,1,-2.9111,-6.3465,-3.4354,-0.7171,-1.4195,-0.7024,2,1,187,0.0098
Charles Darwin,occupation,Charles Darwin worked as a,subject_last,2,9-13,jspace,0, naturalist on the, natural,0,-5.339,-5.84,-0.501,-2.5039,-2.9473,-0.4433,1,0, natural,0.0895
Charles Darwin,occupation,Charles Darwin worked as a,subject_last,2,9-13,jspace_keep_name,0, naturalist on the, natural,0,-5.339,-5.5945,-0.2554,-2.5039,-2.9125,-0.4086,1,0, natural,0.0779
Charles Darwin,occupation,Charles Darwin worked as a,subject_last,2,9-13,jspace_restore_rest,0, naturalist on the, natural,0,-5.339,-5.5918,-0.2527,-2.5039,-2.6603,-0.1563,1,0, natural,0.017
Charles Darwin,occupation,Charles Darwin worked as a,subject_last,2,9-13,name_lens,0, naturalist on the, natural,0,-5.339,-5.9783,-0.6392,-2.5039,-2.9178,-0.4139,1,0, natural,0.0438
Charles Darwin,occupation,Charles Darwin worked as a,subject_last,2,9-17,jspace,0, naturalist on the, natural,0,-5.339,-5.9129,-0.5739,-2.5039,-3.0852,-0.5813,2,1, teacher,0.1005
Charles Darwin,occupation,Charles Darwin worked as a,subject_last,2,9-17,jspace_keep_name,0, naturalist on the, natural,0,-5.339,-5.1817,0.1574,-2.5039,-2.5854,-0.0815,1,0, natural,0.082
Charles Darwin,occupation,Charles Darwin worked as a,subject_last,2,9-17,jspace_restore_rest,0, naturalist on the, natural,0,-5.339,-6.0698,-0.7308,-2.5039,-3.0331,-0.5291,1,0, natural,0.0584
Charles Darwin,occupation,Charles Darwin worked as a,subject_last,2,9-17,name_lens,0, naturalist on the, natural,0,-5.339,-6.2446,-0.9055,-2.5039,-3.1361,-0.6322,2,1, teacher,0.066
Charles Darwin,occupation,Charles Darwin worked as a,subject_last,2,6-20,jspace,0, naturalist on the, natural,0,-5.339,-6.1787,-0.8397,-2.5039,-2.8109,-0.307,1,0, natural,0.393
Charles Darwin,occupation,Charles Darwin worked as a,subject_last,2,6-20,jspace_keep_name,0, naturalist on the, natural,0,-5.339,-6.3474,-1.0084,-2.5039,-3.9279,-1.424,5,1, ,0.4682
Charles Darwin,occupation,Charles Darwin worked as a,subject_last,2,6-20,jspace_restore_rest,0, naturalist on the, natural,0,-5.339,-6.3865,-1.0475,-2.5039,-3.0955,-0.5916,2,1, teacher,0.0546
Charles Darwin,occupation,Charles Darwin worked as a,subject_last,2,6-20,name_lens,0, naturalist on the, natural,0,-5.339,-7.3086,-1.9695,-2.5039,-3.4962,-0.9923,2,1, teacher,0.1012
Charles Darwin,profession_of,The profession of Charles Darwin was,subject_last,5,9-13,jspace,0, a naturalist., natural,1,-5.3298,-5.5714,-0.2416,-2.0729,-2.3827,-0.3097,2,1, ______,0.0212
Charles Darwin,profession_of,The profession of Charles Darwin was,subject_last,5,9-13,jspace_keep_name,0, a naturalist., natural,1,-5.3298,-5.5371,-0.2073,-2.0729,-2.3484,-0.2755,2,1, ______,0.0074
Charles Darwin,profession_of,The profession of Charles Darwin was,subject_last,5,9-13,jspace_restore_rest,0, a naturalist., natural,1,-5.3298,-5.4362,-0.1064,-2.0729,-2.0744,-0.0015,1,0, natural,0.0055
Charles Darwin,profession_of,The profession of Charles Darwin was,subject_last,5,9-13,name_lens,0, a naturalist., natural,1,-5.3298,-5.3962,-0.0664,-2.0729,-2.0507,0.0222,1,0, natural,0.0092
Charles Darwin,profession_of,The profession of Charles Darwin was,subject_last,5,9-17,jspace,0, a naturalist., natural,1,-5.3298,-5.8129,-0.4831,-2.0729,-2.5467,-0.4737,2,1, ______,0.0253
Charles Darwin,profession_of,The profession of Charles Darwin was,subject_last,5,9-17,jspace_keep_name,0, a naturalist., natural,1,-5.3298,-5.2749,0.0549,-2.0729,-2.1804,-0.1075,1,0, natural,0.0196
Charles Darwin,profession_of,The profession of Charles Darwin was,subject_last,5,9-17,jspace_restore_rest,0, a naturalist., natural,1,-5.3298,-5.4375,-0.1077,-2.0729,-2.1175,-0.0446,1,0, natural,0.0066
Charles Darwin,profession_of,The profession of Charles Darwin was,subject_last,5,9-17,name_lens,0, a naturalist., natural,1,-5.3298,-5.467,-0.1372,-2.0729,-2.0985,-0.0256,1,0, natural,0.0118
Charles Darwin,profession_of,The profession of Charles Darwin was,subject_last,5,6-20,jspace,0, a naturalist., natural,1,-5.3298,-5.8194,-0.4897,-2.0729,-2.5253,-0.4524,1,0, natural,0.2882
Charles Darwin,profession_of,The profession of Charles Darwin was,subject_last,5,6-20,jspace_keep_name,0, a naturalist., natural,1,-5.3298,-5.5569,-0.2271,-2.0729,-2.5538,-0.4809,1,0, natural,0.2042
Charles Darwin,profession_of,The profession of Charles Darwin was,subject_last,5,6-20,jspace_restore_rest,0, a naturalist., natural,1,-5.3298,-5.3029,0.0269,-2.0729,-1.8818,0.1911,1,0, natural,0.0132
Charles Darwin,profession_of,The profession of Charles Darwin was,subject_last,5,6-20,name_lens,0, a naturalist., natural,1,-5.3298,-5.5439,-0.2141,-2.0729,-2.1655,-0.0925,1,0, natural,0.0281
Charles Darwin,instrument,Charles Darwin played the,subject_last,2,9-13,jspace,0, role of a scientist, role,0,-4.8947,-5.2027,-0.308,-1.138,-1.1265,0.0115,1,0, role,0.0099
Charles Darwin,instrument,Charles Darwin played the,subject_last,2,9-13,jspace_keep_name,0, role of a scientist, role,0,-4.8947,-5.0717,-0.177,-1.138,-1.1631,-0.0252,1,0, role,0.0082
Charles Darwin,instrument,Charles Darwin played the,subject_last,2,9-13,jspace_restore_rest,0, role of a scientist, role,0,-4.8947,-4.8697,0.025,-1.138,-1.1258,0.0122,1,0, role,0.0026
Charles Darwin,instrument,Charles Darwin played the,subject_last,2,9-13,name_lens,0, role of a scientist, role,0,-4.8947,-4.8859,0.0088,-1.138,-1.0699,0.0681,1,0, role,0.0074
Charles Darwin,instrument,Charles Darwin played the,subject_last,2,9-17,jspace,0, role of a scientist, role,0,-4.8947,-5.1397,-0.245,-1.138,-1.0984,0.0395,1,0, role,0.0169
Charles Darwin,instrument,Charles Darwin played the,subject_last,2,9-17,jspace_keep_name,0, role of a scientist, role,0,-4.8947,-5.0401,-0.1454,-1.138,-1.1081,0.0298,1,0, role,0.013
Charles Darwin,instrument,Charles Darwin played the,subject_last,2,9-17,jspace_restore_rest,0, role of a scientist, role,0,-4.8947,-4.9011,-0.0064,-1.138,-1.1101,0.0278,1,0, role,0.0079
Charles Darwin,instrument,Charles Darwin played the,subject_last,2,9-17,name_lens,0, role of a scientist, role,0,-4.8947,-4.9247,-0.03,-1.138,-1.0885,0.0494,1,0, role,0.0154
Charles Darwin,instrument,Charles Darwin played the,subject_last,2,6-20,jspace,0, role of a scientist, role,0,-4.8947,-5.6331,-0.7384,-1.138,-1.5067,-0.3687,2,1, piano,0.1707
Charles Darwin,instrument,Charles Darwin played the,subject_last,2,6-20,jspace_keep_name,0, role of a scientist, role,0,-4.8947,-5.7859,-0.8912,-1.138,-1.175,-0.037,1,0, role,0.0704
Charles Darwin,instrument,Charles Darwin played the,subject_last,2,6-20,jspace_restore_rest,0, role of a scientist, role,0,-4.8947,-4.9002,-0.0055,-1.138,-1.1016,0.0364,1,0, role,0.0162
Charles Darwin,instrument,Charles Darwin played the,subject_last,2,6-20,name_lens,0, role of a scientist, role,0,-4.8947,-5.0945,-0.1998,-1.138,-1.161,-0.023,1,0, role,0.0222
Charles Darwin,famous_for,Charles Darwin is famous for,subject_last,2,9-13,jspace,0, his theory of evolution, theory,1,-3.0743,-3.0563,0.018,-0.9991,-0.9675,0.0316,1,0, theory,0.0261
Charles Darwin,famous_for,Charles Darwin is famous for,subject_last,2,9-13,jspace_keep_name,0, his theory of evolution, theory,1,-3.0743,-2.9208,0.1535,-0.9991,-0.8867,0.1124,1,0, theory,0.003
Charles Darwin,famous_for,Charles Darwin is famous for,subject_last,2,9-13,jspace_restore_rest,0, his theory of evolution, theory,1,-3.0743,-3.1469,-0.0726,-0.9991,-0.9408,0.0583,1,0, theory,0.0097
Charles Darwin,famous_for,Charles Darwin is famous for,subject_last,2,9-13,name_lens,0, his theory of evolution, theory,1,-3.0743,-3.072,0.0023,-0.9991,-0.9259,0.0732,1,0, theory,0.0121
Charles Darwin,famous_for,Charles Darwin is famous for,subject_last,2,9-17,jspace,0, his theory of evolution, theory,1,-3.0743,-3.1368,-0.0625,-0.9991,-1.0591,-0.06,1,0, theory,0.0195
Charles Darwin,famous_for,Charles Darwin is famous for,subject_last,2,9-17,jspace_keep_name,0, his theory of evolution, theory,1,-3.0743,-3.1539,-0.0796,-0.9991,-1.0773,-0.0782,1,0, theory,0.004
Charles Darwin,famous_for,Charles Darwin is famous for,subject_last,2,9-17,jspace_restore_rest,0, his theory of evolution, theory,1,-3.0743,-3.1503,-0.076,-0.9991,-0.9338,0.0653,1,0, theory,0.0132
Charles Darwin,famous_for,Charles Darwin is famous for,subject_last,2,9-17,name_lens,0, his theory of evolution, theory,1,-3.0743,-3.1034,-0.0291,-0.9991,-0.9315,0.0676,1,0, theory,0.0138
Charles Darwin,famous_for,Charles Darwin is famous for,subject_last,2,6-20,jspace,0, his theory of evolution, theory,1,-3.0743,-3.4952,-0.4209,-0.9991,-1.1101,-0.111,1,0, theory,0.0444
Charles Darwin,famous_for,Charles Darwin is famous for,subject_last,2,6-20,jspace_keep_name,0, his theory of evolution, theory,1,-3.0743,-4.0865,-1.0122,-0.9991,-1.531,-0.5319,1,0, theory,0.0565
Charles Darwin,famous_for,Charles Darwin is famous for,subject_last,2,6-20,jspace_restore_rest,0, his theory of evolution, theory,1,-3.0743,-2.9075,0.1668,-0.9991,-0.8941,0.105,1,0, theory,0.0199
Charles Darwin,famous_for,Charles Darwin is famous for,subject_last,2,6-20,name_lens,0, his theory of evolution, theory,1,-3.0743,-3.0565,0.0178,-0.9991,-0.9828,0.0163,1,0, theory,0.0296
Charles Darwin,language,Charles Darwin spoke the language of,subject_last,2,9-13,jspace,0," the people, and", people,1,-8.0921,-7.9618,0.1303,-3.149,-2.9659,0.183,1,0, people,0.0183
Charles Darwin,language,Charles Darwin spoke the language of,subject_last,2,9-13,jspace_keep_name,0," the people, and", people,1,-8.0921,-7.8848,0.2074,-3.149,-2.8984,0.2506,1,0, people,0.0158
Charles Darwin,language,Charles Darwin spoke the language of,subject_last,2,9-13,jspace_restore_rest,0," the people, and", people,1,-8.0921,-7.9386,0.1535,-3.149,-2.9983,0.1506,1,0, people,0.0119
Charles Darwin,language,Charles Darwin spoke the language of,subject_last,2,9-13,name_lens,0," the people, and", people,1,-8.0921,-7.9346,0.1575,-3.149,-2.9808,0.1682,1,0, people,0.0136
Charles Darwin,language,Charles Darwin spoke the language of,subject_last,2,9-17,jspace,0," the people, and", people,1,-8.0921,-7.8588,0.2333,-3.149,-2.9146,0.2344,1,0, people,0.019
Charles Darwin,language,Charles Darwin spoke the language of,subject_last,2,9-17,jspace_keep_name,0," the people, and", people,1,-8.0921,-7.7873,0.3048,-3.149,-2.8109,0.3381,1,0, people,0.021
Charles Darwin,language,Charles Darwin spoke the language of,subject_last,2,9-17,jspace_restore_rest,0," the people, and", people,1,-8.0921,-7.8645,0.2276,-3.149,-2.9705,0.1785,1,0, people,0.0099
Charles Darwin,language,Charles Darwin spoke the language of,subject_last,2,9-17,name_lens,0," the people, and", people,1,-8.0921,-7.9837,0.1084,-3.149,-2.9812,0.1677,1,0, people,0.0106
Charles Darwin,language,Charles Darwin spoke the language of,subject_last,2,6-20,jspace,0," the people, and", people,1,-8.0921,-7.3272,0.7649,-3.149,-2.3322,0.8167,1,0, people,0.0749
Charles Darwin,language,Charles Darwin spoke the language of,subject_last,2,6-20,jspace_keep_name,0," the people, and", people,1,-8.0921,-8.0231,0.069,-3.149,-3.1181,0.0309,1,0, people,0.0905
Charles Darwin,language,Charles Darwin spoke the language of,subject_last,2,6-20,jspace_restore_rest,0," the people, and", people,1,-8.0921,-7.6475,0.4446,-3.149,-2.7741,0.3749,1,0, people,0.0085
Charles Darwin,language,Charles Darwin spoke the language of,subject_last,2,6-20,name_lens,0," the people, and", people,1,-8.0921,-7.7622,0.3299,-3.149,-2.7777,0.3712,1,0, people,0.0166
Charles Darwin,spouse,Charles Darwin was married to,subject_last,2,9-13,jspace,0, a woman named Emma, woman,1,-3.8846,-4.725,-0.8404,-0.511,-0.5793,-0.0683,1,0, woman,0.1585
Charles Darwin,spouse,Charles Darwin was married to,subject_last,2,9-13,jspace_keep_name,0, a woman named Emma, woman,1,-3.8846,-5.398,-1.5134,-0.511,-0.5507,-0.0397,1,0, woman,0.1868
Charles Darwin,spouse,Charles Darwin was married to,subject_last,2,9-13,jspace_restore_rest,0, a woman named Emma, woman,1,-3.8846,-4.0328,-0.1482,-0.511,-0.508,0.003,1,0, woman,0.0433
Charles Darwin,spouse,Charles Darwin was married to,subject_last,2,9-13,name_lens,0, a woman named Emma, woman,1,-3.8846,-4.3767,-0.4922,-0.511,-0.5482,-0.0372,1,0, woman,0.0899
Charles Darwin,spouse,Charles Darwin was married to,subject_last,2,9-17,jspace,0, a woman named Emma, woman,1,-3.8846,-4.5274,-0.6428,-0.511,-0.5666,-0.0556,1,0, woman,0.1981
Charles Darwin,spouse,Charles Darwin was married to,subject_last,2,9-17,jspace_keep_name,0, a woman named Emma, woman,1,-3.8846,-5.3012,-1.4166,-0.511,-0.5878,-0.0768,1,0, woman,0.2
Charles Darwin,spouse,Charles Darwin was married to,subject_last,2,9-17,jspace_restore_rest,0, a woman named Emma, woman,1,-3.8846,-4.454,-0.5695,-0.511,-0.5172,-0.0062,1,0, woman,0.1265
Charles Darwin,spouse,Charles Darwin was married to,subject_last,2,9-17,name_lens,0, a woman named Emma, woman,1,-3.8846,-4.4795,-0.5949,-0.511,-0.5362,-0.0252,1,0, woman,0.129
Charles Darwin,spouse,Charles Darwin was married to,subject_last,2,6-20,jspace,0, a woman named Emma, woman,1,-3.8846,-6.3029,-2.4184,-0.511,-0.6096,-0.0986,1,0, woman,0.605
Charles Darwin,spouse,Charles Darwin was married to,subject_last,2,6-20,jspace_keep_name,0, a woman named Emma, woman,1,-3.8846,-6.5675,-2.683,-0.511,-1.0452,-0.5342,1,0, woman,0.586
Charles Darwin,spouse,Charles Darwin was married to,subject_last,2,6-20,jspace_restore_rest,0, a woman named Emma, woman,1,-3.8846,-4.4924,-0.6079,-0.511,-0.5188,-0.0078,1,0, woman,0.1183
Charles Darwin,spouse,Charles Darwin was married to,subject_last,2,6-20,name_lens,0, a woman named Emma, woman,1,-3.8846,-4.7196,-0.8351,-0.511,-0.4864,0.0246,1,0, woman,0.2681
Charles Darwin,education,Charles Darwin studied at the University of,subject_last,2,9-13,jspace,0," Cambridge, where he", Cambridge,0,-3.6346,-3.519,0.1155,-1.0147,-0.9672,0.0476,1,0, Cambridge,0.1561
Charles Darwin,education,Charles Darwin studied at the University of,subject_last,2,9-13,jspace_keep_name,0," Cambridge, where he", Cambridge,0,-3.6346,-3.7747,-0.1401,-1.0147,-1.0998,-0.0851,1,0, Cambridge,0.0741
Charles Darwin,education,Charles Darwin studied at the University of,subject_last,2,9-13,jspace_restore_rest,0," Cambridge, where he", Cambridge,0,-3.6346,-3.7498,-0.1152,-1.0147,-1.1319,-0.1172,1,0, Cambridge,0.0226
Charles Darwin,education,Charles Darwin studied at the University of,subject_last,2,9-13,name_lens,0," Cambridge, where he", Cambridge,0,-3.6346,-3.8757,-0.2411,-1.0147,-1.2782,-0.2635,1,0, Cambridge,0.0625
Charles Darwin,education,Charles Darwin studied at the University of,subject_last,2,9-17,jspace,0," Cambridge, where he", Cambridge,0,-3.6346,-3.3635,0.2711,-1.0147,-0.7924,0.2223,1,0, Cambridge,0.2195
Charles Darwin,education,Charles Darwin studied at the University of,subject_last,2,9-17,jspace_keep_name,0," Cambridge, where he", Cambridge,0,-3.6346,-3.8062,-0.1717,-1.0147,-1.2024,-0.1877,1,0, Cambridge,0.0821
Charles Darwin,education,Charles Darwin studied at the University of,subject_last,2,9-17,jspace_restore_rest,0," Cambridge, where he", Cambridge,0,-3.6346,-3.9742,-0.3396,-1.0147,-1.3405,-0.3257,1,0, Cambridge,0.0921
Charles Darwin,education,Charles Darwin studied at the University of,subject_last,2,9-17,name_lens,0," Cambridge, where he", Cambridge,0,-3.6346,-4.0255,-0.3909,-1.0147,-1.3872,-0.3725,1,0, Cambridge,0.1039
Charles Darwin,education,Charles Darwin studied at the University of,subject_last,2,6-20,jspace,0," Cambridge, where he", Cambridge,0,-3.6346,-3.6713,-0.0367,-1.0147,-1.0208,-0.0061,1,0, Cambridge,0.3774
Charles Darwin,education,Charles Darwin studied at the University of,subject_last,2,6-20,jspace_keep_name,0," Cambridge, where he", Cambridge,0,-3.6346,-4.5066,-0.8721,-1.0147,-1.563,-0.5483,1,0, Cambridge,0.4753
Charles Darwin,education,Charles Darwin studied at the University of,subject_last,2,6-20,jspace_restore_rest,0," Cambridge, where he", Cambridge,0,-3.6346,-3.8515,-0.2169,-1.0147,-1.3002,-0.2854,1,0, Cambridge,0.0745
Charles Darwin,education,Charles Darwin studied at the University of,subject_last,2,6-20,name_lens,0," Cambridge, where he", Cambridge,0,-3.6346,-4.1435,-0.5089,-1.0147,-1.6265,-0.6117,1,1, Oxford,0.2262
Charles Darwin,citizenship,Charles Darwin was a citizen of,subject_last,2,9-13,jspace,0, the United Kingdom., United,1,-3.4089,-3.4222,-0.0134,-0.6768,-0.6792,-0.0023,1,0, United,0.0078
Charles Darwin,citizenship,Charles Darwin was a citizen of,subject_last,2,9-13,jspace_keep_name,0, the United Kingdom., United,1,-3.4089,-3.5487,-0.1398,-0.6768,-0.737,-0.0602,1,0, United,0.0036
Charles Darwin,citizenship,Charles Darwin was a citizen of,subject_last,2,9-13,jspace_restore_rest,0, the United Kingdom., United,1,-3.4089,-3.2937,0.1152,-0.6768,-0.6485,0.0284,1,0, United,0.0029
Charles Darwin,citizenship,Charles Darwin was a citizen of,subject_last,2,9-13,name_lens,0, the United Kingdom., United,1,-3.4089,-3.3558,0.0531,-0.6768,-0.6499,0.0269,1,0, United,0.0061
Charles Darwin,citizenship,Charles Darwin was a citizen of,subject_last,2,9-17,jspace,0, the United Kingdom., United,1,-3.4089,-3.4481,-0.0392,-0.6768,-0.6652,0.0116,1,0, United,0.0201
Charles Darwin,citizenship,Charles Darwin was a citizen of,subject_last,2,9-17,jspace_keep_name,0, the United Kingdom., United,1,-3.4089,-3.4703,-0.0615,-0.6768,-0.7086,-0.0318,1,0, United,0.0111
Charles Darwin,citizenship,Charles Darwin was a citizen of,subject_last,2,9-17,jspace_restore_rest,0, the United Kingdom., United,1,-3.4089,-3.3728,0.036,-0.6768,-0.6705,0.0063,1,0, United,0.0067
Charles Darwin,citizenship,Charles Darwin was a citizen of,subject_last,2,9-17,name_lens,0, the United Kingdom., United,1,-3.4089,-3.4252,-0.0164,-0.6768,-0.6649,0.0119,1,0, United,0.0084
Charles Darwin,citizenship,Charles Darwin was a citizen of,subject_last,2,6-20,jspace,0, the United Kingdom., United,1,-3.4089,-3.772,-0.3632,-0.6768,-0.6782,-0.0014,1,0, United,0.0822
Charles Darwin,citizenship,Charles Darwin was a citizen of,subject_last,2,6-20,jspace_keep_name,0, the United Kingdom., United,1,-3.4089,-3.2866,0.1223,-0.6768,-0.559,0.1179,1,0, United,0.0954
Charles Darwin,citizenship,Charles Darwin was a citizen of,subject_last,2,6-20,jspace_restore_rest,0, the United Kingdom., United,1,-3.4089,-3.536,-0.1271,-0.6768,-0.6441,0.0327,1,0, United,0.0191
Charles Darwin,citizenship,Charles Darwin was a citizen of,subject_last,2,6-20,name_lens,0, the United Kingdom., United,1,-3.4089,-3.7977,-0.3889,-0.6768,-0.7135,-0.0366,1,0, United,0.0272
Charles Darwin,copy_first_name,The first name of Charles Darwin is,subject_last,6,9-13,jspace,0,? 1.,1,2,-7.956,-7.8538,0.1022,-2.25,-2.2411,0.0089,1,0,1,0.0582
Charles Darwin,copy_first_name,The first name of Charles Darwin is,subject_last,6,9-13,jspace_keep_name,0,? 1.,1,2,-7.956,-7.7466,0.2094,-2.25,-2.2747,-0.0247,1,0,1,0.0399
Charles Darwin,copy_first_name,The first name of Charles Darwin is,subject_last,6,9-13,jspace_restore_rest,0,? 1.,1,2,-7.956,-7.7305,0.2255,-2.25,-2.2536,-0.0036,1,0,1,0.0506
Charles Darwin,copy_first_name,The first name of Charles Darwin is,subject_last,6,9-13,name_lens,0,? 1.,1,2,-7.956,-7.8235,0.1325,-2.25,-2.2417,0.0084,1,0,1,0.05
Charles Darwin,copy_first_name,The first name of Charles Darwin is,subject_last,6,9-17,jspace,0,? 1.,1,2,-7.956,-7.9039,0.0521,-2.25,-2.2574,-0.0073,1,0,1,0.1296
Charles Darwin,copy_first_name,The first name of Charles Darwin is,subject_last,6,9-17,jspace_keep_name,0,? 1.,1,2,-7.956,-7.7846,0.1714,-2.25,-2.2441,0.006,1,0,1,0.0409
Charles Darwin,copy_first_name,The first name of Charles Darwin is,subject_last,6,9-17,jspace_restore_rest,0,? 1.,1,2,-7.956,-7.8113,0.1448,-2.25,-2.2538,-0.0038,1,0,1,0.0547
Charles Darwin,copy_first_name,The first name of Charles Darwin is,subject_last,6,9-17,name_lens,0,? 1.,1,2,-7.956,-7.7913,0.1647,-2.25,-2.2499,0.0001,1,0,1,0.0504
Charles Darwin,copy_first_name,The first name of Charles Darwin is,subject_last,6,6-20,jspace,0,? 1.,1,2,-7.956,-8.292,-0.3359,-2.25,-2.087,0.163,1,0,1,0.6284
Charles Darwin,copy_first_name,The first name of Charles Darwin is,subject_last,6,6-20,jspace_keep_name,0,? 1.,1,2,-7.956,-7.9911,-0.035,-2.25,-2.2085,0.0415,1,0,1,0.1997
Charles Darwin,copy_first_name,The first name of Charles Darwin is,subject_last,6,6-20,jspace_restore_rest,0,? 1.,1,2,-7.956,-8.1389,-0.1829,-2.25,-2.3602,-0.1101,1,0,1,0.0608
Charles Darwin,copy_first_name,The first name of Charles Darwin is,subject_last,6,6-20,name_lens,0,? 1.,1,2,-7.956,-7.9044,0.0516,-2.25,-2.3477,-0.0976,1,0,1,0.0721
Charles Darwin,copy_last_name,The last name of Charles Darwin is,subject_last,6,9-13,jspace,0, not a surname., not,0,-9.4581,-9.5449,-0.0869,-2.7411,-2.7419,-0.0008,1,0, not,0.0516
Charles Darwin,copy_last_name,The last name of Charles Darwin is,subject_last,6,9-13,jspace_keep_name,0, not a surname., not,0,-9.4581,-9.3015,0.1566,-2.7411,-2.6284,0.1127,1,0, not,0.0544
Charles Darwin,copy_last_name,The last name of Charles Darwin is,subject_last,6,9-13,jspace_restore_rest,0, not a surname., not,0,-9.4581,-9.0071,0.451,-2.7411,-2.4595,0.2816,1,0, not,0.0282
Charles Darwin,copy_last_name,The last name of Charles Darwin is,subject_last,6,9-13,name_lens,0, not a surname., not,0,-9.4581,-8.9899,0.4682,-2.7411,-2.4158,0.3253,1,0, not,0.0701
Charles Darwin,copy_last_name,The last name of Charles Darwin is,subject_last,6,9-17,jspace,0, not a surname., not,0,-9.4581,-9.5227,-0.0646,-2.7411,-2.7167,0.0244,1,0, not,0.061
Charles Darwin,copy_last_name,The last name of Charles Darwin is,subject_last,6,9-17,jspace_keep_name,0, not a surname., not,0,-9.4581,-9.4765,-0.0184,-2.7411,-2.6624,0.0787,1,0, not,0.0832
Charles Darwin,copy_last_name,The last name of Charles Darwin is,subject_last,6,9-17,jspace_restore_rest,0, not a surname., not,0,-9.4581,-9.107,0.351,-2.7411,-2.5085,0.2326,1,0, not,0.028
Charles Darwin,copy_last_name,The last name of Charles Darwin is,subject_last,6,9-17,name_lens,0, not a surname., not,0,-9.4581,-8.9677,0.4904,-2.7411,-2.3965,0.3446,1,0, not,0.0947
Charles Darwin,copy_last_name,The last name of Charles Darwin is,subject_last,6,6-20,jspace,0, not a surname., not,0,-9.4581,-9.6502,-0.1921,-2.7411,-2.523,0.2181,1,0, not,0.218
Charles Darwin,copy_last_name,The last name of Charles Darwin is,subject_last,6,6-20,jspace_keep_name,0, not a surname., not,0,-9.4581,-10.0394,-0.5813,-2.7411,-3.1116,-0.3704,2,1, ______,0.1706
Charles Darwin,copy_last_name,The last name of Charles Darwin is,subject_last,6,6-20,jspace_restore_rest,0, not a surname., not,0,-9.4581,-9.4562,0.0019,-2.7411,-2.6684,0.0727,1,0, not,0.1023
Charles Darwin,copy_last_name,The last name of Charles Darwin is,subject_last,6,6-20,name_lens,0, not a surname., not,0,-9.4581,-9.2296,0.2284,-2.7411,-2.6235,0.1176,1,0, not,0.1521
Abraham Lincoln,birth_city,Abraham Lincoln was born in the city of,subject_last,3,9-13,jspace,0," Springfield, Illinois.", Springfield,0,-3.2272,-5.0356,-1.8084,-0.6664,-2.3894,-1.7229,1,0, Springfield,0.66
Abraham Lincoln,birth_city,Abraham Lincoln was born in the city of,subject_last,3,9-13,jspace_keep_name,0," Springfield, Illinois.", Springfield,0,-3.2272,-3.9817,-0.7545,-0.6664,-1.267,-0.6006,1,0, Springfield,0.1669
Abraham Lincoln,birth_city,Abraham Lincoln was born in the city of,subject_last,3,9-13,jspace_restore_rest,0," Springfield, Illinois.", Springfield,0,-3.2272,-3.8018,-0.5746,-0.6664,-1.0727,-0.4063,1,0, Springfield,0.096
Abraham Lincoln,birth_city,Abraham Lincoln was born in the city of,subject_last,3,9-13,name_lens,0," Springfield, Illinois.", Springfield,0,-3.2272,-3.7431,-0.516,-0.6664,-1.0342,-0.3678,1,0, Springfield,0.0876
Abraham Lincoln,birth_city,Abraham Lincoln was born in the city of,subject_last,3,9-17,jspace,0," Springfield, Illinois.", Springfield,0,-3.2272,-5.5845,-2.3573,-0.6664,-2.8491,-2.1827,2,1, New,0.9312
Abraham Lincoln,birth_city,Abraham Lincoln was born in the city of,subject_last,3,9-17,jspace_keep_name,0," Springfield, Illinois.", Springfield,0,-3.2272,-4.2477,-1.0205,-0.6664,-1.6709,-1.0045,1,0, Springfield,0.3443
Abraham Lincoln,birth_city,Abraham Lincoln was born in the city of,subject_last,3,9-17,jspace_restore_rest,0," Springfield, Illinois.", Springfield,0,-3.2272,-4.6477,-1.4206,-0.6664,-1.8739,-1.2075,1,0, Springfield,0.4495
Abraham Lincoln,birth_city,Abraham Lincoln was born in the city of,subject_last,3,9-17,name_lens,0," Springfield, Illinois.", Springfield,0,-3.2272,-4.4679,-1.2408,-0.6664,-1.5754,-0.909,1,0, Springfield,0.305
Abraham Lincoln,birth_city,Abraham Lincoln was born in the city of,subject_last,3,6-20,jspace,0," Springfield, Illinois.", Springfield,0,-3.2272,-6.4272,-3.2,-0.6664,-3.5598,-2.8934,4,1, New,1.3747
Abraham Lincoln,birth_city,Abraham Lincoln was born in the city of,subject_last,3,6-20,jspace_keep_name,0," Springfield, Illinois.", Springfield,0,-3.2272,-4.4294,-1.2022,-0.6664,-1.6197,-0.9533,1,0, Springfield,0.3675
Abraham Lincoln,birth_city,Abraham Lincoln was born in the city of,subject_last,3,6-20,jspace_restore_rest,0," Springfield, Illinois.", Springfield,0,-3.2272,-6.0089,-2.7817,-0.6664,-3.1367,-2.4703,2,1, New,1.0886
Abraham Lincoln,birth_city,Abraham Lincoln was born in the city of,subject_last,3,6-20,name_lens,0," Springfield, Illinois.", Springfield,0,-3.2272,-4.8688,-1.6416,-0.6664,-2.0308,-1.3644,1,0, Springfield,0.5444
Abraham Lincoln,birth_year,Abraham Lincoln was born in the year,subject_last,3,9-13,jspace,0, 1809.,180,1,-2.0651,-2.8188,-0.7537,-0.4575,-0.9247,-0.4671,1,0,180,0.0029
Abraham Lincoln,birth_year,Abraham Lincoln was born in the year,subject_last,3,9-13,jspace_keep_name,0, 1809.,180,1,-2.0651,-2.393,-0.3279,-0.4575,-0.5811,-0.1236,1,0,180,0.0023
Abraham Lincoln,birth_year,Abraham Lincoln was born in the year,subject_last,3,9-13,jspace_restore_rest,0, 1809.,180,1,-2.0651,-2.1727,-0.1076,-0.4575,-0.5525,-0.095,1,0,180,0.0026
Abraham Lincoln,birth_year,Abraham Lincoln was born in the year,subject_last,3,9-13,name_lens,0, 1809.,180,1,-2.0651,-2.1855,-0.1203,-0.4575,-0.5163,-0.0588,1,0,180,0.0026
Abraham Lincoln,birth_year,Abraham Lincoln was born in the year,subject_last,3,9-17,jspace,0, 1809.,180,1,-2.0651,-3.2901,-1.2249,-0.4575,-0.8363,-0.3788,1,0,180,0.0072
Abraham Lincoln,birth_year,Abraham Lincoln was born in the year,subject_last,3,9-17,jspace_keep_name,0, 1809.,180,1,-2.0651,-2.7853,-0.7201,-0.4575,-0.755,-0.2975,1,0,180,0.0026
Abraham Lincoln,birth_year,Abraham Lincoln was born in the year,subject_last,3,9-17,jspace_restore_rest,0, 1809.,180,1,-2.0651,-2.6821,-0.6169,-0.4575,-0.9627,-0.5052,1,0,180,0.0027
Abraham Lincoln,birth_year,Abraham Lincoln was born in the year,subject_last,3,9-17,name_lens,0, 1809.,180,1,-2.0651,-2.2159,-0.1507,-0.4575,-0.6388,-0.1813,1,0,180,0.0029
Abraham Lincoln,birth_year,Abraham Lincoln was born in the year,subject_last,3,6-20,jspace,0, 1809.,180,1,-2.0651,-5.4137,-3.3486,-0.4575,-1.8525,-1.395,1,0,180,0.0089
Abraham Lincoln,birth_year,Abraham Lincoln was born in the year,subject_last,3,6-20,jspace_keep_name,0, 1809.,180,1,-2.0651,-3.0348,-0.9697,-0.4575,-0.8516,-0.3941,1,0,180,0.0165
Abraham Lincoln,birth_year,Abraham Lincoln was born in the year,subject_last,3,6-20,jspace_restore_rest,0, 1809.,180,1,-2.0651,-2.6386,-0.5735,-0.4575,-0.8639,-0.4064,1,0,180,0.0076
Abraham Lincoln,birth_year,Abraham Lincoln was born in the year,subject_last,3,6-20,name_lens,0, 1809.,180,1,-2.0651,-2.4792,-0.414,-0.4575,-0.836,-0.3785,1,0,180,0.0051
Abraham Lincoln,birth_country,Abraham Lincoln was born in the country of,subject_last,3,9-13,jspace,0, the United States., United,1,-3.6016,-3.8359,-0.2342,-0.5093,-0.6194,-0.1101,1,0, United,0.062
Abraham Lincoln,birth_country,Abraham Lincoln was born in the country of,subject_last,3,9-13,jspace_keep_name,0, the United States., United,1,-3.6016,-3.8945,-0.2928,-0.5093,-0.6093,-0.0999,1,0, United,0.0306
Abraham Lincoln,birth_country,Abraham Lincoln was born in the country of,subject_last,3,9-13,jspace_restore_rest,0, the United States., United,1,-3.6016,-3.8202,-0.2186,-0.5093,-0.5696,-0.0602,1,0, United,0.0551
Abraham Lincoln,birth_country,Abraham Lincoln was born in the country of,subject_last,3,9-13,name_lens,0, the United States., United,1,-3.6016,-3.7171,-0.1155,-0.5093,-0.5312,-0.0218,1,0, United,0.0602
Abraham Lincoln,birth_country,Abraham Lincoln was born in the country of,subject_last,3,9-17,jspace,0, the United States., United,1,-3.6016,-3.8942,-0.2925,-0.5093,-0.6027,-0.0933,1,0, United,0.0912
Abraham Lincoln,birth_country,Abraham Lincoln was born in the country of,subject_last,3,9-17,jspace_keep_name,0, the United States., United,1,-3.6016,-3.8112,-0.2096,-0.5093,-0.5974,-0.088,1,0, United,0.0415
Abraham Lincoln,birth_country,Abraham Lincoln was born in the country of,subject_last,3,9-17,jspace_restore_rest,0, the United States., United,1,-3.6016,-3.8801,-0.2785,-0.5093,-0.6015,-0.0921,1,0, United,0.1458
Abraham Lincoln,birth_country,Abraham Lincoln was born in the country of,subject_last,3,9-17,name_lens,0, the United States., United,1,-3.6016,-3.9293,-0.3277,-0.5093,-0.5942,-0.0849,1,0, United,0.1264
Abraham Lincoln,birth_country,Abraham Lincoln was born in the country of,subject_last,3,6-20,jspace,0, the United States., United,1,-3.6016,-3.7883,-0.1866,-0.5093,-0.6067,-0.0973,1,0, United,0.1437
Abraham Lincoln,birth_country,Abraham Lincoln was born in the country of,subject_last,3,6-20,jspace_keep_name,0, the United States., United,1,-3.6016,-4.0968,-0.4951,-0.5093,-0.5717,-0.0623,1,0, United,0.1092
Abraham Lincoln,birth_country,Abraham Lincoln was born in the country of,subject_last,3,6-20,jspace_restore_rest,0, the United States., United,1,-3.6016,-3.8971,-0.2954,-0.5093,-0.5595,-0.0501,1,0, United,0.2551
Abraham Lincoln,birth_country,Abraham Lincoln was born in the country of,subject_last,3,6-20,name_lens,0, the United States., United,1,-3.6016,-3.7383,-0.1367,-0.5093,-0.546,-0.0367,1,0, United,0.1876
Abraham Lincoln,death_year,Abraham Lincoln died in the year,subject_last,3,9-13,jspace,0, 1865.,186,1,-2.3986,-2.9639,-0.5653,-0.6861,-1.0917,-0.4056,1,0,186,0.0044
Abraham Lincoln,death_year,Abraham Lincoln died in the year,subject_last,3,9-13,jspace_keep_name,0, 1865.,186,1,-2.3986,-2.7196,-0.321,-0.6861,-0.8529,-0.1668,1,0,186,0.0042
Abraham Lincoln,death_year,Abraham Lincoln died in the year,subject_last,3,9-13,jspace_restore_rest,0, 1865.,186,1,-2.3986,-2.7482,-0.3496,-0.6861,-0.9551,-0.269,1,0,186,0.0056
Abraham Lincoln,death_year,Abraham Lincoln died in the year,subject_last,3,9-13,name_lens,0, 1865.,186,1,-2.3986,-2.6833,-0.2848,-0.6861,-0.9157,-0.2297,1,0,186,0.0051
Abraham Lincoln,death_year,Abraham Lincoln died in the year,subject_last,3,9-17,jspace,0, 1865.,186,1,-2.3986,-3.1702,-0.7716,-0.6861,-1.3346,-0.6485,1,0,186,0.014
Abraham Lincoln,death_year,Abraham Lincoln died in the year,subject_last,3,9-17,jspace_keep_name,0, 1865.,186,1,-2.3986,-2.7224,-0.3239,-0.6861,-0.8314,-0.1454,1,0,186,0.0039
Abraham Lincoln,death_year,Abraham Lincoln died in the year,subject_last,3,9-17,jspace_restore_rest,0, 1865.,186,1,-2.3986,-2.9945,-0.5959,-0.6861,-1.1425,-0.4564,1,0,186,0.0057
Abraham Lincoln,death_year,Abraham Lincoln died in the year,subject_last,3,9-17,name_lens,0, 1865.,186,1,-2.3986,-2.7419,-0.3433,-0.6861,-0.9597,-0.2736,1,0,186,0.0055
Abraham Lincoln,death_year,Abraham Lincoln died in the year,subject_last,3,6-20,jspace,0, 1865.,186,1,-2.3986,-3.3371,-0.9386,-0.6861,-1.3544,-0.6683,1,0,186,0.0221
Abraham Lincoln,death_year,Abraham Lincoln died in the year,subject_last,3,6-20,jspace_keep_name,0, 1865.,186,1,-2.3986,-2.9109,-0.5124,-0.6861,-0.898,-0.2119,1,0,186,0.0123
Abraham Lincoln,death_year,Abraham Lincoln died in the year,subject_last,3,6-20,jspace_restore_rest,0, 1865.,186,1,-2.3986,-2.7746,-0.376,-0.6861,-1.0569,-0.3708,1,0,186,0.0118
Abraham Lincoln,death_year,Abraham Lincoln died in the year,subject_last,3,6-20,name_lens,0, 1865.,186,1,-2.3986,-2.7218,-0.3233,-0.6861,-0.9749,-0.2888,1,0,186,0.0097
Abraham Lincoln,occupation,Abraham Lincoln worked as a,subject_last,3,9-13,jspace,0, lawyer in Illinois before, lawyer,0,-6.0302,-6.6015,-0.5712,-1.8716,-1.984,-0.1124,1,0, lawyer,0.039
Abraham Lincoln,occupation,Abraham Lincoln worked as a,subject_last,3,9-13,jspace_keep_name,0, lawyer in Illinois before, lawyer,0,-6.0302,-6.3459,-0.3156,-1.8716,-1.9114,-0.0398,1,0, lawyer,0.0174
Abraham Lincoln,occupation,Abraham Lincoln worked as a,subject_last,3,9-13,jspace_restore_rest,0, lawyer in Illinois before, lawyer,0,-6.0302,-6.6305,-0.6003,-1.8716,-2.0096,-0.138,1,0, lawyer,0.0244
Abraham Lincoln,occupation,Abraham Lincoln worked as a,subject_last,3,9-13,name_lens,0, lawyer in Illinois before, lawyer,0,-6.0302,-6.6154,-0.5852,-1.8716,-2.0132,-0.1416,1,0, lawyer,0.0204
Abraham Lincoln,occupation,Abraham Lincoln worked as a,subject_last,3,9-17,jspace,0, lawyer in Illinois before, lawyer,0,-6.0302,-7.0768,-1.0465,-1.8716,-2.0823,-0.2107,1,0, lawyer,0.0601
Abraham Lincoln,occupation,Abraham Lincoln worked as a,subject_last,3,9-17,jspace_keep_name,0, lawyer in Illinois before, lawyer,0,-6.0302,-6.432,-0.4018,-1.8716,-1.9092,-0.0376,1,0, lawyer,0.0291
Abraham Lincoln,occupation,Abraham Lincoln worked as a,subject_last,3,9-17,jspace_restore_rest,0, lawyer in Illinois before, lawyer,0,-6.0302,-7.1819,-1.1517,-1.8716,-1.8482,0.0234,1,0, lawyer,0.0479
Abraham Lincoln,occupation,Abraham Lincoln worked as a,subject_last,3,9-17,name_lens,0, lawyer in Illinois before, lawyer,0,-6.0302,-7.1056,-1.0753,-1.8716,-2.0164,-0.1448,1,0, lawyer,0.0306
Abraham Lincoln,occupation,Abraham Lincoln worked as a,subject_last,3,6-20,jspace,0, lawyer in Illinois before, lawyer,0,-6.0302,-8.7911,-2.7609,-1.8716,-2.1444,-0.2728,1,0, lawyer,0.1519
Abraham Lincoln,occupation,Abraham Lincoln worked as a,subject_last,3,6-20,jspace_keep_name,0, lawyer in Illinois before, lawyer,0,-6.0302,-6.6459,-0.6156,-1.8716,-1.867,0.0045,1,0, lawyer,0.0628
Abraham Lincoln,occupation,Abraham Lincoln worked as a,subject_last,3,6-20,jspace_restore_rest,0, lawyer in Illinois before, lawyer,0,-6.0302,-8.341,-2.3108,-1.8716,-2.153,-0.2814,1,0, lawyer,0.1274
Abraham Lincoln,occupation,Abraham Lincoln worked as a,subject_last,3,6-20,name_lens,0, lawyer in Illinois before, lawyer,0,-6.0302,-7.8533,-1.823,-1.8716,-2.061,-0.1894,1,0, lawyer,0.0893
Abraham Lincoln,profession_of,The profession of Abraham Lincoln was,subject_last,5,9-13,jspace,0, a lawyer. The, lawyer,1,-5.464,-5.7544,-0.2904,-0.9148,-1.0319,-0.1171,1,0, lawyer,0.0193
Abraham Lincoln,profession_of,The profession of Abraham Lincoln was,subject_last,5,9-13,jspace_keep_name,0, a lawyer. The, lawyer,1,-5.464,-5.3157,0.1483,-0.9148,-0.7155,0.1993,1,0, lawyer,0.0091
Abraham Lincoln,profession_of,The profession of Abraham Lincoln was,subject_last,5,9-13,jspace_restore_rest,0, a lawyer. The, lawyer,1,-5.464,-6.6775,-1.2135,-0.9148,-1.3103,-0.3955,1,0, lawyer,0.081
Abraham Lincoln,profession_of,The profession of Abraham Lincoln was,subject_last,5,9-13,name_lens,0, a lawyer. The, lawyer,1,-5.464,-5.9645,-0.5006,-0.9148,-1.0955,-0.1807,1,0, lawyer,0.017
Abraham Lincoln,profession_of,The profession of Abraham Lincoln was,subject_last,5,9-17,jspace,0, a lawyer. The, lawyer,1,-5.464,-6.0418,-0.5778,-0.9148,-0.9966,-0.0817,1,0, lawyer,0.0451
Abraham Lincoln,profession_of,The profession of Abraham Lincoln was,subject_last,5,9-17,jspace_keep_name,0, a lawyer. The, lawyer,1,-5.464,-5.1792,0.2848,-0.9148,-0.6526,0.2623,1,0, lawyer,0.0145
Abraham Lincoln,profession_of,The profession of Abraham Lincoln was,subject_last,5,9-17,jspace_restore_rest,0, a lawyer. The, lawyer,1,-5.464,-6.5187,-1.0547,-0.9148,-1.3251,-0.4103,1,0, lawyer,0.0522
Abraham Lincoln,profession_of,The profession of Abraham Lincoln was,subject_last,5,9-17,name_lens,0, a lawyer. The, lawyer,1,-5.464,-6.0971,-0.6331,-0.9148,-1.171,-0.2562,1,0, lawyer,0.0225
Abraham Lincoln,profession_of,The profession of Abraham Lincoln was,subject_last,5,6-20,jspace,0, a lawyer. The, lawyer,1,-5.464,-6.963,-1.499,-0.9148,-1.894,-0.9792,1,0, lawyer,0.0809
Abraham Lincoln,profession_of,The profession of Abraham Lincoln was,subject_last,5,6-20,jspace_keep_name,0, a lawyer. The, lawyer,1,-5.464,-5.6122,-0.1482,-0.9148,-0.7998,0.115,1,0, lawyer,0.0293
Abraham Lincoln,profession_of,The profession of Abraham Lincoln was,subject_last,5,6-20,jspace_restore_rest,0, a lawyer. The, lawyer,1,-5.464,-7.1393,-1.6753,-0.9148,-1.779,-0.8641,1,0, lawyer,0.0821
Abraham Lincoln,profession_of,The profession of Abraham Lincoln was,subject_last,5,6-20,name_lens,0, a lawyer. The, lawyer,1,-5.464,-7.0558,-1.5918,-0.9148,-1.6193,-0.7045,1,0, lawyer,0.0825
Abraham Lincoln,instrument,Abraham Lincoln played the,subject_last,3,9-13,jspace,0," piano, but he", piano,0,-6.6324,-6.769,-0.1366,-1.3837,-1.277,0.1067,1,0, piano,0.0168
Abraham Lincoln,instrument,Abraham Lincoln played the,subject_last,3,9-13,jspace_keep_name,0," piano, but he", piano,0,-6.6324,-6.679,-0.0466,-1.3837,-1.3799,0.0038,1,0, piano,0.0058
Abraham Lincoln,instrument,Abraham Lincoln played the,subject_last,3,9-13,jspace_restore_rest,0," piano, but he", piano,0,-6.6324,-6.7583,-0.1259,-1.3837,-1.3434,0.0404,1,0, piano,0.0065
Abraham Lincoln,instrument,Abraham Lincoln played the,subject_last,3,9-13,name_lens,0," piano, but he", piano,0,-6.6324,-6.5529,0.0795,-1.3837,-1.3466,0.0371,1,0, piano,0.0064
Abraham Lincoln,instrument,Abraham Lincoln played the,subject_last,3,9-17,jspace,0," piano, but he", piano,0,-6.6324,-6.7531,-0.1207,-1.3837,-1.1762,0.2075,1,0, piano,0.0452
Abraham Lincoln,instrument,Abraham Lincoln played the,subject_last,3,9-17,jspace_keep_name,0," piano, but he", piano,0,-6.6324,-6.7233,-0.0909,-1.3837,-1.3698,0.0139,1,0, piano,0.008
Abraham Lincoln,instrument,Abraham Lincoln played the,subject_last,3,9-17,jspace_restore_rest,0," piano, but he", piano,0,-6.6324,-6.6386,-0.0062,-1.3837,-1.3237,0.06,1,0, piano,0.0142
Abraham Lincoln,instrument,Abraham Lincoln played the,subject_last,3,9-17,name_lens,0," piano, but he", piano,0,-6.6324,-6.5949,0.0375,-1.3837,-1.3201,0.0637,1,0, piano,0.009
Abraham Lincoln,instrument,Abraham Lincoln played the,subject_last,3,6-20,jspace,0," piano, but he", piano,0,-6.6324,-7.3572,-0.7248,-1.3837,-1.4806,-0.0969,1,0, piano,0.1175
Abraham Lincoln,instrument,Abraham Lincoln played the,subject_last,3,6-20,jspace_keep_name,0," piano, but he", piano,0,-6.6324,-6.9012,-0.2688,-1.3837,-1.2806,0.1031,1,0, piano,0.1028
Abraham Lincoln,instrument,Abraham Lincoln played the,subject_last,3,6-20,jspace_restore_rest,0," piano, but he", piano,0,-6.6324,-7.0974,-0.465,-1.3837,-1.3716,0.0121,1,0, piano,0.0412
Abraham Lincoln,instrument,Abraham Lincoln played the,subject_last,3,6-20,name_lens,0," piano, but he", piano,0,-6.6324,-7.0243,-0.3919,-1.3837,-1.4081,-0.0243,1,0, piano,0.0178
Abraham Lincoln,famous_for,Abraham Lincoln is famous for,subject_last,3,9-13,jspace,0," his speeches, but", speeches,1,-5.9225,-6.1594,-0.2368,-1.5577,-1.5745,-0.0168,1,0, speeches,0.0192
Abraham Lincoln,famous_for,Abraham Lincoln is famous for,subject_last,3,9-13,jspace_keep_name,0," his speeches, but", speeches,1,-5.9225,-6.1603,-0.2378,-1.5577,-1.6911,-0.1334,1,0, speeches,0.0173
Abraham Lincoln,famous_for,Abraham Lincoln is famous for,subject_last,3,9-13,jspace_restore_rest,0," his speeches, but", speeches,1,-5.9225,-5.9561,-0.0335,-1.5577,-1.5731,-0.0154,1,0, speeches,0.0103
Abraham Lincoln,famous_for,Abraham Lincoln is famous for,subject_last,3,9-13,name_lens,0," his speeches, but", speeches,1,-5.9225,-5.8115,0.111,-1.5577,-1.4714,0.0863,1,0, speeches,0.0092
Abraham Lincoln,famous_for,Abraham Lincoln is famous for,subject_last,3,9-17,jspace,0," his speeches, but", speeches,1,-5.9225,-6.1282,-0.2057,-1.5577,-1.6303,-0.0727,1,0, speeches,0.0205
Abraham Lincoln,famous_for,Abraham Lincoln is famous for,subject_last,3,9-17,jspace_keep_name,0," his speeches, but", speeches,1,-5.9225,-6.5389,-0.6163,-1.5577,-2.0335,-0.4758,1,0, speeches,0.0204
Abraham Lincoln,famous_for,Abraham Lincoln is famous for,subject_last,3,9-17,jspace_restore_rest,0," his speeches, but", speeches,1,-5.9225,-5.7311,0.1915,-1.5577,-1.3703,0.1874,1,0, speeches,0.0145
Abraham Lincoln,famous_for,Abraham Lincoln is famous for,subject_last,3,9-17,name_lens,0," his speeches, but", speeches,1,-5.9225,-5.6869,0.2356,-1.5577,-1.3787,0.1789,1,0, speeches,0.0129
Abraham Lincoln,famous_for,Abraham Lincoln is famous for,subject_last,3,6-20,jspace,0," his speeches, but", speeches,1,-5.9225,-6.0575,-0.1349,-1.5577,-1.7147,-0.1571,1,0, speeches,0.0627
Abraham Lincoln,famous_for,Abraham Lincoln is famous for,subject_last,3,6-20,jspace_keep_name,0," his speeches, but", speeches,1,-5.9225,-5.9408,-0.0183,-1.5577,-1.5112,0.0464,1,0, speeches,0.0392
Abraham Lincoln,famous_for,Abraham Lincoln is famous for,subject_last,3,6-20,jspace_restore_rest,0," his speeches, but", speeches,1,-5.9225,-5.9116,0.011,-1.5577,-1.4036,0.1541,1,0, speeches,0.0292
Abraham Lincoln,famous_for,Abraham Lincoln is famous for,subject_last,3,6-20,name_lens,0," his speeches, but", speeches,1,-5.9225,-5.8043,0.1182,-1.5577,-1.3647,0.193,1,0, speeches,0.0265
Abraham Lincoln,language,Abraham Lincoln spoke the language of,subject_last,3,9-13,jspace,0," the people, and", people,1,-6.2582,-6.4611,-0.2029,-1.8033,-1.8846,-0.0813,1,0, people,0.0168
Abraham Lincoln,language,Abraham Lincoln spoke the language of,subject_last,3,9-13,jspace_keep_name,0," the people, and", people,1,-6.2582,-6.488,-0.2299,-1.8033,-1.9713,-0.168,1,0, people,0.0077
Abraham Lincoln,language,Abraham Lincoln spoke the language of,subject_last,3,9-13,jspace_restore_rest,0," the people, and", people,1,-6.2582,-6.5211,-0.2629,-1.8033,-1.848,-0.0447,1,0, people,0.01
Abraham Lincoln,language,Abraham Lincoln spoke the language of,subject_last,3,9-13,name_lens,0," the people, and", people,1,-6.2582,-6.5383,-0.2801,-1.8033,-1.8859,-0.0826,1,0, people,0.0146
Abraham Lincoln,language,Abraham Lincoln spoke the language of,subject_last,3,9-17,jspace,0," the people, and", people,1,-6.2582,-6.403,-0.1448,-1.8033,-1.8142,-0.0108,1,0, people,0.0227
Abraham Lincoln,language,Abraham Lincoln spoke the language of,subject_last,3,9-17,jspace_keep_name,0," the people, and", people,1,-6.2582,-6.4773,-0.2191,-1.8033,-1.9491,-0.1458,1,0, people,0.0087
Abraham Lincoln,language,Abraham Lincoln spoke the language of,subject_last,3,9-17,jspace_restore_rest,0," the people, and", people,1,-6.2582,-6.5111,-0.253,-1.8033,-1.8433,-0.04,1,0, people,0.0142
Abraham Lincoln,language,Abraham Lincoln spoke the language of,subject_last,3,9-17,name_lens,0," the people, and", people,1,-6.2582,-6.476,-0.2178,-1.8033,-1.8221,-0.0188,1,0, people,0.0175
Abraham Lincoln,language,Abraham Lincoln spoke the language of,subject_last,3,6-20,jspace,0," the people, and", people,1,-6.2582,-6.4428,-0.1846,-1.8033,-1.8271,-0.0238,1,0, people,0.061
Abraham Lincoln,language,Abraham Lincoln spoke the language of,subject_last,3,6-20,jspace_keep_name,0," the people, and", people,1,-6.2582,-6.4516,-0.1934,-1.8033,-1.9558,-0.1525,1,0, people,0.0341
Abraham Lincoln,language,Abraham Lincoln spoke the language of,subject_last,3,6-20,jspace_restore_rest,0," the people, and", people,1,-6.2582,-6.3923,-0.1342,-1.8033,-1.7598,0.0435,1,0, people,0.0238
Abraham Lincoln,language,Abraham Lincoln spoke the language of,subject_last,3,6-20,name_lens,0," the people, and", people,1,-6.2582,-6.4552,-0.197,-1.8033,-1.7832,0.0201,1,0, people,0.0189
Abraham Lincoln,spouse,Abraham Lincoln was married to,subject_last,3,9-13,jspace,0, Mary Todd Lincoln., Mary,0,-3.2644,-7.0896,-3.8252,-0.7296,-2.0744,-1.3449,2,1, a,0.4224
Abraham Lincoln,spouse,Abraham Lincoln was married to,subject_last,3,9-13,jspace_keep_name,0, Mary Todd Lincoln., Mary,0,-3.2644,-4.2964,-1.0321,-0.7296,-0.925,-0.1954,1,0, Mary,0.0415
Abraham Lincoln,spouse,Abraham Lincoln was married to,subject_last,3,9-13,jspace_restore_rest,0, Mary Todd Lincoln., Mary,0,-3.2644,-4.3379,-1.0736,-0.7296,-1.1713,-0.4417,1,0, Mary,0.0858
Abraham Lincoln,spouse,Abraham Lincoln was married to,subject_last,3,9-13,name_lens,0, Mary Todd Lincoln., Mary,0,-3.2644,-4.3413,-1.0769,-0.7296,-1.2298,-0.5003,1,0, Mary,0.0945
Abraham Lincoln,spouse,Abraham Lincoln was married to,subject_last,3,9-17,jspace,0, Mary Todd Lincoln., Mary,0,-3.2644,-9.6168,-6.3525,-0.7296,-2.6211,-1.8915,2,1, a,0.712
Abraham Lincoln,spouse,Abraham Lincoln was married to,subject_last,3,9-17,jspace_keep_name,0, Mary Todd Lincoln., Mary,0,-3.2644,-6.4528,-3.1884,-0.7296,-1.1474,-0.4178,1,0, Mary,0.1033
Abraham Lincoln,spouse,Abraham Lincoln was married to,subject_last,3,9-17,jspace_restore_rest,0, Mary Todd Lincoln., Mary,0,-3.2644,-7.6637,-4.3993,-0.7296,-2.2148,-1.4852,2,1, a,0.5185
Abraham Lincoln,spouse,Abraham Lincoln was married to,subject_last,3,9-17,name_lens,0, Mary Todd Lincoln., Mary,0,-3.2644,-6.0814,-2.817,-0.7296,-1.7512,-1.0217,1,0, Mary,0.285
Abraham Lincoln,spouse,Abraham Lincoln was married to,subject_last,3,6-20,jspace,0, Mary Todd Lincoln., Mary,0,-3.2644,-10.9664,-7.7021,-0.7296,-2.3759,-1.6463,2,1, a,0.616
Abraham Lincoln,spouse,Abraham Lincoln was married to,subject_last,3,6-20,jspace_keep_name,0, Mary Todd Lincoln., Mary,0,-3.2644,-8.2927,-5.0284,-0.7296,-1.4664,-0.7369,1,0, Mary,0.2914
Abraham Lincoln,spouse,Abraham Lincoln was married to,subject_last,3,6-20,jspace_restore_rest,0, Mary Todd Lincoln., Mary,0,-3.2644,-9.7366,-6.4723,-0.7296,-2.6931,-1.9636,2,1, a,0.7344
Abraham Lincoln,spouse,Abraham Lincoln was married to,subject_last,3,6-20,name_lens,0, Mary Todd Lincoln., Mary,0,-3.2644,-7.8283,-4.5639,-0.7296,-2.3797,-1.6502,2,1, a,0.5633
Abraham Lincoln,education,Abraham Lincoln studied at the University of,subject_last,3,9-13,jspace,0, Illinois. The University, Illinois,0,-8.5378,-9.3269,-0.7891,-1.9285,-2.7846,-0.8561,3,1, Michigan,0.174
Abraham Lincoln,education,Abraham Lincoln studied at the University of,subject_last,3,9-13,jspace_keep_name,0, Illinois. The University, Illinois,0,-8.5378,-9.0653,-0.5274,-1.9285,-2.5687,-0.6401,1,0, Illinois,0.1
Abraham Lincoln,education,Abraham Lincoln studied at the University of,subject_last,3,9-13,jspace_restore_rest,0, Illinois. The University, Illinois,0,-8.5378,-9.0375,-0.4997,-1.9285,-2.3424,-0.4139,1,0, Illinois,0.0548
Abraham Lincoln,education,Abraham Lincoln studied at the University of,subject_last,3,9-13,name_lens,0, Illinois. The University, Illinois,0,-8.5378,-9.2842,-0.7464,-1.9285,-2.4221,-0.4936,1,1, Michigan,0.0535
Abraham Lincoln,education,Abraham Lincoln studied at the University of,subject_last,3,9-17,jspace,0, Illinois. The University, Illinois,0,-8.5378,-9.3141,-0.7763,-1.9285,-2.7987,-0.8702,1,1, Michigan,0.1966
Abraham Lincoln,education,Abraham Lincoln studied at the University of,subject_last,3,9-17,jspace_keep_name,0, Illinois. The University, Illinois,0,-8.5378,-9.0514,-0.5135,-1.9285,-2.4994,-0.5709,1,0, Illinois,0.0953
Abraham Lincoln,education,Abraham Lincoln studied at the University of,subject_last,3,9-17,jspace_restore_rest,0, Illinois. The University, Illinois,0,-8.5378,-9.8975,-1.3597,-1.9285,-2.8003,-0.8718,3,1, Chicago,0.1752
Abraham Lincoln,education,Abraham Lincoln studied at the University of,subject_last,3,9-17,name_lens,0, Illinois. The University, Illinois,0,-8.5378,-9.566,-1.0281,-1.9285,-2.7404,-0.8119,3,1, Michigan,0.1255
Abraham Lincoln,education,Abraham Lincoln studied at the University of,subject_last,3,6-20,jspace,0, Illinois. The University, Illinois,0,-8.5378,-10.7997,-2.2619,-1.9285,-3.2661,-1.3376,3,1, Michigan,0.3257
Abraham Lincoln,education,Abraham Lincoln studied at the University of,subject_last,3,6-20,jspace_keep_name,0, Illinois. The University, Illinois,0,-8.5378,-9.0643,-0.5265,-1.9285,-2.5328,-0.6042,2,1, Chicago,0.1756
Abraham Lincoln,education,Abraham Lincoln studied at the University of,subject_last,3,6-20,jspace_restore_rest,0, Illinois. The University, Illinois,0,-8.5378,-10.274,-1.7361,-1.9285,-3.5688,-1.6403,5,1, Chicago,0.3491
Abraham Lincoln,education,Abraham Lincoln studied at the University of,subject_last,3,6-20,name_lens,0, Illinois. The University, Illinois,0,-8.5378,-9.7694,-1.2315,-1.9285,-3.0684,-1.1399,3,1, Michigan,0.2013
Abraham Lincoln,citizenship,Abraham Lincoln was a citizen of,subject_last,3,9-13,jspace,0, the United States., United,1,-2.5344,-2.6694,-0.135,-0.3886,-0.4339,-0.0452,1,0, United,0.0188
Abraham Lincoln,citizenship,Abraham Lincoln was a citizen of,subject_last,3,9-13,jspace_keep_name,0, the United States., United,1,-2.5344,-2.677,-0.1427,-0.3886,-0.4575,-0.0689,1,0, United,0.0046
Abraham Lincoln,citizenship,Abraham Lincoln was a citizen of,subject_last,3,9-13,jspace_restore_rest,0, the United States., United,1,-2.5344,-2.6217,-0.0873,-0.3886,-0.4098,-0.0212,1,0, United,0.0175
Abraham Lincoln,citizenship,Abraham Lincoln was a citizen of,subject_last,3,9-13,name_lens,0, the United States., United,1,-2.5344,-2.7219,-0.1875,-0.3886,-0.4335,-0.0449,1,0, United,0.0191
Abraham Lincoln,citizenship,Abraham Lincoln was a citizen of,subject_last,3,9-17,jspace,0, the United States., United,1,-2.5344,-2.5727,-0.0383,-0.3886,-0.3603,0.0283,1,0, United,0.0329
Abraham Lincoln,citizenship,Abraham Lincoln was a citizen of,subject_last,3,9-17,jspace_keep_name,0, the United States., United,1,-2.5344,-2.6393,-0.1049,-0.3886,-0.4323,-0.0437,1,0, United,0.0099
Abraham Lincoln,citizenship,Abraham Lincoln was a citizen of,subject_last,3,9-17,jspace_restore_rest,0, the United States., United,1,-2.5344,-2.6422,-0.1078,-0.3886,-0.4142,-0.0256,1,0, United,0.0301
Abraham Lincoln,citizenship,Abraham Lincoln was a citizen of,subject_last,3,9-17,name_lens,0, the United States., United,1,-2.5344,-2.7021,-0.1677,-0.3886,-0.4473,-0.0587,1,0, United,0.0289
Abraham Lincoln,citizenship,Abraham Lincoln was a citizen of,subject_last,3,6-20,jspace,0, the United States., United,1,-2.5344,-2.694,-0.1596,-0.3886,-0.3726,0.016,1,0, United,0.0673
Abraham Lincoln,citizenship,Abraham Lincoln was a citizen of,subject_last,3,6-20,jspace_keep_name,0, the United States., United,1,-2.5344,-2.6196,-0.0852,-0.3886,-0.359,0.0296,1,0, United,0.0241
Abraham Lincoln,citizenship,Abraham Lincoln was a citizen of,subject_last,3,6-20,jspace_restore_rest,0, the United States., United,1,-2.5344,-2.9214,-0.387,-0.3886,-0.4266,-0.038,1,0, United,0.0775
Abraham Lincoln,citizenship,Abraham Lincoln was a citizen of,subject_last,3,6-20,name_lens,0, the United States., United,1,-2.5344,-2.8325,-0.2982,-0.3886,-0.4436,-0.055,1,0, United,0.0573
Abraham Lincoln,copy_first_name,The first name of Abraham Lincoln is,subject_last,6,9-13,jspace,0, Abraham. The second, Abraham,0,-5.3363,-5.0065,0.3298,-2.3601,-1.9842,0.3759,1,0, Abraham,0.0353
Abraham Lincoln,copy_first_name,The first name of Abraham Lincoln is,subject_last,6,9-13,jspace_keep_name,0, Abraham. The second, Abraham,0,-5.3363,-5.1808,0.1556,-2.3601,-2.2376,0.1225,1,0, Abraham,0.0223
Abraham Lincoln,copy_first_name,The first name of Abraham Lincoln is,subject_last,6,9-13,jspace_restore_rest,0, Abraham. The second, Abraham,0,-5.3363,-5.1136,0.2228,-2.3601,-2.2764,0.0836,1,0, Abraham,0.011
Abraham Lincoln,copy_first_name,The first name of Abraham Lincoln is,subject_last,6,9-13,name_lens,0, Abraham. The second, Abraham,0,-5.3363,-5.2787,0.0577,-2.3601,-2.2342,0.1259,1,0, Abraham,0.0118
Abraham Lincoln,copy_first_name,The first name of Abraham Lincoln is,subject_last,6,9-17,jspace,0, Abraham. The second, Abraham,0,-5.3363,-5.2829,0.0534,-2.3601,-2.3268,0.0332,1,0, Abraham,0.0592
Abraham Lincoln,copy_first_name,The first name of Abraham Lincoln is,subject_last,6,9-17,jspace_keep_name,0, Abraham. The second, Abraham,0,-5.3363,-4.8763,0.46,-2.3601,-1.8976,0.4624,1,0, Abraham,0.0442
Abraham Lincoln,copy_first_name,The first name of Abraham Lincoln is,subject_last,6,9-17,jspace_restore_rest,0, Abraham. The second, Abraham,0,-5.3363,-5.1559,0.1804,-2.3601,-2.2595,0.1005,1,0, Abraham,0.0206
Abraham Lincoln,copy_first_name,The first name of Abraham Lincoln is,subject_last,6,9-17,name_lens,0, Abraham. The second, Abraham,0,-5.3363,-5.1799,0.1564,-2.3601,-2.297,0.0631,1,0, Abraham,0.0211
Abraham Lincoln,copy_first_name,The first name of Abraham Lincoln is,subject_last,6,6-20,jspace,0, Abraham. The second, Abraham,0,-5.3363,-8.2624,-2.9261,-2.3601,-4.7867,-2.4267,25,1, a,0.6198
Abraham Lincoln,copy_first_name,The first name of Abraham Lincoln is,subject_last,6,6-20,jspace_keep_name,0, Abraham. The second, Abraham,0,-5.3363,-5.4284,-0.092,-2.3601,-2.4434,-0.0834,1,0, Abraham,0.0833
Abraham Lincoln,copy_first_name,The first name of Abraham Lincoln is,subject_last,6,6-20,jspace_restore_rest,0, Abraham. The second, Abraham,0,-5.3363,-5.3619,-0.0256,-2.3601,-2.3552,0.0049,1,0, Abraham,0.0427
Abraham Lincoln,copy_first_name,The first name of Abraham Lincoln is,subject_last,6,6-20,name_lens,0, Abraham. The second, Abraham,0,-5.3363,-5.3913,-0.0549,-2.3601,-2.2909,0.0692,1,0, Abraham,0.0477
Abraham Lincoln,copy_last_name,The last name of Abraham Lincoln is,subject_last,6,9-13,jspace,0," ""Lincoln."" The",Lincoln,1,-6.2326,-7.5071,-1.2745,-0.7157,-1.4039,-0.6882,1,0,Lincoln,0.1343
Abraham Lincoln,copy_last_name,The last name of Abraham Lincoln is,subject_last,6,9-13,jspace_keep_name,0," ""Lincoln."" The",Lincoln,1,-6.2326,-6.3742,-0.1417,-0.7157,-0.55,0.1656,1,0,Lincoln,0.0367
Abraham Lincoln,copy_last_name,The last name of Abraham Lincoln is,subject_last,6,9-13,jspace_restore_rest,0," ""Lincoln."" The",Lincoln,1,-6.2326,-6.6612,-0.4286,-0.7157,-0.7551,-0.0395,1,0,Lincoln,0.0377
Abraham Lincoln,copy_last_name,The last name of Abraham Lincoln is,subject_last,6,9-13,name_lens,0," ""Lincoln."" The",Lincoln,1,-6.2326,-6.6546,-0.422,-0.7157,-0.6678,0.0479,1,0,Lincoln,0.06
Abraham Lincoln,copy_last_name,The last name of Abraham Lincoln is,subject_last,6,9-17,jspace,0," ""Lincoln."" The",Lincoln,1,-6.2326,-8.5115,-2.2789,-0.7157,-2.0416,-1.326,1,0,Lincoln,0.2012
Abraham Lincoln,copy_last_name,The last name of Abraham Lincoln is,subject_last,6,9-17,jspace_keep_name,0," ""Lincoln."" The",Lincoln,1,-6.2326,-7.3493,-1.1167,-0.7157,-1.5236,-0.8079,1,0,Lincoln,0.0929
Abraham Lincoln,copy_last_name,The last name of Abraham Lincoln is,subject_last,6,9-17,jspace_restore_rest,0," ""Lincoln."" The",Lincoln,1,-6.2326,-6.6128,-0.3802,-0.7157,-0.9255,-0.2098,1,0,Lincoln,0.0551
Abraham Lincoln,copy_last_name,The last name of Abraham Lincoln is,subject_last,6,9-17,name_lens,0," ""Lincoln."" The",Lincoln,1,-6.2326,-6.7219,-0.4893,-0.7157,-0.8405,-0.1248,1,0,Lincoln,0.1028
Abraham Lincoln,copy_last_name,The last name of Abraham Lincoln is,subject_last,6,6-20,jspace,0," ""Lincoln."" The",Lincoln,1,-6.2326,-8.1035,-1.8709,-0.7157,-2.3744,-1.6587,1,0,Lincoln,0.1996
Abraham Lincoln,copy_last_name,The last name of Abraham Lincoln is,subject_last,6,6-20,jspace_keep_name,0," ""Lincoln."" The",Lincoln,1,-6.2326,-9.5756,-3.343,-0.7157,-3.7925,-3.0769,3,1,S,0.2553
Abraham Lincoln,copy_last_name,The last name of Abraham Lincoln is,subject_last,6,6-20,jspace_restore_rest,0," ""Lincoln."" The",Lincoln,1,-6.2326,-6.9644,-0.7318,-0.7157,-1.0494,-0.3337,1,0,Lincoln,0.133
Abraham Lincoln,copy_last_name,The last name of Abraham Lincoln is,subject_last,6,6-20,name_lens,0," ""Lincoln."" The",Lincoln,1,-6.2326,-6.8087,-0.5761,-0.7157,-0.8471,-0.1314,1,0,Lincoln,0.1338
Wolfgang Amadeus Mozart,birth_city,Wolfgang Amadeus Mozart was born in the city of,subject_last,6,9-13,jspace,0," Salzburg, Austria,", Salzburg,0,-3.6578,-3.6425,0.0153,-0.1723,-0.2535,-0.0812,1,0, Salzburg,0.0442
Wolfgang Amadeus Mozart,birth_city,Wolfgang Amadeus Mozart was born in the city of,subject_last,6,9-13,jspace_keep_name,0," Salzburg, Austria,", Salzburg,0,-3.6578,-3.7422,-0.0843,-0.1723,-0.2719,-0.0996,1,0, Salzburg,0.0482
Wolfgang Amadeus Mozart,birth_city,Wolfgang Amadeus Mozart was born in the city of,subject_last,6,9-13,jspace_restore_rest,0," Salzburg, Austria,", Salzburg,0,-3.6578,-3.6552,0.0027,-0.1723,-0.2239,-0.0516,1,0, Salzburg,0.0344
Wolfgang Amadeus Mozart,birth_city,Wolfgang Amadeus Mozart was born in the city of,subject_last,6,9-13,name_lens,0," Salzburg, Austria,", Salzburg,0,-3.6578,-3.6499,0.0079,-0.1723,-0.2243,-0.052,1,0, Salzburg,0.0472
Wolfgang Amadeus Mozart,birth_city,Wolfgang Amadeus Mozart was born in the city of,subject_last,6,9-17,jspace,0," Salzburg, Austria,", Salzburg,0,-3.6578,-4.0417,-0.3838,-0.1723,-0.6617,-0.4894,1,0, Salzburg,0.292
Wolfgang Amadeus Mozart,birth_city,Wolfgang Amadeus Mozart was born in the city of,subject_last,6,9-17,jspace_keep_name,0," Salzburg, Austria,", Salzburg,0,-3.6578,-3.9174,-0.2596,-0.1723,-0.4309,-0.2586,1,0, Salzburg,0.1332
Wolfgang Amadeus Mozart,birth_city,Wolfgang Amadeus Mozart was born in the city of,subject_last,6,9-17,jspace_restore_rest,0," Salzburg, Austria,", Salzburg,0,-3.6578,-3.6783,-0.0205,-0.1723,-0.2469,-0.0746,1,0, Salzburg,0.0478
Wolfgang Amadeus Mozart,birth_city,Wolfgang Amadeus Mozart was born in the city of,subject_last,6,9-17,name_lens,0," Salzburg, Austria,", Salzburg,0,-3.6578,-3.7559,-0.0981,-0.1723,-0.2475,-0.0752,1,0, Salzburg,0.0652
Wolfgang Amadeus Mozart,birth_city,Wolfgang Amadeus Mozart was born in the city of,subject_last,6,6-20,jspace,0," Salzburg, Austria,", Salzburg,0,-3.6578,-4.139,-0.4812,-0.1723,-0.6702,-0.4979,1,0, Salzburg,0.3087
Wolfgang Amadeus Mozart,birth_city,Wolfgang Amadeus Mozart was born in the city of,subject_last,6,6-20,jspace_keep_name,0," Salzburg, Austria,", Salzburg,0,-3.6578,-4.2007,-0.5429,-0.1723,-0.698,-0.5256,1,0, Salzburg,0.3131
Wolfgang Amadeus Mozart,birth_city,Wolfgang Amadeus Mozart was born in the city of,subject_last,6,6-20,jspace_restore_rest,0," Salzburg, Austria,", Salzburg,0,-3.6578,-3.7236,-0.0658,-0.1723,-0.3168,-0.1445,1,0, Salzburg,0.0858
Wolfgang Amadeus Mozart,birth_city,Wolfgang Amadeus Mozart was born in the city of,subject_last,6,6-20,name_lens,0," Salzburg, Austria,", Salzburg,0,-3.6578,-3.6833,-0.0254,-0.1723,-0.3233,-0.151,1,0, Salzburg,0.1011
Wolfgang Amadeus Mozart,birth_year,Wolfgang Amadeus Mozart was born in the year,subject_last,6,9-13,jspace,0, 1756.,175,1,-1.7394,-2.213,-0.4736,-0.1518,-0.4834,-0.3316,1,0,175,0.0016
Wolfgang Amadeus Mozart,birth_year,Wolfgang Amadeus Mozart was born in the year,subject_last,6,9-13,jspace_keep_name,0, 1756.,175,1,-1.7394,-1.8324,-0.093,-0.1518,-0.2522,-0.1003,1,0,175,0.0007
Wolfgang Amadeus Mozart,birth_year,Wolfgang Amadeus Mozart was born in the year,subject_last,6,9-13,jspace_restore_rest,0, 1756.,175,1,-1.7394,-2.1108,-0.3714,-0.1518,-0.3376,-0.1858,1,0,175,0.0006
Wolfgang Amadeus Mozart,birth_year,Wolfgang Amadeus Mozart was born in the year,subject_last,6,9-13,name_lens,0, 1756.,175,1,-1.7394,-2.2506,-0.5112,-0.1518,-0.4521,-0.3003,1,0,175,0.0011
Wolfgang Amadeus Mozart,birth_year,Wolfgang Amadeus Mozart was born in the year,subject_last,6,9-17,jspace,0, 1756.,175,1,-1.7394,-1.9812,-0.2419,-0.1518,-0.3817,-0.2298,1,0,175,0.0084
Wolfgang Amadeus Mozart,birth_year,Wolfgang Amadeus Mozart was born in the year,subject_last,6,9-17,jspace_keep_name,0, 1756.,175,1,-1.7394,-2.1751,-0.4357,-0.1518,-0.5353,-0.3835,1,0,175,0.0013
Wolfgang Amadeus Mozart,birth_year,Wolfgang Amadeus Mozart was born in the year,subject_last,6,9-17,jspace_restore_rest,0, 1756.,175,1,-1.7394,-2.2577,-0.5183,-0.1518,-0.4266,-0.2748,1,0,175,0.0007
Wolfgang Amadeus Mozart,birth_year,Wolfgang Amadeus Mozart was born in the year,subject_last,6,9-17,name_lens,0, 1756.,175,1,-1.7394,-2.3892,-0.6498,-0.1518,-0.499,-0.3472,1,0,175,0.0018
Wolfgang Amadeus Mozart,birth_year,Wolfgang Amadeus Mozart was born in the year,subject_last,6,6-20,jspace,0, 1756.,175,1,-1.7394,-2.5532,-0.8139,-0.1518,-0.8514,-0.6996,1,0,175,0.0386
Wolfgang Amadeus Mozart,birth_year,Wolfgang Amadeus Mozart was born in the year,subject_last,6,6-20,jspace_keep_name,0, 1756.,175,1,-1.7394,-2.4163,-0.677,-0.1518,-0.8568,-0.705,1,0,175,0.0029
Wolfgang Amadeus Mozart,birth_year,Wolfgang Amadeus Mozart was born in the year,subject_last,6,6-20,jspace_restore_rest,0, 1756.,175,1,-1.7394,-2.2808,-0.5414,-0.1518,-0.429,-0.2772,1,0,175,0.0012
Wolfgang Amadeus Mozart,birth_year,Wolfgang Amadeus Mozart was born in the year,subject_last,6,6-20,name_lens,0, 1756.,175,1,-1.7394,-2.3539,-0.6145,-0.1518,-0.4618,-0.3099,1,0,175,0.002
Wolfgang Amadeus Mozart,birth_country,Wolfgang Amadeus Mozart was born in the country of,subject_last,6,9-13,jspace,0, Austria. The city, Austria,0,-6.7267,-6.5749,0.1518,-0.6061,-0.4492,0.1568,1,0, Austria,0.0416
Wolfgang Amadeus Mozart,birth_country,Wolfgang Amadeus Mozart was born in the country of,subject_last,6,9-13,jspace_keep_name,0, Austria. The city, Austria,0,-6.7267,-6.5573,0.1693,-0.6061,-0.5371,0.0689,1,0, Austria,0.0179
Wolfgang Amadeus Mozart,birth_country,Wolfgang Amadeus Mozart was born in the country of,subject_last,6,9-13,jspace_restore_rest,0, Austria. The city, Austria,0,-6.7267,-6.7276,-0.0009,-0.6061,-0.6332,-0.0272,1,0, Austria,0.0148
Wolfgang Amadeus Mozart,birth_country,Wolfgang Amadeus Mozart was born in the country of,subject_last,6,9-13,name_lens,0, Austria. The city, Austria,0,-6.7267,-6.7149,0.0118,-0.6061,-0.5828,0.0232,1,0, Austria,0.0191
Wolfgang Amadeus Mozart,birth_country,Wolfgang Amadeus Mozart was born in the country of,subject_last,6,9-17,jspace,0, Austria. The city, Austria,0,-6.7267,-6.3952,0.3315,-0.6061,-0.4348,0.1712,1,0, Austria,0.0684
Wolfgang Amadeus Mozart,birth_country,Wolfgang Amadeus Mozart was born in the country of,subject_last,6,9-17,jspace_keep_name,0, Austria. The city, Austria,0,-6.7267,-6.4528,0.2739,-0.6061,-0.4923,0.1138,1,0, Austria,0.0572
Wolfgang Amadeus Mozart,birth_country,Wolfgang Amadeus Mozart was born in the country of,subject_last,6,9-17,jspace_restore_rest,0, Austria. The city, Austria,0,-6.7267,-6.7459,-0.0193,-0.6061,-0.662,-0.0559,1,0, Austria,0.0192
Wolfgang Amadeus Mozart,birth_country,Wolfgang Amadeus Mozart was born in the country of,subject_last,6,9-17,name_lens,0, Austria. The city, Austria,0,-6.7267,-6.7862,-0.0596,-0.6061,-0.6312,-0.0251,1,0, Austria,0.0235
Wolfgang Amadeus Mozart,birth_country,Wolfgang Amadeus Mozart was born in the country of,subject_last,6,6-20,jspace,0, Austria. The city, Austria,0,-6.7267,-6.7627,-0.036,-0.6061,-0.5217,0.0844,1,0, Austria,0.0793
Wolfgang Amadeus Mozart,birth_country,Wolfgang Amadeus Mozart was born in the country of,subject_last,6,6-20,jspace_keep_name,0, Austria. The city, Austria,0,-6.7267,-6.4568,0.2699,-0.6061,-0.5078,0.0982,1,0, Austria,0.0571
Wolfgang Amadeus Mozart,birth_country,Wolfgang Amadeus Mozart was born in the country of,subject_last,6,6-20,jspace_restore_rest,0, Austria. The city, Austria,0,-6.7267,-6.7738,-0.0472,-0.6061,-0.6249,-0.0189,1,0, Austria,0.0224
Wolfgang Amadeus Mozart,birth_country,Wolfgang Amadeus Mozart was born in the country of,subject_last,6,6-20,name_lens,0, Austria. The city, Austria,0,-6.7267,-6.7149,0.0117,-0.6061,-0.5295,0.0765,1,0, Austria,0.0366
Wolfgang Amadeus Mozart,death_year,Wolfgang Amadeus Mozart died in the year,subject_last,6,9-13,jspace,0, 1791.,179,1,-1.9643,-2.8824,-0.9181,-0.2809,-0.3345,-0.0536,1,0,179,0.0031
Wolfgang Amadeus Mozart,death_year,Wolfgang Amadeus Mozart died in the year,subject_last,6,9-13,jspace_keep_name,0, 1791.,179,1,-1.9643,-2.4949,-0.5306,-0.2809,-0.3589,-0.078,1,0,179,0.0012
Wolfgang Amadeus Mozart,death_year,Wolfgang Amadeus Mozart died in the year,subject_last,6,9-13,jspace_restore_rest,0, 1791.,179,1,-1.9643,-2.6431,-0.6788,-0.2809,-0.4999,-0.219,1,0,179,0.001
Wolfgang Amadeus Mozart,death_year,Wolfgang Amadeus Mozart died in the year,subject_last,6,9-13,name_lens,0, 1791.,179,1,-1.9643,-2.8804,-0.916,-0.2809,-0.584,-0.3031,1,0,179,0.0012
Wolfgang Amadeus Mozart,death_year,Wolfgang Amadeus Mozart died in the year,subject_last,6,9-17,jspace,0, 1791.,179,1,-1.9643,-3.4551,-1.4907,-0.2809,-0.5356,-0.2547,1,0,179,0.0057
Wolfgang Amadeus Mozart,death_year,Wolfgang Amadeus Mozart died in the year,subject_last,6,9-17,jspace_keep_name,0, 1791.,179,1,-1.9643,-2.7064,-0.7421,-0.2809,-0.6473,-0.3665,1,0,179,0.0018
Wolfgang Amadeus Mozart,death_year,Wolfgang Amadeus Mozart died in the year,subject_last,6,9-17,jspace_restore_rest,0, 1791.,179,1,-1.9643,-2.9548,-0.9905,-0.2809,-0.5883,-0.3074,1,0,179,0.0012
Wolfgang Amadeus Mozart,death_year,Wolfgang Amadeus Mozart died in the year,subject_last,6,9-17,name_lens,0, 1791.,179,1,-1.9643,-3.3296,-1.3653,-0.2809,-0.7496,-0.4688,1,0,179,0.0018
Wolfgang Amadeus Mozart,death_year,Wolfgang Amadeus Mozart died in the year,subject_last,6,6-20,jspace,0, 1791.,179,1,-1.9643,-3.3383,-1.3739,-0.2809,-0.9043,-0.6234,1,0,179,0.0541
Wolfgang Amadeus Mozart,death_year,Wolfgang Amadeus Mozart died in the year,subject_last,6,6-20,jspace_keep_name,0, 1791.,179,1,-1.9643,-2.8775,-0.9131,-0.2809,-0.84,-0.5591,1,0,179,0.0058
Wolfgang Amadeus Mozart,death_year,Wolfgang Amadeus Mozart died in the year,subject_last,6,6-20,jspace_restore_rest,0, 1791.,179,1,-1.9643,-3.2504,-1.286,-0.2809,-0.6747,-0.3938,1,0,179,0.0031
Wolfgang Amadeus Mozart,death_year,Wolfgang Amadeus Mozart died in the year,subject_last,6,6-20,name_lens,0, 1791.,179,1,-1.9643,-3.7527,-1.7883,-0.2809,-0.9055,-0.6247,1,0,179,0.0076
Wolfgang Amadeus Mozart,occupation,Wolfgang Amadeus Mozart worked as a,subject_last,6,9-13,jspace,0, composer in the , composer,0,-5.4746,-5.6334,-0.1588,-1.8982,-2.0274,-0.1292,1,0, composer,0.0249
Wolfgang Amadeus Mozart,occupation,Wolfgang Amadeus Mozart worked as a,subject_last,6,9-13,jspace_keep_name,0, composer in the , composer,0,-5.4746,-5.5622,-0.0876,-1.8982,-1.8801,0.0181,1,0, composer,0.0237
Wolfgang Amadeus Mozart,occupation,Wolfgang Amadeus Mozart worked as a,subject_last,6,9-13,jspace_restore_rest,0, composer in the , composer,0,-5.4746,-5.4989,-0.0243,-1.8982,-1.9674,-0.0693,1,0, composer,0.0159
Wolfgang Amadeus Mozart,occupation,Wolfgang Amadeus Mozart worked as a,subject_last,6,9-13,name_lens,0, composer in the , composer,0,-5.4746,-5.5764,-0.1018,-1.8982,-2.002,-0.1038,1,0, composer,0.0196
Wolfgang Amadeus Mozart,occupation,Wolfgang Amadeus Mozart worked as a,subject_last,6,9-17,jspace,0, composer in the , composer,0,-5.4746,-5.6915,-0.2169,-1.8982,-1.9638,-0.0657,1,0, composer,0.0252
Wolfgang Amadeus Mozart,occupation,Wolfgang Amadeus Mozart worked as a,subject_last,6,9-17,jspace_keep_name,0, composer in the , composer,0,-5.4746,-5.4536,0.021,-1.8982,-1.7853,0.1129,1,0, composer,0.0218
Wolfgang Amadeus Mozart,occupation,Wolfgang Amadeus Mozart worked as a,subject_last,6,9-17,jspace_restore_rest,0, composer in the , composer,0,-5.4746,-5.5993,-0.1246,-1.8982,-2.0602,-0.1621,1,0, composer,0.0201
Wolfgang Amadeus Mozart,occupation,Wolfgang Amadeus Mozart worked as a,subject_last,6,9-17,name_lens,0, composer in the , composer,0,-5.4746,-5.6126,-0.138,-1.8982,-2.0433,-0.1452,1,0, composer,0.0238
Wolfgang Amadeus Mozart,occupation,Wolfgang Amadeus Mozart worked as a,subject_last,6,6-20,jspace,0, composer in the , composer,0,-5.4746,-6.2255,-0.7509,-1.8982,-2.0521,-0.1539,1,0, composer,0.1082
Wolfgang Amadeus Mozart,occupation,Wolfgang Amadeus Mozart worked as a,subject_last,6,6-20,jspace_keep_name,0, composer in the , composer,0,-5.4746,-5.4651,0.0096,-1.8982,-1.7389,0.1592,1,0, composer,0.0565
Wolfgang Amadeus Mozart,occupation,Wolfgang Amadeus Mozart worked as a,subject_last,6,6-20,jspace_restore_rest,0, composer in the , composer,0,-5.4746,-5.5346,-0.06,-1.8982,-1.9644,-0.0663,1,0, composer,0.0291
Wolfgang Amadeus Mozart,occupation,Wolfgang Amadeus Mozart worked as a,subject_last,6,6-20,name_lens,0, composer in the , composer,0,-5.4746,-5.7234,-0.2488,-1.8982,-2.0449,-0.1468,1,0, composer,0.0427
Wolfgang Amadeus Mozart,profession_of,The profession of Wolfgang Amadeus Mozart was,subject_last,8,9-13,jspace,0, a composer. The, composer,1,-7.2171,-7.361,-0.1439,-2.1117,-2.219,-0.1073,1,0, composer,0.0075
Wolfgang Amadeus Mozart,profession_of,The profession of Wolfgang Amadeus Mozart was,subject_last,8,9-13,jspace_keep_name,0, a composer. The, composer,1,-7.2171,-7.2148,0.0023,-2.1117,-2.0919,0.0198,1,0, composer,0.005
Wolfgang Amadeus Mozart,profession_of,The profession of Wolfgang Amadeus Mozart was,subject_last,8,9-13,jspace_restore_rest,0, a composer. The, composer,1,-7.2171,-7.0921,0.125,-2.1117,-2.0986,0.0131,1,0, composer,0.0029
Wolfgang Amadeus Mozart,profession_of,The profession of Wolfgang Amadeus Mozart was,subject_last,8,9-13,name_lens,0, a composer. The, composer,1,-7.2171,-7.1232,0.0939,-2.1117,-2.1014,0.0103,1,0, composer,0.0033
Wolfgang Amadeus Mozart,profession_of,The profession of Wolfgang Amadeus Mozart was,subject_last,8,9-17,jspace,0, a composer. The, composer,1,-7.2171,-7.9194,-0.7023,-2.1117,-2.4821,-0.3703,1,0, composer,0.0412
Wolfgang Amadeus Mozart,profession_of,The profession of Wolfgang Amadeus Mozart was,subject_last,8,9-17,jspace_keep_name,0, a composer. The, composer,1,-7.2171,-7.3816,-0.1645,-2.1117,-2.1086,0.0031,1,0, composer,0.0142
Wolfgang Amadeus Mozart,profession_of,The profession of Wolfgang Amadeus Mozart was,subject_last,8,9-17,jspace_restore_rest,0, a composer. The, composer,1,-7.2171,-7.127,0.0901,-2.1117,-2.1483,-0.0366,1,0, composer,0.0032
Wolfgang Amadeus Mozart,profession_of,The profession of Wolfgang Amadeus Mozart was,subject_last,8,9-17,name_lens,0, a composer. The, composer,1,-7.2171,-7.1029,0.1142,-2.1117,-2.1433,-0.0316,1,0, composer,0.0039
Wolfgang Amadeus Mozart,profession_of,The profession of Wolfgang Amadeus Mozart was,subject_last,8,6-20,jspace,0, a composer. The, composer,1,-7.2171,-7.3836,-0.1665,-2.1117,-2.2144,-0.1027,1,0, composer,0.0483
Wolfgang Amadeus Mozart,profession_of,The profession of Wolfgang Amadeus Mozart was,subject_last,8,6-20,jspace_keep_name,0, a composer. The, composer,1,-7.2171,-6.8463,0.3707,-2.1117,-2.2595,-0.1478,1,0, composer,0.0843
Wolfgang Amadeus Mozart,profession_of,The profession of Wolfgang Amadeus Mozart was,subject_last,8,6-20,jspace_restore_rest,0, a composer. The, composer,1,-7.2171,-7.1622,0.0548,-2.1117,-2.1836,-0.0718,1,0, composer,0.0141
Wolfgang Amadeus Mozart,profession_of,The profession of Wolfgang Amadeus Mozart was,subject_last,8,6-20,name_lens,0, a composer. The, composer,1,-7.2171,-7.1202,0.0969,-2.1117,-2.1898,-0.0781,1,0, composer,0.0194
Wolfgang Amadeus Mozart,instrument,Wolfgang Amadeus Mozart played the,subject_last,6,9-13,jspace,0, piano. The piano, piano,0,-7.2476,-7.4717,-0.2241,-0.381,-0.5018,-0.1207,1,0, piano,0.0214
Wolfgang Amadeus Mozart,instrument,Wolfgang Amadeus Mozart played the,subject_last,6,9-13,jspace_keep_name,0, piano. The piano, piano,0,-7.2476,-7.4585,-0.2109,-0.381,-0.3873,-0.0063,1,0, piano,0.0119
Wolfgang Amadeus Mozart,instrument,Wolfgang Amadeus Mozart played the,subject_last,6,9-13,jspace_restore_rest,0, piano. The piano, piano,0,-7.2476,-7.501,-0.2533,-0.381,-0.4844,-0.1034,1,0, piano,0.0228
Wolfgang Amadeus Mozart,instrument,Wolfgang Amadeus Mozart played the,subject_last,6,9-13,name_lens,0, piano. The piano, piano,0,-7.2476,-7.4877,-0.2401,-0.381,-0.4953,-0.1142,1,0, piano,0.0251
Wolfgang Amadeus Mozart,instrument,Wolfgang Amadeus Mozart played the,subject_last,6,9-17,jspace,0, piano. The piano, piano,0,-7.2476,-7.5375,-0.2898,-0.381,-0.4823,-0.1013,1,0, piano,0.023
Wolfgang Amadeus Mozart,instrument,Wolfgang Amadeus Mozart played the,subject_last,6,9-17,jspace_keep_name,0, piano. The piano, piano,0,-7.2476,-7.2124,0.0352,-0.381,-0.4356,-0.0546,1,0, piano,0.0132
Wolfgang Amadeus Mozart,instrument,Wolfgang Amadeus Mozart played the,subject_last,6,9-17,jspace_restore_rest,0, piano. The piano, piano,0,-7.2476,-7.4256,-0.1779,-0.381,-0.4937,-0.1127,1,0, piano,0.0251
Wolfgang Amadeus Mozart,instrument,Wolfgang Amadeus Mozart played the,subject_last,6,9-17,name_lens,0, piano. The piano, piano,0,-7.2476,-7.508,-0.2603,-0.381,-0.5288,-0.1478,1,0, piano,0.0328
Wolfgang Amadeus Mozart,instrument,Wolfgang Amadeus Mozart played the,subject_last,6,6-20,jspace,0, piano. The piano, piano,0,-7.2476,-9.6571,-2.4095,-0.381,-0.9907,-0.6097,1,0, piano,0.2879
Wolfgang Amadeus Mozart,instrument,Wolfgang Amadeus Mozart played the,subject_last,6,6-20,jspace_keep_name,0, piano. The piano, piano,0,-7.2476,-7.2667,-0.0191,-0.381,-0.3527,0.0283,1,0, piano,0.0214
Wolfgang Amadeus Mozart,instrument,Wolfgang Amadeus Mozart played the,subject_last,6,6-20,jspace_restore_rest,0, piano. The piano, piano,0,-7.2476,-7.6089,-0.3613,-0.381,-0.6083,-0.2273,1,0, piano,0.0555
Wolfgang Amadeus Mozart,instrument,Wolfgang Amadeus Mozart played the,subject_last,6,6-20,name_lens,0, piano. The piano, piano,0,-7.2476,-7.7788,-0.5312,-0.381,-0.6192,-0.2382,1,0, piano,0.064
Wolfgang Amadeus Mozart,famous_for,Wolfgang Amadeus Mozart is famous for,subject_last,6,9-13,jspace,0, his symphonies, sym,1,-2.3553,-2.7011,-0.3457,-1.4699,-1.7017,-0.2318,1,0, sym,0.0066
Wolfgang Amadeus Mozart,famous_for,Wolfgang Amadeus Mozart is famous for,subject_last,6,9-13,jspace_keep_name,0, his symphonies, sym,1,-2.3553,-2.8968,-0.5415,-1.4699,-1.9897,-0.5198,1,0, sym,0.0032
Wolfgang Amadeus Mozart,famous_for,Wolfgang Amadeus Mozart is famous for,subject_last,6,9-13,jspace_restore_rest,0, his symphonies, sym,1,-2.3553,-2.2107,0.1447,-1.4699,-1.2928,0.1771,1,0, sym,0.0046
Wolfgang Amadeus Mozart,famous_for,Wolfgang Amadeus Mozart is famous for,subject_last,6,9-13,name_lens,0, his symphonies, sym,1,-2.3553,-2.1555,0.1998,-1.4699,-1.2476,0.2223,1,0, sym,0.0046
Wolfgang Amadeus Mozart,famous_for,Wolfgang Amadeus Mozart is famous for,subject_last,6,9-17,jspace,0, his symphonies, sym,1,-2.3553,-2.7115,-0.3562,-1.4699,-1.7251,-0.2552,1,0, sym,0.0117
Wolfgang Amadeus Mozart,famous_for,Wolfgang Amadeus Mozart is famous for,subject_last,6,9-17,jspace_keep_name,0, his symphonies, sym,1,-2.3553,-2.7938,-0.4384,-1.4699,-1.8121,-0.3422,1,0, sym,0.0077
Wolfgang Amadeus Mozart,famous_for,Wolfgang Amadeus Mozart is famous for,subject_last,6,9-17,jspace_restore_rest,0, his symphonies, sym,1,-2.3553,-2.1881,0.1673,-1.4699,-1.2849,0.185,1,0, sym,0.0044
Wolfgang Amadeus Mozart,famous_for,Wolfgang Amadeus Mozart is famous for,subject_last,6,9-17,name_lens,0, his symphonies, sym,1,-2.3553,-2.1704,0.185,-1.4699,-1.2593,0.2106,1,0, sym,0.0048
Wolfgang Amadeus Mozart,famous_for,Wolfgang Amadeus Mozart is famous for,subject_last,6,6-20,jspace,0, his symphonies, sym,1,-2.3553,-2.4903,-0.1349,-1.4699,-1.3061,0.1638,1,0, sym,0.1287
Wolfgang Amadeus Mozart,famous_for,Wolfgang Amadeus Mozart is famous for,subject_last,6,6-20,jspace_keep_name,0, his symphonies, sym,1,-2.3553,-3.7483,-1.393,-1.4699,-2.5833,-1.1134,3,1, music,0.0779
Wolfgang Amadeus Mozart,famous_for,Wolfgang Amadeus Mozart is famous for,subject_last,6,6-20,jspace_restore_rest,0, his symphonies, sym,1,-2.3553,-2.0618,0.2935,-1.4699,-1.1484,0.3215,1,0, sym,0.0087
Wolfgang Amadeus Mozart,famous_for,Wolfgang Amadeus Mozart is famous for,subject_last,6,6-20,name_lens,0, his symphonies, sym,1,-2.3553,-2.1031,0.2522,-1.4699,-1.1561,0.3139,1,0, sym,0.0111
Wolfgang Amadeus Mozart,language,Wolfgang Amadeus Mozart spoke the language of,subject_last,6,9-13,jspace,0," the gods, and", gods,1,-8.0491,-8.2331,-0.1841,-3.1314,-3.1863,-0.0549,1,0, gods,0.0171
Wolfgang Amadeus Mozart,language,Wolfgang Amadeus Mozart spoke the language of,subject_last,6,9-13,jspace_keep_name,0," the gods, and", gods,1,-8.0491,-8.2154,-0.1663,-3.1314,-3.2407,-0.1093,1,0, gods,0.0126
Wolfgang Amadeus Mozart,language,Wolfgang Amadeus Mozart spoke the language of,subject_last,6,9-13,jspace_restore_rest,0," the gods, and", gods,1,-8.0491,-8.1907,-0.1416,-3.1314,-3.2004,-0.069,1,0, gods,0.0093
Wolfgang Amadeus Mozart,language,Wolfgang Amadeus Mozart spoke the language of,subject_last,6,9-13,name_lens,0," the gods, and", gods,1,-8.0491,-8.2158,-0.1668,-3.1314,-3.1916,-0.0602,1,0, gods,0.0122
Wolfgang Amadeus Mozart,language,Wolfgang Amadeus Mozart spoke the language of,subject_last,6,9-17,jspace,0," the gods, and", gods,1,-8.0491,-8.0924,-0.0434,-3.1314,-3.0077,0.1237,1,0, gods,0.0209
Wolfgang Amadeus Mozart,language,Wolfgang Amadeus Mozart spoke the language of,subject_last,6,9-17,jspace_keep_name,0," the gods, and", gods,1,-8.0491,-8.117,-0.0679,-3.1314,-3.1569,-0.0256,1,0, gods,0.0314
Wolfgang Amadeus Mozart,language,Wolfgang Amadeus Mozart spoke the language of,subject_last,6,9-17,jspace_restore_rest,0," the gods, and", gods,1,-8.0491,-8.1045,-0.0554,-3.1314,-3.1348,-0.0034,1,0, gods,0.0126
Wolfgang Amadeus Mozart,language,Wolfgang Amadeus Mozart spoke the language of,subject_last,6,9-17,name_lens,0," the gods, and", gods,1,-8.0491,-8.1517,-0.1026,-3.1314,-3.1218,0.0096,1,0, gods,0.0152
Wolfgang Amadeus Mozart,language,Wolfgang Amadeus Mozart spoke the language of,subject_last,6,6-20,jspace,0," the gods, and", gods,1,-8.0491,-8.6141,-0.565,-3.1314,-3.3975,-0.2661,4,1, future,0.0729
Wolfgang Amadeus Mozart,language,Wolfgang Amadeus Mozart spoke the language of,subject_last,6,6-20,jspace_keep_name,0," the gods, and", gods,1,-8.0491,-7.7087,0.3404,-3.1314,-2.5535,0.5779,1,0, gods,0.0878
Wolfgang Amadeus Mozart,language,Wolfgang Amadeus Mozart spoke the language of,subject_last,6,6-20,jspace_restore_rest,0," the gods, and", gods,1,-8.0491,-8.2206,-0.1715,-3.1314,-3.137,-0.0056,1,0, gods,0.0133
Wolfgang Amadeus Mozart,language,Wolfgang Amadeus Mozart spoke the language of,subject_last,6,6-20,name_lens,0," the gods, and", gods,1,-8.0491,-8.1586,-0.1096,-3.1314,-3.0835,0.0479,1,0, gods,0.0174
Wolfgang Amadeus Mozart,spouse,Wolfgang Amadeus Mozart was married to,subject_last,6,9-13,jspace,0, a woman named Const, woman,1,-4.1076,-5.285,-1.1774,-0.8499,-0.881,-0.031,1,0, woman,0.0818
Wolfgang Amadeus Mozart,spouse,Wolfgang Amadeus Mozart was married to,subject_last,6,9-13,jspace_keep_name,0, a woman named Const, woman,1,-4.1076,-5.8922,-1.7846,-0.8499,-0.9754,-0.1255,1,0, woman,0.1139
Wolfgang Amadeus Mozart,spouse,Wolfgang Amadeus Mozart was married to,subject_last,6,9-13,jspace_restore_rest,0, a woman named Const, woman,1,-4.1076,-4.318,-0.2104,-0.8499,-0.8491,0.0008,1,0, woman,0.0578
Wolfgang Amadeus Mozart,spouse,Wolfgang Amadeus Mozart was married to,subject_last,6,9-13,name_lens,0, a woman named Const, woman,1,-4.1076,-4.4572,-0.3496,-0.8499,-0.835,0.015,1,0, woman,0.0788
Wolfgang Amadeus Mozart,spouse,Wolfgang Amadeus Mozart was married to,subject_last,6,9-17,jspace,0, a woman named Const, woman,1,-4.1076,-5.6154,-1.5078,-0.8499,-0.8981,-0.0481,1,0, woman,0.1175
Wolfgang Amadeus Mozart,spouse,Wolfgang Amadeus Mozart was married to,subject_last,6,9-17,jspace_keep_name,0, a woman named Const, woman,1,-4.1076,-5.4844,-1.3768,-0.8499,-0.9828,-0.1328,1,0, woman,0.122
Wolfgang Amadeus Mozart,spouse,Wolfgang Amadeus Mozart was married to,subject_last,6,9-17,jspace_restore_rest,0, a woman named Const, woman,1,-4.1076,-4.4321,-0.3245,-0.8499,-0.8105,0.0394,1,0, woman,0.0762
Wolfgang Amadeus Mozart,spouse,Wolfgang Amadeus Mozart was married to,subject_last,6,9-17,name_lens,0, a woman named Const, woman,1,-4.1076,-4.7124,-0.6049,-0.8499,-0.816,0.0339,1,0, woman,0.1076
Wolfgang Amadeus Mozart,spouse,Wolfgang Amadeus Mozart was married to,subject_last,6,6-20,jspace,0, a woman named Const, woman,1,-4.1076,-5.5193,-1.4117,-0.8499,-0.668,0.182,1,0, woman,0.3832
Wolfgang Amadeus Mozart,spouse,Wolfgang Amadeus Mozart was married to,subject_last,6,6-20,jspace_keep_name,0, a woman named Const, woman,1,-4.1076,-9.7619,-5.6543,-0.8499,-1.3299,-0.48,1,0, woman,0.5576
Wolfgang Amadeus Mozart,spouse,Wolfgang Amadeus Mozart was married to,subject_last,6,6-20,jspace_restore_rest,0, a woman named Const, woman,1,-4.1076,-4.012,0.0956,-0.8499,-0.7123,0.1376,1,0, woman,0.1075
Wolfgang Amadeus Mozart,spouse,Wolfgang Amadeus Mozart was married to,subject_last,6,6-20,name_lens,0, a woman named Const, woman,1,-4.1076,-4.7251,-0.6176,-0.8499,-0.7099,0.14,1,0, woman,0.1668
Wolfgang Amadeus Mozart,education,Wolfgang Amadeus Mozart studied at the University of,subject_last,6,9-13,jspace,0, Vienna. The University, Vienna,0,-7.391,-7.3472,0.0439,-1.0003,-0.9599,0.0405,1,0, Vienna,0.0891
Wolfgang Amadeus Mozart,education,Wolfgang Amadeus Mozart studied at the University of,subject_last,6,9-13,jspace_keep_name,0, Vienna. The University, Vienna,0,-7.391,-7.3479,0.0431,-1.0003,-0.8953,0.105,1,0, Vienna,0.0438
Wolfgang Amadeus Mozart,education,Wolfgang Amadeus Mozart studied at the University of,subject_last,6,9-13,jspace_restore_rest,0, Vienna. The University, Vienna,0,-7.391,-7.2692,0.1219,-1.0003,-1.0055,-0.0051,1,0, Vienna,0.0629
Wolfgang Amadeus Mozart,education,Wolfgang Amadeus Mozart studied at the University of,subject_last,6,9-13,name_lens,0, Vienna. The University, Vienna,0,-7.391,-7.3914,-0.0003,-1.0003,-1.009,-0.0086,1,0, Vienna,0.0831
Wolfgang Amadeus Mozart,education,Wolfgang Amadeus Mozart studied at the University of,subject_last,6,9-17,jspace,0, Vienna. The University, Vienna,0,-7.391,-7.027,0.3641,-1.0003,-0.9545,0.0458,1,0, Vienna,0.1704
Wolfgang Amadeus Mozart,education,Wolfgang Amadeus Mozart studied at the University of,subject_last,6,9-17,jspace_keep_name,0, Vienna. The University, Vienna,0,-7.391,-7.2268,0.1643,-1.0003,-0.9492,0.0511,1,0, Vienna,0.1107
Wolfgang Amadeus Mozart,education,Wolfgang Amadeus Mozart studied at the University of,subject_last,6,9-17,jspace_restore_rest,0, Vienna. The University, Vienna,0,-7.391,-7.3449,0.0461,-1.0003,-1.0391,-0.0387,1,0, Vienna,0.081
Wolfgang Amadeus Mozart,education,Wolfgang Amadeus Mozart studied at the University of,subject_last,6,9-17,name_lens,0, Vienna. The University, Vienna,0,-7.391,-7.3427,0.0484,-1.0003,-1.0422,-0.0418,1,0, Vienna,0.1042
Wolfgang Amadeus Mozart,education,Wolfgang Amadeus Mozart studied at the University of,subject_last,6,6-20,jspace,0, Vienna. The University, Vienna,0,-7.391,-8.1689,-0.7779,-1.0003,-1.2569,-0.2566,1,0, Vienna,0.3051
Wolfgang Amadeus Mozart,education,Wolfgang Amadeus Mozart studied at the University of,subject_last,6,6-20,jspace_keep_name,0, Vienna. The University, Vienna,0,-7.391,-7.578,-0.187,-1.0003,-1.0066,-0.0063,1,0, Vienna,0.2288
Wolfgang Amadeus Mozart,education,Wolfgang Amadeus Mozart studied at the University of,subject_last,6,6-20,jspace_restore_rest,0, Vienna. The University, Vienna,0,-7.391,-7.0866,0.3045,-1.0003,-0.9043,0.096,1,0, Vienna,0.1112
Wolfgang Amadeus Mozart,education,Wolfgang Amadeus Mozart studied at the University of,subject_last,6,6-20,name_lens,0, Vienna. The University, Vienna,0,-7.391,-7.1845,0.2065,-1.0003,-0.9075,0.0929,1,0, Vienna,0.1437
Wolfgang Amadeus Mozart,citizenship,Wolfgang Amadeus Mozart was a citizen of,subject_last,6,9-13,jspace,0, the Holy Roman Empire, Holy,1,-2.7344,-2.5923,0.1421,-1.9073,-1.6831,0.2242,1,0, Holy,0.0085
Wolfgang Amadeus Mozart,citizenship,Wolfgang Amadeus Mozart was a citizen of,subject_last,6,9-13,jspace_keep_name,0, the Holy Roman Empire, Holy,1,-2.7344,-2.9838,-0.2494,-1.9073,-2.0928,-0.1855,2,1, Austrian,0.0074
Wolfgang Amadeus Mozart,citizenship,Wolfgang Amadeus Mozart was a citizen of,subject_last,6,9-13,jspace_restore_rest,0, the Holy Roman Empire, Holy,1,-2.7344,-2.6748,0.0596,-1.9073,-1.8648,0.0425,1,0, Holy,0.005
Wolfgang Amadeus Mozart,citizenship,Wolfgang Amadeus Mozart was a citizen of,subject_last,6,9-13,name_lens,0, the Holy Roman Empire, Holy,1,-2.7344,-2.6995,0.0349,-1.9073,-1.8628,0.0444,1,0, Holy,0.006
Wolfgang Amadeus Mozart,citizenship,Wolfgang Amadeus Mozart was a citizen of,subject_last,6,9-17,jspace,0, the Holy Roman Empire, Holy,1,-2.7344,-2.4375,0.2969,-1.9073,-1.592,0.3152,1,0, Holy,0.016
Wolfgang Amadeus Mozart,citizenship,Wolfgang Amadeus Mozart was a citizen of,subject_last,6,9-17,jspace_keep_name,0, the Holy Roman Empire, Holy,1,-2.7344,-2.7211,0.0133,-1.9073,-1.7886,0.1186,1,0, Holy,0.0132
Wolfgang Amadeus Mozart,citizenship,Wolfgang Amadeus Mozart was a citizen of,subject_last,6,9-17,jspace_restore_rest,0, the Holy Roman Empire, Holy,1,-2.7344,-2.7283,0.0061,-1.9073,-1.8885,0.0188,1,0, Holy,0.0046
Wolfgang Amadeus Mozart,citizenship,Wolfgang Amadeus Mozart was a citizen of,subject_last,6,9-17,name_lens,0, the Holy Roman Empire, Holy,1,-2.7344,-2.7606,-0.0262,-1.9073,-1.9239,-0.0166,1,0, Holy,0.0063
Wolfgang Amadeus Mozart,citizenship,Wolfgang Amadeus Mozart was a citizen of,subject_last,6,6-20,jspace,0, the Holy Roman Empire, Holy,1,-2.7344,-2.8718,-0.1374,-1.9073,-1.8186,0.0887,1,0, Holy,0.1961
Wolfgang Amadeus Mozart,citizenship,Wolfgang Amadeus Mozart was a citizen of,subject_last,6,6-20,jspace_keep_name,0, the Holy Roman Empire, Holy,1,-2.7344,-2.1619,0.5725,-1.9073,-1.3392,0.5681,1,0, Holy,0.0638
Wolfgang Amadeus Mozart,citizenship,Wolfgang Amadeus Mozart was a citizen of,subject_last,6,6-20,jspace_restore_rest,0, the Holy Roman Empire, Holy,1,-2.7344,-2.9054,-0.171,-1.9073,-2.0065,-0.0992,2,1, Austrian,0.0117
Wolfgang Amadeus Mozart,citizenship,Wolfgang Amadeus Mozart was a citizen of,subject_last,6,6-20,name_lens,0, the Holy Roman Empire, Holy,1,-2.7344,-3.0577,-0.3233,-1.9073,-2.0766,-0.1693,2,1, Austrian,0.0255
Wolfgang Amadeus Mozart,copy_first_name,The first name of Wolfgang Amadeus Mozart is,subject_last,9,9-13,jspace,0, Wolfgang. The second, Wolfgang,0,-4.3256,-4.4152,-0.0896,-1.4455,-1.527,-0.0814,1,0, Wolfgang,0.0077
Wolfgang Amadeus Mozart,copy_first_name,The first name of Wolfgang Amadeus Mozart is,subject_last,9,9-13,jspace_keep_name,0, Wolfgang. The second, Wolfgang,0,-4.3256,-4.3784,-0.0527,-1.4455,-1.4929,-0.0474,1,0, Wolfgang,0.0071
Wolfgang Amadeus Mozart,copy_first_name,The first name of Wolfgang Amadeus Mozart is,subject_last,9,9-13,jspace_restore_rest,0, Wolfgang. The second, Wolfgang,0,-4.3256,-4.3462,-0.0205,-1.4455,-1.5196,-0.0741,1,0, Wolfgang,0.0051
Wolfgang Amadeus Mozart,copy_first_name,The first name of Wolfgang Amadeus Mozart is,subject_last,9,9-13,name_lens,0, Wolfgang. The second, Wolfgang,0,-4.3256,-4.3795,-0.0539,-1.4455,-1.5386,-0.0931,1,0, Wolfgang,0.009
Wolfgang Amadeus Mozart,copy_first_name,The first name of Wolfgang Amadeus Mozart is,subject_last,9,9-17,jspace,0, Wolfgang. The second, Wolfgang,0,-4.3256,-4.5872,-0.2616,-1.4455,-1.661,-0.2154,1,0, Wolfgang,0.0189
Wolfgang Amadeus Mozart,copy_first_name,The first name of Wolfgang Amadeus Mozart is,subject_last,9,9-17,jspace_keep_name,0, Wolfgang. The second, Wolfgang,0,-4.3256,-4.4048,-0.0792,-1.4455,-1.419,0.0265,1,0, Wolfgang,0.0063
Wolfgang Amadeus Mozart,copy_first_name,The first name of Wolfgang Amadeus Mozart is,subject_last,9,9-17,jspace_restore_rest,0, Wolfgang. The second, Wolfgang,0,-4.3256,-4.3501,-0.0245,-1.4455,-1.4732,-0.0277,1,0, Wolfgang,0.0032
Wolfgang Amadeus Mozart,copy_first_name,The first name of Wolfgang Amadeus Mozart is,subject_last,9,9-17,name_lens,0, Wolfgang. The second, Wolfgang,0,-4.3256,-4.4243,-0.0987,-1.4455,-1.5752,-0.1297,1,0, Wolfgang,0.013
Wolfgang Amadeus Mozart,copy_first_name,The first name of Wolfgang Amadeus Mozart is,subject_last,9,6-20,jspace,0, Wolfgang. The second, Wolfgang,0,-4.3256,-5.1137,-0.7881,-1.4455,-1.5679,-0.1223,1,0, Wolfgang,0.0792
Wolfgang Amadeus Mozart,copy_first_name,The first name of Wolfgang Amadeus Mozart is,subject_last,9,6-20,jspace_keep_name,0, Wolfgang. The second, Wolfgang,0,-4.3256,-4.8348,-0.5092,-1.4455,-1.8096,-0.364,1,0, Wolfgang,0.0346
Wolfgang Amadeus Mozart,copy_first_name,The first name of Wolfgang Amadeus Mozart is,subject_last,9,6-20,jspace_restore_rest,0, Wolfgang. The second, Wolfgang,0,-4.3256,-4.4952,-0.1696,-1.4455,-1.6673,-0.2218,1,0, Wolfgang,0.0151
Wolfgang Amadeus Mozart,copy_first_name,The first name of Wolfgang Amadeus Mozart is,subject_last,9,6-20,name_lens,0, Wolfgang. The second, Wolfgang,0,-4.3256,-4.7348,-0.4091,-1.4455,-1.7325,-0.2869,1,0, Wolfgang,0.0306
Wolfgang Amadeus Mozart,copy_last_name,The last name of Wolfgang Amadeus Mozart is,subject_last,9,9-13,jspace,0," ""Mozart"".",Moz,1,-5.8674,-7.7236,-1.8562,-1.5042,-2.0841,-0.58,1,1,Am,0.0495
Wolfgang Amadeus Mozart,copy_last_name,The last name of Wolfgang Amadeus Mozart is,subject_last,9,9-13,jspace_keep_name,0," ""Mozart"".",Moz,1,-5.8674,-6.994,-1.1265,-1.5042,-1.8621,-0.3579,2,1,Am,0.0185
Wolfgang Amadeus Mozart,copy_last_name,The last name of Wolfgang Amadeus Mozart is,subject_last,9,9-13,jspace_restore_rest,0," ""Mozart"".",Moz,1,-5.8674,-6.4024,-0.5349,-1.5042,-1.6832,-0.179,1,0,Moz,0.0292
Wolfgang Amadeus Mozart,copy_last_name,The last name of Wolfgang Amadeus Mozart is,subject_last,9,9-13,name_lens,0," ""Mozart"".",Moz,1,-5.8674,-7.267,-1.3995,-1.5042,-2.2458,-0.7417,1,0,Moz,0.066
Wolfgang Amadeus Mozart,copy_last_name,The last name of Wolfgang Amadeus Mozart is,subject_last,9,9-17,jspace,0," ""Mozart"".",Moz,1,-5.8674,-8.0721,-2.2047,-1.5042,-2.3054,-0.8013,2,1,Am,0.102
Wolfgang Amadeus Mozart,copy_last_name,The last name of Wolfgang Amadeus Mozart is,subject_last,9,9-17,jspace_keep_name,0," ""Mozart"".",Moz,1,-5.8674,-7.1518,-1.2844,-1.5042,-1.5612,-0.057,1,0,Moz,0.0353
Wolfgang Amadeus Mozart,copy_last_name,The last name of Wolfgang Amadeus Mozart is,subject_last,9,9-17,jspace_restore_rest,0," ""Mozart"".",Moz,1,-5.8674,-6.0818,-0.2143,-1.5042,-1.4753,0.0289,1,0,Moz,0.019
Wolfgang Amadeus Mozart,copy_last_name,The last name of Wolfgang Amadeus Mozart is,subject_last,9,9-17,name_lens,0," ""Mozart"".",Moz,1,-5.8674,-7.9005,-2.0331,-1.5042,-2.7681,-1.2639,2,1,M,0.0963
Wolfgang Amadeus Mozart,copy_last_name,The last name of Wolfgang Amadeus Mozart is,subject_last,9,6-20,jspace,0," ""Mozart"".",Moz,1,-5.8674,-11.3044,-5.437,-1.5042,-4.5589,-3.0548,11,1,M,0.3364
Wolfgang Amadeus Mozart,copy_last_name,The last name of Wolfgang Amadeus Mozart is,subject_last,9,6-20,jspace_keep_name,0," ""Mozart"".",Moz,1,-5.8674,-9.2979,-3.4305,-1.5042,-3.1608,-1.6566,4,1,W,0.1233
Wolfgang Amadeus Mozart,copy_last_name,The last name of Wolfgang Amadeus Mozart is,subject_last,9,6-20,jspace_restore_rest,0," ""Mozart"".",Moz,1,-5.8674,-8.3766,-2.5092,-1.5042,-3.249,-1.7448,6,1,Wolf,0.1196
Wolfgang Amadeus Mozart,copy_last_name,The last name of Wolfgang Amadeus Mozart is,subject_last,9,6-20,name_lens,0," ""Mozart"".",Moz,1,-5.8674,-8.8436,-2.9762,-1.5042,-3.5757,-2.0716,6,1,M,0.148
Nelson Mandela,birth_city,Nelson Mandela was born in the city of,subject_last,3,9-13,jspace,0," Johannesburg, South Africa", Johannesburg,0,-2.8388,-2.9825,-0.1437,-1.5788,-1.6925,-0.1137,1,0, Johannesburg,0.2414
Nelson Mandela,birth_city,Nelson Mandela was born in the city of,subject_last,3,9-13,jspace_keep_name,0," Johannesburg, South Africa", Johannesburg,0,-2.8388,-2.8544,-0.0155,-1.5788,-1.5231,0.0557,1,0, Johannesburg,0.1523
Nelson Mandela,birth_city,Nelson Mandela was born in the city of,subject_last,3,9-13,jspace_restore_rest,0," Johannesburg, South Africa", Johannesburg,0,-2.8388,-2.8371,0.0018,-1.5788,-1.5403,0.0385,1,0, Johannesburg,0.1528
Nelson Mandela,birth_city,Nelson Mandela was born in the city of,subject_last,3,9-13,name_lens,0," Johannesburg, South Africa", Johannesburg,0,-2.8388,-2.9454,-0.1066,-1.5788,-1.6099,-0.0311,1,0, Johannesburg,0.2131
Nelson Mandela,birth_city,Nelson Mandela was born in the city of,subject_last,3,9-17,jspace,0," Johannesburg, South Africa", Johannesburg,0,-2.8388,-3.2668,-0.428,-1.5788,-1.9659,-0.3871,1,0, Johannesburg,0.316
Nelson Mandela,birth_city,Nelson Mandela was born in the city of,subject_last,3,9-17,jspace_keep_name,0," Johannesburg, South Africa", Johannesburg,0,-2.8388,-5.2627,-2.4239,-1.5788,-4.0341,-2.4553,11,1, Q,0.6471
Nelson Mandela,birth_city,Nelson Mandela was born in the city of,subject_last,3,9-17,jspace_restore_rest,0," Johannesburg, South Africa", Johannesburg,0,-2.8388,-2.8568,-0.018,-1.5788,-1.5659,0.0129,1,0, Johannesburg,0.1885
Nelson Mandela,birth_city,Nelson Mandela was born in the city of,subject_last,3,9-17,name_lens,0," Johannesburg, South Africa", Johannesburg,0,-2.8388,-3.2438,-0.405,-1.5788,-1.8726,-0.2938,1,0, Johannesburg,0.3082
Nelson Mandela,birth_city,Nelson Mandela was born in the city of,subject_last,3,6-20,jspace,0," Johannesburg, South Africa", Johannesburg,0,-2.8388,-4.164,-1.3251,-1.5788,-2.6948,-1.116,3,1, U,0.4297
Nelson Mandela,birth_city,Nelson Mandela was born in the city of,subject_last,3,6-20,jspace_keep_name,0," Johannesburg, South Africa", Johannesburg,0,-2.8388,-3.283,-0.4442,-1.5788,-1.849,-0.2702,1,0, Johannesburg,0.3329
Nelson Mandela,birth_city,Nelson Mandela was born in the city of,subject_last,3,6-20,jspace_restore_rest,0," Johannesburg, South Africa", Johannesburg,0,-2.8388,-3.1387,-0.2999,-1.5788,-1.7728,-0.194,1,0, Johannesburg,0.3808
Nelson Mandela,birth_city,Nelson Mandela was born in the city of,subject_last,3,6-20,name_lens,0," Johannesburg, South Africa", Johannesburg,0,-2.8388,-3.5382,-0.6994,-1.5788,-2.0855,-0.5067,1,0, Johannesburg,0.4734
Nelson Mandela,birth_year,Nelson Mandela was born in the year,subject_last,3,9-13,jspace,0, 1918.,191,1,-1.6783,-1.9299,-0.2516,-0.1251,-0.2071,-0.082,1,0,191,0.0013
Nelson Mandela,birth_year,Nelson Mandela was born in the year,subject_last,3,9-13,jspace_keep_name,0, 1918.,191,1,-1.6783,-2.3043,-0.626,-0.1251,-0.5059,-0.3808,1,0,191,0.0003
Nelson Mandela,birth_year,Nelson Mandela was born in the year,subject_last,3,9-13,jspace_restore_rest,0, 1918.,191,1,-1.6783,-1.9968,-0.3185,-0.1251,-0.2568,-0.1317,1,0,191,0.001
Nelson Mandela,birth_year,Nelson Mandela was born in the year,subject_last,3,9-13,name_lens,0, 1918.,191,1,-1.6783,-2.1289,-0.4506,-0.1251,-0.3103,-0.1852,1,0,191,0.0009
Nelson Mandela,birth_year,Nelson Mandela was born in the year,subject_last,3,9-17,jspace,0, 1918.,191,1,-1.6783,-2.2779,-0.5996,-0.1251,-0.4311,-0.306,1,0,191,0.0017
Nelson Mandela,birth_year,Nelson Mandela was born in the year,subject_last,3,9-17,jspace_keep_name,0, 1918.,191,1,-1.6783,-2.7669,-1.0886,-0.1251,-1.0947,-0.9696,1,0,191,0.0131
Nelson Mandela,birth_year,Nelson Mandela was born in the year,subject_last,3,9-17,jspace_restore_rest,0, 1918.,191,1,-1.6783,-2.0427,-0.3644,-0.1251,-0.2847,-0.1596,1,0,191,0.0011
Nelson Mandela,birth_year,Nelson Mandela was born in the year,subject_last,3,9-17,name_lens,0, 1918.,191,1,-1.6783,-2.4337,-0.7554,-0.1251,-0.4047,-0.2796,1,0,191,0.0011
Nelson Mandela,birth_year,Nelson Mandela was born in the year,subject_last,3,6-20,jspace,0, 1918.,191,1,-1.6783,-2.3094,-0.6311,-0.1251,-0.6135,-0.4884,1,0,191,0.0087
Nelson Mandela,birth_year,Nelson Mandela was born in the year,subject_last,3,6-20,jspace_keep_name,0, 1918.,191,1,-1.6783,-2.415,-0.7367,-0.1251,-0.7464,-0.6213,1,0,191,0.0301
Nelson Mandela,birth_year,Nelson Mandela was born in the year,subject_last,3,6-20,jspace_restore_rest,0, 1918.,191,1,-1.6783,-2.7045,-1.0262,-0.1251,-0.3636,-0.2385,1,0,191,0.0047
Nelson Mandela,birth_year,Nelson Mandela was born in the year,subject_last,3,6-20,name_lens,0, 1918.,191,1,-1.6783,-3.2478,-1.5695,-0.1251,-0.5617,-0.4366,1,0,191,0.0136
Nelson Mandela,birth_country,Nelson Mandela was born in the country of,subject_last,3,9-13,jspace,0, South Africa. He, South,0,-3.3744,-3.438,-0.0636,-0.1919,-0.2396,-0.0477,1,0, South,0.0082
Nelson Mandela,birth_country,Nelson Mandela was born in the country of,subject_last,3,9-13,jspace_keep_name,0, South Africa. He, South,0,-3.3744,-3.5562,-0.1818,-0.1919,-0.2015,-0.0097,1,0, South,0.0019
Nelson Mandela,birth_country,Nelson Mandela was born in the country of,subject_last,3,9-13,jspace_restore_rest,0, South Africa. He, South,0,-3.3744,-3.3705,0.0039,-0.1919,-0.2061,-0.0142,1,0, South,0.0044
Nelson Mandela,birth_country,Nelson Mandela was born in the country of,subject_last,3,9-13,name_lens,0, South Africa. He, South,0,-3.3744,-3.4255,-0.0512,-0.1919,-0.2173,-0.0254,1,0, South,0.0066
Nelson Mandela,birth_country,Nelson Mandela was born in the country of,subject_last,3,9-17,jspace,0, South Africa. He, South,0,-3.3744,-3.5607,-0.1863,-0.1919,-0.2938,-0.1019,1,0, South,0.0264
Nelson Mandela,birth_country,Nelson Mandela was born in the country of,subject_last,3,9-17,jspace_keep_name,0, South Africa. He, South,0,-3.3744,-3.4663,-0.0919,-0.1919,-0.281,-0.0891,1,0, South,0.0285
Nelson Mandela,birth_country,Nelson Mandela was born in the country of,subject_last,3,9-17,jspace_restore_rest,0, South Africa. He, South,0,-3.3744,-3.384,-0.0096,-0.1919,-0.2062,-0.0144,1,0, South,0.0049
Nelson Mandela,birth_country,Nelson Mandela was born in the country of,subject_last,3,9-17,name_lens,0, South Africa. He, South,0,-3.3744,-3.4835,-0.1092,-0.1919,-0.2348,-0.0429,1,0, South,0.0117
Nelson Mandela,birth_country,Nelson Mandela was born in the country of,subject_last,3,6-20,jspace,0, South Africa. He, South,0,-3.3744,-3.8613,-0.4869,-0.1919,-0.3351,-0.1432,1,0, South,0.0453
Nelson Mandela,birth_country,Nelson Mandela was born in the country of,subject_last,3,6-20,jspace_keep_name,0, South Africa. He, South,0,-3.3744,-3.9596,-0.5852,-0.1919,-0.3004,-0.1086,1,0, South,0.0387
Nelson Mandela,birth_country,Nelson Mandela was born in the country of,subject_last,3,6-20,jspace_restore_rest,0, South Africa. He, South,0,-3.3744,-3.5353,-0.1609,-0.1919,-0.2631,-0.0712,1,0, South,0.0192
Nelson Mandela,birth_country,Nelson Mandela was born in the country of,subject_last,3,6-20,name_lens,0, South Africa. He, South,0,-3.3744,-3.5834,-0.209,-0.1919,-0.2772,-0.0853,1,0, South,0.0275
Nelson Mandela,death_year,Nelson Mandela died in the year,subject_last,3,9-13,jspace,0, 2013.,201,1,-2.5373,-3.9893,-1.452,-0.2994,-0.9668,-0.6674,1,0,201,0.014
Nelson Mandela,death_year,Nelson Mandela died in the year,subject_last,3,9-13,jspace_keep_name,0, 2013.,201,1,-2.5373,-3.0075,-0.4701,-0.2994,-0.4112,-0.1118,1,0,201,0.004
Nelson Mandela,death_year,Nelson Mandela died in the year,subject_last,3,9-13,jspace_restore_rest,0, 2013.,201,1,-2.5373,-3.6876,-1.1503,-0.2994,-0.622,-0.3225,1,0,201,0.0012
Nelson Mandela,death_year,Nelson Mandela died in the year,subject_last,3,9-13,name_lens,0, 2013.,201,1,-2.5373,-4.1915,-1.6542,-0.2994,-0.7726,-0.4732,1,0,201,0.0103
Nelson Mandela,death_year,Nelson Mandela died in the year,subject_last,3,9-17,jspace,0, 2013.,201,1,-2.5373,-4.6604,-2.1231,-0.2994,-1.4113,-1.1119,2,1,199,0.0065
Nelson Mandela,death_year,Nelson Mandela died in the year,subject_last,3,9-17,jspace_keep_name,0, 2013.,201,1,-2.5373,-4.5724,-2.0351,-0.2994,-1.5144,-1.2149,2,1,200,0.0088
Nelson Mandela,death_year,Nelson Mandela died in the year,subject_last,3,9-17,jspace_restore_rest,0, 2013.,201,1,-2.5373,-3.7456,-1.2083,-0.2994,-0.6281,-0.3287,1,0,201,0.0015
Nelson Mandela,death_year,Nelson Mandela died in the year,subject_last,3,9-17,name_lens,0, 2013.,201,1,-2.5373,-4.4607,-1.9234,-0.2994,-0.9322,-0.6328,1,0,201,0.0015
Nelson Mandela,death_year,Nelson Mandela died in the year,subject_last,3,6-20,jspace,0, 2013.,201,1,-2.5373,-4.99,-2.4527,-0.2994,-1.4158,-1.1164,1,0,201,0.0126
Nelson Mandela,death_year,Nelson Mandela died in the year,subject_last,3,6-20,jspace_keep_name,0, 2013.,201,1,-2.5373,-3.7209,-1.1836,-0.2994,-0.8447,-0.5453,1,0,201,0.0455
Nelson Mandela,death_year,Nelson Mandela died in the year,subject_last,3,6-20,jspace_restore_rest,0, 2013.,201,1,-2.5373,-4.8832,-2.3459,-0.2994,-1.4109,-1.1114,2,1,199,0.02
Nelson Mandela,death_year,Nelson Mandela died in the year,subject_last,3,6-20,name_lens,0, 2013.,201,1,-2.5373,-5.5781,-3.0408,-0.2994,-1.7869,-1.4875,3,1,199,0.0234
Nelson Mandela,occupation,Nelson Mandela worked as a,subject_last,3,9-13,jspace,0, lawyer in South Africa, lawyer,0,-3.6745,-4.3744,-0.6999,-1.0007,-1.4029,-0.4022,1,0, lawyer,0.071
Nelson Mandela,occupation,Nelson Mandela worked as a,subject_last,3,9-13,jspace_keep_name,0, lawyer in South Africa, lawyer,0,-3.6745,-3.9235,-0.249,-1.0007,-1.1309,-0.1302,1,0, lawyer,0.0187
Nelson Mandela,occupation,Nelson Mandela worked as a,subject_last,3,9-13,jspace_restore_rest,0, lawyer in South Africa, lawyer,0,-3.6745,-3.9836,-0.3091,-1.0007,-1.186,-0.1853,1,0, lawyer,0.0341
Nelson Mandela,occupation,Nelson Mandela worked as a,subject_last,3,9-13,name_lens,0, lawyer in South Africa, lawyer,0,-3.6745,-4.0279,-0.3533,-1.0007,-1.2591,-0.2584,1,0, lawyer,0.0478
Nelson Mandela,occupation,Nelson Mandela worked as a,subject_last,3,9-17,jspace,0, lawyer in South Africa, lawyer,0,-3.6745,-4.5549,-0.8803,-1.0007,-1.2498,-0.2492,1,0, lawyer,0.0444
Nelson Mandela,occupation,Nelson Mandela worked as a,subject_last,3,9-17,jspace_keep_name,0, lawyer in South Africa, lawyer,0,-3.6745,-4.5892,-0.9146,-1.0007,-1.1711,-0.1704,1,0, lawyer,0.0421
Nelson Mandela,occupation,Nelson Mandela worked as a,subject_last,3,9-17,jspace_restore_rest,0, lawyer in South Africa, lawyer,0,-3.6745,-3.9923,-0.3177,-1.0007,-1.2098,-0.2091,1,0, lawyer,0.0385
Nelson Mandela,occupation,Nelson Mandela worked as a,subject_last,3,9-17,name_lens,0, lawyer in South Africa, lawyer,0,-3.6745,-4.2872,-0.6126,-1.0007,-1.3755,-0.3748,1,0, lawyer,0.0628
Nelson Mandela,occupation,Nelson Mandela worked as a,subject_last,3,6-20,jspace,0, lawyer in South Africa, lawyer,0,-3.6745,-4.4805,-0.8059,-1.0007,-1.0592,-0.0586,1,0, lawyer,0.0928
Nelson Mandela,occupation,Nelson Mandela worked as a,subject_last,3,6-20,jspace_keep_name,0, lawyer in South Africa, lawyer,0,-3.6745,-4.4366,-0.7621,-1.0007,-1.0342,-0.0335,1,0, lawyer,0.0531
Nelson Mandela,occupation,Nelson Mandela worked as a,subject_last,3,6-20,jspace_restore_rest,0, lawyer in South Africa, lawyer,0,-3.6745,-3.9133,-0.2387,-1.0007,-1.1244,-0.1237,1,0, lawyer,0.0628
Nelson Mandela,occupation,Nelson Mandela worked as a,subject_last,3,6-20,name_lens,0, lawyer in South Africa, lawyer,0,-3.6745,-4.1674,-0.4928,-1.0007,-1.2653,-0.2646,1,0, lawyer,0.104
Nelson Mandela,profession_of,The profession of Nelson Mandela was,subject_last,5,9-13,jspace,0, a lawyer. The, lawyer,1,-6.8913,-7.1676,-0.2763,-2.0742,-2.4011,-0.327,1,0, lawyer,0.0318
Nelson Mandela,profession_of,The profession of Nelson Mandela was,subject_last,5,9-13,jspace_keep_name,0, a lawyer. The, lawyer,1,-6.8913,-6.9674,-0.0761,-2.0742,-2.1535,-0.0793,1,0, lawyer,0.0175
Nelson Mandela,profession_of,The profession of Nelson Mandela was,subject_last,5,9-13,jspace_restore_rest,0, a lawyer. The, lawyer,1,-6.8913,-7.1063,-0.2149,-2.0742,-2.3102,-0.236,1,0, lawyer,0.0153
Nelson Mandela,profession_of,The profession of Nelson Mandela was,subject_last,5,9-13,name_lens,0, a lawyer. The, lawyer,1,-6.8913,-7.1036,-0.2123,-2.0742,-2.3767,-0.3026,1,0, lawyer,0.0232
Nelson Mandela,profession_of,The profession of Nelson Mandela was,subject_last,5,9-17,jspace,0, a lawyer. The, lawyer,1,-6.8913,-6.9957,-0.1044,-2.0742,-2.229,-0.1548,1,0, lawyer,0.0267
Nelson Mandela,profession_of,The profession of Nelson Mandela was,subject_last,5,9-17,jspace_keep_name,0, a lawyer. The, lawyer,1,-6.8913,-6.7989,0.0925,-2.0742,-2.0,0.0742,1,0, lawyer,0.0469
Nelson Mandela,profession_of,The profession of Nelson Mandela was,subject_last,5,9-17,jspace_restore_rest,0, a lawyer. The, lawyer,1,-6.8913,-7.1026,-0.2113,-2.0742,-2.319,-0.2448,1,0, lawyer,0.0159
Nelson Mandela,profession_of,The profession of Nelson Mandela was,subject_last,5,9-17,name_lens,0, a lawyer. The, lawyer,1,-6.8913,-7.1191,-0.2278,-2.0742,-2.335,-0.2609,1,0, lawyer,0.026
Nelson Mandela,profession_of,The profession of Nelson Mandela was,subject_last,5,6-20,jspace,0, a lawyer. The, lawyer,1,-6.8913,-6.5482,0.3431,-2.0742,-1.7346,0.3395,1,0, lawyer,0.0786
Nelson Mandela,profession_of,The profession of Nelson Mandela was,subject_last,5,6-20,jspace_keep_name,0, a lawyer. The, lawyer,1,-6.8913,-6.2088,0.6825,-2.0742,-2.0552,0.019,1,0, lawyer,0.0755
Nelson Mandela,profession_of,The profession of Nelson Mandela was,subject_last,5,6-20,jspace_restore_rest,0, a lawyer. The, lawyer,1,-6.8913,-7.2165,-0.3252,-2.0742,-2.1938,-0.1196,1,0, lawyer,0.0187
Nelson Mandela,profession_of,The profession of Nelson Mandela was,subject_last,5,6-20,name_lens,0, a lawyer. The, lawyer,1,-6.8913,-7.0399,-0.1486,-2.0742,-2.0108,0.0634,1,0, lawyer,0.0366
Nelson Mandela,instrument,Nelson Mandela played the,subject_last,3,9-13,jspace,0, role of a key, role,0,-4.2086,-4.4757,-0.2671,-0.3227,-0.3371,-0.0143,1,0, role,0.0053
Nelson Mandela,instrument,Nelson Mandela played the,subject_last,3,9-13,jspace_keep_name,0, role of a key, role,0,-4.2086,-4.3028,-0.0942,-0.3227,-0.2991,0.0236,1,0, role,0.0066
Nelson Mandela,instrument,Nelson Mandela played the,subject_last,3,9-13,jspace_restore_rest,0, role of a key, role,0,-4.2086,-4.4123,-0.2037,-0.3227,-0.3424,-0.0196,1,0, role,0.0036
Nelson Mandela,instrument,Nelson Mandela played the,subject_last,3,9-13,name_lens,0, role of a key, role,0,-4.2086,-4.441,-0.2324,-0.3227,-0.3549,-0.0321,1,0, role,0.0047
Nelson Mandela,instrument,Nelson Mandela played the,subject_last,3,9-17,jspace,0, role of a key, role,0,-4.2086,-4.3053,-0.0967,-0.3227,-0.3537,-0.0309,1,0, role,0.0106
Nelson Mandela,instrument,Nelson Mandela played the,subject_last,3,9-17,jspace_keep_name,0, role of a key, role,0,-4.2086,-4.0675,0.1412,-0.3227,-0.272,0.0507,1,0, role,0.0093
Nelson Mandela,instrument,Nelson Mandela played the,subject_last,3,9-17,jspace_restore_rest,0, role of a key, role,0,-4.2086,-4.3922,-0.1836,-0.3227,-0.3639,-0.0412,1,0, role,0.005
Nelson Mandela,instrument,Nelson Mandela played the,subject_last,3,9-17,name_lens,0, role of a key, role,0,-4.2086,-4.4624,-0.2538,-0.3227,-0.3843,-0.0615,1,0, role,0.0096
Nelson Mandela,instrument,Nelson Mandela played the,subject_last,3,6-20,jspace,0, role of a key, role,0,-4.2086,-4.3828,-0.1742,-0.3227,-0.4279,-0.1052,1,0, role,0.0426
Nelson Mandela,instrument,Nelson Mandela played the,subject_last,3,6-20,jspace_keep_name,0, role of a key, role,0,-4.2086,-4.1888,0.0198,-0.3227,-0.3148,0.0079,1,0, role,0.023
Nelson Mandela,instrument,Nelson Mandela played the,subject_last,3,6-20,jspace_restore_rest,0, role of a key, role,0,-4.2086,-4.4684,-0.2598,-0.3227,-0.4716,-0.1488,1,0, role,0.038
Nelson Mandela,instrument,Nelson Mandela played the,subject_last,3,6-20,name_lens,0, role of a key, role,0,-4.2086,-4.747,-0.5384,-0.3227,-0.5291,-0.2063,1,0, role,0.068
Nelson Mandela,famous_for,Nelson Mandela is famous for,subject_last,3,9-13,jspace,0, his role in the, role,1,-4.5274,-4.9589,-0.4315,-2.4058,-2.7086,-0.3027,1,1, work,0.0089
Nelson Mandela,famous_for,Nelson Mandela is famous for,subject_last,3,9-13,jspace_keep_name,0, his role in the, role,1,-4.5274,-4.6393,-0.1119,-2.4058,-2.4517,-0.0459,1,0, role,0.0056
Nelson Mandela,famous_for,Nelson Mandela is famous for,subject_last,3,9-13,jspace_restore_rest,0, his role in the, role,1,-4.5274,-4.8307,-0.3033,-2.4058,-2.5431,-0.1373,1,0, role,0.0051
Nelson Mandela,famous_for,Nelson Mandela is famous for,subject_last,3,9-13,name_lens,0, his role in the, role,1,-4.5274,-4.7867,-0.2593,-2.4058,-2.5145,-0.1087,1,0, role,0.0071
Nelson Mandela,famous_for,Nelson Mandela is famous for,subject_last,3,9-17,jspace,0, his role in the, role,1,-4.5274,-4.8358,-0.3084,-2.4058,-2.6883,-0.2825,2,1, work,0.0165
Nelson Mandela,famous_for,Nelson Mandela is famous for,subject_last,3,9-17,jspace_keep_name,0, his role in the, role,1,-4.5274,-4.4768,0.0506,-2.4058,-2.3881,0.0177,1,0, role,0.0133
Nelson Mandela,famous_for,Nelson Mandela is famous for,subject_last,3,9-17,jspace_restore_rest,0, his role in the, role,1,-4.5274,-4.7405,-0.2131,-2.4058,-2.4781,-0.0723,1,0, role,0.0054
Nelson Mandela,famous_for,Nelson Mandela is famous for,subject_last,3,9-17,name_lens,0, his role in the, role,1,-4.5274,-4.839,-0.3116,-2.4058,-2.5315,-0.1257,1,0, role,0.0081
Nelson Mandela,famous_for,Nelson Mandela is famous for,subject_last,3,6-20,jspace,0, his role in the, role,1,-4.5274,-4.6171,-0.0897,-2.4058,-2.563,-0.1572,2,1, work,0.0468
Nelson Mandela,famous_for,Nelson Mandela is famous for,subject_last,3,6-20,jspace_keep_name,0, his role in the, role,1,-4.5274,-4.5874,-0.06,-2.4058,-2.4688,-0.063,1,0, role,0.0444
Nelson Mandela,famous_for,Nelson Mandela is famous for,subject_last,3,6-20,jspace_restore_rest,0, his role in the, role,1,-4.5274,-4.7604,-0.233,-2.4058,-2.6095,-0.2037,1,1, work,0.0192
Nelson Mandela,famous_for,Nelson Mandela is famous for,subject_last,3,6-20,name_lens,0, his role in the, role,1,-4.5274,-4.82,-0.2926,-2.4058,-2.6804,-0.2746,1,1, work,0.025
Nelson Mandela,language,Nelson Mandela spoke the language of,subject_last,3,9-13,jspace,0," the people, and", people,1,-6.603,-6.5141,0.0889,-1.4965,-1.4457,0.0508,1,0, people,0.0139
Nelson Mandela,language,Nelson Mandela spoke the language of,subject_last,3,9-13,jspace_keep_name,0," the people, and", people,1,-6.603,-6.5262,0.0768,-1.4965,-1.4736,0.0229,1,0, people,0.0086
Nelson Mandela,language,Nelson Mandela spoke the language of,subject_last,3,9-13,jspace_restore_rest,0," the people, and", people,1,-6.603,-6.5874,0.0156,-1.4965,-1.4947,0.0018,1,0, people,0.0115
Nelson Mandela,language,Nelson Mandela spoke the language of,subject_last,3,9-13,name_lens,0," the people, and", people,1,-6.603,-6.5851,0.0179,-1.4965,-1.5037,-0.0072,1,0, people,0.0175
Nelson Mandela,language,Nelson Mandela spoke the language of,subject_last,3,9-17,jspace,0," the people, and", people,1,-6.603,-6.5741,0.0289,-1.4965,-1.4412,0.0553,1,0, people,0.0178
Nelson Mandela,language,Nelson Mandela spoke the language of,subject_last,3,9-17,jspace_keep_name,0," the people, and", people,1,-6.603,-6.4606,0.1424,-1.4965,-1.3089,0.1877,1,0, people,0.0219
Nelson Mandela,language,Nelson Mandela spoke the language of,subject_last,3,9-17,jspace_restore_rest,0," the people, and", people,1,-6.603,-6.578,0.025,-1.4965,-1.4734,0.0231,1,0, people,0.0126
Nelson Mandela,language,Nelson Mandela spoke the language of,subject_last,3,9-17,name_lens,0," the people, and", people,1,-6.603,-6.5789,0.0241,-1.4965,-1.478,0.0185,1,0, people,0.023
Nelson Mandela,language,Nelson Mandela spoke the language of,subject_last,3,6-20,jspace,0," the people, and", people,1,-6.603,-6.7356,-0.1326,-1.4965,-1.6292,-0.1326,1,0, people,0.079
Nelson Mandela,language,Nelson Mandela spoke the language of,subject_last,3,6-20,jspace_keep_name,0," the people, and", people,1,-6.603,-6.5794,0.0236,-1.4965,-1.41,0.0866,1,0, people,0.0451
Nelson Mandela,language,Nelson Mandela spoke the language of,subject_last,3,6-20,jspace_restore_rest,0," the people, and", people,1,-6.603,-6.5714,0.0316,-1.4965,-1.5755,-0.079,1,0, people,0.0558
Nelson Mandela,language,Nelson Mandela spoke the language of,subject_last,3,6-20,name_lens,0," the people, and", people,1,-6.603,-6.5512,0.0518,-1.4965,-1.6074,-0.1109,1,0, people,0.0897
Nelson Mandela,spouse,Nelson Mandela was married to,subject_last,3,9-13,jspace,0, Winnie Madikiz, Winnie,0,-1.6986,-4.1324,-2.4338,-1.2439,-3.4463,-2.2024,4,1, a,0.5124
Nelson Mandela,spouse,Nelson Mandela was married to,subject_last,3,9-13,jspace_keep_name,0, Winnie Madikiz, Winnie,0,-1.6986,-2.3308,-0.6321,-1.2439,-1.857,-0.613,1,0, Winnie,0.1215
Nelson Mandela,spouse,Nelson Mandela was married to,subject_last,3,9-13,jspace_restore_rest,0, Winnie Madikiz, Winnie,0,-1.6986,-3.4518,-1.7532,-1.2439,-2.776,-1.5321,3,1, a,0.3316
Nelson Mandela,spouse,Nelson Mandela was married to,subject_last,3,9-13,name_lens,0, Winnie Madikiz, Winnie,0,-1.6986,-3.6887,-1.99,-1.2439,-2.943,-1.6991,3,1, a,0.394
Nelson Mandela,spouse,Nelson Mandela was married to,subject_last,3,9-17,jspace,0, Winnie Madikiz, Winnie,0,-1.6986,-3.6119,-1.9133,-1.2439,-2.8152,-1.5713,2,1, a,0.4277
Nelson Mandela,spouse,Nelson Mandela was married to,subject_last,3,9-17,jspace_keep_name,0, Winnie Madikiz, Winnie,0,-1.6986,-3.3366,-1.638,-1.2439,-2.8801,-1.6362,2,1, a,0.4661
Nelson Mandela,spouse,Nelson Mandela was married to,subject_last,3,9-17,jspace_restore_rest,0, Winnie Madikiz, Winnie,0,-1.6986,-3.7062,-2.0076,-1.2439,-3.0102,-1.7663,3,1, a,0.4009
Nelson Mandela,spouse,Nelson Mandela was married to,subject_last,3,9-17,name_lens,0, Winnie Madikiz, Winnie,0,-1.6986,-4.1002,-2.4015,-1.2439,-3.1736,-1.9297,3,1, a,0.4875
Nelson Mandela,spouse,Nelson Mandela was married to,subject_last,3,6-20,jspace,0, Winnie Madikiz, Winnie,0,-1.6986,-4.5173,-2.8187,-1.2439,-3.5143,-2.2703,3,1, a,0.6905
Nelson Mandela,spouse,Nelson Mandela was married to,subject_last,3,6-20,jspace_keep_name,0, Winnie Madikiz, Winnie,0,-1.6986,-4.228,-2.5293,-1.2439,-3.4496,-2.2056,3,1, a,0.6623
Nelson Mandela,spouse,Nelson Mandela was married to,subject_last,3,6-20,jspace_restore_rest,0, Winnie Madikiz, Winnie,0,-1.6986,-5.2231,-3.5245,-1.2439,-4.187,-2.9431,9,1, a,0.7959
Nelson Mandela,spouse,Nelson Mandela was married to,subject_last,3,6-20,name_lens,0, Winnie Madikiz, Winnie,0,-1.6986,-6.7768,-5.0781,-1.2439,-5.5213,-4.2774,41,1, a,1.2262
Nelson Mandela,education,Nelson Mandela studied at the University of,subject_last,3,9-13,jspace,0," South Africa, where", South,0,-4.0406,-4.142,-0.1014,-1.1117,-1.1534,-0.0416,1,0, South,0.1312
Nelson Mandela,education,Nelson Mandela studied at the University of,subject_last,3,9-13,jspace_keep_name,0," South Africa, where", South,0,-4.0406,-3.9056,0.135,-1.1117,-0.9345,0.1772,1,0, South,0.0813
Nelson Mandela,education,Nelson Mandela studied at the University of,subject_last,3,9-13,jspace_restore_rest,0," South Africa, where", South,0,-4.0406,-4.6091,-0.5685,-1.1117,-1.6389,-0.5272,2,1, Cape,0.2132
Nelson Mandela,education,Nelson Mandela studied at the University of,subject_last,3,9-13,name_lens,0," South Africa, where", South,0,-4.0406,-4.74,-0.6994,-1.1117,-1.755,-0.6432,2,1, Cape,0.2589
Nelson Mandela,education,Nelson Mandela studied at the University of,subject_last,3,9-17,jspace,0," South Africa, where", South,0,-4.0406,-5.0129,-0.9723,-1.1117,-1.9463,-0.8346,2,1, the,0.195
Nelson Mandela,education,Nelson Mandela studied at the University of,subject_last,3,9-17,jspace_keep_name,0," South Africa, where", South,0,-4.0406,-4.6005,-0.5599,-1.1117,-1.6665,-0.5548,1,0, South,0.2478
Nelson Mandela,education,Nelson Mandela studied at the University of,subject_last,3,9-17,jspace_restore_rest,0," South Africa, where", South,0,-4.0406,-4.6756,-0.635,-1.1117,-1.7052,-0.5935,2,1, Cape,0.2601
Nelson Mandela,education,Nelson Mandela studied at the University of,subject_last,3,9-17,name_lens,0," South Africa, where", South,0,-4.0406,-4.9465,-0.9059,-1.1117,-1.9577,-0.846,2,1, Cape,0.3368
Nelson Mandela,education,Nelson Mandela studied at the University of,subject_last,3,6-20,jspace,0," South Africa, where", South,0,-4.0406,-5.5471,-1.5065,-1.1117,-2.2482,-1.1365,3,1, Cape,0.3523
Nelson Mandela,education,Nelson Mandela studied at the University of,subject_last,3,6-20,jspace_keep_name,0," South Africa, where", South,0,-4.0406,-4.9026,-0.862,-1.1117,-1.7786,-0.6669,2,1, London,0.2317
Nelson Mandela,education,Nelson Mandela studied at the University of,subject_last,3,6-20,jspace_restore_rest,0," South Africa, where", South,0,-4.0406,-5.1534,-1.1128,-1.1117,-1.9963,-0.8845,2,1, Cape,0.3946
Nelson Mandela,education,Nelson Mandela studied at the University of,subject_last,3,6-20,name_lens,0," South Africa, where", South,0,-4.0406,-5.0907,-1.0501,-1.1117,-1.9115,-0.7998,2,1, Cape,0.3601
Nelson Mandela,citizenship,Nelson Mandela was a citizen of,subject_last,3,9-13,jspace,0, South Africa. He, South,0,-3.8105,-3.8821,-0.0716,-0.5936,-0.6772,-0.0836,1,0, South,0.0107
Nelson Mandela,citizenship,Nelson Mandela was a citizen of,subject_last,3,9-13,jspace_keep_name,0, South Africa. He, South,0,-3.8105,-3.9898,-0.1793,-0.5936,-0.6484,-0.0548,1,0, South,0.0057
Nelson Mandela,citizenship,Nelson Mandela was a citizen of,subject_last,3,9-13,jspace_restore_rest,0, South Africa. He, South,0,-3.8105,-3.8,0.0104,-0.5936,-0.6251,-0.0315,1,0, South,0.0045
Nelson Mandela,citizenship,Nelson Mandela was a citizen of,subject_last,3,9-13,name_lens,0, South Africa. He, South,0,-3.8105,-3.809,0.0015,-0.5936,-0.6408,-0.0472,1,0, South,0.0071
Nelson Mandela,citizenship,Nelson Mandela was a citizen of,subject_last,3,9-17,jspace,0, South Africa. He, South,0,-3.8105,-3.974,-0.1636,-0.5936,-0.736,-0.1424,1,0, South,0.0195
Nelson Mandela,citizenship,Nelson Mandela was a citizen of,subject_last,3,9-17,jspace_keep_name,0, South Africa. He, South,0,-3.8105,-3.9045,-0.0941,-0.5936,-0.7625,-0.1689,1,0, South,0.0261
Nelson Mandela,citizenship,Nelson Mandela was a citizen of,subject_last,3,9-17,jspace_restore_rest,0, South Africa. He, South,0,-3.8105,-3.7835,0.027,-0.5936,-0.6439,-0.0503,1,0, South,0.0068
Nelson Mandela,citizenship,Nelson Mandela was a citizen of,subject_last,3,9-17,name_lens,0, South Africa. He, South,0,-3.8105,-3.9292,-0.1188,-0.5936,-0.7117,-0.1181,1,0, South,0.0153
Nelson Mandela,citizenship,Nelson Mandela was a citizen of,subject_last,3,6-20,jspace,0, South Africa. He, South,0,-3.8105,-4.5437,-0.7332,-0.5936,-0.9386,-0.345,1,0, South,0.1196
Nelson Mandela,citizenship,Nelson Mandela was a citizen of,subject_last,3,6-20,jspace_keep_name,0, South Africa. He, South,0,-3.8105,-4.4783,-0.6678,-0.5936,-0.8107,-0.2171,1,0, South,0.0503
Nelson Mandela,citizenship,Nelson Mandela was a citizen of,subject_last,3,6-20,jspace_restore_rest,0, South Africa. He, South,0,-3.8105,-3.9672,-0.1567,-0.5936,-0.7076,-0.114,1,0, South,0.0443
Nelson Mandela,citizenship,Nelson Mandela was a citizen of,subject_last,3,6-20,name_lens,0, South Africa. He, South,0,-3.8105,-4.037,-0.2265,-0.5936,-0.7201,-0.1265,1,0, South,0.0665
Nelson Mandela,copy_first_name,The first name of Nelson Mandela is,subject_last,6,9-13,jspace,0, Nelson. The last, Nelson,0,-5.001,-5.5161,-0.5151,-1.9746,-2.3101,-0.3355,1,0, Nelson,0.043
Nelson Mandela,copy_first_name,The first name of Nelson Mandela is,subject_last,6,9-13,jspace_keep_name,0, Nelson. The last, Nelson,0,-5.001,-5.0717,-0.0708,-1.9746,-2.0332,-0.0586,1,0, Nelson,0.0316
Nelson Mandela,copy_first_name,The first name of Nelson Mandela is,subject_last,6,9-13,jspace_restore_rest,0, Nelson. The last, Nelson,0,-5.001,-5.3172,-0.3162,-1.9746,-2.1446,-0.17,1,0, Nelson,0.0381
Nelson Mandela,copy_first_name,The first name of Nelson Mandela is,subject_last,6,9-13,name_lens,0, Nelson. The last, Nelson,0,-5.001,-5.2212,-0.2202,-1.9746,-2.1622,-0.1876,1,0, Nelson,0.0423
Nelson Mandela,copy_first_name,The first name of Nelson Mandela is,subject_last,6,9-17,jspace,0, Nelson. The last, Nelson,0,-5.001,-6.1413,-1.1404,-1.9746,-2.8961,-0.9215,1,0, Nelson,0.1159
Nelson Mandela,copy_first_name,The first name of Nelson Mandela is,subject_last,6,9-17,jspace_keep_name,0, Nelson. The last, Nelson,0,-5.001,-5.8216,-0.8207,-1.9746,-2.481,-0.5063,1,0, Nelson,0.0512
Nelson Mandela,copy_first_name,The first name of Nelson Mandela is,subject_last,6,9-17,jspace_restore_rest,0, Nelson. The last, Nelson,0,-5.001,-5.4262,-0.4253,-1.9746,-2.2039,-0.2293,1,0, Nelson,0.0376
Nelson Mandela,copy_first_name,The first name of Nelson Mandela is,subject_last,6,9-17,name_lens,0, Nelson. The last, Nelson,0,-5.001,-5.2144,-0.2134,-1.9746,-2.2902,-0.3156,1,0, Nelson,0.0509
Nelson Mandela,copy_first_name,The first name of Nelson Mandela is,subject_last,6,6-20,jspace,0, Nelson. The last, Nelson,0,-5.001,-6.7429,-1.742,-1.9746,-3.2051,-1.2305,2,1," """,0.192
Nelson Mandela,copy_first_name,The first name of Nelson Mandela is,subject_last,6,6-20,jspace_keep_name,0, Nelson. The last, Nelson,0,-5.001,-5.5405,-0.5395,-1.9746,-2.4263,-0.4516,1,1," """,0.0832
Nelson Mandela,copy_first_name,The first name of Nelson Mandela is,subject_last,6,6-20,jspace_restore_rest,0, Nelson. The last, Nelson,0,-5.001,-5.5687,-0.5677,-1.9746,-2.168,-0.1933,1,0, Nelson,0.0704
Nelson Mandela,copy_first_name,The first name of Nelson Mandela is,subject_last,6,6-20,name_lens,0, Nelson. The last, Nelson,0,-5.001,-6.035,-1.034,-1.9746,-2.7987,-0.824,3,1,?,0.0986
Nelson Mandela,copy_last_name,The last name of Nelson Mandela is,subject_last,6,9-13,jspace,0, not a surname., not,0,-9.2532,-8.9886,0.2647,-2.7719,-2.5824,0.1895,1,0, not,0.0751
Nelson Mandela,copy_last_name,The last name of Nelson Mandela is,subject_last,6,9-13,jspace_keep_name,0, not a surname., not,0,-9.2532,-9.0276,0.2256,-2.7719,-2.7308,0.0411,1,0, not,0.0279
Nelson Mandela,copy_last_name,The last name of Nelson Mandela is,subject_last,6,9-13,jspace_restore_rest,0, not a surname., not,0,-9.2532,-9.0414,0.2119,-2.7719,-2.7431,0.0288,1,0, not,0.0711
Nelson Mandela,copy_last_name,The last name of Nelson Mandela is,subject_last,6,9-13,name_lens,0, not a surname., not,0,-9.2532,-9.0956,0.1576,-2.7719,-2.6634,0.1085,1,0, not,0.1055
Nelson Mandela,copy_last_name,The last name of Nelson Mandela is,subject_last,6,9-17,jspace,0, not a surname., not,0,-9.2532,-9.0957,0.1575,-2.7719,-2.6455,0.1264,1,0, not,0.1283
Nelson Mandela,copy_last_name,The last name of Nelson Mandela is,subject_last,6,9-17,jspace_keep_name,0, not a surname., not,0,-9.2532,-9.1793,0.0739,-2.7719,-2.7715,0.0004,1,0, not,0.052
Nelson Mandela,copy_last_name,The last name of Nelson Mandela is,subject_last,6,9-17,jspace_restore_rest,0, not a surname., not,0,-9.2532,-9.1382,0.115,-2.7719,-2.7061,0.0658,1,0, not,0.0687
Nelson Mandela,copy_last_name,The last name of Nelson Mandela is,subject_last,6,9-17,name_lens,0, not a surname., not,0,-9.2532,-9.0748,0.1785,-2.7719,-2.6539,0.118,1,0, not,0.1572
Nelson Mandela,copy_last_name,The last name of Nelson Mandela is,subject_last,6,6-20,jspace,0, not a surname., not,0,-9.2532,-8.4936,0.7596,-2.7719,-2.5559,0.216,2,1, what,0.6178
Nelson Mandela,copy_last_name,The last name of Nelson Mandela is,subject_last,6,6-20,jspace_keep_name,0, not a surname., not,0,-9.2532,-9.3086,-0.0554,-2.7719,-2.8964,-0.1245,1,0, not,0.1733
Nelson Mandela,copy_last_name,The last name of Nelson Mandela is,subject_last,6,6-20,jspace_restore_rest,0, not a surname., not,0,-9.2532,-9.1639,0.0894,-2.7719,-2.784,-0.0121,1,0, not,0.0969
Nelson Mandela,copy_last_name,The last name of Nelson Mandela is,subject_last,6,6-20,name_lens,0, not a surname., not,0,-9.2532,-9.3392,-0.0859,-2.7719,-2.6295,0.1424,1,0, not,0.2206
Winston Churchill,birth_city,Winston Churchill was born in the city of,subject_last,3,9-13,jspace,0," Blenheim,", Bl,0,-4.0257,-8.1509,-4.1252,-2.6302,-6.6102,-3.9799,117,1, Birmingham,0.6558
Winston Churchill,birth_city,Winston Churchill was born in the city of,subject_last,3,9-13,jspace_keep_name,0," Blenheim,", Bl,0,-4.0257,-5.8029,-1.7772,-2.6302,-4.3069,-1.6767,10,1, Blo,0.393
Winston Churchill,birth_city,Winston Churchill was born in the city of,subject_last,3,9-13,jspace_restore_rest,0," Blenheim,", Bl,0,-4.0257,-5.0664,-1.0406,-2.6302,-3.7645,-1.1342,5,1, London,0.3416
Winston Churchill,birth_city,Winston Churchill was born in the city of,subject_last,3,9-13,name_lens,0," Blenheim,", Bl,0,-4.0257,-4.9476,-0.9219,-2.6302,-3.5989,-0.9686,5,1, London,0.3012
Winston Churchill,birth_city,Winston Churchill was born in the city of,subject_last,3,9-17,jspace,0," Blenheim,", Bl,0,-4.0257,-7.6648,-3.6391,-2.6302,-5.824,-3.1937,57,1, London,0.6397
Winston Churchill,birth_city,Winston Churchill was born in the city of,subject_last,3,9-17,jspace_keep_name,0," Blenheim,", Bl,0,-4.0257,-6.3238,-2.2981,-2.6302,-4.6221,-1.9919,14,1, Blo,0.479
Winston Churchill,birth_city,Winston Churchill was born in the city of,subject_last,3,9-17,jspace_restore_rest,0," Blenheim,", Bl,0,-4.0257,-6.1366,-2.1108,-2.6302,-4.7456,-2.1154,12,1, London,0.7167
Winston Churchill,birth_city,Winston Churchill was born in the city of,subject_last,3,9-17,name_lens,0," Blenheim,", Bl,0,-4.0257,-5.3971,-1.3714,-2.6302,-4.0541,-1.4239,8,1, London,0.527
Winston Churchill,birth_city,Winston Churchill was born in the city of,subject_last,3,6-20,jspace,0," Blenheim,", Bl,0,-4.0257,-6.7096,-2.6838,-2.6302,-5.0223,-2.3921,15,1, London,0.8693
Winston Churchill,birth_city,Winston Churchill was born in the city of,subject_last,3,6-20,jspace_keep_name,0," Blenheim,", Bl,0,-4.0257,-9.6658,-5.6401,-2.6302,-8.2728,-5.6425,406,1, **,1.3236
Winston Churchill,birth_city,Winston Churchill was born in the city of,subject_last,3,6-20,jspace_restore_rest,0," Blenheim,", Bl,0,-4.0257,-6.3366,-2.3108,-2.6302,-4.8183,-2.188,14,1, London,0.7396
Winston Churchill,birth_city,Winston Churchill was born in the city of,subject_last,3,6-20,name_lens,0," Blenheim,", Bl,0,-4.0257,-6.5823,-2.5565,-2.6302,-4.9881,-2.3578,16,1, London,0.6996
Winston Churchill,birth_year,Winston Churchill was born in the year,subject_last,3,9-13,jspace,0, 1874.,187,1,-2.1835,-3.6363,-1.4528,-0.6281,-1.431,-0.8029,1,0,187,0.0059
Winston Churchill,birth_year,Winston Churchill was born in the year,subject_last,3,9-13,jspace_keep_name,0, 1874.,187,1,-2.1835,-3.1781,-0.9946,-0.6281,-1.656,-1.0279,1,0,187,0.001
Winston Churchill,birth_year,Winston Churchill was born in the year,subject_last,3,9-13,jspace_restore_rest,0, 1874.,187,1,-2.1835,-2.9093,-0.7258,-0.6281,-0.8064,-0.1783,1,0,187,0.0034
Winston Churchill,birth_year,Winston Churchill was born in the year,subject_last,3,9-13,name_lens,0, 1874.,187,1,-2.1835,-2.862,-0.6785,-0.6281,-0.8293,-0.2013,1,0,187,0.0057
Winston Churchill,birth_year,Winston Churchill was born in the year,subject_last,3,9-17,jspace,0, 1874.,187,1,-2.1835,-3.0658,-0.8823,-0.6281,-1.1292,-0.5011,1,0,187,0.006
Winston Churchill,birth_year,Winston Churchill was born in the year,subject_last,3,9-17,jspace_keep_name,0, 1874.,187,1,-2.1835,-2.9181,-0.7346,-0.6281,-1.2137,-0.5856,1,0,187,0.0016
Winston Churchill,birth_year,Winston Churchill was born in the year,subject_last,3,9-17,jspace_restore_rest,0, 1874.,187,1,-2.1835,-3.4223,-1.2388,-0.6281,-1.0067,-0.3786,1,0,187,0.0047
Winston Churchill,birth_year,Winston Churchill was born in the year,subject_last,3,9-17,name_lens,0, 1874.,187,1,-2.1835,-3.2334,-1.0499,-0.6281,-0.9299,-0.3018,1,0,187,0.0037
Winston Churchill,birth_year,Winston Churchill was born in the year,subject_last,3,6-20,jspace,0, 1874.,187,1,-2.1835,-2.8086,-0.6251,-0.6281,-1.1938,-0.5658,1,0,187,0.0533
Winston Churchill,birth_year,Winston Churchill was born in the year,subject_last,3,6-20,jspace_keep_name,0, 1874.,187,1,-2.1835,-3.9,-1.7165,-0.6281,-0.9557,-0.3277,1,0,187,0.0698
Winston Churchill,birth_year,Winston Churchill was born in the year,subject_last,3,6-20,jspace_restore_rest,0, 1874.,187,1,-2.1835,-3.8057,-1.6222,-0.6281,-1.2236,-0.5955,1,0,187,0.0058
Winston Churchill,birth_year,Winston Churchill was born in the year,subject_last,3,6-20,name_lens,0, 1874.,187,1,-2.1835,-3.7279,-1.5444,-0.6281,-1.2458,-0.6177,1,0,187,0.0098
Winston Churchill,birth_country,Winston Churchill was born in the country of,subject_last,3,9-13,jspace,0, England. The capital, England,0,-7.4931,-7.5449,-0.0518,-1.832,-1.7828,0.0491,1,0, England,0.056
Winston Churchill,birth_country,Winston Churchill was born in the country of,subject_last,3,9-13,jspace_keep_name,0, England. The capital, England,0,-7.4931,-7.9157,-0.4227,-1.832,-2.0554,-0.2234,2,1, the,0.0254
Winston Churchill,birth_country,Winston Churchill was born in the country of,subject_last,3,9-13,jspace_restore_rest,0, England. The capital, England,0,-7.4931,-7.5246,-0.0316,-1.832,-1.8104,0.0215,2,1, the,0.0123
Winston Churchill,birth_country,Winston Churchill was born in the country of,subject_last,3,9-13,name_lens,0, England. The capital, England,0,-7.4931,-7.4413,0.0518,-1.832,-1.7962,0.0358,2,1, the,0.0118
Winston Churchill,birth_country,Winston Churchill was born in the country of,subject_last,3,9-17,jspace,0, England. The capital, England,0,-7.4931,-7.7389,-0.2458,-1.832,-1.9947,-0.1627,1,1, the,0.0607
Winston Churchill,birth_country,Winston Churchill was born in the country of,subject_last,3,9-17,jspace_keep_name,0, England. The capital, England,0,-7.4931,-7.6391,-0.146,-1.832,-2.0719,-0.24,1,0, England,0.0361
Winston Churchill,birth_country,Winston Churchill was born in the country of,subject_last,3,9-17,jspace_restore_rest,0, England. The capital, England,0,-7.4931,-7.6865,-0.1934,-1.832,-1.9604,-0.1284,2,1, the,0.0248
Winston Churchill,birth_country,Winston Churchill was born in the country of,subject_last,3,9-17,name_lens,0, England. The capital, England,0,-7.4931,-7.551,-0.058,-1.832,-1.8545,-0.0225,2,1, the,0.0173
Winston Churchill,birth_country,Winston Churchill was born in the country of,subject_last,3,6-20,jspace,0, England. The capital, England,0,-7.4931,-7.784,-0.2909,-1.832,-1.8029,0.029,1,0, England,0.2253
Winston Churchill,birth_country,Winston Churchill was born in the country of,subject_last,3,6-20,jspace_keep_name,0, England. The capital, England,0,-7.4931,-8.2134,-0.7203,-1.832,-2.3861,-0.5541,2,1, the,0.2217
Winston Churchill,birth_country,Winston Churchill was born in the country of,subject_last,3,6-20,jspace_restore_rest,0, England. The capital, England,0,-7.4931,-7.3078,0.1852,-1.832,-1.7106,0.1214,1,1, the,0.0609
Winston Churchill,birth_country,Winston Churchill was born in the country of,subject_last,3,6-20,name_lens,0, England. The capital, England,0,-7.4931,-7.2035,0.2895,-1.832,-1.695,0.1369,1,1, the,0.0699
Winston Churchill,death_year,Winston Churchill died in the year,subject_last,3,9-13,jspace,0, 1965.,196,1,-3.1219,-4.9948,-1.873,-1.0192,-1.9302,-0.911,2,1,195,0.0093
Winston Churchill,death_year,Winston Churchill died in the year,subject_last,3,9-13,jspace_keep_name,0, 1965.,196,1,-3.1219,-4.026,-0.9041,-1.0192,-1.8845,-0.8653,1,1,199,0.0051
Winston Churchill,death_year,Winston Churchill died in the year,subject_last,3,9-13,jspace_restore_rest,0, 1965.,196,1,-3.1219,-3.5412,-0.4193,-1.0192,-1.297,-0.2778,1,0,196,0.0035
Winston Churchill,death_year,Winston Churchill died in the year,subject_last,3,9-13,name_lens,0, 1965.,196,1,-3.1219,-3.5365,-0.4146,-1.0192,-1.2452,-0.226,1,0,196,0.0035
Winston Churchill,death_year,Winston Churchill died in the year,subject_last,3,9-17,jspace,0, 1965.,196,1,-3.1219,-4.9147,-1.7928,-1.0192,-1.9819,-0.9627,3,1,194,0.0185
Winston Churchill,death_year,Winston Churchill died in the year,subject_last,3,9-17,jspace_keep_name,0, 1965.,196,1,-3.1219,-4.0103,-0.8885,-1.0192,-1.7571,-0.7379,3,1,195,0.0112
Winston Churchill,death_year,Winston Churchill died in the year,subject_last,3,9-17,jspace_restore_rest,0, 1965.,196,1,-3.1219,-4.2043,-1.0824,-1.0192,-1.5213,-0.502,1,0,196,0.0158
Winston Churchill,death_year,Winston Churchill died in the year,subject_last,3,9-17,name_lens,0, 1965.,196,1,-3.1219,-3.9348,-0.8129,-1.0192,-1.4172,-0.398,1,0,196,0.0138
Winston Churchill,death_year,Winston Churchill died in the year,subject_last,3,6-20,jspace,0, 1965.,196,1,-3.1219,-5.8708,-2.749,-1.0192,-2.7442,-1.725,4,1,202,0.1557
Winston Churchill,death_year,Winston Churchill died in the year,subject_last,3,6-20,jspace_keep_name,0, 1965.,196,1,-3.1219,-4.7472,-1.6253,-1.0192,-2.188,-1.1688,5,1,195,0.087
Winston Churchill,death_year,Winston Churchill died in the year,subject_last,3,6-20,jspace_restore_rest,0, 1965.,196,1,-3.1219,-4.0831,-0.9612,-1.0192,-1.6031,-0.5839,1,0,196,0.0173
Winston Churchill,death_year,Winston Churchill died in the year,subject_last,3,6-20,name_lens,0, 1965.,196,1,-3.1219,-3.9915,-0.8696,-1.0192,-1.7665,-0.7472,1,0,196,0.0227
Winston Churchill,occupation,Winston Churchill worked as a,subject_last,3,9-13,jspace,0, journalist for the Daily, journalist,0,-7.1064,-7.9022,-0.7958,-1.8989,-2.3896,-0.4907,1,0, journalist,0.0775
Winston Churchill,occupation,Winston Churchill worked as a,subject_last,3,9-13,jspace_keep_name,0, journalist for the Daily, journalist,0,-7.1064,-7.5159,-0.4095,-1.8989,-2.3535,-0.4545,1,0, journalist,0.0477
Winston Churchill,occupation,Winston Churchill worked as a,subject_last,3,9-13,jspace_restore_rest,0, journalist for the Daily, journalist,0,-7.1064,-7.5071,-0.4007,-1.8989,-1.8791,0.0198,1,0, journalist,0.0225
Winston Churchill,occupation,Winston Churchill worked as a,subject_last,3,9-13,name_lens,0, journalist for the Daily, journalist,0,-7.1064,-7.4994,-0.393,-1.8989,-1.9226,-0.0237,1,0, journalist,0.0207
Winston Churchill,occupation,Winston Churchill worked as a,subject_last,3,9-17,jspace,0, journalist for the Daily, journalist,0,-7.1064,-8.4536,-1.3472,-1.8989,-2.4915,-0.5925,1,0, journalist,0.098
Winston Churchill,occupation,Winston Churchill worked as a,subject_last,3,9-17,jspace_keep_name,0, journalist for the Daily, journalist,0,-7.1064,-7.4965,-0.3902,-1.8989,-2.3693,-0.4703,1,0, journalist,0.0664
Winston Churchill,occupation,Winston Churchill worked as a,subject_last,3,9-17,jspace_restore_rest,0, journalist for the Daily, journalist,0,-7.1064,-7.6569,-0.5505,-1.8989,-1.9032,-0.0042,1,0, journalist,0.0412
Winston Churchill,occupation,Winston Churchill worked as a,subject_last,3,9-17,name_lens,0, journalist for the Daily, journalist,0,-7.1064,-7.5614,-0.455,-1.8989,-1.8759,0.023,1,0, journalist,0.032
Winston Churchill,occupation,Winston Churchill worked as a,subject_last,3,6-20,jspace,0, journalist for the Daily, journalist,0,-7.1064,-9.7961,-2.6897,-1.8989,-3.8392,-1.9403,4,1, civil,0.4928
Winston Churchill,occupation,Winston Churchill worked as a,subject_last,3,6-20,jspace_keep_name,0, journalist for the Daily, journalist,0,-7.1064,-7.857,-0.7506,-1.8989,-2.7757,-0.8767,2,1, **,0.3124
Winston Churchill,occupation,Winston Churchill worked as a,subject_last,3,6-20,jspace_restore_rest,0, journalist for the Daily, journalist,0,-7.1064,-8.1672,-1.0608,-1.8989,-2.3744,-0.4754,1,0, journalist,0.0896
Winston Churchill,occupation,Winston Churchill worked as a,subject_last,3,6-20,name_lens,0, journalist for the Daily, journalist,0,-7.1064,-8.62,-1.5136,-1.8989,-2.5134,-0.6145,1,0, journalist,0.1085
Winston Churchill,profession_of,The profession of Winston Churchill was,subject_last,5,9-13,jspace,0, a politician. The, politician,1,-7.2254,-7.4289,-0.2034,-2.303,-2.381,-0.0781,1,0, politician,0.0267
Winston Churchill,profession_of,The profession of Winston Churchill was,subject_last,5,9-13,jspace_keep_name,0, a politician. The, politician,1,-7.2254,-7.0581,0.1673,-2.303,-2.1233,0.1797,1,0, politician,0.029
Winston Churchill,profession_of,The profession of Winston Churchill was,subject_last,5,9-13,jspace_restore_rest,0, a politician. The, politician,1,-7.2254,-7.5909,-0.3655,-2.303,-2.2869,0.016,1,0, politician,0.0265
Winston Churchill,profession_of,The profession of Winston Churchill was,subject_last,5,9-13,name_lens,0, a politician. The, politician,1,-7.2254,-7.577,-0.3516,-2.303,-2.2934,0.0095,1,0, politician,0.026
Winston Churchill,profession_of,The profession of Winston Churchill was,subject_last,5,9-17,jspace,0, a politician. The, politician,1,-7.2254,-7.6484,-0.4229,-2.303,-2.5607,-0.2577,1,0, politician,0.0467
Winston Churchill,profession_of,The profession of Winston Churchill was,subject_last,5,9-17,jspace_keep_name,0, a politician. The, politician,1,-7.2254,-7.184,0.0414,-2.303,-2.2129,0.0901,1,0, politician,0.0423
Winston Churchill,profession_of,The profession of Winston Churchill was,subject_last,5,9-17,jspace_restore_rest,0, a politician. The, politician,1,-7.2254,-7.6907,-0.4652,-2.303,-2.2805,0.0225,1,0, politician,0.0364
Winston Churchill,profession_of,The profession of Winston Churchill was,subject_last,5,9-17,name_lens,0, a politician. The, politician,1,-7.2254,-7.6456,-0.4201,-2.303,-2.2873,0.0156,1,0, politician,0.0291
Winston Churchill,profession_of,The profession of Winston Churchill was,subject_last,5,6-20,jspace,0, a politician. The, politician,1,-7.2254,-7.104,0.1215,-2.303,-2.051,0.252,1,0, politician,0.0518
Winston Churchill,profession_of,The profession of Winston Churchill was,subject_last,5,6-20,jspace_keep_name,0, a politician. The, politician,1,-7.2254,-7.4353,-0.2098,-2.303,-2.7411,-0.4381,1,0, politician,0.0635
Winston Churchill,profession_of,The profession of Winston Churchill was,subject_last,5,6-20,jspace_restore_rest,0, a politician. The, politician,1,-7.2254,-6.7046,0.5208,-2.303,-1.7154,0.5876,1,0, politician,0.0189
Winston Churchill,profession_of,The profession of Winston Churchill was,subject_last,5,6-20,name_lens,0, a politician. The, politician,1,-7.2254,-6.5492,0.6763,-2.303,-1.6454,0.6575,1,0, politician,0.0239
Winston Churchill,instrument,Winston Churchill played the,subject_last,3,9-13,jspace,0, piano. The piano, piano,0,-8.3576,-7.9572,0.4004,-1.1523,-1.0612,0.0911,1,0, piano,0.0231
Winston Churchill,instrument,Winston Churchill played the,subject_last,3,9-13,jspace_keep_name,0, piano. The piano, piano,0,-8.3576,-8.0947,0.2629,-1.1523,-1.0655,0.0867,1,0, piano,0.014
Winston Churchill,instrument,Winston Churchill played the,subject_last,3,9-13,jspace_restore_rest,0, piano. The piano, piano,0,-8.3576,-8.0904,0.2672,-1.1523,-1.09,0.0622,1,0, piano,0.0112
Winston Churchill,instrument,Winston Churchill played the,subject_last,3,9-13,name_lens,0, piano. The piano, piano,0,-8.3576,-8.1673,0.1903,-1.1523,-1.1048,0.0475,1,0, piano,0.0117
Winston Churchill,instrument,Winston Churchill played the,subject_last,3,9-17,jspace,0, piano. The piano, piano,0,-8.3576,-7.8931,0.4645,-1.1523,-1.0631,0.0891,1,0, piano,0.0328
Winston Churchill,instrument,Winston Churchill played the,subject_last,3,9-17,jspace_keep_name,0, piano. The piano, piano,0,-8.3576,-7.9848,0.3728,-1.1523,-1.0665,0.0858,1,0, piano,0.0147
Winston Churchill,instrument,Winston Churchill played the,subject_last,3,9-17,jspace_restore_rest,0, piano. The piano, piano,0,-8.3576,-8.2031,0.1545,-1.1523,-1.1231,0.0292,1,0, piano,0.0128
Winston Churchill,instrument,Winston Churchill played the,subject_last,3,9-17,name_lens,0, piano. The piano, piano,0,-8.3576,-8.1704,0.1872,-1.1523,-1.0912,0.0611,1,0, piano,0.0124
Winston Churchill,instrument,Winston Churchill played the,subject_last,3,6-20,jspace,0, piano. The piano, piano,0,-8.3576,-7.56,0.7976,-1.1523,-1.2236,-0.0713,1,0, piano,0.0675
Winston Churchill,instrument,Winston Churchill played the,subject_last,3,6-20,jspace_keep_name,0, piano. The piano, piano,0,-8.3576,-7.8679,0.4897,-1.1523,-1.1426,0.0097,1,0, piano,0.0265
Winston Churchill,instrument,Winston Churchill played the,subject_last,3,6-20,jspace_restore_rest,0, piano. The piano, piano,0,-8.3576,-7.8593,0.4983,-1.1523,-1.0237,0.1286,1,0, piano,0.0314
Winston Churchill,instrument,Winston Churchill played the,subject_last,3,6-20,name_lens,0, piano. The piano, piano,0,-8.3576,-7.5831,0.7745,-1.1523,-0.9647,0.1876,1,0, piano,0.0321
Winston Churchill,famous_for,Winston Churchill is famous for,subject_last,3,9-13,jspace,0," his speeches, but", speeches,1,-4.65,-5.009,-0.359,-0.7153,-0.9643,-0.249,1,0, speeches,0.0088
Winston Churchill,famous_for,Winston Churchill is famous for,subject_last,3,9-13,jspace_keep_name,0," his speeches, but", speeches,1,-4.65,-4.8526,-0.2026,-0.7153,-0.8273,-0.1121,1,0, speeches,0.0027
Winston Churchill,famous_for,Winston Churchill is famous for,subject_last,3,9-13,jspace_restore_rest,0," his speeches, but", speeches,1,-4.65,-4.6919,-0.0419,-0.7153,-0.7876,-0.0723,1,0, speeches,0.004
Winston Churchill,famous_for,Winston Churchill is famous for,subject_last,3,9-13,name_lens,0," his speeches, but", speeches,1,-4.65,-4.6576,-0.0076,-0.7153,-0.7551,-0.0399,1,0, speeches,0.0041
Winston Churchill,famous_for,Winston Churchill is famous for,subject_last,3,9-17,jspace,0," his speeches, but", speeches,1,-4.65,-5.0314,-0.3814,-0.7153,-0.9765,-0.2612,1,0, speeches,0.0186
Winston Churchill,famous_for,Winston Churchill is famous for,subject_last,3,9-17,jspace_keep_name,0," his speeches, but", speeches,1,-4.65,-4.9595,-0.3096,-0.7153,-0.8964,-0.1812,1,0, speeches,0.0086
Winston Churchill,famous_for,Winston Churchill is famous for,subject_last,3,9-17,jspace_restore_rest,0," his speeches, but", speeches,1,-4.65,-4.8137,-0.1637,-0.7153,-0.842,-0.1267,1,0, speeches,0.0068
Winston Churchill,famous_for,Winston Churchill is famous for,subject_last,3,9-17,name_lens,0," his speeches, but", speeches,1,-4.65,-4.7689,-0.119,-0.7153,-0.7894,-0.0741,1,0, speeches,0.0048
Winston Churchill,famous_for,Winston Churchill is famous for,subject_last,3,6-20,jspace,0," his speeches, but", speeches,1,-4.65,-4.9914,-0.3414,-0.7153,-0.9226,-0.2074,1,0, speeches,0.1597
Winston Churchill,famous_for,Winston Churchill is famous for,subject_last,3,6-20,jspace_keep_name,0," his speeches, but", speeches,1,-4.65,-5.0048,-0.3548,-0.7153,-1.1228,-0.4075,1,0, speeches,0.0681
Winston Churchill,famous_for,Winston Churchill is famous for,subject_last,3,6-20,jspace_restore_rest,0," his speeches, but", speeches,1,-4.65,-4.7463,-0.0963,-0.7153,-0.6637,0.0516,1,0, speeches,0.0212
Winston Churchill,famous_for,Winston Churchill is famous for,subject_last,3,6-20,name_lens,0," his speeches, but", speeches,1,-4.65,-4.8095,-0.1595,-0.7153,-0.659,0.0563,1,0, speeches,0.0513
Winston Churchill,language,Winston Churchill spoke the language of,subject_last,3,9-13,jspace,0," the people, but", people,1,-6.9582,-7.2441,-0.286,-2.117,-2.235,-0.118,1,0, people,0.0146
Winston Churchill,language,Winston Churchill spoke the language of,subject_last,3,9-13,jspace_keep_name,0," the people, but", people,1,-6.9582,-7.0815,-0.1233,-2.117,-2.072,0.045,1,0, people,0.0051
Winston Churchill,language,Winston Churchill spoke the language of,subject_last,3,9-13,jspace_restore_rest,0," the people, but", people,1,-6.9582,-7.1482,-0.19,-2.117,-2.1437,-0.0267,1,0, people,0.0035
Winston Churchill,language,Winston Churchill spoke the language of,subject_last,3,9-13,name_lens,0," the people, but", people,1,-6.9582,-7.1464,-0.1883,-2.117,-2.0959,0.0211,1,0, people,0.0033
Winston Churchill,language,Winston Churchill spoke the language of,subject_last,3,9-17,jspace,0," the people, but", people,1,-6.9582,-7.4483,-0.4902,-2.117,-2.3066,-0.1897,1,0, people,0.0223
Winston Churchill,language,Winston Churchill spoke the language of,subject_last,3,9-17,jspace_keep_name,0," the people, but", people,1,-6.9582,-7.1519,-0.1937,-2.117,-2.1091,0.0079,1,0, people,0.0106
Winston Churchill,language,Winston Churchill spoke the language of,subject_last,3,9-17,jspace_restore_rest,0," the people, but", people,1,-6.9582,-7.1813,-0.2232,-2.117,-2.177,-0.0601,1,0, people,0.0069
Winston Churchill,language,Winston Churchill spoke the language of,subject_last,3,9-17,name_lens,0," the people, but", people,1,-6.9582,-7.1471,-0.1889,-2.117,-2.1368,-0.0198,1,0, people,0.0048
Winston Churchill,language,Winston Churchill spoke the language of,subject_last,3,6-20,jspace,0," the people, but", people,1,-6.9582,-8.0544,-1.0962,-2.117,-2.7939,-0.6769,1,0, people,0.0894
Winston Churchill,language,Winston Churchill spoke the language of,subject_last,3,6-20,jspace_keep_name,0," the people, but", people,1,-6.9582,-7.3053,-0.3471,-2.117,-2.2015,-0.0846,1,0, people,0.0586
Winston Churchill,language,Winston Churchill spoke the language of,subject_last,3,6-20,jspace_restore_rest,0," the people, but", people,1,-6.9582,-7.3261,-0.3679,-2.117,-2.2119,-0.095,1,0, people,0.0147
Winston Churchill,language,Winston Churchill spoke the language of,subject_last,3,6-20,name_lens,0," the people, but", people,1,-6.9582,-7.4836,-0.5254,-2.117,-2.2382,-0.1212,1,0, people,0.0167
Winston Churchill,spouse,Winston Churchill was married to,subject_last,3,9-13,jspace,0, Clementine Churchill., Clement,0,-3.4471,-6.8014,-3.3543,-1.0044,-2.8454,-1.8409,2,1, a,0.5164
Winston Churchill,spouse,Winston Churchill was married to,subject_last,3,9-13,jspace_keep_name,0, Clementine Churchill., Clement,0,-3.4471,-5.2273,-1.7802,-1.0044,-2.2966,-1.2922,2,1, a,0.2638
Winston Churchill,spouse,Winston Churchill was married to,subject_last,3,9-13,jspace_restore_rest,0, Clementine Churchill., Clement,0,-3.4471,-4.0276,-0.5805,-1.0044,-1.2618,-0.2574,1,0, Clement,0.1195
Winston Churchill,spouse,Winston Churchill was married to,subject_last,3,9-13,name_lens,0, Clementine Churchill., Clement,0,-3.4471,-3.8108,-0.3637,-1.0044,-1.0724,-0.068,1,0, Clement,0.0985
Winston Churchill,spouse,Winston Churchill was married to,subject_last,3,9-17,jspace,0, Clementine Churchill., Clement,0,-3.4471,-6.0549,-2.6078,-1.0044,-2.7974,-1.793,2,1, a,0.4949
Winston Churchill,spouse,Winston Churchill was married to,subject_last,3,9-17,jspace_keep_name,0, Clementine Churchill., Clement,0,-3.4471,-6.0474,-2.6003,-1.0044,-2.9798,-1.9753,4,1, a,0.5077
Winston Churchill,spouse,Winston Churchill was married to,subject_last,3,9-17,jspace_restore_rest,0, Clementine Churchill., Clement,0,-3.4471,-5.9149,-2.4678,-1.0044,-2.6197,-1.6153,2,1, a,0.4759
Winston Churchill,spouse,Winston Churchill was married to,subject_last,3,9-17,name_lens,0, Clementine Churchill., Clement,0,-3.4471,-4.7954,-1.3483,-1.0044,-1.8211,-0.8167,2,1, a,0.2426
Winston Churchill,spouse,Winston Churchill was married to,subject_last,3,6-20,jspace,0, Clementine Churchill., Clement,0,-3.4471,-7.9861,-4.539,-1.0044,-3.8097,-2.8053,7,1, a,0.9689
Winston Churchill,spouse,Winston Churchill was married to,subject_last,3,6-20,jspace_keep_name,0, Clementine Churchill., Clement,0,-3.4471,-6.5796,-3.1325,-1.0044,-3.9541,-2.9496,8,1, a,1.0437
Winston Churchill,spouse,Winston Churchill was married to,subject_last,3,6-20,jspace_restore_rest,0, Clementine Churchill., Clement,0,-3.4471,-6.6236,-3.1765,-1.0044,-2.7978,-1.7934,3,1, a,0.5407
Winston Churchill,spouse,Winston Churchill was married to,subject_last,3,6-20,name_lens,0, Clementine Churchill., Clement,0,-3.4471,-6.2175,-2.7704,-1.0044,-2.4899,-1.4855,2,1, a,0.435
Winston Churchill,education,Winston Churchill studied at the University of,subject_last,3,9-13,jspace,0," Oxford, where he", Oxford,0,-3.712,-4.1093,-0.3973,-0.6644,-0.9798,-0.3154,1,0, Oxford,0.1136
Winston Churchill,education,Winston Churchill studied at the University of,subject_last,3,9-13,jspace_keep_name,0," Oxford, where he", Oxford,0,-3.712,-4.1743,-0.4623,-0.6644,-0.9979,-0.3334,1,0, Oxford,0.1304
Winston Churchill,education,Winston Churchill studied at the University of,subject_last,3,9-13,jspace_restore_rest,0," Oxford, where he", Oxford,0,-3.712,-3.9481,-0.2361,-0.6644,-0.8158,-0.1514,1,0, Oxford,0.0657
Winston Churchill,education,Winston Churchill studied at the University of,subject_last,3,9-13,name_lens,0," Oxford, where he", Oxford,0,-3.712,-3.947,-0.235,-0.6644,-0.8044,-0.14,1,0, Oxford,0.0586
Winston Churchill,education,Winston Churchill studied at the University of,subject_last,3,9-17,jspace,0," Oxford, where he", Oxford,0,-3.712,-4.263,-0.5511,-0.6644,-1.0469,-0.3825,1,0, Oxford,0.1142
Winston Churchill,education,Winston Churchill studied at the University of,subject_last,3,9-17,jspace_keep_name,0," Oxford, where he", Oxford,0,-3.712,-4.437,-0.725,-0.6644,-1.1345,-0.47,1,0, Oxford,0.1429
Winston Churchill,education,Winston Churchill studied at the University of,subject_last,3,9-17,jspace_restore_rest,0," Oxford, where he", Oxford,0,-3.712,-3.9301,-0.2181,-0.6644,-0.7278,-0.0634,1,0, Oxford,0.0857
Winston Churchill,education,Winston Churchill studied at the University of,subject_last,3,9-17,name_lens,0," Oxford, where he", Oxford,0,-3.712,-3.8872,-0.1752,-0.6644,-0.7559,-0.0914,1,0, Oxford,0.0743
Winston Churchill,education,Winston Churchill studied at the University of,subject_last,3,6-20,jspace,0," Oxford, where he", Oxford,0,-3.712,-9.2268,-5.5148,-0.6644,-1.7361,-1.0717,2,1, Cambridge,0.4405
Winston Churchill,education,Winston Churchill studied at the University of,subject_last,3,6-20,jspace_keep_name,0," Oxford, where he", Oxford,0,-3.712,-4.1485,-0.4366,-0.6644,-1.2215,-0.557,1,0, Oxford,0.2787
Winston Churchill,education,Winston Churchill studied at the University of,subject_last,3,6-20,jspace_restore_rest,0," Oxford, where he", Oxford,0,-3.712,-4.248,-0.536,-0.6644,-0.907,-0.2426,1,0, Oxford,0.1213
Winston Churchill,education,Winston Churchill studied at the University of,subject_last,3,6-20,name_lens,0," Oxford, where he", Oxford,0,-3.712,-4.429,-0.7171,-0.6644,-0.9875,-0.3231,1,0, Oxford,0.1387
Winston Churchill,citizenship,Winston Churchill was a citizen of,subject_last,3,9-13,jspace,0, the United Kingdom., United,1,-2.9779,-3.0459,-0.068,-0.4868,-0.5568,-0.07,1,0, United,0.0106
Winston Churchill,citizenship,Winston Churchill was a citizen of,subject_last,3,9-13,jspace_keep_name,0, the United Kingdom., United,1,-2.9779,-2.9493,0.0286,-0.4868,-0.5051,-0.0183,1,0, United,0.0066
Winston Churchill,citizenship,Winston Churchill was a citizen of,subject_last,3,9-13,jspace_restore_rest,0, the United Kingdom., United,1,-2.9779,-2.9844,-0.0065,-0.4868,-0.4651,0.0217,1,0, United,0.007
Winston Churchill,citizenship,Winston Churchill was a citizen of,subject_last,3,9-13,name_lens,0, the United Kingdom., United,1,-2.9779,-2.9738,0.0041,-0.4868,-0.4722,0.0146,1,0, United,0.0058
Winston Churchill,citizenship,Winston Churchill was a citizen of,subject_last,3,9-17,jspace,0, the United Kingdom., United,1,-2.9779,-3.1869,-0.209,-0.4868,-0.5327,-0.0459,1,0, United,0.0184
Winston Churchill,citizenship,Winston Churchill was a citizen of,subject_last,3,9-17,jspace_keep_name,0, the United Kingdom., United,1,-2.9779,-2.9693,0.0086,-0.4868,-0.4466,0.0402,1,0, United,0.0125
Winston Churchill,citizenship,Winston Churchill was a citizen of,subject_last,3,9-17,jspace_restore_rest,0, the United Kingdom., United,1,-2.9779,-3.0092,-0.0314,-0.4868,-0.4683,0.0185,1,0, United,0.0097
Winston Churchill,citizenship,Winston Churchill was a citizen of,subject_last,3,9-17,name_lens,0, the United Kingdom., United,1,-2.9779,-2.9955,-0.0176,-0.4868,-0.4845,0.0023,1,0, United,0.0074
Winston Churchill,citizenship,Winston Churchill was a citizen of,subject_last,3,6-20,jspace,0, the United Kingdom., United,1,-2.9779,-2.7658,0.2121,-0.4868,-0.4723,0.0145,1,0, United,0.1779
Winston Churchill,citizenship,Winston Churchill was a citizen of,subject_last,3,6-20,jspace_keep_name,0, the United Kingdom., United,1,-2.9779,-2.5532,0.4246,-0.4868,-0.3106,0.1762,1,0, United,0.0954
Winston Churchill,citizenship,Winston Churchill was a citizen of,subject_last,3,6-20,jspace_restore_rest,0, the United Kingdom., United,1,-2.9779,-3.0443,-0.0664,-0.4868,-0.4784,0.0085,1,0, United,0.0364
Winston Churchill,citizenship,Winston Churchill was a citizen of,subject_last,3,6-20,name_lens,0, the United Kingdom., United,1,-2.9779,-3.1231,-0.1452,-0.4868,-0.5193,-0.0325,1,0, United,0.0446
Winston Churchill,copy_first_name,The first name of Winston Churchill is,subject_last,6,9-13,jspace,0,? 1.,1,2,-7.8112,-7.7153,0.0958,-2.295,-2.3903,-0.0953,1,0,1,0.0709
Winston Churchill,copy_first_name,The first name of Winston Churchill is,subject_last,6,9-13,jspace_keep_name,0,? 1.,1,2,-7.8112,-7.5021,0.3091,-2.295,-2.0999,0.1952,1,0,1,0.0095
Winston Churchill,copy_first_name,The first name of Winston Churchill is,subject_last,6,9-13,jspace_restore_rest,0,? 1.,1,2,-7.8112,-7.5782,0.2329,-2.295,-2.2317,0.0634,1,0,1,0.013
Winston Churchill,copy_first_name,The first name of Winston Churchill is,subject_last,6,9-13,name_lens,0,? 1.,1,2,-7.8112,-7.6432,0.168,-2.295,-2.3514,-0.0564,1,0,1,0.0167
Winston Churchill,copy_first_name,The first name of Winston Churchill is,subject_last,6,9-17,jspace,0,? 1.,1,2,-7.8112,-7.4491,0.362,-2.295,-2.122,0.173,1,0,1,0.1011
Winston Churchill,copy_first_name,The first name of Winston Churchill is,subject_last,6,9-17,jspace_keep_name,0,? 1.,1,2,-7.8112,-7.6705,0.1407,-2.295,-2.0238,0.2713,1,0,1,0.0354
Winston Churchill,copy_first_name,The first name of Winston Churchill is,subject_last,6,9-17,jspace_restore_rest,0,? 1.,1,2,-7.8112,-7.5058,0.3054,-2.295,-2.2559,0.0391,1,0,1,0.0271
Winston Churchill,copy_first_name,The first name of Winston Churchill is,subject_last,6,9-17,name_lens,0,? 1.,1,2,-7.8112,-7.5752,0.236,-2.295,-2.3456,-0.0506,1,0,1,0.0221
Winston Churchill,copy_first_name,The first name of Winston Churchill is,subject_last,6,6-20,jspace,0,? 1.,1,2,-7.8112,-7.4924,0.3188,-2.295,-2.3733,-0.0782,1,0,1,0.3931
Winston Churchill,copy_first_name,The first name of Winston Churchill is,subject_last,6,6-20,jspace_keep_name,0,? 1.,1,2,-7.8112,-7.4427,0.3685,-2.295,-1.938,0.357,1,0,1,0.0975
Winston Churchill,copy_first_name,The first name of Winston Churchill is,subject_last,6,6-20,jspace_restore_rest,0,? 1.,1,2,-7.8112,-8.0972,-0.2861,-2.295,-2.5122,-0.2172,2,1,2,0.0436
Winston Churchill,copy_first_name,The first name of Winston Churchill is,subject_last,6,6-20,name_lens,0,? 1.,1,2,-7.8112,-8.2079,-0.3968,-2.295,-2.6414,-0.3464,3,1, The,0.0538
Winston Churchill,copy_last_name,The last name of Winston Churchill is,subject_last,6,9-13,jspace,0, not a surname., not,0,-9.5911,-9.3941,0.197,-2.8955,-2.8473,0.0482,1,1,?,0.1744
Winston Churchill,copy_last_name,The last name of Winston Churchill is,subject_last,6,9-13,jspace_keep_name,0, not a surname., not,0,-9.5911,-9.4818,0.1093,-2.8955,-2.7732,0.1222,1,0, not,0.0597
Winston Churchill,copy_last_name,The last name of Winston Churchill is,subject_last,6,9-13,jspace_restore_rest,0, not a surname., not,0,-9.5911,-9.5558,0.0354,-2.8955,-2.9147,-0.0192,1,1,?,0.0471
Winston Churchill,copy_last_name,The last name of Winston Churchill is,subject_last,6,9-13,name_lens,0, not a surname., not,0,-9.5911,-9.6618,-0.0707,-2.8955,-2.9648,-0.0693,2,1,?,0.0633
Winston Churchill,copy_last_name,The last name of Winston Churchill is,subject_last,6,9-17,jspace,0, not a surname., not,0,-9.5911,-9.6084,-0.0173,-2.8955,-2.8814,0.0141,1,0, not,0.2707
Winston Churchill,copy_last_name,The last name of Winston Churchill is,subject_last,6,9-17,jspace_keep_name,0, not a surname., not,0,-9.5911,-9.6009,-0.0097,-2.8955,-2.8911,0.0044,2,1," """,0.2508
Winston Churchill,copy_last_name,The last name of Winston Churchill is,subject_last,6,9-17,jspace_restore_rest,0, not a surname., not,0,-9.5911,-9.7097,-0.1185,-2.8955,-3.0054,-0.11,2,1,?,0.1593
Winston Churchill,copy_last_name,The last name of Winston Churchill is,subject_last,6,9-17,name_lens,0, not a surname., not,0,-9.5911,-9.6845,-0.0934,-2.8955,-2.9581,-0.0626,2,1,?,0.117
Winston Churchill,copy_last_name,The last name of Winston Churchill is,subject_last,6,6-20,jspace,0, not a surname., not,0,-9.5911,-10.3254,-0.7342,-2.8955,-3.5435,-0.648,6,1," """,0.3073
Winston Churchill,copy_last_name,The last name of Winston Churchill is,subject_last,6,6-20,jspace_keep_name,0, not a surname., not,0,-9.5911,-9.4018,0.1894,-2.8955,-2.7197,0.1758,2,1,?,0.2108
Winston Churchill,copy_last_name,The last name of Winston Churchill is,subject_last,6,6-20,jspace_restore_rest,0, not a surname., not,0,-9.5911,-10.3918,-0.8007,-2.8955,-3.2657,-0.3703,3,1,?,0.1622
Winston Churchill,copy_last_name,The last name of Winston Churchill is,subject_last,6,6-20,name_lens,0, not a surname., not,0,-9.5911,-10.5086,-0.9174,-2.8955,-3.2347,-0.3393,2,1,?,0.2374
