subject,relation,prompt,position_mode,ablated_positions,band,condition,replicate,greedy_span,content_token,content_index,span_logp_clean,span_logp_cond,delta_span_logp,content_logp_clean,content_logp_cond,delta_content_logp,rank_content_under_cond,content_top1_changed,content_top1_cond,kl_first_token
Miles Davis,birth_city,Miles Davis was born in the city of,subject_all,1 2,9-13,jspace,0," New York, in", New,0,-4.693,-5.3005,-0.6075,-1.2711,-1.7498,-0.4787,1,0, New,0.4604
Miles Davis,birth_city,Miles Davis was born in the city of,subject_all,1 2,9-13,jspace_keep_name,0," New York, in", New,0,-4.693,-4.8299,-0.1369,-1.2711,-1.3073,-0.0363,1,0, New,0.533
Miles Davis,birth_city,Miles Davis was born in the city of,subject_all,1 2,9-13,jspace_restore_rest,0," New York, in", New,0,-4.693,-4.9328,-0.2398,-1.2711,-1.4737,-0.2027,1,0, New,0.1969
Miles Davis,birth_city,Miles Davis was born in the city of,subject_all,1 2,9-13,name_lens,0," New York, in", New,0,-4.693,-4.8696,-0.1766,-1.2711,-1.4558,-0.1848,1,0, New,0.1628
Miles Davis,birth_city,Miles Davis was born in the city of,subject_all,1 2,9-17,jspace,0," New York, in", New,0,-4.693,-5.3976,-0.7046,-1.2711,-1.6531,-0.382,1,0, New,0.4812
Miles Davis,birth_city,Miles Davis was born in the city of,subject_all,1 2,9-17,jspace_keep_name,0," New York, in", New,0,-4.693,-4.7724,-0.0794,-1.2711,-1.2588,0.0122,1,0, New,0.6147
Miles Davis,birth_city,Miles Davis was born in the city of,subject_all,1 2,9-17,jspace_restore_rest,0," New York, in", New,0,-4.693,-4.7876,-0.0946,-1.2711,-1.3349,-0.0638,1,0, New,0.0944
Miles Davis,birth_city,Miles Davis was born in the city of,subject_all,1 2,9-17,name_lens,0," New York, in", New,0,-4.693,-4.9461,-0.2531,-1.2711,-1.4433,-0.1722,1,0, New,0.1498
Miles Davis,birth_city,Miles Davis was born in the city of,subject_all,1 2,6-20,jspace,0," New York, in", New,0,-4.693,-5.7725,-1.0795,-1.2711,-1.9981,-0.727,1,0, New,1.0554
Miles Davis,birth_city,Miles Davis was born in the city of,subject_all,1 2,6-20,jspace_keep_name,0," New York, in", New,0,-4.693,-5.9353,-1.2423,-1.2711,-2.4598,-1.1887,1,0, New,1.0093
Miles Davis,birth_city,Miles Davis was born in the city of,subject_all,1 2,6-20,jspace_restore_rest,0," New York, in", New,0,-4.693,-5.2908,-0.5978,-1.2711,-1.6186,-0.3475,1,0, New,0.3878
Miles Davis,birth_city,Miles Davis was born in the city of,subject_all,1 2,6-20,name_lens,0," New York, in", New,0,-4.693,-5.0494,-0.3564,-1.2711,-1.5217,-0.2506,1,0, New,0.3385
Miles Davis,birth_year,Miles Davis was born in the year,subject_all,1 2,9-13,jspace,0, 1926.,192,1,-3.3536,-4.6355,-1.2819,-0.8453,-1.1989,-0.3535,1,0,192,0.0145
Miles Davis,birth_year,Miles Davis was born in the year,subject_all,1 2,9-13,jspace_keep_name,0, 1926.,192,1,-3.3536,-3.7822,-0.4287,-0.8453,-1.3043,-0.459,2,1,191,0.0087
Miles Davis,birth_year,Miles Davis was born in the year,subject_all,1 2,9-13,jspace_restore_rest,0, 1926.,192,1,-3.3536,-4.4917,-1.1382,-0.8453,-0.8486,-0.0033,1,0,192,0.0194
Miles Davis,birth_year,Miles Davis was born in the year,subject_all,1 2,9-13,name_lens,0, 1926.,192,1,-3.3536,-4.4004,-1.0468,-0.8453,-0.9147,-0.0694,1,0,192,0.014
Miles Davis,birth_year,Miles Davis was born in the year,subject_all,1 2,9-17,jspace,0, 1926.,192,1,-3.3536,-4.639,-1.2854,-0.8453,-0.9543,-0.1089,1,0,192,0.0285
Miles Davis,birth_year,Miles Davis was born in the year,subject_all,1 2,9-17,jspace_keep_name,0, 1926.,192,1,-3.3536,-5.263,-1.9094,-0.8453,-0.7883,0.057,1,0,192,0.0165
Miles Davis,birth_year,Miles Davis was born in the year,subject_all,1 2,9-17,jspace_restore_rest,0, 1926.,192,1,-3.3536,-4.0042,-0.6507,-0.8453,-0.8453,-0.0,1,0,192,0.0211
Miles Davis,birth_year,Miles Davis was born in the year,subject_all,1 2,9-17,name_lens,0, 1926.,192,1,-3.3536,-4.4328,-1.0792,-0.8453,-0.9274,-0.0821,1,0,192,0.0152
Miles Davis,birth_year,Miles Davis was born in the year,subject_all,1 2,6-20,jspace,0, 1926.,192,1,-3.3536,-3.9688,-0.6152,-0.8453,-0.7562,0.0891,1,0,192,0.169
Miles Davis,birth_year,Miles Davis was born in the year,subject_all,1 2,6-20,jspace_keep_name,0, 1926.,192,1,-3.3536,-6.1409,-2.7873,-0.8453,-1.3064,-0.4611,2,1,191,0.0747
Miles Davis,birth_year,Miles Davis was born in the year,subject_all,1 2,6-20,jspace_restore_rest,0, 1926.,192,1,-3.3536,-5.3471,-1.9935,-0.8453,-0.8947,-0.0494,1,0,192,0.0362
Miles Davis,birth_year,Miles Davis was born in the year,subject_all,1 2,6-20,name_lens,0, 1926.,192,1,-3.3536,-5.6077,-2.2542,-0.8453,-1.1646,-0.3193,1,0,192,0.0498
Miles Davis,birth_country,Miles Davis was born in the country of,subject_all,1 2,9-13,jspace,0, the United States., United,1,-3.0297,-3.2424,-0.2127,-0.4179,-0.4816,-0.0637,1,0, United,0.092
Miles Davis,birth_country,Miles Davis was born in the country of,subject_all,1 2,9-13,jspace_keep_name,0, the United States., United,1,-3.0297,-3.2892,-0.2594,-0.4179,-0.4619,-0.0439,1,0, United,0.0653
Miles Davis,birth_country,Miles Davis was born in the country of,subject_all,1 2,9-13,jspace_restore_rest,0, the United States., United,1,-3.0297,-3.2005,-0.1708,-0.4179,-0.4688,-0.0509,1,0, United,0.0387
Miles Davis,birth_country,Miles Davis was born in the country of,subject_all,1 2,9-13,name_lens,0, the United States., United,1,-3.0297,-3.1535,-0.1237,-0.4179,-0.4648,-0.0469,1,0, United,0.0548
Miles Davis,birth_country,Miles Davis was born in the country of,subject_all,1 2,9-17,jspace,0, the United States., United,1,-3.0297,-3.1844,-0.1547,-0.4179,-0.4771,-0.0592,1,0, United,0.1366
Miles Davis,birth_country,Miles Davis was born in the country of,subject_all,1 2,9-17,jspace_keep_name,0, the United States., United,1,-3.0297,-3.2257,-0.1959,-0.4179,-0.4323,-0.0144,1,0, United,0.096
Miles Davis,birth_country,Miles Davis was born in the country of,subject_all,1 2,9-17,jspace_restore_rest,0, the United States., United,1,-3.0297,-3.243,-0.2133,-0.4179,-0.4648,-0.0468,1,0, United,0.0345
Miles Davis,birth_country,Miles Davis was born in the country of,subject_all,1 2,9-17,name_lens,0, the United States., United,1,-3.0297,-3.1429,-0.1131,-0.4179,-0.4592,-0.0412,1,0, United,0.0593
Miles Davis,birth_country,Miles Davis was born in the country of,subject_all,1 2,6-20,jspace,0, the United States., United,1,-3.0297,-2.624,0.4057,-0.4179,-0.3112,0.1068,1,0, United,0.2705
Miles Davis,birth_country,Miles Davis was born in the country of,subject_all,1 2,6-20,jspace_keep_name,0, the United States., United,1,-3.0297,-3.1187,-0.089,-0.4179,-0.4263,-0.0083,1,0, United,0.2057
Miles Davis,birth_country,Miles Davis was born in the country of,subject_all,1 2,6-20,jspace_restore_rest,0, the United States., United,1,-3.0297,-2.8683,0.1614,-0.4179,-0.4229,-0.005,1,0, United,0.0938
Miles Davis,birth_country,Miles Davis was born in the country of,subject_all,1 2,6-20,name_lens,0, the United States., United,1,-3.0297,-2.8908,0.1389,-0.4179,-0.4324,-0.0144,1,0, United,0.0957
Miles Davis,death_year,Miles Davis died in the year,subject_all,1 2,9-13,jspace,0, 1991.,199,1,-3.8919,-6.1448,-2.253,-0.5795,-2.1322,-1.5528,3,1,198,0.036
Miles Davis,death_year,Miles Davis died in the year,subject_all,1 2,9-13,jspace_keep_name,0, 1991.,199,1,-3.8919,-4.8882,-0.9964,-0.5795,-1.0257,-0.4462,1,0,199,0.0108
Miles Davis,death_year,Miles Davis died in the year,subject_all,1 2,9-13,jspace_restore_rest,0, 1991.,199,1,-3.8919,-5.3996,-1.5077,-0.5795,-1.4823,-0.9028,2,1,197,0.0198
Miles Davis,death_year,Miles Davis died in the year,subject_all,1 2,9-13,name_lens,0, 1991.,199,1,-3.8919,-5.4846,-1.5927,-0.5795,-1.5988,-1.0193,2,1,197,0.0267
Miles Davis,death_year,Miles Davis died in the year,subject_all,1 2,9-17,jspace,0, 1991.,199,1,-3.8919,-4.5199,-0.6281,-0.5795,-1.124,-0.5445,1,0,199,0.0401
Miles Davis,death_year,Miles Davis died in the year,subject_all,1 2,9-17,jspace_keep_name,0, 1991.,199,1,-3.8919,-5.2336,-1.3418,-0.5795,-1.4125,-0.833,2,1,197,0.024
Miles Davis,death_year,Miles Davis died in the year,subject_all,1 2,9-17,jspace_restore_rest,0, 1991.,199,1,-3.8919,-4.7783,-0.8865,-0.5795,-1.0779,-0.4984,1,0,199,0.0206
Miles Davis,death_year,Miles Davis died in the year,subject_all,1 2,9-17,name_lens,0, 1991.,199,1,-3.8919,-5.3263,-1.4344,-0.5795,-1.5285,-0.949,2,1,197,0.0284
Miles Davis,death_year,Miles Davis died in the year,subject_all,1 2,6-20,jspace,0, 1991.,199,1,-3.8919,-4.8124,-0.9206,-0.5795,-1.3951,-0.8156,1,0,199,0.1544
Miles Davis,death_year,Miles Davis died in the year,subject_all,1 2,6-20,jspace_keep_name,0, 1991.,199,1,-3.8919,-4.8866,-0.9948,-0.5795,-1.2112,-0.6318,2,1,197,0.1036
Miles Davis,death_year,Miles Davis died in the year,subject_all,1 2,6-20,jspace_restore_rest,0, 1991.,199,1,-3.8919,-5.4905,-1.5986,-0.5795,-1.5336,-0.9542,2,1,198,0.0387
Miles Davis,death_year,Miles Davis died in the year,subject_all,1 2,6-20,name_lens,0, 1991.,199,1,-3.8919,-5.6836,-1.7917,-0.5795,-1.7135,-1.134,3,1,198,0.051
Miles Davis,occupation,Miles Davis worked as a,subject_all,1 2,9-13,jspace,0, jazz musician in the, jazz,0,-5.9058,-6.2549,-0.3491,-2.4427,-2.6795,-0.2369,2,1, musician,0.059
Miles Davis,occupation,Miles Davis worked as a,subject_all,1 2,9-13,jspace_keep_name,0, jazz musician in the, jazz,0,-5.9058,-6.3272,-0.4214,-2.4427,-2.8162,-0.3736,2,1, musician,0.0508
Miles Davis,occupation,Miles Davis worked as a,subject_all,1 2,9-13,jspace_restore_rest,0, jazz musician in the, jazz,0,-5.9058,-5.8964,0.0094,-2.4427,-2.4503,-0.0077,1,0, jazz,0.0112
Miles Davis,occupation,Miles Davis worked as a,subject_all,1 2,9-13,name_lens,0, jazz musician in the, jazz,0,-5.9058,-5.9831,-0.0773,-2.4427,-2.4589,-0.0162,1,0, jazz,0.0117
Miles Davis,occupation,Miles Davis worked as a,subject_all,1 2,9-17,jspace,0, jazz musician in the, jazz,0,-5.9058,-6.5092,-0.6034,-2.4427,-2.8393,-0.3966,2,1, musician,0.0602
Miles Davis,occupation,Miles Davis worked as a,subject_all,1 2,9-17,jspace_keep_name,0, jazz musician in the, jazz,0,-5.9058,-6.2151,-0.3093,-2.4427,-2.7558,-0.3131,2,1, musician,0.0795
Miles Davis,occupation,Miles Davis worked as a,subject_all,1 2,9-17,jspace_restore_rest,0, jazz musician in the, jazz,0,-5.9058,-5.8817,0.0242,-2.4427,-2.4042,0.0384,1,0, jazz,0.017
Miles Davis,occupation,Miles Davis worked as a,subject_all,1 2,9-17,name_lens,0, jazz musician in the, jazz,0,-5.9058,-5.9941,-0.0883,-2.4427,-2.44,0.0026,1,0, jazz,0.0115
Miles Davis,occupation,Miles Davis worked as a,subject_all,1 2,6-20,jspace,0, jazz musician in the, jazz,0,-5.9058,-7.1009,-1.195,-2.4427,-3.3919,-0.9492,2,1, musician,0.1976
Miles Davis,occupation,Miles Davis worked as a,subject_all,1 2,6-20,jspace_keep_name,0, jazz musician in the, jazz,0,-5.9058,-7.2323,-1.3264,-2.4427,-3.4692,-1.0265,2,1, musician,0.2633
Miles Davis,occupation,Miles Davis worked as a,subject_all,1 2,6-20,jspace_restore_rest,0, jazz musician in the, jazz,0,-5.9058,-5.8584,0.0475,-2.4427,-2.3642,0.0785,1,0, jazz,0.0552
Miles Davis,occupation,Miles Davis worked as a,subject_all,1 2,6-20,name_lens,0, jazz musician in the, jazz,0,-5.9058,-6.0112,-0.1054,-2.4427,-2.4773,-0.0346,2,1, musician,0.0687
Miles Davis,profession_of,The profession of Miles Davis was,subject_all,4 5,9-13,jspace,0, a jazz musician., jazz,1,-6.4635,-6.8127,-0.3492,-2.3622,-2.6321,-0.2699,1,0, jazz,0.0223
Miles Davis,profession_of,The profession of Miles Davis was,subject_all,4 5,9-13,jspace_keep_name,0, a jazz musician., jazz,1,-6.4635,-6.1614,0.3021,-2.3622,-2.1562,0.206,1,0, jazz,0.0154
Miles Davis,profession_of,The profession of Miles Davis was,subject_all,4 5,9-13,jspace_restore_rest,0, a jazz musician., jazz,1,-6.4635,-6.701,-0.2375,-2.3622,-2.5603,-0.1981,1,0, jazz,0.0054
Miles Davis,profession_of,The profession of Miles Davis was,subject_all,4 5,9-13,name_lens,0, a jazz musician., jazz,1,-6.4635,-6.5324,-0.0689,-2.3622,-2.4512,-0.0891,1,0, jazz,0.0038
Miles Davis,profession_of,The profession of Miles Davis was,subject_all,4 5,9-17,jspace,0, a jazz musician., jazz,1,-6.4635,-7.2456,-0.7821,-2.3622,-2.993,-0.6308,2,1, ______,0.0276
Miles Davis,profession_of,The profession of Miles Davis was,subject_all,4 5,9-17,jspace_keep_name,0, a jazz musician., jazz,1,-6.4635,-6.5748,-0.1113,-2.3622,-2.5578,-0.1956,1,0, jazz,0.0299
Miles Davis,profession_of,The profession of Miles Davis was,subject_all,4 5,9-17,jspace_restore_rest,0, a jazz musician., jazz,1,-6.4635,-6.6212,-0.1576,-2.3622,-2.5093,-0.1471,1,0, jazz,0.0049
Miles Davis,profession_of,The profession of Miles Davis was,subject_all,4 5,9-17,name_lens,0, a jazz musician., jazz,1,-6.4635,-6.5312,-0.0676,-2.3622,-2.4026,-0.0404,1,0, jazz,0.0176
Miles Davis,profession_of,The profession of Miles Davis was,subject_all,4 5,6-20,jspace,0, a jazz musician., jazz,1,-6.4635,-7.0829,-0.6194,-2.3622,-2.9766,-0.6145,2,1, ______,0.0997
Miles Davis,profession_of,The profession of Miles Davis was,subject_all,4 5,6-20,jspace_keep_name,0, a jazz musician., jazz,1,-6.4635,-6.7611,-0.2975,-2.3622,-2.7642,-0.402,2,1, ______,0.1475
Miles Davis,profession_of,The profession of Miles Davis was,subject_all,4 5,6-20,jspace_restore_rest,0, a jazz musician., jazz,1,-6.4635,-6.4344,0.0291,-2.3622,-2.413,-0.0509,1,0, jazz,0.009
Miles Davis,profession_of,The profession of Miles Davis was,subject_all,4 5,6-20,name_lens,0, a jazz musician., jazz,1,-6.4635,-6.7468,-0.2833,-2.3622,-2.6443,-0.2821,1,0, jazz,0.0142
Miles Davis,instrument,Miles Davis played the,subject_all,1 2,9-13,jspace,0, trumpet in the , trumpet,0,-3.4955,-4.4992,-1.0037,-0.3364,-0.9157,-0.5794,1,0, trumpet,0.2366
Miles Davis,instrument,Miles Davis played the,subject_all,1 2,9-13,jspace_keep_name,0, trumpet in the , trumpet,0,-3.4955,-4.2205,-0.725,-0.3364,-0.7948,-0.4585,1,0, trumpet,0.1623
Miles Davis,instrument,Miles Davis played the,subject_all,1 2,9-13,jspace_restore_rest,0, trumpet in the , trumpet,0,-3.4955,-3.6561,-0.1606,-0.3364,-0.4723,-0.1359,1,0, trumpet,0.0269
Miles Davis,instrument,Miles Davis played the,subject_all,1 2,9-13,name_lens,0, trumpet in the , trumpet,0,-3.4955,-3.7922,-0.2968,-0.3364,-0.4404,-0.104,1,0, trumpet,0.0223
Miles Davis,instrument,Miles Davis played the,subject_all,1 2,9-17,jspace,0, trumpet in the , trumpet,0,-3.4955,-4.5162,-1.0207,-0.3364,-0.8937,-0.5573,1,0, trumpet,0.2242
Miles Davis,instrument,Miles Davis played the,subject_all,1 2,9-17,jspace_keep_name,0, trumpet in the , trumpet,0,-3.4955,-4.4216,-0.9262,-0.3364,-0.9425,-0.6062,1,0, trumpet,0.2477
Miles Davis,instrument,Miles Davis played the,subject_all,1 2,9-17,jspace_restore_rest,0, trumpet in the , trumpet,0,-3.4955,-3.5185,-0.023,-0.3364,-0.42,-0.0837,1,0, trumpet,0.0171
Miles Davis,instrument,Miles Davis played the,subject_all,1 2,9-17,name_lens,0, trumpet in the , trumpet,0,-3.4955,-3.8257,-0.3302,-0.3364,-0.4423,-0.1059,1,0, trumpet,0.0236
Miles Davis,instrument,Miles Davis played the,subject_all,1 2,6-20,jspace,0, trumpet in the , trumpet,0,-3.4955,-4.7599,-1.2645,-0.3364,-0.9722,-0.6358,1,0, trumpet,0.3133
Miles Davis,instrument,Miles Davis played the,subject_all,1 2,6-20,jspace_keep_name,0, trumpet in the , trumpet,0,-3.4955,-4.2609,-0.7654,-0.3364,-0.8379,-0.5016,1,0, trumpet,0.2074
Miles Davis,instrument,Miles Davis played the,subject_all,1 2,6-20,jspace_restore_rest,0, trumpet in the , trumpet,0,-3.4955,-3.8172,-0.3217,-0.3364,-0.4023,-0.066,1,0, trumpet,0.024
Miles Davis,instrument,Miles Davis played the,subject_all,1 2,6-20,name_lens,0, trumpet in the , trumpet,0,-3.4955,-4.016,-0.5205,-0.3364,-0.4161,-0.0797,1,0, trumpet,0.0327
Miles Davis,famous_for,Miles Davis is famous for,subject_all,1 2,9-13,jspace,0, his work in the, work,1,-5.5503,-5.5783,-0.028,-2.3598,-2.2838,0.076,1,0, work,0.0412
Miles Davis,famous_for,Miles Davis is famous for,subject_all,1 2,9-13,jspace_keep_name,0, his work in the, work,1,-5.5503,-5.6248,-0.0746,-2.3598,-2.5202,-0.1603,1,0, work,0.0345
Miles Davis,famous_for,Miles Davis is famous for,subject_all,1 2,9-13,jspace_restore_rest,0, his work in the, work,1,-5.5503,-5.4257,0.1246,-2.3598,-2.2143,0.1455,1,0, work,0.0074
Miles Davis,famous_for,Miles Davis is famous for,subject_all,1 2,9-13,name_lens,0, his work in the, work,1,-5.5503,-5.4085,0.1418,-2.3598,-2.1825,0.1774,1,0, work,0.0217
Miles Davis,famous_for,Miles Davis is famous for,subject_all,1 2,9-17,jspace,0, his work in the, work,1,-5.5503,-5.6523,-0.102,-2.3598,-2.3447,0.0151,1,0, work,0.0623
Miles Davis,famous_for,Miles Davis is famous for,subject_all,1 2,9-17,jspace_keep_name,0, his work in the, work,1,-5.5503,-5.6153,-0.065,-2.3598,-2.5137,-0.1538,1,0, work,0.0655
Miles Davis,famous_for,Miles Davis is famous for,subject_all,1 2,9-17,jspace_restore_rest,0, his work in the, work,1,-5.5503,-5.5052,0.0451,-2.3598,-2.2203,0.1395,1,0, work,0.0083
Miles Davis,famous_for,Miles Davis is famous for,subject_all,1 2,9-17,name_lens,0, his work in the, work,1,-5.5503,-5.468,0.0823,-2.3598,-2.2,0.1598,1,0, work,0.0247
Miles Davis,famous_for,Miles Davis is famous for,subject_all,1 2,6-20,jspace,0, his work in the, work,1,-5.5503,-5.3822,0.168,-2.3598,-2.3009,0.059,1,0, work,0.1083
Miles Davis,famous_for,Miles Davis is famous for,subject_all,1 2,6-20,jspace_keep_name,0, his work in the, work,1,-5.5503,-5.3558,0.1944,-2.3598,-2.2732,0.0866,1,0, work,0.1367
Miles Davis,famous_for,Miles Davis is famous for,subject_all,1 2,6-20,jspace_restore_rest,0, his work in the, work,1,-5.5503,-5.3509,0.1994,-2.3598,-2.2311,0.1287,1,0, work,0.0473
Miles Davis,famous_for,Miles Davis is famous for,subject_all,1 2,6-20,name_lens,0, his work in the, work,1,-5.5503,-5.3479,0.2024,-2.3598,-2.1353,0.2245,1,0, work,0.0563
Miles Davis,language,Miles Davis spoke the language of,subject_all,1 2,9-13,jspace,0," the future, and", future,1,-7.391,-7.5401,-0.1491,-2.682,-2.7513,-0.0693,1,0, future,0.0306
Miles Davis,language,Miles Davis spoke the language of,subject_all,1 2,9-13,jspace_keep_name,0," the future, and", future,1,-7.391,-7.4752,-0.0841,-2.682,-2.9077,-0.2257,1,0, future,0.0265
Miles Davis,language,Miles Davis spoke the language of,subject_all,1 2,9-13,jspace_restore_rest,0," the future, and", future,1,-7.391,-7.612,-0.2209,-2.682,-2.6821,-0.0001,1,0, future,0.0079
Miles Davis,language,Miles Davis spoke the language of,subject_all,1 2,9-13,name_lens,0," the future, and", future,1,-7.391,-7.6911,-0.3,-2.682,-2.7078,-0.0257,1,0, future,0.0067
Miles Davis,language,Miles Davis spoke the language of,subject_all,1 2,9-17,jspace,0," the future, and", future,1,-7.391,-7.657,-0.2659,-2.682,-2.8112,-0.1292,1,0, future,0.0303
Miles Davis,language,Miles Davis spoke the language of,subject_all,1 2,9-17,jspace_keep_name,0," the future, and", future,1,-7.391,-7.2372,0.1539,-2.682,-2.6916,-0.0096,1,0, future,0.0369
Miles Davis,language,Miles Davis spoke the language of,subject_all,1 2,9-17,jspace_restore_rest,0," the future, and", future,1,-7.391,-7.7014,-0.3104,-2.682,-2.7077,-0.0257,1,0, future,0.0078
Miles Davis,language,Miles Davis spoke the language of,subject_all,1 2,9-17,name_lens,0," the future, and", future,1,-7.391,-7.6185,-0.2275,-2.682,-2.6613,0.0207,1,0, future,0.0075
Miles Davis,language,Miles Davis spoke the language of,subject_all,1 2,6-20,jspace,0," the future, and", future,1,-7.391,-7.8338,-0.4427,-2.682,-2.7466,-0.0646,1,0, future,0.0931
Miles Davis,language,Miles Davis spoke the language of,subject_all,1 2,6-20,jspace_keep_name,0," the future, and", future,1,-7.391,-7.173,0.218,-2.682,-2.6899,-0.0079,1,0, future,0.1043
Miles Davis,language,Miles Davis spoke the language of,subject_all,1 2,6-20,jspace_restore_rest,0," the future, and", future,1,-7.391,-7.7785,-0.3875,-2.682,-2.7791,-0.0971,1,0, future,0.0149
Miles Davis,language,Miles Davis spoke the language of,subject_all,1 2,6-20,name_lens,0," the future, and", future,1,-7.391,-8.1425,-0.7515,-2.682,-2.995,-0.313,1,1, world,0.0264
Miles Davis,spouse,Miles Davis was married to,subject_all,1 2,9-13,jspace,0, a woman named Frances, woman,1,-5.8902,-8.2526,-2.3624,-0.8262,-0.8886,-0.0624,1,0, woman,0.257
Miles Davis,spouse,Miles Davis was married to,subject_all,1 2,9-13,jspace_keep_name,0, a woman named Frances, woman,1,-5.8902,-7.5765,-1.6863,-0.8262,-0.8509,-0.0247,1,0, woman,0.2376
Miles Davis,spouse,Miles Davis was married to,subject_all,1 2,9-13,jspace_restore_rest,0, a woman named Frances, woman,1,-5.8902,-6.5387,-0.6485,-0.8262,-0.8477,-0.0215,1,0, woman,0.1153
Miles Davis,spouse,Miles Davis was married to,subject_all,1 2,9-13,name_lens,0, a woman named Frances, woman,1,-5.8902,-6.5796,-0.6894,-0.8262,-0.851,-0.0248,1,0, woman,0.1063
Miles Davis,spouse,Miles Davis was married to,subject_all,1 2,9-17,jspace,0, a woman named Frances, woman,1,-5.8902,-8.2314,-2.3412,-0.8262,-0.9447,-0.1185,1,0, woman,0.2527
Miles Davis,spouse,Miles Davis was married to,subject_all,1 2,9-17,jspace_keep_name,0, a woman named Frances, woman,1,-5.8902,-8.6147,-2.7245,-0.8262,-0.8379,-0.0117,1,0, woman,0.3344
Miles Davis,spouse,Miles Davis was married to,subject_all,1 2,9-17,jspace_restore_rest,0, a woman named Frances, woman,1,-5.8902,-6.4427,-0.5525,-0.8262,-0.8479,-0.0217,1,0, woman,0.0549
Miles Davis,spouse,Miles Davis was married to,subject_all,1 2,9-17,name_lens,0, a woman named Frances, woman,1,-5.8902,-6.5512,-0.661,-0.8262,-0.8583,-0.0321,1,0, woman,0.1012
Miles Davis,spouse,Miles Davis was married to,subject_all,1 2,6-20,jspace,0, a woman named Frances, woman,1,-5.8902,-8.1443,-2.2541,-0.8262,-0.8898,-0.0637,1,0, woman,0.3783
Miles Davis,spouse,Miles Davis was married to,subject_all,1 2,6-20,jspace_keep_name,0, a woman named Frances, woman,1,-5.8902,-7.5915,-1.7013,-0.8262,-0.8621,-0.0359,1,0, woman,0.4383
Miles Davis,spouse,Miles Davis was married to,subject_all,1 2,6-20,jspace_restore_rest,0, a woman named Frances, woman,1,-5.8902,-6.3945,-0.5043,-0.8262,-0.8655,-0.0393,1,0, woman,0.1864
Miles Davis,spouse,Miles Davis was married to,subject_all,1 2,6-20,name_lens,0, a woman named Frances, woman,1,-5.8902,-6.678,-0.7878,-0.8262,-0.9067,-0.0805,1,0, woman,0.1741
Miles Davis,education,Miles Davis studied at the University of,subject_all,1 2,9-13,jspace,0," Chicago, where he", Chicago,0,-4.2889,-4.5668,-0.2779,-1.5001,-1.3842,0.116,1,0, Chicago,0.0421
Miles Davis,education,Miles Davis studied at the University of,subject_all,1 2,9-13,jspace_keep_name,0," Chicago, where he", Chicago,0,-4.2889,-4.4285,-0.1395,-1.5001,-1.4395,0.0607,1,0, Chicago,0.0201
Miles Davis,education,Miles Davis studied at the University of,subject_all,1 2,9-13,jspace_restore_rest,0," Chicago, where he", Chicago,0,-4.2889,-4.2266,0.0623,-1.5001,-1.418,0.0821,1,0, Chicago,0.0263
Miles Davis,education,Miles Davis studied at the University of,subject_all,1 2,9-13,name_lens,0," Chicago, where he", Chicago,0,-4.2889,-4.3495,-0.0606,-1.5001,-1.3924,0.1077,1,0, Chicago,0.0262
Miles Davis,education,Miles Davis studied at the University of,subject_all,1 2,9-17,jspace,0," Chicago, where he", Chicago,0,-4.2889,-4.9709,-0.682,-1.5001,-1.5952,-0.0951,1,0, Chicago,0.0461
Miles Davis,education,Miles Davis studied at the University of,subject_all,1 2,9-17,jspace_keep_name,0," Chicago, where he", Chicago,0,-4.2889,-4.4569,-0.168,-1.5001,-1.3522,0.1479,1,0, Chicago,0.0378
Miles Davis,education,Miles Davis studied at the University of,subject_all,1 2,9-17,jspace_restore_rest,0," Chicago, where he", Chicago,0,-4.2889,-4.1639,0.125,-1.5001,-1.3888,0.1114,1,0, Chicago,0.0209
Miles Davis,education,Miles Davis studied at the University of,subject_all,1 2,9-17,name_lens,0," Chicago, where he", Chicago,0,-4.2889,-4.2748,0.0141,-1.5001,-1.3508,0.1493,1,0, Chicago,0.0263
Miles Davis,education,Miles Davis studied at the University of,subject_all,1 2,6-20,jspace,0," Chicago, where he", Chicago,0,-4.2889,-5.6687,-1.3797,-1.5001,-1.8441,-0.344,1,0, Chicago,0.1216
Miles Davis,education,Miles Davis studied at the University of,subject_all,1 2,6-20,jspace_keep_name,0," Chicago, where he", Chicago,0,-4.2889,-4.4599,-0.1709,-1.5001,-1.4645,0.0356,1,0, Chicago,0.0529
Miles Davis,education,Miles Davis studied at the University of,subject_all,1 2,6-20,jspace_restore_rest,0," Chicago, where he", Chicago,0,-4.2889,-4.6796,-0.3907,-1.5001,-1.3938,0.1063,1,0, Chicago,0.0853
Miles Davis,education,Miles Davis studied at the University of,subject_all,1 2,6-20,name_lens,0," Chicago, where he", Chicago,0,-4.2889,-5.0665,-0.7776,-1.5001,-1.5464,-0.0463,1,0, Chicago,0.1317
Miles Davis,citizenship,Miles Davis was a citizen of,subject_all,1 2,9-13,jspace,0, the United States., United,1,-2.5426,-2.5413,0.0013,-0.3918,-0.4313,-0.0395,1,0, United,0.0417
Miles Davis,citizenship,Miles Davis was a citizen of,subject_all,1 2,9-13,jspace_keep_name,0, the United States., United,1,-2.5426,-2.6931,-0.1505,-0.3918,-0.4298,-0.038,1,0, United,0.0184
Miles Davis,citizenship,Miles Davis was a citizen of,subject_all,1 2,9-13,jspace_restore_rest,0, the United States., United,1,-2.5426,-2.6515,-0.109,-0.3918,-0.4389,-0.0471,1,0, United,0.0199
Miles Davis,citizenship,Miles Davis was a citizen of,subject_all,1 2,9-13,name_lens,0, the United States., United,1,-2.5426,-2.611,-0.0684,-0.3918,-0.435,-0.0432,1,0, United,0.0288
Miles Davis,citizenship,Miles Davis was a citizen of,subject_all,1 2,9-17,jspace,0, the United States., United,1,-2.5426,-2.4619,0.0806,-0.3918,-0.4161,-0.0242,1,0, United,0.0689
Miles Davis,citizenship,Miles Davis was a citizen of,subject_all,1 2,9-17,jspace_keep_name,0, the United States., United,1,-2.5426,-2.5899,-0.0473,-0.3918,-0.3818,0.01,1,0, United,0.0315
Miles Davis,citizenship,Miles Davis was a citizen of,subject_all,1 2,9-17,jspace_restore_rest,0, the United States., United,1,-2.5426,-2.6329,-0.0903,-0.3918,-0.433,-0.0412,1,0, United,0.0208
Miles Davis,citizenship,Miles Davis was a citizen of,subject_all,1 2,9-17,name_lens,0, the United States., United,1,-2.5426,-2.6453,-0.1027,-0.3918,-0.4282,-0.0364,1,0, United,0.0351
Miles Davis,citizenship,Miles Davis was a citizen of,subject_all,1 2,6-20,jspace,0, the United States., United,1,-2.5426,-2.4682,0.0744,-0.3918,-0.3802,0.0116,1,0, United,0.1934
Miles Davis,citizenship,Miles Davis was a citizen of,subject_all,1 2,6-20,jspace_keep_name,0, the United States., United,1,-2.5426,-2.3682,0.1744,-0.3918,-0.3279,0.0639,1,0, United,0.1374
Miles Davis,citizenship,Miles Davis was a citizen of,subject_all,1 2,6-20,jspace_restore_rest,0, the United States., United,1,-2.5426,-2.6879,-0.1454,-0.3918,-0.4688,-0.077,1,0, United,0.0812
Miles Davis,citizenship,Miles Davis was a citizen of,subject_all,1 2,6-20,name_lens,0, the United States., United,1,-2.5426,-2.6988,-0.1563,-0.3918,-0.4885,-0.0967,1,0, United,0.0982
Miles Davis,copy_first_name,The first name of Miles Davis is,subject_all,5 6,9-13,jspace,0,? 1.,1,2,-7.9027,-7.8029,0.0998,-2.5877,-2.5456,0.0421,1,0,1,0.205
Miles Davis,copy_first_name,The first name of Miles Davis is,subject_all,5 6,9-13,jspace_keep_name,0,? 1.,1,2,-7.9027,-7.9634,-0.0608,-2.5877,-2.589,-0.0014,2,1, The,0.1228
Miles Davis,copy_first_name,The first name of Miles Davis is,subject_all,5 6,9-13,jspace_restore_rest,0,? 1.,1,2,-7.9027,-7.8913,0.0113,-2.5877,-2.6416,-0.0539,2,1, The,0.0149
Miles Davis,copy_first_name,The first name of Miles Davis is,subject_all,5 6,9-13,name_lens,0,? 1.,1,2,-7.9027,-7.8372,0.0654,-2.5877,-2.6186,-0.0309,2,1, The,0.0223
Miles Davis,copy_first_name,The first name of Miles Davis is,subject_all,5 6,9-17,jspace,0,? 1.,1,2,-7.9027,-7.8027,0.1,-2.5877,-2.5613,0.0264,2,1, The,0.2886
Miles Davis,copy_first_name,The first name of Miles Davis is,subject_all,5 6,9-17,jspace_keep_name,0,? 1.,1,2,-7.9027,-7.756,0.1467,-2.5877,-2.529,0.0586,1,0,1,0.1437
Miles Davis,copy_first_name,The first name of Miles Davis is,subject_all,5 6,9-17,jspace_restore_rest,0,? 1.,1,2,-7.9027,-7.9066,-0.0039,-2.5877,-2.6406,-0.0529,2,1, The,0.0298
Miles Davis,copy_first_name,The first name of Miles Davis is,subject_all,5 6,9-17,name_lens,0,? 1.,1,2,-7.9027,-7.893,0.0097,-2.5877,-2.6125,-0.0248,2,1, The,0.059
Miles Davis,copy_first_name,The first name of Miles Davis is,subject_all,5 6,6-20,jspace,0,? 1.,1,2,-7.9027,-8.7182,-0.8155,-2.5877,-3.2399,-0.6522,3,1,0,0.5467
Miles Davis,copy_first_name,The first name of Miles Davis is,subject_all,5 6,6-20,jspace_keep_name,0,? 1.,1,2,-7.9027,-7.5264,0.3762,-2.5877,-2.2803,0.3074,1,0,1,0.4625
Miles Davis,copy_first_name,The first name of Miles Davis is,subject_all,5 6,6-20,jspace_restore_rest,0,? 1.,1,2,-7.9027,-8.1854,-0.2827,-2.5877,-2.6465,-0.0588,1,0,1,0.1333
Miles Davis,copy_first_name,The first name of Miles Davis is,subject_all,5 6,6-20,name_lens,0,? 1.,1,2,-7.9027,-8.0328,-0.1302,-2.5877,-2.7121,-0.1244,2,1, The,0.164
Miles Davis,copy_last_name,The last name of Miles Davis is,subject_all,5 6,9-13,jspace,0, what? The answer, The,2,-6.8842,-6.8093,0.0749,-2.0064,-2.0197,-0.0133,1,0, The,0.1094
Miles Davis,copy_last_name,The last name of Miles Davis is,subject_all,5 6,9-13,jspace_keep_name,0, what? The answer, The,2,-6.8842,-6.977,-0.0928,-2.0064,-2.016,-0.0096,1,0, The,0.0742
Miles Davis,copy_last_name,The last name of Miles Davis is,subject_all,5 6,9-13,jspace_restore_rest,0, what? The answer, The,2,-6.8842,-6.9022,-0.018,-2.0064,-2.0666,-0.0602,1,0, The,0.0482
Miles Davis,copy_last_name,The last name of Miles Davis is,subject_all,5 6,9-13,name_lens,0, what? The answer, The,2,-6.8842,-6.8275,0.0567,-2.0064,-2.0255,-0.0191,1,0, The,0.0307
Miles Davis,copy_last_name,The last name of Miles Davis is,subject_all,5 6,9-17,jspace,0, what? The answer, The,2,-6.8842,-7.0043,-0.1201,-2.0064,-1.9947,0.0117,1,0, The,0.1343
Miles Davis,copy_last_name,The last name of Miles Davis is,subject_all,5 6,9-17,jspace_keep_name,0, what? The answer, The,2,-6.8842,-6.8733,0.0109,-2.0064,-2.028,-0.0216,1,0, The,0.1452
Miles Davis,copy_last_name,The last name of Miles Davis is,subject_all,5 6,9-17,jspace_restore_rest,0, what? The answer, The,2,-6.8842,-6.925,-0.0408,-2.0064,-2.1338,-0.1275,1,1, ,0.0127
Miles Davis,copy_last_name,The last name of Miles Davis is,subject_all,5 6,9-17,name_lens,0, what? The answer, The,2,-6.8842,-6.808,0.0762,-2.0064,-2.0903,-0.0839,1,0, The,0.0407
Miles Davis,copy_last_name,The last name of Miles Davis is,subject_all,5 6,6-20,jspace,0, what? The answer, The,2,-6.8842,-7.8421,-0.9579,-2.0064,-2.0333,-0.0269,1,0, The,0.3076
Miles Davis,copy_last_name,The last name of Miles Davis is,subject_all,5 6,6-20,jspace_keep_name,0, what? The answer, The,2,-6.8842,-7.3692,-0.485,-2.0064,-1.9213,0.0851,1,0, The,0.4971
Miles Davis,copy_last_name,The last name of Miles Davis is,subject_all,5 6,6-20,jspace_restore_rest,0, what? The answer, The,2,-6.8842,-6.7611,0.1231,-2.0064,-1.8321,0.1743,1,0, The,0.1022
Miles Davis,copy_last_name,The last name of Miles Davis is,subject_all,5 6,6-20,name_lens,0, what? The answer, The,2,-6.8842,-6.8249,0.0593,-2.0064,-1.9635,0.0429,1,0, The,0.1232
Marie Curie,birth_city,Marie Curie was born in the city of,subject_all,1 2 3,9-13,jspace,0," Warsaw, Poland.", Warsaw,0,-3.9338,-4.2337,-0.2999,-0.4736,-0.5212,-0.0476,1,0, Warsaw,0.0973
Marie Curie,birth_city,Marie Curie was born in the city of,subject_all,1 2 3,9-13,jspace_keep_name,0," Warsaw, Poland.", Warsaw,0,-3.9338,-4.1963,-0.2625,-0.4736,-0.5346,-0.061,1,0, Warsaw,0.0513
Marie Curie,birth_city,Marie Curie was born in the city of,subject_all,1 2 3,9-13,jspace_restore_rest,0," Warsaw, Poland.", Warsaw,0,-3.9338,-3.8789,0.0549,-0.4736,-0.4002,0.0734,1,0, Warsaw,0.0102
Marie Curie,birth_city,Marie Curie was born in the city of,subject_all,1 2 3,9-13,name_lens,0," Warsaw, Poland.", Warsaw,0,-3.9338,-3.8043,0.1295,-0.4736,-0.3997,0.0738,1,0, Warsaw,0.0117
Marie Curie,birth_city,Marie Curie was born in the city of,subject_all,1 2 3,9-17,jspace,0," Warsaw, Poland.", Warsaw,0,-3.9338,-4.4183,-0.4845,-0.4736,-0.6632,-0.1897,1,0, Warsaw,0.1857
Marie Curie,birth_city,Marie Curie was born in the city of,subject_all,1 2 3,9-17,jspace_keep_name,0," Warsaw, Poland.", Warsaw,0,-3.9338,-4.1625,-0.2287,-0.4736,-0.4692,0.0044,1,0, Warsaw,0.1458
Marie Curie,birth_city,Marie Curie was born in the city of,subject_all,1 2 3,9-17,jspace_restore_rest,0," Warsaw, Poland.", Warsaw,0,-3.9338,-3.7258,0.208,-0.4736,-0.3739,0.0997,1,0, Warsaw,0.0215
Marie Curie,birth_city,Marie Curie was born in the city of,subject_all,1 2 3,9-17,name_lens,0," Warsaw, Poland.", Warsaw,0,-3.9338,-3.719,0.2149,-0.4736,-0.3397,0.1339,1,0, Warsaw,0.0404
Marie Curie,birth_city,Marie Curie was born in the city of,subject_all,1 2 3,6-20,jspace,0," Warsaw, Poland.", Warsaw,0,-3.9338,-8.7267,-4.7929,-0.4736,-4.5427,-4.0692,12,1, ,2.6943
Marie Curie,birth_city,Marie Curie was born in the city of,subject_all,1 2 3,6-20,jspace_keep_name,0," Warsaw, Poland.", Warsaw,0,-3.9338,-5.715,-1.7812,-0.4736,-1.7321,-1.2585,1,0, Warsaw,0.8632
Marie Curie,birth_city,Marie Curie was born in the city of,subject_all,1 2 3,6-20,jspace_restore_rest,0," Warsaw, Poland.", Warsaw,0,-3.9338,-5.1033,-1.1695,-0.4736,-1.5425,-1.069,1,0, Warsaw,0.6007
Marie Curie,birth_city,Marie Curie was born in the city of,subject_all,1 2 3,6-20,name_lens,0," Warsaw, Poland.", Warsaw,0,-3.9338,-3.9025,0.0314,-0.4736,-0.3201,0.1535,1,0, Warsaw,0.0797
Marie Curie,birth_year,Marie Curie was born in the year,subject_all,1 2 3,9-13,jspace,0, 1867.,186,1,-2.0714,-2.295,-0.2236,-0.435,-0.583,-0.148,1,0,186,0.0117
Marie Curie,birth_year,Marie Curie was born in the year,subject_all,1 2 3,9-13,jspace_keep_name,0, 1867.,186,1,-2.0714,-2.3997,-0.3283,-0.435,-0.7293,-0.2943,1,0,186,0.0137
Marie Curie,birth_year,Marie Curie was born in the year,subject_all,1 2 3,9-13,jspace_restore_rest,0, 1867.,186,1,-2.0714,-2.0962,-0.0248,-0.435,-0.4299,0.0051,1,0,186,0.0051
Marie Curie,birth_year,Marie Curie was born in the year,subject_all,1 2 3,9-13,name_lens,0, 1867.,186,1,-2.0714,-2.0906,-0.0192,-0.435,-0.4699,-0.0349,1,0,186,0.0083
Marie Curie,birth_year,Marie Curie was born in the year,subject_all,1 2 3,9-17,jspace,0, 1867.,186,1,-2.0714,-4.3722,-2.3008,-0.435,-2.1184,-1.6834,3,1,183,0.0191
Marie Curie,birth_year,Marie Curie was born in the year,subject_all,1 2 3,9-17,jspace_keep_name,0, 1867.,186,1,-2.0714,-3.518,-1.4466,-0.435,-1.2957,-0.8607,1,0,186,0.0207
Marie Curie,birth_year,Marie Curie was born in the year,subject_all,1 2 3,9-17,jspace_restore_rest,0, 1867.,186,1,-2.0714,-2.0085,0.0629,-0.435,-0.5096,-0.0746,1,0,186,0.0275
Marie Curie,birth_year,Marie Curie was born in the year,subject_all,1 2 3,9-17,name_lens,0, 1867.,186,1,-2.0714,-2.1902,-0.1188,-0.435,-0.5877,-0.1527,1,0,186,0.0191
Marie Curie,birth_year,Marie Curie was born in the year,subject_all,1 2 3,6-20,jspace,0, 1867.,186,1,-2.0714,-7.0838,-5.0125,-0.435,-3.0136,-2.5785,4,1,187,0.1474
Marie Curie,birth_year,Marie Curie was born in the year,subject_all,1 2 3,6-20,jspace_keep_name,0, 1867.,186,1,-2.0714,-3.162,-1.0906,-0.435,-1.3505,-0.9155,1,0,186,0.0457
Marie Curie,birth_year,Marie Curie was born in the year,subject_all,1 2 3,6-20,jspace_restore_rest,0, 1867.,186,1,-2.0714,-2.9611,-0.8897,-0.435,-1.3764,-0.9414,1,0,186,0.0439
Marie Curie,birth_year,Marie Curie was born in the year,subject_all,1 2 3,6-20,name_lens,0, 1867.,186,1,-2.0714,-2.3305,-0.2591,-0.435,-0.8112,-0.3762,1,0,186,0.0395
Marie Curie,birth_country,Marie Curie was born in the country of,subject_all,1 2 3,9-13,jspace,0, Poland. She was, Poland,0,-5.3306,-5.0948,0.2357,-0.9103,-0.6954,0.2149,1,0, Poland,0.0993
Marie Curie,birth_country,Marie Curie was born in the country of,subject_all,1 2 3,9-13,jspace_keep_name,0, Poland. She was, Poland,0,-5.3306,-4.8807,0.4498,-0.9103,-0.7513,0.159,1,0, Poland,0.0421
Marie Curie,birth_country,Marie Curie was born in the country of,subject_all,1 2 3,9-13,jspace_restore_rest,0, Poland. She was, Poland,0,-5.3306,-5.2568,0.0737,-0.9103,-0.7928,0.1175,1,0, Poland,0.0135
Marie Curie,birth_country,Marie Curie was born in the country of,subject_all,1 2 3,9-13,name_lens,0, Poland. She was, Poland,0,-5.3306,-5.1931,0.1374,-0.9103,-0.7646,0.1458,1,0, Poland,0.0167
Marie Curie,birth_country,Marie Curie was born in the country of,subject_all,1 2 3,9-17,jspace,0, Poland. She was, Poland,0,-5.3306,-6.0843,-0.7537,-0.9103,-1.1219,-0.2115,1,0, Poland,0.144
Marie Curie,birth_country,Marie Curie was born in the country of,subject_all,1 2 3,9-17,jspace_keep_name,0, Poland. She was, Poland,0,-5.3306,-5.1777,0.1528,-0.9103,-0.766,0.1443,1,0, Poland,0.1293
Marie Curie,birth_country,Marie Curie was born in the country of,subject_all,1 2 3,9-17,jspace_restore_rest,0, Poland. She was, Poland,0,-5.3306,-5.1499,0.1807,-0.9103,-0.6992,0.2112,1,0, Poland,0.0331
Marie Curie,birth_country,Marie Curie was born in the country of,subject_all,1 2 3,9-17,name_lens,0, Poland. She was, Poland,0,-5.3306,-5.1593,0.1712,-0.9103,-0.722,0.1884,1,0, Poland,0.026
Marie Curie,birth_country,Marie Curie was born in the country of,subject_all,1 2 3,6-20,jspace,0, Poland. She was, Poland,0,-5.3306,-8.83,-3.4995,-0.9103,-3.1925,-2.2821,2,1, France,0.9607
Marie Curie,birth_country,Marie Curie was born in the country of,subject_all,1 2 3,6-20,jspace_keep_name,0, Poland. She was, Poland,0,-5.3306,-6.4524,-1.1218,-0.9103,-1.8929,-0.9826,1,0, Poland,0.4663
Marie Curie,birth_country,Marie Curie was born in the country of,subject_all,1 2 3,6-20,jspace_restore_rest,0, Poland. She was, Poland,0,-5.3306,-5.2256,0.1049,-0.9103,-0.8084,0.102,1,0, Poland,0.073
Marie Curie,birth_country,Marie Curie was born in the country of,subject_all,1 2 3,6-20,name_lens,0, Poland. She was, Poland,0,-5.3306,-5.1563,0.1742,-0.9103,-0.6909,0.2194,1,0, Poland,0.0806
Marie Curie,death_year,Marie Curie died in the year,subject_all,1 2 3,9-13,jspace,0, 1934.,193,1,-2.0998,-2.9615,-0.8617,-0.3488,-1.1046,-0.7558,1,0,193,0.032
Marie Curie,death_year,Marie Curie died in the year,subject_all,1 2 3,9-13,jspace_keep_name,0, 1934.,193,1,-2.0998,-2.3785,-0.2787,-0.3488,-0.7106,-0.3618,1,0,193,0.0384
Marie Curie,death_year,Marie Curie died in the year,subject_all,1 2 3,9-13,jspace_restore_rest,0, 1934.,193,1,-2.0998,-1.9306,0.1692,-0.3488,-0.3447,0.0041,1,0,193,0.0414
Marie Curie,death_year,Marie Curie died in the year,subject_all,1 2 3,9-13,name_lens,0, 1934.,193,1,-2.0998,-1.9969,0.1029,-0.3488,-0.3639,-0.0152,1,0,193,0.0501
Marie Curie,death_year,Marie Curie died in the year,subject_all,1 2 3,9-17,jspace,0, 1934.,193,1,-2.0998,-4.4561,-2.3563,-0.3488,-1.7885,-1.4397,3,1,192,0.0349
Marie Curie,death_year,Marie Curie died in the year,subject_all,1 2 3,9-17,jspace_keep_name,0, 1934.,193,1,-2.0998,-3.1435,-1.0438,-0.3488,-1.1942,-0.8455,2,1,191,0.0336
Marie Curie,death_year,Marie Curie died in the year,subject_all,1 2 3,9-17,jspace_restore_rest,0, 1934.,193,1,-2.0998,-1.8712,0.2285,-0.3488,-0.309,0.0397,1,0,193,0.0494
Marie Curie,death_year,Marie Curie died in the year,subject_all,1 2 3,9-17,name_lens,0, 1934.,193,1,-2.0998,-2.0526,0.0472,-0.3488,-0.401,-0.0523,1,0,193,0.0561
Marie Curie,death_year,Marie Curie died in the year,subject_all,1 2 3,6-20,jspace,0, 1934.,193,1,-2.0998,-5.7002,-3.6004,-0.3488,-2.5622,-2.2134,3,1,192,0.1884
Marie Curie,death_year,Marie Curie died in the year,subject_all,1 2 3,6-20,jspace_keep_name,0, 1934.,193,1,-2.0998,-5.3463,-3.2465,-0.3488,-1.9735,-1.6247,2,1,192,0.0941
Marie Curie,death_year,Marie Curie died in the year,subject_all,1 2 3,6-20,jspace_restore_rest,0, 1934.,193,1,-2.0998,-2.1251,-0.0253,-0.3488,-0.449,-0.1002,1,0,193,0.1097
Marie Curie,death_year,Marie Curie died in the year,subject_all,1 2 3,6-20,name_lens,0, 1934.,193,1,-2.0998,-1.9916,0.1081,-0.3488,-0.3139,0.0349,1,0,193,0.0899
Marie Curie,occupation,Marie Curie worked as a,subject_all,1 2 3,9-13,jspace,0, teacher in a school, teacher,0,-6.8305,-7.0627,-0.2322,-2.0403,-2.1509,-0.1106,1,0, teacher,0.0528
Marie Curie,occupation,Marie Curie worked as a,subject_all,1 2 3,9-13,jspace_keep_name,0, teacher in a school, teacher,0,-6.8305,-6.7245,0.106,-2.0403,-1.9826,0.0578,1,0, teacher,0.0627
Marie Curie,occupation,Marie Curie worked as a,subject_all,1 2 3,9-13,jspace_restore_rest,0, teacher in a school, teacher,0,-6.8305,-6.8367,-0.0062,-2.0403,-2.0433,-0.003,1,0, teacher,0.0085
Marie Curie,occupation,Marie Curie worked as a,subject_all,1 2 3,9-13,name_lens,0, teacher in a school, teacher,0,-6.8305,-6.877,-0.0464,-2.0403,-2.0228,0.0175,1,0, teacher,0.0132
Marie Curie,occupation,Marie Curie worked as a,subject_all,1 2 3,9-17,jspace,0, teacher in a school, teacher,0,-6.8305,-6.6948,0.1357,-2.0403,-1.7819,0.2585,1,0, teacher,0.1419
Marie Curie,occupation,Marie Curie worked as a,subject_all,1 2 3,9-17,jspace_keep_name,0, teacher in a school, teacher,0,-6.8305,-6.9705,-0.1399,-2.0403,-2.0386,0.0018,1,0, teacher,0.1028
Marie Curie,occupation,Marie Curie worked as a,subject_all,1 2 3,9-17,jspace_restore_rest,0, teacher in a school, teacher,0,-6.8305,-7.0601,-0.2296,-2.0403,-2.1635,-0.1231,1,0, teacher,0.0199
Marie Curie,occupation,Marie Curie worked as a,subject_all,1 2 3,9-17,name_lens,0, teacher in a school, teacher,0,-6.8305,-6.9914,-0.1609,-2.0403,-2.0473,-0.007,1,0, teacher,0.0153
Marie Curie,occupation,Marie Curie worked as a,subject_all,1 2 3,6-20,jspace,0, teacher in a school, teacher,0,-6.8305,-7.0875,-0.2569,-2.0403,-2.107,-0.0667,1,0, teacher,0.3566
Marie Curie,occupation,Marie Curie worked as a,subject_all,1 2 3,6-20,jspace_keep_name,0, teacher in a school, teacher,0,-6.8305,-7.1181,-0.2876,-2.0403,-2.2914,-0.2511,1,0, teacher,0.2878
Marie Curie,occupation,Marie Curie worked as a,subject_all,1 2 3,6-20,jspace_restore_rest,0, teacher in a school, teacher,0,-6.8305,-7.2503,-0.4198,-2.0403,-2.2188,-0.1785,2,1, physic,0.0666
Marie Curie,occupation,Marie Curie worked as a,subject_all,1 2 3,6-20,name_lens,0, teacher in a school, teacher,0,-6.8305,-7.2222,-0.3917,-2.0403,-2.2115,-0.1711,1,0, teacher,0.0338
Marie Curie,profession_of,The profession of Marie Curie was,subject_all,4 5 6,9-13,jspace,0, a scientist. The, scientist,1,-6.218,-6.7273,-0.5093,-1.8863,-2.0949,-0.2086,1,0, scientist,0.0237
Marie Curie,profession_of,The profession of Marie Curie was,subject_all,4 5 6,9-13,jspace_keep_name,0, a scientist. The, scientist,1,-6.218,-6.74,-0.522,-1.8863,-2.0964,-0.2101,1,0, scientist,0.033
Marie Curie,profession_of,The profession of Marie Curie was,subject_all,4 5 6,9-13,jspace_restore_rest,0, a scientist. The, scientist,1,-6.218,-6.3536,-0.1356,-1.8863,-1.8698,0.0165,1,0, scientist,0.0086
Marie Curie,profession_of,The profession of Marie Curie was,subject_all,4 5 6,9-13,name_lens,0, a scientist. The, scientist,1,-6.218,-6.4879,-0.2699,-1.8863,-1.92,-0.0336,1,0, scientist,0.0099
Marie Curie,profession_of,The profession of Marie Curie was,subject_all,4 5 6,9-17,jspace,0, a scientist. The, scientist,1,-6.218,-7.0251,-0.8071,-1.8863,-2.425,-0.5386,2,1, chem,0.042
Marie Curie,profession_of,The profession of Marie Curie was,subject_all,4 5 6,9-17,jspace_keep_name,0, a scientist. The, scientist,1,-6.218,-7.2722,-1.0542,-1.8863,-2.3579,-0.4716,2,1, chem,0.0748
Marie Curie,profession_of,The profession of Marie Curie was,subject_all,4 5 6,9-17,jspace_restore_rest,0, a scientist. The, scientist,1,-6.218,-6.5268,-0.3088,-1.8863,-1.9606,-0.0743,1,0, scientist,0.0123
Marie Curie,profession_of,The profession of Marie Curie was,subject_all,4 5 6,9-17,name_lens,0, a scientist. The, scientist,1,-6.218,-6.478,-0.26,-1.8863,-1.9609,-0.0746,1,0, scientist,0.0124
Marie Curie,profession_of,The profession of Marie Curie was,subject_all,4 5 6,6-20,jspace,0, a scientist. The, scientist,1,-6.218,-7.07,-0.852,-1.8863,-2.3721,-0.4858,2,1, chem,0.2697
Marie Curie,profession_of,The profession of Marie Curie was,subject_all,4 5 6,6-20,jspace_keep_name,0, a scientist. The, scientist,1,-6.218,-7.4989,-1.2809,-1.8863,-2.4821,-0.5958,1,0, scientist,0.276
Marie Curie,profession_of,The profession of Marie Curie was,subject_all,4 5 6,6-20,jspace_restore_rest,0, a scientist. The, scientist,1,-6.218,-6.5924,-0.3744,-1.8863,-2.0295,-0.1431,2,1, physic,0.0234
Marie Curie,profession_of,The profession of Marie Curie was,subject_all,4 5 6,6-20,name_lens,0, a scientist. The, scientist,1,-6.218,-6.5491,-0.3311,-1.8863,-1.8959,-0.0096,1,0, scientist,0.0127
Marie Curie,instrument,Marie Curie played the,subject_all,1 2 3,9-13,jspace,0, role of a scientist, role,0,-4.3047,-4.7682,-0.4635,-1.213,-1.461,-0.248,2,1, piano,0.0363
Marie Curie,instrument,Marie Curie played the,subject_all,1 2 3,9-13,jspace_keep_name,0, role of a scientist, role,0,-4.3047,-4.8997,-0.595,-1.213,-1.4891,-0.2761,2,1, piano,0.0427
Marie Curie,instrument,Marie Curie played the,subject_all,1 2 3,9-13,jspace_restore_rest,0, role of a scientist, role,0,-4.3047,-4.3664,-0.0617,-1.213,-1.1509,0.0621,1,0, role,0.0077
Marie Curie,instrument,Marie Curie played the,subject_all,1 2 3,9-13,name_lens,0, role of a scientist, role,0,-4.3047,-4.2533,0.0514,-1.213,-1.143,0.07,1,0, role,0.0086
Marie Curie,instrument,Marie Curie played the,subject_all,1 2 3,9-17,jspace,0, role of a scientist, role,0,-4.3047,-5.2837,-0.979,-1.213,-1.7029,-0.4899,2,1, piano,0.0915
Marie Curie,instrument,Marie Curie played the,subject_all,1 2 3,9-17,jspace_keep_name,0, role of a scientist, role,0,-4.3047,-5.2298,-0.925,-1.213,-1.619,-0.406,2,1, piano,0.0733
Marie Curie,instrument,Marie Curie played the,subject_all,1 2 3,9-17,jspace_restore_rest,0, role of a scientist, role,0,-4.3047,-4.1673,0.1374,-1.213,-1.105,0.1081,1,0, role,0.0076
Marie Curie,instrument,Marie Curie played the,subject_all,1 2 3,9-17,name_lens,0, role of a scientist, role,0,-4.3047,-4.2596,0.0451,-1.213,-1.1522,0.0608,1,0, role,0.0073
Marie Curie,instrument,Marie Curie played the,subject_all,1 2 3,6-20,jspace,0, role of a scientist, role,0,-4.3047,-5.4148,-1.11,-1.213,-1.0958,0.1173,1,0, role,0.2362
Marie Curie,instrument,Marie Curie played the,subject_all,1 2 3,6-20,jspace_keep_name,0, role of a scientist, role,0,-4.3047,-5.284,-0.9793,-1.213,-1.1369,0.0761,1,0, role,0.1348
Marie Curie,instrument,Marie Curie played the,subject_all,1 2 3,6-20,jspace_restore_rest,0, role of a scientist, role,0,-4.3047,-3.9526,0.3521,-1.213,-1.0059,0.2071,1,0, role,0.0412
Marie Curie,instrument,Marie Curie played the,subject_all,1 2 3,6-20,name_lens,0, role of a scientist, role,0,-4.3047,-4.5926,-0.2879,-1.213,-1.6249,-0.4119,2,1, piano,0.0444
Marie Curie,famous_for,Marie Curie is famous for,subject_all,1 2 3,9-13,jspace,0, her work in the, work,1,-3.6999,-3.7668,-0.0668,-0.6295,-0.5962,0.0333,1,0, work,0.0462
Marie Curie,famous_for,Marie Curie is famous for,subject_all,1 2 3,9-13,jspace_keep_name,0, her work in the, work,1,-3.6999,-3.6087,0.0912,-0.6295,-0.6887,-0.0591,1,0, work,0.0399
Marie Curie,famous_for,Marie Curie is famous for,subject_all,1 2 3,9-13,jspace_restore_rest,0, her work in the, work,1,-3.6999,-3.8296,-0.1296,-0.6295,-0.624,0.0055,1,0, work,0.0031
Marie Curie,famous_for,Marie Curie is famous for,subject_all,1 2 3,9-13,name_lens,0, her work in the, work,1,-3.6999,-3.7756,-0.0756,-0.6295,-0.6121,0.0174,1,0, work,0.0033
Marie Curie,famous_for,Marie Curie is famous for,subject_all,1 2 3,9-17,jspace,0, her work in the, work,1,-3.6999,-3.9362,-0.2362,-0.6295,-0.48,0.1495,1,0, work,0.1066
Marie Curie,famous_for,Marie Curie is famous for,subject_all,1 2 3,9-17,jspace_keep_name,0, her work in the, work,1,-3.6999,-3.7583,-0.0584,-0.6295,-0.6554,-0.0259,1,0, work,0.0871
Marie Curie,famous_for,Marie Curie is famous for,subject_all,1 2 3,9-17,jspace_restore_rest,0, her work in the, work,1,-3.6999,-3.745,-0.045,-0.6295,-0.6609,-0.0313,1,0, work,0.004
Marie Curie,famous_for,Marie Curie is famous for,subject_all,1 2 3,9-17,name_lens,0, her work in the, work,1,-3.6999,-3.8595,-0.1595,-0.6295,-0.6452,-0.0157,1,0, work,0.005
Marie Curie,famous_for,Marie Curie is famous for,subject_all,1 2 3,6-20,jspace,0, her work in the, work,1,-3.6999,-4.1308,-0.4309,-0.6295,-0.6885,-0.0589,1,0, work,0.2861
Marie Curie,famous_for,Marie Curie is famous for,subject_all,1 2 3,6-20,jspace_keep_name,0, her work in the, work,1,-3.6999,-3.709,-0.0091,-0.6295,-0.8553,-0.2258,1,0, work,0.3152
Marie Curie,famous_for,Marie Curie is famous for,subject_all,1 2 3,6-20,jspace_restore_rest,0, her work in the, work,1,-3.6999,-3.8317,-0.1318,-0.6295,-0.6826,-0.0531,1,0, work,0.0259
Marie Curie,famous_for,Marie Curie is famous for,subject_all,1 2 3,6-20,name_lens,0, her work in the, work,1,-3.6999,-3.958,-0.258,-0.6295,-0.6236,0.006,1,0, work,0.026
Marie Curie,language,Marie Curie spoke the language of,subject_all,1 2 3,9-13,jspace,0," the universe, and", universe,1,-6.7258,-7.972,-1.2462,-2.3076,-3.1027,-0.7951,3,1, world,0.0766
Marie Curie,language,Marie Curie spoke the language of,subject_all,1 2 3,9-13,jspace_keep_name,0," the universe, and", universe,1,-6.7258,-7.739,-1.0132,-2.3076,-3.1065,-0.7989,3,1, world,0.1125
Marie Curie,language,Marie Curie spoke the language of,subject_all,1 2 3,9-13,jspace_restore_rest,0," the universe, and", universe,1,-6.7258,-6.7165,0.0093,-2.3076,-2.2484,0.0592,1,0, universe,0.0077
Marie Curie,language,Marie Curie spoke the language of,subject_all,1 2 3,9-13,name_lens,0," the universe, and", universe,1,-6.7258,-6.6557,0.0701,-2.3076,-2.2356,0.0721,1,0, universe,0.0082
Marie Curie,language,Marie Curie spoke the language of,subject_all,1 2 3,9-17,jspace,0," the universe, and", universe,1,-6.7258,-7.7717,-1.0459,-2.3076,-2.9946,-0.687,2,1, world,0.1106
Marie Curie,language,Marie Curie spoke the language of,subject_all,1 2 3,9-17,jspace_keep_name,0," the universe, and", universe,1,-6.7258,-8.282,-1.5562,-2.3076,-3.4583,-1.1507,5,1, world,0.1966
Marie Curie,language,Marie Curie spoke the language of,subject_all,1 2 3,9-17,jspace_restore_rest,0," the universe, and", universe,1,-6.7258,-6.6758,0.05,-2.3076,-2.1896,0.1181,1,0, universe,0.0067
Marie Curie,language,Marie Curie spoke the language of,subject_all,1 2 3,9-17,name_lens,0," the universe, and", universe,1,-6.7258,-6.709,0.0168,-2.3076,-2.2305,0.0771,1,0, universe,0.0091
Marie Curie,language,Marie Curie spoke the language of,subject_all,1 2 3,6-20,jspace,0," the universe, and", universe,1,-6.7258,-8.9324,-2.2066,-2.3076,-3.9041,-1.5965,6,1, world,0.5022
Marie Curie,language,Marie Curie spoke the language of,subject_all,1 2 3,6-20,jspace_keep_name,0," the universe, and", universe,1,-6.7258,-8.1336,-1.4078,-2.3076,-3.5864,-1.2788,3,1, world,0.4325
Marie Curie,language,Marie Curie spoke the language of,subject_all,1 2 3,6-20,jspace_restore_rest,0," the universe, and", universe,1,-6.7258,-6.7277,-0.0019,-2.3076,-2.1591,0.1485,1,0, universe,0.068
Marie Curie,language,Marie Curie spoke the language of,subject_all,1 2 3,6-20,name_lens,0," the universe, and", universe,1,-6.7258,-7.0501,-0.3243,-2.3076,-2.298,0.0096,1,0, universe,0.0418
Marie Curie,spouse,Marie Curie was married to,subject_all,1 2 3,9-13,jspace,0," Pierre Curie,", Pierre,0,-1.6893,-4.3376,-2.6482,-0.361,-1.4743,-1.1132,1,0, Pierre,0.5343
Marie Curie,spouse,Marie Curie was married to,subject_all,1 2 3,9-13,jspace_keep_name,0," Pierre Curie,", Pierre,0,-1.6893,-2.3728,-0.6834,-0.361,-0.9227,-0.5616,1,0, Pierre,0.2255
Marie Curie,spouse,Marie Curie was married to,subject_all,1 2 3,9-13,jspace_restore_rest,0," Pierre Curie,", Pierre,0,-1.6893,-1.5646,0.1248,-0.361,-0.2812,0.0798,1,0, Pierre,0.016
Marie Curie,spouse,Marie Curie was married to,subject_all,1 2 3,9-13,name_lens,0," Pierre Curie,", Pierre,0,-1.6893,-1.7138,-0.0244,-0.361,-0.3644,-0.0034,1,0, Pierre,0.0094
Marie Curie,spouse,Marie Curie was married to,subject_all,1 2 3,9-17,jspace,0," Pierre Curie,", Pierre,0,-1.6893,-6.1925,-4.5032,-0.361,-3.5802,-3.2192,3,1, a,1.9981
Marie Curie,spouse,Marie Curie was married to,subject_all,1 2 3,9-17,jspace_keep_name,0," Pierre Curie,", Pierre,0,-1.6893,-3.2143,-1.5249,-0.361,-1.175,-0.8139,1,0, Pierre,0.3974
Marie Curie,spouse,Marie Curie was married to,subject_all,1 2 3,9-17,jspace_restore_rest,0," Pierre Curie,", Pierre,0,-1.6893,-1.905,-0.2156,-0.361,-0.4758,-0.1148,1,0, Pierre,0.0369
Marie Curie,spouse,Marie Curie was married to,subject_all,1 2 3,9-17,name_lens,0," Pierre Curie,", Pierre,0,-1.6893,-1.989,-0.2996,-0.361,-0.4566,-0.0956,1,0, Pierre,0.0303
Marie Curie,spouse,Marie Curie was married to,subject_all,1 2 3,6-20,jspace,0," Pierre Curie,", Pierre,0,-1.6893,-16.2523,-14.5629,-0.361,-5.3714,-5.0103,30,1, a,3.341
Marie Curie,spouse,Marie Curie was married to,subject_all,1 2 3,6-20,jspace_keep_name,0," Pierre Curie,", Pierre,0,-1.6893,-7.7623,-6.073,-0.361,-3.3819,-3.0208,2,1, a,1.8583
Marie Curie,spouse,Marie Curie was married to,subject_all,1 2 3,6-20,jspace_restore_rest,0," Pierre Curie,", Pierre,0,-1.6893,-4.7779,-3.0885,-0.361,-1.6446,-1.2836,2,1, a,0.6936
Marie Curie,spouse,Marie Curie was married to,subject_all,1 2 3,6-20,name_lens,0," Pierre Curie,", Pierre,0,-1.6893,-2.651,-0.9617,-0.361,-0.5001,-0.139,1,0, Pierre,0.0716
Marie Curie,education,Marie Curie studied at the University of,subject_all,1 2 3,9-13,jspace,0," Paris, where she", Paris,0,-2.9325,-3.3794,-0.4469,-0.5624,-0.7434,-0.181,1,0, Paris,0.0802
Marie Curie,education,Marie Curie studied at the University of,subject_all,1 2 3,9-13,jspace_keep_name,0," Paris, where she", Paris,0,-2.9325,-2.9934,-0.0609,-0.5624,-0.3634,0.199,1,0, Paris,0.0639
Marie Curie,education,Marie Curie studied at the University of,subject_all,1 2 3,9-13,jspace_restore_rest,0," Paris, where she", Paris,0,-2.9325,-2.9829,-0.0504,-0.5624,-0.5029,0.0596,1,0, Paris,0.0089
Marie Curie,education,Marie Curie studied at the University of,subject_all,1 2 3,9-13,name_lens,0," Paris, where she", Paris,0,-2.9325,-2.9919,-0.0594,-0.5624,-0.4936,0.0688,1,0, Paris,0.0094
Marie Curie,education,Marie Curie studied at the University of,subject_all,1 2 3,9-17,jspace,0," Paris, where she", Paris,0,-2.9325,-3.3237,-0.3912,-0.5624,-0.5747,-0.0123,1,0, Paris,0.2023
Marie Curie,education,Marie Curie studied at the University of,subject_all,1 2 3,9-17,jspace_keep_name,0," Paris, where she", Paris,0,-2.9325,-3.4063,-0.4738,-0.5624,-0.6291,-0.0667,1,0, Paris,0.0516
Marie Curie,education,Marie Curie studied at the University of,subject_all,1 2 3,9-17,jspace_restore_rest,0," Paris, where she", Paris,0,-2.9325,-2.9574,-0.0249,-0.5624,-0.466,0.0964,1,0, Paris,0.0227
Marie Curie,education,Marie Curie studied at the University of,subject_all,1 2 3,9-17,name_lens,0," Paris, where she", Paris,0,-2.9325,-3.0937,-0.1612,-0.5624,-0.5462,0.0162,1,0, Paris,0.0089
Marie Curie,education,Marie Curie studied at the University of,subject_all,1 2 3,6-20,jspace,0," Paris, where she", Paris,0,-2.9325,-3.7494,-0.8169,-0.5624,-0.8546,-0.2922,1,0, Paris,0.7428
Marie Curie,education,Marie Curie studied at the University of,subject_all,1 2 3,6-20,jspace_keep_name,0," Paris, where she", Paris,0,-2.9325,-3.6805,-0.748,-0.5624,-0.6818,-0.1194,1,0, Paris,0.2358
Marie Curie,education,Marie Curie studied at the University of,subject_all,1 2 3,6-20,jspace_restore_rest,0," Paris, where she", Paris,0,-2.9325,-3.572,-0.6395,-0.5624,-0.8739,-0.3114,1,0, Paris,0.2938
Marie Curie,education,Marie Curie studied at the University of,subject_all,1 2 3,6-20,name_lens,0," Paris, where she", Paris,0,-2.9325,-3.2335,-0.301,-0.5624,-0.4636,0.0989,1,0, Paris,0.0897
Marie Curie,citizenship,Marie Curie was a citizen of,subject_all,1 2 3,9-13,jspace,0, France and a scientist, France,0,-6.1097,-6.6161,-0.5064,-0.8665,-1.2518,-0.3853,1,0, France,0.0889
Marie Curie,citizenship,Marie Curie was a citizen of,subject_all,1 2 3,9-13,jspace_keep_name,0, France and a scientist, France,0,-6.1097,-6.0683,0.0414,-0.8665,-0.8603,0.0062,1,0, France,0.025
Marie Curie,citizenship,Marie Curie was a citizen of,subject_all,1 2 3,9-13,jspace_restore_rest,0, France and a scientist, France,0,-6.1097,-6.0021,0.1076,-0.8665,-0.806,0.0605,1,0, France,0.015
Marie Curie,citizenship,Marie Curie was a citizen of,subject_all,1 2 3,9-13,name_lens,0, France and a scientist, France,0,-6.1097,-6.0043,0.1054,-0.8665,-0.7694,0.0971,1,0, France,0.0369
Marie Curie,citizenship,Marie Curie was a citizen of,subject_all,1 2 3,9-17,jspace,0, France and a scientist, France,0,-6.1097,-7.0156,-0.9059,-0.8665,-1.4749,-0.6084,1,0, France,0.2784
Marie Curie,citizenship,Marie Curie was a citizen of,subject_all,1 2 3,9-17,jspace_keep_name,0, France and a scientist, France,0,-6.1097,-6.5198,-0.4101,-0.8665,-1.104,-0.2375,1,0, France,0.077
Marie Curie,citizenship,Marie Curie was a citizen of,subject_all,1 2 3,9-17,jspace_restore_rest,0, France and a scientist, France,0,-6.1097,-6.1809,-0.0712,-0.8665,-0.9536,-0.0871,1,0, France,0.0213
Marie Curie,citizenship,Marie Curie was a citizen of,subject_all,1 2 3,9-17,name_lens,0, France and a scientist, France,0,-6.1097,-6.2456,-0.1359,-0.8665,-0.9287,-0.0622,1,0, France,0.0399
Marie Curie,citizenship,Marie Curie was a citizen of,subject_all,1 2 3,6-20,jspace,0, France and a scientist, France,0,-6.1097,-7.4376,-1.3279,-0.8665,-1.4807,-0.6142,1,0, France,0.6888
Marie Curie,citizenship,Marie Curie was a citizen of,subject_all,1 2 3,6-20,jspace_keep_name,0, France and a scientist, France,0,-6.1097,-7.5197,-1.41,-0.8665,-2.0443,-1.1778,2,1, the,0.5035
Marie Curie,citizenship,Marie Curie was a citizen of,subject_all,1 2 3,6-20,jspace_restore_rest,0, France and a scientist, France,0,-6.1097,-6.124,-0.0143,-0.8665,-0.8869,-0.0204,1,0, France,0.0612
Marie Curie,citizenship,Marie Curie was a citizen of,subject_all,1 2 3,6-20,name_lens,0, France and a scientist, France,0,-6.1097,-6.0831,0.0266,-0.8665,-0.7457,0.1208,1,0, France,0.0681
Marie Curie,copy_first_name,The first name of Marie Curie is,subject_all,5 6 7,9-13,jspace,0, Marie. The second, Marie,0,-5.0512,-5.0477,0.0035,-2.2843,-2.2624,0.0219,1,0, Marie,0.1203
Marie Curie,copy_first_name,The first name of Marie Curie is,subject_all,5 6 7,9-13,jspace_keep_name,0, Marie. The second, Marie,0,-5.0512,-5.4592,-0.408,-2.2843,-2.7383,-0.454,1,1,"

",0.0655
Marie Curie,copy_first_name,The first name of Marie Curie is,subject_all,5 6 7,9-13,jspace_restore_rest,0, Marie. The second, Marie,0,-5.0512,-4.7404,0.3108,-2.2843,-2.0314,0.2529,1,0, Marie,0.0164
Marie Curie,copy_first_name,The first name of Marie Curie is,subject_all,5 6 7,9-13,name_lens,0, Marie. The second, Marie,0,-5.0512,-4.874,0.1772,-2.2843,-2.2161,0.0683,1,0, Marie,0.0127
Marie Curie,copy_first_name,The first name of Marie Curie is,subject_all,5 6 7,9-17,jspace,0, Marie. The second, Marie,0,-5.0512,-6.2124,-1.1612,-2.2843,-3.6441,-1.3598,6,1,.,0.1442
Marie Curie,copy_first_name,The first name of Marie Curie is,subject_all,5 6 7,9-17,jspace_keep_name,0, Marie. The second, Marie,0,-5.0512,-6.0283,-0.9771,-2.2843,-3.4263,-1.142,5,1,?,0.1233
Marie Curie,copy_first_name,The first name of Marie Curie is,subject_all,5 6 7,9-17,jspace_restore_rest,0, Marie. The second, Marie,0,-5.0512,-4.978,0.0732,-2.2843,-2.261,0.0234,1,0, Marie,0.0315
Marie Curie,copy_first_name,The first name of Marie Curie is,subject_all,5 6 7,9-17,name_lens,0, Marie. The second, Marie,0,-5.0512,-5.1544,-0.1031,-2.2843,-2.4298,-0.1455,1,0, Marie,0.0266
Marie Curie,copy_first_name,The first name of Marie Curie is,subject_all,5 6 7,6-20,jspace,0, Marie. The second, Marie,0,-5.0512,-7.7681,-2.7168,-2.2843,-4.866,-2.5817,20,1," """,0.7567
Marie Curie,copy_first_name,The first name of Marie Curie is,subject_all,5 6 7,6-20,jspace_keep_name,0, Marie. The second, Marie,0,-5.0512,-10.7977,-5.7465,-2.2843,-7.5728,-5.2885,201,1, ,1.2408
Marie Curie,copy_first_name,The first name of Marie Curie is,subject_all,5 6 7,6-20,jspace_restore_rest,0, Marie. The second, Marie,0,-5.0512,-6.4176,-1.3664,-2.2843,-3.3487,-1.0644,5,1,.,0.1323
Marie Curie,copy_first_name,The first name of Marie Curie is,subject_all,5 6 7,6-20,name_lens,0, Marie. The second, Marie,0,-5.0512,-5.7477,-0.6965,-2.2843,-2.9735,-0.6892,3,1," """,0.0579
Marie Curie,copy_last_name,The last name of Marie Curie is,subject_all,5 6 7,9-13,jspace,0," ""Curie"".",Cur,1,-4.6141,-7.2288,-2.6147,-0.4911,-2.7129,-2.2219,2,1,C,0.1783
Marie Curie,copy_last_name,The last name of Marie Curie is,subject_all,5 6 7,9-13,jspace_keep_name,0," ""Curie"".",Cur,1,-4.6141,-6.4973,-1.8832,-0.4911,-2.1341,-1.643,1,0,Cur,0.1831
Marie Curie,copy_last_name,The last name of Marie Curie is,subject_all,5 6 7,9-13,jspace_restore_rest,0," ""Curie"".",Cur,1,-4.6141,-4.5909,0.0232,-0.4911,-0.5029,-0.0118,1,0,Cur,0.0082
Marie Curie,copy_last_name,The last name of Marie Curie is,subject_all,5 6 7,9-13,name_lens,0," ""Curie"".",Cur,1,-4.6141,-4.619,-0.0049,-0.4911,-0.5275,-0.0364,1,0,Cur,0.0099
Marie Curie,copy_last_name,The last name of Marie Curie is,subject_all,5 6 7,9-17,jspace,0," ""Curie"".",Cur,1,-4.6141,-11.2818,-6.6677,-0.4911,-5.1646,-4.6735,17,1,S,0.3756
Marie Curie,copy_last_name,The last name of Marie Curie is,subject_all,5 6 7,9-17,jspace_keep_name,0," ""Curie"".",Cur,1,-4.6141,-8.9481,-4.334,-0.4911,-3.8179,-3.3268,5,1,C,0.4105
Marie Curie,copy_last_name,The last name of Marie Curie is,subject_all,5 6 7,9-17,jspace_restore_rest,0," ""Curie"".",Cur,1,-4.6141,-5.5112,-0.8971,-0.4911,-1.136,-0.645,1,0,Cur,0.0812
Marie Curie,copy_last_name,The last name of Marie Curie is,subject_all,5 6 7,9-17,name_lens,0," ""Curie"".",Cur,1,-4.6141,-4.9443,-0.3302,-0.4911,-0.6582,-0.1671,1,0,Cur,0.026
Marie Curie,copy_last_name,The last name of Marie Curie is,subject_all,5 6 7,6-20,jspace,0," ""Curie"".",Cur,1,-4.6141,-13.1785,-8.5644,-0.4911,-6.9068,-6.4157,92,1,S,0.6963
Marie Curie,copy_last_name,The last name of Marie Curie is,subject_all,5 6 7,6-20,jspace_keep_name,0," ""Curie"".",Cur,1,-4.6141,-10.0258,-5.4117,-0.4911,-4.9069,-4.4159,16,1,S,0.5469
Marie Curie,copy_last_name,The last name of Marie Curie is,subject_all,5 6 7,6-20,jspace_restore_rest,0," ""Curie"".",Cur,1,-4.6141,-7.9385,-3.3244,-0.4911,-2.7209,-2.2299,1,1,??,0.2582
Marie Curie,copy_last_name,The last name of Marie Curie is,subject_all,5 6 7,6-20,name_lens,0," ""Curie"".",Cur,1,-4.6141,-7.3211,-2.707,-0.4911,-2.3801,-1.8891,1,0,Cur,0.1766
Albert Einstein,birth_city,Albert Einstein was born in the city of,subject_all,1 2,9-13,jspace,0," Ulm, in", Ul,0,-2.838,-6.348,-3.5099,-0.8252,-3.9944,-3.1692,7,1, ,1.367
Albert Einstein,birth_city,Albert Einstein was born in the city of,subject_all,1 2,9-13,jspace_keep_name,0," Ulm, in", Ul,0,-2.838,-3.8414,-1.0034,-0.8252,-1.5374,-0.7121,1,0, Ul,0.225
Albert Einstein,birth_city,Albert Einstein was born in the city of,subject_all,1 2,9-13,jspace_restore_rest,0," Ulm, in", Ul,0,-2.838,-3.3405,-0.5025,-0.8252,-1.3716,-0.5463,1,0, Ul,0.288
Albert Einstein,birth_city,Albert Einstein was born in the city of,subject_all,1 2,9-13,name_lens,0," Ulm, in", Ul,0,-2.838,-3.3462,-0.5082,-0.8252,-1.2846,-0.4594,1,0, Ul,0.2412
Albert Einstein,birth_city,Albert Einstein was born in the city of,subject_all,1 2,9-17,jspace,0," Ulm, in", Ul,0,-2.838,-7.0986,-4.2605,-0.8252,-4.7017,-3.8764,13,1, ,1.687
Albert Einstein,birth_city,Albert Einstein was born in the city of,subject_all,1 2,9-17,jspace_keep_name,0," Ulm, in", Ul,0,-2.838,-5.9451,-3.1071,-0.8252,-3.4776,-2.6524,3,1, ,1.0329
Albert Einstein,birth_city,Albert Einstein was born in the city of,subject_all,1 2,9-17,jspace_restore_rest,0," Ulm, in", Ul,0,-2.838,-3.6977,-0.8597,-0.8252,-1.6695,-0.8443,1,0, Ul,0.4375
Albert Einstein,birth_city,Albert Einstein was born in the city of,subject_all,1 2,9-17,name_lens,0," Ulm, in", Ul,0,-2.838,-3.5967,-0.7586,-0.8252,-1.4651,-0.6399,1,0, Ul,0.3257
Albert Einstein,birth_city,Albert Einstein was born in the city of,subject_all,1 2,6-20,jspace,0," Ulm, in", Ul,0,-2.838,-14.1485,-11.3105,-0.8252,-11.175,-10.3497,3181,1," """,5.1973
Albert Einstein,birth_city,Albert Einstein was born in the city of,subject_all,1 2,6-20,jspace_keep_name,0," Ulm, in", Ul,0,-2.838,-6.6422,-3.8041,-0.8252,-4.3774,-3.5521,6,1, ,1.5821
Albert Einstein,birth_city,Albert Einstein was born in the city of,subject_all,1 2,6-20,jspace_restore_rest,0," Ulm, in", Ul,0,-2.838,-4.198,-1.36,-0.8252,-1.4424,-0.6172,1,0, Ul,0.2383
Albert Einstein,birth_city,Albert Einstein was born in the city of,subject_all,1 2,6-20,name_lens,0," Ulm, in", Ul,0,-2.838,-5.9295,-3.0915,-0.8252,-3.2931,-2.4678,1,0, Ul,1.2078
Albert Einstein,birth_year,Albert Einstein was born in the year,subject_all,1 2,9-13,jspace,0, 1879.,187,1,-2.1219,-4.4468,-2.3249,-0.488,-1.8226,-1.3346,1,0,187,0.0272
Albert Einstein,birth_year,Albert Einstein was born in the year,subject_all,1 2,9-13,jspace_keep_name,0, 1879.,187,1,-2.1219,-2.9313,-0.8094,-0.488,-1.0978,-0.6098,1,0,187,0.0412
Albert Einstein,birth_year,Albert Einstein was born in the year,subject_all,1 2,9-13,jspace_restore_rest,0, 1879.,187,1,-2.1219,-2.9138,-0.7919,-0.488,-0.7467,-0.2587,1,0,187,0.0055
Albert Einstein,birth_year,Albert Einstein was born in the year,subject_all,1 2,9-13,name_lens,0, 1879.,187,1,-2.1219,-2.4933,-0.3714,-0.488,-0.5351,-0.0471,1,0,187,0.0082
Albert Einstein,birth_year,Albert Einstein was born in the year,subject_all,1 2,9-17,jspace,0, 1879.,187,1,-2.1219,-4.1345,-2.0126,-0.488,-1.803,-1.315,1,0,187,0.0406
Albert Einstein,birth_year,Albert Einstein was born in the year,subject_all,1 2,9-17,jspace_keep_name,0, 1879.,187,1,-2.1219,-3.5149,-1.393,-0.488,-1.4628,-0.9748,1,0,187,0.0314
Albert Einstein,birth_year,Albert Einstein was born in the year,subject_all,1 2,9-17,jspace_restore_rest,0, 1879.,187,1,-2.1219,-3.2127,-1.0908,-0.488,-0.9761,-0.4881,1,0,187,0.0317
Albert Einstein,birth_year,Albert Einstein was born in the year,subject_all,1 2,9-17,name_lens,0, 1879.,187,1,-2.1219,-2.6917,-0.5698,-0.488,-0.6618,-0.1738,1,0,187,0.0141
Albert Einstein,birth_year,Albert Einstein was born in the year,subject_all,1 2,6-20,jspace,0, 1879.,187,1,-2.1219,-6.2135,-4.0916,-0.488,-2.5216,-2.0335,2,1,191,0.2466
Albert Einstein,birth_year,Albert Einstein was born in the year,subject_all,1 2,6-20,jspace_keep_name,0, 1879.,187,1,-2.1219,-3.5311,-1.4092,-0.488,-1.7707,-1.2827,1,1,188,0.0554
Albert Einstein,birth_year,Albert Einstein was born in the year,subject_all,1 2,6-20,jspace_restore_rest,0, 1879.,187,1,-2.1219,-2.8462,-0.7243,-0.488,-0.6698,-0.1818,1,0,187,0.0942
Albert Einstein,birth_year,Albert Einstein was born in the year,subject_all,1 2,6-20,name_lens,0, 1879.,187,1,-2.1219,-5.7739,-3.652,-0.488,-1.9533,-1.4653,1,0,187,0.1416
Albert Einstein,birth_country,Albert Einstein was born in the country of,subject_all,1 2,9-13,jspace,0, Germany. He was, Germany,0,-5.0417,-5.9158,-0.8741,-1.0763,-1.4836,-0.4073,1,0, Germany,0.1865
Albert Einstein,birth_country,Albert Einstein was born in the country of,subject_all,1 2,9-13,jspace_keep_name,0, Germany. He was, Germany,0,-5.0417,-5.3809,-0.3392,-1.0763,-1.0997,-0.0234,1,0, Germany,0.0773
Albert Einstein,birth_country,Albert Einstein was born in the country of,subject_all,1 2,9-13,jspace_restore_rest,0, Germany. He was, Germany,0,-5.0417,-4.7259,0.3159,-1.0763,-1.0509,0.0254,1,0, Germany,0.0957
Albert Einstein,birth_country,Albert Einstein was born in the country of,subject_all,1 2,9-13,name_lens,0, Germany. He was, Germany,0,-5.0417,-4.6612,0.3805,-1.0763,-0.9628,0.1135,1,0, Germany,0.0918
Albert Einstein,birth_country,Albert Einstein was born in the country of,subject_all,1 2,9-17,jspace,0, Germany. He was, Germany,0,-5.0417,-6.6772,-1.6355,-1.0763,-1.6486,-0.5723,1,0, Germany,0.2024
Albert Einstein,birth_country,Albert Einstein was born in the country of,subject_all,1 2,9-17,jspace_keep_name,0, Germany. He was, Germany,0,-5.0417,-5.7718,-0.73,-1.0763,-1.1962,-0.1198,1,0, Germany,0.0972
Albert Einstein,birth_country,Albert Einstein was born in the country of,subject_all,1 2,9-17,jspace_restore_rest,0, Germany. He was, Germany,0,-5.0417,-4.9471,0.0946,-1.0763,-1.118,-0.0417,1,0, Germany,0.1132
Albert Einstein,birth_country,Albert Einstein was born in the country of,subject_all,1 2,9-17,name_lens,0, Germany. He was, Germany,0,-5.0417,-4.7488,0.2929,-1.0763,-1.0106,0.0657,1,0, Germany,0.1149
Albert Einstein,birth_country,Albert Einstein was born in the country of,subject_all,1 2,6-20,jspace,0, Germany. He was, Germany,0,-5.0417,-9.3717,-4.33,-1.0763,-3.2168,-2.1405,4,1, France,1.1346
Albert Einstein,birth_country,Albert Einstein was born in the country of,subject_all,1 2,6-20,jspace_keep_name,0, Germany. He was, Germany,0,-5.0417,-5.665,-0.6233,-1.0763,-0.4823,0.5941,1,0, Germany,0.3668
Albert Einstein,birth_country,Albert Einstein was born in the country of,subject_all,1 2,6-20,jspace_restore_rest,0, Germany. He was, Germany,0,-5.0417,-5.1108,-0.0691,-1.0763,-1.0102,0.0661,1,0, Germany,0.0923
Albert Einstein,birth_country,Albert Einstein was born in the country of,subject_all,1 2,6-20,name_lens,0, Germany. He was, Germany,0,-5.0417,-5.7213,-0.6796,-1.0763,-1.2548,-0.1785,1,0, Germany,0.187
Albert Einstein,death_year,Albert Einstein died in the year,subject_all,1 2,9-13,jspace,0, 1955.,195,1,-2.6379,-3.8073,-1.1694,-1.0015,-1.6466,-0.6451,1,0,195,0.0769
Albert Einstein,death_year,Albert Einstein died in the year,subject_all,1 2,9-13,jspace_keep_name,0, 1955.,195,1,-2.6379,-3.0381,-0.4002,-1.0015,-1.1744,-0.1729,1,0,195,0.1068
Albert Einstein,death_year,Albert Einstein died in the year,subject_all,1 2,9-13,jspace_restore_rest,0, 1955.,195,1,-2.6379,-3.6683,-1.0304,-1.0015,-1.6321,-0.6306,1,0,195,0.0039
Albert Einstein,death_year,Albert Einstein died in the year,subject_all,1 2,9-13,name_lens,0, 1955.,195,1,-2.6379,-3.4227,-0.7848,-1.0015,-1.5662,-0.5647,1,0,195,0.0257
Albert Einstein,death_year,Albert Einstein died in the year,subject_all,1 2,9-17,jspace,0, 1955.,195,1,-2.6379,-4.2443,-1.6064,-1.0015,-1.5602,-0.5587,1,0,195,0.1013
Albert Einstein,death_year,Albert Einstein died in the year,subject_all,1 2,9-17,jspace_keep_name,0, 1955.,195,1,-2.6379,-3.3837,-0.7458,-1.0015,-1.1849,-0.1834,1,0,195,0.0965
Albert Einstein,death_year,Albert Einstein died in the year,subject_all,1 2,9-17,jspace_restore_rest,0, 1955.,195,1,-2.6379,-3.9619,-1.324,-1.0015,-1.8806,-0.8791,3,1,194,0.0101
Albert Einstein,death_year,Albert Einstein died in the year,subject_all,1 2,9-17,name_lens,0, 1955.,195,1,-2.6379,-3.5331,-0.8952,-1.0015,-1.6266,-0.6251,1,0,195,0.0569
Albert Einstein,death_year,Albert Einstein died in the year,subject_all,1 2,6-20,jspace,0, 1955.,195,1,-2.6379,-6.2065,-3.5686,-1.0015,-2.7811,-1.7796,5,1,191,0.4951
Albert Einstein,death_year,Albert Einstein died in the year,subject_all,1 2,6-20,jspace_keep_name,0, 1955.,195,1,-2.6379,-3.3786,-0.7407,-1.0015,-1.2706,-0.2691,1,0,195,0.1984
Albert Einstein,death_year,Albert Einstein died in the year,subject_all,1 2,6-20,jspace_restore_rest,0, 1955.,195,1,-2.6379,-3.7337,-1.0958,-1.0015,-1.4251,-0.4236,1,0,195,0.1153
Albert Einstein,death_year,Albert Einstein died in the year,subject_all,1 2,6-20,name_lens,0, 1955.,195,1,-2.6379,-6.1204,-3.4825,-1.0015,-2.3629,-1.3614,5,1,194,0.2289
Albert Einstein,occupation,Albert Einstein worked as a,subject_all,1 2,9-13,jspace,0, patent clerk in Bern, patent,0,-4.6972,-5.7378,-1.0406,-2.0294,-2.3882,-0.3587,2,1, clerk,0.3122
Albert Einstein,occupation,Albert Einstein worked as a,subject_all,1 2,9-13,jspace_keep_name,0, patent clerk in Bern, patent,0,-4.6972,-5.6743,-0.9771,-2.0294,-2.2815,-0.2521,1,0, patent,0.1807
Albert Einstein,occupation,Albert Einstein worked as a,subject_all,1 2,9-13,jspace_restore_rest,0, patent clerk in Bern, patent,0,-4.6972,-5.5881,-0.8909,-2.0294,-2.3734,-0.3439,1,0, patent,0.097
Albert Einstein,occupation,Albert Einstein worked as a,subject_all,1 2,9-13,name_lens,0, patent clerk in Bern, patent,0,-4.6972,-5.6288,-0.9316,-2.0294,-2.3467,-0.3173,1,0, patent,0.0923
Albert Einstein,occupation,Albert Einstein worked as a,subject_all,1 2,9-17,jspace,0, patent clerk in Bern, patent,0,-4.6972,-6.7249,-2.0277,-2.0294,-2.6457,-0.6163,3,1, teacher,0.3009
Albert Einstein,occupation,Albert Einstein worked as a,subject_all,1 2,9-17,jspace_keep_name,0, patent clerk in Bern, patent,0,-4.6972,-6.7711,-2.0738,-2.0294,-2.9746,-0.9452,3,1, teacher,0.2451
Albert Einstein,occupation,Albert Einstein worked as a,subject_all,1 2,9-17,jspace_restore_rest,0, patent clerk in Bern, patent,0,-4.6972,-5.8637,-1.1665,-2.0294,-2.4405,-0.4111,1,0, patent,0.1111
Albert Einstein,occupation,Albert Einstein worked as a,subject_all,1 2,9-17,name_lens,0, patent clerk in Bern, patent,0,-4.6972,-5.6949,-0.9977,-2.0294,-2.3277,-0.2983,1,0, patent,0.1534
Albert Einstein,occupation,Albert Einstein worked as a,subject_all,1 2,6-20,jspace,0, patent clerk in Bern, patent,0,-4.6972,-13.7813,-9.0841,-2.0294,-4.9763,-2.9469,21,1," """,1.2545
Albert Einstein,occupation,Albert Einstein worked as a,subject_all,1 2,6-20,jspace_keep_name,0, patent clerk in Bern, patent,0,-4.6972,-8.3048,-3.6076,-2.0294,-3.3508,-1.3214,4,1, physic,0.4211
Albert Einstein,occupation,Albert Einstein worked as a,subject_all,1 2,6-20,jspace_restore_rest,0, patent clerk in Bern, patent,0,-4.6972,-5.9632,-1.266,-2.0294,-2.0614,-0.032,1,0, patent,0.2688
Albert Einstein,occupation,Albert Einstein worked as a,subject_all,1 2,6-20,name_lens,0, patent clerk in Bern, patent,0,-4.6972,-7.6237,-2.9265,-2.0294,-2.4615,-0.4321,2,1, teacher,0.3287
Albert Einstein,profession_of,The profession of Albert Einstein was,subject_all,4 5,9-13,jspace,0, a physicist., physic,1,-4.5525,-5.5213,-0.9688,-1.5526,-2.1953,-0.6427,1,0, physic,0.0527
Albert Einstein,profession_of,The profession of Albert Einstein was,subject_all,4 5,9-13,jspace_keep_name,0, a physicist., physic,1,-4.5525,-5.0346,-0.4821,-1.5526,-2.0045,-0.4519,1,0, physic,0.0173
Albert Einstein,profession_of,The profession of Albert Einstein was,subject_all,4 5,9-13,jspace_restore_rest,0, a physicist., physic,1,-4.5525,-5.0464,-0.4939,-1.5526,-1.8693,-0.3167,1,0, physic,0.0169
Albert Einstein,profession_of,The profession of Albert Einstein was,subject_all,4 5,9-13,name_lens,0, a physicist., physic,1,-4.5525,-4.9614,-0.4089,-1.5526,-1.8362,-0.2836,1,0, physic,0.0128
Albert Einstein,profession_of,The profession of Albert Einstein was,subject_all,4 5,9-17,jspace,0, a physicist., physic,1,-4.5525,-6.8575,-2.305,-1.5526,-2.869,-1.3163,1,1,"

",0.1359
Albert Einstein,profession_of,The profession of Albert Einstein was,subject_all,4 5,9-17,jspace_keep_name,0, a physicist., physic,1,-4.5525,-5.0819,-0.5294,-1.5526,-1.9004,-0.3478,1,0, physic,0.0291
Albert Einstein,profession_of,The profession of Albert Einstein was,subject_all,4 5,9-17,jspace_restore_rest,0, a physicist., physic,1,-4.5525,-5.1686,-0.6161,-1.5526,-1.8294,-0.2767,1,0, physic,0.0434
Albert Einstein,profession_of,The profession of Albert Einstein was,subject_all,4 5,9-17,name_lens,0, a physicist., physic,1,-4.5525,-4.9997,-0.4472,-1.5526,-1.8315,-0.2788,1,0, physic,0.0157
Albert Einstein,profession_of,The profession of Albert Einstein was,subject_all,4 5,6-20,jspace,0, a physicist., physic,1,-4.5525,-6.4181,-1.8656,-1.5526,-2.5122,-0.9596,1,0, physic,0.6257
Albert Einstein,profession_of,The profession of Albert Einstein was,subject_all,4 5,6-20,jspace_keep_name,0, a physicist., physic,1,-4.5525,-5.8272,-1.2747,-1.5526,-2.2331,-0.6805,1,0, physic,0.1452
Albert Einstein,profession_of,The profession of Albert Einstein was,subject_all,4 5,6-20,jspace_restore_rest,0, a physicist., physic,1,-4.5525,-5.087,-0.5345,-1.5526,-2.0851,-0.5324,1,0, physic,0.0421
Albert Einstein,profession_of,The profession of Albert Einstein was,subject_all,4 5,6-20,name_lens,0, a physicist., physic,1,-4.5525,-5.8777,-1.3251,-1.5526,-2.6234,-1.0708,2,1, scientist,0.0495
Albert Einstein,instrument,Albert Einstein played the,subject_all,1 2,9-13,jspace,0, violin.  He, violin,0,-6.174,-6.7573,-0.5833,-0.496,-0.81,-0.314,1,0, violin,0.083
Albert Einstein,instrument,Albert Einstein played the,subject_all,1 2,9-13,jspace_keep_name,0, violin.  He, violin,0,-6.174,-7.2272,-1.0532,-0.496,-0.7909,-0.295,1,0, violin,0.0575
Albert Einstein,instrument,Albert Einstein played the,subject_all,1 2,9-13,jspace_restore_rest,0, violin.  He, violin,0,-6.174,-6.613,-0.439,-0.496,-0.9731,-0.4771,1,1, piano,0.1508
Albert Einstein,instrument,Albert Einstein played the,subject_all,1 2,9-13,name_lens,0, violin.  He, violin,0,-6.174,-6.4392,-0.2653,-0.496,-0.8624,-0.3665,1,0, violin,0.109
Albert Einstein,instrument,Albert Einstein played the,subject_all,1 2,9-17,jspace,0, violin.  He, violin,0,-6.174,-7.9977,-1.8237,-0.496,-0.9939,-0.4979,1,0, violin,0.156
Albert Einstein,instrument,Albert Einstein played the,subject_all,1 2,9-17,jspace_keep_name,0, violin.  He, violin,0,-6.174,-7.7172,-1.5433,-0.496,-1.2346,-0.7386,2,1, piano,0.2349
Albert Einstein,instrument,Albert Einstein played the,subject_all,1 2,9-17,jspace_restore_rest,0, violin.  He, violin,0,-6.174,-6.7595,-0.5855,-0.496,-0.9019,-0.406,1,0, violin,0.1193
Albert Einstein,instrument,Albert Einstein played the,subject_all,1 2,9-17,name_lens,0, violin.  He, violin,0,-6.174,-6.7121,-0.5381,-0.496,-0.9254,-0.4294,1,0, violin,0.1382
Albert Einstein,instrument,Albert Einstein played the,subject_all,1 2,6-20,jspace,0, violin.  He, violin,0,-6.174,-11.588,-5.414,-0.496,-2.5665,-2.0705,2,1, piano,1.0803
Albert Einstein,instrument,Albert Einstein played the,subject_all,1 2,6-20,jspace_keep_name,0, violin.  He, violin,0,-6.174,-8.6439,-2.4699,-0.496,-1.2688,-0.7728,1,0, violin,0.3038
Albert Einstein,instrument,Albert Einstein played the,subject_all,1 2,6-20,jspace_restore_rest,0, violin.  He, violin,0,-6.174,-7.5948,-1.4209,-0.496,-0.8295,-0.3335,1,0, violin,0.0711
Albert Einstein,instrument,Albert Einstein played the,subject_all,1 2,6-20,name_lens,0, violin.  He, violin,0,-6.174,-7.798,-1.624,-0.496,-1.1421,-0.6461,2,1, piano,0.2223
Albert Einstein,famous_for,Albert Einstein is famous for,subject_all,1 2,9-13,jspace,0, his theory of relat, theory,1,-2.4038,-2.9392,-0.5354,-0.952,-1.2884,-0.3363,1,0, theory,0.0278
Albert Einstein,famous_for,Albert Einstein is famous for,subject_all,1 2,9-13,jspace_keep_name,0, his theory of relat, theory,1,-2.4038,-2.6287,-0.225,-0.952,-1.1227,-0.1706,1,0, theory,0.021
Albert Einstein,famous_for,Albert Einstein is famous for,subject_all,1 2,9-13,jspace_restore_rest,0, his theory of relat, theory,1,-2.4038,-2.5856,-0.1818,-0.952,-1.1535,-0.2014,1,0, theory,0.0112
Albert Einstein,famous_for,Albert Einstein is famous for,subject_all,1 2,9-13,name_lens,0, his theory of relat, theory,1,-2.4038,-2.597,-0.1932,-0.952,-1.0954,-0.1434,1,0, theory,0.0101
Albert Einstein,famous_for,Albert Einstein is famous for,subject_all,1 2,9-17,jspace,0, his theory of relat, theory,1,-2.4038,-2.9167,-0.513,-0.952,-1.3617,-0.4096,1,0, theory,0.0433
Albert Einstein,famous_for,Albert Einstein is famous for,subject_all,1 2,9-17,jspace_keep_name,0, his theory of relat, theory,1,-2.4038,-2.7427,-0.339,-0.952,-1.2345,-0.2825,1,0, theory,0.0312
Albert Einstein,famous_for,Albert Einstein is famous for,subject_all,1 2,9-17,jspace_restore_rest,0, his theory of relat, theory,1,-2.4038,-2.7291,-0.3253,-0.952,-1.1905,-0.2385,1,0, theory,0.0118
Albert Einstein,famous_for,Albert Einstein is famous for,subject_all,1 2,9-17,name_lens,0, his theory of relat, theory,1,-2.4038,-2.5809,-0.1771,-0.952,-1.1172,-0.1651,1,0, theory,0.013
Albert Einstein,famous_for,Albert Einstein is famous for,subject_all,1 2,6-20,jspace,0, his theory of relat, theory,1,-2.4038,-6.6692,-4.2654,-0.952,-2.0152,-1.0632,2,1, work,0.5697
Albert Einstein,famous_for,Albert Einstein is famous for,subject_all,1 2,6-20,jspace_keep_name,0, his theory of relat, theory,1,-2.4038,-2.9996,-0.5958,-0.952,-1.5488,-0.5968,1,1, work,0.1006
Albert Einstein,famous_for,Albert Einstein is famous for,subject_all,1 2,6-20,jspace_restore_rest,0, his theory of relat, theory,1,-2.4038,-2.8093,-0.4055,-0.952,-1.0152,-0.0632,1,0, theory,0.0185
Albert Einstein,famous_for,Albert Einstein is famous for,subject_all,1 2,6-20,name_lens,0, his theory of relat, theory,1,-2.4038,-3.2891,-0.8853,-0.952,-1.267,-0.3149,1,0, theory,0.0338
Albert Einstein,language,Albert Einstein spoke the language of,subject_all,1 2,9-13,jspace,0, the universe. , universe,1,-6.9264,-6.9386,-0.0122,-1.8699,-2.0068,-0.1369,1,0, universe,0.0732
Albert Einstein,language,Albert Einstein spoke the language of,subject_all,1 2,9-13,jspace_keep_name,0, the universe. , universe,1,-6.9264,-6.6196,0.3068,-1.8699,-1.6238,0.2461,1,0, universe,0.0915
Albert Einstein,language,Albert Einstein spoke the language of,subject_all,1 2,9-13,jspace_restore_rest,0, the universe. , universe,1,-6.9264,-7.504,-0.5776,-1.8699,-2.4872,-0.6173,2,1, world,0.0361
Albert Einstein,language,Albert Einstein spoke the language of,subject_all,1 2,9-13,name_lens,0, the universe. , universe,1,-6.9264,-7.223,-0.2966,-1.8699,-2.2956,-0.4257,1,1, world,0.0312
Albert Einstein,language,Albert Einstein spoke the language of,subject_all,1 2,9-17,jspace,0, the universe. , universe,1,-6.9264,-7.1692,-0.2427,-1.8699,-1.9146,-0.0448,1,0, universe,0.1179
Albert Einstein,language,Albert Einstein spoke the language of,subject_all,1 2,9-17,jspace_keep_name,0, the universe. , universe,1,-6.9264,-6.5831,0.3433,-1.8699,-1.5865,0.2833,1,0, universe,0.1635
Albert Einstein,language,Albert Einstein spoke the language of,subject_all,1 2,9-17,jspace_restore_rest,0, the universe. , universe,1,-6.9264,-7.5926,-0.6662,-1.8699,-2.4961,-0.6262,2,1, world,0.047
Albert Einstein,language,Albert Einstein spoke the language of,subject_all,1 2,9-17,name_lens,0, the universe. , universe,1,-6.9264,-7.4287,-0.5022,-1.8699,-2.3302,-0.4603,2,1, world,0.0407
Albert Einstein,language,Albert Einstein spoke the language of,subject_all,1 2,6-20,jspace,0, the universe. , universe,1,-6.9264,-9.2775,-2.3511,-1.8699,-3.4581,-1.5882,3,1, world,0.8659
Albert Einstein,language,Albert Einstein spoke the language of,subject_all,1 2,6-20,jspace_keep_name,0, the universe. , universe,1,-6.9264,-6.8966,0.0298,-1.8699,-1.7544,0.1155,1,0, universe,0.2527
Albert Einstein,language,Albert Einstein spoke the language of,subject_all,1 2,6-20,jspace_restore_rest,0, the universe. , universe,1,-6.9264,-7.6292,-0.7028,-1.8699,-2.1931,-0.3232,2,1, world,0.1213
Albert Einstein,language,Albert Einstein spoke the language of,subject_all,1 2,6-20,name_lens,0, the universe. , universe,1,-6.9264,-8.6533,-1.7268,-1.8699,-2.9746,-1.1047,2,1, world,0.1234
Albert Einstein,spouse,Albert Einstein was married to,subject_all,1 2,9-13,jspace,0, Mileva Marić, Mile,0,-1.0618,-4.1318,-3.07,-0.9112,-3.7743,-2.8632,7,1, a,1.1373
Albert Einstein,spouse,Albert Einstein was married to,subject_all,1 2,9-13,jspace_keep_name,0, Mileva Marić, Mile,0,-1.0618,-2.3851,-1.3233,-0.9112,-2.1167,-1.2056,2,1, a,0.3759
Albert Einstein,spouse,Albert Einstein was married to,subject_all,1 2,9-13,jspace_restore_rest,0, Mileva Marić, Mile,0,-1.0618,-3.4695,-2.4077,-0.9112,-3.3314,-2.4202,4,1, a,0.8998
Albert Einstein,spouse,Albert Einstein was married to,subject_all,1 2,9-13,name_lens,0, Mileva Marić, Mile,0,-1.0618,-3.1386,-2.0768,-0.9112,-3.0377,-2.1265,4,1, a,0.7655
Albert Einstein,spouse,Albert Einstein was married to,subject_all,1 2,9-17,jspace,0, Mileva Marić, Mile,0,-1.0618,-5.5728,-4.511,-0.9112,-5.305,-4.3938,27,1, a,1.86
Albert Einstein,spouse,Albert Einstein was married to,subject_all,1 2,9-17,jspace_keep_name,0, Mileva Marić, Mile,0,-1.0618,-4.0388,-2.977,-0.9112,-3.8417,-2.9305,6,1, a,1.1741
Albert Einstein,spouse,Albert Einstein was married to,subject_all,1 2,9-17,jspace_restore_rest,0, Mileva Marić, Mile,0,-1.0618,-4.3405,-3.2787,-0.9112,-4.1746,-3.2635,10,1, a,1.2989
Albert Einstein,spouse,Albert Einstein was married to,subject_all,1 2,9-17,name_lens,0, Mileva Marić, Mile,0,-1.0618,-3.4894,-2.4276,-0.9112,-3.3396,-2.4285,4,1, a,0.9216
Albert Einstein,spouse,Albert Einstein was married to,subject_all,1 2,6-20,jspace,0, Mileva Marić, Mile,0,-1.0618,-13.6042,-12.5424,-0.9112,-10.2305,-9.3194,832,1, a,4.7093
Albert Einstein,spouse,Albert Einstein was married to,subject_all,1 2,6-20,jspace_keep_name,0, Mileva Marić, Mile,0,-1.0618,-5.4044,-4.3426,-0.9112,-5.1515,-4.2403,28,1, a,1.9683
Albert Einstein,spouse,Albert Einstein was married to,subject_all,1 2,6-20,jspace_restore_rest,0, Mileva Marić, Mile,0,-1.0618,-2.7142,-1.6525,-0.9112,-2.3562,-1.4451,2,1, a,0.4866
Albert Einstein,spouse,Albert Einstein was married to,subject_all,1 2,6-20,name_lens,0, Mileva Marić, Mile,0,-1.0618,-6.1145,-5.0527,-0.9112,-5.5917,-4.6805,39,1, a,2.0285
Albert Einstein,education,Albert Einstein studied at the University of,subject_all,1 2,9-13,jspace,0, Zurich. He was, Zurich,0,-5.3497,-7.0851,-1.7354,-1.0675,-2.1278,-1.0603,1,0, Zurich,0.3881
Albert Einstein,education,Albert Einstein studied at the University of,subject_all,1 2,9-13,jspace_keep_name,0, Zurich. He was, Zurich,0,-5.3497,-6.1229,-0.7733,-1.0675,-1.4636,-0.3961,1,0, Zurich,0.0987
Albert Einstein,education,Albert Einstein studied at the University of,subject_all,1 2,9-13,jspace_restore_rest,0, Zurich. He was, Zurich,0,-5.3497,-6.4589,-1.1093,-1.0675,-2.4737,-1.4062,2,1, Berlin,0.4255
Albert Einstein,education,Albert Einstein studied at the University of,subject_all,1 2,9-13,name_lens,0, Zurich. He was, Zurich,0,-5.3497,-6.3756,-1.026,-1.0675,-2.3955,-1.328,2,1, Berlin,0.3714
Albert Einstein,education,Albert Einstein studied at the University of,subject_all,1 2,9-17,jspace,0, Zurich. He was, Zurich,0,-5.3497,-7.1224,-1.7728,-1.0675,-1.6456,-0.5781,1,0, Zurich,0.2978
Albert Einstein,education,Albert Einstein studied at the University of,subject_all,1 2,9-17,jspace_keep_name,0, Zurich. He was, Zurich,0,-5.3497,-5.9083,-0.5586,-1.0675,-1.1738,-0.1063,1,0, Zurich,0.1292
Albert Einstein,education,Albert Einstein studied at the University of,subject_all,1 2,9-17,jspace_restore_rest,0, Zurich. He was, Zurich,0,-5.3497,-6.6792,-1.3296,-1.0675,-2.5916,-1.5241,2,1, Berlin,0.484
Albert Einstein,education,Albert Einstein studied at the University of,subject_all,1 2,9-17,name_lens,0, Zurich. He was, Zurich,0,-5.3497,-6.6548,-1.3052,-1.0675,-2.5822,-1.5147,2,1, Berlin,0.4549
Albert Einstein,education,Albert Einstein studied at the University of,subject_all,1 2,6-20,jspace,0, Zurich. He was, Zurich,0,-5.3497,-9.6829,-4.3332,-1.0675,-3.1306,-2.0631,5,1, Geneva,1.7455
Albert Einstein,education,Albert Einstein studied at the University of,subject_all,1 2,6-20,jspace_keep_name,0, Zurich. He was, Zurich,0,-5.3497,-6.1253,-0.7756,-1.0675,-0.8471,0.2204,1,0, Zurich,0.2381
Albert Einstein,education,Albert Einstein studied at the University of,subject_all,1 2,6-20,jspace_restore_rest,0, Zurich. He was, Zurich,0,-5.3497,-5.6834,-0.3337,-1.0675,-1.2116,-0.1441,1,0, Zurich,0.0548
Albert Einstein,education,Albert Einstein studied at the University of,subject_all,1 2,6-20,name_lens,0, Zurich. He was, Zurich,0,-5.3497,-7.2985,-1.9489,-1.0675,-2.8902,-1.8227,1,0, Zurich,0.7093
Albert Einstein,citizenship,Albert Einstein was a citizen of,subject_all,1 2,9-13,jspace,0, Germany. He was, Germany,0,-4.8169,-5.6217,-0.8048,-1.1374,-1.578,-0.4406,2,1, the,0.1933
Albert Einstein,citizenship,Albert Einstein was a citizen of,subject_all,1 2,9-13,jspace_keep_name,0, Germany. He was, Germany,0,-4.8169,-5.0166,-0.1996,-1.1374,-1.1943,-0.0568,1,0, Germany,0.0662
Albert Einstein,citizenship,Albert Einstein was a citizen of,subject_all,1 2,9-13,jspace_restore_rest,0, Germany. He was, Germany,0,-4.8169,-4.4172,0.3997,-1.1374,-0.9841,0.1533,1,0, Germany,0.0506
Albert Einstein,citizenship,Albert Einstein was a citizen of,subject_all,1 2,9-13,name_lens,0, Germany. He was, Germany,0,-4.8169,-4.3955,0.4214,-1.1374,-0.9288,0.2086,1,0, Germany,0.0574
Albert Einstein,citizenship,Albert Einstein was a citizen of,subject_all,1 2,9-17,jspace,0, Germany. He was, Germany,0,-4.8169,-6.2235,-1.4066,-1.1374,-1.7049,-0.5674,2,1, the,0.1784
Albert Einstein,citizenship,Albert Einstein was a citizen of,subject_all,1 2,9-17,jspace_keep_name,0, Germany. He was, Germany,0,-4.8169,-5.2638,-0.4468,-1.1374,-1.2643,-0.1269,1,0, Germany,0.0771
Albert Einstein,citizenship,Albert Einstein was a citizen of,subject_all,1 2,9-17,jspace_restore_rest,0, Germany. He was, Germany,0,-4.8169,-4.5626,0.2543,-1.1374,-1.0333,0.1042,1,0, Germany,0.0615
Albert Einstein,citizenship,Albert Einstein was a citizen of,subject_all,1 2,9-17,name_lens,0, Germany. He was, Germany,0,-4.8169,-4.2869,0.5301,-1.1374,-0.9132,0.2242,1,0, Germany,0.0687
Albert Einstein,citizenship,Albert Einstein was a citizen of,subject_all,1 2,6-20,jspace,0, Germany. He was, Germany,0,-4.8169,-11.3702,-6.5533,-1.1374,-4.8739,-3.7365,18,1, the,1.6595
Albert Einstein,citizenship,Albert Einstein was a citizen of,subject_all,1 2,6-20,jspace_keep_name,0, Germany. He was, Germany,0,-4.8169,-5.9923,-1.1753,-1.1374,-1.2365,-0.0991,2,1, the,0.2861
Albert Einstein,citizenship,Albert Einstein was a citizen of,subject_all,1 2,6-20,jspace_restore_rest,0, Germany. He was, Germany,0,-4.8169,-5.3659,-0.5489,-1.1374,-1.4483,-0.3109,1,0, Germany,0.0908
Albert Einstein,citizenship,Albert Einstein was a citizen of,subject_all,1 2,6-20,name_lens,0, Germany. He was, Germany,0,-4.8169,-5.8411,-1.0242,-1.1374,-1.7227,-0.5853,2,1, the,0.1897
Albert Einstein,copy_first_name,The first name of Albert Einstein is,subject_all,5 6,9-13,jspace,0, Albert. The second, Albert,0,-4.3876,-5.0218,-0.6342,-1.9015,-2.4776,-0.5762,1,0, Albert,0.1274
Albert Einstein,copy_first_name,The first name of Albert Einstein is,subject_all,5 6,9-13,jspace_keep_name,0, Albert. The second, Albert,0,-4.3876,-4.1801,0.2075,-1.9015,-1.7343,0.1672,1,0, Albert,0.0736
Albert Einstein,copy_first_name,The first name of Albert Einstein is,subject_all,5 6,9-13,jspace_restore_rest,0, Albert. The second, Albert,0,-4.3876,-4.8216,-0.434,-1.9015,-2.1542,-0.2527,1,0, Albert,0.0532
Albert Einstein,copy_first_name,The first name of Albert Einstein is,subject_all,5 6,9-13,name_lens,0, Albert. The second, Albert,0,-4.3876,-4.6554,-0.2678,-1.9015,-1.9575,-0.056,1,0, Albert,0.0551
Albert Einstein,copy_first_name,The first name of Albert Einstein is,subject_all,5 6,9-17,jspace,0, Albert. The second, Albert,0,-4.3876,-6.216,-1.8284,-1.9015,-3.4751,-1.5736,6,1,?,0.2367
Albert Einstein,copy_first_name,The first name of Albert Einstein is,subject_all,5 6,9-17,jspace_keep_name,0, Albert. The second, Albert,0,-4.3876,-5.959,-1.5714,-1.9015,-3.5062,-1.6047,7,1,?,0.2304
Albert Einstein,copy_first_name,The first name of Albert Einstein is,subject_all,5 6,9-17,jspace_restore_rest,0, Albert. The second, Albert,0,-4.3876,-5.2928,-0.9053,-1.9015,-2.6377,-0.7362,1,0, Albert,0.1109
Albert Einstein,copy_first_name,The first name of Albert Einstein is,subject_all,5 6,9-17,name_lens,0, Albert. The second, Albert,0,-4.3876,-5.1766,-0.789,-1.9015,-2.4887,-0.5872,1,0, Albert,0.1012
Albert Einstein,copy_first_name,The first name of Albert Einstein is,subject_all,5 6,6-20,jspace,0, Albert. The second, Albert,0,-4.3876,-9.2689,-4.8813,-1.9015,-6.2529,-4.3515,69,1, \,0.9239
Albert Einstein,copy_first_name,The first name of Albert Einstein is,subject_all,5 6,6-20,jspace_keep_name,0, Albert. The second, Albert,0,-4.3876,-6.3353,-1.9477,-1.9015,-3.9656,-2.0641,10,1, \,0.347
Albert Einstein,copy_first_name,The first name of Albert Einstein is,subject_all,5 6,6-20,jspace_restore_rest,0, Albert. The second, Albert,0,-4.3876,-7.3247,-2.9371,-1.9015,-4.6799,-2.7784,21,1,?,0.3623
Albert Einstein,copy_first_name,The first name of Albert Einstein is,subject_all,5 6,6-20,name_lens,0, Albert. The second, Albert,0,-4.3876,-7.4955,-3.1079,-1.9015,-4.7009,-2.7994,19,1,?,0.4096
Albert Einstein,copy_last_name,The last name of Albert Einstein is,subject_all,5 6,9-13,jspace,0," ""Einstein"".",Ein,1,-4.3964,-6.8267,-2.4303,-0.2463,-2.3676,-2.1214,1,0,Ein,0.212
Albert Einstein,copy_last_name,The last name of Albert Einstein is,subject_all,5 6,9-13,jspace_keep_name,0," ""Einstein"".",Ein,1,-4.3964,-5.2888,-0.8924,-0.2463,-1.1062,-0.8599,1,0,Ein,0.0687
Albert Einstein,copy_last_name,The last name of Albert Einstein is,subject_all,5 6,9-13,jspace_restore_rest,0," ""Einstein"".",Ein,1,-4.3964,-5.235,-0.8386,-0.2463,-0.7118,-0.4655,1,0,Ein,0.0952
Albert Einstein,copy_last_name,The last name of Albert Einstein is,subject_all,5 6,9-13,name_lens,0," ""Einstein"".",Ein,1,-4.3964,-5.539,-1.1427,-0.2463,-0.9179,-0.6716,1,0,Ein,0.1179
Albert Einstein,copy_last_name,The last name of Albert Einstein is,subject_all,5 6,9-17,jspace,0," ""Einstein"".",Ein,1,-4.3964,-7.5418,-3.1454,-0.2463,-3.051,-2.8047,1,0,Ein,0.2507
Albert Einstein,copy_last_name,The last name of Albert Einstein is,subject_all,5 6,9-17,jspace_keep_name,0," ""Einstein"".",Ein,1,-4.3964,-6.035,-1.6386,-0.2463,-1.9363,-1.69,1,0,Ein,0.1918
Albert Einstein,copy_last_name,The last name of Albert Einstein is,subject_all,5 6,9-17,jspace_restore_rest,0," ""Einstein"".",Ein,1,-4.3964,-6.531,-2.1347,-0.2463,-1.7576,-1.5114,1,0,Ein,0.1649
Albert Einstein,copy_last_name,The last name of Albert Einstein is,subject_all,5 6,9-17,name_lens,0," ""Einstein"".",Ein,1,-4.3964,-6.0772,-1.6808,-0.2463,-1.3829,-1.1366,1,0,Ein,0.1544
Albert Einstein,copy_last_name,The last name of Albert Einstein is,subject_all,5 6,6-20,jspace,0," ""Einstein"".",Ein,1,-4.3964,-9.7761,-5.3798,-0.2463,-5.0865,-4.8402,16,1,S,0.4354
Albert Einstein,copy_last_name,The last name of Albert Einstein is,subject_all,5 6,6-20,jspace_keep_name,0," ""Einstein"".",Ein,1,-4.3964,-9.9791,-5.5828,-0.2463,-3.1075,-2.8612,1,0,Ein,0.7709
Albert Einstein,copy_last_name,The last name of Albert Einstein is,subject_all,5 6,6-20,jspace_restore_rest,0," ""Einstein"".",Ein,1,-4.3964,-5.3255,-0.9292,-0.2463,-0.7212,-0.4749,1,0,Ein,0.1758
Albert Einstein,copy_last_name,The last name of Albert Einstein is,subject_all,5 6,6-20,name_lens,0," ""Einstein"".",Ein,1,-4.3964,-7.8883,-3.492,-0.2463,-2.7909,-2.5446,2,1,En,0.3669
Serena Williams,birth_city,Serena Williams was born in the city of,subject_all,1 2 3,9-13,jspace,0," Saginaw,", S,0,-3.907,-7.9727,-4.0657,-2.1314,-5.0091,-2.8777,18,1, New,0.6357
Serena Williams,birth_city,Serena Williams was born in the city of,subject_all,1 2 3,9-13,jspace_keep_name,0," Saginaw,", S,0,-3.907,-8.4255,-4.5185,-2.1314,-5.1418,-3.0104,21,1, New,0.6904
Serena Williams,birth_city,Serena Williams was born in the city of,subject_all,1 2 3,9-13,jspace_restore_rest,0," Saginaw,", S,0,-3.907,-6.532,-2.625,-2.1314,-4.2706,-2.1392,10,1, New,0.3188
Serena Williams,birth_city,Serena Williams was born in the city of,subject_all,1 2 3,9-13,name_lens,0," Saginaw,", S,0,-3.907,-5.1549,-1.2479,-2.1314,-3.1866,-1.0552,2,1, New,0.1128
Serena Williams,birth_city,Serena Williams was born in the city of,subject_all,1 2 3,9-17,jspace,0," Saginaw,", S,0,-3.907,-8.8879,-4.9809,-2.1314,-5.1662,-3.0348,30,1, New,0.6664
Serena Williams,birth_city,Serena Williams was born in the city of,subject_all,1 2 3,9-17,jspace_keep_name,0," Saginaw,", S,0,-3.907,-9.5845,-5.6775,-2.1314,-5.3381,-3.2067,36,1, New,0.8345
Serena Williams,birth_city,Serena Williams was born in the city of,subject_all,1 2 3,9-17,jspace_restore_rest,0," Saginaw,", S,0,-3.907,-6.5538,-2.6468,-2.1314,-4.2944,-2.163,12,1, New,0.3452
Serena Williams,birth_city,Serena Williams was born in the city of,subject_all,1 2 3,9-17,name_lens,0," Saginaw,", S,0,-3.907,-5.1426,-1.2356,-2.1314,-3.1138,-0.9824,2,1, New,0.1076
Serena Williams,birth_city,Serena Williams was born in the city of,subject_all,1 2 3,6-20,jspace,0," Saginaw,", S,0,-3.907,-9.547,-5.64,-2.1314,-6.0441,-3.9127,74,1, ,1.1169
Serena Williams,birth_city,Serena Williams was born in the city of,subject_all,1 2 3,6-20,jspace_keep_name,0," Saginaw,", S,0,-3.907,-10.3954,-6.4884,-2.1314,-6.4388,-4.3074,105,1, ,1.1377
Serena Williams,birth_city,Serena Williams was born in the city of,subject_all,1 2 3,6-20,jspace_restore_rest,0," Saginaw,", S,0,-3.907,-7.5934,-3.6864,-2.1314,-5.1941,-3.0626,36,1, New,0.5574
Serena Williams,birth_city,Serena Williams was born in the city of,subject_all,1 2 3,6-20,name_lens,0," Saginaw,", S,0,-3.907,-6.4218,-2.5148,-2.1314,-4.0085,-1.8771,5,1, New,0.2612
Serena Williams,birth_year,Serena Williams was born in the year,subject_all,1 2 3,9-13,jspace,0, 1981.,198,1,-2.9266,-3.5295,-0.6029,-0.5544,-0.4769,0.0775,1,0,198,0.0332
Serena Williams,birth_year,Serena Williams was born in the year,subject_all,1 2 3,9-13,jspace_keep_name,0, 1981.,198,1,-2.9266,-3.9946,-1.068,-0.5544,-0.8065,-0.2522,1,0,198,0.0418
Serena Williams,birth_year,Serena Williams was born in the year,subject_all,1 2 3,9-13,jspace_restore_rest,0, 1981.,198,1,-2.9266,-2.7155,0.2111,-0.5544,-0.2396,0.3148,1,0,198,0.0105
Serena Williams,birth_year,Serena Williams was born in the year,subject_all,1 2 3,9-13,name_lens,0, 1981.,198,1,-2.9266,-2.6329,0.2938,-0.5544,-0.3497,0.2047,1,0,198,0.0007
Serena Williams,birth_year,Serena Williams was born in the year,subject_all,1 2 3,9-17,jspace,0, 1981.,198,1,-2.9266,-3.7993,-0.8727,-0.5544,-0.5505,0.0039,1,0,198,0.062
Serena Williams,birth_year,Serena Williams was born in the year,subject_all,1 2 3,9-17,jspace_keep_name,0, 1981.,198,1,-2.9266,-4.2153,-1.2887,-0.5544,-0.8118,-0.2574,1,0,198,0.0742
Serena Williams,birth_year,Serena Williams was born in the year,subject_all,1 2 3,9-17,jspace_restore_rest,0, 1981.,198,1,-2.9266,-2.7195,0.2071,-0.5544,-0.2028,0.3516,1,0,198,0.0011
Serena Williams,birth_year,Serena Williams was born in the year,subject_all,1 2 3,9-17,name_lens,0, 1981.,198,1,-2.9266,-2.6426,0.284,-0.5544,-0.3526,0.2018,1,0,198,0.0088
Serena Williams,birth_year,Serena Williams was born in the year,subject_all,1 2 3,6-20,jspace,0, 1981.,198,1,-2.9266,-5.1604,-2.2338,-0.5544,-1.2116,-0.6572,2,1,197,0.096
Serena Williams,birth_year,Serena Williams was born in the year,subject_all,1 2 3,6-20,jspace_keep_name,0, 1981.,198,1,-2.9266,-4.6915,-1.7649,-0.5544,-1.1434,-0.589,2,1,197,0.0743
Serena Williams,birth_year,Serena Williams was born in the year,subject_all,1 2 3,6-20,jspace_restore_rest,0, 1981.,198,1,-2.9266,-2.8798,0.0469,-0.5544,-0.3731,0.1812,1,0,198,0.0293
Serena Williams,birth_year,Serena Williams was born in the year,subject_all,1 2 3,6-20,name_lens,0, 1981.,198,1,-2.9266,-2.5347,0.3919,-0.5544,-0.3434,0.211,1,0,198,0.03
Serena Williams,birth_country,Serena Williams was born in the country of,subject_all,1 2 3,9-13,jspace,0, the United States., United,1,-3.2194,-3.7481,-0.5287,-0.7587,-0.9276,-0.1689,1,0, United,0.0933
Serena Williams,birth_country,Serena Williams was born in the country of,subject_all,1 2 3,9-13,jspace_keep_name,0, the United States., United,1,-3.2194,-3.9483,-0.7289,-0.7587,-0.9597,-0.201,1,0, United,0.146
Serena Williams,birth_country,Serena Williams was born in the country of,subject_all,1 2 3,9-13,jspace_restore_rest,0, the United States., United,1,-3.2194,-3.4743,-0.255,-0.7587,-0.8698,-0.1111,1,0, United,0.0356
Serena Williams,birth_country,Serena Williams was born in the country of,subject_all,1 2 3,9-13,name_lens,0, the United States., United,1,-3.2194,-3.2853,-0.0659,-0.7587,-0.8038,-0.0451,1,0, United,0.0103
Serena Williams,birth_country,Serena Williams was born in the country of,subject_all,1 2 3,9-17,jspace,0, the United States., United,1,-3.2194,-3.8909,-0.6715,-0.7587,-0.8719,-0.1132,1,0, United,0.1218
Serena Williams,birth_country,Serena Williams was born in the country of,subject_all,1 2 3,9-17,jspace_keep_name,0, the United States., United,1,-3.2194,-3.9155,-0.6961,-0.7587,-0.9445,-0.1858,1,0, United,0.195
Serena Williams,birth_country,Serena Williams was born in the country of,subject_all,1 2 3,9-17,jspace_restore_rest,0, the United States., United,1,-3.2194,-3.4487,-0.2293,-0.7587,-0.8634,-0.1047,1,0, United,0.0324
Serena Williams,birth_country,Serena Williams was born in the country of,subject_all,1 2 3,9-17,name_lens,0, the United States., United,1,-3.2194,-3.2481,-0.0287,-0.7587,-0.7776,-0.0189,1,0, United,0.0101
Serena Williams,birth_country,Serena Williams was born in the country of,subject_all,1 2 3,6-20,jspace,0, the United States., United,1,-3.2194,-4.4599,-1.2405,-0.7587,-1.1491,-0.3904,1,0, United,0.2423
Serena Williams,birth_country,Serena Williams was born in the country of,subject_all,1 2 3,6-20,jspace_keep_name,0, the United States., United,1,-3.2194,-4.0231,-0.8037,-0.7587,-0.9947,-0.236,1,0, United,0.2046
Serena Williams,birth_country,Serena Williams was born in the country of,subject_all,1 2 3,6-20,jspace_restore_rest,0, the United States., United,1,-3.2194,-3.3487,-0.1294,-0.7587,-0.7461,0.0126,1,0, United,0.066
Serena Williams,birth_country,Serena Williams was born in the country of,subject_all,1 2 3,6-20,name_lens,0, the United States., United,1,-3.2194,-3.2337,-0.0144,-0.7587,-0.7985,-0.0398,1,0, United,0.024
Serena Williams,death_year,Serena Williams died in the year,subject_all,1 2 3,9-13,jspace,0, 2023.,202,1,-3.5864,-4.0924,-0.5059,-0.8364,-0.838,-0.0015,1,0,202,0.1834
Serena Williams,death_year,Serena Williams died in the year,subject_all,1 2 3,9-13,jspace_keep_name,0, 2023.,202,1,-3.5864,-4.1961,-0.6097,-0.8364,-0.8463,-0.0099,1,0,202,0.1569
Serena Williams,death_year,Serena Williams died in the year,subject_all,1 2 3,9-13,jspace_restore_rest,0, 2023.,202,1,-3.5864,-3.5193,0.0672,-0.8364,-0.7339,0.1026,1,0,202,0.0063
Serena Williams,death_year,Serena Williams died in the year,subject_all,1 2 3,9-13,name_lens,0, 2023.,202,1,-3.5864,-3.6502,-0.0638,-0.8364,-0.7964,0.04,1,0,202,0.0068
Serena Williams,death_year,Serena Williams died in the year,subject_all,1 2 3,9-17,jspace,0, 2023.,202,1,-3.5864,-4.2134,-0.627,-0.8364,-0.8569,-0.0205,1,0,202,0.1655
Serena Williams,death_year,Serena Williams died in the year,subject_all,1 2 3,9-17,jspace_keep_name,0, 2023.,202,1,-3.5864,-4.024,-0.4376,-0.8364,-0.8874,-0.051,1,0,202,0.1367
Serena Williams,death_year,Serena Williams died in the year,subject_all,1 2 3,9-17,jspace_restore_rest,0, 2023.,202,1,-3.5864,-3.5708,0.0157,-0.8364,-0.7516,0.0848,1,0,202,0.0049
Serena Williams,death_year,Serena Williams died in the year,subject_all,1 2 3,9-17,name_lens,0, 2023.,202,1,-3.5864,-3.5311,0.0553,-0.8364,-0.7592,0.0772,1,0,202,0.005
Serena Williams,death_year,Serena Williams died in the year,subject_all,1 2 3,6-20,jspace,0, 2023.,202,1,-3.5864,-5.1106,-1.5242,-0.8364,-1.1007,-0.2642,1,0,202,0.3785
Serena Williams,death_year,Serena Williams died in the year,subject_all,1 2 3,6-20,jspace_keep_name,0, 2023.,202,1,-3.5864,-4.6437,-1.0573,-0.8364,-1.1012,-0.2647,1,0,202,0.2249
Serena Williams,death_year,Serena Williams died in the year,subject_all,1 2 3,6-20,jspace_restore_rest,0, 2023.,202,1,-3.5864,-3.4102,0.1763,-0.8364,-0.7693,0.0671,1,0,202,0.0467
Serena Williams,death_year,Serena Williams died in the year,subject_all,1 2 3,6-20,name_lens,0, 2023.,202,1,-3.5864,-3.4932,0.0932,-0.8364,-0.739,0.0974,1,0,202,0.0255
Serena Williams,occupation,Serena Williams worked as a,subject_all,1 2 3,9-13,jspace,0, tennis player. She, tennis,0,-7.2289,-8.8709,-1.642,-2.3888,-3.3216,-0.9328,2,1, professional,0.103
Serena Williams,occupation,Serena Williams worked as a,subject_all,1 2 3,9-13,jspace_keep_name,0, tennis player. She, tennis,0,-7.2289,-8.9351,-1.7062,-2.3888,-2.9911,-0.6023,1,0, tennis,0.0978
Serena Williams,occupation,Serena Williams worked as a,subject_all,1 2 3,9-13,jspace_restore_rest,0, tennis player. She, tennis,0,-7.2289,-7.325,-0.0962,-2.3888,-2.3567,0.0321,1,0, tennis,0.0152
Serena Williams,occupation,Serena Williams worked as a,subject_all,1 2 3,9-13,name_lens,0, tennis player. She, tennis,0,-7.2289,-7.0409,0.188,-2.3888,-2.3241,0.0647,1,0, tennis,0.0037
Serena Williams,occupation,Serena Williams worked as a,subject_all,1 2 3,9-17,jspace,0, tennis player. She, tennis,0,-7.2289,-8.5554,-1.3265,-2.3888,-2.9676,-0.5789,1,0, tennis,0.0865
Serena Williams,occupation,Serena Williams worked as a,subject_all,1 2 3,9-17,jspace_keep_name,0, tennis player. She, tennis,0,-7.2289,-9.8158,-2.5869,-2.3888,-3.7255,-1.3367,3,1, professional,0.2133
Serena Williams,occupation,Serena Williams worked as a,subject_all,1 2 3,9-17,jspace_restore_rest,0, tennis player. She, tennis,0,-7.2289,-7.2144,0.0144,-2.3888,-2.2166,0.1722,1,0, tennis,0.0142
Serena Williams,occupation,Serena Williams worked as a,subject_all,1 2 3,9-17,name_lens,0, tennis player. She, tennis,0,-7.2289,-7.0562,0.1726,-2.3888,-2.288,0.1008,1,0, tennis,0.0038
Serena Williams,occupation,Serena Williams worked as a,subject_all,1 2 3,6-20,jspace,0, tennis player. She, tennis,0,-7.2289,-10.3487,-3.1199,-2.3888,-4.3605,-1.9718,6,1, professional,0.2936
Serena Williams,occupation,Serena Williams worked as a,subject_all,1 2 3,6-20,jspace_keep_name,0, tennis player. She, tennis,0,-7.2289,-11.9853,-4.7564,-2.3888,-5.3934,-3.0046,24,1, teacher,0.4743
Serena Williams,occupation,Serena Williams worked as a,subject_all,1 2 3,6-20,jspace_restore_rest,0, tennis player. She, tennis,0,-7.2289,-8.0407,-0.8118,-2.3888,-2.8594,-0.4706,1,0, tennis,0.0658
Serena Williams,occupation,Serena Williams worked as a,subject_all,1 2 3,6-20,name_lens,0, tennis player. She, tennis,0,-7.2289,-7.2407,-0.0118,-2.3888,-2.3071,0.0817,1,0, tennis,0.022
Serena Williams,profession_of,The profession of Serena Williams was,subject_all,4 5,9-13,jspace,0, a tennis player., tennis,1,-5.1225,-5.364,-0.2415,-1.5355,-1.7303,-0.1948,1,0, tennis,0.026
Serena Williams,profession_of,The profession of Serena Williams was,subject_all,4 5,9-13,jspace_keep_name,0, a tennis player., tennis,1,-5.1225,-5.1206,0.0019,-1.5355,-1.6586,-0.1231,1,0, tennis,0.0129
Serena Williams,profession_of,The profession of Serena Williams was,subject_all,4 5,9-13,jspace_restore_rest,0, a tennis player., tennis,1,-5.1225,-5.6172,-0.4947,-1.5355,-1.9435,-0.408,1,0, tennis,0.01
Serena Williams,profession_of,The profession of Serena Williams was,subject_all,4 5,9-13,name_lens,0, a tennis player., tennis,1,-5.1225,-5.3359,-0.2133,-1.5355,-1.6988,-0.1632,1,0, tennis,0.005
Serena Williams,profession_of,The profession of Serena Williams was,subject_all,4 5,9-17,jspace,0, a tennis player., tennis,1,-5.1225,-6.1325,-1.0099,-1.5355,-2.3669,-0.8314,1,0, tennis,0.0667
Serena Williams,profession_of,The profession of Serena Williams was,subject_all,4 5,9-17,jspace_keep_name,0, a tennis player., tennis,1,-5.1225,-5.591,-0.4685,-1.5355,-2.0174,-0.4819,1,0, tennis,0.0235
Serena Williams,profession_of,The profession of Serena Williams was,subject_all,4 5,9-17,jspace_restore_rest,0, a tennis player., tennis,1,-5.1225,-5.4804,-0.3579,-1.5355,-1.7367,-0.2012,1,0, tennis,0.0113
Serena Williams,profession_of,The profession of Serena Williams was,subject_all,4 5,9-17,name_lens,0, a tennis player., tennis,1,-5.1225,-5.333,-0.2105,-1.5355,-1.6891,-0.1536,1,0, tennis,0.0061
Serena Williams,profession_of,The profession of Serena Williams was,subject_all,4 5,6-20,jspace,0, a tennis player., tennis,1,-5.1225,-7.9729,-2.8504,-1.5355,-4.5048,-2.9693,9,1, professional,0.3911
Serena Williams,profession_of,The profession of Serena Williams was,subject_all,4 5,6-20,jspace_keep_name,0, a tennis player., tennis,1,-5.1225,-9.4018,-4.2793,-1.5355,-5.5342,-3.9987,34,1, ,0.139
Serena Williams,profession_of,The profession of Serena Williams was,subject_all,4 5,6-20,jspace_restore_rest,0, a tennis player., tennis,1,-5.1225,-5.5867,-0.4641,-1.5355,-1.8686,-0.3331,1,0, tennis,0.0154
Serena Williams,profession_of,The profession of Serena Williams was,subject_all,4 5,6-20,name_lens,0, a tennis player., tennis,1,-5.1225,-5.5484,-0.4258,-1.5355,-1.8537,-0.3182,1,0, tennis,0.0109
Serena Williams,instrument,Serena Williams played the,subject_all,1 2 3,9-13,jspace,0, most games in the, most,0,-6.4382,-6.5599,-0.1218,-2.3325,-2.5576,-0.2251,3,1, role,0.0293
Serena Williams,instrument,Serena Williams played the,subject_all,1 2 3,9-13,jspace_keep_name,0, most games in the, most,0,-6.4382,-6.3877,0.0505,-2.3325,-2.4456,-0.1131,2,1, role,0.0345
Serena Williams,instrument,Serena Williams played the,subject_all,1 2 3,9-13,jspace_restore_rest,0, most games in the, most,0,-6.4382,-6.4427,-0.0045,-2.3325,-2.1555,0.1769,1,0, most,0.0153
Serena Williams,instrument,Serena Williams played the,subject_all,1 2 3,9-13,name_lens,0, most games in the, most,0,-6.4382,-6.4581,-0.02,-2.3325,-2.3155,0.017,1,0, most,0.003
Serena Williams,instrument,Serena Williams played the,subject_all,1 2 3,9-17,jspace,0, most games in the, most,0,-6.4382,-6.6952,-0.257,-2.3325,-2.6354,-0.303,3,1, role,0.0332
Serena Williams,instrument,Serena Williams played the,subject_all,1 2 3,9-17,jspace_keep_name,0, most games in the, most,0,-6.4382,-6.4843,-0.0461,-2.3325,-2.6456,-0.3131,2,1, role,0.0521
Serena Williams,instrument,Serena Williams played the,subject_all,1 2 3,9-17,jspace_restore_rest,0, most games in the, most,0,-6.4382,-6.547,-0.1089,-2.3325,-2.257,0.0755,1,0, most,0.0055
Serena Williams,instrument,Serena Williams played the,subject_all,1 2 3,9-17,name_lens,0, most games in the, most,0,-6.4382,-6.4079,0.0302,-2.3325,-2.2683,0.0641,1,0, most,0.0036
Serena Williams,instrument,Serena Williams played the,subject_all,1 2 3,6-20,jspace,0, most games in the, most,0,-6.4382,-5.8783,0.5598,-2.3325,-2.3433,-0.0108,2,1, role,0.0668
Serena Williams,instrument,Serena Williams played the,subject_all,1 2 3,6-20,jspace_keep_name,0, most games in the, most,0,-6.4382,-6.4621,-0.0239,-2.3325,-2.7084,-0.3759,3,1, role,0.0894
Serena Williams,instrument,Serena Williams played the,subject_all,1 2 3,6-20,jspace_restore_rest,0, most games in the, most,0,-6.4382,-6.2047,0.2334,-2.3325,-2.3125,0.02,1,0, most,0.0165
Serena Williams,instrument,Serena Williams played the,subject_all,1 2 3,6-20,name_lens,0, most games in the, most,0,-6.4382,-6.313,0.1252,-2.3325,-2.2881,0.0444,1,0, most,0.0087
Serena Williams,famous_for,Serena Williams is famous for,subject_all,1 2 3,9-13,jspace,0, her tennis career., tennis,1,-5.9565,-6.4582,-0.5017,-2.193,-2.4978,-0.3048,1,0, tennis,0.0287
Serena Williams,famous_for,Serena Williams is famous for,subject_all,1 2 3,9-13,jspace_keep_name,0, her tennis career., tennis,1,-5.9565,-6.3037,-0.3472,-2.193,-2.3353,-0.1424,1,0, tennis,0.0532
Serena Williams,famous_for,Serena Williams is famous for,subject_all,1 2 3,9-13,jspace_restore_rest,0, her tennis career., tennis,1,-5.9565,-6.2828,-0.3263,-2.193,-2.4888,-0.2958,1,0, tennis,0.0058
Serena Williams,famous_for,Serena Williams is famous for,subject_all,1 2 3,9-13,name_lens,0, her tennis career., tennis,1,-5.9565,-6.0721,-0.1156,-2.193,-2.3179,-0.1249,1,0, tennis,0.0019
Serena Williams,famous_for,Serena Williams is famous for,subject_all,1 2 3,9-17,jspace,0, her tennis career., tennis,1,-5.9565,-6.2582,-0.3017,-2.193,-2.3142,-0.1212,1,0, tennis,0.0354
Serena Williams,famous_for,Serena Williams is famous for,subject_all,1 2 3,9-17,jspace_keep_name,0, her tennis career., tennis,1,-5.9565,-6.3401,-0.3836,-2.193,-2.5221,-0.3291,1,0, tennis,0.0758
Serena Williams,famous_for,Serena Williams is famous for,subject_all,1 2 3,9-17,jspace_restore_rest,0, her tennis career., tennis,1,-5.9565,-6.077,-0.1205,-2.193,-2.2671,-0.0741,1,0, tennis,0.0047
Serena Williams,famous_for,Serena Williams is famous for,subject_all,1 2 3,9-17,name_lens,0, her tennis career., tennis,1,-5.9565,-6.0064,-0.0499,-2.193,-2.2849,-0.0919,1,0, tennis,0.0032
Serena Williams,famous_for,Serena Williams is famous for,subject_all,1 2 3,6-20,jspace,0, her tennis career., tennis,1,-5.9565,-6.9838,-1.0273,-2.193,-2.9488,-0.7558,2,1, ,0.1524
Serena Williams,famous_for,Serena Williams is famous for,subject_all,1 2 3,6-20,jspace_keep_name,0, her tennis career., tennis,1,-5.9565,-7.0055,-1.0491,-2.193,-3.3528,-1.1598,3,1, ,0.1744
Serena Williams,famous_for,Serena Williams is famous for,subject_all,1 2 3,6-20,jspace_restore_rest,0, her tennis career., tennis,1,-5.9565,-5.96,-0.0036,-2.193,-2.4135,-0.2205,1,0, tennis,0.0222
Serena Williams,famous_for,Serena Williams is famous for,subject_all,1 2 3,6-20,name_lens,0, her tennis career., tennis,1,-5.9565,-5.8211,0.1354,-2.193,-2.269,-0.076,1,0, tennis,0.0097
Serena Williams,language,Serena Williams spoke the language of,subject_all,1 2 3,9-13,jspace,0," the world, and", world,1,-8.918,-8.8379,0.0801,-3.133,-3.2079,-0.075,2,1, court,0.0475
Serena Williams,language,Serena Williams spoke the language of,subject_all,1 2 3,9-13,jspace_keep_name,0," the world, and", world,1,-8.918,-8.7654,0.1526,-3.133,-3.1686,-0.0356,1,0, world,0.0646
Serena Williams,language,Serena Williams spoke the language of,subject_all,1 2 3,9-13,jspace_restore_rest,0," the world, and", world,1,-8.918,-9.0061,-0.088,-3.133,-3.0707,0.0623,1,0, world,0.0139
Serena Williams,language,Serena Williams spoke the language of,subject_all,1 2 3,9-13,name_lens,0," the world, and", world,1,-8.918,-8.969,-0.0509,-3.133,-3.1535,-0.0205,1,0, world,0.0052
Serena Williams,language,Serena Williams spoke the language of,subject_all,1 2 3,9-17,jspace,0," the world, and", world,1,-8.918,-9.0426,-0.1246,-3.133,-3.2947,-0.1617,2,1, court,0.0521
Serena Williams,language,Serena Williams spoke the language of,subject_all,1 2 3,9-17,jspace_keep_name,0," the world, and", world,1,-8.918,-8.8159,0.1021,-3.133,-3.2287,-0.0957,1,0, world,0.0949
Serena Williams,language,Serena Williams spoke the language of,subject_all,1 2 3,9-17,jspace_restore_rest,0," the world, and", world,1,-8.918,-9.0303,-0.1123,-3.133,-3.1429,-0.0099,1,0, world,0.0098
Serena Williams,language,Serena Williams spoke the language of,subject_all,1 2 3,9-17,name_lens,0," the world, and", world,1,-8.918,-8.9303,-0.0122,-3.133,-3.1144,0.0186,1,0, world,0.005
Serena Williams,language,Serena Williams spoke the language of,subject_all,1 2 3,6-20,jspace,0," the world, and", world,1,-8.918,-8.5231,0.3949,-3.133,-3.0791,0.0539,1,0, world,0.1821
Serena Williams,language,Serena Williams spoke the language of,subject_all,1 2 3,6-20,jspace_keep_name,0," the world, and", world,1,-8.918,-8.6922,0.2258,-3.133,-3.1429,-0.0099,1,0, world,0.3125
Serena Williams,language,Serena Williams spoke the language of,subject_all,1 2 3,6-20,jspace_restore_rest,0," the world, and", world,1,-8.918,-8.9778,-0.0598,-3.133,-3.0036,0.1294,1,0, world,0.0277
Serena Williams,language,Serena Williams spoke the language of,subject_all,1 2 3,6-20,name_lens,0," the world, and", world,1,-8.918,-8.9765,-0.0585,-3.133,-3.0668,0.0662,1,0, world,0.0134
Serena Williams,spouse,Serena Williams was married to,subject_all,1 2 3,9-13,jspace,0," a man named

", man,1,-7.9637,-8.4828,-0.5192,-2.0623,-2.201,-0.1388,1,0, man,0.2462
Serena Williams,spouse,Serena Williams was married to,subject_all,1 2 3,9-13,jspace_keep_name,0," a man named

", man,1,-7.9637,-8.6354,-0.6717,-2.0623,-2.314,-0.2518,2,1, former,0.2743
Serena Williams,spouse,Serena Williams was married to,subject_all,1 2 3,9-13,jspace_restore_rest,0," a man named

", man,1,-7.9637,-7.9884,-0.0247,-2.0623,-2.0794,-0.0171,1,0, man,0.1046
Serena Williams,spouse,Serena Williams was married to,subject_all,1 2 3,9-13,name_lens,0," a man named

", man,1,-7.9637,-7.9919,-0.0283,-2.0623,-2.0991,-0.0368,1,0, man,0.0403
Serena Williams,spouse,Serena Williams was married to,subject_all,1 2 3,9-17,jspace,0," a man named

", man,1,-7.9637,-8.9774,-1.0137,-2.0623,-2.154,-0.0918,1,0, man,0.3113
Serena Williams,spouse,Serena Williams was married to,subject_all,1 2 3,9-17,jspace_keep_name,0," a man named

", man,1,-7.9637,-8.3185,-0.3549,-2.0623,-2.2263,-0.1641,1,0, man,0.3876
Serena Williams,spouse,Serena Williams was married to,subject_all,1 2 3,9-17,jspace_restore_rest,0," a man named

", man,1,-7.9637,-7.8273,0.1364,-2.0623,-2.0962,-0.034,1,0, man,0.1206
Serena Williams,spouse,Serena Williams was married to,subject_all,1 2 3,9-17,name_lens,0," a man named

", man,1,-7.9637,-8.0534,-0.0897,-2.0623,-2.063,-0.0008,1,0, man,0.0424
Serena Williams,spouse,Serena Williams was married to,subject_all,1 2 3,6-20,jspace,0," a man named

", man,1,-7.9637,-7.8849,0.0788,-2.0623,-2.133,-0.0707,1,0, man,0.4719
Serena Williams,spouse,Serena Williams was married to,subject_all,1 2 3,6-20,jspace_keep_name,0," a man named

", man,1,-7.9637,-9.4922,-1.5285,-2.0623,-2.0924,-0.0301,1,0, man,0.5541
Serena Williams,spouse,Serena Williams was married to,subject_all,1 2 3,6-20,jspace_restore_rest,0," a man named

", man,1,-7.9637,-8.1982,-0.2345,-2.0623,-2.0366,0.0256,1,0, man,0.1419
Serena Williams,spouse,Serena Williams was married to,subject_all,1 2 3,6-20,name_lens,0," a man named

", man,1,-7.9637,-8.3745,-0.4108,-2.0623,-2.0936,-0.0314,1,0, man,0.0736
Serena Williams,education,Serena Williams studied at the University of,subject_all,1 2 3,9-13,jspace,0, Florida. She was, Florida,0,-6.5318,-7.5211,-0.9893,-1.7629,-2.0245,-0.2616,1,0, Florida,0.0582
Serena Williams,education,Serena Williams studied at the University of,subject_all,1 2 3,9-13,jspace_keep_name,0, Florida. She was, Florida,0,-6.5318,-7.6706,-1.1388,-1.7629,-2.1308,-0.3679,1,0, Florida,0.0807
Serena Williams,education,Serena Williams studied at the University of,subject_all,1 2 3,9-13,jspace_restore_rest,0, Florida. She was, Florida,0,-6.5318,-7.1488,-0.617,-1.7629,-2.1363,-0.3735,1,0, Florida,0.054
Serena Williams,education,Serena Williams studied at the University of,subject_all,1 2 3,9-13,name_lens,0, Florida. She was, Florida,0,-6.5318,-6.6819,-0.1501,-1.7629,-1.8743,-0.1115,1,0, Florida,0.0156
Serena Williams,education,Serena Williams studied at the University of,subject_all,1 2 3,9-17,jspace,0, Florida. She was, Florida,0,-6.5318,-7.9799,-1.4481,-1.7629,-2.4409,-0.678,1,0, Florida,0.1291
Serena Williams,education,Serena Williams studied at the University of,subject_all,1 2 3,9-17,jspace_keep_name,0, Florida. She was, Florida,0,-6.5318,-7.5415,-1.0097,-1.7629,-2.1146,-0.3517,1,0, Florida,0.1166
Serena Williams,education,Serena Williams studied at the University of,subject_all,1 2 3,9-17,jspace_restore_rest,0, Florida. She was, Florida,0,-6.5318,-6.9552,-0.4234,-1.7629,-1.9969,-0.2341,1,0, Florida,0.0408
Serena Williams,education,Serena Williams studied at the University of,subject_all,1 2 3,9-17,name_lens,0, Florida. She was, Florida,0,-6.5318,-6.639,-0.1072,-1.7629,-1.7995,-0.0366,1,0, Florida,0.0136
Serena Williams,education,Serena Williams studied at the University of,subject_all,1 2 3,6-20,jspace,0, Florida. She was, Florida,0,-6.5318,-8.4598,-1.928,-1.7629,-2.5134,-0.7505,2,1, California,0.2083
Serena Williams,education,Serena Williams studied at the University of,subject_all,1 2 3,6-20,jspace_keep_name,0, Florida. She was, Florida,0,-6.5318,-8.6626,-2.1308,-1.7629,-2.4301,-0.6672,1,0, Florida,0.1979
Serena Williams,education,Serena Williams studied at the University of,subject_all,1 2 3,6-20,jspace_restore_rest,0, Florida. She was, Florida,0,-6.5318,-7.3755,-0.8437,-1.7629,-2.1582,-0.3953,1,0, Florida,0.0804
Serena Williams,education,Serena Williams studied at the University of,subject_all,1 2 3,6-20,name_lens,0, Florida. She was, Florida,0,-6.5318,-6.9086,-0.3768,-1.7629,-1.9254,-0.1625,1,0, Florida,0.0321
Serena Williams,citizenship,Serena Williams was a citizen of,subject_all,1 2 3,9-13,jspace,0, the United States., United,1,-2.5869,-2.8691,-0.2822,-0.3393,-0.3709,-0.0316,1,0, United,0.05
Serena Williams,citizenship,Serena Williams was a citizen of,subject_all,1 2 3,9-13,jspace_keep_name,0, the United States., United,1,-2.5869,-2.9303,-0.3434,-0.3393,-0.3436,-0.0042,1,0, United,0.0726
Serena Williams,citizenship,Serena Williams was a citizen of,subject_all,1 2 3,9-13,jspace_restore_rest,0, the United States., United,1,-2.5869,-2.7914,-0.2045,-0.3393,-0.3758,-0.0365,1,0, United,0.0187
Serena Williams,citizenship,Serena Williams was a citizen of,subject_all,1 2 3,9-13,name_lens,0, the United States., United,1,-2.5869,-2.6634,-0.0765,-0.3393,-0.3638,-0.0245,1,0, United,0.0056
Serena Williams,citizenship,Serena Williams was a citizen of,subject_all,1 2 3,9-17,jspace,0, the United States., United,1,-2.5869,-2.8055,-0.2186,-0.3393,-0.294,0.0453,1,0, United,0.06
Serena Williams,citizenship,Serena Williams was a citizen of,subject_all,1 2 3,9-17,jspace_keep_name,0, the United States., United,1,-2.5869,-2.8504,-0.2635,-0.3393,-0.3174,0.0219,1,0, United,0.0912
Serena Williams,citizenship,Serena Williams was a citizen of,subject_all,1 2 3,9-17,jspace_restore_rest,0, the United States., United,1,-2.5869,-2.6662,-0.0793,-0.3393,-0.3461,-0.0068,1,0, United,0.0117
Serena Williams,citizenship,Serena Williams was a citizen of,subject_all,1 2 3,9-17,name_lens,0, the United States., United,1,-2.5869,-2.6155,-0.0286,-0.3393,-0.3386,0.0007,1,0, United,0.0054
Serena Williams,citizenship,Serena Williams was a citizen of,subject_all,1 2 3,6-20,jspace,0, the United States., United,1,-2.5869,-3.3342,-0.7473,-0.3393,-0.4516,-0.1123,1,0, United,0.1772
Serena Williams,citizenship,Serena Williams was a citizen of,subject_all,1 2 3,6-20,jspace_keep_name,0, the United States., United,1,-2.5869,-3.0826,-0.4957,-0.3393,-0.4231,-0.0837,1,0, United,0.1494
Serena Williams,citizenship,Serena Williams was a citizen of,subject_all,1 2 3,6-20,jspace_restore_rest,0, the United States., United,1,-2.5869,-2.7393,-0.1524,-0.3393,-0.3829,-0.0436,1,0, United,0.0437
Serena Williams,citizenship,Serena Williams was a citizen of,subject_all,1 2 3,6-20,name_lens,0, the United States., United,1,-2.5869,-2.5189,0.068,-0.3393,-0.3361,0.0032,1,0, United,0.011
Serena Williams,copy_first_name,The first name of Serena Williams is,subject_all,5 6,9-13,jspace,0, Serena. The second, Serena,0,-5.0883,-8.7474,-3.6591,-2.125,-5.7856,-3.6607,46,1,?,0.6967
Serena Williams,copy_first_name,The first name of Serena Williams is,subject_all,5 6,9-13,jspace_keep_name,0, Serena. The second, Serena,0,-5.0883,-7.3142,-2.226,-2.125,-4.3147,-2.1897,16,1,?,0.3776
Serena Williams,copy_first_name,The first name of Serena Williams is,subject_all,5 6,9-13,jspace_restore_rest,0, Serena. The second, Serena,0,-5.0883,-8.4948,-3.4066,-2.125,-5.538,-3.413,40,1,?,0.5775
Serena Williams,copy_first_name,The first name of Serena Williams is,subject_all,5 6,9-13,name_lens,0, Serena. The second, Serena,0,-5.0883,-7.711,-2.6228,-2.125,-4.6984,-2.5734,20,1,?,0.4141
Serena Williams,copy_first_name,The first name of Serena Williams is,subject_all,5 6,9-17,jspace,0, Serena. The second, Serena,0,-5.0883,-9.4584,-4.3701,-2.125,-6.4543,-4.3293,76,1,?,0.8116
Serena Williams,copy_first_name,The first name of Serena Williams is,subject_all,5 6,9-17,jspace_keep_name,0, Serena. The second, Serena,0,-5.0883,-9.265,-4.1768,-2.125,-6.2994,-4.1745,67,1,?,0.7862
Serena Williams,copy_first_name,The first name of Serena Williams is,subject_all,5 6,9-17,jspace_restore_rest,0, Serena. The second, Serena,0,-5.0883,-8.5654,-3.4771,-2.125,-5.5861,-3.4611,41,1,?,0.586
Serena Williams,copy_first_name,The first name of Serena Williams is,subject_all,5 6,9-17,name_lens,0, Serena. The second, Serena,0,-5.0883,-8.6524,-3.5641,-2.125,-5.6724,-3.5474,42,1,?,0.6005
Serena Williams,copy_first_name,The first name of Serena Williams is,subject_all,5 6,6-20,jspace,0, Serena. The second, Serena,0,-5.0883,-13.7895,-8.7013,-2.125,-10.5491,-8.4241,1090,1, ,1.9371
Serena Williams,copy_first_name,The first name of Serena Williams is,subject_all,5 6,6-20,jspace_keep_name,0, Serena. The second, Serena,0,-5.0883,-9.9876,-4.8993,-2.125,-6.9931,-4.8681,111,1," """,1.042
Serena Williams,copy_first_name,The first name of Serena Williams is,subject_all,5 6,6-20,jspace_restore_rest,0, Serena. The second, Serena,0,-5.0883,-10.3503,-5.2621,-2.125,-7.4775,-5.3525,144,1,?,0.955
Serena Williams,copy_first_name,The first name of Serena Williams is,subject_all,5 6,6-20,name_lens,0, Serena. The second, Serena,0,-5.0883,-10.5264,-5.4381,-2.125,-7.4662,-5.3413,151,1,?,0.9619
Serena Williams,copy_last_name,The last name of Serena Williams is,subject_all,5 6,9-13,jspace,0, Williams. The first, Williams,0,-6.0934,-10.479,-4.3856,-2.4675,-7.1188,-4.6513,131,1,?,0.3735
Serena Williams,copy_last_name,The last name of Serena Williams is,subject_all,5 6,9-13,jspace_keep_name,0, Williams. The first, Williams,0,-6.0934,-8.7872,-2.6938,-2.4675,-5.3246,-2.857,33,1, a,0.1976
Serena Williams,copy_last_name,The last name of Serena Williams is,subject_all,5 6,9-13,jspace_restore_rest,0, Williams. The first, Williams,0,-6.0934,-7.3625,-1.2691,-2.4675,-3.9468,-1.4792,11,1,?,0.0961
Serena Williams,copy_last_name,The last name of Serena Williams is,subject_all,5 6,9-13,name_lens,0, Williams. The first, Williams,0,-6.0934,-6.219,-0.1257,-2.4675,-2.771,-0.3034,1,0, Williams,0.0174
Serena Williams,copy_last_name,The last name of Serena Williams is,subject_all,5 6,9-17,jspace,0, Williams. The first, Williams,0,-6.0934,-11.4549,-5.3615,-2.4675,-7.8995,-5.432,234,1, what,0.4494
Serena Williams,copy_last_name,The last name of Serena Williams is,subject_all,5 6,9-17,jspace_keep_name,0, Williams. The first, Williams,0,-6.0934,-9.8309,-3.7376,-2.4675,-6.2708,-3.8032,70,1, a,0.2979
Serena Williams,copy_last_name,The last name of Serena Williams is,subject_all,5 6,9-17,jspace_restore_rest,0, Williams. The first, Williams,0,-6.0934,-7.3016,-1.2083,-2.4675,-3.8299,-1.3624,11,1,?,0.0833
Serena Williams,copy_last_name,The last name of Serena Williams is,subject_all,5 6,9-17,name_lens,0, Williams. The first, Williams,0,-6.0934,-6.3791,-0.2857,-2.4675,-2.9252,-0.4576,1,0, Williams,0.0262
Serena Williams,copy_last_name,The last name of Serena Williams is,subject_all,5 6,6-20,jspace,0, Williams. The first, Williams,0,-6.0934,-12.4986,-6.4053,-2.4675,-8.9564,-6.4889,516,1, not,0.6753
Serena Williams,copy_last_name,The last name of Serena Williams is,subject_all,5 6,6-20,jspace_keep_name,0, Williams. The first, Williams,0,-6.0934,-12.4695,-6.3761,-2.4675,-8.5183,-6.0507,329,1, not,0.6869
Serena Williams,copy_last_name,The last name of Serena Williams is,subject_all,5 6,6-20,jspace_restore_rest,0, Williams. The first, Williams,0,-6.0934,-9.482,-3.3887,-2.4675,-6.0621,-3.5945,63,1,?,0.2774
Serena Williams,copy_last_name,The last name of Serena Williams is,subject_all,5 6,6-20,name_lens,0, Williams. The first, Williams,0,-6.0934,-7.2944,-1.2011,-2.4675,-3.8035,-1.336,11,1,?,0.0944
Ludwig van Beethoven,birth_city,Ludwig van Beethoven was born in the city of,subject_all,1 2 3 4 5,9-13,jspace,0," Bonn, which is", Bonn,0,-3.3424,-3.5396,-0.1972,-0.1449,-0.4668,-0.3218,1,0, Bonn,0.1757
Ludwig van Beethoven,birth_city,Ludwig van Beethoven was born in the city of,subject_all,1 2 3 4 5,9-13,jspace_keep_name,0," Bonn, which is", Bonn,0,-3.3424,-3.6216,-0.2792,-0.1449,-0.3319,-0.1869,1,0, Bonn,0.0687
Ludwig van Beethoven,birth_city,Ludwig van Beethoven was born in the city of,subject_all,1 2 3 4 5,9-13,jspace_restore_rest,0," Bonn, which is", Bonn,0,-3.3424,-3.4189,-0.0765,-0.1449,-0.2358,-0.0909,1,0, Bonn,0.035
Ludwig van Beethoven,birth_city,Ludwig van Beethoven was born in the city of,subject_all,1 2 3 4 5,9-13,name_lens,0," Bonn, which is", Bonn,0,-3.3424,-3.5133,-0.1709,-0.1449,-0.3673,-0.2224,1,0, Bonn,0.1048
Ludwig van Beethoven,birth_city,Ludwig van Beethoven was born in the city of,subject_all,1 2 3 4 5,9-17,jspace,0," Bonn, which is", Bonn,0,-3.3424,-4.4223,-1.0799,-0.1449,-1.1314,-0.9864,1,0, Bonn,0.652
Ludwig van Beethoven,birth_city,Ludwig van Beethoven was born in the city of,subject_all,1 2 3 4 5,9-17,jspace_keep_name,0," Bonn, which is", Bonn,0,-3.3424,-3.9204,-0.578,-0.1449,-0.6307,-0.4858,1,0, Bonn,0.2743
Ludwig van Beethoven,birth_city,Ludwig van Beethoven was born in the city of,subject_all,1 2 3 4 5,9-17,jspace_restore_rest,0," Bonn, which is", Bonn,0,-3.3424,-3.6242,-0.2818,-0.1449,-0.405,-0.26,1,0, Bonn,0.1231
Ludwig van Beethoven,birth_city,Ludwig van Beethoven was born in the city of,subject_all,1 2 3 4 5,9-17,name_lens,0," Bonn, which is", Bonn,0,-3.3424,-3.6757,-0.3333,-0.1449,-0.4866,-0.3416,1,0, Bonn,0.1828
Ludwig van Beethoven,birth_city,Ludwig van Beethoven was born in the city of,subject_all,1 2 3 4 5,6-20,jspace,0," Bonn, which is", Bonn,0,-3.3424,-7.0148,-3.6724,-0.1449,-3.8569,-3.712,6,1,:,2.9794
Ludwig van Beethoven,birth_city,Ludwig van Beethoven was born in the city of,subject_all,1 2 3 4 5,6-20,jspace_keep_name,0," Bonn, which is", Bonn,0,-3.3424,-6.4468,-3.1044,-0.1449,-2.93,-2.785,2,1, ,2.22
Ludwig van Beethoven,birth_city,Ludwig van Beethoven was born in the city of,subject_all,1 2 3 4 5,6-20,jspace_restore_rest,0," Bonn, which is", Bonn,0,-3.3424,-4.4072,-1.0648,-0.1449,-1.1554,-1.0105,1,0, Bonn,0.7028
Ludwig van Beethoven,birth_city,Ludwig van Beethoven was born in the city of,subject_all,1 2 3 4 5,6-20,name_lens,0," Bonn, which is", Bonn,0,-3.3424,-3.8589,-0.5165,-0.1449,-0.6689,-0.524,1,0, Bonn,0.3099
Ludwig van Beethoven,birth_year,Ludwig van Beethoven was born in the year,subject_all,1 2 3 4 5,9-13,jspace,0, 1770.,177,1,-1.8645,-2.6776,-0.8131,-0.2544,-0.6102,-0.3558,1,0,177,0.017
Ludwig van Beethoven,birth_year,Ludwig van Beethoven was born in the year,subject_all,1 2 3 4 5,9-13,jspace_keep_name,0, 1770.,177,1,-1.8645,-2.0701,-0.2056,-0.2544,-0.4414,-0.187,1,0,177,0.0184
Ludwig van Beethoven,birth_year,Ludwig van Beethoven was born in the year,subject_all,1 2 3 4 5,9-13,jspace_restore_rest,0, 1770.,177,1,-1.8645,-1.9799,-0.1154,-0.2544,-0.3717,-0.1173,1,0,177,0.0026
Ludwig van Beethoven,birth_year,Ludwig van Beethoven was born in the year,subject_all,1 2 3 4 5,9-13,name_lens,0, 1770.,177,1,-1.8645,-2.4134,-0.5489,-0.2544,-0.5793,-0.3248,1,0,177,0.0024
Ludwig van Beethoven,birth_year,Ludwig van Beethoven was born in the year,subject_all,1 2 3 4 5,9-17,jspace,0, 1770.,177,1,-1.8645,-2.6389,-0.7744,-0.2544,-0.9864,-0.732,1,0,177,0.0123
Ludwig van Beethoven,birth_year,Ludwig van Beethoven was born in the year,subject_all,1 2 3 4 5,9-17,jspace_keep_name,0, 1770.,177,1,-1.8645,-2.288,-0.4234,-0.2544,-0.7338,-0.4793,1,0,177,0.021
Ludwig van Beethoven,birth_year,Ludwig van Beethoven was born in the year,subject_all,1 2 3 4 5,9-17,jspace_restore_rest,0, 1770.,177,1,-1.8645,-2.1746,-0.31,-0.2544,-0.4958,-0.2414,1,0,177,0.0045
Ludwig van Beethoven,birth_year,Ludwig van Beethoven was born in the year,subject_all,1 2 3 4 5,9-17,name_lens,0, 1770.,177,1,-1.8645,-3.0151,-1.1505,-0.2544,-0.8225,-0.568,1,0,177,0.0207
Ludwig van Beethoven,birth_year,Ludwig van Beethoven was born in the year,subject_all,1 2 3 4 5,6-20,jspace,0, 1770.,177,1,-1.8645,-4.4455,-2.581,-0.2544,-1.7812,-1.5267,2,1,176,0.1048
Ludwig van Beethoven,birth_year,Ludwig van Beethoven was born in the year,subject_all,1 2 3 4 5,6-20,jspace_keep_name,0, 1770.,177,1,-1.8645,-7.0283,-5.1637,-0.2544,-3.6544,-3.3999,4,1,176,0.0973
Ludwig van Beethoven,birth_year,Ludwig van Beethoven was born in the year,subject_all,1 2 3 4 5,6-20,jspace_restore_rest,0, 1770.,177,1,-1.8645,-2.8564,-0.9919,-0.2544,-0.9148,-0.6603,1,0,177,0.0447
Ludwig van Beethoven,birth_year,Ludwig van Beethoven was born in the year,subject_all,1 2 3 4 5,6-20,name_lens,0, 1770.,177,1,-1.8645,-3.5954,-1.7309,-0.2544,-1.1133,-0.8589,1,0,177,0.0644
Ludwig van Beethoven,birth_country,Ludwig van Beethoven was born in the country of,subject_all,1 2 3 4 5,9-13,jspace,0, Germany. The country, Germany,0,-6.5364,-6.249,0.2875,-0.9228,-0.7835,0.1393,1,0, Germany,0.0934
Ludwig van Beethoven,birth_country,Ludwig van Beethoven was born in the country of,subject_all,1 2 3 4 5,9-13,jspace_keep_name,0, Germany. The country, Germany,0,-6.5364,-6.3173,0.2191,-0.9228,-0.8817,0.0411,1,0, Germany,0.0371
Ludwig van Beethoven,birth_country,Ludwig van Beethoven was born in the country of,subject_all,1 2 3 4 5,9-13,jspace_restore_rest,0, Germany. The country, Germany,0,-6.5364,-6.1523,0.3841,-0.9228,-0.8451,0.0777,1,0, Germany,0.0204
Ludwig van Beethoven,birth_country,Ludwig van Beethoven was born in the country of,subject_all,1 2 3 4 5,9-13,name_lens,0, Germany. The country, Germany,0,-6.5364,-6.0128,0.5236,-0.9228,-0.8625,0.0603,1,0, Germany,0.0327
Ludwig van Beethoven,birth_country,Ludwig van Beethoven was born in the country of,subject_all,1 2 3 4 5,9-17,jspace,0, Germany. The country, Germany,0,-6.5364,-6.4887,0.0477,-0.9228,-0.9438,-0.021,1,0, Germany,0.1133
Ludwig van Beethoven,birth_country,Ludwig van Beethoven was born in the country of,subject_all,1 2 3 4 5,9-17,jspace_keep_name,0, Germany. The country, Germany,0,-6.5364,-6.468,0.0684,-0.9228,-0.7706,0.1522,1,0, Germany,0.0731
Ludwig van Beethoven,birth_country,Ludwig van Beethoven was born in the country of,subject_all,1 2 3 4 5,9-17,jspace_restore_rest,0, Germany. The country, Germany,0,-6.5364,-6.0311,0.5053,-0.9228,-0.8302,0.0925,1,0, Germany,0.0322
Ludwig van Beethoven,birth_country,Ludwig van Beethoven was born in the country of,subject_all,1 2 3 4 5,9-17,name_lens,0, Germany. The country, Germany,0,-6.5364,-6.0446,0.4918,-0.9228,-0.9105,0.0122,1,0, Germany,0.0618
Ludwig van Beethoven,birth_country,Ludwig van Beethoven was born in the country of,subject_all,1 2 3 4 5,6-20,jspace,0, Germany. The country, Germany,0,-6.5364,-8.0727,-1.5363,-0.9228,-1.6502,-0.7274,1,0, Germany,0.6048
Ludwig van Beethoven,birth_country,Ludwig van Beethoven was born in the country of,subject_all,1 2 3 4 5,6-20,jspace_keep_name,0, Germany. The country, Germany,0,-6.5364,-7.2877,-0.7513,-0.9228,-0.8039,0.1189,1,0, Germany,0.2722
Ludwig van Beethoven,birth_country,Ludwig van Beethoven was born in the country of,subject_all,1 2 3 4 5,6-20,jspace_restore_rest,0, Germany. The country, Germany,0,-6.5364,-6.1967,0.3397,-0.9228,-0.9998,-0.077,1,0, Germany,0.0962
Ludwig van Beethoven,birth_country,Ludwig van Beethoven was born in the country of,subject_all,1 2 3 4 5,6-20,name_lens,0, Germany. The country, Germany,0,-6.5364,-5.976,0.5604,-0.9228,-0.8713,0.0515,1,0, Germany,0.1414
Ludwig van Beethoven,death_year,Ludwig van Beethoven died in the year,subject_all,1 2 3 4 5,9-13,jspace,0, 1827.,182,1,-2.6909,-3.8937,-1.2028,-0.7357,-1.4913,-0.7556,1,0,182,0.0776
Ludwig van Beethoven,death_year,Ludwig van Beethoven died in the year,subject_all,1 2 3 4 5,9-13,jspace_keep_name,0, 1827.,182,1,-2.6909,-2.4616,0.2293,-0.7357,-0.6803,0.0554,1,0,182,0.0641
Ludwig van Beethoven,death_year,Ludwig van Beethoven died in the year,subject_all,1 2 3 4 5,9-13,jspace_restore_rest,0, 1827.,182,1,-2.6909,-3.1543,-0.4634,-0.7357,-1.1417,-0.406,1,0,182,0.0261
Ludwig van Beethoven,death_year,Ludwig van Beethoven died in the year,subject_all,1 2 3 4 5,9-13,name_lens,0, 1827.,182,1,-2.6909,-3.7559,-1.065,-0.7357,-1.4272,-0.6915,1,0,182,0.0124
Ludwig van Beethoven,death_year,Ludwig van Beethoven died in the year,subject_all,1 2 3 4 5,9-17,jspace,0, 1827.,182,1,-2.6909,-3.4119,-0.721,-0.7357,-1.1876,-0.452,1,0,182,0.0957
Ludwig van Beethoven,death_year,Ludwig van Beethoven died in the year,subject_all,1 2 3 4 5,9-17,jspace_keep_name,0, 1827.,182,1,-2.6909,-3.055,-0.3641,-0.7357,-1.065,-0.3294,1,0,182,0.0754
Ludwig van Beethoven,death_year,Ludwig van Beethoven died in the year,subject_all,1 2 3 4 5,9-17,jspace_restore_rest,0, 1827.,182,1,-2.6909,-3.4968,-0.8059,-0.7357,-1.3315,-0.5958,1,0,182,0.0206
Ludwig van Beethoven,death_year,Ludwig van Beethoven died in the year,subject_all,1 2 3 4 5,9-17,name_lens,0, 1827.,182,1,-2.6909,-4.064,-1.3731,-0.7357,-1.473,-0.7374,1,0,182,0.1198
Ludwig van Beethoven,death_year,Ludwig van Beethoven died in the year,subject_all,1 2 3 4 5,6-20,jspace,0, 1827.,182,1,-2.6909,-5.3169,-2.626,-0.7357,-1.98,-1.2444,1,0,182,0.3084
Ludwig van Beethoven,death_year,Ludwig van Beethoven died in the year,subject_all,1 2 3 4 5,6-20,jspace_keep_name,0, 1827.,182,1,-2.6909,-3.8939,-1.203,-0.7357,-2.1086,-1.373,1,0,182,0.1521
Ludwig van Beethoven,death_year,Ludwig van Beethoven died in the year,subject_all,1 2 3 4 5,6-20,jspace_restore_rest,0, 1827.,182,1,-2.6909,-4.9866,-2.2957,-0.7357,-2.0085,-1.2728,1,0,182,0.0515
Ludwig van Beethoven,death_year,Ludwig van Beethoven died in the year,subject_all,1 2 3 4 5,6-20,name_lens,0, 1827.,182,1,-2.6909,-4.5721,-1.8812,-0.7357,-1.77,-1.0344,1,0,182,0.1125
Ludwig van Beethoven,occupation,Ludwig van Beethoven worked as a,subject_all,1 2 3 4 5,9-13,jspace,0, music teacher in Vienna, music,0,-5.3801,-6.397,-1.0169,-2.5443,-2.3559,0.1884,1,0, music,0.1047
Ludwig van Beethoven,occupation,Ludwig van Beethoven worked as a,subject_all,1 2 3 4 5,9-13,jspace_keep_name,0, music teacher in Vienna, music,0,-5.3801,-5.002,0.3781,-2.5443,-2.2457,0.2986,1,0, music,0.049
Ludwig van Beethoven,occupation,Ludwig van Beethoven worked as a,subject_all,1 2 3 4 5,9-13,jspace_restore_rest,0, music teacher in Vienna, music,0,-5.3801,-5.762,-0.3819,-2.5443,-2.5184,0.0259,1,0, music,0.0427
Ludwig van Beethoven,occupation,Ludwig van Beethoven worked as a,subject_all,1 2 3 4 5,9-13,name_lens,0, music teacher in Vienna, music,0,-5.3801,-6.1713,-0.7912,-2.5443,-2.4439,0.1004,1,0, music,0.0769
Ludwig van Beethoven,occupation,Ludwig van Beethoven worked as a,subject_all,1 2 3 4 5,9-17,jspace,0, music teacher in Vienna, music,0,-5.3801,-6.2007,-0.8206,-2.5443,-2.4724,0.0719,1,0, music,0.0697
Ludwig van Beethoven,occupation,Ludwig van Beethoven worked as a,subject_all,1 2 3 4 5,9-17,jspace_keep_name,0, music teacher in Vienna, music,0,-5.3801,-5.4504,-0.0703,-2.5443,-2.3296,0.2147,1,0, music,0.0675
Ludwig van Beethoven,occupation,Ludwig van Beethoven worked as a,subject_all,1 2 3 4 5,9-17,jspace_restore_rest,0, music teacher in Vienna, music,0,-5.3801,-6.2247,-0.8446,-2.5443,-2.6563,-0.112,2,1, violin,0.0542
Ludwig van Beethoven,occupation,Ludwig van Beethoven worked as a,subject_all,1 2 3 4 5,9-17,name_lens,0, music teacher in Vienna, music,0,-5.3801,-6.3204,-0.9403,-2.5443,-2.4455,0.0988,1,0, music,0.1019
Ludwig van Beethoven,occupation,Ludwig van Beethoven worked as a,subject_all,1 2 3 4 5,6-20,jspace,0, music teacher in Vienna, music,0,-5.3801,-6.9675,-1.5874,-2.5443,-2.5168,0.0275,2,1, musician,0.2734
Ludwig van Beethoven,occupation,Ludwig van Beethoven worked as a,subject_all,1 2 3 4 5,6-20,jspace_keep_name,0, music teacher in Vienna, music,0,-5.3801,-6.338,-0.9579,-2.5443,-2.0298,0.5145,1,0, music,0.2365
Ludwig van Beethoven,occupation,Ludwig van Beethoven worked as a,subject_all,1 2 3 4 5,6-20,jspace_restore_rest,0, music teacher in Vienna, music,0,-5.3801,-6.84,-1.4599,-2.5443,-2.6103,-0.066,2,1, violin,0.1067
Ludwig van Beethoven,occupation,Ludwig van Beethoven worked as a,subject_all,1 2 3 4 5,6-20,name_lens,0, music teacher in Vienna, music,0,-5.3801,-6.4787,-1.0986,-2.5443,-2.4239,0.1204,1,0, music,0.1154
Ludwig van Beethoven,profession_of,The profession of Ludwig van Beethoven was,subject_all,4 5 6,9-13,jspace,0, a composer. The, composer,1,-7.7104,-7.9751,-0.2647,-2.4021,-2.639,-0.2369,1,0, composer,0.0239
Ludwig van Beethoven,profession_of,The profession of Ludwig van Beethoven was,subject_all,4 5 6,9-13,jspace_keep_name,0, a composer. The, composer,1,-7.7104,-7.4065,0.3039,-2.4021,-2.2567,0.1454,1,0, composer,0.0115
Ludwig van Beethoven,profession_of,The profession of Ludwig van Beethoven was,subject_all,4 5 6,9-13,jspace_restore_rest,0, a composer. The, composer,1,-7.7104,-7.8116,-0.1013,-2.4021,-2.4191,-0.017,1,0, composer,0.009
Ludwig van Beethoven,profession_of,The profession of Ludwig van Beethoven was,subject_all,4 5 6,9-13,name_lens,0, a composer. The, composer,1,-7.7104,-7.8377,-0.1274,-2.4021,-2.4421,-0.0401,1,0, composer,0.0104
Ludwig van Beethoven,profession_of,The profession of Ludwig van Beethoven was,subject_all,4 5 6,9-17,jspace,0, a composer. The, composer,1,-7.7104,-8.5544,-0.844,-2.4021,-2.892,-0.4899,3,1, musician,0.0609
Ludwig van Beethoven,profession_of,The profession of Ludwig van Beethoven was,subject_all,4 5 6,9-17,jspace_keep_name,0, a composer. The, composer,1,-7.7104,-7.6312,0.0792,-2.4021,-2.4024,-0.0004,1,0, composer,0.023
Ludwig van Beethoven,profession_of,The profession of Ludwig van Beethoven was,subject_all,4 5 6,9-17,jspace_restore_rest,0, a composer. The, composer,1,-7.7104,-7.9111,-0.2008,-2.4021,-2.5036,-0.1016,1,0, composer,0.0084
Ludwig van Beethoven,profession_of,The profession of Ludwig van Beethoven was,subject_all,4 5 6,9-17,name_lens,0, a composer. The, composer,1,-7.7104,-7.9833,-0.273,-2.4021,-2.5226,-0.1205,1,0, composer,0.0143
Ludwig van Beethoven,profession_of,The profession of Ludwig van Beethoven was,subject_all,4 5 6,6-20,jspace,0, a composer. The, composer,1,-7.7104,-8.1352,-0.4249,-2.4021,-2.9098,-0.5078,3,1, musician,0.169
Ludwig van Beethoven,profession_of,The profession of Ludwig van Beethoven was,subject_all,4 5 6,6-20,jspace_keep_name,0, a composer. The, composer,1,-7.7104,-6.6138,1.0966,-2.4021,-2.0533,0.3487,1,0, composer,0.1293
Ludwig van Beethoven,profession_of,The profession of Ludwig van Beethoven was,subject_all,4 5 6,6-20,jspace_restore_rest,0, a composer. The, composer,1,-7.7104,-7.9477,-0.2373,-2.4021,-2.6068,-0.2048,1,0, composer,0.0215
Ludwig van Beethoven,profession_of,The profession of Ludwig van Beethoven was,subject_all,4 5 6,6-20,name_lens,0, a composer. The, composer,1,-7.7104,-8.207,-0.4967,-2.4021,-2.781,-0.379,2,1, musician,0.0405
Ludwig van Beethoven,instrument,Ludwig van Beethoven played the,subject_all,1 2 3 4 5,9-13,jspace,0, piano. The piano, piano,0,-5.968,-5.8377,0.1304,-0.3678,-0.3703,-0.0025,1,0, piano,0.0243
Ludwig van Beethoven,instrument,Ludwig van Beethoven played the,subject_all,1 2 3 4 5,9-13,jspace_keep_name,0, piano. The piano, piano,0,-5.968,-6.1098,-0.1418,-0.3678,-0.3417,0.0261,1,0, piano,0.0117
Ludwig van Beethoven,instrument,Ludwig van Beethoven played the,subject_all,1 2 3 4 5,9-13,jspace_restore_rest,0, piano. The piano, piano,0,-5.968,-5.939,0.0291,-0.3678,-0.4223,-0.0545,1,0, piano,0.0085
Ludwig van Beethoven,instrument,Ludwig van Beethoven played the,subject_all,1 2 3 4 5,9-13,name_lens,0, piano. The piano, piano,0,-5.968,-6.0358,-0.0678,-0.3678,-0.4457,-0.078,1,0, piano,0.013
Ludwig van Beethoven,instrument,Ludwig van Beethoven played the,subject_all,1 2 3 4 5,9-17,jspace,0, piano. The piano, piano,0,-5.968,-6.352,-0.384,-0.3678,-0.4396,-0.0718,1,0, piano,0.0249
Ludwig van Beethoven,instrument,Ludwig van Beethoven played the,subject_all,1 2 3 4 5,9-17,jspace_keep_name,0, piano. The piano, piano,0,-5.968,-6.0945,-0.1265,-0.3678,-0.2967,0.071,1,0, piano,0.027
Ludwig van Beethoven,instrument,Ludwig van Beethoven played the,subject_all,1 2 3 4 5,9-17,jspace_restore_rest,0, piano. The piano, piano,0,-5.968,-5.9261,0.0419,-0.3678,-0.4204,-0.0526,1,0, piano,0.0102
Ludwig van Beethoven,instrument,Ludwig van Beethoven played the,subject_all,1 2 3 4 5,9-17,name_lens,0, piano. The piano, piano,0,-5.968,-5.9225,0.0455,-0.3678,-0.4361,-0.0683,1,0, piano,0.0148
Ludwig van Beethoven,instrument,Ludwig van Beethoven played the,subject_all,1 2 3 4 5,6-20,jspace,0, piano. The piano, piano,0,-5.968,-6.7614,-0.7934,-0.3678,-0.7755,-0.4077,1,0, piano,0.145
Ludwig van Beethoven,instrument,Ludwig van Beethoven played the,subject_all,1 2 3 4 5,6-20,jspace_keep_name,0, piano. The piano, piano,0,-5.968,-7.3006,-1.3326,-0.3678,-0.8514,-0.4837,1,0, piano,0.23
Ludwig van Beethoven,instrument,Ludwig van Beethoven played the,subject_all,1 2 3 4 5,6-20,jspace_restore_rest,0, piano. The piano, piano,0,-5.968,-6.1813,-0.2133,-0.3678,-0.5056,-0.1378,1,0, piano,0.0299
Ludwig van Beethoven,instrument,Ludwig van Beethoven played the,subject_all,1 2 3 4 5,6-20,name_lens,0, piano. The piano, piano,0,-5.968,-6.0456,-0.0776,-0.3678,-0.4983,-0.1305,1,0, piano,0.0273
Ludwig van Beethoven,famous_for,Ludwig van Beethoven is famous for,subject_all,1 2 3 4 5,9-13,jspace,0, his symphonies, sym,1,-1.8599,-2.219,-0.3591,-0.8246,-1.101,-0.2765,1,0, sym,0.0209
Ludwig van Beethoven,famous_for,Ludwig van Beethoven is famous for,subject_all,1 2 3 4 5,9-13,jspace_keep_name,0, his symphonies, sym,1,-1.8599,-2.0837,-0.2238,-0.8246,-1.0653,-0.2407,1,0, sym,0.0129
Ludwig van Beethoven,famous_for,Ludwig van Beethoven is famous for,subject_all,1 2 3 4 5,9-13,jspace_restore_rest,0, his symphonies, sym,1,-1.8599,-1.8638,-0.0039,-0.8246,-0.7821,0.0425,1,0, sym,0.0038
Ludwig van Beethoven,famous_for,Ludwig van Beethoven is famous for,subject_all,1 2 3 4 5,9-13,name_lens,0, his symphonies, sym,1,-1.8599,-2.0301,-0.1702,-0.8246,-0.9314,-0.1069,1,0, sym,0.0079
Ludwig van Beethoven,famous_for,Ludwig van Beethoven is famous for,subject_all,1 2 3 4 5,9-17,jspace,0, his symphonies, sym,1,-1.8599,-2.2016,-0.3417,-0.8246,-1.0016,-0.177,1,0, sym,0.0216
Ludwig van Beethoven,famous_for,Ludwig van Beethoven is famous for,subject_all,1 2 3 4 5,9-17,jspace_keep_name,0, his symphonies, sym,1,-1.8599,-2.2859,-0.426,-0.8246,-1.1757,-0.3511,1,0, sym,0.0186
Ludwig van Beethoven,famous_for,Ludwig van Beethoven is famous for,subject_all,1 2 3 4 5,9-17,jspace_restore_rest,0, his symphonies, sym,1,-1.8599,-1.9152,-0.0553,-0.8246,-0.8076,0.0169,1,0, sym,0.007
Ludwig van Beethoven,famous_for,Ludwig van Beethoven is famous for,subject_all,1 2 3 4 5,9-17,name_lens,0, his symphonies, sym,1,-1.8599,-2.0884,-0.2285,-0.8246,-0.9586,-0.134,1,0, sym,0.0236
Ludwig van Beethoven,famous_for,Ludwig van Beethoven is famous for,subject_all,1 2 3 4 5,6-20,jspace,0, his symphonies, sym,1,-1.8599,-2.8614,-1.0015,-0.8246,-1.4779,-0.6534,1,0, sym,0.1487
Ludwig van Beethoven,famous_for,Ludwig van Beethoven is famous for,subject_all,1 2 3 4 5,6-20,jspace_keep_name,0, his symphonies, sym,1,-1.8599,-2.5158,-0.6559,-0.8246,-1.3752,-0.5506,1,0, sym,0.0899
Ludwig van Beethoven,famous_for,Ludwig van Beethoven is famous for,subject_all,1 2 3 4 5,6-20,jspace_restore_rest,0, his symphonies, sym,1,-1.8599,-1.9912,-0.1314,-0.8246,-0.863,-0.0384,1,0, sym,0.0274
Ludwig van Beethoven,famous_for,Ludwig van Beethoven is famous for,subject_all,1 2 3 4 5,6-20,name_lens,0, his symphonies, sym,1,-1.8599,-2.2393,-0.3795,-0.8246,-1.0512,-0.2266,1,0, sym,0.0364
Ludwig van Beethoven,language,Ludwig van Beethoven spoke the language of,subject_all,1 2 3 4 5,9-13,jspace,0, the 19th,19,2,-5.8415,-5.7066,0.1349,-1.5511,-1.5131,0.038,1,0,19,0.0624
Ludwig van Beethoven,language,Ludwig van Beethoven spoke the language of,subject_all,1 2 3 4 5,9-13,jspace_keep_name,0, the 19th,19,2,-5.8415,-5.7936,0.0479,-1.5511,-1.5485,0.0026,1,0,19,0.0246
Ludwig van Beethoven,language,Ludwig van Beethoven spoke the language of,subject_all,1 2 3 4 5,9-13,jspace_restore_rest,0, the 19th,19,2,-5.8415,-5.7009,0.1406,-1.5511,-1.5101,0.041,1,0,19,0.0156
Ludwig van Beethoven,language,Ludwig van Beethoven spoke the language of,subject_all,1 2 3 4 5,9-13,name_lens,0, the 19th,19,2,-5.8415,-5.8267,0.0148,-1.5511,-1.5089,0.0421,1,0,19,0.0252
Ludwig van Beethoven,language,Ludwig van Beethoven spoke the language of,subject_all,1 2 3 4 5,9-17,jspace,0, the 19th,19,2,-5.8415,-5.4964,0.3451,-1.5511,-1.4798,0.0713,1,0,19,0.0573
Ludwig van Beethoven,language,Ludwig van Beethoven spoke the language of,subject_all,1 2 3 4 5,9-17,jspace_keep_name,0, the 19th,19,2,-5.8415,-5.9754,-0.1339,-1.5511,-1.6755,-0.1244,1,0,19,0.0402
Ludwig van Beethoven,language,Ludwig van Beethoven spoke the language of,subject_all,1 2 3 4 5,9-17,jspace_restore_rest,0, the 19th,19,2,-5.8415,-5.7213,0.1202,-1.5511,-1.4931,0.058,1,0,19,0.0238
Ludwig van Beethoven,language,Ludwig van Beethoven spoke the language of,subject_all,1 2 3 4 5,9-17,name_lens,0, the 19th,19,2,-5.8415,-5.8332,0.0084,-1.5511,-1.5213,0.0297,1,0,19,0.0421
Ludwig van Beethoven,language,Ludwig van Beethoven spoke the language of,subject_all,1 2 3 4 5,6-20,jspace,0, the 19th,19,2,-5.8415,-6.8926,-1.0511,-1.5511,-1.9253,-0.3743,1,0,19,0.2435
Ludwig van Beethoven,language,Ludwig van Beethoven spoke the language of,subject_all,1 2 3 4 5,6-20,jspace_keep_name,0, the 19th,19,2,-5.8415,-5.9139,-0.0723,-1.5511,-1.8453,-0.2942,1,0,19,0.165
Ludwig van Beethoven,language,Ludwig van Beethoven spoke the language of,subject_all,1 2 3 4 5,6-20,jspace_restore_rest,0, the 19th,19,2,-5.8415,-5.9302,-0.0886,-1.5511,-1.4264,0.1246,1,0,19,0.08
Ludwig van Beethoven,language,Ludwig van Beethoven spoke the language of,subject_all,1 2 3 4 5,6-20,name_lens,0, the 19th,19,2,-5.8415,-5.7391,0.1024,-1.5511,-1.3832,0.1679,1,0,19,0.054
Ludwig van Beethoven,spouse,Ludwig van Beethoven was married to,subject_all,1 2 3 4 5,9-13,jspace,0, a woman named Anna, woman,1,-3.1412,-4.8982,-1.757,-0.5907,-0.6065,-0.0158,1,0, woman,0.3575
Ludwig van Beethoven,spouse,Ludwig van Beethoven was married to,subject_all,1 2 3 4 5,9-13,jspace_keep_name,0, a woman named Anna, woman,1,-3.1412,-3.5385,-0.3973,-0.5907,-0.645,-0.0543,1,0, woman,0.072
Ludwig van Beethoven,spouse,Ludwig van Beethoven was married to,subject_all,1 2 3 4 5,9-13,jspace_restore_rest,0, a woman named Anna, woman,1,-3.1412,-4.1243,-0.983,-0.5907,-0.591,-0.0002,1,0, woman,0.1017
Ludwig van Beethoven,spouse,Ludwig van Beethoven was married to,subject_all,1 2 3 4 5,9-13,name_lens,0, a woman named Anna, woman,1,-3.1412,-4.5544,-1.4132,-0.5907,-0.589,0.0017,1,0, woman,0.1608
Ludwig van Beethoven,spouse,Ludwig van Beethoven was married to,subject_all,1 2 3 4 5,9-17,jspace,0, a woman named Anna, woman,1,-3.1412,-5.5139,-2.3727,-0.5907,-0.7508,-0.1601,1,0, woman,0.3471
Ludwig van Beethoven,spouse,Ludwig van Beethoven was married to,subject_all,1 2 3 4 5,9-17,jspace_keep_name,0, a woman named Anna, woman,1,-3.1412,-3.4016,-0.2604,-0.5907,-0.6913,-0.1006,1,0, woman,0.1765
Ludwig van Beethoven,spouse,Ludwig van Beethoven was married to,subject_all,1 2 3 4 5,9-17,jspace_restore_rest,0, a woman named Anna, woman,1,-3.1412,-4.4613,-1.3201,-0.5907,-0.6012,-0.0105,1,0, woman,0.1441
Ludwig van Beethoven,spouse,Ludwig van Beethoven was married to,subject_all,1 2 3 4 5,9-17,name_lens,0, a woman named Anna, woman,1,-3.1412,-4.5668,-1.4256,-0.5907,-0.6222,-0.0314,1,0, woman,0.1886
Ludwig van Beethoven,spouse,Ludwig van Beethoven was married to,subject_all,1 2 3 4 5,6-20,jspace,0, a woman named Anna, woman,1,-3.1412,-4.4608,-1.3196,-0.5907,-0.5381,0.0526,1,0, woman,0.5232
Ludwig van Beethoven,spouse,Ludwig van Beethoven was married to,subject_all,1 2 3 4 5,6-20,jspace_keep_name,0, a woman named Anna, woman,1,-3.1412,-4.5243,-1.3831,-0.5907,-0.8759,-0.2852,1,0, woman,0.6509
Ludwig van Beethoven,spouse,Ludwig van Beethoven was married to,subject_all,1 2 3 4 5,6-20,jspace_restore_rest,0, a woman named Anna, woman,1,-3.1412,-5.6444,-2.5032,-0.5907,-0.5311,0.0597,1,0, woman,0.3684
Ludwig van Beethoven,spouse,Ludwig van Beethoven was married to,subject_all,1 2 3 4 5,6-20,name_lens,0, a woman named Anna, woman,1,-3.1412,-5.0181,-1.8769,-0.5907,-0.5289,0.0618,1,0, woman,0.2821
Ludwig van Beethoven,education,Ludwig van Beethoven studied at the University of,subject_all,1 2 3 4 5,9-13,jspace,0," Vienna, where he", Vienna,0,-4.5446,-5.5128,-0.9683,-1.8179,-2.3493,-0.5314,1,0, Vienna,0.0949
Ludwig van Beethoven,education,Ludwig van Beethoven studied at the University of,subject_all,1 2 3 4 5,9-13,jspace_keep_name,0," Vienna, where he", Vienna,0,-4.5446,-4.9697,-0.4251,-1.8179,-1.8846,-0.0668,1,0, Vienna,0.0331
Ludwig van Beethoven,education,Ludwig van Beethoven studied at the University of,subject_all,1 2 3 4 5,9-13,jspace_restore_rest,0," Vienna, where he", Vienna,0,-4.5446,-4.8575,-0.3129,-1.8179,-2.0605,-0.2427,1,0, Vienna,0.0397
Ludwig van Beethoven,education,Ludwig van Beethoven studied at the University of,subject_all,1 2 3 4 5,9-13,name_lens,0," Vienna, where he", Vienna,0,-4.5446,-4.9193,-0.3748,-1.8179,-2.1605,-0.3427,1,0, Vienna,0.067
Ludwig van Beethoven,education,Ludwig van Beethoven studied at the University of,subject_all,1 2 3 4 5,9-17,jspace,0," Vienna, where he", Vienna,0,-4.5446,-5.4028,-0.8582,-1.8179,-2.218,-0.4001,1,0, Vienna,0.0909
Ludwig van Beethoven,education,Ludwig van Beethoven studied at the University of,subject_all,1 2 3 4 5,9-17,jspace_keep_name,0," Vienna, where he", Vienna,0,-4.5446,-4.9218,-0.3772,-1.8179,-1.6927,0.1252,1,0, Vienna,0.0705
Ludwig van Beethoven,education,Ludwig van Beethoven studied at the University of,subject_all,1 2 3 4 5,9-17,jspace_restore_rest,0," Vienna, where he", Vienna,0,-4.5446,-4.9475,-0.4029,-1.8179,-2.1361,-0.3182,1,0, Vienna,0.0717
Ludwig van Beethoven,education,Ludwig van Beethoven studied at the University of,subject_all,1 2 3 4 5,9-17,name_lens,0," Vienna, where he", Vienna,0,-4.5446,-4.9384,-0.3938,-1.8179,-2.1372,-0.3194,1,0, Vienna,0.0813
Ludwig van Beethoven,education,Ludwig van Beethoven studied at the University of,subject_all,1 2 3 4 5,6-20,jspace,0," Vienna, where he", Vienna,0,-4.5446,-6.4646,-1.9201,-1.8179,-2.7064,-0.8886,1,1, Music,0.448
Ludwig van Beethoven,education,Ludwig van Beethoven studied at the University of,subject_all,1 2 3 4 5,6-20,jspace_keep_name,0," Vienna, where he", Vienna,0,-4.5446,-5.071,-0.5264,-1.8179,-1.5125,0.3054,1,0, Vienna,0.2053
Ludwig van Beethoven,education,Ludwig van Beethoven studied at the University of,subject_all,1 2 3 4 5,6-20,jspace_restore_rest,0," Vienna, where he", Vienna,0,-4.5446,-5.0626,-0.518,-1.8179,-2.2176,-0.3997,1,0, Vienna,0.0937
Ludwig van Beethoven,education,Ludwig van Beethoven studied at the University of,subject_all,1 2 3 4 5,6-20,name_lens,0," Vienna, where he", Vienna,0,-4.5446,-4.9531,-0.4085,-1.8179,-2.1482,-0.3303,1,0, Vienna,0.0864
Ludwig van Beethoven,citizenship,Ludwig van Beethoven was a citizen of,subject_all,1 2 3 4 5,9-13,jspace,0, the Holy Roman Empire, Holy,1,-3.4953,-3.9101,-0.4147,-1.9288,-2.3047,-0.3758,1,1, Kingdom,0.0814
Ludwig van Beethoven,citizenship,Ludwig van Beethoven was a citizen of,subject_all,1 2 3 4 5,9-13,jspace_keep_name,0, the Holy Roman Empire, Holy,1,-3.4953,-4.1495,-0.6541,-1.9288,-2.4544,-0.5256,3,1, Kingdom,0.0519
Ludwig van Beethoven,citizenship,Ludwig van Beethoven was a citizen of,subject_all,1 2 3 4 5,9-13,jspace_restore_rest,0, the Holy Roman Empire, Holy,1,-3.4953,-3.4163,0.079,-1.9288,-1.8324,0.0965,1,0, Holy,0.0105
Ludwig van Beethoven,citizenship,Ludwig van Beethoven was a citizen of,subject_all,1 2 3 4 5,9-13,name_lens,0, the Holy Roman Empire, Holy,1,-3.4953,-3.3831,0.1123,-1.9288,-1.7963,0.1325,1,0, Holy,0.0165
Ludwig van Beethoven,citizenship,Ludwig van Beethoven was a citizen of,subject_all,1 2 3 4 5,9-17,jspace,0, the Holy Roman Empire, Holy,1,-3.4953,-4.0872,-0.5918,-1.9288,-2.326,-0.3972,1,1, German,0.0998
Ludwig van Beethoven,citizenship,Ludwig van Beethoven was a citizen of,subject_all,1 2 3 4 5,9-17,jspace_keep_name,0, the Holy Roman Empire, Holy,1,-3.4953,-3.8242,-0.3289,-1.9288,-2.2522,-0.3234,1,0, Holy,0.0731
Ludwig van Beethoven,citizenship,Ludwig van Beethoven was a citizen of,subject_all,1 2 3 4 5,9-17,jspace_restore_rest,0, the Holy Roman Empire, Holy,1,-3.4953,-3.5185,-0.0231,-1.9288,-1.9255,0.0033,1,0, Holy,0.0168
Ludwig van Beethoven,citizenship,Ludwig van Beethoven was a citizen of,subject_all,1 2 3 4 5,9-17,name_lens,0, the Holy Roman Empire, Holy,1,-3.4953,-3.29,0.2054,-1.9288,-1.7415,0.1873,1,0, Holy,0.0541
Ludwig van Beethoven,citizenship,Ludwig van Beethoven was a citizen of,subject_all,1 2 3 4 5,6-20,jspace,0, the Holy Roman Empire, Holy,1,-3.4953,-5.5441,-2.0487,-1.9288,-3.7291,-1.8002,9,1, United,0.4877
Ludwig van Beethoven,citizenship,Ludwig van Beethoven was a citizen of,subject_all,1 2 3 4 5,6-20,jspace_keep_name,0, the Holy Roman Empire, Holy,1,-3.4953,-4.5594,-1.0641,-1.9288,-2.6083,-0.6795,3,1, city,0.234
Ludwig van Beethoven,citizenship,Ludwig van Beethoven was a citizen of,subject_all,1 2 3 4 5,6-20,jspace_restore_rest,0, the Holy Roman Empire, Holy,1,-3.4953,-4.1407,-0.6454,-1.9288,-2.2722,-0.3434,1,1, country,0.0793
Ludwig van Beethoven,citizenship,Ludwig van Beethoven was a citizen of,subject_all,1 2 3 4 5,6-20,name_lens,0, the Holy Roman Empire, Holy,1,-3.4953,-3.9284,-0.433,-1.9288,-2.0844,-0.1556,1,0, Holy,0.0936
Ludwig van Beethoven,copy_first_name,The first name of Ludwig van Beethoven is,subject_all,5 6 7,9-13,jspace,0, Ludwig. The second, Ludwig,0,-4.3986,-6.852,-2.4534,-1.5516,-3.9224,-2.3708,10,1," """,0.4189
Ludwig van Beethoven,copy_first_name,The first name of Ludwig van Beethoven is,subject_all,5 6 7,9-13,jspace_keep_name,0, Ludwig. The second, Ludwig,0,-4.3986,-4.5879,-0.1892,-1.5516,-1.7349,-0.1833,1,0, Ludwig,0.0389
Ludwig van Beethoven,copy_first_name,The first name of Ludwig van Beethoven is,subject_all,5 6 7,9-13,jspace_restore_rest,0, Ludwig. The second, Ludwig,0,-4.3986,-5.2861,-0.8875,-1.5516,-2.3756,-0.824,1,0, Ludwig,0.0895
Ludwig van Beethoven,copy_first_name,The first name of Ludwig van Beethoven is,subject_all,5 6 7,9-13,name_lens,0, Ludwig. The second, Ludwig,0,-4.3986,-5.1872,-0.7885,-1.5516,-2.2909,-0.7393,1,0, Ludwig,0.0864
Ludwig van Beethoven,copy_first_name,The first name of Ludwig van Beethoven is,subject_all,5 6 7,9-17,jspace,0, Ludwig. The second, Ludwig,0,-4.3986,-7.4296,-3.0309,-1.5516,-4.5511,-2.9995,18,1,?,0.555
Ludwig van Beethoven,copy_first_name,The first name of Ludwig van Beethoven is,subject_all,5 6 7,9-17,jspace_keep_name,0, Ludwig. The second, Ludwig,0,-4.3986,-6.4033,-2.0047,-1.5516,-3.4938,-1.9422,7,1," """,0.2971
Ludwig van Beethoven,copy_first_name,The first name of Ludwig van Beethoven is,subject_all,5 6 7,9-17,jspace_restore_rest,0, Ludwig. The second, Ludwig,0,-4.3986,-6.3363,-1.9377,-1.5516,-3.3809,-1.8293,4,1," """,0.259
Ludwig van Beethoven,copy_first_name,The first name of Ludwig van Beethoven is,subject_all,5 6 7,9-17,name_lens,0, Ludwig. The second, Ludwig,0,-4.3986,-6.2475,-1.8489,-1.5516,-3.3069,-1.7553,4,1,?,0.2645
Ludwig van Beethoven,copy_first_name,The first name of Ludwig van Beethoven is,subject_all,5 6 7,6-20,jspace,0, Ludwig. The second, Ludwig,0,-4.3986,-12.1251,-7.7265,-1.5516,-9.1045,-7.5529,525,1,"
",1.779
Ludwig van Beethoven,copy_first_name,The first name of Ludwig van Beethoven is,subject_all,5 6 7,6-20,jspace_keep_name,0, Ludwig. The second, Ludwig,0,-4.3986,-11.1606,-6.7619,-1.5516,-7.9744,-6.4228,226,1," """,1.4659
Ludwig van Beethoven,copy_first_name,The first name of Ludwig van Beethoven is,subject_all,5 6 7,6-20,jspace_restore_rest,0, Ludwig. The second, Ludwig,0,-4.3986,-8.9263,-4.5277,-1.5516,-6.1617,-4.6101,59,1,?,0.8926
Ludwig van Beethoven,copy_first_name,The first name of Ludwig van Beethoven is,subject_all,5 6 7,6-20,name_lens,0, Ludwig. The second, Ludwig,0,-4.3986,-9.5533,-5.1547,-1.5516,-6.6432,-5.0916,91,1,?,1.0127
Ludwig van Beethoven,copy_last_name,The last name of Ludwig van Beethoven is,subject_all,5 6 7,9-13,jspace,0," ""Beethoven"".",Be,1,-4.207,-6.0087,-1.8017,-0.1327,-1.4385,-1.3059,1,0,Be,0.0811
Ludwig van Beethoven,copy_last_name,The last name of Ludwig van Beethoven is,subject_all,5 6 7,9-13,jspace_keep_name,0," ""Beethoven"".",Be,1,-4.207,-4.6012,-0.3942,-0.1327,-0.4994,-0.3667,1,0,Be,0.0222
Ludwig van Beethoven,copy_last_name,The last name of Ludwig van Beethoven is,subject_all,5 6 7,9-13,jspace_restore_rest,0," ""Beethoven"".",Be,1,-4.207,-4.502,-0.295,-0.1327,-0.4144,-0.2817,1,0,Be,0.031
Ludwig van Beethoven,copy_last_name,The last name of Ludwig van Beethoven is,subject_all,5 6 7,9-13,name_lens,0," ""Beethoven"".",Be,1,-4.207,-4.783,-0.576,-0.1327,-0.6971,-0.5645,1,0,Be,0.0719
Ludwig van Beethoven,copy_last_name,The last name of Ludwig van Beethoven is,subject_all,5 6 7,9-17,jspace,0," ""Beethoven"".",Be,1,-4.207,-6.076,-1.869,-0.1327,-1.2799,-1.1472,1,0,Be,0.1739
Ludwig van Beethoven,copy_last_name,The last name of Ludwig van Beethoven is,subject_all,5 6 7,9-17,jspace_keep_name,0," ""Beethoven"".",Be,1,-4.207,-4.8276,-0.6206,-0.1327,-0.2005,-0.0678,1,0,Be,0.075
Ludwig van Beethoven,copy_last_name,The last name of Ludwig van Beethoven is,subject_all,5 6 7,9-17,jspace_restore_rest,0," ""Beethoven"".",Be,1,-4.207,-4.4573,-0.2503,-0.1327,-0.3743,-0.2417,1,0,Be,0.0315
Ludwig van Beethoven,copy_last_name,The last name of Ludwig van Beethoven is,subject_all,5 6 7,9-17,name_lens,0," ""Beethoven"".",Be,1,-4.207,-5.5872,-1.3801,-0.1327,-1.1677,-1.035,1,0,Be,0.1028
Ludwig van Beethoven,copy_last_name,The last name of Ludwig van Beethoven is,subject_all,5 6 7,6-20,jspace,0," ""Beethoven"".",Be,1,-4.207,-9.3946,-5.1876,-0.1327,-4.1637,-4.031,7,1,B,0.4404
Ludwig van Beethoven,copy_last_name,The last name of Ludwig van Beethoven is,subject_all,5 6 7,6-20,jspace_keep_name,0," ""Beethoven"".",Be,1,-4.207,-6.8585,-2.6515,-0.1327,-2.1982,-2.0655,1,0,Be,0.215
Ludwig van Beethoven,copy_last_name,The last name of Ludwig van Beethoven is,subject_all,5 6 7,6-20,jspace_restore_rest,0," ""Beethoven"".",Be,1,-4.207,-5.8611,-1.6541,-0.1327,-1.3587,-1.2261,1,0,Be,0.1666
Ludwig van Beethoven,copy_last_name,The last name of Ludwig van Beethoven is,subject_all,5 6 7,6-20,name_lens,0," ""Beethoven"".",Be,1,-4.207,-7.1734,-2.9664,-0.1327,-2.1923,-2.0596,2,1,B,0.2102
Barack Obama,birth_city,Barack Obama was born in the city of,subject_all,1 2 3,9-13,jspace,0," Honolulu, Hawaii.", Honolulu,0,-3.4075,-3.6119,-0.2044,-0.6018,-0.7261,-0.1243,1,0, Honolulu,0.1362
Barack Obama,birth_city,Barack Obama was born in the city of,subject_all,1 2 3,9-13,jspace_keep_name,0," Honolulu, Hawaii.", Honolulu,0,-3.4075,-3.5378,-0.1303,-0.6018,-0.745,-0.1432,1,0, Honolulu,0.0663
Barack Obama,birth_city,Barack Obama was born in the city of,subject_all,1 2 3,9-13,jspace_restore_rest,0," Honolulu, Hawaii.", Honolulu,0,-3.4075,-3.3328,0.0747,-0.6018,-0.4693,0.1326,1,0, Honolulu,0.1044
Barack Obama,birth_city,Barack Obama was born in the city of,subject_all,1 2 3,9-13,name_lens,0," Honolulu, Hawaii.", Honolulu,0,-3.4075,-3.3332,0.0743,-0.6018,-0.4827,0.1192,1,0, Honolulu,0.1713
Barack Obama,birth_city,Barack Obama was born in the city of,subject_all,1 2 3,9-17,jspace,0," Honolulu, Hawaii.", Honolulu,0,-3.4075,-4.8037,-1.3962,-0.6018,-1.6642,-1.0624,1,0, Honolulu,0.6946
Barack Obama,birth_city,Barack Obama was born in the city of,subject_all,1 2 3,9-17,jspace_keep_name,0," Honolulu, Hawaii.", Honolulu,0,-3.4075,-3.8843,-0.4768,-0.6018,-1.0338,-0.432,1,0, Honolulu,0.1684
Barack Obama,birth_city,Barack Obama was born in the city of,subject_all,1 2 3,9-17,jspace_restore_rest,0," Honolulu, Hawaii.", Honolulu,0,-3.4075,-3.6437,-0.2362,-0.6018,-0.626,-0.0242,1,0, Honolulu,0.1766
Barack Obama,birth_city,Barack Obama was born in the city of,subject_all,1 2 3,9-17,name_lens,0," Honolulu, Hawaii.", Honolulu,0,-3.4075,-3.5741,-0.1666,-0.6018,-0.6776,-0.0758,1,0, Honolulu,0.2733
Barack Obama,birth_city,Barack Obama was born in the city of,subject_all,1 2 3,6-20,jspace,0," Honolulu, Hawaii.", Honolulu,0,-3.4075,-6.5795,-3.172,-0.6018,-3.3476,-2.7458,3,1, New,1.6101
Barack Obama,birth_city,Barack Obama was born in the city of,subject_all,1 2 3,6-20,jspace_keep_name,0," Honolulu, Hawaii.", Honolulu,0,-3.4075,-4.4105,-1.003,-0.6018,-1.4876,-0.8857,1,0, Honolulu,0.4789
Barack Obama,birth_city,Barack Obama was born in the city of,subject_all,1 2 3,6-20,jspace_restore_rest,0," Honolulu, Hawaii.", Honolulu,0,-3.4075,-3.5483,-0.1408,-0.6018,-0.5814,0.0205,1,0, Honolulu,0.1848
Barack Obama,birth_city,Barack Obama was born in the city of,subject_all,1 2 3,6-20,name_lens,0," Honolulu, Hawaii.", Honolulu,0,-3.4075,-3.8563,-0.4488,-0.6018,-0.9345,-0.3326,1,0, Honolulu,0.3918
Barack Obama,birth_year,Barack Obama was born in the year,subject_all,1 2 3,9-13,jspace,0, 1961.,196,1,-1.65,-2.0306,-0.3806,-0.1796,-0.3059,-0.1263,1,0,196,0.0222
Barack Obama,birth_year,Barack Obama was born in the year,subject_all,1 2 3,9-13,jspace_keep_name,0, 1961.,196,1,-1.65,-1.9271,-0.2771,-0.1796,-0.4502,-0.2706,1,0,196,0.0119
Barack Obama,birth_year,Barack Obama was born in the year,subject_all,1 2 3,9-13,jspace_restore_rest,0, 1961.,196,1,-1.65,-2.0082,-0.3582,-0.1796,-0.1212,0.0584,1,0,196,0.0014
Barack Obama,birth_year,Barack Obama was born in the year,subject_all,1 2 3,9-13,name_lens,0, 1961.,196,1,-1.65,-2.0981,-0.4481,-0.1796,-0.1235,0.0561,1,0,196,0.001
Barack Obama,birth_year,Barack Obama was born in the year,subject_all,1 2 3,9-17,jspace,0, 1961.,196,1,-1.65,-2.9924,-1.3424,-0.1796,-0.6148,-0.4352,1,0,196,0.0277
Barack Obama,birth_year,Barack Obama was born in the year,subject_all,1 2 3,9-17,jspace_keep_name,0, 1961.,196,1,-1.65,-1.9758,-0.3258,-0.1796,-0.4447,-0.2651,1,0,196,0.0153
Barack Obama,birth_year,Barack Obama was born in the year,subject_all,1 2 3,9-17,jspace_restore_rest,0, 1961.,196,1,-1.65,-2.2529,-0.6029,-0.1796,-0.1597,0.0199,1,0,196,0.0014
Barack Obama,birth_year,Barack Obama was born in the year,subject_all,1 2 3,9-17,name_lens,0, 1961.,196,1,-1.65,-2.5182,-0.8682,-0.1796,-0.1473,0.0323,1,0,196,0.0016
Barack Obama,birth_year,Barack Obama was born in the year,subject_all,1 2 3,6-20,jspace,0, 1961.,196,1,-1.65,-3.0104,-1.3604,-0.1796,-0.4711,-0.2915,1,0,196,0.0971
Barack Obama,birth_year,Barack Obama was born in the year,subject_all,1 2 3,6-20,jspace_keep_name,0, 1961.,196,1,-1.65,-3.7888,-2.1388,-0.1796,-0.7562,-0.5766,1,0,196,0.0161
Barack Obama,birth_year,Barack Obama was born in the year,subject_all,1 2 3,6-20,jspace_restore_rest,0, 1961.,196,1,-1.65,-2.0777,-0.4277,-0.1796,-0.1917,-0.0121,1,0,196,0.0046
Barack Obama,birth_year,Barack Obama was born in the year,subject_all,1 2 3,6-20,name_lens,0, 1961.,196,1,-1.65,-2.9178,-1.2678,-0.1796,-0.3478,-0.1682,1,0,196,0.0084
Barack Obama,birth_country,Barack Obama was born in the country of,subject_all,1 2 3,9-13,jspace,0, the United States., United,1,-3.8076,-3.8323,-0.0248,-0.5775,-0.7211,-0.1436,1,0, United,0.2524
Barack Obama,birth_country,Barack Obama was born in the country of,subject_all,1 2 3,9-13,jspace_keep_name,0, the United States., United,1,-3.8076,-3.4886,0.319,-0.5775,-0.6274,-0.0499,1,0, United,0.0797
Barack Obama,birth_country,Barack Obama was born in the country of,subject_all,1 2 3,9-13,jspace_restore_rest,0, the United States., United,1,-3.8076,-3.6961,0.1115,-0.5775,-0.5857,-0.0082,1,0, United,0.122
Barack Obama,birth_country,Barack Obama was born in the country of,subject_all,1 2 3,9-13,name_lens,0, the United States., United,1,-3.8076,-3.7558,0.0518,-0.5775,-0.6053,-0.0278,1,0, United,0.1492
Barack Obama,birth_country,Barack Obama was born in the country of,subject_all,1 2 3,9-17,jspace,0, the United States., United,1,-3.8076,-3.6906,0.117,-0.5775,-0.7499,-0.1724,1,0, United,0.6312
Barack Obama,birth_country,Barack Obama was born in the country of,subject_all,1 2 3,9-17,jspace_keep_name,0, the United States., United,1,-3.8076,-3.5779,0.2297,-0.5775,-0.6574,-0.0799,1,0, United,0.1671
Barack Obama,birth_country,Barack Obama was born in the country of,subject_all,1 2 3,9-17,jspace_restore_rest,0, the United States., United,1,-3.8076,-3.5026,0.305,-0.5775,-0.555,0.0225,1,0, United,0.2461
Barack Obama,birth_country,Barack Obama was born in the country of,subject_all,1 2 3,9-17,name_lens,0, the United States., United,1,-3.8076,-3.7934,0.0142,-0.5775,-0.6277,-0.0502,1,0, United,0.3343
Barack Obama,birth_country,Barack Obama was born in the country of,subject_all,1 2 3,6-20,jspace,0, the United States., United,1,-3.8076,-3.9242,-0.1166,-0.5775,-0.6512,-0.0737,1,0, United,1.0689
Barack Obama,birth_country,Barack Obama was born in the country of,subject_all,1 2 3,6-20,jspace_keep_name,0, the United States., United,1,-3.8076,-3.6548,0.1528,-0.5775,-0.6342,-0.0567,1,0, United,0.3792
Barack Obama,birth_country,Barack Obama was born in the country of,subject_all,1 2 3,6-20,jspace_restore_rest,0, the United States., United,1,-3.8076,-3.5711,0.2365,-0.5775,-0.5888,-0.0113,1,0, United,0.345
Barack Obama,birth_country,Barack Obama was born in the country of,subject_all,1 2 3,6-20,name_lens,0, the United States., United,1,-3.8076,-4.1846,-0.3771,-0.5775,-0.6354,-0.0579,1,0, United,0.5948
Barack Obama,death_year,Barack Obama died in the year,subject_all,1 2 3,9-13,jspace,0, 2020.,202,1,-3.7122,-4.157,-0.4449,-1.1384,-1.3631,-0.2247,1,1,201,0.0357
Barack Obama,death_year,Barack Obama died in the year,subject_all,1 2 3,9-13,jspace_keep_name,0, 2020.,202,1,-3.7122,-3.7757,-0.0635,-1.1384,-1.1475,-0.0091,1,0,202,0.0213
Barack Obama,death_year,Barack Obama died in the year,subject_all,1 2 3,9-13,jspace_restore_rest,0, 2020.,202,1,-3.7122,-3.9133,-0.2011,-1.1384,-1.2531,-0.1147,1,0,202,0.0007
Barack Obama,death_year,Barack Obama died in the year,subject_all,1 2 3,9-13,name_lens,0, 2020.,202,1,-3.7122,-3.816,-0.1038,-1.1384,-1.256,-0.1176,1,0,202,0.0005
Barack Obama,death_year,Barack Obama died in the year,subject_all,1 2 3,9-17,jspace,0, 2020.,202,1,-3.7122,-4.1012,-0.389,-1.1384,-1.3731,-0.2347,1,1,201,0.0467
Barack Obama,death_year,Barack Obama died in the year,subject_all,1 2 3,9-17,jspace_keep_name,0, 2020.,202,1,-3.7122,-3.7893,-0.0771,-1.1384,-1.2375,-0.099,2,1,201,0.0214
Barack Obama,death_year,Barack Obama died in the year,subject_all,1 2 3,9-17,jspace_restore_rest,0, 2020.,202,1,-3.7122,-3.8962,-0.184,-1.1384,-1.2508,-0.1124,1,0,202,0.0056
Barack Obama,death_year,Barack Obama died in the year,subject_all,1 2 3,9-17,name_lens,0, 2020.,202,1,-3.7122,-3.7712,-0.059,-1.1384,-1.1969,-0.0585,1,0,202,0.0018
Barack Obama,death_year,Barack Obama died in the year,subject_all,1 2 3,6-20,jspace,0, 2020.,202,1,-3.7122,-3.9638,-0.2516,-1.1384,-1.2849,-0.1465,1,0,202,0.0608
Barack Obama,death_year,Barack Obama died in the year,subject_all,1 2 3,6-20,jspace_keep_name,0, 2020.,202,1,-3.7122,-4.0008,-0.2886,-1.1384,-1.2954,-0.157,1,0,202,0.0388
Barack Obama,death_year,Barack Obama died in the year,subject_all,1 2 3,6-20,jspace_restore_rest,0, 2020.,202,1,-3.7122,-3.5366,0.1756,-1.1384,-1.1804,-0.042,1,0,202,0.0277
Barack Obama,death_year,Barack Obama died in the year,subject_all,1 2 3,6-20,name_lens,0, 2020.,202,1,-3.7122,-3.8589,-0.1467,-1.1384,-1.3679,-0.2295,1,1,201,0.0348
Barack Obama,occupation,Barack Obama worked as a,subject_all,1 2 3,9-13,jspace,0, lawyer in Chicago before, lawyer,0,-5.5522,-6.2916,-0.7394,-1.9282,-1.6408,0.2873,1,0, lawyer,0.1312
Barack Obama,occupation,Barack Obama worked as a,subject_all,1 2 3,9-13,jspace_keep_name,0, lawyer in Chicago before, lawyer,0,-5.5522,-5.8609,-0.3087,-1.9282,-1.7746,0.1535,1,0, lawyer,0.0762
Barack Obama,occupation,Barack Obama worked as a,subject_all,1 2 3,9-13,jspace_restore_rest,0, lawyer in Chicago before, lawyer,0,-5.5522,-6.3522,-0.8,-1.9282,-1.8401,0.0881,1,0, lawyer,0.0735
Barack Obama,occupation,Barack Obama worked as a,subject_all,1 2 3,9-13,name_lens,0, lawyer in Chicago before, lawyer,0,-5.5522,-6.4801,-0.928,-1.9282,-1.6666,0.2616,1,0, lawyer,0.1155
Barack Obama,occupation,Barack Obama worked as a,subject_all,1 2 3,9-17,jspace,0, lawyer in Chicago before, lawyer,0,-5.5522,-6.8621,-1.3099,-1.9282,-1.542,0.3862,1,0, lawyer,0.2328
Barack Obama,occupation,Barack Obama worked as a,subject_all,1 2 3,9-17,jspace_keep_name,0, lawyer in Chicago before, lawyer,0,-5.5522,-6.2286,-0.6764,-1.9282,-2.0923,-0.1642,1,0, lawyer,0.1022
Barack Obama,occupation,Barack Obama worked as a,subject_all,1 2 3,9-17,jspace_restore_rest,0, lawyer in Chicago before, lawyer,0,-5.5522,-6.5266,-0.9744,-1.9282,-1.7572,0.171,1,0, lawyer,0.1224
Barack Obama,occupation,Barack Obama worked as a,subject_all,1 2 3,9-17,name_lens,0, lawyer in Chicago before, lawyer,0,-5.5522,-7.1323,-1.5801,-1.9282,-1.5699,0.3582,1,0, lawyer,0.1944
Barack Obama,occupation,Barack Obama worked as a,subject_all,1 2 3,6-20,jspace,0, lawyer in Chicago before, lawyer,0,-5.5522,-7.7375,-2.1854,-1.9282,-1.022,0.9062,1,0, lawyer,0.9214
Barack Obama,occupation,Barack Obama worked as a,subject_all,1 2 3,6-20,jspace_keep_name,0, lawyer in Chicago before, lawyer,0,-5.5522,-6.7907,-1.2385,-1.9282,-1.394,0.5342,1,0, lawyer,0.2669
Barack Obama,occupation,Barack Obama worked as a,subject_all,1 2 3,6-20,jspace_restore_rest,0, lawyer in Chicago before, lawyer,0,-5.5522,-6.1927,-0.6405,-1.9282,-1.4385,0.4897,1,0, lawyer,0.2264
Barack Obama,occupation,Barack Obama worked as a,subject_all,1 2 3,6-20,name_lens,0, lawyer in Chicago before, lawyer,0,-5.5522,-7.0457,-1.4935,-1.9282,-1.7454,0.1828,1,0, lawyer,0.3081
Barack Obama,profession_of,The profession of Barack Obama was,subject_all,4 5,9-13,jspace,0, a lawyer and a, lawyer,1,-6.5066,-6.8111,-0.3045,-1.9698,-1.9358,0.034,1,0, lawyer,0.026
Barack Obama,profession_of,The profession of Barack Obama was,subject_all,4 5,9-13,jspace_keep_name,0, a lawyer and a, lawyer,1,-6.5066,-6.5722,-0.0657,-1.9698,-1.8337,0.1361,1,0, lawyer,0.013
Barack Obama,profession_of,The profession of Barack Obama was,subject_all,4 5,9-13,jspace_restore_rest,0, a lawyer and a, lawyer,1,-6.5066,-7.0025,-0.496,-1.9698,-2.0404,-0.0705,1,0, lawyer,0.0111
Barack Obama,profession_of,The profession of Barack Obama was,subject_all,4 5,9-13,name_lens,0, a lawyer and a, lawyer,1,-6.5066,-6.8783,-0.3717,-1.9698,-1.9976,-0.0277,1,0, lawyer,0.0166
Barack Obama,profession_of,The profession of Barack Obama was,subject_all,4 5,9-17,jspace,0, a lawyer and a, lawyer,1,-6.5066,-7.0085,-0.502,-1.9698,-2.0062,-0.0364,1,0, lawyer,0.0355
Barack Obama,profession_of,The profession of Barack Obama was,subject_all,4 5,9-17,jspace_keep_name,0, a lawyer and a, lawyer,1,-6.5066,-6.5229,-0.0164,-1.9698,-1.7078,0.262,1,0, lawyer,0.0207
Barack Obama,profession_of,The profession of Barack Obama was,subject_all,4 5,9-17,jspace_restore_rest,0, a lawyer and a, lawyer,1,-6.5066,-7.16,-0.6534,-1.9698,-2.171,-0.2011,1,0, lawyer,0.0285
Barack Obama,profession_of,The profession of Barack Obama was,subject_all,4 5,9-17,name_lens,0, a lawyer and a, lawyer,1,-6.5066,-7.0346,-0.528,-1.9698,-2.0154,-0.0456,1,0, lawyer,0.0277
Barack Obama,profession_of,The profession of Barack Obama was,subject_all,4 5,6-20,jspace,0, a lawyer and a, lawyer,1,-6.5066,-6.6229,-0.1163,-1.9698,-1.8364,0.1335,1,0, lawyer,0.189
Barack Obama,profession_of,The profession of Barack Obama was,subject_all,4 5,6-20,jspace_keep_name,0, a lawyer and a, lawyer,1,-6.5066,-6.087,0.4196,-1.9698,-1.4071,0.5627,1,0, lawyer,0.0868
Barack Obama,profession_of,The profession of Barack Obama was,subject_all,4 5,6-20,jspace_restore_rest,0, a lawyer and a, lawyer,1,-6.5066,-7.4126,-0.9061,-1.9698,-2.1903,-0.2205,1,0, lawyer,0.0982
Barack Obama,profession_of,The profession of Barack Obama was,subject_all,4 5,6-20,name_lens,0, a lawyer and a, lawyer,1,-6.5066,-7.5946,-1.088,-1.9698,-2.3031,-0.3333,1,0, lawyer,0.087
Barack Obama,instrument,Barack Obama played the,subject_all,1 2 3,9-13,jspace,0, piano. He was, piano,0,-6.5797,-6.7317,-0.1521,-1.1314,-1.1502,-0.0188,1,0, piano,0.0227
Barack Obama,instrument,Barack Obama played the,subject_all,1 2 3,9-13,jspace_keep_name,0, piano. He was, piano,0,-6.5797,-6.5441,0.0356,-1.1314,-1.1146,0.0168,1,0, piano,0.0101
Barack Obama,instrument,Barack Obama played the,subject_all,1 2 3,9-13,jspace_restore_rest,0, piano. He was, piano,0,-6.5797,-6.4696,0.1101,-1.1314,-1.0239,0.1076,1,0, piano,0.0048
Barack Obama,instrument,Barack Obama played the,subject_all,1 2 3,9-13,name_lens,0, piano. He was, piano,0,-6.5797,-6.3135,0.2661,-1.1314,-1.0354,0.0961,1,0, piano,0.0082
Barack Obama,instrument,Barack Obama played the,subject_all,1 2 3,9-17,jspace,0, piano. He was, piano,0,-6.5797,-7.1001,-0.5204,-1.1314,-1.1777,-0.0463,1,0, piano,0.0619
Barack Obama,instrument,Barack Obama played the,subject_all,1 2 3,9-17,jspace_keep_name,0, piano. He was, piano,0,-6.5797,-6.8238,-0.2442,-1.1314,-1.2242,-0.0928,1,0, piano,0.0199
Barack Obama,instrument,Barack Obama played the,subject_all,1 2 3,9-17,jspace_restore_rest,0, piano. He was, piano,0,-6.5797,-6.5076,0.0721,-1.1314,-1.0321,0.0993,1,0, piano,0.009
Barack Obama,instrument,Barack Obama played the,subject_all,1 2 3,9-17,name_lens,0, piano. He was, piano,0,-6.5797,-6.3937,0.186,-1.1314,-1.0918,0.0396,1,0, piano,0.0117
Barack Obama,instrument,Barack Obama played the,subject_all,1 2 3,6-20,jspace,0, piano. He was, piano,0,-6.5797,-7.6114,-1.0317,-1.1314,-1.2461,-0.1147,1,0, piano,0.194
Barack Obama,instrument,Barack Obama played the,subject_all,1 2 3,6-20,jspace_keep_name,0, piano. He was, piano,0,-6.5797,-7.161,-0.5814,-1.1314,-1.0728,0.0586,1,0, piano,0.0452
Barack Obama,instrument,Barack Obama played the,subject_all,1 2 3,6-20,jspace_restore_rest,0, piano. He was, piano,0,-6.5797,-6.4334,0.1463,-1.1314,-1.125,0.0064,1,0, piano,0.0233
Barack Obama,instrument,Barack Obama played the,subject_all,1 2 3,6-20,name_lens,0, piano. He was, piano,0,-6.5797,-6.7187,-0.1391,-1.1314,-1.1455,-0.0141,1,0, piano,0.0457
Barack Obama,famous_for,Barack Obama is famous for,subject_all,1 2 3,9-13,jspace,0, his speeches. He, speeches,1,-5.4294,-6.0335,-0.604,-1.541,-1.8228,-0.2818,1,0, speeches,0.0217
Barack Obama,famous_for,Barack Obama is famous for,subject_all,1 2 3,9-13,jspace_keep_name,0, his speeches. He, speeches,1,-5.4294,-5.9844,-0.555,-1.541,-1.7445,-0.2036,1,0, speeches,0.015
Barack Obama,famous_for,Barack Obama is famous for,subject_all,1 2 3,9-13,jspace_restore_rest,0, his speeches. He, speeches,1,-5.4294,-5.758,-0.3285,-1.541,-1.6637,-0.1227,1,0, speeches,0.0037
Barack Obama,famous_for,Barack Obama is famous for,subject_all,1 2 3,9-13,name_lens,0, his speeches. He, speeches,1,-5.4294,-5.62,-0.1905,-1.541,-1.5963,-0.0554,1,0, speeches,0.0048
Barack Obama,famous_for,Barack Obama is famous for,subject_all,1 2 3,9-17,jspace,0, his speeches. He, speeches,1,-5.4294,-6.3233,-0.8939,-1.541,-1.7974,-0.2565,1,0, speeches,0.0408
Barack Obama,famous_for,Barack Obama is famous for,subject_all,1 2 3,9-17,jspace_keep_name,0, his speeches. He, speeches,1,-5.4294,-5.8285,-0.3991,-1.541,-1.8176,-0.2767,1,0, speeches,0.024
Barack Obama,famous_for,Barack Obama is famous for,subject_all,1 2 3,9-17,jspace_restore_rest,0, his speeches. He, speeches,1,-5.4294,-5.8067,-0.3773,-1.541,-1.6984,-0.1574,1,0, speeches,0.0063
Barack Obama,famous_for,Barack Obama is famous for,subject_all,1 2 3,9-17,name_lens,0, his speeches. He, speeches,1,-5.4294,-5.8687,-0.4393,-1.541,-1.6783,-0.1374,1,0, speeches,0.0076
Barack Obama,famous_for,Barack Obama is famous for,subject_all,1 2 3,6-20,jspace,0, his speeches. He, speeches,1,-5.4294,-7.7575,-2.3281,-1.541,-2.2298,-0.6888,1,0, speeches,0.2877
Barack Obama,famous_for,Barack Obama is famous for,subject_all,1 2 3,6-20,jspace_keep_name,0, his speeches. He, speeches,1,-5.4294,-6.3321,-0.9026,-1.541,-1.9274,-0.3865,1,0, speeches,0.0501
Barack Obama,famous_for,Barack Obama is famous for,subject_all,1 2 3,6-20,jspace_restore_rest,0, his speeches. He, speeches,1,-5.4294,-5.8335,-0.404,-1.541,-1.7479,-0.207,1,0, speeches,0.0181
Barack Obama,famous_for,Barack Obama is famous for,subject_all,1 2 3,6-20,name_lens,0, his speeches. He, speeches,1,-5.4294,-5.7823,-0.3528,-1.541,-1.7671,-0.2261,1,0, speeches,0.026
Barack Obama,language,Barack Obama spoke the language of,subject_all,1 2 3,9-13,jspace,0, the people in the, people,1,-6.7857,-6.7252,0.0605,-2.3993,-2.3979,0.0014,1,0, people,0.049
Barack Obama,language,Barack Obama spoke the language of,subject_all,1 2 3,9-13,jspace_keep_name,0, the people in the, people,1,-6.7857,-6.6947,0.091,-2.3993,-2.3148,0.0845,1,0, people,0.0243
Barack Obama,language,Barack Obama spoke the language of,subject_all,1 2 3,9-13,jspace_restore_rest,0, the people in the, people,1,-6.7857,-6.8327,-0.0471,-2.3993,-2.3715,0.0277,1,0, people,0.0074
Barack Obama,language,Barack Obama spoke the language of,subject_all,1 2 3,9-13,name_lens,0, the people in the, people,1,-6.7857,-6.7816,0.0041,-2.3993,-2.3489,0.0504,1,0, people,0.0126
Barack Obama,language,Barack Obama spoke the language of,subject_all,1 2 3,9-17,jspace,0, the people in the, people,1,-6.7857,-6.6667,0.1189,-2.3993,-2.3542,0.0451,1,0, people,0.074
Barack Obama,language,Barack Obama spoke the language of,subject_all,1 2 3,9-17,jspace_keep_name,0, the people in the, people,1,-6.7857,-6.7703,0.0154,-2.3993,-2.4389,-0.0396,1,0, people,0.0328
Barack Obama,language,Barack Obama spoke the language of,subject_all,1 2 3,9-17,jspace_restore_rest,0, the people in the, people,1,-6.7857,-6.84,-0.0543,-2.3993,-2.448,-0.0487,1,0, people,0.0119
Barack Obama,language,Barack Obama spoke the language of,subject_all,1 2 3,9-17,name_lens,0, the people in the, people,1,-6.7857,-6.8402,-0.0546,-2.3993,-2.3529,0.0464,1,0, people,0.022
Barack Obama,language,Barack Obama spoke the language of,subject_all,1 2 3,6-20,jspace,0, the people in the, people,1,-6.7857,-6.5445,0.2411,-2.3993,-2.5892,-0.1899,1,0, people,0.2034
Barack Obama,language,Barack Obama spoke the language of,subject_all,1 2 3,6-20,jspace_keep_name,0, the people in the, people,1,-6.7857,-6.6952,0.0905,-2.3993,-2.5032,-0.1039,1,0, people,0.1178
Barack Obama,language,Barack Obama spoke the language of,subject_all,1 2 3,6-20,jspace_restore_rest,0, the people in the, people,1,-6.7857,-6.6731,0.1126,-2.3993,-2.3557,0.0436,1,0, people,0.0369
Barack Obama,language,Barack Obama spoke the language of,subject_all,1 2 3,6-20,name_lens,0, the people in the, people,1,-6.7857,-6.7758,0.0099,-2.3993,-2.4238,-0.0245,1,0, people,0.0498
Barack Obama,spouse,Barack Obama was married to,subject_all,1 2 3,9-13,jspace,0, Michelle Obama. The, Michelle,0,-3.9042,-5.2057,-1.3015,-0.5647,-1.6475,-1.0828,1,1, a,0.3968
Barack Obama,spouse,Barack Obama was married to,subject_all,1 2 3,9-13,jspace_keep_name,0, Michelle Obama. The, Michelle,0,-3.9042,-4.1602,-0.256,-0.5647,-0.9466,-0.3818,1,0, Michelle,0.0983
Barack Obama,spouse,Barack Obama was married to,subject_all,1 2 3,9-13,jspace_restore_rest,0, Michelle Obama. The, Michelle,0,-3.9042,-4.2952,-0.391,-0.5647,-0.9456,-0.3808,1,0, Michelle,0.1016
Barack Obama,spouse,Barack Obama was married to,subject_all,1 2 3,9-13,name_lens,0, Michelle Obama. The, Michelle,0,-3.9042,-4.3331,-0.4289,-0.5647,-1.0379,-0.4732,1,0, Michelle,0.1515
Barack Obama,spouse,Barack Obama was married to,subject_all,1 2 3,9-17,jspace,0, Michelle Obama. The, Michelle,0,-3.9042,-7.2736,-3.3694,-0.5647,-2.9425,-2.3778,2,1, a,1.1327
Barack Obama,spouse,Barack Obama was married to,subject_all,1 2 3,9-17,jspace_keep_name,0, Michelle Obama. The, Michelle,0,-3.9042,-4.8175,-0.9132,-0.5647,-1.3502,-0.7854,1,0, Michelle,0.2543
Barack Obama,spouse,Barack Obama was married to,subject_all,1 2 3,9-17,jspace_restore_rest,0, Michelle Obama. The, Michelle,0,-3.9042,-4.4206,-0.5164,-0.5647,-1.0471,-0.4824,1,0, Michelle,0.163
Barack Obama,spouse,Barack Obama was married to,subject_all,1 2 3,9-17,name_lens,0, Michelle Obama. The, Michelle,0,-3.9042,-4.9405,-1.0363,-0.5647,-1.596,-1.0313,1,0, Michelle,0.4079
Barack Obama,spouse,Barack Obama was married to,subject_all,1 2 3,6-20,jspace,0, Michelle Obama. The, Michelle,0,-3.9042,-12.892,-8.9878,-0.5647,-5.309,-4.7443,26,1, a,2.6725
Barack Obama,spouse,Barack Obama was married to,subject_all,1 2 3,6-20,jspace_keep_name,0, Michelle Obama. The, Michelle,0,-3.9042,-6.765,-2.8608,-0.5647,-3.184,-2.6193,2,1, a,1.2394
Barack Obama,spouse,Barack Obama was married to,subject_all,1 2 3,6-20,jspace_restore_rest,0, Michelle Obama. The, Michelle,0,-3.9042,-4.4741,-0.5699,-0.5647,-1.0144,-0.4496,1,0, Michelle,0.159
Barack Obama,spouse,Barack Obama was married to,subject_all,1 2 3,6-20,name_lens,0, Michelle Obama. The, Michelle,0,-3.9042,-6.1845,-2.2803,-0.5647,-2.8312,-2.2664,2,1, a,1.0948
Barack Obama,education,Barack Obama studied at the University of,subject_all,1 2 3,9-13,jspace,0, Chicago. He was, Chicago,0,-4.7672,-5.5477,-0.7804,-0.4076,-1.0845,-0.6768,1,0, Chicago,0.3503
Barack Obama,education,Barack Obama studied at the University of,subject_all,1 2 3,9-13,jspace_keep_name,0, Chicago. He was, Chicago,0,-4.7672,-4.8636,-0.0964,-0.4076,-0.6446,-0.237,1,0, Chicago,0.0793
Barack Obama,education,Barack Obama studied at the University of,subject_all,1 2 3,9-13,jspace_restore_rest,0, Chicago. He was, Chicago,0,-4.7672,-5.2474,-0.4802,-0.4076,-0.7917,-0.384,1,0, Chicago,0.1825
Barack Obama,education,Barack Obama studied at the University of,subject_all,1 2 3,9-13,name_lens,0, Chicago. He was, Chicago,0,-4.7672,-5.6106,-0.8434,-0.4076,-1.2793,-0.8716,1,0, Chicago,0.5005
Barack Obama,education,Barack Obama studied at the University of,subject_all,1 2 3,9-17,jspace,0, Chicago. He was, Chicago,0,-4.7672,-6.1182,-1.351,-0.4076,-1.3483,-0.9406,1,0, Chicago,0.6755
Barack Obama,education,Barack Obama studied at the University of,subject_all,1 2 3,9-17,jspace_keep_name,0, Chicago. He was, Chicago,0,-4.7672,-5.2514,-0.4841,-0.4076,-0.765,-0.3574,1,0, Chicago,0.1482
Barack Obama,education,Barack Obama studied at the University of,subject_all,1 2 3,9-17,jspace_restore_rest,0, Chicago. He was, Chicago,0,-4.7672,-5.669,-0.9018,-0.4076,-1.2356,-0.828,1,0, Chicago,0.4365
Barack Obama,education,Barack Obama studied at the University of,subject_all,1 2 3,9-17,name_lens,0, Chicago. He was, Chicago,0,-4.7672,-6.3932,-1.626,-0.4076,-2.0318,-1.6242,2,1, Notre,1.0022
Barack Obama,education,Barack Obama studied at the University of,subject_all,1 2 3,6-20,jspace,0, Chicago. He was, Chicago,0,-4.7672,-8.0763,-3.3091,-0.4076,-2.7224,-2.3147,2,1, Oxford,1.7216
Barack Obama,education,Barack Obama studied at the University of,subject_all,1 2 3,6-20,jspace_keep_name,0, Chicago. He was, Chicago,0,-4.7672,-6.1559,-1.3887,-0.4076,-1.2822,-0.8745,1,0, Chicago,0.542
Barack Obama,education,Barack Obama studied at the University of,subject_all,1 2 3,6-20,jspace_restore_rest,0, Chicago. He was, Chicago,0,-4.7672,-5.8181,-1.0509,-0.4076,-1.0811,-0.6734,1,0, Chicago,0.4237
Barack Obama,education,Barack Obama studied at the University of,subject_all,1 2 3,6-20,name_lens,0, Chicago. He was, Chicago,0,-4.7672,-6.3451,-1.5779,-0.4076,-1.9866,-1.579,2,1, Oxford,0.9915
Barack Obama,citizenship,Barack Obama was a citizen of,subject_all,1 2 3,9-13,jspace,0, the United States., United,1,-1.7814,-1.9177,-0.1363,-0.2059,-0.2498,-0.0439,1,0, United,0.0246
Barack Obama,citizenship,Barack Obama was a citizen of,subject_all,1 2 3,9-13,jspace_keep_name,0, the United States., United,1,-1.7814,-1.7603,0.0211,-0.2059,-0.2349,-0.0291,1,0, United,0.0104
Barack Obama,citizenship,Barack Obama was a citizen of,subject_all,1 2 3,9-13,jspace_restore_rest,0, the United States., United,1,-1.7814,-1.8287,-0.0473,-0.2059,-0.2391,-0.0332,1,0, United,0.0092
Barack Obama,citizenship,Barack Obama was a citizen of,subject_all,1 2 3,9-13,name_lens,0, the United States., United,1,-1.7814,-1.8725,-0.0911,-0.2059,-0.2267,-0.0209,1,0, United,0.0132
Barack Obama,citizenship,Barack Obama was a citizen of,subject_all,1 2 3,9-17,jspace,0, the United States., United,1,-1.7814,-1.7873,-0.0059,-0.2059,-0.235,-0.0291,1,0, United,0.0527
Barack Obama,citizenship,Barack Obama was a citizen of,subject_all,1 2 3,9-17,jspace_keep_name,0, the United States., United,1,-1.7814,-1.7491,0.0323,-0.2059,-0.2063,-0.0004,1,0, United,0.0171
Barack Obama,citizenship,Barack Obama was a citizen of,subject_all,1 2 3,9-17,jspace_restore_rest,0, the United States., United,1,-1.7814,-1.7571,0.0243,-0.2059,-0.2175,-0.0117,1,0, United,0.0101
Barack Obama,citizenship,Barack Obama was a citizen of,subject_all,1 2 3,9-17,name_lens,0, the United States., United,1,-1.7814,-1.8534,-0.072,-0.2059,-0.2112,-0.0053,1,0, United,0.0229
Barack Obama,citizenship,Barack Obama was a citizen of,subject_all,1 2 3,6-20,jspace,0, the United States., United,1,-1.7814,-2.1731,-0.3917,-0.2059,-0.1979,0.0079,1,0, United,0.1898
Barack Obama,citizenship,Barack Obama was a citizen of,subject_all,1 2 3,6-20,jspace_keep_name,0, the United States., United,1,-1.7814,-1.9581,-0.1767,-0.2059,-0.1996,0.0062,1,0, United,0.0551
Barack Obama,citizenship,Barack Obama was a citizen of,subject_all,1 2 3,6-20,jspace_restore_rest,0, the United States., United,1,-1.7814,-1.7586,0.0228,-0.2059,-0.1993,0.0065,1,0, United,0.023
Barack Obama,citizenship,Barack Obama was a citizen of,subject_all,1 2 3,6-20,name_lens,0, the United States., United,1,-1.7814,-1.8334,-0.052,-0.2059,-0.18,0.0259,1,0, United,0.0386
Barack Obama,copy_first_name,The first name of Barack Obama is,subject_all,5 6,9-13,jspace,0, Barack. The second, Barack,0,-3.3689,-4.1573,-0.7884,-0.6721,-1.4703,-0.7982,1,0, Barack,0.2314
Barack Obama,copy_first_name,The first name of Barack Obama is,subject_all,5 6,9-13,jspace_keep_name,0, Barack. The second, Barack,0,-3.3689,-3.4867,-0.1178,-0.6721,-0.9327,-0.2607,1,0, Barack,0.037
Barack Obama,copy_first_name,The first name of Barack Obama is,subject_all,5 6,9-13,jspace_restore_rest,0, Barack. The second, Barack,0,-3.3689,-3.6884,-0.3195,-0.6721,-1.1562,-0.4842,1,0, Barack,0.103
Barack Obama,copy_first_name,The first name of Barack Obama is,subject_all,5 6,9-13,name_lens,0, Barack. The second, Barack,0,-3.3689,-4.1576,-0.7887,-0.6721,-1.6048,-0.9328,1,0, Barack,0.2465
Barack Obama,copy_first_name,The first name of Barack Obama is,subject_all,5 6,9-17,jspace,0, Barack. The second, Barack,0,-3.3689,-5.2057,-1.8368,-0.6721,-2.6661,-1.994,1,0, Barack,0.7162
Barack Obama,copy_first_name,The first name of Barack Obama is,subject_all,5 6,9-17,jspace_keep_name,0, Barack. The second, Barack,0,-3.3689,-3.5259,-0.1569,-0.6721,-1.0462,-0.3741,1,0, Barack,0.0739
Barack Obama,copy_first_name,The first name of Barack Obama is,subject_all,5 6,9-17,jspace_restore_rest,0, Barack. The second, Barack,0,-3.3689,-3.7879,-0.419,-0.6721,-1.2918,-0.6198,1,0, Barack,0.1428
Barack Obama,copy_first_name,The first name of Barack Obama is,subject_all,5 6,9-17,name_lens,0, Barack. The second, Barack,0,-3.3689,-5.3331,-1.9642,-0.6721,-2.7941,-2.1221,1,0, Barack,0.7649
Barack Obama,copy_first_name,The first name of Barack Obama is,subject_all,5 6,6-20,jspace,0, Barack. The second, Barack,0,-3.3689,-9.985,-6.6161,-0.6721,-6.7344,-6.0623,93,1,:,2.7927
Barack Obama,copy_first_name,The first name of Barack Obama is,subject_all,5 6,6-20,jspace_keep_name,0, Barack. The second, Barack,0,-3.3689,-4.4285,-1.0596,-0.6721,-1.7304,-1.0584,1,0, Barack,0.3276
Barack Obama,copy_first_name,The first name of Barack Obama is,subject_all,5 6,6-20,jspace_restore_rest,0, Barack. The second, Barack,0,-3.3689,-8.9144,-5.5455,-0.6721,-6.3034,-5.6314,67,1,.,2.4987
Barack Obama,copy_first_name,The first name of Barack Obama is,subject_all,5 6,6-20,name_lens,0, Barack. The second, Barack,0,-3.3689,-9.0402,-5.6712,-0.6721,-6.3144,-5.6423,65,1, ______,2.507
Barack Obama,copy_last_name,The last name of Barack Obama is,subject_all,5 6,9-13,jspace,0, Obama. The first, Obama,0,-5.3747,-6.0648,-0.6901,-2.4802,-3.1193,-0.639,3,1, ,0.1724
Barack Obama,copy_last_name,The last name of Barack Obama is,subject_all,5 6,9-13,jspace_keep_name,0, Obama. The first, Obama,0,-5.3747,-5.6026,-0.2279,-2.4802,-2.7304,-0.2502,1,0, Obama,0.0837
Barack Obama,copy_last_name,The last name of Barack Obama is,subject_all,5 6,9-13,jspace_restore_rest,0, Obama. The first, Obama,0,-5.3747,-5.0892,0.2855,-2.4802,-2.27,0.2103,1,0, Obama,0.0445
Barack Obama,copy_last_name,The last name of Barack Obama is,subject_all,5 6,9-13,name_lens,0, Obama. The first, Obama,0,-5.3747,-6.0645,-0.6898,-2.4802,-3.205,-0.7247,2,1, ,0.1683
Barack Obama,copy_last_name,The last name of Barack Obama is,subject_all,5 6,9-17,jspace,0, Obama. The first, Obama,0,-5.3747,-8.152,-2.7773,-2.4802,-5.1972,-2.7169,26,1, ,0.5397
Barack Obama,copy_last_name,The last name of Barack Obama is,subject_all,5 6,9-17,jspace_keep_name,0, Obama. The first, Obama,0,-5.3747,-6.2132,-0.8385,-2.4802,-3.3019,-0.8216,2,1, ,0.1745
Barack Obama,copy_last_name,The last name of Barack Obama is,subject_all,5 6,9-17,jspace_restore_rest,0, Obama. The first, Obama,0,-5.3747,-6.5229,-1.1483,-2.4802,-3.4503,-0.9701,7,1, ,0.2166
Barack Obama,copy_last_name,The last name of Barack Obama is,subject_all,5 6,9-17,name_lens,0, Obama. The first, Obama,0,-5.3747,-7.5314,-2.1567,-2.4802,-4.668,-2.1878,20,1, ______,0.444
Barack Obama,copy_last_name,The last name of Barack Obama is,subject_all,5 6,6-20,jspace,0, Obama. The first, Obama,0,-5.3747,-11.9066,-6.5319,-2.4802,-8.7487,-6.2685,409,1, ,1.3994
Barack Obama,copy_last_name,The last name of Barack Obama is,subject_all,5 6,6-20,jspace_keep_name,0, Obama. The first, Obama,0,-5.3747,-5.9991,-0.6244,-2.4802,-2.7957,-0.3155,2,1, ,0.1666
Barack Obama,copy_last_name,The last name of Barack Obama is,subject_all,5 6,6-20,jspace_restore_rest,0, Obama. The first, Obama,0,-5.3747,-9.4589,-4.0843,-2.4802,-6.2265,-3.7463,65,1, what,0.7795
Barack Obama,copy_last_name,The last name of Barack Obama is,subject_all,5 6,6-20,name_lens,0, Obama. The first, Obama,0,-5.3747,-10.1809,-4.8062,-2.4802,-6.9897,-4.5094,117,1,?,0.937
Isaac Newton,birth_city,Isaac Newton was born in the city of,subject_all,1 2 3,9-13,jspace,0," London, England.", London,0,-4.9614,-5.041,-0.0795,-1.0281,-1.1896,-0.1614,1,0, London,0.2514
Isaac Newton,birth_city,Isaac Newton was born in the city of,subject_all,1 2 3,9-13,jspace_keep_name,0," London, England.", London,0,-4.9614,-4.673,0.2884,-1.0281,-0.8151,0.213,1,0, London,0.1939
Isaac Newton,birth_city,Isaac Newton was born in the city of,subject_all,1 2 3,9-13,jspace_restore_rest,0," London, England.", London,0,-4.9614,-4.7599,0.2016,-1.0281,-0.9465,0.0816,1,0, London,0.045
Isaac Newton,birth_city,Isaac Newton was born in the city of,subject_all,1 2 3,9-13,name_lens,0," London, England.", London,0,-4.9614,-4.7443,0.2172,-1.0281,-0.9523,0.0758,1,0, London,0.049
Isaac Newton,birth_city,Isaac Newton was born in the city of,subject_all,1 2 3,9-17,jspace,0," London, England.", London,0,-4.9614,-5.2076,-0.2462,-1.0281,-1.4699,-0.4418,1,0, London,0.3965
Isaac Newton,birth_city,Isaac Newton was born in the city of,subject_all,1 2 3,9-17,jspace_keep_name,0," London, England.", London,0,-4.9614,-5.221,-0.2595,-1.0281,-1.3411,-0.313,1,0, London,0.4983
Isaac Newton,birth_city,Isaac Newton was born in the city of,subject_all,1 2 3,9-17,jspace_restore_rest,0," London, England.", London,0,-4.9614,-4.8529,0.1086,-1.0281,-1.0168,0.0113,1,0, London,0.0542
Isaac Newton,birth_city,Isaac Newton was born in the city of,subject_all,1 2 3,9-17,name_lens,0," London, England.", London,0,-4.9614,-4.595,0.3665,-1.0281,-0.8579,0.1702,1,0, London,0.0801
Isaac Newton,birth_city,Isaac Newton was born in the city of,subject_all,1 2 3,6-20,jspace,0," London, England.", London,0,-4.9614,-6.2632,-1.3017,-1.0281,-2.419,-1.3909,1,0, London,1.0209
Isaac Newton,birth_city,Isaac Newton was born in the city of,subject_all,1 2 3,6-20,jspace_keep_name,0," London, England.", London,0,-4.9614,-7.3606,-2.3991,-1.0281,-3.1571,-2.129,1,0, London,1.2566
Isaac Newton,birth_city,Isaac Newton was born in the city of,subject_all,1 2 3,6-20,jspace_restore_rest,0," London, England.", London,0,-4.9614,-4.6665,0.2949,-1.0281,-0.7485,0.2796,1,0, London,0.1357
Isaac Newton,birth_city,Isaac Newton was born in the city of,subject_all,1 2 3,6-20,name_lens,0," London, England.", London,0,-4.9614,-4.8839,0.0776,-1.0281,-1.0835,-0.0554,1,0, London,0.2195
Isaac Newton,birth_year,Isaac Newton was born in the year,subject_all,1 2 3,9-13,jspace,0, 1643.,164,1,-2.7329,-4.3022,-1.5693,-0.5932,-1.5823,-0.9891,1,0,164,0.0147
Isaac Newton,birth_year,Isaac Newton was born in the year,subject_all,1 2 3,9-13,jspace_keep_name,0, 1643.,164,1,-2.7329,-3.7967,-1.0638,-0.5932,-1.169,-0.5758,1,0,164,0.0174
Isaac Newton,birth_year,Isaac Newton was born in the year,subject_all,1 2 3,9-13,jspace_restore_rest,0, 1643.,164,1,-2.7329,-2.8092,-0.0764,-0.5932,-0.6642,-0.071,1,0,164,0.0018
Isaac Newton,birth_year,Isaac Newton was born in the year,subject_all,1 2 3,9-13,name_lens,0, 1643.,164,1,-2.7329,-2.6961,0.0368,-0.5932,-0.4886,0.1046,1,0,164,0.0024
Isaac Newton,birth_year,Isaac Newton was born in the year,subject_all,1 2 3,9-17,jspace,0, 1643.,164,1,-2.7329,-4.0987,-1.3658,-0.5932,-1.5129,-0.9197,1,0,164,0.0308
Isaac Newton,birth_year,Isaac Newton was born in the year,subject_all,1 2 3,9-17,jspace_keep_name,0, 1643.,164,1,-2.7329,-5.2172,-2.4843,-0.5932,-2.4708,-1.8776,3,1,166,0.011
Isaac Newton,birth_year,Isaac Newton was born in the year,subject_all,1 2 3,9-17,jspace_restore_rest,0, 1643.,164,1,-2.7329,-2.8372,-0.1043,-0.5932,-0.6461,-0.0528,1,0,164,0.0005
Isaac Newton,birth_year,Isaac Newton was born in the year,subject_all,1 2 3,9-17,name_lens,0, 1643.,164,1,-2.7329,-2.7788,-0.0459,-0.5932,-0.5589,0.0343,1,0,164,0.0038
Isaac Newton,birth_year,Isaac Newton was born in the year,subject_all,1 2 3,6-20,jspace,0, 1643.,164,1,-2.7329,-6.118,-3.3851,-0.5932,-3.0185,-2.4253,4,1,168,0.0923
Isaac Newton,birth_year,Isaac Newton was born in the year,subject_all,1 2 3,6-20,jspace_keep_name,0, 1643.,164,1,-2.7329,-6.905,-4.1722,-0.5932,-4.5005,-3.9073,15,1,200,0.0457
Isaac Newton,birth_year,Isaac Newton was born in the year,subject_all,1 2 3,6-20,jspace_restore_rest,0, 1643.,164,1,-2.7329,-3.4616,-0.7287,-0.5932,-0.5812,0.012,1,0,164,0.0058
Isaac Newton,birth_year,Isaac Newton was born in the year,subject_all,1 2 3,6-20,name_lens,0, 1643.,164,1,-2.7329,-3.4961,-0.7633,-0.5932,-0.9344,-0.3411,1,0,164,0.0083
Isaac Newton,birth_country,Isaac Newton was born in the country of,subject_all,1 2 3,9-13,jspace,0, England. He was, England,0,-5.1023,-5.5592,-0.4569,-0.7423,-1.0526,-0.3103,1,0, England,0.1026
Isaac Newton,birth_country,Isaac Newton was born in the country of,subject_all,1 2 3,9-13,jspace_keep_name,0, England. He was, England,0,-5.1023,-5.4508,-0.3485,-0.7423,-0.9976,-0.2553,1,0, England,0.0658
Isaac Newton,birth_country,Isaac Newton was born in the country of,subject_all,1 2 3,9-13,jspace_restore_rest,0, England. He was, England,0,-5.1023,-5.1543,-0.052,-0.7423,-0.7638,-0.0215,1,0, England,0.0076
Isaac Newton,birth_country,Isaac Newton was born in the country of,subject_all,1 2 3,9-13,name_lens,0, England. He was, England,0,-5.1023,-4.9965,0.1058,-0.7423,-0.7537,-0.0114,1,0, England,0.0135
Isaac Newton,birth_country,Isaac Newton was born in the country of,subject_all,1 2 3,9-17,jspace,0, England. He was, England,0,-5.1023,-5.2785,-0.1762,-0.7423,-0.9795,-0.2372,1,0, England,0.1337
Isaac Newton,birth_country,Isaac Newton was born in the country of,subject_all,1 2 3,9-17,jspace_keep_name,0, England. He was, England,0,-5.1023,-5.3689,-0.2666,-0.7423,-0.9952,-0.2529,1,0, England,0.099
Isaac Newton,birth_country,Isaac Newton was born in the country of,subject_all,1 2 3,9-17,jspace_restore_rest,0, England. He was, England,0,-5.1023,-5.3586,-0.2563,-0.7423,-0.8435,-0.1012,1,0, England,0.0158
Isaac Newton,birth_country,Isaac Newton was born in the country of,subject_all,1 2 3,9-17,name_lens,0, England. He was, England,0,-5.1023,-5.1132,-0.0108,-0.7423,-0.8001,-0.0578,1,0, England,0.0152
Isaac Newton,birth_country,Isaac Newton was born in the country of,subject_all,1 2 3,6-20,jspace,0, England. He was, England,0,-5.1023,-5.6395,-0.5371,-0.7423,-0.9852,-0.2429,1,0, England,0.2216
Isaac Newton,birth_country,Isaac Newton was born in the country of,subject_all,1 2 3,6-20,jspace_keep_name,0, England. He was, England,0,-5.1023,-6.2036,-1.1013,-0.7423,-1.4123,-0.67,1,0, England,0.3279
Isaac Newton,birth_country,Isaac Newton was born in the country of,subject_all,1 2 3,6-20,jspace_restore_rest,0, England. He was, England,0,-5.1023,-5.0793,0.023,-0.7423,-0.7591,-0.0168,1,0, England,0.0279
Isaac Newton,birth_country,Isaac Newton was born in the country of,subject_all,1 2 3,6-20,name_lens,0, England. He was, England,0,-5.1023,-5.0815,0.0208,-0.7423,-0.8944,-0.1521,1,0, England,0.055
Isaac Newton,death_year,Isaac Newton died in the year,subject_all,1 2 3,9-13,jspace,0, 1727.,172,1,-2.9322,-3.5181,-0.5858,-1.0034,-1.6397,-0.6363,1,0,172,0.0257
Isaac Newton,death_year,Isaac Newton died in the year,subject_all,1 2 3,9-13,jspace_keep_name,0, 1727.,172,1,-2.9322,-3.128,-0.1958,-1.0034,-1.2033,-0.1999,1,0,172,0.0375
Isaac Newton,death_year,Isaac Newton died in the year,subject_all,1 2 3,9-13,jspace_restore_rest,0, 1727.,172,1,-2.9322,-2.996,-0.0637,-1.0034,-1.1753,-0.172,1,0,172,0.0066
Isaac Newton,death_year,Isaac Newton died in the year,subject_all,1 2 3,9-13,name_lens,0, 1727.,172,1,-2.9322,-3.0429,-0.1107,-1.0034,-1.2176,-0.2142,1,0,172,0.0033
Isaac Newton,death_year,Isaac Newton died in the year,subject_all,1 2 3,9-17,jspace,0, 1727.,172,1,-2.9322,-3.5395,-0.6073,-1.0034,-1.4261,-0.4227,1,0,172,0.0473
Isaac Newton,death_year,Isaac Newton died in the year,subject_all,1 2 3,9-17,jspace_keep_name,0, 1727.,172,1,-2.9322,-4.0946,-1.1624,-1.0034,-2.0176,-1.0142,2,1,170,0.0339
Isaac Newton,death_year,Isaac Newton died in the year,subject_all,1 2 3,9-17,jspace_restore_rest,0, 1727.,172,1,-2.9322,-2.9518,-0.0196,-1.0034,-1.1868,-0.1835,1,0,172,0.0045
Isaac Newton,death_year,Isaac Newton died in the year,subject_all,1 2 3,9-17,name_lens,0, 1727.,172,1,-2.9322,-3.093,-0.1608,-1.0034,-1.2886,-0.2852,1,0,172,0.0032
Isaac Newton,death_year,Isaac Newton died in the year,subject_all,1 2 3,6-20,jspace,0, 1727.,172,1,-2.9322,-5.5154,-2.5832,-1.0034,-3.0473,-2.044,3,1,193,0.1824
Isaac Newton,death_year,Isaac Newton died in the year,subject_all,1 2 3,6-20,jspace_keep_name,0, 1727.,172,1,-2.9322,-4.6634,-1.7312,-1.0034,-2.1781,-1.1747,1,0,172,0.0975
Isaac Newton,death_year,Isaac Newton died in the year,subject_all,1 2 3,6-20,jspace_restore_rest,0, 1727.,172,1,-2.9322,-3.8532,-0.921,-1.0034,-2.0383,-1.0349,1,0,172,0.0394
Isaac Newton,death_year,Isaac Newton died in the year,subject_all,1 2 3,6-20,name_lens,0, 1727.,172,1,-2.9322,-3.1197,-0.1875,-1.0034,-1.4071,-0.4037,1,0,172,0.048
Isaac Newton,occupation,Isaac Newton worked as a,subject_all,1 2 3,9-13,jspace,0, scientist in the , scientist,0,-6.6743,-7.9878,-1.3135,-3.0999,-4.1365,-1.0365,5,1, tax,0.1285
Isaac Newton,occupation,Isaac Newton worked as a,subject_all,1 2 3,9-13,jspace_keep_name,0, scientist in the , scientist,0,-6.6743,-7.819,-1.1447,-3.0999,-3.8723,-0.7724,6,1, teacher,0.0828
Isaac Newton,occupation,Isaac Newton worked as a,subject_all,1 2 3,9-13,jspace_restore_rest,0, scientist in the , scientist,0,-6.6743,-6.9525,-0.2782,-3.0999,-3.1533,-0.0534,2,1, tax,0.046
Isaac Newton,occupation,Isaac Newton worked as a,subject_all,1 2 3,9-13,name_lens,0, scientist in the , scientist,0,-6.6743,-6.5998,0.0745,-3.0999,-3.0157,0.0842,1,0, scientist,0.0471
Isaac Newton,occupation,Isaac Newton worked as a,subject_all,1 2 3,9-17,jspace,0, scientist in the , scientist,0,-6.6743,-8.2664,-1.5921,-3.0999,-4.2287,-1.1288,8,1, tax,0.1835
Isaac Newton,occupation,Isaac Newton worked as a,subject_all,1 2 3,9-17,jspace_keep_name,0, scientist in the , scientist,0,-6.6743,-7.8294,-1.1551,-3.0999,-3.962,-0.8621,5,1, ______,0.1809
Isaac Newton,occupation,Isaac Newton worked as a,subject_all,1 2 3,9-17,jspace_restore_rest,0, scientist in the , scientist,0,-6.6743,-6.9075,-0.2332,-3.0999,-3.1828,-0.0829,2,1, tax,0.0504
Isaac Newton,occupation,Isaac Newton worked as a,subject_all,1 2 3,9-17,name_lens,0, scientist in the , scientist,0,-6.6743,-6.5858,0.0886,-3.0999,-2.9796,0.1203,1,0, scientist,0.0512
Isaac Newton,occupation,Isaac Newton worked as a,subject_all,1 2 3,6-20,jspace,0, scientist in the , scientist,0,-6.6743,-9.0027,-2.3283,-3.0999,-4.7232,-1.6233,12,1, teacher,0.4024
Isaac Newton,occupation,Isaac Newton worked as a,subject_all,1 2 3,6-20,jspace_keep_name,0, scientist in the , scientist,0,-6.6743,-10.3776,-3.7033,-3.0999,-6.2592,-3.1593,62,1, *,0.6054
Isaac Newton,occupation,Isaac Newton worked as a,subject_all,1 2 3,6-20,jspace_restore_rest,0, scientist in the , scientist,0,-6.6743,-6.3621,0.3122,-3.0999,-2.9017,0.1982,1,0, scientist,0.0671
Isaac Newton,occupation,Isaac Newton worked as a,subject_all,1 2 3,6-20,name_lens,0, scientist in the , scientist,0,-6.6743,-6.5008,0.1735,-3.0999,-2.9921,0.1078,1,0, scientist,0.1269
Isaac Newton,profession_of,The profession of Isaac Newton was,subject_all,4 5,9-13,jspace,0, a physicist., physic,1,-5.7121,-6.1142,-0.402,-2.4628,-2.6631,-0.2003,1,0, physic,0.0466
Isaac Newton,profession_of,The profession of Isaac Newton was,subject_all,4 5,9-13,jspace_keep_name,0, a physicist., physic,1,-5.7121,-6.1509,-0.4388,-2.4628,-3.0672,-0.6044,2,1, mathematic,0.0596
Isaac Newton,profession_of,The profession of Isaac Newton was,subject_all,4 5,9-13,jspace_restore_rest,0, a physicist., physic,1,-5.7121,-6.0983,-0.3862,-2.4628,-2.6819,-0.2191,2,1, scientist,0.0234
Isaac Newton,profession_of,The profession of Isaac Newton was,subject_all,4 5,9-13,name_lens,0, a physicist., physic,1,-5.7121,-6.1568,-0.4446,-2.4628,-2.7552,-0.2924,2,1, scientist,0.0213
Isaac Newton,profession_of,The profession of Isaac Newton was,subject_all,4 5,9-17,jspace,0, a physicist., physic,1,-5.7121,-6.6492,-0.937,-2.4628,-2.9793,-0.5165,2,1, scientist,0.0648
Isaac Newton,profession_of,The profession of Isaac Newton was,subject_all,4 5,9-17,jspace_keep_name,0, a physicist., physic,1,-5.7121,-6.67,-0.9579,-2.4628,-3.3245,-0.8616,5,1, ______,0.0569
Isaac Newton,profession_of,The profession of Isaac Newton was,subject_all,4 5,9-17,jspace_restore_rest,0, a physicist., physic,1,-5.7121,-6.1477,-0.4356,-2.4628,-2.7403,-0.2775,2,1, scientist,0.0245
Isaac Newton,profession_of,The profession of Isaac Newton was,subject_all,4 5,9-17,name_lens,0, a physicist., physic,1,-5.7121,-6.0925,-0.3803,-2.4628,-2.7219,-0.259,2,1, scientist,0.0239
Isaac Newton,profession_of,The profession of Isaac Newton was,subject_all,4 5,6-20,jspace,0, a physicist., physic,1,-5.7121,-6.3768,-0.6646,-2.4628,-2.9598,-0.497,1,1, scientist,0.1639
Isaac Newton,profession_of,The profession of Isaac Newton was,subject_all,4 5,6-20,jspace_keep_name,0, a physicist., physic,1,-5.7121,-6.5053,-0.7932,-2.4628,-3.0847,-0.6219,2,1, ______,0.1618
Isaac Newton,profession_of,The profession of Isaac Newton was,subject_all,4 5,6-20,jspace_restore_rest,0, a physicist., physic,1,-5.7121,-5.2779,0.4343,-2.4628,-2.1516,0.3112,2,1, scientist,0.0278
Isaac Newton,profession_of,The profession of Isaac Newton was,subject_all,4 5,6-20,name_lens,0, a physicist., physic,1,-5.7121,-5.9734,-0.2612,-2.4628,-2.7154,-0.2526,2,1, scientist,0.0506
Isaac Newton,instrument,Isaac Newton played the,subject_all,1 2 3,9-13,jspace,0," violin, but he", violin,0,-6.3506,-7.251,-0.9004,-1.2445,-1.6632,-0.4187,1,0, violin,0.0632
Isaac Newton,instrument,Isaac Newton played the,subject_all,1 2 3,9-13,jspace_keep_name,0," violin, but he", violin,0,-6.3506,-7.2291,-0.8785,-1.2445,-1.6025,-0.3579,1,0, violin,0.0488
Isaac Newton,instrument,Isaac Newton played the,subject_all,1 2 3,9-13,jspace_restore_rest,0," violin, but he", violin,0,-6.3506,-6.4643,-0.1137,-1.2445,-1.2061,0.0384,1,0, violin,0.0242
Isaac Newton,instrument,Isaac Newton played the,subject_all,1 2 3,9-13,name_lens,0," violin, but he", violin,0,-6.3506,-6.4171,-0.0665,-1.2445,-1.2572,-0.0127,1,0, violin,0.0192
Isaac Newton,instrument,Isaac Newton played the,subject_all,1 2 3,9-17,jspace,0," violin, but he", violin,0,-6.3506,-7.2846,-0.9341,-1.2445,-1.7643,-0.5198,2,1, piano,0.0806
Isaac Newton,instrument,Isaac Newton played the,subject_all,1 2 3,9-17,jspace_keep_name,0," violin, but he", violin,0,-6.3506,-7.2857,-0.9351,-1.2445,-1.742,-0.4975,1,1, piano,0.0906
Isaac Newton,instrument,Isaac Newton played the,subject_all,1 2 3,9-17,jspace_restore_rest,0," violin, but he", violin,0,-6.3506,-6.4651,-0.1145,-1.2445,-1.1767,0.0678,1,0, violin,0.0285
Isaac Newton,instrument,Isaac Newton played the,subject_all,1 2 3,9-17,name_lens,0," violin, but he", violin,0,-6.3506,-6.4349,-0.0843,-1.2445,-1.265,-0.0205,1,0, violin,0.0244
Isaac Newton,instrument,Isaac Newton played the,subject_all,1 2 3,6-20,jspace,0," violin, but he", violin,0,-6.3506,-8.6248,-2.2742,-1.2445,-2.3399,-1.0953,3,1, role,0.2662
Isaac Newton,instrument,Isaac Newton played the,subject_all,1 2 3,6-20,jspace_keep_name,0," violin, but he", violin,0,-6.3506,-9.2583,-2.9077,-1.2445,-2.9955,-1.7509,3,1, piano,0.4382
Isaac Newton,instrument,Isaac Newton played the,subject_all,1 2 3,6-20,jspace_restore_rest,0," violin, but he", violin,0,-6.3506,-6.4478,-0.0972,-1.2445,-1.1709,0.0736,1,0, violin,0.0464
Isaac Newton,instrument,Isaac Newton played the,subject_all,1 2 3,6-20,name_lens,0," violin, but he", violin,0,-6.3506,-7.1484,-0.7978,-1.2445,-1.6475,-0.403,1,1, piano,0.1063
Isaac Newton,famous_for,Isaac Newton is famous for,subject_all,1 2 3,9-13,jspace,0, his laws of motion, laws,1,-2.3856,-2.7363,-0.3507,-1.3328,-1.6609,-0.3281,2,1, work,0.0169
Isaac Newton,famous_for,Isaac Newton is famous for,subject_all,1 2 3,9-13,jspace_keep_name,0, his laws of motion, laws,1,-2.3856,-2.3172,0.0684,-1.3328,-1.2852,0.0475,2,1, work,0.0218
Isaac Newton,famous_for,Isaac Newton is famous for,subject_all,1 2 3,9-13,jspace_restore_rest,0, his laws of motion, laws,1,-2.3856,-2.5621,-0.1765,-1.3328,-1.4575,-0.1247,2,1, work,0.0047
Isaac Newton,famous_for,Isaac Newton is famous for,subject_all,1 2 3,9-13,name_lens,0, his laws of motion, laws,1,-2.3856,-2.5266,-0.141,-1.3328,-1.4651,-0.1324,2,1, work,0.008
Isaac Newton,famous_for,Isaac Newton is famous for,subject_all,1 2 3,9-17,jspace,0, his laws of motion, laws,1,-2.3856,-2.7794,-0.3938,-1.3328,-1.6642,-0.3315,2,1, work,0.0265
Isaac Newton,famous_for,Isaac Newton is famous for,subject_all,1 2 3,9-17,jspace_keep_name,0, his laws of motion, laws,1,-2.3856,-2.7506,-0.365,-1.3328,-1.6293,-0.2965,2,1, work,0.0532
Isaac Newton,famous_for,Isaac Newton is famous for,subject_all,1 2 3,9-17,jspace_restore_rest,0, his laws of motion, laws,1,-2.3856,-2.4873,-0.1017,-1.3328,-1.3624,-0.0296,2,1, work,0.0079
Isaac Newton,famous_for,Isaac Newton is famous for,subject_all,1 2 3,9-17,name_lens,0, his laws of motion, laws,1,-2.3856,-2.4797,-0.0941,-1.3328,-1.4311,-0.0983,2,1, work,0.0083
Isaac Newton,famous_for,Isaac Newton is famous for,subject_all,1 2 3,6-20,jspace,0, his laws of motion, laws,1,-2.3856,-2.875,-0.4894,-1.3328,-1.7151,-0.3823,2,1, work,0.1376
Isaac Newton,famous_for,Isaac Newton is famous for,subject_all,1 2 3,6-20,jspace_keep_name,0, his laws of motion, laws,1,-2.3856,-2.5957,-0.2101,-1.3328,-1.5001,-0.1673,2,1, work,0.1299
Isaac Newton,famous_for,Isaac Newton is famous for,subject_all,1 2 3,6-20,jspace_restore_rest,0, his laws of motion, laws,1,-2.3856,-2.4449,-0.0593,-1.3328,-1.5324,-0.1996,2,1, work,0.0124
Isaac Newton,famous_for,Isaac Newton is famous for,subject_all,1 2 3,6-20,name_lens,0, his laws of motion, laws,1,-2.3856,-2.5324,-0.1468,-1.3328,-1.5287,-0.1959,2,1, work,0.0184
Isaac Newton,language,Isaac Newton spoke the language of,subject_all,1 2 3,9-13,jspace,0," the universe, and", universe,1,-5.3684,-5.9476,-0.5792,-1.208,-1.5679,-0.3599,1,0, universe,0.0258
Isaac Newton,language,Isaac Newton spoke the language of,subject_all,1 2 3,9-13,jspace_keep_name,0," the universe, and", universe,1,-5.3684,-5.5636,-0.1952,-1.208,-1.276,-0.068,1,0, universe,0.0244
Isaac Newton,language,Isaac Newton spoke the language of,subject_all,1 2 3,9-13,jspace_restore_rest,0," the universe, and", universe,1,-5.3684,-5.5785,-0.2102,-1.208,-1.33,-0.122,1,0, universe,0.0059
Isaac Newton,language,Isaac Newton spoke the language of,subject_all,1 2 3,9-13,name_lens,0," the universe, and", universe,1,-5.3684,-5.461,-0.0926,-1.208,-1.2265,-0.0185,1,0, universe,0.0089
Isaac Newton,language,Isaac Newton spoke the language of,subject_all,1 2 3,9-17,jspace,0," the universe, and", universe,1,-5.3684,-6.0398,-0.6714,-1.208,-1.5909,-0.3829,1,0, universe,0.0354
Isaac Newton,language,Isaac Newton spoke the language of,subject_all,1 2 3,9-17,jspace_keep_name,0," the universe, and", universe,1,-5.3684,-5.6465,-0.2781,-1.208,-1.4096,-0.2016,1,0, universe,0.0296
Isaac Newton,language,Isaac Newton spoke the language of,subject_all,1 2 3,9-17,jspace_restore_rest,0," the universe, and", universe,1,-5.3684,-5.5353,-0.1669,-1.208,-1.3572,-0.1492,1,0, universe,0.0065
Isaac Newton,language,Isaac Newton spoke the language of,subject_all,1 2 3,9-17,name_lens,0," the universe, and", universe,1,-5.3684,-5.4654,-0.097,-1.208,-1.2483,-0.0402,1,0, universe,0.0099
Isaac Newton,language,Isaac Newton spoke the language of,subject_all,1 2 3,6-20,jspace,0," the universe, and", universe,1,-5.3684,-6.6875,-1.3191,-1.208,-2.2775,-1.0695,1,0, universe,0.1367
Isaac Newton,language,Isaac Newton spoke the language of,subject_all,1 2 3,6-20,jspace_keep_name,0," the universe, and", universe,1,-5.3684,-6.8523,-1.4839,-1.208,-2.4666,-1.2586,1,0, universe,0.1453
Isaac Newton,language,Isaac Newton spoke the language of,subject_all,1 2 3,6-20,jspace_restore_rest,0," the universe, and", universe,1,-5.3684,-5.7698,-0.4014,-1.208,-1.3933,-0.1853,1,0, universe,0.0224
Isaac Newton,language,Isaac Newton spoke the language of,subject_all,1 2 3,6-20,name_lens,0," the universe, and", universe,1,-5.3684,-5.7576,-0.3892,-1.208,-1.4893,-0.2812,1,0, universe,0.0315
Isaac Newton,spouse,Isaac Newton was married to,subject_all,1 2 3,9-13,jspace,0, a woman named Hannah, woman,1,-4.4168,-5.3436,-0.9268,-0.6302,-0.7808,-0.1506,1,0, woman,0.1064
Isaac Newton,spouse,Isaac Newton was married to,subject_all,1 2 3,9-13,jspace_keep_name,0, a woman named Hannah, woman,1,-4.4168,-4.9143,-0.4974,-0.6302,-0.8218,-0.1916,1,0, woman,0.0835
Isaac Newton,spouse,Isaac Newton was married to,subject_all,1 2 3,9-13,jspace_restore_rest,0, a woman named Hannah, woman,1,-4.4168,-4.6629,-0.2461,-0.6302,-0.6208,0.0094,1,0, woman,0.0455
Isaac Newton,spouse,Isaac Newton was married to,subject_all,1 2 3,9-13,name_lens,0, a woman named Hannah, woman,1,-4.4168,-4.396,0.0209,-0.6302,-0.5847,0.0454,1,0, woman,0.0635
Isaac Newton,spouse,Isaac Newton was married to,subject_all,1 2 3,9-17,jspace,0, a woman named Hannah, woman,1,-4.4168,-5.5303,-1.1135,-0.6302,-0.8552,-0.2251,1,0, woman,0.1509
Isaac Newton,spouse,Isaac Newton was married to,subject_all,1 2 3,9-17,jspace_keep_name,0, a woman named Hannah, woman,1,-4.4168,-6.0856,-1.6688,-0.6302,-0.8394,-0.2092,1,0, woman,0.2159
Isaac Newton,spouse,Isaac Newton was married to,subject_all,1 2 3,9-17,jspace_restore_rest,0, a woman named Hannah, woman,1,-4.4168,-4.8814,-0.4645,-0.6302,-0.6311,-0.0009,1,0, woman,0.0535
Isaac Newton,spouse,Isaac Newton was married to,subject_all,1 2 3,9-17,name_lens,0, a woman named Hannah, woman,1,-4.4168,-4.4572,-0.0404,-0.6302,-0.5669,0.0633,1,0, woman,0.0752
Isaac Newton,spouse,Isaac Newton was married to,subject_all,1 2 3,6-20,jspace,0, a woman named Hannah, woman,1,-4.4168,-6.5973,-2.1805,-0.6302,-0.6368,-0.0066,1,0, woman,0.2626
Isaac Newton,spouse,Isaac Newton was married to,subject_all,1 2 3,6-20,jspace_keep_name,0, a woman named Hannah, woman,1,-4.4168,-6.3847,-1.9679,-0.6302,-0.7448,-0.1146,1,0, woman,0.3076
Isaac Newton,spouse,Isaac Newton was married to,subject_all,1 2 3,6-20,jspace_restore_rest,0, a woman named Hannah, woman,1,-4.4168,-5.0958,-0.679,-0.6302,-0.5428,0.0873,1,0, woman,0.1242
Isaac Newton,spouse,Isaac Newton was married to,subject_all,1 2 3,6-20,name_lens,0, a woman named Hannah, woman,1,-4.4168,-5.0333,-0.6165,-0.6302,-0.5089,0.1213,1,0, woman,0.1423
Isaac Newton,education,Isaac Newton studied at the University of,subject_all,1 2 3,9-13,jspace,0," Cambridge, where he", Cambridge,0,-2.6159,-2.92,-0.3041,-0.1602,-0.4123,-0.2521,1,0, Cambridge,0.1021
Isaac Newton,education,Isaac Newton studied at the University of,subject_all,1 2 3,9-13,jspace_keep_name,0," Cambridge, where he", Cambridge,0,-2.6159,-2.8972,-0.2813,-0.1602,-0.3483,-0.1881,1,0, Cambridge,0.0658
Isaac Newton,education,Isaac Newton studied at the University of,subject_all,1 2 3,9-13,jspace_restore_rest,0," Cambridge, where he", Cambridge,0,-2.6159,-2.6377,-0.0218,-0.1602,-0.1707,-0.0105,1,0, Cambridge,0.0028
Isaac Newton,education,Isaac Newton studied at the University of,subject_all,1 2 3,9-13,name_lens,0," Cambridge, where he", Cambridge,0,-2.6159,-2.7065,-0.0906,-0.1602,-0.19,-0.0298,1,0, Cambridge,0.0103
Isaac Newton,education,Isaac Newton studied at the University of,subject_all,1 2 3,9-17,jspace,0," Cambridge, where he", Cambridge,0,-2.6159,-3.0949,-0.479,-0.1602,-0.4501,-0.2899,1,0, Cambridge,0.1374
Isaac Newton,education,Isaac Newton studied at the University of,subject_all,1 2 3,9-17,jspace_keep_name,0," Cambridge, where he", Cambridge,0,-2.6159,-3.1073,-0.4914,-0.1602,-0.6152,-0.4549,1,0, Cambridge,0.2354
Isaac Newton,education,Isaac Newton studied at the University of,subject_all,1 2 3,9-17,jspace_restore_rest,0," Cambridge, where he", Cambridge,0,-2.6159,-2.7162,-0.1003,-0.1602,-0.1863,-0.0261,1,0, Cambridge,0.0055
Isaac Newton,education,Isaac Newton studied at the University of,subject_all,1 2 3,9-17,name_lens,0," Cambridge, where he", Cambridge,0,-2.6159,-2.7551,-0.1393,-0.1602,-0.1858,-0.0256,1,0, Cambridge,0.012
Isaac Newton,education,Isaac Newton studied at the University of,subject_all,1 2 3,6-20,jspace,0," Cambridge, where he", Cambridge,0,-2.6159,-3.5713,-0.9554,-0.1602,-0.7485,-0.5883,1,0, Cambridge,0.3396
Isaac Newton,education,Isaac Newton studied at the University of,subject_all,1 2 3,6-20,jspace_keep_name,0," Cambridge, where he", Cambridge,0,-2.6159,-3.1906,-0.5747,-0.1602,-0.7143,-0.5541,1,0, Cambridge,0.3552
Isaac Newton,education,Isaac Newton studied at the University of,subject_all,1 2 3,6-20,jspace_restore_rest,0," Cambridge, where he", Cambridge,0,-2.6159,-2.9293,-0.3134,-0.1602,-0.2315,-0.0713,1,0, Cambridge,0.0268
Isaac Newton,education,Isaac Newton studied at the University of,subject_all,1 2 3,6-20,name_lens,0," Cambridge, where he", Cambridge,0,-2.6159,-2.9293,-0.3134,-0.1602,-0.2584,-0.0982,1,0, Cambridge,0.0365
Isaac Newton,citizenship,Isaac Newton was a citizen of,subject_all,1 2 3,9-13,jspace,0, the United Kingdom., United,1,-3.8462,-3.8229,0.0234,-0.9436,-0.8138,0.1298,1,0, United,0.1097
Isaac Newton,citizenship,Isaac Newton was a citizen of,subject_all,1 2 3,9-13,jspace_keep_name,0, the United Kingdom., United,1,-3.8462,-3.8456,0.0007,-0.9436,-0.82,0.1236,1,0, United,0.0678
Isaac Newton,citizenship,Isaac Newton was a citizen of,subject_all,1 2 3,9-13,jspace_restore_rest,0, the United Kingdom., United,1,-3.8462,-3.8414,0.0049,-0.9436,-0.9967,-0.0531,1,0, United,0.0064
Isaac Newton,citizenship,Isaac Newton was a citizen of,subject_all,1 2 3,9-13,name_lens,0, the United Kingdom., United,1,-3.8462,-3.8516,-0.0053,-0.9436,-1.0241,-0.0805,1,0, United,0.0076
Isaac Newton,citizenship,Isaac Newton was a citizen of,subject_all,1 2 3,9-17,jspace,0, the United Kingdom., United,1,-3.8462,-3.7645,0.0817,-0.9436,-0.7221,0.2214,1,0, United,0.1158
Isaac Newton,citizenship,Isaac Newton was a citizen of,subject_all,1 2 3,9-17,jspace_keep_name,0, the United Kingdom., United,1,-3.8462,-3.5518,0.2944,-0.9436,-0.6888,0.2548,1,0, United,0.0869
Isaac Newton,citizenship,Isaac Newton was a citizen of,subject_all,1 2 3,9-17,jspace_restore_rest,0, the United Kingdom., United,1,-3.8462,-3.8245,0.0218,-0.9436,-1.0118,-0.0683,1,0, United,0.0089
Isaac Newton,citizenship,Isaac Newton was a citizen of,subject_all,1 2 3,9-17,name_lens,0, the United Kingdom., United,1,-3.8462,-3.779,0.0672,-0.9436,-1.0051,-0.0615,1,0, United,0.0099
Isaac Newton,citizenship,Isaac Newton was a citizen of,subject_all,1 2 3,6-20,jspace,0, the United Kingdom., United,1,-3.8462,-4.4142,-0.5679,-0.9436,-0.8237,0.1199,1,0, United,0.364
Isaac Newton,citizenship,Isaac Newton was a citizen of,subject_all,1 2 3,6-20,jspace_keep_name,0, the United Kingdom., United,1,-3.8462,-4.0084,-0.1622,-0.9436,-0.7338,0.2098,1,0, United,0.3584
Isaac Newton,citizenship,Isaac Newton was a citizen of,subject_all,1 2 3,6-20,jspace_restore_rest,0, the United Kingdom., United,1,-3.8462,-3.6206,0.2256,-0.9436,-0.8617,0.0819,1,0, United,0.0294
Isaac Newton,citizenship,Isaac Newton was a citizen of,subject_all,1 2 3,6-20,name_lens,0, the United Kingdom., United,1,-3.8462,-3.6256,0.2206,-0.9436,-0.8314,0.1122,1,0, United,0.0382
Isaac Newton,copy_first_name,The first name of Isaac Newton is,subject_all,5 6,9-13,jspace,0, Isaac. The second, Isaac,0,-5.3917,-5.9815,-0.5898,-2.4905,-3.018,-0.5275,2,1,?,0.0836
Isaac Newton,copy_first_name,The first name of Isaac Newton is,subject_all,5 6,9-13,jspace_keep_name,0, Isaac. The second, Isaac,0,-5.3917,-5.6651,-0.2734,-2.4905,-2.8043,-0.3138,1,0, Isaac,0.0365
Isaac Newton,copy_first_name,The first name of Isaac Newton is,subject_all,5 6,9-13,jspace_restore_rest,0, Isaac. The second, Isaac,0,-5.3917,-5.5614,-0.1697,-2.4905,-2.7194,-0.2289,2,1,?,0.0234
Isaac Newton,copy_first_name,The first name of Isaac Newton is,subject_all,5 6,9-13,name_lens,0, Isaac. The second, Isaac,0,-5.3917,-5.7325,-0.3408,-2.4905,-2.8145,-0.324,2,1,?,0.0431
Isaac Newton,copy_first_name,The first name of Isaac Newton is,subject_all,5 6,9-17,jspace,0, Isaac. The second, Isaac,0,-5.3917,-8.6776,-3.2859,-2.4905,-5.4253,-2.9348,39,1,?,0.2908
Isaac Newton,copy_first_name,The first name of Isaac Newton is,subject_all,5 6,9-17,jspace_keep_name,0, Isaac. The second, Isaac,0,-5.3917,-6.8656,-1.4738,-2.4905,-4.0671,-1.5766,10,1,?,0.1583
Isaac Newton,copy_first_name,The first name of Isaac Newton is,subject_all,5 6,9-17,jspace_restore_rest,0, Isaac. The second, Isaac,0,-5.3917,-5.8367,-0.445,-2.4905,-2.94,-0.4495,3,1,?,0.0361
Isaac Newton,copy_first_name,The first name of Isaac Newton is,subject_all,5 6,9-17,name_lens,0, Isaac. The second, Isaac,0,-5.3917,-6.4993,-1.1076,-2.4905,-3.6458,-1.1553,6,1,?,0.1032
Isaac Newton,copy_first_name,The first name of Isaac Newton is,subject_all,5 6,6-20,jspace,0, Isaac. The second, Isaac,0,-5.3917,-11.0069,-5.6152,-2.4905,-8.4437,-5.9532,333,1,?,0.8561
Isaac Newton,copy_first_name,The first name of Isaac Newton is,subject_all,5 6,6-20,jspace_keep_name,0, Isaac. The second, Isaac,0,-5.3917,-8.8216,-3.4298,-2.4905,-5.8737,-3.3832,56,1," """,0.4666
Isaac Newton,copy_first_name,The first name of Isaac Newton is,subject_all,5 6,6-20,jspace_restore_rest,0, Isaac. The second, Isaac,0,-5.3917,-6.1074,-0.7157,-2.4905,-3.3768,-0.8863,5,1,?,0.1087
Isaac Newton,copy_first_name,The first name of Isaac Newton is,subject_all,5 6,6-20,name_lens,0, Isaac. The second, Isaac,0,-5.3917,-7.9758,-2.5841,-2.4905,-5.1279,-2.6374,32,1,?,0.2559
Isaac Newton,copy_last_name,The last name of Isaac Newton is,subject_all,5 6,9-13,jspace,0, not Newton. The, not,0,-8.3497,-11.4313,-3.0816,-2.5276,-2.2373,0.2903,1,0, not,0.1275
Isaac Newton,copy_last_name,The last name of Isaac Newton is,subject_all,5 6,9-13,jspace_keep_name,0, not Newton. The, not,0,-8.3497,-9.1724,-0.8227,-2.5276,-2.467,0.0606,1,0, not,0.0495
Isaac Newton,copy_last_name,The last name of Isaac Newton is,subject_all,5 6,9-13,jspace_restore_rest,0, not Newton. The, not,0,-8.3497,-9.2464,-0.8967,-2.5276,-2.5227,0.0049,1,0, not,0.0192
Isaac Newton,copy_last_name,The last name of Isaac Newton is,subject_all,5 6,9-13,name_lens,0, not Newton. The, not,0,-8.3497,-10.075,-1.7253,-2.5276,-2.434,0.0936,1,0, not,0.0506
Isaac Newton,copy_last_name,The last name of Isaac Newton is,subject_all,5 6,9-17,jspace,0, not Newton. The, not,0,-8.3497,-12.2729,-3.9232,-2.5276,-2.4425,0.0851,1,0, not,0.1394
Isaac Newton,copy_last_name,The last name of Isaac Newton is,subject_all,5 6,9-17,jspace_keep_name,0, not Newton. The, not,0,-8.3497,-12.1458,-3.7961,-2.5276,-2.5485,-0.0208,1,0, not,0.1484
Isaac Newton,copy_last_name,The last name of Isaac Newton is,subject_all,5 6,9-17,jspace_restore_rest,0, not Newton. The, not,0,-8.3497,-9.3976,-1.0479,-2.5276,-2.5075,0.0201,2,1, what,0.0392
Isaac Newton,copy_last_name,The last name of Isaac Newton is,subject_all,5 6,9-17,name_lens,0, not Newton. The, not,0,-8.3497,-10.4727,-2.123,-2.5276,-2.3696,0.158,1,0, not,0.0809
Isaac Newton,copy_last_name,The last name of Isaac Newton is,subject_all,5 6,6-20,jspace,0, not Newton. The, not,0,-8.3497,-16.3689,-8.0192,-2.5276,-2.5055,0.0222,1,0, not,0.5922
Isaac Newton,copy_last_name,The last name of Isaac Newton is,subject_all,5 6,6-20,jspace_keep_name,0, not Newton. The, not,0,-8.3497,-15.7876,-7.4379,-2.5276,-4.2957,-1.7681,12,1," """,1.0633
Isaac Newton,copy_last_name,The last name of Isaac Newton is,subject_all,5 6,6-20,jspace_restore_rest,0, not Newton. The, not,0,-8.3497,-13.5214,-5.1717,-2.5276,-2.5237,0.0039,1,0, not,0.2739
Isaac Newton,copy_last_name,The last name of Isaac Newton is,subject_all,5 6,6-20,name_lens,0, not Newton. The, not,0,-8.3497,-13.6434,-5.2937,-2.5276,-2.5457,-0.018,2,1, what,0.2483
Charles Darwin,birth_city,Charles Darwin was born in the city of,subject_all,1 2,9-13,jspace,0," Shrewsbury,", Sh,0,-2.5027,-7.9787,-5.4761,-1.3316,-6.346,-5.0144,55,1, London,1.3986
Charles Darwin,birth_city,Charles Darwin was born in the city of,subject_all,1 2,9-13,jspace_keep_name,0," Shrewsbury,", Sh,0,-2.5027,-4.5745,-2.0719,-1.3316,-3.4541,-2.1225,3,1, London,0.4964
Charles Darwin,birth_city,Charles Darwin was born in the city of,subject_all,1 2,9-13,jspace_restore_rest,0," Shrewsbury,", Sh,0,-2.5027,-3.5819,-1.0792,-1.3316,-2.3353,-1.0037,2,1, London,0.3057
Charles Darwin,birth_city,Charles Darwin was born in the city of,subject_all,1 2,9-13,name_lens,0," Shrewsbury,", Sh,0,-2.5027,-4.713,-2.2104,-1.3316,-3.4132,-2.0816,2,1, London,0.6159
Charles Darwin,birth_city,Charles Darwin was born in the city of,subject_all,1 2,9-17,jspace,0," Shrewsbury,", Sh,0,-2.5027,-7.9881,-5.4854,-1.3316,-6.4383,-5.1067,55,1, London,1.612
Charles Darwin,birth_city,Charles Darwin was born in the city of,subject_all,1 2,9-17,jspace_keep_name,0," Shrewsbury,", Sh,0,-2.5027,-4.2013,-1.6987,-1.3316,-3.0937,-1.762,4,1, London,0.519
Charles Darwin,birth_city,Charles Darwin was born in the city of,subject_all,1 2,9-17,jspace_restore_rest,0," Shrewsbury,", Sh,0,-2.5027,-4.7413,-2.2386,-1.3316,-3.4967,-2.1651,2,1, London,0.6563
Charles Darwin,birth_city,Charles Darwin was born in the city of,subject_all,1 2,9-17,name_lens,0," Shrewsbury,", Sh,0,-2.5027,-5.9797,-3.4771,-1.3316,-4.6522,-3.3206,8,1, London,0.9946
Charles Darwin,birth_city,Charles Darwin was born in the city of,subject_all,1 2,6-20,jspace,0," Shrewsbury,", Sh,0,-2.5027,-11.0057,-8.5031,-1.3316,-9.6347,-8.3031,929,1, ,2.5835
Charles Darwin,birth_city,Charles Darwin was born in the city of,subject_all,1 2,6-20,jspace_keep_name,0," Shrewsbury,", Sh,0,-2.5027,-5.8145,-3.3118,-1.3316,-4.3553,-3.0237,8,1, London,1.0679
Charles Darwin,birth_city,Charles Darwin was born in the city of,subject_all,1 2,6-20,jspace_restore_rest,0," Shrewsbury,", Sh,0,-2.5027,-6.7213,-4.2187,-1.3316,-5.3968,-4.0651,24,1, London,1.2375
Charles Darwin,birth_city,Charles Darwin was born in the city of,subject_all,1 2,6-20,name_lens,0," Shrewsbury,", Sh,0,-2.5027,-8.2221,-5.7195,-1.3316,-6.7708,-5.4392,100,1, London,1.6094
Charles Darwin,birth_year,Charles Darwin was born in the year,subject_all,1 2,9-13,jspace,0, 1809.,180,1,-2.1599,-3.4043,-1.2444,-0.5135,-0.9252,-0.4117,1,0,180,0.2467
Charles Darwin,birth_year,Charles Darwin was born in the year,subject_all,1 2,9-13,jspace_keep_name,0, 1809.,180,1,-2.1599,-2.6523,-0.4924,-0.5135,-0.7138,-0.2003,1,0,180,0.0268
Charles Darwin,birth_year,Charles Darwin was born in the year,subject_all,1 2,9-13,jspace_restore_rest,0, 1809.,180,1,-2.1599,-2.4967,-0.3367,-0.5135,-0.8968,-0.3834,1,0,180,0.022
Charles Darwin,birth_year,Charles Darwin was born in the year,subject_all,1 2,9-13,name_lens,0, 1809.,180,1,-2.1599,-2.7911,-0.6312,-0.5135,-1.1381,-0.6246,1,0,180,0.0139
Charles Darwin,birth_year,Charles Darwin was born in the year,subject_all,1 2,9-17,jspace,0, 1809.,180,1,-2.1599,-3.4447,-1.2848,-0.5135,-1.1997,-0.6862,1,0,180,0.1389
Charles Darwin,birth_year,Charles Darwin was born in the year,subject_all,1 2,9-17,jspace_keep_name,0, 1809.,180,1,-2.1599,-3.1289,-0.9689,-0.5135,-0.8762,-0.3628,1,0,180,0.0458
Charles Darwin,birth_year,Charles Darwin was born in the year,subject_all,1 2,9-17,jspace_restore_rest,0, 1809.,180,1,-2.1599,-2.6601,-0.5002,-0.5135,-1.0322,-0.5187,1,0,180,0.0239
Charles Darwin,birth_year,Charles Darwin was born in the year,subject_all,1 2,9-17,name_lens,0, 1809.,180,1,-2.1599,-2.8524,-0.6925,-0.5135,-1.2052,-0.6917,1,0,180,0.018
Charles Darwin,birth_year,Charles Darwin was born in the year,subject_all,1 2,6-20,jspace,0, 1809.,180,1,-2.1599,-3.9546,-1.7947,-0.5135,-1.785,-1.2716,2,1,181,0.0501
Charles Darwin,birth_year,Charles Darwin was born in the year,subject_all,1 2,6-20,jspace_keep_name,0, 1809.,180,1,-2.1599,-3.3312,-1.1713,-0.5135,-1.1753,-0.6618,1,0,180,0.192
Charles Darwin,birth_year,Charles Darwin was born in the year,subject_all,1 2,6-20,jspace_restore_rest,0, 1809.,180,1,-2.1599,-3.162,-1.0021,-0.5135,-1.531,-1.0175,1,0,180,0.0635
Charles Darwin,birth_year,Charles Darwin was born in the year,subject_all,1 2,6-20,name_lens,0, 1809.,180,1,-2.1599,-3.6471,-1.4872,-0.5135,-1.7043,-1.1908,2,1,179,0.1167
Charles Darwin,birth_country,Charles Darwin was born in the country of,subject_all,1 2,9-13,jspace,0, England in the year, England,0,-3.1583,-3.8912,-0.7329,-0.869,-1.1867,-0.3177,1,0, England,0.1062
Charles Darwin,birth_country,Charles Darwin was born in the country of,subject_all,1 2,9-13,jspace_keep_name,0, England in the year, England,0,-3.1583,-3.2239,-0.0655,-0.869,-0.8732,-0.0041,1,0, England,0.0388
Charles Darwin,birth_country,Charles Darwin was born in the country of,subject_all,1 2,9-13,jspace_restore_rest,0, England in the year, England,0,-3.1583,-3.264,-0.1056,-0.869,-0.6505,0.2185,1,0, England,0.0562
Charles Darwin,birth_country,Charles Darwin was born in the country of,subject_all,1 2,9-13,name_lens,0, England in the year, England,0,-3.1583,-3.2036,-0.0452,-0.869,-0.6353,0.2337,1,0, England,0.065
Charles Darwin,birth_country,Charles Darwin was born in the country of,subject_all,1 2,9-17,jspace,0, England in the year, England,0,-3.1583,-3.5417,-0.3833,-0.869,-0.986,-0.117,1,0, England,0.0979
Charles Darwin,birth_country,Charles Darwin was born in the country of,subject_all,1 2,9-17,jspace_keep_name,0, England in the year, England,0,-3.1583,-3.5528,-0.3944,-0.869,-1.1703,-0.3013,1,0, England,0.1298
Charles Darwin,birth_country,Charles Darwin was born in the country of,subject_all,1 2,9-17,jspace_restore_rest,0, England in the year, England,0,-3.1583,-3.2901,-0.1317,-0.869,-0.6457,0.2233,1,0, England,0.0747
Charles Darwin,birth_country,Charles Darwin was born in the country of,subject_all,1 2,9-17,name_lens,0, England in the year, England,0,-3.1583,-3.206,-0.0476,-0.869,-0.6747,0.1944,1,0, England,0.0764
Charles Darwin,birth_country,Charles Darwin was born in the country of,subject_all,1 2,6-20,jspace,0, England in the year, England,0,-3.1583,-4.0365,-0.8782,-0.869,-1.1209,-0.2519,1,0, England,0.2069
Charles Darwin,birth_country,Charles Darwin was born in the country of,subject_all,1 2,6-20,jspace_keep_name,0, England in the year, England,0,-3.1583,-5.1709,-2.0125,-0.869,-2.1714,-1.3024,2,1, ,0.8469
Charles Darwin,birth_country,Charles Darwin was born in the country of,subject_all,1 2,6-20,jspace_restore_rest,0, England in the year, England,0,-3.1583,-3.426,-0.2677,-0.869,-0.8226,0.0464,1,0, England,0.0876
Charles Darwin,birth_country,Charles Darwin was born in the country of,subject_all,1 2,6-20,name_lens,0, England in the year, England,0,-3.1583,-3.2852,-0.1268,-0.869,-0.5645,0.3045,1,0, England,0.1452
Charles Darwin,death_year,Charles Darwin died in the year,subject_all,1 2,9-13,jspace,0, 1882.,188,1,-2.9111,-6.6788,-3.7677,-0.7171,-0.9541,-0.237,1,0,188,0.5416
Charles Darwin,death_year,Charles Darwin died in the year,subject_all,1 2,9-13,jspace_keep_name,0, 1882.,188,1,-2.9111,-4.2867,-1.3755,-0.7171,-0.6043,0.1128,1,0,188,0.0264
Charles Darwin,death_year,Charles Darwin died in the year,subject_all,1 2,9-13,jspace_restore_rest,0, 1882.,188,1,-2.9111,-3.813,-0.9018,-0.7171,-0.8192,-0.1021,1,0,188,0.0639
Charles Darwin,death_year,Charles Darwin died in the year,subject_all,1 2,9-13,name_lens,0, 1882.,188,1,-2.9111,-4.7338,-1.8227,-0.7171,-0.8702,-0.1532,1,0,188,0.0618
Charles Darwin,death_year,Charles Darwin died in the year,subject_all,1 2,9-17,jspace,0, 1882.,188,1,-2.9111,-6.7998,-3.8886,-0.7171,-0.9413,-0.2243,1,0,188,0.3934
Charles Darwin,death_year,Charles Darwin died in the year,subject_all,1 2,9-17,jspace_keep_name,0, 1882.,188,1,-2.9111,-5.275,-2.3639,-0.7171,-0.8332,-0.1161,1,0,188,0.0721
Charles Darwin,death_year,Charles Darwin died in the year,subject_all,1 2,9-17,jspace_restore_rest,0, 1882.,188,1,-2.9111,-4.5874,-1.6762,-0.7171,-0.9865,-0.2694,1,0,188,0.0714
Charles Darwin,death_year,Charles Darwin died in the year,subject_all,1 2,9-17,name_lens,0, 1882.,188,1,-2.9111,-5.3223,-2.4111,-0.7171,-1.0161,-0.299,1,0,188,0.0706
Charles Darwin,death_year,Charles Darwin died in the year,subject_all,1 2,6-20,jspace,0, 1882.,188,1,-2.9111,-5.6477,-2.7366,-0.7171,-0.9994,-0.2823,1,0,188,0.0868
Charles Darwin,death_year,Charles Darwin died in the year,subject_all,1 2,6-20,jspace_keep_name,0, 1882.,188,1,-2.9111,-5.172,-2.2608,-0.7171,-0.7135,0.0036,1,0,188,0.2153
Charles Darwin,death_year,Charles Darwin died in the year,subject_all,1 2,6-20,jspace_restore_rest,0, 1882.,188,1,-2.9111,-5.6,-2.6889,-0.7171,-1.4604,-0.7434,1,0,188,0.0889
Charles Darwin,death_year,Charles Darwin died in the year,subject_all,1 2,6-20,name_lens,0, 1882.,188,1,-2.9111,-6.709,-3.7979,-0.7171,-1.3458,-0.6287,1,0,188,0.316
Charles Darwin,occupation,Charles Darwin worked as a,subject_all,1 2,9-13,jspace,0, naturalist on the, natural,0,-5.339,-7.0891,-1.75,-2.5039,-3.5529,-1.049,2,1, teacher,0.119
Charles Darwin,occupation,Charles Darwin worked as a,subject_all,1 2,9-13,jspace_keep_name,0, naturalist on the, natural,0,-5.339,-5.8596,-0.5205,-2.5039,-3.0995,-0.5956,1,0, natural,0.0879
Charles Darwin,occupation,Charles Darwin worked as a,subject_all,1 2,9-13,jspace_restore_rest,0, naturalist on the, natural,0,-5.339,-6.3573,-1.0182,-2.5039,-3.0014,-0.4975,2,1, teacher,0.0387
Charles Darwin,occupation,Charles Darwin worked as a,subject_all,1 2,9-13,name_lens,0, naturalist on the, natural,0,-5.339,-6.5713,-1.2323,-2.5039,-3.2875,-0.7836,2,1, teacher,0.0658
Charles Darwin,occupation,Charles Darwin worked as a,subject_all,1 2,9-17,jspace,0, naturalist on the, natural,0,-5.339,-6.8425,-1.5034,-2.5039,-3.4265,-0.9226,2,1, teacher,0.1249
Charles Darwin,occupation,Charles Darwin worked as a,subject_all,1 2,9-17,jspace_keep_name,0, naturalist on the, natural,0,-5.339,-5.7552,-0.4161,-2.5039,-2.9997,-0.4957,1,0, natural,0.1053
Charles Darwin,occupation,Charles Darwin worked as a,subject_all,1 2,9-17,jspace_restore_rest,0, naturalist on the, natural,0,-5.339,-6.5666,-1.2276,-2.5039,-3.183,-0.679,2,1, teacher,0.0619
Charles Darwin,occupation,Charles Darwin worked as a,subject_all,1 2,9-17,name_lens,0, naturalist on the, natural,0,-5.339,-6.792,-1.453,-2.5039,-3.4734,-0.9695,2,1, teacher,0.0901
Charles Darwin,occupation,Charles Darwin worked as a,subject_all,1 2,6-20,jspace,0, naturalist on the, natural,0,-5.339,-7.4194,-2.0804,-2.5039,-4.2074,-1.7034,5,1, teacher,0.3739
Charles Darwin,occupation,Charles Darwin worked as a,subject_all,1 2,6-20,jspace_keep_name,0, naturalist on the, natural,0,-5.339,-6.6018,-1.2628,-2.5039,-4.0255,-1.5216,5,1, ,0.5763
Charles Darwin,occupation,Charles Darwin worked as a,subject_all,1 2,6-20,jspace_restore_rest,0, naturalist on the, natural,0,-5.339,-7.5586,-2.2195,-2.5039,-3.8807,-1.3768,4,1, teacher,0.1342
Charles Darwin,occupation,Charles Darwin worked as a,subject_all,1 2,6-20,name_lens,0, naturalist on the, natural,0,-5.339,-7.9492,-2.6101,-2.5039,-3.6559,-1.1519,3,1, teacher,0.1441
Charles Darwin,profession_of,The profession of Charles Darwin was,subject_all,4 5,9-13,jspace,0, a naturalist., natural,1,-5.3298,-5.4043,-0.0745,-2.0729,-2.2395,-0.1666,1,0, natural,0.0263
Charles Darwin,profession_of,The profession of Charles Darwin was,subject_all,4 5,9-13,jspace_keep_name,0, a naturalist., natural,1,-5.3298,-5.531,-0.2012,-2.0729,-2.3567,-0.2838,2,1, ______,0.0088
Charles Darwin,profession_of,The profession of Charles Darwin was,subject_all,4 5,9-13,jspace_restore_rest,0, a naturalist., natural,1,-5.3298,-5.4209,-0.0911,-2.0729,-2.0784,-0.0054,1,0, natural,0.0064
Charles Darwin,profession_of,The profession of Charles Darwin was,subject_all,4 5,9-13,name_lens,0, a naturalist., natural,1,-5.3298,-5.4496,-0.1198,-2.0729,-2.0749,-0.002,1,0, natural,0.0109
Charles Darwin,profession_of,The profession of Charles Darwin was,subject_all,4 5,9-17,jspace,0, a naturalist., natural,1,-5.3298,-5.946,-0.6162,-2.0729,-2.4723,-0.3994,2,1, ______,0.0455
Charles Darwin,profession_of,The profession of Charles Darwin was,subject_all,4 5,9-17,jspace_keep_name,0, a naturalist., natural,1,-5.3298,-5.8269,-0.4971,-2.0729,-2.563,-0.49,2,1, ______,0.0206
Charles Darwin,profession_of,The profession of Charles Darwin was,subject_all,4 5,9-17,jspace_restore_rest,0, a naturalist., natural,1,-5.3298,-5.5905,-0.2607,-2.0729,-2.1057,-0.0328,1,0, natural,0.0092
Charles Darwin,profession_of,The profession of Charles Darwin was,subject_all,4 5,9-17,name_lens,0, a naturalist., natural,1,-5.3298,-5.6654,-0.3356,-2.0729,-2.1467,-0.0738,1,0, natural,0.0169
Charles Darwin,profession_of,The profession of Charles Darwin was,subject_all,4 5,6-20,jspace,0, a naturalist., natural,1,-5.3298,-6.5636,-1.2338,-2.0729,-2.8465,-0.7735,2,1, ______,0.2062
Charles Darwin,profession_of,The profession of Charles Darwin was,subject_all,4 5,6-20,jspace_keep_name,0, a naturalist., natural,1,-5.3298,-5.4722,-0.1424,-2.0729,-2.4014,-0.3284,1,0, natural,0.0844
Charles Darwin,profession_of,The profession of Charles Darwin was,subject_all,4 5,6-20,jspace_restore_rest,0, a naturalist., natural,1,-5.3298,-5.1743,0.1555,-2.0729,-1.9447,0.1283,1,0, natural,0.0318
Charles Darwin,profession_of,The profession of Charles Darwin was,subject_all,4 5,6-20,name_lens,0, a naturalist., natural,1,-5.3298,-5.6487,-0.3189,-2.0729,-2.2094,-0.1364,2,1, scientist,0.0342
Charles Darwin,instrument,Charles Darwin played the,subject_all,1 2,9-13,jspace,0, role of a scientist, role,0,-4.8947,-6.4151,-1.5204,-1.138,-1.1273,0.0107,1,0, role,0.036
Charles Darwin,instrument,Charles Darwin played the,subject_all,1 2,9-13,jspace_keep_name,0, role of a scientist, role,0,-4.8947,-5.0429,-0.1482,-1.138,-1.0809,0.0571,1,0, role,0.0187
Charles Darwin,instrument,Charles Darwin played the,subject_all,1 2,9-13,jspace_restore_rest,0, role of a scientist, role,0,-4.8947,-5.0202,-0.1255,-1.138,-1.0661,0.0718,1,0, role,0.0092
Charles Darwin,instrument,Charles Darwin played the,subject_all,1 2,9-13,name_lens,0, role of a scientist, role,0,-4.8947,-4.9128,-0.0181,-1.138,-1.1028,0.0352,1,0, role,0.009
Charles Darwin,instrument,Charles Darwin played the,subject_all,1 2,9-17,jspace,0, role of a scientist, role,0,-4.8947,-5.7838,-0.8891,-1.138,-1.0499,0.0881,1,0, role,0.0289
Charles Darwin,instrument,Charles Darwin played the,subject_all,1 2,9-17,jspace_keep_name,0, role of a scientist, role,0,-4.8947,-4.9933,-0.0986,-1.138,-1.0544,0.0836,1,0, role,0.0284
Charles Darwin,instrument,Charles Darwin played the,subject_all,1 2,9-17,jspace_restore_rest,0, role of a scientist, role,0,-4.8947,-4.8801,0.0146,-1.138,-1.0423,0.0957,1,0, role,0.014
Charles Darwin,instrument,Charles Darwin played the,subject_all,1 2,9-17,name_lens,0, role of a scientist, role,0,-4.8947,-4.9686,-0.0739,-1.138,-1.1285,0.0095,1,0, role,0.0241
Charles Darwin,instrument,Charles Darwin played the,subject_all,1 2,6-20,jspace,0, role of a scientist, role,0,-4.8947,-5.5624,-0.6677,-1.138,-1.3532,-0.2152,1,0, role,0.0751
Charles Darwin,instrument,Charles Darwin played the,subject_all,1 2,6-20,jspace_keep_name,0, role of a scientist, role,0,-4.8947,-5.8072,-0.9125,-1.138,-1.1511,-0.0131,1,0, role,0.1011
Charles Darwin,instrument,Charles Darwin played the,subject_all,1 2,6-20,jspace_restore_rest,0, role of a scientist, role,0,-4.8947,-5.198,-0.3033,-1.138,-1.4214,-0.2834,1,0, role,0.086
Charles Darwin,instrument,Charles Darwin played the,subject_all,1 2,6-20,name_lens,0, role of a scientist, role,0,-4.8947,-5.7533,-0.8586,-1.138,-1.2213,-0.0834,1,0, role,0.0559
Charles Darwin,famous_for,Charles Darwin is famous for,subject_all,1 2,9-13,jspace,0, his theory of evolution, theory,1,-3.0743,-4.0825,-1.0082,-0.9991,-1.1259,-0.1268,1,0, theory,0.0605
Charles Darwin,famous_for,Charles Darwin is famous for,subject_all,1 2,9-13,jspace_keep_name,0, his theory of evolution, theory,1,-3.0743,-2.9127,0.1616,-0.9991,-0.9406,0.0585,1,0, theory,0.0122
Charles Darwin,famous_for,Charles Darwin is famous for,subject_all,1 2,9-13,jspace_restore_rest,0, his theory of evolution, theory,1,-3.0743,-3.1864,-0.1121,-0.9991,-1.0001,-0.0009,1,0, theory,0.0085
Charles Darwin,famous_for,Charles Darwin is famous for,subject_all,1 2,9-13,name_lens,0, his theory of evolution, theory,1,-3.0743,-3.3914,-0.3171,-0.9991,-1.0197,-0.0206,1,0, theory,0.0269
Charles Darwin,famous_for,Charles Darwin is famous for,subject_all,1 2,9-17,jspace,0, his theory of evolution, theory,1,-3.0743,-3.4809,-0.4066,-0.9991,-1.042,-0.0429,1,0, theory,0.0581
Charles Darwin,famous_for,Charles Darwin is famous for,subject_all,1 2,9-17,jspace_keep_name,0, his theory of evolution, theory,1,-3.0743,-3.341,-0.2667,-0.9991,-1.1138,-0.1147,1,0, theory,0.0371
Charles Darwin,famous_for,Charles Darwin is famous for,subject_all,1 2,9-17,jspace_restore_rest,0, his theory of evolution, theory,1,-3.0743,-3.2216,-0.1473,-0.9991,-0.9993,-0.0002,1,0, theory,0.0118
Charles Darwin,famous_for,Charles Darwin is famous for,subject_all,1 2,9-17,name_lens,0, his theory of evolution, theory,1,-3.0743,-3.4103,-0.336,-0.9991,-1.0561,-0.057,1,0, theory,0.0308
Charles Darwin,famous_for,Charles Darwin is famous for,subject_all,1 2,6-20,jspace,0, his theory of evolution, theory,1,-3.0743,-3.6877,-0.6134,-0.9991,-1.1824,-0.1833,1,0, theory,0.048
Charles Darwin,famous_for,Charles Darwin is famous for,subject_all,1 2,6-20,jspace_keep_name,0, his theory of evolution, theory,1,-3.0743,-5.0196,-1.9453,-0.9991,-1.4286,-0.4295,1,0, theory,0.4087
Charles Darwin,famous_for,Charles Darwin is famous for,subject_all,1 2,6-20,jspace_restore_rest,0, his theory of evolution, theory,1,-3.0743,-3.0474,0.0269,-0.9991,-0.9927,0.0064,1,0, theory,0.0423
Charles Darwin,famous_for,Charles Darwin is famous for,subject_all,1 2,6-20,name_lens,0, his theory of evolution, theory,1,-3.0743,-3.1857,-0.1114,-0.9991,-0.9912,0.0079,1,0, theory,0.0265
Charles Darwin,language,Charles Darwin spoke the language of,subject_all,1 2,9-13,jspace,0," the people, and", people,1,-8.0921,-9.492,-1.3999,-3.149,-2.9174,0.2315,1,0, people,0.04
Charles Darwin,language,Charles Darwin spoke the language of,subject_all,1 2,9-13,jspace_keep_name,0," the people, and", people,1,-8.0921,-7.712,0.3801,-3.149,-2.7689,0.3801,1,0, people,0.0219
Charles Darwin,language,Charles Darwin spoke the language of,subject_all,1 2,9-13,jspace_restore_rest,0," the people, and", people,1,-8.0921,-8.3055,-0.2134,-3.149,-2.9742,0.1748,1,0, people,0.0198
Charles Darwin,language,Charles Darwin spoke the language of,subject_all,1 2,9-13,name_lens,0," the people, and", people,1,-8.0921,-8.3408,-0.2487,-3.149,-3.0011,0.1479,1,0, people,0.0184
Charles Darwin,language,Charles Darwin spoke the language of,subject_all,1 2,9-17,jspace,0," the people, and", people,1,-8.0921,-8.0678,0.0243,-3.149,-2.7943,0.3547,1,0, people,0.0341
Charles Darwin,language,Charles Darwin spoke the language of,subject_all,1 2,9-17,jspace_keep_name,0," the people, and", people,1,-8.0921,-7.7597,0.3324,-3.149,-2.7307,0.4183,1,0, people,0.0283
Charles Darwin,language,Charles Darwin spoke the language of,subject_all,1 2,9-17,jspace_restore_rest,0," the people, and", people,1,-8.0921,-8.2748,-0.1827,-3.149,-3.0128,0.1362,1,0, people,0.0237
Charles Darwin,language,Charles Darwin spoke the language of,subject_all,1 2,9-17,name_lens,0," the people, and", people,1,-8.0921,-8.2978,-0.2057,-3.149,-2.9959,0.1531,1,0, people,0.0194
Charles Darwin,language,Charles Darwin spoke the language of,subject_all,1 2,6-20,jspace,0," the people, and", people,1,-8.0921,-7.9208,0.1713,-3.149,-2.7123,0.4366,1,0, people,0.0656
Charles Darwin,language,Charles Darwin spoke the language of,subject_all,1 2,6-20,jspace_keep_name,0," the people, and", people,1,-8.0921,-8.7088,-0.6166,-3.149,-2.8466,0.3024,2,1, ,0.2449
Charles Darwin,language,Charles Darwin spoke the language of,subject_all,1 2,6-20,jspace_restore_rest,0," the people, and", people,1,-8.0921,-8.3693,-0.2772,-3.149,-2.8439,0.305,1,0, people,0.0296
Charles Darwin,language,Charles Darwin spoke the language of,subject_all,1 2,6-20,name_lens,0," the people, and", people,1,-8.0921,-9.2949,-1.2028,-3.149,-2.835,0.314,1,0, people,0.036
Charles Darwin,spouse,Charles Darwin was married to,subject_all,1 2,9-13,jspace,0, a woman named Emma, woman,1,-3.8846,-5.515,-1.6304,-0.511,-0.7659,-0.2549,1,0, woman,0.2718
Charles Darwin,spouse,Charles Darwin was married to,subject_all,1 2,9-13,jspace_keep_name,0, a woman named Emma, woman,1,-3.8846,-5.1871,-1.3025,-0.511,-0.6625,-0.1515,1,0, woman,0.1668
Charles Darwin,spouse,Charles Darwin was married to,subject_all,1 2,9-13,jspace_restore_rest,0, a woman named Emma, woman,1,-3.8846,-4.274,-0.3895,-0.511,-0.6297,-0.1187,1,0, woman,0.0545
Charles Darwin,spouse,Charles Darwin was married to,subject_all,1 2,9-13,name_lens,0, a woman named Emma, woman,1,-3.8846,-4.4817,-0.5971,-0.511,-0.6142,-0.1032,1,0, woman,0.092
Charles Darwin,spouse,Charles Darwin was married to,subject_all,1 2,9-17,jspace,0, a woman named Emma, woman,1,-3.8846,-5.9872,-2.1027,-0.511,-0.6949,-0.1839,1,0, woman,0.3503
Charles Darwin,spouse,Charles Darwin was married to,subject_all,1 2,9-17,jspace_keep_name,0, a woman named Emma, woman,1,-3.8846,-5.8989,-2.0143,-0.511,-0.6376,-0.1266,1,0, woman,0.2553
Charles Darwin,spouse,Charles Darwin was married to,subject_all,1 2,9-17,jspace_restore_rest,0, a woman named Emma, woman,1,-3.8846,-4.4618,-0.5772,-0.511,-0.5978,-0.0868,1,0, woman,0.1024
Charles Darwin,spouse,Charles Darwin was married to,subject_all,1 2,9-17,name_lens,0, a woman named Emma, woman,1,-3.8846,-4.6448,-0.7603,-0.511,-0.603,-0.092,1,0, woman,0.1538
Charles Darwin,spouse,Charles Darwin was married to,subject_all,1 2,6-20,jspace,0, a woman named Emma, woman,1,-3.8846,-7.6363,-3.7517,-0.511,-0.8732,-0.3622,1,0, woman,0.7787
Charles Darwin,spouse,Charles Darwin was married to,subject_all,1 2,6-20,jspace_keep_name,0, a woman named Emma, woman,1,-3.8846,-7.3836,-3.4991,-0.511,-0.693,-0.182,1,0, woman,0.8034
Charles Darwin,spouse,Charles Darwin was married to,subject_all,1 2,6-20,jspace_restore_rest,0, a woman named Emma, woman,1,-3.8846,-4.7717,-0.8871,-0.511,-0.5145,-0.0035,1,0, woman,0.3458
Charles Darwin,spouse,Charles Darwin was married to,subject_all,1 2,6-20,name_lens,0, a woman named Emma, woman,1,-3.8846,-5.1252,-1.2406,-0.511,-0.5452,-0.0342,1,0, woman,0.3442
Charles Darwin,education,Charles Darwin studied at the University of,subject_all,1 2,9-13,jspace,0," Cambridge, where he", Cambridge,0,-3.6346,-4.4894,-0.8549,-1.0147,-1.414,-0.3992,1,0, Cambridge,0.2905
Charles Darwin,education,Charles Darwin studied at the University of,subject_all,1 2,9-13,jspace_keep_name,0," Cambridge, where he", Cambridge,0,-3.6346,-4.0668,-0.4323,-1.0147,-1.3707,-0.356,1,0, Cambridge,0.1067
Charles Darwin,education,Charles Darwin studied at the University of,subject_all,1 2,9-13,jspace_restore_rest,0," Cambridge, where he", Cambridge,0,-3.6346,-3.8392,-0.2046,-1.0147,-1.036,-0.0213,1,0, Cambridge,0.0307
Charles Darwin,education,Charles Darwin studied at the University of,subject_all,1 2,9-13,name_lens,0," Cambridge, where he", Cambridge,0,-3.6346,-4.0205,-0.3859,-1.0147,-1.2633,-0.2486,1,0, Cambridge,0.0677
Charles Darwin,education,Charles Darwin studied at the University of,subject_all,1 2,9-17,jspace,0," Cambridge, where he", Cambridge,0,-3.6346,-4.3175,-0.6829,-1.0147,-1.364,-0.3493,1,0, Cambridge,0.1878
Charles Darwin,education,Charles Darwin studied at the University of,subject_all,1 2,9-17,jspace_keep_name,0," Cambridge, where he", Cambridge,0,-3.6346,-3.9891,-0.3545,-1.0147,-1.3664,-0.3517,1,0, Cambridge,0.135
Charles Darwin,education,Charles Darwin studied at the University of,subject_all,1 2,9-17,jspace_restore_rest,0," Cambridge, where he", Cambridge,0,-3.6346,-4.0202,-0.3857,-1.0147,-1.1333,-0.1186,1,0, Cambridge,0.0729
Charles Darwin,education,Charles Darwin studied at the University of,subject_all,1 2,9-17,name_lens,0," Cambridge, where he", Cambridge,0,-3.6346,-4.1896,-0.555,-1.0147,-1.4034,-0.3886,1,0, Cambridge,0.1217
Charles Darwin,education,Charles Darwin studied at the University of,subject_all,1 2,6-20,jspace,0," Cambridge, where he", Cambridge,0,-3.6346,-4.4816,-0.847,-1.0147,-1.4518,-0.4371,1,0, Cambridge,0.2502
Charles Darwin,education,Charles Darwin studied at the University of,subject_all,1 2,6-20,jspace_keep_name,0," Cambridge, where he", Cambridge,0,-3.6346,-5.325,-1.6905,-1.0147,-1.9147,-0.9,2,1, Edinburgh,0.2863
Charles Darwin,education,Charles Darwin studied at the University of,subject_all,1 2,6-20,jspace_restore_rest,0," Cambridge, where he", Cambridge,0,-3.6346,-4.5044,-0.8698,-1.0147,-1.422,-0.4073,1,0, Cambridge,0.2066
Charles Darwin,education,Charles Darwin studied at the University of,subject_all,1 2,6-20,name_lens,0," Cambridge, where he", Cambridge,0,-3.6346,-4.7847,-1.1501,-1.0147,-1.6551,-0.6404,1,0, Cambridge,0.2395
Charles Darwin,citizenship,Charles Darwin was a citizen of,subject_all,1 2,9-13,jspace,0, the United Kingdom., United,1,-3.4089,-3.9821,-0.5733,-0.6768,-0.7324,-0.0556,1,0, United,0.0985
Charles Darwin,citizenship,Charles Darwin was a citizen of,subject_all,1 2,9-13,jspace_keep_name,0, the United Kingdom., United,1,-3.4089,-3.6573,-0.2484,-0.6768,-0.7325,-0.0557,1,0, United,0.021
Charles Darwin,citizenship,Charles Darwin was a citizen of,subject_all,1 2,9-13,jspace_restore_rest,0, the United Kingdom., United,1,-3.4089,-3.4424,-0.0335,-0.6768,-0.6641,0.0127,1,0, United,0.0145
Charles Darwin,citizenship,Charles Darwin was a citizen of,subject_all,1 2,9-13,name_lens,0, the United Kingdom., United,1,-3.4089,-3.509,-0.1002,-0.6768,-0.6951,-0.0183,1,0, United,0.0167
Charles Darwin,citizenship,Charles Darwin was a citizen of,subject_all,1 2,9-17,jspace,0, the United Kingdom., United,1,-3.4089,-3.7066,-0.2978,-0.6768,-0.718,-0.0412,1,0, United,0.0811
Charles Darwin,citizenship,Charles Darwin was a citizen of,subject_all,1 2,9-17,jspace_keep_name,0, the United Kingdom., United,1,-3.4089,-3.8166,-0.4078,-0.6768,-0.7901,-0.1132,1,0, United,0.0722
Charles Darwin,citizenship,Charles Darwin was a citizen of,subject_all,1 2,9-17,jspace_restore_rest,0, the United Kingdom., United,1,-3.4089,-3.4174,-0.0086,-0.6768,-0.6732,0.0036,1,0, United,0.0213
Charles Darwin,citizenship,Charles Darwin was a citizen of,subject_all,1 2,9-17,name_lens,0, the United Kingdom., United,1,-3.4089,-3.4946,-0.0858,-0.6768,-0.69,-0.0131,1,0, United,0.0276
Charles Darwin,citizenship,Charles Darwin was a citizen of,subject_all,1 2,6-20,jspace,0, the United Kingdom., United,1,-3.4089,-4.4272,-1.0184,-0.6768,-0.7857,-0.1089,1,0, United,0.1436
Charles Darwin,citizenship,Charles Darwin was a citizen of,subject_all,1 2,6-20,jspace_keep_name,0, the United Kingdom., United,1,-3.4089,-4.5088,-1.0999,-0.6768,-0.9009,-0.2241,1,0, United,0.5581
Charles Darwin,citizenship,Charles Darwin was a citizen of,subject_all,1 2,6-20,jspace_restore_rest,0, the United Kingdom., United,1,-3.4089,-3.4905,-0.0816,-0.6768,-0.7179,-0.041,1,0, United,0.0535
Charles Darwin,citizenship,Charles Darwin was a citizen of,subject_all,1 2,6-20,name_lens,0, the United Kingdom., United,1,-3.4089,-3.8108,-0.402,-0.6768,-0.7231,-0.0463,1,0, United,0.0701
Charles Darwin,copy_first_name,The first name of Charles Darwin is,subject_all,5 6,9-13,jspace,0,? 1.,1,2,-7.956,-8.1386,-0.1825,-2.25,-2.2995,-0.0495,1,0,1,0.069
Charles Darwin,copy_first_name,The first name of Charles Darwin is,subject_all,5 6,9-13,jspace_keep_name,0,? 1.,1,2,-7.956,-8.0636,-0.1076,-2.25,-2.3067,-0.0566,1,0,1,0.1412
Charles Darwin,copy_first_name,The first name of Charles Darwin is,subject_all,5 6,9-13,jspace_restore_rest,0,? 1.,1,2,-7.956,-7.498,0.458,-2.25,-2.2034,0.0467,1,0,1,0.0227
Charles Darwin,copy_first_name,The first name of Charles Darwin is,subject_all,5 6,9-13,name_lens,0,? 1.,1,2,-7.956,-7.7195,0.2365,-2.25,-2.2074,0.0427,1,0,1,0.0905
Charles Darwin,copy_first_name,The first name of Charles Darwin is,subject_all,5 6,9-17,jspace,0,? 1.,1,2,-7.956,-8.336,-0.38,-2.25,-2.4674,-0.2173,2,1, The,0.1898
Charles Darwin,copy_first_name,The first name of Charles Darwin is,subject_all,5 6,9-17,jspace_keep_name,0,? 1.,1,2,-7.956,-8.3602,-0.4041,-2.25,-2.3526,-0.1026,1,0,1,0.2697
Charles Darwin,copy_first_name,The first name of Charles Darwin is,subject_all,5 6,9-17,jspace_restore_rest,0,? 1.,1,2,-7.956,-7.85,0.1061,-2.25,-2.2125,0.0376,1,0,1,0.0263
Charles Darwin,copy_first_name,The first name of Charles Darwin is,subject_all,5 6,9-17,name_lens,0,? 1.,1,2,-7.956,-7.632,0.3241,-2.25,-2.1846,0.0654,1,0,1,0.0288
Charles Darwin,copy_first_name,The first name of Charles Darwin is,subject_all,5 6,6-20,jspace,0,? 1.,1,2,-7.956,-8.8857,-0.9296,-2.25,-2.5761,-0.326,2,1, The,0.4472
Charles Darwin,copy_first_name,The first name of Charles Darwin is,subject_all,5 6,6-20,jspace_keep_name,0,? 1.,1,2,-7.956,-8.1832,-0.2272,-2.25,-2.0648,0.1853,1,0,1,0.553
Charles Darwin,copy_first_name,The first name of Charles Darwin is,subject_all,5 6,6-20,jspace_restore_rest,0,? 1.,1,2,-7.956,-7.887,0.069,-2.25,-2.3625,-0.1124,1,0,1,0.1733
Charles Darwin,copy_first_name,The first name of Charles Darwin is,subject_all,5 6,6-20,name_lens,0,? 1.,1,2,-7.956,-8.1148,-0.1587,-2.25,-2.4259,-0.1759,1,0,1,0.182
Charles Darwin,copy_last_name,The last name of Charles Darwin is,subject_all,5 6,9-13,jspace,0, not a surname., not,0,-9.4581,-9.523,-0.0649,-2.7411,-2.7134,0.0277,1,0, not,0.0772
Charles Darwin,copy_last_name,The last name of Charles Darwin is,subject_all,5 6,9-13,jspace_keep_name,0, not a surname., not,0,-9.4581,-9.2601,0.198,-2.7411,-2.6036,0.1375,1,0, not,0.055
Charles Darwin,copy_last_name,The last name of Charles Darwin is,subject_all,5 6,9-13,jspace_restore_rest,0, not a surname., not,0,-9.4581,-9.0625,0.3955,-2.7411,-2.4449,0.2962,1,0, not,0.0253
Charles Darwin,copy_last_name,The last name of Charles Darwin is,subject_all,5 6,9-13,name_lens,0, not a surname., not,0,-9.4581,-9.0574,0.4007,-2.7411,-2.493,0.2481,1,0, not,0.0626
Charles Darwin,copy_last_name,The last name of Charles Darwin is,subject_all,5 6,9-17,jspace,0, not a surname., not,0,-9.4581,-9.6645,-0.2064,-2.7411,-3.0121,-0.271,4,1, what,0.1715
Charles Darwin,copy_last_name,The last name of Charles Darwin is,subject_all,5 6,9-17,jspace_keep_name,0, not a surname., not,0,-9.4581,-9.5672,-0.1091,-2.7411,-2.7083,0.0328,1,0, not,0.0789
Charles Darwin,copy_last_name,The last name of Charles Darwin is,subject_all,5 6,9-17,jspace_restore_rest,0, not a surname., not,0,-9.4581,-9.0026,0.4555,-2.7411,-2.4435,0.2976,1,0, not,0.0364
Charles Darwin,copy_last_name,The last name of Charles Darwin is,subject_all,5 6,9-17,name_lens,0, not a surname., not,0,-9.4581,-9.0413,0.4168,-2.7411,-2.4684,0.2727,1,0, not,0.0906
Charles Darwin,copy_last_name,The last name of Charles Darwin is,subject_all,5 6,6-20,jspace,0, not a surname., not,0,-9.4581,-9.739,-0.281,-2.7411,-2.4207,0.3204,1,0, not,0.3184
Charles Darwin,copy_last_name,The last name of Charles Darwin is,subject_all,5 6,6-20,jspace_keep_name,0, not a surname., not,0,-9.4581,-9.3102,0.1479,-2.7411,-3.0591,-0.318,4,1, ,0.4014
Charles Darwin,copy_last_name,The last name of Charles Darwin is,subject_all,5 6,6-20,jspace_restore_rest,0, not a surname., not,0,-9.4581,-9.731,-0.273,-2.7411,-2.7825,-0.0414,1,0, not,0.1211
Charles Darwin,copy_last_name,The last name of Charles Darwin is,subject_all,5 6,6-20,name_lens,0, not a surname., not,0,-9.4581,-9.517,-0.0589,-2.7411,-2.7087,0.0324,1,0, not,0.1641
Abraham Lincoln,birth_city,Abraham Lincoln was born in the city of,subject_all,1 2 3,9-13,jspace,0," Springfield, Illinois.", Springfield,0,-3.2272,-4.8645,-1.6373,-0.6664,-2.3785,-1.7121,1,0, Springfield,0.6893
Abraham Lincoln,birth_city,Abraham Lincoln was born in the city of,subject_all,1 2 3,9-13,jspace_keep_name,0," Springfield, Illinois.", Springfield,0,-3.2272,-3.9941,-0.7669,-0.6664,-1.3823,-0.7159,1,0, Springfield,0.2224
Abraham Lincoln,birth_city,Abraham Lincoln was born in the city of,subject_all,1 2 3,9-13,jspace_restore_rest,0," Springfield, Illinois.", Springfield,0,-3.2272,-3.6785,-0.4513,-0.6664,-1.0605,-0.3941,1,0, Springfield,0.0938
Abraham Lincoln,birth_city,Abraham Lincoln was born in the city of,subject_all,1 2 3,9-13,name_lens,0," Springfield, Illinois.", Springfield,0,-3.2272,-3.7681,-0.5409,-0.6664,-1.0323,-0.3659,1,0, Springfield,0.0864
Abraham Lincoln,birth_city,Abraham Lincoln was born in the city of,subject_all,1 2 3,9-17,jspace,0," Springfield, Illinois.", Springfield,0,-3.2272,-5.7736,-2.5464,-0.6664,-3.0303,-2.3639,2,1, New,1.0436
Abraham Lincoln,birth_city,Abraham Lincoln was born in the city of,subject_all,1 2 3,9-17,jspace_keep_name,0," Springfield, Illinois.", Springfield,0,-3.2272,-5.2434,-2.0162,-0.6664,-2.6067,-1.9403,1,1, New,0.8182
Abraham Lincoln,birth_city,Abraham Lincoln was born in the city of,subject_all,1 2 3,9-17,jspace_restore_rest,0," Springfield, Illinois.", Springfield,0,-3.2272,-4.7057,-1.4785,-0.6664,-1.9506,-1.2842,1,0, Springfield,0.49
Abraham Lincoln,birth_city,Abraham Lincoln was born in the city of,subject_all,1 2 3,9-17,name_lens,0," Springfield, Illinois.", Springfield,0,-3.2272,-4.3703,-1.1431,-0.6664,-1.5097,-0.8433,1,0, Springfield,0.283
Abraham Lincoln,birth_city,Abraham Lincoln was born in the city of,subject_all,1 2 3,6-20,jspace,0," Springfield, Illinois.", Springfield,0,-3.2272,-8.9099,-5.6827,-0.6664,-5.2722,-4.6058,27,1, New,2.3724
Abraham Lincoln,birth_city,Abraham Lincoln was born in the city of,subject_all,1 2 3,6-20,jspace_keep_name,0," Springfield, Illinois.", Springfield,0,-3.2272,-7.0499,-3.8227,-0.6664,-3.9036,-3.2372,6,1, ,1.6651
Abraham Lincoln,birth_city,Abraham Lincoln was born in the city of,subject_all,1 2 3,6-20,jspace_restore_rest,0," Springfield, Illinois.", Springfield,0,-3.2272,-6.7087,-3.4815,-0.6664,-3.8768,-3.2104,4,1, New,1.5157
Abraham Lincoln,birth_city,Abraham Lincoln was born in the city of,subject_all,1 2 3,6-20,name_lens,0," Springfield, Illinois.", Springfield,0,-3.2272,-5.082,-1.8548,-0.6664,-2.2884,-1.622,1,0, Springfield,0.6893
Abraham Lincoln,birth_year,Abraham Lincoln was born in the year,subject_all,1 2 3,9-13,jspace,0, 1809.,180,1,-2.0651,-2.6951,-0.63,-0.4575,-1.0519,-0.5944,1,0,180,0.0096
Abraham Lincoln,birth_year,Abraham Lincoln was born in the year,subject_all,1 2 3,9-13,jspace_keep_name,0, 1809.,180,1,-2.0651,-2.6448,-0.5796,-0.4575,-0.5666,-0.1091,1,0,180,0.0448
Abraham Lincoln,birth_year,Abraham Lincoln was born in the year,subject_all,1 2 3,9-13,jspace_restore_rest,0, 1809.,180,1,-2.0651,-2.0994,-0.0343,-0.4575,-0.558,-0.1005,1,0,180,0.0026
Abraham Lincoln,birth_year,Abraham Lincoln was born in the year,subject_all,1 2 3,9-13,name_lens,0, 1809.,180,1,-2.0651,-2.0349,0.0302,-0.4575,-0.5122,-0.0547,1,0,180,0.0025
Abraham Lincoln,birth_year,Abraham Lincoln was born in the year,subject_all,1 2 3,9-17,jspace,0, 1809.,180,1,-2.0651,-3.5582,-1.4931,-0.4575,-1.1659,-0.7084,1,0,180,0.0189
Abraham Lincoln,birth_year,Abraham Lincoln was born in the year,subject_all,1 2 3,9-17,jspace_keep_name,0, 1809.,180,1,-2.0651,-3.8401,-1.775,-0.4575,-0.991,-0.5335,1,0,180,0.0592
Abraham Lincoln,birth_year,Abraham Lincoln was born in the year,subject_all,1 2 3,9-17,jspace_restore_rest,0, 1809.,180,1,-2.0651,-2.446,-0.3808,-0.4575,-0.9331,-0.4756,1,0,180,0.0038
Abraham Lincoln,birth_year,Abraham Lincoln was born in the year,subject_all,1 2 3,9-17,name_lens,0, 1809.,180,1,-2.0651,-2.1894,-0.1243,-0.4575,-0.6708,-0.2133,1,0,180,0.003
Abraham Lincoln,birth_year,Abraham Lincoln was born in the year,subject_all,1 2 3,6-20,jspace,0, 1809.,180,1,-2.0651,-3.9498,-1.8846,-0.4575,-1.0529,-0.5954,1,0,180,0.2245
Abraham Lincoln,birth_year,Abraham Lincoln was born in the year,subject_all,1 2 3,6-20,jspace_keep_name,0, 1809.,180,1,-2.0651,-5.3503,-3.2852,-0.4575,-1.7961,-1.3386,1,0,180,0.1236
Abraham Lincoln,birth_year,Abraham Lincoln was born in the year,subject_all,1 2 3,6-20,jspace_restore_rest,0, 1809.,180,1,-2.0651,-3.2756,-1.2104,-0.4575,-1.2127,-0.7552,1,0,180,0.0142
Abraham Lincoln,birth_year,Abraham Lincoln was born in the year,subject_all,1 2 3,6-20,name_lens,0, 1809.,180,1,-2.0651,-2.4001,-0.335,-0.4575,-0.8768,-0.4193,1,0,180,0.0069
Abraham Lincoln,birth_country,Abraham Lincoln was born in the country of,subject_all,1 2 3,9-13,jspace,0, the United States., United,1,-3.6016,-3.7606,-0.159,-0.5093,-0.6999,-0.1905,1,0, United,0.078
Abraham Lincoln,birth_country,Abraham Lincoln was born in the country of,subject_all,1 2 3,9-13,jspace_keep_name,0, the United States., United,1,-3.6016,-3.9529,-0.3512,-0.5093,-0.6467,-0.1374,1,0, United,0.0396
Abraham Lincoln,birth_country,Abraham Lincoln was born in the country of,subject_all,1 2 3,9-13,jspace_restore_rest,0, the United States., United,1,-3.6016,-3.6811,-0.0794,-0.5093,-0.575,-0.0656,1,0, United,0.0618
Abraham Lincoln,birth_country,Abraham Lincoln was born in the country of,subject_all,1 2 3,9-13,name_lens,0, the United States., United,1,-3.6016,-3.7298,-0.1281,-0.5093,-0.5545,-0.0452,1,0, United,0.0536
Abraham Lincoln,birth_country,Abraham Lincoln was born in the country of,subject_all,1 2 3,9-17,jspace,0, the United States., United,1,-3.6016,-3.8414,-0.2398,-0.5093,-0.6808,-0.1714,1,0, United,0.1137
Abraham Lincoln,birth_country,Abraham Lincoln was born in the country of,subject_all,1 2 3,9-17,jspace_keep_name,0, the United States., United,1,-3.6016,-4.0461,-0.4445,-0.5093,-0.6535,-0.1441,1,0, United,0.0909
Abraham Lincoln,birth_country,Abraham Lincoln was born in the country of,subject_all,1 2 3,9-17,jspace_restore_rest,0, the United States., United,1,-3.6016,-3.6364,-0.0347,-0.5093,-0.5948,-0.0854,1,0, United,0.1678
Abraham Lincoln,birth_country,Abraham Lincoln was born in the country of,subject_all,1 2 3,9-17,name_lens,0, the United States., United,1,-3.6016,-3.7533,-0.1517,-0.5093,-0.5535,-0.0441,1,0, United,0.1189
Abraham Lincoln,birth_country,Abraham Lincoln was born in the country of,subject_all,1 2 3,6-20,jspace,0, the United States., United,1,-3.6016,-4.1143,-0.5127,-0.5093,-0.621,-0.1117,1,0, United,0.5142
Abraham Lincoln,birth_country,Abraham Lincoln was born in the country of,subject_all,1 2 3,6-20,jspace_keep_name,0, the United States., United,1,-3.6016,-5.0036,-1.4019,-0.5093,-1.0615,-0.5521,1,0, United,0.3337
Abraham Lincoln,birth_country,Abraham Lincoln was born in the country of,subject_all,1 2 3,6-20,jspace_restore_rest,0, the United States., United,1,-3.6016,-3.8493,-0.2477,-0.5093,-0.6327,-0.1233,1,0, United,0.3106
Abraham Lincoln,birth_country,Abraham Lincoln was born in the country of,subject_all,1 2 3,6-20,name_lens,0, the United States., United,1,-3.6016,-3.4287,0.1729,-0.5093,-0.5159,-0.0065,1,0, United,0.2153
Abraham Lincoln,death_year,Abraham Lincoln died in the year,subject_all,1 2 3,9-13,jspace,0, 1865.,186,1,-2.3986,-2.949,-0.5505,-0.6861,-1.1946,-0.5085,1,0,186,0.0168
Abraham Lincoln,death_year,Abraham Lincoln died in the year,subject_all,1 2 3,9-13,jspace_keep_name,0, 1865.,186,1,-2.3986,-2.8779,-0.4793,-0.6861,-0.8468,-0.1607,1,0,186,0.0633
Abraham Lincoln,death_year,Abraham Lincoln died in the year,subject_all,1 2 3,9-13,jspace_restore_rest,0, 1865.,186,1,-2.3986,-2.5612,-0.1626,-0.6861,-0.9243,-0.2382,1,0,186,0.0083
Abraham Lincoln,death_year,Abraham Lincoln died in the year,subject_all,1 2 3,9-13,name_lens,0, 1865.,186,1,-2.3986,-2.6529,-0.2543,-0.6861,-0.9173,-0.2312,1,0,186,0.0052
Abraham Lincoln,death_year,Abraham Lincoln died in the year,subject_all,1 2 3,9-17,jspace,0, 1865.,186,1,-2.3986,-3.1028,-0.7042,-0.6861,-1.1865,-0.5004,1,0,186,0.0415
Abraham Lincoln,death_year,Abraham Lincoln died in the year,subject_all,1 2 3,9-17,jspace_keep_name,0, 1865.,186,1,-2.3986,-2.8692,-0.4706,-0.6861,-0.8208,-0.1347,1,0,186,0.0504
Abraham Lincoln,death_year,Abraham Lincoln died in the year,subject_all,1 2 3,9-17,jspace_restore_rest,0, 1865.,186,1,-2.3986,-2.7563,-0.3577,-0.6861,-1.0983,-0.4122,1,0,186,0.0173
Abraham Lincoln,death_year,Abraham Lincoln died in the year,subject_all,1 2 3,9-17,name_lens,0, 1865.,186,1,-2.3986,-2.6718,-0.2732,-0.6861,-0.9584,-0.2723,1,0,186,0.0073
Abraham Lincoln,death_year,Abraham Lincoln died in the year,subject_all,1 2 3,6-20,jspace,0, 1865.,186,1,-2.3986,-3.6867,-1.2881,-0.6861,-1.4514,-0.7653,1,0,186,0.3469
Abraham Lincoln,death_year,Abraham Lincoln died in the year,subject_all,1 2 3,6-20,jspace_keep_name,0, 1865.,186,1,-2.3986,-4.2631,-1.8645,-0.6861,-1.1134,-0.4273,1,0,186,0.2781
Abraham Lincoln,death_year,Abraham Lincoln died in the year,subject_all,1 2 3,6-20,jspace_restore_rest,0, 1865.,186,1,-2.3986,-2.6996,-0.301,-0.6861,-1.1501,-0.464,1,0,186,0.0544
Abraham Lincoln,death_year,Abraham Lincoln died in the year,subject_all,1 2 3,6-20,name_lens,0, 1865.,186,1,-2.3986,-2.5422,-0.1436,-0.6861,-0.98,-0.2939,1,0,186,0.0274
Abraham Lincoln,occupation,Abraham Lincoln worked as a,subject_all,1 2 3,9-13,jspace,0, lawyer in Illinois before, lawyer,0,-6.0302,-6.9782,-0.948,-1.8716,-1.9649,-0.0933,1,0, lawyer,0.0408
Abraham Lincoln,occupation,Abraham Lincoln worked as a,subject_all,1 2 3,9-13,jspace_keep_name,0, lawyer in Illinois before, lawyer,0,-6.0302,-6.4377,-0.4074,-1.8716,-1.8144,0.0572,1,0, lawyer,0.025
Abraham Lincoln,occupation,Abraham Lincoln worked as a,subject_all,1 2 3,9-13,jspace_restore_rest,0, lawyer in Illinois before, lawyer,0,-6.0302,-6.9033,-0.8731,-1.8716,-2.0233,-0.1517,1,0, lawyer,0.0268
Abraham Lincoln,occupation,Abraham Lincoln worked as a,subject_all,1 2 3,9-13,name_lens,0, lawyer in Illinois before, lawyer,0,-6.0302,-6.6518,-0.6215,-1.8716,-1.9931,-0.1215,1,0, lawyer,0.0173
Abraham Lincoln,occupation,Abraham Lincoln worked as a,subject_all,1 2 3,9-17,jspace,0, lawyer in Illinois before, lawyer,0,-6.0302,-7.207,-1.1767,-1.8716,-1.9914,-0.1199,1,0, lawyer,0.0636
Abraham Lincoln,occupation,Abraham Lincoln worked as a,subject_all,1 2 3,9-17,jspace_keep_name,0, lawyer in Illinois before, lawyer,0,-6.0302,-6.6744,-0.6442,-1.8716,-1.7302,0.1414,1,0, lawyer,0.0569
Abraham Lincoln,occupation,Abraham Lincoln worked as a,subject_all,1 2 3,9-17,jspace_restore_rest,0, lawyer in Illinois before, lawyer,0,-6.0302,-7.3121,-1.2819,-1.8716,-1.9116,-0.04,1,0, lawyer,0.0539
Abraham Lincoln,occupation,Abraham Lincoln worked as a,subject_all,1 2 3,9-17,name_lens,0, lawyer in Illinois before, lawyer,0,-6.0302,-7.1769,-1.1467,-1.8716,-1.9967,-0.1251,1,0, lawyer,0.0307
Abraham Lincoln,occupation,Abraham Lincoln worked as a,subject_all,1 2 3,6-20,jspace,0, lawyer in Illinois before, lawyer,0,-6.0302,-9.5852,-3.555,-1.8716,-2.2614,-0.3898,1,0, lawyer,0.2803
Abraham Lincoln,occupation,Abraham Lincoln worked as a,subject_all,1 2 3,6-20,jspace_keep_name,0, lawyer in Illinois before, lawyer,0,-6.0302,-9.2342,-3.204,-1.8716,-2.0758,-0.2042,1,0, lawyer,0.2189
Abraham Lincoln,occupation,Abraham Lincoln worked as a,subject_all,1 2 3,6-20,jspace_restore_rest,0, lawyer in Illinois before, lawyer,0,-6.0302,-8.8552,-2.8249,-1.8716,-2.1375,-0.266,1,0, lawyer,0.1551
Abraham Lincoln,occupation,Abraham Lincoln worked as a,subject_all,1 2 3,6-20,name_lens,0, lawyer in Illinois before, lawyer,0,-6.0302,-7.9322,-1.902,-1.8716,-2.1101,-0.2385,1,0, lawyer,0.1056
Abraham Lincoln,profession_of,The profession of Abraham Lincoln was,subject_all,4 5,9-13,jspace,0, a lawyer. The, lawyer,1,-5.464,-5.6145,-0.1505,-0.9148,-0.9885,-0.0737,1,0, lawyer,0.0297
Abraham Lincoln,profession_of,The profession of Abraham Lincoln was,subject_all,4 5,9-13,jspace_keep_name,0, a lawyer. The, lawyer,1,-5.464,-5.2436,0.2204,-0.9148,-0.6635,0.2514,1,0, lawyer,0.0223
Abraham Lincoln,profession_of,The profession of Abraham Lincoln was,subject_all,4 5,9-13,jspace_restore_rest,0, a lawyer. The, lawyer,1,-5.464,-5.9252,-0.4612,-0.9148,-1.123,-0.2081,1,0, lawyer,0.0271
Abraham Lincoln,profession_of,The profession of Abraham Lincoln was,subject_all,4 5,9-13,name_lens,0, a lawyer. The, lawyer,1,-5.464,-5.788,-0.324,-0.9148,-1.1187,-0.2039,1,0, lawyer,0.011
Abraham Lincoln,profession_of,The profession of Abraham Lincoln was,subject_all,4 5,9-17,jspace,0, a lawyer. The, lawyer,1,-5.464,-5.9379,-0.4739,-0.9148,-1.0194,-0.1045,1,0, lawyer,0.0761
Abraham Lincoln,profession_of,The profession of Abraham Lincoln was,subject_all,4 5,9-17,jspace_keep_name,0, a lawyer. The, lawyer,1,-5.464,-5.0992,0.3648,-0.9148,-0.6088,0.306,1,0, lawyer,0.0222
Abraham Lincoln,profession_of,The profession of Abraham Lincoln was,subject_all,4 5,9-17,jspace_restore_rest,0, a lawyer. The, lawyer,1,-5.464,-6.1936,-0.7296,-0.9148,-1.2611,-0.3462,1,0, lawyer,0.0362
Abraham Lincoln,profession_of,The profession of Abraham Lincoln was,subject_all,4 5,9-17,name_lens,0, a lawyer. The, lawyer,1,-5.464,-5.9264,-0.4624,-0.9148,-1.1584,-0.2435,1,0, lawyer,0.0169
Abraham Lincoln,profession_of,The profession of Abraham Lincoln was,subject_all,4 5,6-20,jspace,0, a lawyer. The, lawyer,1,-5.464,-5.8097,-0.3457,-0.9148,-1.0828,-0.1679,1,0, lawyer,0.1431
Abraham Lincoln,profession_of,The profession of Abraham Lincoln was,subject_all,4 5,6-20,jspace_keep_name,0, a lawyer. The, lawyer,1,-5.464,-5.9247,-0.4607,-0.9148,-0.8563,0.0586,1,0, lawyer,0.0777
Abraham Lincoln,profession_of,The profession of Abraham Lincoln was,subject_all,4 5,6-20,jspace_restore_rest,0, a lawyer. The, lawyer,1,-5.464,-6.8454,-1.3814,-0.9148,-1.5512,-0.6364,1,0, lawyer,0.0647
Abraham Lincoln,profession_of,The profession of Abraham Lincoln was,subject_all,4 5,6-20,name_lens,0, a lawyer. The, lawyer,1,-5.464,-6.7392,-1.2752,-0.9148,-1.5133,-0.5985,1,0, lawyer,0.0675
Abraham Lincoln,instrument,Abraham Lincoln played the,subject_all,1 2 3,9-13,jspace,0," piano, but he", piano,0,-6.6324,-6.8721,-0.2397,-1.3837,-1.3368,0.0469,1,0, piano,0.0427
Abraham Lincoln,instrument,Abraham Lincoln played the,subject_all,1 2 3,9-13,jspace_keep_name,0," piano, but he", piano,0,-6.6324,-6.9995,-0.3671,-1.3837,-1.3132,0.0706,1,0, piano,0.0107
Abraham Lincoln,instrument,Abraham Lincoln played the,subject_all,1 2 3,9-13,jspace_restore_rest,0," piano, but he", piano,0,-6.6324,-6.723,-0.0907,-1.3837,-1.3043,0.0794,1,0, piano,0.0084
Abraham Lincoln,instrument,Abraham Lincoln played the,subject_all,1 2 3,9-13,name_lens,0," piano, but he", piano,0,-6.6324,-6.6359,-0.0035,-1.3837,-1.3658,0.0179,1,0, piano,0.0073
Abraham Lincoln,instrument,Abraham Lincoln played the,subject_all,1 2 3,9-17,jspace,0," piano, but he", piano,0,-6.6324,-7.0196,-0.3872,-1.3837,-1.2244,0.1594,1,0, piano,0.0783
Abraham Lincoln,instrument,Abraham Lincoln played the,subject_all,1 2 3,9-17,jspace_keep_name,0," piano, but he", piano,0,-6.6324,-6.9301,-0.2977,-1.3837,-1.199,0.1848,1,0, piano,0.0241
Abraham Lincoln,instrument,Abraham Lincoln played the,subject_all,1 2 3,9-17,jspace_restore_rest,0," piano, but he", piano,0,-6.6324,-6.6802,-0.0478,-1.3837,-1.2956,0.0881,1,0, piano,0.0291
Abraham Lincoln,instrument,Abraham Lincoln played the,subject_all,1 2 3,9-17,name_lens,0," piano, but he", piano,0,-6.6324,-6.5984,0.034,-1.3837,-1.3364,0.0474,1,0, piano,0.0082
Abraham Lincoln,instrument,Abraham Lincoln played the,subject_all,1 2 3,6-20,jspace,0," piano, but he", piano,0,-6.6324,-6.9125,-0.2801,-1.3837,-1.0457,0.3381,1,0, piano,0.2142
Abraham Lincoln,instrument,Abraham Lincoln played the,subject_all,1 2 3,6-20,jspace_keep_name,0," piano, but he", piano,0,-6.6324,-9.3934,-2.761,-1.3837,-1.6033,-0.2195,2,1, role,0.1954
Abraham Lincoln,instrument,Abraham Lincoln played the,subject_all,1 2 3,6-20,jspace_restore_rest,0," piano, but he", piano,0,-6.6324,-7.0707,-0.4383,-1.3837,-1.3684,0.0153,1,0, piano,0.1043
Abraham Lincoln,instrument,Abraham Lincoln played the,subject_all,1 2 3,6-20,name_lens,0," piano, but he", piano,0,-6.6324,-7.0401,-0.4077,-1.3837,-1.4508,-0.0671,1,0, piano,0.0322
Abraham Lincoln,famous_for,Abraham Lincoln is famous for,subject_all,1 2 3,9-13,jspace,0," his speeches, but", speeches,1,-5.9225,-6.0917,-0.1692,-1.5577,-1.5616,-0.0039,1,0, speeches,0.0224
Abraham Lincoln,famous_for,Abraham Lincoln is famous for,subject_all,1 2 3,9-13,jspace_keep_name,0," his speeches, but", speeches,1,-5.9225,-6.2216,-0.2991,-1.5577,-1.6359,-0.0783,1,0, speeches,0.035
Abraham Lincoln,famous_for,Abraham Lincoln is famous for,subject_all,1 2 3,9-13,jspace_restore_rest,0," his speeches, but", speeches,1,-5.9225,-5.8397,0.0828,-1.5577,-1.5492,0.0084,1,0, speeches,0.009
Abraham Lincoln,famous_for,Abraham Lincoln is famous for,subject_all,1 2 3,9-13,name_lens,0," his speeches, but", speeches,1,-5.9225,-5.8942,0.0283,-1.5577,-1.4897,0.0679,1,0, speeches,0.0101
Abraham Lincoln,famous_for,Abraham Lincoln is famous for,subject_all,1 2 3,9-17,jspace,0," his speeches, but", speeches,1,-5.9225,-6.0811,-0.1586,-1.5577,-1.5527,0.0049,1,0, speeches,0.0444
Abraham Lincoln,famous_for,Abraham Lincoln is famous for,subject_all,1 2 3,9-17,jspace_keep_name,0," his speeches, but", speeches,1,-5.9225,-6.4248,-0.5023,-1.5577,-1.7602,-0.2025,1,0, speeches,0.0417
Abraham Lincoln,famous_for,Abraham Lincoln is famous for,subject_all,1 2 3,9-17,jspace_restore_rest,0," his speeches, but", speeches,1,-5.9225,-5.8517,0.0709,-1.5577,-1.558,-0.0003,1,0, speeches,0.0169
Abraham Lincoln,famous_for,Abraham Lincoln is famous for,subject_all,1 2 3,9-17,name_lens,0," his speeches, but", speeches,1,-5.9225,-5.7475,0.175,-1.5577,-1.4685,0.0891,1,0, speeches,0.0127
Abraham Lincoln,famous_for,Abraham Lincoln is famous for,subject_all,1 2 3,6-20,jspace,0," his speeches, but", speeches,1,-5.9225,-6.284,-0.3615,-1.5577,-1.7894,-0.2318,1,0, speeches,0.2697
Abraham Lincoln,famous_for,Abraham Lincoln is famous for,subject_all,1 2 3,6-20,jspace_keep_name,0," his speeches, but", speeches,1,-5.9225,-6.8245,-0.902,-1.5577,-1.9588,-0.4012,1,0, speeches,0.1198
Abraham Lincoln,famous_for,Abraham Lincoln is famous for,subject_all,1 2 3,6-20,jspace_restore_rest,0," his speeches, but", speeches,1,-5.9225,-5.8669,0.0556,-1.5577,-1.3664,0.1912,1,0, speeches,0.0446
Abraham Lincoln,famous_for,Abraham Lincoln is famous for,subject_all,1 2 3,6-20,name_lens,0," his speeches, but", speeches,1,-5.9225,-5.8206,0.102,-1.5577,-1.3938,0.1639,1,0, speeches,0.0369
Abraham Lincoln,language,Abraham Lincoln spoke the language of,subject_all,1 2 3,9-13,jspace,0," the people, and", people,1,-6.2582,-6.7516,-0.4934,-1.8033,-1.9083,-0.105,1,0, people,0.0235
Abraham Lincoln,language,Abraham Lincoln spoke the language of,subject_all,1 2 3,9-13,jspace_keep_name,0," the people, and", people,1,-6.2582,-6.8429,-0.5847,-1.8033,-2.0778,-0.2745,1,0, people,0.0327
Abraham Lincoln,language,Abraham Lincoln spoke the language of,subject_all,1 2 3,9-13,jspace_restore_rest,0," the people, and", people,1,-6.2582,-6.4845,-0.2263,-1.8033,-1.8252,-0.0219,1,0, people,0.01
Abraham Lincoln,language,Abraham Lincoln spoke the language of,subject_all,1 2 3,9-13,name_lens,0," the people, and", people,1,-6.2582,-6.4277,-0.1695,-1.8033,-1.8122,-0.0088,1,0, people,0.0105
Abraham Lincoln,language,Abraham Lincoln spoke the language of,subject_all,1 2 3,9-17,jspace,0," the people, and", people,1,-6.2582,-6.6291,-0.371,-1.8033,-1.8273,-0.024,1,0, people,0.0368
Abraham Lincoln,language,Abraham Lincoln spoke the language of,subject_all,1 2 3,9-17,jspace_keep_name,0," the people, and", people,1,-6.2582,-6.8208,-0.5626,-1.8033,-2.0684,-0.2651,1,0, people,0.0334
Abraham Lincoln,language,Abraham Lincoln spoke the language of,subject_all,1 2 3,9-17,jspace_restore_rest,0," the people, and", people,1,-6.2582,-6.5576,-0.2994,-1.8033,-1.8481,-0.0448,1,0, people,0.0137
Abraham Lincoln,language,Abraham Lincoln spoke the language of,subject_all,1 2 3,9-17,name_lens,0," the people, and", people,1,-6.2582,-6.4789,-0.2207,-1.8033,-1.7833,0.02,1,0, people,0.0137
Abraham Lincoln,language,Abraham Lincoln spoke the language of,subject_all,1 2 3,6-20,jspace,0," the people, and", people,1,-6.2582,-6.4346,-0.1764,-1.8033,-2.1372,-0.3338,1,0, people,0.1706
Abraham Lincoln,language,Abraham Lincoln spoke the language of,subject_all,1 2 3,6-20,jspace_keep_name,0," the people, and", people,1,-6.2582,-8.6593,-2.4011,-1.8033,-2.5605,-0.7572,1,0, people,0.3114
Abraham Lincoln,language,Abraham Lincoln spoke the language of,subject_all,1 2 3,6-20,jspace_restore_rest,0," the people, and", people,1,-6.2582,-6.1973,0.0609,-1.8033,-1.6239,0.1794,1,0, people,0.0351
Abraham Lincoln,language,Abraham Lincoln spoke the language of,subject_all,1 2 3,6-20,name_lens,0," the people, and", people,1,-6.2582,-6.3362,-0.078,-1.8033,-1.69,0.1133,1,0, people,0.0192
Abraham Lincoln,spouse,Abraham Lincoln was married to,subject_all,1 2 3,9-13,jspace,0, Mary Todd Lincoln., Mary,0,-3.2644,-7.3159,-4.0515,-0.7296,-2.2988,-1.5692,2,1, a,0.5361
Abraham Lincoln,spouse,Abraham Lincoln was married to,subject_all,1 2 3,9-13,jspace_keep_name,0, Mary Todd Lincoln., Mary,0,-3.2644,-4.7106,-1.4462,-0.7296,-0.9628,-0.2332,1,0, Mary,0.0649
Abraham Lincoln,spouse,Abraham Lincoln was married to,subject_all,1 2 3,9-13,jspace_restore_rest,0, Mary Todd Lincoln., Mary,0,-3.2644,-4.4784,-1.214,-0.7296,-1.2328,-0.5033,1,0, Mary,0.1033
Abraham Lincoln,spouse,Abraham Lincoln was married to,subject_all,1 2 3,9-13,name_lens,0, Mary Todd Lincoln., Mary,0,-3.2644,-4.4014,-1.137,-0.7296,-1.2021,-0.4725,1,0, Mary,0.0886
Abraham Lincoln,spouse,Abraham Lincoln was married to,subject_all,1 2 3,9-17,jspace,0, Mary Todd Lincoln., Mary,0,-3.2644,-9.2332,-5.9689,-0.7296,-2.6588,-1.9293,2,1, a,0.7478
Abraham Lincoln,spouse,Abraham Lincoln was married to,subject_all,1 2 3,9-17,jspace_keep_name,0, Mary Todd Lincoln., Mary,0,-3.2644,-6.6169,-3.3525,-0.7296,-1.4224,-0.6929,1,0, Mary,0.2414
Abraham Lincoln,spouse,Abraham Lincoln was married to,subject_all,1 2 3,9-17,jspace_restore_rest,0, Mary Todd Lincoln., Mary,0,-3.2644,-7.9243,-4.6599,-0.7296,-2.3128,-1.5832,2,1, a,0.5654
Abraham Lincoln,spouse,Abraham Lincoln was married to,subject_all,1 2 3,9-17,name_lens,0, Mary Todd Lincoln., Mary,0,-3.2644,-6.1611,-2.8968,-0.7296,-1.7708,-1.0412,1,0, Mary,0.3034
Abraham Lincoln,spouse,Abraham Lincoln was married to,subject_all,1 2 3,6-20,jspace,0, Mary Todd Lincoln., Mary,0,-3.2644,-12.6989,-9.4346,-0.7296,-3.3244,-2.5949,4,1, a,1.2379
Abraham Lincoln,spouse,Abraham Lincoln was married to,subject_all,1 2 3,6-20,jspace_keep_name,0, Mary Todd Lincoln., Mary,0,-3.2644,-14.0255,-10.7611,-0.7296,-2.4586,-1.729,1,0, Mary,0.7356
Abraham Lincoln,spouse,Abraham Lincoln was married to,subject_all,1 2 3,6-20,jspace_restore_rest,0, Mary Todd Lincoln., Mary,0,-3.2644,-11.7932,-8.5289,-0.7296,-2.9015,-2.172,2,1, a,0.8915
Abraham Lincoln,spouse,Abraham Lincoln was married to,subject_all,1 2 3,6-20,name_lens,0, Mary Todd Lincoln., Mary,0,-3.2644,-9.1983,-5.9339,-0.7296,-2.6861,-1.9565,2,1, a,0.7396
Abraham Lincoln,education,Abraham Lincoln studied at the University of,subject_all,1 2 3,9-13,jspace,0, Illinois. The University, Illinois,0,-8.5378,-8.906,-0.3682,-1.9285,-2.6781,-0.7496,1,1, Michigan,0.1483
Abraham Lincoln,education,Abraham Lincoln studied at the University of,subject_all,1 2 3,9-13,jspace_keep_name,0, Illinois. The University, Illinois,0,-8.5378,-8.9605,-0.4226,-1.9285,-2.6219,-0.6934,1,0, Illinois,0.1113
Abraham Lincoln,education,Abraham Lincoln studied at the University of,subject_all,1 2 3,9-13,jspace_restore_rest,0, Illinois. The University, Illinois,0,-8.5378,-8.8013,-0.2634,-1.9285,-2.4094,-0.4809,1,1, Chicago,0.0617
Abraham Lincoln,education,Abraham Lincoln studied at the University of,subject_all,1 2 3,9-13,name_lens,0, Illinois. The University, Illinois,0,-8.5378,-9.004,-0.4661,-1.9285,-2.4282,-0.4997,1,1, Michigan,0.0539
Abraham Lincoln,education,Abraham Lincoln studied at the University of,subject_all,1 2 3,9-17,jspace,0, Illinois. The University, Illinois,0,-8.5378,-9.2085,-0.6706,-1.9285,-3.1191,-1.1906,2,1, Michigan,0.2304
Abraham Lincoln,education,Abraham Lincoln studied at the University of,subject_all,1 2 3,9-17,jspace_keep_name,0, Illinois. The University, Illinois,0,-8.5378,-9.1971,-0.6592,-1.9285,-2.7041,-0.7756,1,0, Illinois,0.147
Abraham Lincoln,education,Abraham Lincoln studied at the University of,subject_all,1 2 3,9-17,jspace_restore_rest,0, Illinois. The University, Illinois,0,-8.5378,-9.2952,-0.7574,-1.9285,-2.8472,-0.9187,3,1, Chicago,0.1849
Abraham Lincoln,education,Abraham Lincoln studied at the University of,subject_all,1 2 3,9-17,name_lens,0, Illinois. The University, Illinois,0,-8.5378,-9.3655,-0.8276,-1.9285,-2.7396,-0.8111,3,1, Michigan,0.1288
Abraham Lincoln,education,Abraham Lincoln studied at the University of,subject_all,1 2 3,6-20,jspace,0, Illinois. The University, Illinois,0,-8.5378,-10.7011,-2.1633,-1.9285,-4.6517,-2.7232,17,1, Oxford,0.689
Abraham Lincoln,education,Abraham Lincoln studied at the University of,subject_all,1 2 3,6-20,jspace_keep_name,0, Illinois. The University, Illinois,0,-8.5378,-11.6412,-3.1033,-1.9285,-3.4366,-1.5081,2,1, Chicago,0.531
Abraham Lincoln,education,Abraham Lincoln studied at the University of,subject_all,1 2 3,6-20,jspace_restore_rest,0, Illinois. The University, Illinois,0,-8.5378,-10.0895,-1.5517,-1.9285,-3.5942,-1.6657,5,1, Chicago,0.4383
Abraham Lincoln,education,Abraham Lincoln studied at the University of,subject_all,1 2 3,6-20,name_lens,0, Illinois. The University, Illinois,0,-8.5378,-9.3264,-0.7886,-1.9285,-3.0105,-1.082,4,1, Michigan,0.2327
Abraham Lincoln,citizenship,Abraham Lincoln was a citizen of,subject_all,1 2 3,9-13,jspace,0, the United States., United,1,-2.5344,-2.5511,-0.0167,-0.3886,-0.4243,-0.0357,1,0, United,0.0321
Abraham Lincoln,citizenship,Abraham Lincoln was a citizen of,subject_all,1 2 3,9-13,jspace_keep_name,0, the United States., United,1,-2.5344,-2.8124,-0.278,-0.3886,-0.5008,-0.1122,1,0, United,0.025
Abraham Lincoln,citizenship,Abraham Lincoln was a citizen of,subject_all,1 2 3,9-13,jspace_restore_rest,0, the United States., United,1,-2.5344,-2.5935,-0.0591,-0.3886,-0.4138,-0.0252,1,0, United,0.0196
Abraham Lincoln,citizenship,Abraham Lincoln was a citizen of,subject_all,1 2 3,9-13,name_lens,0, the United States., United,1,-2.5344,-2.579,-0.0446,-0.3886,-0.4061,-0.0175,1,0, United,0.0165
Abraham Lincoln,citizenship,Abraham Lincoln was a citizen of,subject_all,1 2 3,9-17,jspace,0, the United States., United,1,-2.5344,-2.5426,-0.0082,-0.3886,-0.4025,-0.0139,1,0, United,0.0431
Abraham Lincoln,citizenship,Abraham Lincoln was a citizen of,subject_all,1 2 3,9-17,jspace_keep_name,0, the United States., United,1,-2.5344,-2.8005,-0.2661,-0.3886,-0.4659,-0.0773,1,0, United,0.0375
Abraham Lincoln,citizenship,Abraham Lincoln was a citizen of,subject_all,1 2 3,9-17,jspace_restore_rest,0, the United States., United,1,-2.5344,-2.4605,0.0739,-0.3886,-0.4062,-0.0176,1,0, United,0.0311
Abraham Lincoln,citizenship,Abraham Lincoln was a citizen of,subject_all,1 2 3,9-17,name_lens,0, the United States., United,1,-2.5344,-2.5757,-0.0413,-0.3886,-0.4163,-0.0277,1,0, United,0.0284
Abraham Lincoln,citizenship,Abraham Lincoln was a citizen of,subject_all,1 2 3,6-20,jspace,0, the United States., United,1,-2.5344,-2.9999,-0.4655,-0.3886,-0.2968,0.0918,1,0, United,0.2775
Abraham Lincoln,citizenship,Abraham Lincoln was a citizen of,subject_all,1 2 3,6-20,jspace_keep_name,0, the United States., United,1,-2.5344,-3.4181,-0.8837,-0.3886,-0.3836,0.005,1,0, United,0.1161
Abraham Lincoln,citizenship,Abraham Lincoln was a citizen of,subject_all,1 2 3,6-20,jspace_restore_rest,0, the United States., United,1,-2.5344,-2.6429,-0.1085,-0.3886,-0.4263,-0.0377,1,0, United,0.0844
Abraham Lincoln,citizenship,Abraham Lincoln was a citizen of,subject_all,1 2 3,6-20,name_lens,0, the United States., United,1,-2.5344,-2.5555,-0.0211,-0.3886,-0.4003,-0.0116,1,0, United,0.0571
Abraham Lincoln,copy_first_name,The first name of Abraham Lincoln is,subject_all,5 6,9-13,jspace,0, Abraham. The second, Abraham,0,-5.3363,-5.5713,-0.235,-2.3601,-2.3764,-0.0163,1,0, Abraham,0.0573
Abraham Lincoln,copy_first_name,The first name of Abraham Lincoln is,subject_all,5 6,9-13,jspace_keep_name,0, Abraham. The second, Abraham,0,-5.3363,-5.2526,0.0838,-2.3601,-2.3052,0.0548,1,0, Abraham,0.0414
Abraham Lincoln,copy_first_name,The first name of Abraham Lincoln is,subject_all,5 6,9-13,jspace_restore_rest,0, Abraham. The second, Abraham,0,-5.3363,-4.9379,0.3984,-2.3601,-2.0663,0.2937,1,0, Abraham,0.0208
Abraham Lincoln,copy_first_name,The first name of Abraham Lincoln is,subject_all,5 6,9-13,name_lens,0, Abraham. The second, Abraham,0,-5.3363,-5.1665,0.1699,-2.3601,-2.1257,0.2343,1,0, Abraham,0.0216
Abraham Lincoln,copy_first_name,The first name of Abraham Lincoln is,subject_all,5 6,9-17,jspace,0, Abraham. The second, Abraham,0,-5.3363,-6.1164,-0.7801,-2.3601,-3.0204,-0.6604,3,1," """,0.12
Abraham Lincoln,copy_first_name,The first name of Abraham Lincoln is,subject_all,5 6,9-17,jspace_keep_name,0, Abraham. The second, Abraham,0,-5.3363,-5.4434,-0.1071,-2.3601,-2.4311,-0.071,1,0, Abraham,0.062
Abraham Lincoln,copy_first_name,The first name of Abraham Lincoln is,subject_all,5 6,9-17,jspace_restore_rest,0, Abraham. The second, Abraham,0,-5.3363,-5.861,-0.5247,-2.3601,-2.9802,-0.6201,2,1,?,0.0725
Abraham Lincoln,copy_first_name,The first name of Abraham Lincoln is,subject_all,5 6,9-17,name_lens,0, Abraham. The second, Abraham,0,-5.3363,-5.968,-0.6317,-2.3601,-2.9336,-0.5735,2,1,?,0.0635
Abraham Lincoln,copy_first_name,The first name of Abraham Lincoln is,subject_all,5 6,6-20,jspace,0, Abraham. The second, Abraham,0,-5.3363,-9.3796,-4.0433,-2.3601,-6.424,-4.0639,95,1," """,0.6632
Abraham Lincoln,copy_first_name,The first name of Abraham Lincoln is,subject_all,5 6,6-20,jspace_keep_name,0, Abraham. The second, Abraham,0,-5.3363,-5.6293,-0.293,-2.3601,-2.7529,-0.3928,1,1," """,0.1353
Abraham Lincoln,copy_first_name,The first name of Abraham Lincoln is,subject_all,5 6,6-20,jspace_restore_rest,0, Abraham. The second, Abraham,0,-5.3363,-6.0801,-0.7438,-2.3601,-3.2062,-0.8462,4,1,?,0.0925
Abraham Lincoln,copy_first_name,The first name of Abraham Lincoln is,subject_all,5 6,6-20,name_lens,0, Abraham. The second, Abraham,0,-5.3363,-7.5941,-2.2578,-2.3601,-4.4768,-2.1167,16,1,?,0.232
Abraham Lincoln,copy_last_name,The last name of Abraham Lincoln is,subject_all,5 6,9-13,jspace,0," ""Lincoln."" The",Lincoln,1,-6.2326,-7.6501,-1.4176,-0.7157,-1.6493,-0.9337,1,0,Lincoln,0.105
Abraham Lincoln,copy_last_name,The last name of Abraham Lincoln is,subject_all,5 6,9-13,jspace_keep_name,0," ""Lincoln."" The",Lincoln,1,-6.2326,-6.373,-0.1404,-0.7157,-0.7044,0.0113,1,0,Lincoln,0.0408
Abraham Lincoln,copy_last_name,The last name of Abraham Lincoln is,subject_all,5 6,9-13,jspace_restore_rest,0," ""Lincoln."" The",Lincoln,1,-6.2326,-6.5605,-0.3279,-0.7157,-0.6831,0.0325,1,0,Lincoln,0.0376
Abraham Lincoln,copy_last_name,The last name of Abraham Lincoln is,subject_all,5 6,9-13,name_lens,0," ""Lincoln."" The",Lincoln,1,-6.2326,-6.704,-0.4714,-0.7157,-0.6502,0.0655,1,0,Lincoln,0.0841
Abraham Lincoln,copy_last_name,The last name of Abraham Lincoln is,subject_all,5 6,9-17,jspace,0," ""Lincoln."" The",Lincoln,1,-6.2326,-8.3628,-2.1302,-0.7157,-2.3519,-1.6362,1,0,Lincoln,0.1709
Abraham Lincoln,copy_last_name,The last name of Abraham Lincoln is,subject_all,5 6,9-17,jspace_keep_name,0," ""Lincoln."" The",Lincoln,1,-6.2326,-7.7936,-1.561,-0.7157,-1.9553,-1.2396,1,0,Lincoln,0.1311
Abraham Lincoln,copy_last_name,The last name of Abraham Lincoln is,subject_all,5 6,9-17,jspace_restore_rest,0," ""Lincoln."" The",Lincoln,1,-6.2326,-6.8335,-0.6009,-0.7157,-1.0703,-0.3547,1,0,Lincoln,0.0728
Abraham Lincoln,copy_last_name,The last name of Abraham Lincoln is,subject_all,5 6,9-17,name_lens,0," ""Lincoln."" The",Lincoln,1,-6.2326,-7.0238,-0.7912,-0.7157,-0.9631,-0.2475,1,0,Lincoln,0.1486
Abraham Lincoln,copy_last_name,The last name of Abraham Lincoln is,subject_all,5 6,6-20,jspace,0," ""Lincoln."" The",Lincoln,1,-6.2326,-10.252,-4.0194,-0.7157,-4.3864,-3.6707,12,1,S,0.8761
Abraham Lincoln,copy_last_name,The last name of Abraham Lincoln is,subject_all,5 6,6-20,jspace_keep_name,0," ""Lincoln."" The",Lincoln,1,-6.2326,-10.0516,-3.819,-0.7157,-4.4416,-3.726,7,1,??,0.3565
Abraham Lincoln,copy_last_name,The last name of Abraham Lincoln is,subject_all,5 6,6-20,jspace_restore_rest,0," ""Lincoln."" The",Lincoln,1,-6.2326,-7.371,-1.1384,-0.7157,-1.2503,-0.5346,1,0,Lincoln,0.165
Abraham Lincoln,copy_last_name,The last name of Abraham Lincoln is,subject_all,5 6,6-20,name_lens,0," ""Lincoln."" The",Lincoln,1,-6.2326,-7.5344,-1.3018,-0.7157,-1.2807,-0.565,1,0,Lincoln,0.191
Wolfgang Amadeus Mozart,birth_city,Wolfgang Amadeus Mozart was born in the city of,subject_all,1 2 3 4 5 6,9-13,jspace,0," Salzburg, Austria,", Salzburg,0,-3.6578,-4.175,-0.5171,-0.1723,-0.4203,-0.248,1,0, Salzburg,0.1381
Wolfgang Amadeus Mozart,birth_city,Wolfgang Amadeus Mozart was born in the city of,subject_all,1 2 3 4 5 6,9-13,jspace_keep_name,0," Salzburg, Austria,", Salzburg,0,-3.6578,-3.908,-0.2502,-0.1723,-0.4769,-0.3046,1,0, Salzburg,0.1596
Wolfgang Amadeus Mozart,birth_city,Wolfgang Amadeus Mozart was born in the city of,subject_all,1 2 3 4 5 6,9-13,jspace_restore_rest,0," Salzburg, Austria,", Salzburg,0,-3.6578,-4.3273,-0.6695,-0.1723,-0.438,-0.2657,1,0, Salzburg,0.1507
Wolfgang Amadeus Mozart,birth_city,Wolfgang Amadeus Mozart was born in the city of,subject_all,1 2 3 4 5 6,9-13,name_lens,0," Salzburg, Austria,", Salzburg,0,-3.6578,-4.4329,-0.7751,-0.1723,-0.4858,-0.3135,1,0, Salzburg,0.1899
Wolfgang Amadeus Mozart,birth_city,Wolfgang Amadeus Mozart was born in the city of,subject_all,1 2 3 4 5 6,9-17,jspace,0," Salzburg, Austria,", Salzburg,0,-3.6578,-5.0545,-1.3967,-0.1723,-1.3627,-1.1904,1,0, Salzburg,0.8487
Wolfgang Amadeus Mozart,birth_city,Wolfgang Amadeus Mozart was born in the city of,subject_all,1 2 3 4 5 6,9-17,jspace_keep_name,0," Salzburg, Austria,", Salzburg,0,-3.6578,-4.527,-0.8692,-0.1723,-0.9333,-0.761,1,0, Salzburg,0.4854
Wolfgang Amadeus Mozart,birth_city,Wolfgang Amadeus Mozart was born in the city of,subject_all,1 2 3 4 5 6,9-17,jspace_restore_rest,0," Salzburg, Austria,", Salzburg,0,-3.6578,-4.3354,-0.6775,-0.1723,-0.3738,-0.2015,1,0, Salzburg,0.1024
Wolfgang Amadeus Mozart,birth_city,Wolfgang Amadeus Mozart was born in the city of,subject_all,1 2 3 4 5 6,9-17,name_lens,0," Salzburg, Austria,", Salzburg,0,-3.6578,-4.4352,-0.7774,-0.1723,-0.4981,-0.3258,1,0, Salzburg,0.1968
Wolfgang Amadeus Mozart,birth_city,Wolfgang Amadeus Mozart was born in the city of,subject_all,1 2 3 4 5 6,6-20,jspace,0," Salzburg, Austria,", Salzburg,0,-3.6578,-9.3115,-5.6537,-0.1723,-4.7179,-4.5456,20,1, H,3.8468
Wolfgang Amadeus Mozart,birth_city,Wolfgang Amadeus Mozart was born in the city of,subject_all,1 2 3 4 5 6,6-20,jspace_keep_name,0," Salzburg, Austria,", Salzburg,0,-3.6578,-6.1066,-2.4487,-0.1723,-2.1213,-1.949,2,1, Vienna,1.5425
Wolfgang Amadeus Mozart,birth_city,Wolfgang Amadeus Mozart was born in the city of,subject_all,1 2 3 4 5 6,6-20,jspace_restore_rest,0," Salzburg, Austria,", Salzburg,0,-3.6578,-5.1003,-1.4425,-0.1723,-0.7779,-0.6056,1,0, Salzburg,0.3757
Wolfgang Amadeus Mozart,birth_city,Wolfgang Amadeus Mozart was born in the city of,subject_all,1 2 3 4 5 6,6-20,name_lens,0," Salzburg, Austria,", Salzburg,0,-3.6578,-7.0199,-3.362,-0.1723,-1.2142,-1.0419,1,0, Salzburg,0.7202
Wolfgang Amadeus Mozart,birth_year,Wolfgang Amadeus Mozart was born in the year,subject_all,1 2 3 4 5 6,9-13,jspace,0, 1756.,175,1,-1.7394,-2.7887,-1.0493,-0.1518,-0.8666,-0.7147,1,0,175,0.0109
Wolfgang Amadeus Mozart,birth_year,Wolfgang Amadeus Mozart was born in the year,subject_all,1 2 3 4 5 6,9-13,jspace_keep_name,0, 1756.,175,1,-1.7394,-1.8414,-0.102,-0.1518,-0.3208,-0.169,1,0,175,0.0099
Wolfgang Amadeus Mozart,birth_year,Wolfgang Amadeus Mozart was born in the year,subject_all,1 2 3 4 5 6,9-13,jspace_restore_rest,0, 1756.,175,1,-1.7394,-2.5671,-0.8277,-0.1518,-0.4469,-0.2951,1,0,175,0.0837
Wolfgang Amadeus Mozart,birth_year,Wolfgang Amadeus Mozart was born in the year,subject_all,1 2 3 4 5 6,9-13,name_lens,0, 1756.,175,1,-1.7394,-2.8959,-1.1565,-0.1518,-0.4146,-0.2628,1,0,175,0.0914
Wolfgang Amadeus Mozart,birth_year,Wolfgang Amadeus Mozart was born in the year,subject_all,1 2 3 4 5 6,9-17,jspace,0, 1756.,175,1,-1.7394,-3.6111,-1.8717,-0.1518,-1.7015,-1.5497,1,0,175,0.018
Wolfgang Amadeus Mozart,birth_year,Wolfgang Amadeus Mozart was born in the year,subject_all,1 2 3 4 5 6,9-17,jspace_keep_name,0, 1756.,175,1,-1.7394,-2.7646,-1.0253,-0.1518,-0.9055,-0.7537,1,0,175,0.0128
Wolfgang Amadeus Mozart,birth_year,Wolfgang Amadeus Mozart was born in the year,subject_all,1 2 3 4 5 6,9-17,jspace_restore_rest,0, 1756.,175,1,-1.7394,-2.2227,-0.4833,-0.1518,-0.2875,-0.1357,1,0,175,0.0777
Wolfgang Amadeus Mozart,birth_year,Wolfgang Amadeus Mozart was born in the year,subject_all,1 2 3 4 5 6,9-17,name_lens,0, 1756.,175,1,-1.7394,-2.9194,-1.18,-0.1518,-0.4547,-0.3029,1,0,175,0.0864
Wolfgang Amadeus Mozart,birth_year,Wolfgang Amadeus Mozart was born in the year,subject_all,1 2 3 4 5 6,6-20,jspace,0, 1756.,175,1,-1.7394,-3.888,-2.1486,-0.1518,-1.5554,-1.4036,1,0,175,0.1078
Wolfgang Amadeus Mozart,birth_year,Wolfgang Amadeus Mozart was born in the year,subject_all,1 2 3 4 5 6,6-20,jspace_keep_name,0, 1756.,175,1,-1.7394,-2.8336,-1.0942,-0.1518,-1.4156,-1.2638,1,0,175,0.0727
Wolfgang Amadeus Mozart,birth_year,Wolfgang Amadeus Mozart was born in the year,subject_all,1 2 3 4 5 6,6-20,jspace_restore_rest,0, 1756.,175,1,-1.7394,-3.9177,-2.1784,-0.1518,-0.6254,-0.4736,1,0,175,0.4612
Wolfgang Amadeus Mozart,birth_year,Wolfgang Amadeus Mozart was born in the year,subject_all,1 2 3 4 5 6,6-20,name_lens,0, 1756.,175,1,-1.7394,-4.7151,-2.9758,-0.1518,-0.9725,-0.8207,1,0,175,0.5874
Wolfgang Amadeus Mozart,birth_country,Wolfgang Amadeus Mozart was born in the country of,subject_all,1 2 3 4 5 6,9-13,jspace,0, Austria. The city, Austria,0,-6.7267,-6.747,-0.0204,-0.6061,-0.6766,-0.0705,1,0, Austria,0.0539
Wolfgang Amadeus Mozart,birth_country,Wolfgang Amadeus Mozart was born in the country of,subject_all,1 2 3 4 5 6,9-13,jspace_keep_name,0, Austria. The city, Austria,0,-6.7267,-6.6123,0.1143,-0.6061,-0.6132,-0.0071,1,0, Austria,0.0269
Wolfgang Amadeus Mozart,birth_country,Wolfgang Amadeus Mozart was born in the country of,subject_all,1 2 3 4 5 6,9-13,jspace_restore_rest,0, Austria. The city, Austria,0,-6.7267,-7.4097,-0.6831,-0.6061,-0.5299,0.0762,1,0, Austria,0.0448
Wolfgang Amadeus Mozart,birth_country,Wolfgang Amadeus Mozart was born in the country of,subject_all,1 2 3 4 5 6,9-13,name_lens,0, Austria. The city, Austria,0,-6.7267,-7.995,-1.2684,-0.6061,-0.4983,0.1078,1,0, Austria,0.0706
Wolfgang Amadeus Mozart,birth_country,Wolfgang Amadeus Mozart was born in the country of,subject_all,1 2 3 4 5 6,9-17,jspace,0, Austria. The city, Austria,0,-6.7267,-6.8046,-0.0779,-0.6061,-0.7774,-0.1713,1,0, Austria,0.1435
Wolfgang Amadeus Mozart,birth_country,Wolfgang Amadeus Mozart was born in the country of,subject_all,1 2 3 4 5 6,9-17,jspace_keep_name,0, Austria. The city, Austria,0,-6.7267,-6.6864,0.0403,-0.6061,-0.8769,-0.2709,1,0, Austria,0.1194
Wolfgang Amadeus Mozart,birth_country,Wolfgang Amadeus Mozart was born in the country of,subject_all,1 2 3 4 5 6,9-17,jspace_restore_rest,0, Austria. The city, Austria,0,-6.7267,-7.1863,-0.4597,-0.6061,-0.56,0.046,1,0, Austria,0.0409
Wolfgang Amadeus Mozart,birth_country,Wolfgang Amadeus Mozart was born in the country of,subject_all,1 2 3 4 5 6,9-17,name_lens,0, Austria. The city, Austria,0,-6.7267,-7.7613,-1.0347,-0.6061,-0.4983,0.1078,1,0, Austria,0.0844
Wolfgang Amadeus Mozart,birth_country,Wolfgang Amadeus Mozart was born in the country of,subject_all,1 2 3 4 5 6,6-20,jspace,0, Austria. The city, Austria,0,-6.7267,-7.8644,-1.1377,-0.6061,-1.2522,-0.6461,1,0, Austria,0.5071
Wolfgang Amadeus Mozart,birth_country,Wolfgang Amadeus Mozart was born in the country of,subject_all,1 2 3 4 5 6,6-20,jspace_keep_name,0, Austria. The city, Austria,0,-6.7267,-8.2773,-1.5507,-0.6061,-1.7547,-1.1486,1,0, Austria,0.7075
Wolfgang Amadeus Mozart,birth_country,Wolfgang Amadeus Mozart was born in the country of,subject_all,1 2 3 4 5 6,6-20,jspace_restore_rest,0, Austria. The city, Austria,0,-6.7267,-11.6923,-4.9657,-0.6061,-0.5382,0.0678,1,0, Austria,0.1226
Wolfgang Amadeus Mozart,birth_country,Wolfgang Amadeus Mozart was born in the country of,subject_all,1 2 3 4 5 6,6-20,name_lens,0, Austria. The city, Austria,0,-6.7267,-12.1614,-5.4347,-0.6061,-0.7031,-0.0971,1,0, Austria,0.2518
Wolfgang Amadeus Mozart,death_year,Wolfgang Amadeus Mozart died in the year,subject_all,1 2 3 4 5 6,9-13,jspace,0, 1791.,179,1,-1.9643,-3.3001,-1.3358,-0.2809,-0.1748,0.1061,1,0,179,0.0258
Wolfgang Amadeus Mozart,death_year,Wolfgang Amadeus Mozart died in the year,subject_all,1 2 3 4 5 6,9-13,jspace_keep_name,0, 1791.,179,1,-1.9643,-2.5613,-0.597,-0.2809,-0.3225,-0.0416,1,0,179,0.0129
Wolfgang Amadeus Mozart,death_year,Wolfgang Amadeus Mozart died in the year,subject_all,1 2 3 4 5 6,9-13,jspace_restore_rest,0, 1791.,179,1,-1.9643,-3.7078,-1.7435,-0.2809,-0.5153,-0.2345,1,0,179,0.2393
Wolfgang Amadeus Mozart,death_year,Wolfgang Amadeus Mozart died in the year,subject_all,1 2 3 4 5 6,9-13,name_lens,0, 1791.,179,1,-1.9643,-4.9255,-2.9611,-0.2809,-0.5226,-0.2417,1,0,179,0.6458
Wolfgang Amadeus Mozart,death_year,Wolfgang Amadeus Mozart died in the year,subject_all,1 2 3 4 5 6,9-17,jspace,0, 1791.,179,1,-1.9643,-3.1263,-1.1619,-0.2809,-0.4662,-0.1853,1,0,179,0.054
Wolfgang Amadeus Mozart,death_year,Wolfgang Amadeus Mozart died in the year,subject_all,1 2 3 4 5 6,9-17,jspace_keep_name,0, 1791.,179,1,-1.9643,-2.9617,-0.9973,-0.2809,-0.5738,-0.2929,1,0,179,0.0217
Wolfgang Amadeus Mozart,death_year,Wolfgang Amadeus Mozart died in the year,subject_all,1 2 3 4 5 6,9-17,jspace_restore_rest,0, 1791.,179,1,-1.9643,-3.2664,-1.302,-0.2809,-0.4318,-0.1509,1,0,179,0.1945
Wolfgang Amadeus Mozart,death_year,Wolfgang Amadeus Mozart died in the year,subject_all,1 2 3 4 5 6,9-17,name_lens,0, 1791.,179,1,-1.9643,-4.8941,-2.9297,-0.2809,-0.6176,-0.3367,1,0,179,0.6019
Wolfgang Amadeus Mozart,death_year,Wolfgang Amadeus Mozart died in the year,subject_all,1 2 3 4 5 6,6-20,jspace,0, 1791.,179,1,-1.9643,-4.5069,-2.5425,-0.2809,-1.283,-1.0021,1,0,179,0.1615
Wolfgang Amadeus Mozart,death_year,Wolfgang Amadeus Mozart died in the year,subject_all,1 2 3 4 5 6,6-20,jspace_keep_name,0, 1791.,179,1,-1.9643,-4.1703,-2.2059,-0.2809,-2.3399,-2.059,2,1,18,0.0815
Wolfgang Amadeus Mozart,death_year,Wolfgang Amadeus Mozart died in the year,subject_all,1 2 3 4 5 6,6-20,jspace_restore_rest,0, 1791.,179,1,-1.9643,-6.2211,-4.2567,-0.2809,-1.082,-0.8011,1,0,179,0.8958
Wolfgang Amadeus Mozart,death_year,Wolfgang Amadeus Mozart died in the year,subject_all,1 2 3 4 5 6,6-20,name_lens,0, 1791.,179,1,-1.9643,-7.032,-5.0677,-0.2809,-1.5022,-1.2213,1,0,179,0.8768
Wolfgang Amadeus Mozart,occupation,Wolfgang Amadeus Mozart worked as a,subject_all,1 2 3 4 5 6,9-13,jspace,0, composer in the , composer,0,-5.4746,-5.9624,-0.4878,-1.8982,-2.2978,-0.3996,1,0, composer,0.054
Wolfgang Amadeus Mozart,occupation,Wolfgang Amadeus Mozart worked as a,subject_all,1 2 3 4 5 6,9-13,jspace_keep_name,0, composer in the , composer,0,-5.4746,-5.8193,-0.3447,-1.8982,-2.0966,-0.1985,1,0, composer,0.0398
Wolfgang Amadeus Mozart,occupation,Wolfgang Amadeus Mozart worked as a,subject_all,1 2 3 4 5 6,9-13,jspace_restore_rest,0, composer in the , composer,0,-5.4746,-5.6895,-0.2148,-1.8982,-2.0495,-0.1513,1,0, composer,0.0698
Wolfgang Amadeus Mozart,occupation,Wolfgang Amadeus Mozart worked as a,subject_all,1 2 3 4 5 6,9-13,name_lens,0, composer in the , composer,0,-5.4746,-6.5302,-1.0556,-1.8982,-2.0419,-0.1437,1,0, composer,0.1016
Wolfgang Amadeus Mozart,occupation,Wolfgang Amadeus Mozart worked as a,subject_all,1 2 3 4 5 6,9-17,jspace,0, composer in the , composer,0,-5.4746,-5.6841,-0.2094,-1.8982,-1.9531,-0.0549,1,0, composer,0.0566
Wolfgang Amadeus Mozart,occupation,Wolfgang Amadeus Mozart worked as a,subject_all,1 2 3 4 5 6,9-17,jspace_keep_name,0, composer in the , composer,0,-5.4746,-5.9106,-0.4359,-1.8982,-2.0062,-0.1081,1,0, composer,0.0381
Wolfgang Amadeus Mozart,occupation,Wolfgang Amadeus Mozart worked as a,subject_all,1 2 3 4 5 6,9-17,jspace_restore_rest,0, composer in the , composer,0,-5.4746,-5.5686,-0.094,-1.8982,-1.947,-0.0489,1,0, composer,0.0631
Wolfgang Amadeus Mozart,occupation,Wolfgang Amadeus Mozart worked as a,subject_all,1 2 3 4 5 6,9-17,name_lens,0, composer in the , composer,0,-5.4746,-6.0437,-0.5691,-1.8982,-2.0104,-0.1122,1,0, composer,0.1
Wolfgang Amadeus Mozart,occupation,Wolfgang Amadeus Mozart worked as a,subject_all,1 2 3 4 5 6,6-20,jspace,0, composer in the , composer,0,-5.4746,-5.9709,-0.4963,-1.8982,-2.1568,-0.2586,1,0, composer,0.1914
Wolfgang Amadeus Mozart,occupation,Wolfgang Amadeus Mozart worked as a,subject_all,1 2 3 4 5 6,6-20,jspace_keep_name,0, composer in the , composer,0,-5.4746,-6.2215,-0.7469,-1.8982,-2.3713,-0.4731,3,1, musician,0.1622
Wolfgang Amadeus Mozart,occupation,Wolfgang Amadeus Mozart worked as a,subject_all,1 2 3 4 5 6,6-20,jspace_restore_rest,0, composer in the , composer,0,-5.4746,-7.4205,-1.9458,-1.8982,-2.0971,-0.199,1,0, composer,0.1449
Wolfgang Amadeus Mozart,occupation,Wolfgang Amadeus Mozart worked as a,subject_all,1 2 3 4 5 6,6-20,name_lens,0, composer in the , composer,0,-5.4746,-8.9666,-3.492,-1.8982,-2.703,-0.8048,2,1, musician,0.3137
Wolfgang Amadeus Mozart,profession_of,The profession of Wolfgang Amadeus Mozart was,subject_all,4 5 6 7 8,9-13,jspace,0, a composer. The, composer,1,-7.2171,-7.173,0.0441,-2.1117,-2.231,-0.1193,1,0, composer,0.0178
Wolfgang Amadeus Mozart,profession_of,The profession of Wolfgang Amadeus Mozart was,subject_all,4 5 6 7 8,9-13,jspace_keep_name,0, a composer. The, composer,1,-7.2171,-7.0144,0.2027,-2.1117,-2.0373,0.0744,1,0, composer,0.0131
Wolfgang Amadeus Mozart,profession_of,The profession of Wolfgang Amadeus Mozart was,subject_all,4 5 6 7 8,9-13,jspace_restore_rest,0, a composer. The, composer,1,-7.2171,-7.1802,0.0369,-2.1117,-2.1839,-0.0722,1,0, composer,0.004
Wolfgang Amadeus Mozart,profession_of,The profession of Wolfgang Amadeus Mozart was,subject_all,4 5 6 7 8,9-13,name_lens,0, a composer. The, composer,1,-7.2171,-7.2476,-0.0305,-2.1117,-2.2609,-0.1492,1,0, composer,0.0055
Wolfgang Amadeus Mozart,profession_of,The profession of Wolfgang Amadeus Mozart was,subject_all,4 5 6 7 8,9-17,jspace,0, a composer. The, composer,1,-7.2171,-7.7207,-0.5036,-2.1117,-2.3884,-0.2767,1,0, composer,0.0447
Wolfgang Amadeus Mozart,profession_of,The profession of Wolfgang Amadeus Mozart was,subject_all,4 5 6 7 8,9-17,jspace_keep_name,0, a composer. The, composer,1,-7.2171,-6.9773,0.2398,-2.1117,-2.0391,0.0726,1,0, composer,0.0347
Wolfgang Amadeus Mozart,profession_of,The profession of Wolfgang Amadeus Mozart was,subject_all,4 5 6 7 8,9-17,jspace_restore_rest,0, a composer. The, composer,1,-7.2171,-7.1426,0.0745,-2.1117,-2.2137,-0.102,1,0, composer,0.0053
Wolfgang Amadeus Mozart,profession_of,The profession of Wolfgang Amadeus Mozart was,subject_all,4 5 6 7 8,9-17,name_lens,0, a composer. The, composer,1,-7.2171,-7.3711,-0.154,-2.1117,-2.2449,-0.1332,1,0, composer,0.008
Wolfgang Amadeus Mozart,profession_of,The profession of Wolfgang Amadeus Mozart was,subject_all,4 5 6 7 8,6-20,jspace,0, a composer. The, composer,1,-7.2171,-6.9187,0.2984,-2.1117,-2.4253,-0.3136,2,1," """,1.0182
Wolfgang Amadeus Mozart,profession_of,The profession of Wolfgang Amadeus Mozart was,subject_all,4 5 6 7 8,6-20,jspace_keep_name,0, a composer. The, composer,1,-7.2171,-7.4736,-0.2566,-2.1117,-2.3658,-0.2541,1,0, composer,0.3674
Wolfgang Amadeus Mozart,profession_of,The profession of Wolfgang Amadeus Mozart was,subject_all,4 5 6 7 8,6-20,jspace_restore_rest,0, a composer. The, composer,1,-7.2171,-7.8367,-0.6197,-2.1117,-2.4318,-0.3201,1,0, composer,0.0299
Wolfgang Amadeus Mozart,profession_of,The profession of Wolfgang Amadeus Mozart was,subject_all,4 5 6 7 8,6-20,name_lens,0, a composer. The, composer,1,-7.2171,-8.0243,-0.8072,-2.1117,-2.5437,-0.432,1,0, composer,0.0362
Wolfgang Amadeus Mozart,instrument,Wolfgang Amadeus Mozart played the,subject_all,1 2 3 4 5 6,9-13,jspace,0, piano. The piano, piano,0,-7.2476,-7.3471,-0.0994,-0.381,-0.4837,-0.1026,1,0, piano,0.0306
Wolfgang Amadeus Mozart,instrument,Wolfgang Amadeus Mozart played the,subject_all,1 2 3 4 5 6,9-13,jspace_keep_name,0, piano. The piano, piano,0,-7.2476,-7.33,-0.0824,-0.381,-0.4716,-0.0906,1,0, piano,0.023
Wolfgang Amadeus Mozart,instrument,Wolfgang Amadeus Mozart played the,subject_all,1 2 3 4 5 6,9-13,jspace_restore_rest,0, piano. The piano, piano,0,-7.2476,-8.3552,-1.1075,-0.381,-0.5769,-0.1959,1,0, piano,0.0587
Wolfgang Amadeus Mozart,instrument,Wolfgang Amadeus Mozart played the,subject_all,1 2 3 4 5 6,9-13,name_lens,0, piano. The piano, piano,0,-7.2476,-8.5078,-1.2602,-0.381,-0.5982,-0.2172,1,0, piano,0.0656
Wolfgang Amadeus Mozart,instrument,Wolfgang Amadeus Mozart played the,subject_all,1 2 3 4 5 6,9-17,jspace,0, piano. The piano, piano,0,-7.2476,-7.4299,-0.1823,-0.381,-0.4665,-0.0855,1,0, piano,0.0361
Wolfgang Amadeus Mozart,instrument,Wolfgang Amadeus Mozart played the,subject_all,1 2 3 4 5 6,9-17,jspace_keep_name,0, piano. The piano, piano,0,-7.2476,-7.2846,-0.037,-0.381,-0.475,-0.094,1,0, piano,0.0241
Wolfgang Amadeus Mozart,instrument,Wolfgang Amadeus Mozart played the,subject_all,1 2 3 4 5 6,9-17,jspace_restore_rest,0, piano. The piano, piano,0,-7.2476,-8.1336,-0.886,-0.381,-0.5297,-0.1486,1,0, piano,0.0369
Wolfgang Amadeus Mozart,instrument,Wolfgang Amadeus Mozart played the,subject_all,1 2 3 4 5 6,9-17,name_lens,0, piano. The piano, piano,0,-7.2476,-8.5664,-1.3187,-0.381,-0.6178,-0.2368,1,0, piano,0.0695
Wolfgang Amadeus Mozart,instrument,Wolfgang Amadeus Mozart played the,subject_all,1 2 3 4 5 6,6-20,jspace,0, piano. The piano, piano,0,-7.2476,-8.674,-1.4264,-0.381,-0.8078,-0.4268,1,0, piano,0.1877
Wolfgang Amadeus Mozart,instrument,Wolfgang Amadeus Mozart played the,subject_all,1 2 3 4 5 6,6-20,jspace_keep_name,0, piano. The piano, piano,0,-7.2476,-7.658,-0.4104,-0.381,-0.8657,-0.4847,1,0, piano,0.2
Wolfgang Amadeus Mozart,instrument,Wolfgang Amadeus Mozart played the,subject_all,1 2 3 4 5 6,6-20,jspace_restore_rest,0, piano. The piano, piano,0,-7.2476,-14.322,-7.0743,-0.381,-0.881,-0.4999,1,0, piano,0.1787
Wolfgang Amadeus Mozart,instrument,Wolfgang Amadeus Mozart played the,subject_all,1 2 3 4 5 6,6-20,name_lens,0, piano. The piano, piano,0,-7.2476,-16.9017,-9.654,-0.381,-1.1384,-0.7574,1,0, piano,0.3389
Wolfgang Amadeus Mozart,famous_for,Wolfgang Amadeus Mozart is famous for,subject_all,1 2 3 4 5 6,9-13,jspace,0, his symphonies, sym,1,-2.3553,-2.7225,-0.3671,-1.4699,-1.6775,-0.2076,1,0, sym,0.0152
Wolfgang Amadeus Mozart,famous_for,Wolfgang Amadeus Mozart is famous for,subject_all,1 2 3 4 5 6,9-13,jspace_keep_name,0, his symphonies, sym,1,-2.3553,-2.9735,-0.6182,-1.4699,-2.0304,-0.5604,1,0, sym,0.0215
Wolfgang Amadeus Mozart,famous_for,Wolfgang Amadeus Mozart is famous for,subject_all,1 2 3 4 5 6,9-13,jspace_restore_rest,0, his symphonies, sym,1,-2.3553,-2.1828,0.1726,-1.4699,-1.2661,0.2038,1,0, sym,0.0213
Wolfgang Amadeus Mozart,famous_for,Wolfgang Amadeus Mozart is famous for,subject_all,1 2 3 4 5 6,9-13,name_lens,0, his symphonies, sym,1,-2.3553,-2.1603,0.1951,-1.4699,-1.1924,0.2775,1,0, sym,0.0246
Wolfgang Amadeus Mozart,famous_for,Wolfgang Amadeus Mozart is famous for,subject_all,1 2 3 4 5 6,9-17,jspace,0, his symphonies, sym,1,-2.3553,-2.7577,-0.4023,-1.4699,-1.6933,-0.2234,1,0, sym,0.0212
Wolfgang Amadeus Mozart,famous_for,Wolfgang Amadeus Mozart is famous for,subject_all,1 2 3 4 5 6,9-17,jspace_keep_name,0, his symphonies, sym,1,-2.3553,-2.926,-0.5706,-1.4699,-1.9125,-0.4426,1,0, sym,0.0112
Wolfgang Amadeus Mozart,famous_for,Wolfgang Amadeus Mozart is famous for,subject_all,1 2 3 4 5 6,9-17,jspace_restore_rest,0, his symphonies, sym,1,-2.3553,-2.1748,0.1806,-1.4699,-1.2469,0.223,1,0, sym,0.0224
Wolfgang Amadeus Mozart,famous_for,Wolfgang Amadeus Mozart is famous for,subject_all,1 2 3 4 5 6,9-17,name_lens,0, his symphonies, sym,1,-2.3553,-2.1876,0.1678,-1.4699,-1.2416,0.2283,1,0, sym,0.0251
Wolfgang Amadeus Mozart,famous_for,Wolfgang Amadeus Mozart is famous for,subject_all,1 2 3 4 5 6,6-20,jspace,0, his symphonies, sym,1,-2.3553,-2.8267,-0.4714,-1.4699,-1.4753,-0.0054,1,0, sym,0.2017
Wolfgang Amadeus Mozart,famous_for,Wolfgang Amadeus Mozart is famous for,subject_all,1 2 3 4 5 6,6-20,jspace_keep_name,0, his symphonies, sym,1,-2.3553,-3.1588,-0.8034,-1.4699,-2.0513,-0.5814,1,0, sym,0.1078
Wolfgang Amadeus Mozart,famous_for,Wolfgang Amadeus Mozart is famous for,subject_all,1 2 3 4 5 6,6-20,jspace_restore_rest,0, his symphonies, sym,1,-2.3553,-2.5977,-0.2424,-1.4699,-1.3776,0.0923,1,0, sym,0.0565
Wolfgang Amadeus Mozart,famous_for,Wolfgang Amadeus Mozart is famous for,subject_all,1 2 3 4 5 6,6-20,name_lens,0, his symphonies, sym,1,-2.3553,-4.2417,-1.8863,-1.4699,-1.495,-0.0251,1,0, sym,0.83
Wolfgang Amadeus Mozart,language,Wolfgang Amadeus Mozart spoke the language of,subject_all,1 2 3 4 5 6,9-13,jspace,0," the gods, and", gods,1,-8.0491,-8.9462,-0.8972,-3.1314,-3.533,-0.4016,3,1, world,0.0364
Wolfgang Amadeus Mozart,language,Wolfgang Amadeus Mozart spoke the language of,subject_all,1 2 3 4 5 6,9-13,jspace_keep_name,0," the gods, and", gods,1,-8.0491,-8.4281,-0.3791,-3.1314,-3.4385,-0.3071,2,1, world,0.0331
Wolfgang Amadeus Mozart,language,Wolfgang Amadeus Mozart spoke the language of,subject_all,1 2 3 4 5 6,9-13,jspace_restore_rest,0," the gods, and", gods,1,-8.0491,-9.1229,-1.0738,-3.1314,-3.3623,-0.2309,1,0, gods,0.0351
Wolfgang Amadeus Mozart,language,Wolfgang Amadeus Mozart spoke the language of,subject_all,1 2 3 4 5 6,9-13,name_lens,0," the gods, and", gods,1,-8.0491,-10.1317,-2.0826,-3.1314,-3.3653,-0.2339,1,0, gods,0.0509
Wolfgang Amadeus Mozart,language,Wolfgang Amadeus Mozart spoke the language of,subject_all,1 2 3 4 5 6,9-17,jspace,0," the gods, and", gods,1,-8.0491,-9.1888,-1.1398,-3.1314,-3.6635,-0.5321,4,1, world,0.0577
Wolfgang Amadeus Mozart,language,Wolfgang Amadeus Mozart spoke the language of,subject_all,1 2 3 4 5 6,9-17,jspace_keep_name,0," the gods, and", gods,1,-8.0491,-8.329,-0.2799,-3.1314,-3.2531,-0.1217,1,1, world,0.052
Wolfgang Amadeus Mozart,language,Wolfgang Amadeus Mozart spoke the language of,subject_all,1 2 3 4 5 6,9-17,jspace_restore_rest,0," the gods, and", gods,1,-8.0491,-9.2253,-1.1762,-3.1314,-3.4901,-0.3587,2,1, ,0.0278
Wolfgang Amadeus Mozart,language,Wolfgang Amadeus Mozart spoke the language of,subject_all,1 2 3 4 5 6,9-17,name_lens,0," the gods, and", gods,1,-8.0491,-9.6622,-1.6131,-3.1314,-3.3614,-0.23,1,0, gods,0.0498
Wolfgang Amadeus Mozart,language,Wolfgang Amadeus Mozart spoke the language of,subject_all,1 2 3 4 5 6,6-20,jspace,0," the gods, and", gods,1,-8.0491,-10.3342,-2.2851,-3.1314,-3.8809,-0.7495,4,1, world,0.2847
Wolfgang Amadeus Mozart,language,Wolfgang Amadeus Mozart spoke the language of,subject_all,1 2 3 4 5 6,6-20,jspace_keep_name,0," the gods, and", gods,1,-8.0491,-8.6333,-0.5842,-3.1314,-3.5613,-0.4299,5,1, world,0.2459
Wolfgang Amadeus Mozart,language,Wolfgang Amadeus Mozart spoke the language of,subject_all,1 2 3 4 5 6,6-20,jspace_restore_rest,0," the gods, and", gods,1,-8.0491,-12.0814,-4.0323,-3.1314,-3.4669,-0.3355,3,1, people,0.4986
Wolfgang Amadeus Mozart,language,Wolfgang Amadeus Mozart spoke the language of,subject_all,1 2 3 4 5 6,6-20,name_lens,0," the gods, and", gods,1,-8.0491,-14.7021,-6.6531,-3.1314,-4.668,-1.5366,9,1, world,1.906
Wolfgang Amadeus Mozart,spouse,Wolfgang Amadeus Mozart was married to,subject_all,1 2 3 4 5 6,9-13,jspace,0, a woman named Const, woman,1,-4.1076,-6.4437,-2.3361,-0.8499,-0.825,0.025,1,0, woman,0.1629
Wolfgang Amadeus Mozart,spouse,Wolfgang Amadeus Mozart was married to,subject_all,1 2 3 4 5 6,9-13,jspace_keep_name,0, a woman named Const, woman,1,-4.1076,-6.2239,-2.1163,-0.8499,-0.8646,-0.0147,1,0, woman,0.1462
Wolfgang Amadeus Mozart,spouse,Wolfgang Amadeus Mozart was married to,subject_all,1 2 3 4 5 6,9-13,jspace_restore_rest,0, a woman named Const, woman,1,-4.1076,-6.2281,-2.1205,-0.8499,-0.834,0.0159,1,0, woman,0.1032
Wolfgang Amadeus Mozart,spouse,Wolfgang Amadeus Mozart was married to,subject_all,1 2 3 4 5 6,9-13,name_lens,0, a woman named Const, woman,1,-4.1076,-6.5208,-2.4132,-0.8499,-0.8368,0.0131,1,0, woman,0.1313
Wolfgang Amadeus Mozart,spouse,Wolfgang Amadeus Mozart was married to,subject_all,1 2 3 4 5 6,9-17,jspace,0, a woman named Const, woman,1,-4.1076,-7.6415,-3.534,-0.8499,-0.8574,-0.0074,1,0, woman,0.3004
Wolfgang Amadeus Mozart,spouse,Wolfgang Amadeus Mozart was married to,subject_all,1 2 3 4 5 6,9-17,jspace_keep_name,0, a woman named Const, woman,1,-4.1076,-6.8718,-2.7642,-0.8499,-0.756,0.094,1,0, woman,0.25
Wolfgang Amadeus Mozart,spouse,Wolfgang Amadeus Mozart was married to,subject_all,1 2 3 4 5 6,9-17,jspace_restore_rest,0, a woman named Const, woman,1,-4.1076,-6.0198,-1.9122,-0.8499,-0.8471,0.0029,1,0, woman,0.078
Wolfgang Amadeus Mozart,spouse,Wolfgang Amadeus Mozart was married to,subject_all,1 2 3 4 5 6,9-17,name_lens,0, a woman named Const, woman,1,-4.1076,-6.4336,-2.326,-0.8499,-0.8307,0.0192,1,0, woman,0.1784
Wolfgang Amadeus Mozart,spouse,Wolfgang Amadeus Mozart was married to,subject_all,1 2 3 4 5 6,6-20,jspace,0, a woman named Const, woman,1,-4.1076,-10.4574,-6.3499,-0.8499,-0.8331,0.0168,1,0, woman,0.9158
Wolfgang Amadeus Mozart,spouse,Wolfgang Amadeus Mozart was married to,subject_all,1 2 3 4 5 6,6-20,jspace_keep_name,0, a woman named Const, woman,1,-4.1076,-7.323,-3.2155,-0.8499,-0.8075,0.0425,1,0, woman,0.4455
Wolfgang Amadeus Mozart,spouse,Wolfgang Amadeus Mozart was married to,subject_all,1 2 3 4 5 6,6-20,jspace_restore_rest,0, a woman named Const, woman,1,-4.1076,-9.6238,-5.5162,-0.8499,-0.8789,-0.0289,1,0, woman,0.2376
Wolfgang Amadeus Mozart,spouse,Wolfgang Amadeus Mozart was married to,subject_all,1 2 3 4 5 6,6-20,name_lens,0, a woman named Const, woman,1,-4.1076,-14.9837,-10.8761,-0.8499,-0.8834,-0.0335,1,0, woman,0.4608
Wolfgang Amadeus Mozart,education,Wolfgang Amadeus Mozart studied at the University of,subject_all,1 2 3 4 5 6,9-13,jspace,0, Vienna. The University, Vienna,0,-7.391,-7.6434,-0.2523,-1.0003,-1.2053,-0.205,1,0, Vienna,0.1821
Wolfgang Amadeus Mozart,education,Wolfgang Amadeus Mozart studied at the University of,subject_all,1 2 3 4 5 6,9-13,jspace_keep_name,0, Vienna. The University, Vienna,0,-7.391,-6.9286,0.4624,-1.0003,-1.0703,-0.0699,1,0, Vienna,0.0831
Wolfgang Amadeus Mozart,education,Wolfgang Amadeus Mozart studied at the University of,subject_all,1 2 3 4 5 6,9-13,jspace_restore_rest,0, Vienna. The University, Vienna,0,-7.391,-7.7892,-0.3982,-1.0003,-0.7297,0.2707,1,0, Vienna,0.1164
Wolfgang Amadeus Mozart,education,Wolfgang Amadeus Mozart studied at the University of,subject_all,1 2 3 4 5 6,9-13,name_lens,0, Vienna. The University, Vienna,0,-7.391,-8.1577,-0.7667,-1.0003,-0.6966,0.3037,1,0, Vienna,0.1615
Wolfgang Amadeus Mozart,education,Wolfgang Amadeus Mozart studied at the University of,subject_all,1 2 3 4 5 6,9-17,jspace,0, Vienna. The University, Vienna,0,-7.391,-7.7735,-0.3825,-1.0003,-1.3396,-0.3393,1,0, Vienna,0.2651
Wolfgang Amadeus Mozart,education,Wolfgang Amadeus Mozart studied at the University of,subject_all,1 2 3 4 5 6,9-17,jspace_keep_name,0, Vienna. The University, Vienna,0,-7.391,-7.3496,0.0414,-1.0003,-1.2831,-0.2827,1,0, Vienna,0.1925
Wolfgang Amadeus Mozart,education,Wolfgang Amadeus Mozart studied at the University of,subject_all,1 2 3 4 5 6,9-17,jspace_restore_rest,0, Vienna. The University, Vienna,0,-7.391,-7.8474,-0.4563,-1.0003,-0.7724,0.2279,1,0, Vienna,0.0799
Wolfgang Amadeus Mozart,education,Wolfgang Amadeus Mozart studied at the University of,subject_all,1 2 3 4 5 6,9-17,name_lens,0, Vienna. The University, Vienna,0,-7.391,-8.1576,-0.7666,-1.0003,-0.8051,0.1953,1,0, Vienna,0.1442
Wolfgang Amadeus Mozart,education,Wolfgang Amadeus Mozart studied at the University of,subject_all,1 2 3 4 5 6,6-20,jspace,0, Vienna. The University, Vienna,0,-7.391,-9.0955,-1.7044,-1.0003,-1.6456,-0.6453,1,0, Vienna,0.4952
Wolfgang Amadeus Mozart,education,Wolfgang Amadeus Mozart studied at the University of,subject_all,1 2 3 4 5 6,6-20,jspace_keep_name,0, Vienna. The University, Vienna,0,-7.391,-7.3233,0.0677,-1.0003,-1.1237,-0.1234,1,0, Vienna,0.2965
Wolfgang Amadeus Mozart,education,Wolfgang Amadeus Mozart studied at the University of,subject_all,1 2 3 4 5 6,6-20,jspace_restore_rest,0, Vienna. The University, Vienna,0,-7.391,-12.4407,-5.0496,-1.0003,-0.9604,0.04,1,0, Vienna,0.1911
Wolfgang Amadeus Mozart,education,Wolfgang Amadeus Mozart studied at the University of,subject_all,1 2 3 4 5 6,6-20,name_lens,0, Vienna. The University, Vienna,0,-7.391,-13.089,-5.6979,-1.0003,-1.1724,-0.1721,1,0, Vienna,0.3981
Wolfgang Amadeus Mozart,citizenship,Wolfgang Amadeus Mozart was a citizen of,subject_all,1 2 3 4 5 6,9-13,jspace,0, the Holy Roman Empire, Holy,1,-2.7344,-3.0996,-0.3652,-1.9073,-1.901,0.0062,2,1, Austrian,0.0308
Wolfgang Amadeus Mozart,citizenship,Wolfgang Amadeus Mozart was a citizen of,subject_all,1 2 3 4 5 6,9-13,jspace_keep_name,0, the Holy Roman Empire, Holy,1,-2.7344,-3.0277,-0.2933,-1.9073,-2.1668,-0.2595,2,1, Austrian,0.0129
Wolfgang Amadeus Mozart,citizenship,Wolfgang Amadeus Mozart was a citizen of,subject_all,1 2 3 4 5 6,9-13,jspace_restore_rest,0, the Holy Roman Empire, Holy,1,-2.7344,-3.1178,-0.3834,-1.9073,-2.0362,-0.1289,2,1, Austrian,0.0234
Wolfgang Amadeus Mozart,citizenship,Wolfgang Amadeus Mozart was a citizen of,subject_all,1 2 3 4 5 6,9-13,name_lens,0, the Holy Roman Empire, Holy,1,-2.7344,-3.2464,-0.512,-1.9073,-2.1207,-0.2134,2,1, Austrian,0.0304
Wolfgang Amadeus Mozart,citizenship,Wolfgang Amadeus Mozart was a citizen of,subject_all,1 2 3 4 5 6,9-17,jspace,0, the Holy Roman Empire, Holy,1,-2.7344,-3.0713,-0.3369,-1.9073,-1.9215,-0.0142,1,0, Holy,0.0486
Wolfgang Amadeus Mozart,citizenship,Wolfgang Amadeus Mozart was a citizen of,subject_all,1 2 3 4 5 6,9-17,jspace_keep_name,0, the Holy Roman Empire, Holy,1,-2.7344,-2.9035,-0.1691,-1.9073,-1.8742,0.033,1,0, Holy,0.0212
Wolfgang Amadeus Mozart,citizenship,Wolfgang Amadeus Mozart was a citizen of,subject_all,1 2 3 4 5 6,9-17,jspace_restore_rest,0, the Holy Roman Empire, Holy,1,-2.7344,-3.0095,-0.2751,-1.9073,-1.9865,-0.0793,2,1, Austrian,0.0193
Wolfgang Amadeus Mozart,citizenship,Wolfgang Amadeus Mozart was a citizen of,subject_all,1 2 3 4 5 6,9-17,name_lens,0, the Holy Roman Empire, Holy,1,-2.7344,-3.0954,-0.361,-1.9073,-1.9831,-0.0758,2,1, Austrian,0.0333
Wolfgang Amadeus Mozart,citizenship,Wolfgang Amadeus Mozart was a citizen of,subject_all,1 2 3 4 5 6,6-20,jspace,0, the Holy Roman Empire, Holy,1,-2.7344,-3.3434,-0.609,-1.9073,-1.8158,0.0914,1,0, Holy,0.3261
Wolfgang Amadeus Mozart,citizenship,Wolfgang Amadeus Mozart was a citizen of,subject_all,1 2 3 4 5 6,6-20,jspace_keep_name,0, the Holy Roman Empire, Holy,1,-2.7344,-3.8158,-1.0814,-1.9073,-2.9517,-1.0444,4,1, Republic,0.102
Wolfgang Amadeus Mozart,citizenship,Wolfgang Amadeus Mozart was a citizen of,subject_all,1 2 3 4 5 6,6-20,jspace_restore_rest,0, the Holy Roman Empire, Holy,1,-2.7344,-4.5871,-1.8527,-1.9073,-2.0331,-0.1259,2,1, Austrian,0.1544
Wolfgang Amadeus Mozart,citizenship,Wolfgang Amadeus Mozart was a citizen of,subject_all,1 2 3 4 5 6,6-20,name_lens,0, the Holy Roman Empire, Holy,1,-2.7344,-5.8933,-3.1589,-1.9073,-2.3633,-0.456,2,1, Austrian,0.7337
Wolfgang Amadeus Mozart,copy_first_name,The first name of Wolfgang Amadeus Mozart is,subject_all,5 6 7 8 9,9-13,jspace,0, Wolfgang. The second, Wolfgang,0,-4.3256,-7.1203,-2.7947,-1.4455,-4.2624,-2.8168,16,1,?,0.5176
Wolfgang Amadeus Mozart,copy_first_name,The first name of Wolfgang Amadeus Mozart is,subject_all,5 6 7 8 9,9-13,jspace_keep_name,0, Wolfgang. The second, Wolfgang,0,-4.3256,-5.3356,-1.01,-1.4455,-2.4548,-1.0092,1,0, Wolfgang,0.1267
Wolfgang Amadeus Mozart,copy_first_name,The first name of Wolfgang Amadeus Mozart is,subject_all,5 6 7 8 9,9-13,jspace_restore_rest,0, Wolfgang. The second, Wolfgang,0,-4.3256,-5.3862,-1.0606,-1.4455,-2.4816,-1.036,1,1,?,0.1192
Wolfgang Amadeus Mozart,copy_first_name,The first name of Wolfgang Amadeus Mozart is,subject_all,5 6 7 8 9,9-13,name_lens,0, Wolfgang. The second, Wolfgang,0,-4.3256,-6.4149,-2.0893,-1.4455,-3.5406,-2.0951,7,1,?,0.3427
Wolfgang Amadeus Mozart,copy_first_name,The first name of Wolfgang Amadeus Mozart is,subject_all,5 6 7 8 9,9-17,jspace,0, Wolfgang. The second, Wolfgang,0,-4.3256,-8.5805,-4.2548,-1.4455,-5.59,-4.1445,40,1, ______,0.8661
Wolfgang Amadeus Mozart,copy_first_name,The first name of Wolfgang Amadeus Mozart is,subject_all,5 6 7 8 9,9-17,jspace_keep_name,0, Wolfgang. The second, Wolfgang,0,-4.3256,-6.2306,-1.905,-1.4455,-3.2715,-1.826,3,1,?,0.2938
Wolfgang Amadeus Mozart,copy_first_name,The first name of Wolfgang Amadeus Mozart is,subject_all,5 6 7 8 9,9-17,jspace_restore_rest,0, Wolfgang. The second, Wolfgang,0,-4.3256,-5.8513,-1.5257,-1.4455,-2.9187,-1.4732,2,1,?,0.2028
Wolfgang Amadeus Mozart,copy_first_name,The first name of Wolfgang Amadeus Mozart is,subject_all,5 6 7 8 9,9-17,name_lens,0, Wolfgang. The second, Wolfgang,0,-4.3256,-8.1267,-3.801,-1.4455,-5.2479,-3.8024,31,1,?,0.7475
Wolfgang Amadeus Mozart,copy_first_name,The first name of Wolfgang Amadeus Mozart is,subject_all,5 6 7 8 9,6-20,jspace,0, Wolfgang. The second, Wolfgang,0,-4.3256,-14.8754,-10.5498,-1.4455,-11.9787,-10.5331,2605,1, what,3.0723
Wolfgang Amadeus Mozart,copy_first_name,The first name of Wolfgang Amadeus Mozart is,subject_all,5 6 7 8 9,6-20,jspace_keep_name,0, Wolfgang. The second, Wolfgang,0,-4.3256,-7.837,-3.5114,-1.4455,-4.7322,-3.2867,19,1," """,0.7467
Wolfgang Amadeus Mozart,copy_first_name,The first name of Wolfgang Amadeus Mozart is,subject_all,5 6 7 8 9,6-20,jspace_restore_rest,0, Wolfgang. The second, Wolfgang,0,-4.3256,-10.6013,-6.2757,-1.4455,-7.5412,-6.0956,148,1,?,1.3123
Wolfgang Amadeus Mozart,copy_first_name,The first name of Wolfgang Amadeus Mozart is,subject_all,5 6 7 8 9,6-20,name_lens,0, Wolfgang. The second, Wolfgang,0,-4.3256,-10.3677,-6.0421,-1.4455,-7.2766,-5.8311,131,1,?,1.2487
Wolfgang Amadeus Mozart,copy_last_name,The last name of Wolfgang Amadeus Mozart is,subject_all,5 6 7 8 9,9-13,jspace,0," ""Mozart"".",Moz,1,-5.8674,-9.0473,-3.1798,-1.5042,-3.2093,-1.7051,2,1,M,0.1412
Wolfgang Amadeus Mozart,copy_last_name,The last name of Wolfgang Amadeus Mozart is,subject_all,5 6 7 8 9,9-13,jspace_keep_name,0," ""Mozart"".",Moz,1,-5.8674,-6.7204,-0.853,-1.5042,-1.8469,-0.3427,1,0,Moz,0.0448
Wolfgang Amadeus Mozart,copy_last_name,The last name of Wolfgang Amadeus Mozart is,subject_all,5 6 7 8 9,9-13,jspace_restore_rest,0," ""Mozart"".",Moz,1,-5.8674,-7.0322,-1.1648,-1.5042,-2.1678,-0.6636,1,0,Moz,0.069
Wolfgang Amadeus Mozart,copy_last_name,The last name of Wolfgang Amadeus Mozart is,subject_all,5 6 7 8 9,9-13,name_lens,0," ""Mozart"".",Moz,1,-5.8674,-8.127,-2.2596,-1.5042,-2.8816,-1.3774,3,1,M,0.1273
Wolfgang Amadeus Mozart,copy_last_name,The last name of Wolfgang Amadeus Mozart is,subject_all,5 6 7 8 9,9-17,jspace,0," ""Mozart"".",Moz,1,-5.8674,-10.0449,-4.1774,-1.5042,-4.2125,-2.7083,10,1,M,0.2329
Wolfgang Amadeus Mozart,copy_last_name,The last name of Wolfgang Amadeus Mozart is,subject_all,5 6 7 8 9,9-17,jspace_keep_name,0," ""Mozart"".",Moz,1,-5.8674,-7.7274,-1.86,-1.5042,-2.7586,-1.2544,2,1,W,0.0755
Wolfgang Amadeus Mozart,copy_last_name,The last name of Wolfgang Amadeus Mozart is,subject_all,5 6 7 8 9,9-17,jspace_restore_rest,0," ""Mozart"".",Moz,1,-5.8674,-6.3214,-0.454,-1.5042,-1.6012,-0.097,1,0,Moz,0.0308
Wolfgang Amadeus Mozart,copy_last_name,The last name of Wolfgang Amadeus Mozart is,subject_all,5 6 7 8 9,9-17,name_lens,0," ""Mozart"".",Moz,1,-5.8674,-9.3102,-3.4428,-1.5042,-3.7462,-2.242,5,1,M,0.213
Wolfgang Amadeus Mozart,copy_last_name,The last name of Wolfgang Amadeus Mozart is,subject_all,5 6 7 8 9,6-20,jspace,0," ""Mozart"".",Moz,1,-5.8674,-13.118,-7.2506,-1.5042,-6.5701,-5.0659,86,1,B,0.7572
Wolfgang Amadeus Mozart,copy_last_name,The last name of Wolfgang Amadeus Mozart is,subject_all,5 6 7 8 9,6-20,jspace_keep_name,0," ""Mozart"".",Moz,1,-5.8674,-8.6955,-2.8281,-1.5042,-3.7717,-2.2675,7,1,H,0.3367
Wolfgang Amadeus Mozart,copy_last_name,The last name of Wolfgang Amadeus Mozart is,subject_all,5 6 7 8 9,6-20,jspace_restore_rest,0," ""Mozart"".",Moz,1,-5.8674,-10.3032,-4.4358,-1.5042,-4.3939,-2.8898,11,1,M,0.331
Wolfgang Amadeus Mozart,copy_last_name,The last name of Wolfgang Amadeus Mozart is,subject_all,5 6 7 8 9,6-20,name_lens,0," ""Mozart"".",Moz,1,-5.8674,-11.2109,-5.3435,-1.5042,-5.0338,-3.5296,12,1,M,0.3179
Nelson Mandela,birth_city,Nelson Mandela was born in the city of,subject_all,1 2 3,9-13,jspace,0," Johannesburg, South Africa", Johannesburg,0,-2.8388,-3.2941,-0.4553,-1.5788,-1.905,-0.3262,1,0, Johannesburg,0.3139
Nelson Mandela,birth_city,Nelson Mandela was born in the city of,subject_all,1 2 3,9-13,jspace_keep_name,0," Johannesburg, South Africa", Johannesburg,0,-2.8388,-3.6782,-0.8394,-1.5788,-2.3013,-0.7225,1,0, Johannesburg,0.2624
Nelson Mandela,birth_city,Nelson Mandela was born in the city of,subject_all,1 2 3,9-13,jspace_restore_rest,0," Johannesburg, South Africa", Johannesburg,0,-2.8388,-2.9571,-0.1183,-1.5788,-1.6085,-0.0297,1,0, Johannesburg,0.1656
Nelson Mandela,birth_city,Nelson Mandela was born in the city of,subject_all,1 2 3,9-13,name_lens,0," Johannesburg, South Africa", Johannesburg,0,-2.8388,-3.0407,-0.2019,-1.5788,-1.687,-0.1082,1,0, Johannesburg,0.246
Nelson Mandela,birth_city,Nelson Mandela was born in the city of,subject_all,1 2 3,9-17,jspace,0," Johannesburg, South Africa", Johannesburg,0,-2.8388,-4.2106,-1.3718,-1.5788,-2.7685,-1.1898,2,1, Pretoria,0.4991
Nelson Mandela,birth_city,Nelson Mandela was born in the city of,subject_all,1 2 3,9-17,jspace_keep_name,0," Johannesburg, South Africa", Johannesburg,0,-2.8388,-4.697,-1.8582,-1.5788,-3.3519,-1.7731,2,1, Cape,0.5936
Nelson Mandela,birth_city,Nelson Mandela was born in the city of,subject_all,1 2 3,9-17,jspace_restore_rest,0," Johannesburg, South Africa", Johannesburg,0,-2.8388,-2.9915,-0.1527,-1.5788,-1.6584,-0.0796,1,0, Johannesburg,0.1695
Nelson Mandela,birth_city,Nelson Mandela was born in the city of,subject_all,1 2 3,9-17,name_lens,0," Johannesburg, South Africa", Johannesburg,0,-2.8388,-3.3721,-0.5333,-1.5788,-2.0001,-0.4213,1,0, Johannesburg,0.3604
Nelson Mandela,birth_city,Nelson Mandela was born in the city of,subject_all,1 2 3,6-20,jspace,0," Johannesburg, South Africa", Johannesburg,0,-2.8388,-5.1327,-2.2939,-1.5788,-3.7993,-2.2205,5,1, Pretoria,0.7197
Nelson Mandela,birth_city,Nelson Mandela was born in the city of,subject_all,1 2 3,6-20,jspace_keep_name,0," Johannesburg, South Africa", Johannesburg,0,-2.8388,-5.9999,-3.1611,-1.5788,-4.4814,-2.9026,12,1, K,1.1414
Nelson Mandela,birth_city,Nelson Mandela was born in the city of,subject_all,1 2 3,6-20,jspace_restore_rest,0," Johannesburg, South Africa", Johannesburg,0,-2.8388,-4.5187,-1.6799,-1.5788,-2.5573,-0.9785,1,0, Johannesburg,0.2953
Nelson Mandela,birth_city,Nelson Mandela was born in the city of,subject_all,1 2 3,6-20,name_lens,0," Johannesburg, South Africa", Johannesburg,0,-2.8388,-7.6183,-4.7795,-1.5788,-3.3279,-1.7491,3,1, Blo,0.7753
Nelson Mandela,birth_year,Nelson Mandela was born in the year,subject_all,1 2 3,9-13,jspace,0, 1918.,191,1,-1.6783,-2.8343,-1.156,-0.1251,-0.4655,-0.3404,1,0,191,0.0381
Nelson Mandela,birth_year,Nelson Mandela was born in the year,subject_all,1 2 3,9-13,jspace_keep_name,0, 1918.,191,1,-1.6783,-2.8495,-1.1712,-0.1251,-0.7497,-0.6247,1,0,191,0.0205
Nelson Mandela,birth_year,Nelson Mandela was born in the year,subject_all,1 2 3,9-13,jspace_restore_rest,0, 1918.,191,1,-1.6783,-2.3133,-0.635,-0.1251,-0.3724,-0.2473,1,0,191,0.0457
Nelson Mandela,birth_year,Nelson Mandela was born in the year,subject_all,1 2 3,9-13,name_lens,0, 1918.,191,1,-1.6783,-2.3357,-0.6574,-0.1251,-0.3986,-0.2735,1,0,191,0.0167
Nelson Mandela,birth_year,Nelson Mandela was born in the year,subject_all,1 2 3,9-17,jspace,0, 1918.,191,1,-1.6783,-2.9157,-1.2374,-0.1251,-0.686,-0.5609,1,0,191,0.0366
Nelson Mandela,birth_year,Nelson Mandela was born in the year,subject_all,1 2 3,9-17,jspace_keep_name,0, 1918.,191,1,-1.6783,-4.0556,-2.3773,-0.1251,-1.1066,-0.9815,1,0,191,0.0115
Nelson Mandela,birth_year,Nelson Mandela was born in the year,subject_all,1 2 3,9-17,jspace_restore_rest,0, 1918.,191,1,-1.6783,-2.2235,-0.5452,-0.1251,-0.3376,-0.2125,1,0,191,0.0257
Nelson Mandela,birth_year,Nelson Mandela was born in the year,subject_all,1 2 3,9-17,name_lens,0, 1918.,191,1,-1.6783,-2.6498,-0.9715,-0.1251,-0.5437,-0.4186,1,0,191,0.0197
Nelson Mandela,birth_year,Nelson Mandela was born in the year,subject_all,1 2 3,6-20,jspace,0, 1918.,191,1,-1.6783,-4.0959,-2.4176,-0.1251,-1.4679,-1.3428,1,0,191,0.0406
Nelson Mandela,birth_year,Nelson Mandela was born in the year,subject_all,1 2 3,6-20,jspace_keep_name,0, 1918.,191,1,-1.6783,-3.8622,-2.1839,-0.1251,-1.7498,-1.6247,1,1,192,0.0452
Nelson Mandela,birth_year,Nelson Mandela was born in the year,subject_all,1 2 3,6-20,jspace_restore_rest,0, 1918.,191,1,-1.6783,-2.8294,-1.1511,-0.1251,-0.391,-0.266,1,0,191,0.2407
Nelson Mandela,birth_year,Nelson Mandela was born in the year,subject_all,1 2 3,6-20,name_lens,0, 1918.,191,1,-1.6783,-5.2214,-3.5431,-0.1251,-0.6791,-0.554,1,0,191,0.8371
Nelson Mandela,birth_country,Nelson Mandela was born in the country of,subject_all,1 2 3,9-13,jspace,0, South Africa. He, South,0,-3.3744,-3.8919,-0.5175,-0.1919,-0.3193,-0.1274,1,0, South,0.0366
Nelson Mandela,birth_country,Nelson Mandela was born in the country of,subject_all,1 2 3,9-13,jspace_keep_name,0, South Africa. He, South,0,-3.3744,-3.8831,-0.5087,-0.1919,-0.2719,-0.0801,1,0, South,0.0191
Nelson Mandela,birth_country,Nelson Mandela was born in the country of,subject_all,1 2 3,9-13,jspace_restore_rest,0, South Africa. He, South,0,-3.3744,-3.4007,-0.0263,-0.1919,-0.2205,-0.0286,1,0, South,0.0078
Nelson Mandela,birth_country,Nelson Mandela was born in the country of,subject_all,1 2 3,9-13,name_lens,0, South Africa. He, South,0,-3.3744,-3.3907,-0.0163,-0.1919,-0.2252,-0.0333,1,0, South,0.0096
Nelson Mandela,birth_country,Nelson Mandela was born in the country of,subject_all,1 2 3,9-17,jspace,0, South Africa. He, South,0,-3.3744,-4.036,-0.6616,-0.1919,-0.4386,-0.2467,1,0, South,0.1008
Nelson Mandela,birth_country,Nelson Mandela was born in the country of,subject_all,1 2 3,9-17,jspace_keep_name,0, South Africa. He, South,0,-3.3744,-3.9187,-0.5443,-0.1919,-0.3246,-0.1328,1,0, South,0.0439
Nelson Mandela,birth_country,Nelson Mandela was born in the country of,subject_all,1 2 3,9-17,jspace_restore_rest,0, South Africa. He, South,0,-3.3744,-3.3536,0.0208,-0.1919,-0.2199,-0.028,1,0, South,0.0076
Nelson Mandela,birth_country,Nelson Mandela was born in the country of,subject_all,1 2 3,9-17,name_lens,0, South Africa. He, South,0,-3.3744,-3.4991,-0.1247,-0.1919,-0.2665,-0.0746,1,0, South,0.0213
Nelson Mandela,birth_country,Nelson Mandela was born in the country of,subject_all,1 2 3,6-20,jspace,0, South Africa. He, South,0,-3.3744,-4.8973,-1.523,-0.1919,-0.3671,-0.1752,1,0, South,0.0839
Nelson Mandela,birth_country,Nelson Mandela was born in the country of,subject_all,1 2 3,6-20,jspace_keep_name,0, South Africa. He, South,0,-3.3744,-4.0898,-0.7154,-0.1919,-0.3885,-0.1966,1,0, South,0.1032
Nelson Mandela,birth_country,Nelson Mandela was born in the country of,subject_all,1 2 3,6-20,jspace_restore_rest,0, South Africa. He, South,0,-3.3744,-3.48,-0.1056,-0.1919,-0.2327,-0.0408,1,0, South,0.0422
Nelson Mandela,birth_country,Nelson Mandela was born in the country of,subject_all,1 2 3,6-20,name_lens,0, South Africa. He, South,0,-3.3744,-8.7816,-5.4072,-0.1919,-1.2612,-1.0694,1,0, South,0.7551
Nelson Mandela,death_year,Nelson Mandela died in the year,subject_all,1 2 3,9-13,jspace,0, 2013.,201,1,-2.5373,-4.5737,-2.0364,-0.2994,-1.0674,-0.768,1,0,201,0.0567
Nelson Mandela,death_year,Nelson Mandela died in the year,subject_all,1 2 3,9-13,jspace_keep_name,0, 2013.,201,1,-2.5373,-3.553,-1.0157,-0.2994,-0.7631,-0.4637,1,0,201,0.0313
Nelson Mandela,death_year,Nelson Mandela died in the year,subject_all,1 2 3,9-13,jspace_restore_rest,0, 2013.,201,1,-2.5373,-4.0068,-1.4695,-0.2994,-0.6478,-0.3484,1,0,201,0.0285
Nelson Mandela,death_year,Nelson Mandela died in the year,subject_all,1 2 3,9-13,name_lens,0, 2013.,201,1,-2.5373,-4.2273,-1.69,-0.2994,-0.7887,-0.4893,1,0,201,0.0182
Nelson Mandela,death_year,Nelson Mandela died in the year,subject_all,1 2 3,9-17,jspace,0, 2013.,201,1,-2.5373,-4.9946,-2.4573,-0.2994,-1.5502,-1.2507,2,1,199,0.0573
Nelson Mandela,death_year,Nelson Mandela died in the year,subject_all,1 2 3,9-17,jspace_keep_name,0, 2013.,201,1,-2.5373,-3.6134,-1.0761,-0.2994,-0.8045,-0.5051,1,0,201,0.0495
Nelson Mandela,death_year,Nelson Mandela died in the year,subject_all,1 2 3,9-17,jspace_restore_rest,0, 2013.,201,1,-2.5373,-3.8797,-1.3424,-0.2994,-0.619,-0.3196,1,0,201,0.0207
Nelson Mandela,death_year,Nelson Mandela died in the year,subject_all,1 2 3,9-17,name_lens,0, 2013.,201,1,-2.5373,-4.4925,-1.9552,-0.2994,-0.9522,-0.6528,1,0,201,0.0224
Nelson Mandela,death_year,Nelson Mandela died in the year,subject_all,1 2 3,6-20,jspace,0, 2013.,201,1,-2.5373,-5.3649,-2.8276,-0.2994,-1.5981,-1.2986,1,0,201,0.0671
Nelson Mandela,death_year,Nelson Mandela died in the year,subject_all,1 2 3,6-20,jspace_keep_name,0, 2013.,201,1,-2.5373,-5.0165,-2.4792,-0.2994,-1.8974,-1.598,3,1,200,0.0637
Nelson Mandela,death_year,Nelson Mandela died in the year,subject_all,1 2 3,6-20,jspace_restore_rest,0, 2013.,201,1,-2.5373,-7.0443,-4.507,-0.2994,-1.6056,-1.3062,2,1,199,0.5844
Nelson Mandela,death_year,Nelson Mandela died in the year,subject_all,1 2 3,6-20,name_lens,0, 2013.,201,1,-2.5373,-9.2434,-6.7061,-0.2994,-3.1741,-2.8746,6,1,199,0.829
Nelson Mandela,occupation,Nelson Mandela worked as a,subject_all,1 2 3,9-13,jspace,0, lawyer in South Africa, lawyer,0,-3.6745,-4.6158,-0.9412,-1.0007,-1.4042,-0.4035,1,0, lawyer,0.0782
Nelson Mandela,occupation,Nelson Mandela worked as a,subject_all,1 2 3,9-13,jspace_keep_name,0, lawyer in South Africa, lawyer,0,-3.6745,-4.1575,-0.483,-1.0007,-1.1138,-0.1131,1,0, lawyer,0.0433
Nelson Mandela,occupation,Nelson Mandela worked as a,subject_all,1 2 3,9-13,jspace_restore_rest,0, lawyer in South Africa, lawyer,0,-3.6745,-4.0561,-0.3815,-1.0007,-1.2577,-0.257,1,0, lawyer,0.0383
Nelson Mandela,occupation,Nelson Mandela worked as a,subject_all,1 2 3,9-13,name_lens,0, lawyer in South Africa, lawyer,0,-3.6745,-4.2075,-0.533,-1.0007,-1.3336,-0.3329,1,0, lawyer,0.0538
Nelson Mandela,occupation,Nelson Mandela worked as a,subject_all,1 2 3,9-17,jspace,0, lawyer in South Africa, lawyer,0,-3.6745,-4.7076,-1.0331,-1.0007,-1.3282,-0.3276,1,0, lawyer,0.0818
Nelson Mandela,occupation,Nelson Mandela worked as a,subject_all,1 2 3,9-17,jspace_keep_name,0, lawyer in South Africa, lawyer,0,-3.6745,-4.7946,-1.12,-1.0007,-1.2885,-0.2878,1,0, lawyer,0.0633
Nelson Mandela,occupation,Nelson Mandela worked as a,subject_all,1 2 3,9-17,jspace_restore_rest,0, lawyer in South Africa, lawyer,0,-3.6745,-4.0873,-0.4128,-1.0007,-1.3031,-0.3024,1,0, lawyer,0.0444
Nelson Mandela,occupation,Nelson Mandela worked as a,subject_all,1 2 3,9-17,name_lens,0, lawyer in South Africa, lawyer,0,-3.6745,-4.3393,-0.6648,-1.0007,-1.3556,-0.3549,1,0, lawyer,0.0612
Nelson Mandela,occupation,Nelson Mandela worked as a,subject_all,1 2 3,6-20,jspace,0, lawyer in South Africa, lawyer,0,-3.6745,-4.7715,-1.097,-1.0007,-0.7774,0.2233,1,0, lawyer,0.1338
Nelson Mandela,occupation,Nelson Mandela worked as a,subject_all,1 2 3,6-20,jspace_keep_name,0, lawyer in South Africa, lawyer,0,-3.6745,-5.4056,-1.7311,-1.0007,-1.1737,-0.1731,1,0, lawyer,0.1568
Nelson Mandela,occupation,Nelson Mandela worked as a,subject_all,1 2 3,6-20,jspace_restore_rest,0, lawyer in South Africa, lawyer,0,-3.6745,-5.5561,-1.8816,-1.0007,-1.1841,-0.1834,1,0, lawyer,0.1535
Nelson Mandela,occupation,Nelson Mandela worked as a,subject_all,1 2 3,6-20,name_lens,0, lawyer in South Africa, lawyer,0,-3.6745,-11.0082,-7.3336,-1.0007,-3.7119,-2.7112,1,0, lawyer,1.3175
Nelson Mandela,profession_of,The profession of Nelson Mandela was,subject_all,4 5,9-13,jspace,0, a lawyer. The, lawyer,1,-6.8913,-7.0072,-0.1159,-2.0742,-2.2643,-0.1901,1,0, lawyer,0.0322
Nelson Mandela,profession_of,The profession of Nelson Mandela was,subject_all,4 5,9-13,jspace_keep_name,0, a lawyer. The, lawyer,1,-6.8913,-6.8507,0.0406,-2.0742,-2.2313,-0.1571,1,0, lawyer,0.0283
Nelson Mandela,profession_of,The profession of Nelson Mandela was,subject_all,4 5,9-13,jspace_restore_rest,0, a lawyer. The, lawyer,1,-6.8913,-7.1295,-0.2382,-2.0742,-2.3247,-0.2505,1,0, lawyer,0.0176
Nelson Mandela,profession_of,The profession of Nelson Mandela was,subject_all,4 5,9-13,name_lens,0, a lawyer. The, lawyer,1,-6.8913,-7.1098,-0.2185,-2.0742,-2.3276,-0.2534,1,0, lawyer,0.0247
Nelson Mandela,profession_of,The profession of Nelson Mandela was,subject_all,4 5,9-17,jspace,0, a lawyer. The, lawyer,1,-6.8913,-6.9054,-0.0141,-2.0742,-2.0052,0.069,1,0, lawyer,0.0386
Nelson Mandela,profession_of,The profession of Nelson Mandela was,subject_all,4 5,9-17,jspace_keep_name,0, a lawyer. The, lawyer,1,-6.8913,-7.3486,-0.4573,-2.0742,-2.283,-0.2089,1,0, lawyer,0.0283
Nelson Mandela,profession_of,The profession of Nelson Mandela was,subject_all,4 5,9-17,jspace_restore_rest,0, a lawyer. The, lawyer,1,-6.8913,-7.1961,-0.3048,-2.0742,-2.3663,-0.2921,1,0, lawyer,0.0179
Nelson Mandela,profession_of,The profession of Nelson Mandela was,subject_all,4 5,9-17,name_lens,0, a lawyer. The, lawyer,1,-6.8913,-7.1404,-0.2491,-2.0742,-2.3046,-0.2304,1,0, lawyer,0.0297
Nelson Mandela,profession_of,The profession of Nelson Mandela was,subject_all,4 5,6-20,jspace,0, a lawyer. The, lawyer,1,-6.8913,-7.1858,-0.2945,-2.0742,-1.8788,0.1953,1,0, lawyer,0.2171
Nelson Mandela,profession_of,The profession of Nelson Mandela was,subject_all,4 5,6-20,jspace_keep_name,0, a lawyer. The, lawyer,1,-6.8913,-5.9618,0.9295,-2.0742,-1.6438,0.4304,1,0, lawyer,0.157
Nelson Mandela,profession_of,The profession of Nelson Mandela was,subject_all,4 5,6-20,jspace_restore_rest,0, a lawyer. The, lawyer,1,-6.8913,-7.3514,-0.4601,-2.0742,-2.2052,-0.131,1,0, lawyer,0.0361
Nelson Mandela,profession_of,The profession of Nelson Mandela was,subject_all,4 5,6-20,name_lens,0, a lawyer. The, lawyer,1,-6.8913,-7.4179,-0.5265,-2.0742,-2.184,-0.1098,1,0, lawyer,0.1272
Nelson Mandela,instrument,Nelson Mandela played the,subject_all,1 2 3,9-13,jspace,0, role of a key, role,0,-4.2086,-4.8014,-0.5927,-0.3227,-0.4429,-0.1202,1,0, role,0.0246
Nelson Mandela,instrument,Nelson Mandela played the,subject_all,1 2 3,9-13,jspace_keep_name,0, role of a key, role,0,-4.2086,-4.4394,-0.2308,-0.3227,-0.3771,-0.0544,1,0, role,0.0155
Nelson Mandela,instrument,Nelson Mandela played the,subject_all,1 2 3,9-13,jspace_restore_rest,0, role of a key, role,0,-4.2086,-4.507,-0.2983,-0.3227,-0.3403,-0.0175,1,0, role,0.0047
Nelson Mandela,instrument,Nelson Mandela played the,subject_all,1 2 3,9-13,name_lens,0, role of a key, role,0,-4.2086,-4.4785,-0.2698,-0.3227,-0.369,-0.0463,1,0, role,0.007
Nelson Mandela,instrument,Nelson Mandela played the,subject_all,1 2 3,9-17,jspace,0, role of a key, role,0,-4.2086,-4.553,-0.3444,-0.3227,-0.4711,-0.1483,1,0, role,0.0365
Nelson Mandela,instrument,Nelson Mandela played the,subject_all,1 2 3,9-17,jspace_keep_name,0, role of a key, role,0,-4.2086,-4.1213,0.0873,-0.3227,-0.3832,-0.0605,1,0, role,0.0186
Nelson Mandela,instrument,Nelson Mandela played the,subject_all,1 2 3,9-17,jspace_restore_rest,0, role of a key, role,0,-4.2086,-4.4235,-0.2149,-0.3227,-0.3326,-0.0099,1,0, role,0.0044
Nelson Mandela,instrument,Nelson Mandela played the,subject_all,1 2 3,9-17,name_lens,0, role of a key, role,0,-4.2086,-4.551,-0.3423,-0.3227,-0.3818,-0.0591,1,0, role,0.0101
Nelson Mandela,instrument,Nelson Mandela played the,subject_all,1 2 3,6-20,jspace,0, role of a key, role,0,-4.2086,-4.1913,0.0173,-0.3227,-0.4334,-0.1107,1,0, role,0.0575
Nelson Mandela,instrument,Nelson Mandela played the,subject_all,1 2 3,6-20,jspace_keep_name,0, role of a key, role,0,-4.2086,-4.0864,0.1222,-0.3227,-0.3954,-0.0727,1,0, role,0.0545
Nelson Mandela,instrument,Nelson Mandela played the,subject_all,1 2 3,6-20,jspace_restore_rest,0, role of a key, role,0,-4.2086,-6.2532,-2.0446,-0.3227,-0.5179,-0.1951,1,0, role,0.0739
Nelson Mandela,instrument,Nelson Mandela played the,subject_all,1 2 3,6-20,name_lens,0, role of a key, role,0,-4.2086,-12.1809,-7.9723,-0.3227,-1.1075,-0.7848,1,0, role,0.6075
Nelson Mandela,famous_for,Nelson Mandela is famous for,subject_all,1 2 3,9-13,jspace,0, his role in the, role,1,-4.5274,-5.1611,-0.6337,-2.4058,-2.8463,-0.4405,2,1, work,0.0215
Nelson Mandela,famous_for,Nelson Mandela is famous for,subject_all,1 2 3,9-13,jspace_keep_name,0, his role in the, role,1,-4.5274,-4.9159,-0.3885,-2.4058,-2.6956,-0.2898,1,1, work,0.0162
Nelson Mandela,famous_for,Nelson Mandela is famous for,subject_all,1 2 3,9-13,jspace_restore_rest,0, his role in the, role,1,-4.5274,-4.7979,-0.2705,-2.4058,-2.5159,-0.1101,1,0, role,0.0098
Nelson Mandela,famous_for,Nelson Mandela is famous for,subject_all,1 2 3,9-13,name_lens,0, his role in the, role,1,-4.5274,-4.8244,-0.297,-2.4058,-2.5719,-0.1661,1,0, role,0.011
Nelson Mandela,famous_for,Nelson Mandela is famous for,subject_all,1 2 3,9-17,jspace,0, his role in the, role,1,-4.5274,-5.1125,-0.5851,-2.4058,-2.8702,-0.4643,2,1, work,0.0331
Nelson Mandela,famous_for,Nelson Mandela is famous for,subject_all,1 2 3,9-17,jspace_keep_name,0, his role in the, role,1,-4.5274,-4.8326,-0.3052,-2.4058,-2.6178,-0.212,1,0, role,0.0306
Nelson Mandela,famous_for,Nelson Mandela is famous for,subject_all,1 2 3,9-17,jspace_restore_rest,0, his role in the, role,1,-4.5274,-4.7466,-0.2192,-2.4058,-2.5022,-0.0964,1,0, role,0.0091
Nelson Mandela,famous_for,Nelson Mandela is famous for,subject_all,1 2 3,9-17,name_lens,0, his role in the, role,1,-4.5274,-4.8219,-0.2945,-2.4058,-2.5521,-0.1463,1,0, role,0.0132
Nelson Mandela,famous_for,Nelson Mandela is famous for,subject_all,1 2 3,6-20,jspace,0, his role in the, role,1,-4.5274,-4.7827,-0.2553,-2.4058,-2.6978,-0.292,2,1, work,0.1023
Nelson Mandela,famous_for,Nelson Mandela is famous for,subject_all,1 2 3,6-20,jspace_keep_name,0, his role in the, role,1,-4.5274,-4.8201,-0.2926,-2.4058,-2.5209,-0.1151,1,0, role,0.1003
Nelson Mandela,famous_for,Nelson Mandela is famous for,subject_all,1 2 3,6-20,jspace_restore_rest,0, his role in the, role,1,-4.5274,-6.4322,-1.9048,-2.4058,-2.7809,-0.3751,2,1, work,0.4059
Nelson Mandela,famous_for,Nelson Mandela is famous for,subject_all,1 2 3,6-20,name_lens,0, his role in the, role,1,-4.5274,-10.0802,-5.5528,-2.4058,-3.6399,-1.2341,1,0, role,1.2303
Nelson Mandela,language,Nelson Mandela spoke the language of,subject_all,1 2 3,9-13,jspace,0," the people, and", people,1,-6.603,-6.723,-0.12,-1.4965,-1.5293,-0.0327,1,0, people,0.033
Nelson Mandela,language,Nelson Mandela spoke the language of,subject_all,1 2 3,9-13,jspace_keep_name,0," the people, and", people,1,-6.603,-6.5554,0.0476,-1.4965,-1.4411,0.0554,1,0, people,0.029
Nelson Mandela,language,Nelson Mandela spoke the language of,subject_all,1 2 3,9-13,jspace_restore_rest,0," the people, and", people,1,-6.603,-6.6901,-0.0871,-1.4965,-1.5399,-0.0433,1,0, people,0.0136
Nelson Mandela,language,Nelson Mandela spoke the language of,subject_all,1 2 3,9-13,name_lens,0," the people, and", people,1,-6.603,-6.5654,0.0376,-1.4965,-1.493,0.0035,1,0, people,0.0179
Nelson Mandela,language,Nelson Mandela spoke the language of,subject_all,1 2 3,9-17,jspace,0," the people, and", people,1,-6.603,-6.7936,-0.1906,-1.4965,-1.507,-0.0105,1,0, people,0.0431
Nelson Mandela,language,Nelson Mandela spoke the language of,subject_all,1 2 3,9-17,jspace_keep_name,0," the people, and", people,1,-6.603,-6.602,0.001,-1.4965,-1.3743,0.1222,1,0, people,0.037
Nelson Mandela,language,Nelson Mandela spoke the language of,subject_all,1 2 3,9-17,jspace_restore_rest,0," the people, and", people,1,-6.603,-6.7057,-0.1027,-1.4965,-1.539,-0.0425,1,0, people,0.017
Nelson Mandela,language,Nelson Mandela spoke the language of,subject_all,1 2 3,9-17,name_lens,0," the people, and", people,1,-6.603,-6.659,-0.056,-1.4965,-1.5195,-0.0229,1,0, people,0.0245
Nelson Mandela,language,Nelson Mandela spoke the language of,subject_all,1 2 3,6-20,jspace,0," the people, and", people,1,-6.603,-6.6912,-0.0882,-1.4965,-1.6067,-0.1101,1,0, people,0.1024
Nelson Mandela,language,Nelson Mandela spoke the language of,subject_all,1 2 3,6-20,jspace_keep_name,0," the people, and", people,1,-6.603,-6.4993,0.1037,-1.4965,-1.3624,0.1341,1,0, people,0.1383
Nelson Mandela,language,Nelson Mandela spoke the language of,subject_all,1 2 3,6-20,jspace_restore_rest,0," the people, and", people,1,-6.603,-11.4853,-4.8823,-1.4965,-2.4204,-0.9239,1,0, people,1.4452
Nelson Mandela,language,Nelson Mandela spoke the language of,subject_all,1 2 3,6-20,name_lens,0," the people, and", people,1,-6.603,-16.88,-10.277,-1.4965,-6.2683,-4.7717,37,1, **,2.5922
Nelson Mandela,spouse,Nelson Mandela was married to,subject_all,1 2 3,9-13,jspace,0, Winnie Madikiz, Winnie,0,-1.6986,-5.335,-3.6364,-1.2439,-4.289,-3.0451,7,1, a,0.7482
Nelson Mandela,spouse,Nelson Mandela was married to,subject_all,1 2 3,9-13,jspace_keep_name,0, Winnie Madikiz, Winnie,0,-1.6986,-3.4382,-1.7395,-1.2439,-2.5066,-1.2627,2,1, a,0.2782
Nelson Mandela,spouse,Nelson Mandela was married to,subject_all,1 2 3,9-13,jspace_restore_rest,0, Winnie Madikiz, Winnie,0,-1.6986,-3.5592,-1.8606,-1.2439,-2.718,-1.4741,3,1, a,0.3255
Nelson Mandela,spouse,Nelson Mandela was married to,subject_all,1 2 3,9-13,name_lens,0, Winnie Madikiz, Winnie,0,-1.6986,-4.0192,-2.3205,-1.2439,-2.9943,-1.7503,3,1, a,0.4181
Nelson Mandela,spouse,Nelson Mandela was married to,subject_all,1 2 3,9-17,jspace,0, Winnie Madikiz, Winnie,0,-1.6986,-5.2927,-3.5941,-1.2439,-3.9991,-2.7552,6,1, a,0.802
Nelson Mandela,spouse,Nelson Mandela was married to,subject_all,1 2 3,9-17,jspace_keep_name,0, Winnie Madikiz, Winnie,0,-1.6986,-4.6988,-3.0002,-1.2439,-3.7311,-2.4871,6,1, a,0.7038
Nelson Mandela,spouse,Nelson Mandela was married to,subject_all,1 2 3,9-17,jspace_restore_rest,0, Winnie Madikiz, Winnie,0,-1.6986,-3.7641,-2.0654,-1.2439,-2.8025,-1.5586,3,1, a,0.3396
Nelson Mandela,spouse,Nelson Mandela was married to,subject_all,1 2 3,9-17,name_lens,0, Winnie Madikiz, Winnie,0,-1.6986,-4.6412,-2.9426,-1.2439,-3.3963,-2.1524,3,1, a,0.5519
Nelson Mandela,spouse,Nelson Mandela was married to,subject_all,1 2 3,6-20,jspace,0, Winnie Madikiz, Winnie,0,-1.6986,-6.3553,-4.6567,-1.2439,-4.8891,-3.6452,19,1, a,1.1785
Nelson Mandela,spouse,Nelson Mandela was married to,subject_all,1 2 3,6-20,jspace_keep_name,0, Winnie Madikiz, Winnie,0,-1.6986,-6.4999,-4.8013,-1.2439,-5.8755,-4.6316,51,1, a,1.4436
Nelson Mandela,spouse,Nelson Mandela was married to,subject_all,1 2 3,6-20,jspace_restore_rest,0, Winnie Madikiz, Winnie,0,-1.6986,-5.5951,-3.8965,-1.2439,-3.301,-2.0571,3,1, a,0.5368
Nelson Mandela,spouse,Nelson Mandela was married to,subject_all,1 2 3,6-20,name_lens,0, Winnie Madikiz, Winnie,0,-1.6986,-8.5966,-6.898,-1.2439,-4.4659,-3.222,9,1, a,0.9737
Nelson Mandela,education,Nelson Mandela studied at the University of,subject_all,1 2 3,9-13,jspace,0," South Africa, where", South,0,-4.0406,-4.6229,-0.5822,-1.1117,-1.2485,-0.1368,1,0, South,0.1766
Nelson Mandela,education,Nelson Mandela studied at the University of,subject_all,1 2 3,9-13,jspace_keep_name,0," South Africa, where", South,0,-4.0406,-4.4258,-0.3852,-1.1117,-1.0955,0.0162,1,0, South,0.1071
Nelson Mandela,education,Nelson Mandela studied at the University of,subject_all,1 2 3,9-13,jspace_restore_rest,0," South Africa, where", South,0,-4.0406,-4.6814,-0.6408,-1.1117,-1.5604,-0.4486,1,0, South,0.1745
Nelson Mandela,education,Nelson Mandela studied at the University of,subject_all,1 2 3,9-13,name_lens,0," South Africa, where", South,0,-4.0406,-4.8673,-0.8266,-1.1117,-1.7608,-0.6491,2,1, Cape,0.2603
Nelson Mandela,education,Nelson Mandela studied at the University of,subject_all,1 2 3,9-17,jspace,0," South Africa, where", South,0,-4.0406,-5.4254,-1.3847,-1.1117,-1.9955,-0.8837,2,1, the,0.3834
Nelson Mandela,education,Nelson Mandela studied at the University of,subject_all,1 2 3,9-17,jspace_keep_name,0," South Africa, where", South,0,-4.0406,-4.9127,-0.8721,-1.1117,-1.5445,-0.4328,1,0, South,0.1901
Nelson Mandela,education,Nelson Mandela studied at the University of,subject_all,1 2 3,9-17,jspace_restore_rest,0," South Africa, where", South,0,-4.0406,-4.8188,-0.7782,-1.1117,-1.6872,-0.5755,2,1, Cape,0.2294
Nelson Mandela,education,Nelson Mandela studied at the University of,subject_all,1 2 3,9-17,name_lens,0," South Africa, where", South,0,-4.0406,-5.2412,-1.2006,-1.1117,-2.0839,-0.9722,2,1, Cape,0.3801
Nelson Mandela,education,Nelson Mandela studied at the University of,subject_all,1 2 3,6-20,jspace,0," South Africa, where", South,0,-4.0406,-6.6244,-2.5837,-1.1117,-2.7749,-1.6632,3,1, the,0.6578
Nelson Mandela,education,Nelson Mandela studied at the University of,subject_all,1 2 3,6-20,jspace_keep_name,0," South Africa, where", South,0,-4.0406,-5.0351,-0.9945,-1.1117,-1.4178,-0.3061,1,0, South,0.2409
Nelson Mandela,education,Nelson Mandela studied at the University of,subject_all,1 2 3,6-20,jspace_restore_rest,0," South Africa, where", South,0,-4.0406,-5.9816,-1.941,-1.1117,-1.7432,-0.6314,2,1, Cape,0.2444
Nelson Mandela,education,Nelson Mandela studied at the University of,subject_all,1 2 3,6-20,name_lens,0," South Africa, where", South,0,-4.0406,-9.3958,-5.3552,-1.1117,-2.1904,-1.0787,2,1, the,0.4559
Nelson Mandela,citizenship,Nelson Mandela was a citizen of,subject_all,1 2 3,9-13,jspace,0, South Africa. He, South,0,-3.8105,-4.406,-0.5955,-0.5936,-0.8961,-0.3025,1,0, South,0.065
Nelson Mandela,citizenship,Nelson Mandela was a citizen of,subject_all,1 2 3,9-13,jspace_keep_name,0, South Africa. He, South,0,-3.8105,-4.4054,-0.5949,-0.5936,-0.7965,-0.2029,1,0, South,0.0308
Nelson Mandela,citizenship,Nelson Mandela was a citizen of,subject_all,1 2 3,9-13,jspace_restore_rest,0, South Africa. He, South,0,-3.8105,-3.7739,0.0366,-0.5936,-0.6573,-0.0637,1,0, South,0.0125
Nelson Mandela,citizenship,Nelson Mandela was a citizen of,subject_all,1 2 3,9-13,name_lens,0, South Africa. He, South,0,-3.8105,-3.7868,0.0236,-0.5936,-0.6736,-0.08,1,0, South,0.0133
Nelson Mandela,citizenship,Nelson Mandela was a citizen of,subject_all,1 2 3,9-17,jspace,0, South Africa. He, South,0,-3.8105,-4.6965,-0.886,-0.5936,-1.1058,-0.5122,1,0, South,0.1339
Nelson Mandela,citizenship,Nelson Mandela was a citizen of,subject_all,1 2 3,9-17,jspace_keep_name,0, South Africa. He, South,0,-3.8105,-4.5576,-0.7472,-0.5936,-0.9095,-0.3159,1,0, South,0.063
Nelson Mandela,citizenship,Nelson Mandela was a citizen of,subject_all,1 2 3,9-17,jspace_restore_rest,0, South Africa. He, South,0,-3.8105,-3.8438,-0.0333,-0.5936,-0.6769,-0.0833,1,0, South,0.0162
Nelson Mandela,citizenship,Nelson Mandela was a citizen of,subject_all,1 2 3,9-17,name_lens,0, South Africa. He, South,0,-3.8105,-3.9568,-0.1463,-0.5936,-0.7144,-0.1208,1,0, South,0.0199
Nelson Mandela,citizenship,Nelson Mandela was a citizen of,subject_all,1 2 3,6-20,jspace,0, South Africa. He, South,0,-3.8105,-5.6756,-1.8652,-0.5936,-0.9044,-0.3108,1,0, South,0.1696
Nelson Mandela,citizenship,Nelson Mandela was a citizen of,subject_all,1 2 3,6-20,jspace_keep_name,0, South Africa. He, South,0,-3.8105,-5.6477,-1.8372,-0.5936,-1.7058,-1.1122,2,1, the,0.4245
Nelson Mandela,citizenship,Nelson Mandela was a citizen of,subject_all,1 2 3,6-20,jspace_restore_rest,0, South Africa. He, South,0,-3.8105,-4.6857,-0.8753,-0.5936,-1.2367,-0.6431,1,0, South,0.3255
Nelson Mandela,citizenship,Nelson Mandela was a citizen of,subject_all,1 2 3,6-20,name_lens,0, South Africa. He, South,0,-3.8105,-15.0775,-11.267,-0.5936,-7.2099,-6.6163,135,1, the,3.8828
Nelson Mandela,copy_first_name,The first name of Nelson Mandela is,subject_all,5 6,9-13,jspace,0, Nelson. The last, Nelson,0,-5.001,-6.1326,-1.1317,-1.9746,-2.9943,-1.0196,3,1," """,0.1151
Nelson Mandela,copy_first_name,The first name of Nelson Mandela is,subject_all,5 6,9-13,jspace_keep_name,0, Nelson. The last, Nelson,0,-5.001,-5.355,-0.354,-1.9746,-2.3355,-0.3609,1,0, Nelson,0.0366
Nelson Mandela,copy_first_name,The first name of Nelson Mandela is,subject_all,5 6,9-13,jspace_restore_rest,0, Nelson. The last, Nelson,0,-5.001,-5.6586,-0.6576,-1.9746,-2.5488,-0.5742,2,1,?,0.0445
Nelson Mandela,copy_first_name,The first name of Nelson Mandela is,subject_all,5 6,9-13,name_lens,0, Nelson. The last, Nelson,0,-5.001,-5.6407,-0.6397,-1.9746,-2.7625,-0.7878,2,1,?,0.0986
Nelson Mandela,copy_first_name,The first name of Nelson Mandela is,subject_all,5 6,9-17,jspace,0, Nelson. The last, Nelson,0,-5.001,-8.2523,-3.2513,-1.9746,-5.0573,-3.0827,26,1," """,0.3391
Nelson Mandela,copy_first_name,The first name of Nelson Mandela is,subject_all,5 6,9-17,jspace_keep_name,0, Nelson. The last, Nelson,0,-5.001,-6.0201,-1.0192,-1.9746,-2.8593,-0.8847,3,1,?,0.1022
Nelson Mandela,copy_first_name,The first name of Nelson Mandela is,subject_all,5 6,9-17,jspace_restore_rest,0, Nelson. The last, Nelson,0,-5.001,-5.6804,-0.6794,-1.9746,-2.7484,-0.7737,2,1,?,0.0892
Nelson Mandela,copy_first_name,The first name of Nelson Mandela is,subject_all,5 6,9-17,name_lens,0, Nelson. The last, Nelson,0,-5.001,-6.9867,-1.9857,-1.9746,-4.0294,-2.0548,8,1,?,0.2148
Nelson Mandela,copy_first_name,The first name of Nelson Mandela is,subject_all,5 6,6-20,jspace,0, Nelson. The last, Nelson,0,-5.001,-10.6061,-5.6051,-1.9746,-7.1479,-5.1732,139,1, \,0.9426
Nelson Mandela,copy_first_name,The first name of Nelson Mandela is,subject_all,5 6,6-20,jspace_keep_name,0, Nelson. The last, Nelson,0,-5.001,-7.1123,-2.1113,-1.9746,-4.3583,-2.3836,13,1, “,0.4289
Nelson Mandela,copy_first_name,The first name of Nelson Mandela is,subject_all,5 6,6-20,jspace_restore_rest,0, Nelson. The last, Nelson,0,-5.001,-6.48,-1.479,-1.9746,-3.31,-1.3354,5,1,?,0.1442
Nelson Mandela,copy_first_name,The first name of Nelson Mandela is,subject_all,5 6,6-20,name_lens,0, Nelson. The last, Nelson,0,-5.001,-9.9845,-4.9835,-1.9746,-6.7152,-4.7405,92,1,:,0.5346
Nelson Mandela,copy_last_name,The last name of Nelson Mandela is,subject_all,5 6,9-13,jspace,0, not a surname., not,0,-9.2532,-9.179,0.0743,-2.7719,-2.6312,0.1407,1,0, not,0.0892
Nelson Mandela,copy_last_name,The last name of Nelson Mandela is,subject_all,5 6,9-13,jspace_keep_name,0, not a surname., not,0,-9.2532,-9.2861,-0.0329,-2.7719,-2.7683,0.0036,1,0, not,0.0295
Nelson Mandela,copy_last_name,The last name of Nelson Mandela is,subject_all,5 6,9-13,jspace_restore_rest,0, not a surname., not,0,-9.2532,-9.133,0.1203,-2.7719,-2.7891,-0.0173,1,0, not,0.0816
Nelson Mandela,copy_last_name,The last name of Nelson Mandela is,subject_all,5 6,9-13,name_lens,0, not a surname., not,0,-9.2532,-9.0756,0.1777,-2.7719,-2.6231,0.1488,1,0, not,0.1204
Nelson Mandela,copy_last_name,The last name of Nelson Mandela is,subject_all,5 6,9-17,jspace,0, not a surname., not,0,-9.2532,-8.9084,0.3449,-2.7719,-2.5365,0.2354,1,0, not,0.1725
Nelson Mandela,copy_last_name,The last name of Nelson Mandela is,subject_all,5 6,9-17,jspace_keep_name,0, not a surname., not,0,-9.2532,-9.0911,0.1622,-2.7719,-2.6612,0.1107,1,0, not,0.1198
Nelson Mandela,copy_last_name,The last name of Nelson Mandela is,subject_all,5 6,9-17,jspace_restore_rest,0, not a surname., not,0,-9.2532,-9.0953,0.1579,-2.7719,-2.7589,0.013,1,0, not,0.0918
Nelson Mandela,copy_last_name,The last name of Nelson Mandela is,subject_all,5 6,9-17,name_lens,0, not a surname., not,0,-9.2532,-9.0694,0.1838,-2.7719,-2.7075,0.0643,1,0, not,0.2431
Nelson Mandela,copy_last_name,The last name of Nelson Mandela is,subject_all,5 6,6-20,jspace,0, not a surname., not,0,-9.2532,-10.0176,-0.7643,-2.7719,-2.9566,-0.1847,3,1, ,0.5454
Nelson Mandela,copy_last_name,The last name of Nelson Mandela is,subject_all,5 6,6-20,jspace_keep_name,0, not a surname., not,0,-9.2532,-9.0492,0.204,-2.7719,-2.3457,0.4262,1,0, not,0.3157
Nelson Mandela,copy_last_name,The last name of Nelson Mandela is,subject_all,5 6,6-20,jspace_restore_rest,0, not a surname., not,0,-9.2532,-8.7676,0.4857,-2.7719,-2.5285,0.2433,1,0, not,0.1607
Nelson Mandela,copy_last_name,The last name of Nelson Mandela is,subject_all,5 6,6-20,name_lens,0, not a surname., not,0,-9.2532,-9.3752,-0.1219,-2.7719,-2.5798,0.1921,1,0, not,0.3746
Winston Churchill,birth_city,Winston Churchill was born in the city of,subject_all,1 2 3,9-13,jspace,0," Blenheim,", Bl,0,-4.0257,-9.3532,-5.3275,-2.6302,-7.6904,-5.0602,262,1, London,0.7539
Winston Churchill,birth_city,Winston Churchill was born in the city of,subject_all,1 2 3,9-13,jspace_keep_name,0," Blenheim,", Bl,0,-4.0257,-5.8124,-1.7866,-2.6302,-4.2283,-1.5981,8,1, Blo,0.4201
Winston Churchill,birth_city,Winston Churchill was born in the city of,subject_all,1 2 3,9-13,jspace_restore_rest,0," Blenheim,", Bl,0,-4.0257,-5.4174,-1.3916,-2.6302,-4.0345,-1.4043,5,1, London,0.3806
Winston Churchill,birth_city,Winston Churchill was born in the city of,subject_all,1 2 3,9-13,name_lens,0," Blenheim,", Bl,0,-4.0257,-5.0451,-1.0194,-2.6302,-3.7042,-1.074,5,1, London,0.321
Winston Churchill,birth_city,Winston Churchill was born in the city of,subject_all,1 2 3,9-17,jspace,0," Blenheim,", Bl,0,-4.0257,-8.7797,-4.754,-2.6302,-6.8511,-4.2208,117,1, London,0.9284
Winston Churchill,birth_city,Winston Churchill was born in the city of,subject_all,1 2 3,9-17,jspace_keep_name,0," Blenheim,", Bl,0,-4.0257,-6.4886,-2.4629,-2.6302,-4.7222,-2.092,19,1, Blo,0.5473
Winston Churchill,birth_city,Winston Churchill was born in the city of,subject_all,1 2 3,9-17,jspace_restore_rest,0," Blenheim,", Bl,0,-4.0257,-6.3895,-2.3638,-2.6302,-4.9121,-2.2818,16,1, London,0.7559
Winston Churchill,birth_city,Winston Churchill was born in the city of,subject_all,1 2 3,9-17,name_lens,0," Blenheim,", Bl,0,-4.0257,-5.4451,-1.4193,-2.6302,-4.0959,-1.4657,9,1, London,0.5426
Winston Churchill,birth_city,Winston Churchill was born in the city of,subject_all,1 2 3,6-20,jspace,0," Blenheim,", Bl,0,-4.0257,-13.8809,-9.8551,-2.6302,-12.0251,-9.3948,4907,1, H,2.3386
Winston Churchill,birth_city,Winston Churchill was born in the city of,subject_all,1 2 3,6-20,jspace_keep_name,0," Blenheim,", Bl,0,-4.0257,-9.3553,-5.3296,-2.6302,-7.8103,-5.18,186,1, **,1.8311
Winston Churchill,birth_city,Winston Churchill was born in the city of,subject_all,1 2 3,6-20,jspace_restore_rest,0," Blenheim,", Bl,0,-4.0257,-6.5665,-2.5408,-2.6302,-4.9577,-2.3274,17,1, London,0.7701
Winston Churchill,birth_city,Winston Churchill was born in the city of,subject_all,1 2 3,6-20,name_lens,0," Blenheim,", Bl,0,-4.0257,-6.6078,-2.5821,-2.6302,-5.0365,-2.4062,19,1, London,0.7742
Winston Churchill,birth_year,Winston Churchill was born in the year,subject_all,1 2 3,9-13,jspace,0, 1874.,187,1,-2.1835,-4.0741,-1.8906,-0.6281,-1.695,-1.0669,1,0,187,0.0205
Winston Churchill,birth_year,Winston Churchill was born in the year,subject_all,1 2 3,9-13,jspace_keep_name,0, 1874.,187,1,-2.1835,-3.5517,-1.3682,-0.6281,-1.8257,-1.1976,1,0,187,0.0119
Winston Churchill,birth_year,Winston Churchill was born in the year,subject_all,1 2 3,9-13,jspace_restore_rest,0, 1874.,187,1,-2.1835,-3.0298,-0.8463,-0.6281,-0.8761,-0.248,1,0,187,0.0022
Winston Churchill,birth_year,Winston Churchill was born in the year,subject_all,1 2 3,9-13,name_lens,0, 1874.,187,1,-2.1835,-2.8666,-0.6831,-0.6281,-0.8104,-0.1823,1,0,187,0.005
Winston Churchill,birth_year,Winston Churchill was born in the year,subject_all,1 2 3,9-17,jspace,0, 1874.,187,1,-2.1835,-4.1051,-1.9216,-0.6281,-1.5602,-0.9321,1,0,187,0.0566
Winston Churchill,birth_year,Winston Churchill was born in the year,subject_all,1 2 3,9-17,jspace_keep_name,0, 1874.,187,1,-2.1835,-3.8173,-1.6338,-0.6281,-1.6039,-0.9758,1,0,187,0.0474
Winston Churchill,birth_year,Winston Churchill was born in the year,subject_all,1 2 3,9-17,jspace_restore_rest,0, 1874.,187,1,-2.1835,-3.5148,-1.3313,-0.6281,-1.074,-0.4459,1,0,187,0.006
Winston Churchill,birth_year,Winston Churchill was born in the year,subject_all,1 2 3,9-17,name_lens,0, 1874.,187,1,-2.1835,-3.2374,-1.0539,-0.6281,-0.9369,-0.3088,1,0,187,0.0055
Winston Churchill,birth_year,Winston Churchill was born in the year,subject_all,1 2 3,6-20,jspace,0, 1874.,187,1,-2.1835,-5.2656,-3.0821,-0.6281,-1.3697,-0.7416,1,0,187,0.1888
Winston Churchill,birth_year,Winston Churchill was born in the year,subject_all,1 2 3,6-20,jspace_keep_name,0, 1874.,187,1,-2.1835,-4.7142,-2.5307,-0.6281,-1.36,-0.7319,1,0,187,0.542
Winston Churchill,birth_year,Winston Churchill was born in the year,subject_all,1 2 3,6-20,jspace_restore_rest,0, 1874.,187,1,-2.1835,-3.8643,-1.6808,-0.6281,-1.2503,-0.6222,1,0,187,0.019
Winston Churchill,birth_year,Winston Churchill was born in the year,subject_all,1 2 3,6-20,name_lens,0, 1874.,187,1,-2.1835,-3.9856,-1.8021,-0.6281,-1.298,-0.6699,1,0,187,0.0096
Winston Churchill,birth_country,Winston Churchill was born in the country of,subject_all,1 2 3,9-13,jspace,0, England. The capital, England,0,-7.4931,-7.5889,-0.0959,-1.832,-1.8444,-0.0124,1,0, England,0.0796
Winston Churchill,birth_country,Winston Churchill was born in the country of,subject_all,1 2 3,9-13,jspace_keep_name,0, England. The capital, England,0,-7.4931,-7.5772,-0.0841,-1.832,-1.9657,-0.1338,2,1, the,0.0338
Winston Churchill,birth_country,Winston Churchill was born in the country of,subject_all,1 2 3,9-13,jspace_restore_rest,0, England. The capital, England,0,-7.4931,-7.5004,-0.0074,-1.832,-1.8244,0.0076,2,1, the,0.0232
Winston Churchill,birth_country,Winston Churchill was born in the country of,subject_all,1 2 3,9-13,name_lens,0, England. The capital, England,0,-7.4931,-7.6039,-0.1108,-1.832,-1.8338,-0.0019,2,1, the,0.0213
Winston Churchill,birth_country,Winston Churchill was born in the country of,subject_all,1 2 3,9-17,jspace,0, England. The capital, England,0,-7.4931,-7.5191,-0.026,-1.832,-2.0397,-0.2078,2,1, the,0.1352
Winston Churchill,birth_country,Winston Churchill was born in the country of,subject_all,1 2 3,9-17,jspace_keep_name,0, England. The capital, England,0,-7.4931,-7.379,0.1141,-1.832,-1.8033,0.0286,1,0, England,0.1398
Winston Churchill,birth_country,Winston Churchill was born in the country of,subject_all,1 2 3,9-17,jspace_restore_rest,0, England. The capital, England,0,-7.4931,-7.4972,-0.0041,-1.832,-1.9881,-0.1562,2,1, the,0.0435
Winston Churchill,birth_country,Winston Churchill was born in the country of,subject_all,1 2 3,9-17,name_lens,0, England. The capital, England,0,-7.4931,-7.6379,-0.1448,-1.832,-1.8643,-0.0324,2,1, the,0.0305
Winston Churchill,birth_country,Winston Churchill was born in the country of,subject_all,1 2 3,6-20,jspace,0, England. The capital, England,0,-7.4931,-10.7052,-3.2121,-1.832,-3.1331,-1.3011,3,1, United,0.5921
Winston Churchill,birth_country,Winston Churchill was born in the country of,subject_all,1 2 3,6-20,jspace_keep_name,0, England. The capital, England,0,-7.4931,-9.1235,-1.6304,-1.832,-2.5103,-0.6783,3,1, **,0.8238
Winston Churchill,birth_country,Winston Churchill was born in the country of,subject_all,1 2 3,6-20,jspace_restore_rest,0, England. The capital, England,0,-7.4931,-7.4328,0.0603,-1.832,-1.7922,0.0397,1,0, England,0.0798
Winston Churchill,birth_country,Winston Churchill was born in the country of,subject_all,1 2 3,6-20,name_lens,0, England. The capital, England,0,-7.4931,-7.2046,0.2885,-1.832,-1.7013,0.1307,1,1, the,0.0681
Winston Churchill,death_year,Winston Churchill died in the year,subject_all,1 2 3,9-13,jspace,0, 1965.,196,1,-3.1219,-4.3316,-1.2097,-1.0192,-1.8493,-0.83,2,1,195,0.0189
Winston Churchill,death_year,Winston Churchill died in the year,subject_all,1 2 3,9-13,jspace_keep_name,0, 1965.,196,1,-3.1219,-3.0497,0.0722,-1.0192,-1.0378,-0.0186,1,0,196,0.0266
Winston Churchill,death_year,Winston Churchill died in the year,subject_all,1 2 3,9-13,jspace_restore_rest,0, 1965.,196,1,-3.1219,-3.6452,-0.5233,-1.0192,-1.2498,-0.2306,1,0,196,0.0222
Winston Churchill,death_year,Winston Churchill died in the year,subject_all,1 2 3,9-13,name_lens,0, 1965.,196,1,-3.1219,-3.6036,-0.4817,-1.0192,-1.305,-0.2858,1,0,196,0.0105
Winston Churchill,death_year,Winston Churchill died in the year,subject_all,1 2 3,9-17,jspace,0, 1965.,196,1,-3.1219,-4.3047,-1.1829,-1.0192,-1.8206,-0.8013,1,0,196,0.0708
Winston Churchill,death_year,Winston Churchill died in the year,subject_all,1 2 3,9-17,jspace_keep_name,0, 1965.,196,1,-3.1219,-4.1933,-1.0714,-1.0192,-1.6957,-0.6765,1,0,196,0.0641
Winston Churchill,death_year,Winston Churchill died in the year,subject_all,1 2 3,9-17,jspace_restore_rest,0, 1965.,196,1,-3.1219,-4.1201,-0.9982,-1.0192,-1.4705,-0.4512,1,0,196,0.0337
Winston Churchill,death_year,Winston Churchill died in the year,subject_all,1 2 3,9-17,name_lens,0, 1965.,196,1,-3.1219,-3.9209,-0.7991,-1.0192,-1.3942,-0.375,1,0,196,0.0125
Winston Churchill,death_year,Winston Churchill died in the year,subject_all,1 2 3,6-20,jspace,0, 1965.,196,1,-3.1219,-6.3165,-3.1946,-1.0192,-3.0046,-1.9853,8,1,195,0.3606
Winston Churchill,death_year,Winston Churchill died in the year,subject_all,1 2 3,6-20,jspace_keep_name,0, 1965.,196,1,-3.1219,-5.1752,-2.0534,-1.0192,-2.1468,-1.1276,3,1,195,0.8146
Winston Churchill,death_year,Winston Churchill died in the year,subject_all,1 2 3,6-20,jspace_restore_rest,0, 1965.,196,1,-3.1219,-4.2279,-1.1061,-1.0192,-1.6058,-0.5866,1,0,196,0.062
Winston Churchill,death_year,Winston Churchill died in the year,subject_all,1 2 3,6-20,name_lens,0, 1965.,196,1,-3.1219,-3.9159,-0.794,-1.0192,-1.7602,-0.741,1,0,196,0.0322
Winston Churchill,occupation,Winston Churchill worked as a,subject_all,1 2 3,9-13,jspace,0, journalist for the Daily, journalist,0,-7.1064,-7.5924,-0.486,-1.8989,-2.3484,-0.4495,1,0, journalist,0.078
Winston Churchill,occupation,Winston Churchill worked as a,subject_all,1 2 3,9-13,jspace_keep_name,0, journalist for the Daily, journalist,0,-7.1064,-7.0656,0.0407,-1.8989,-2.1494,-0.2505,1,0, journalist,0.0284
Winston Churchill,occupation,Winston Churchill worked as a,subject_all,1 2 3,9-13,jspace_restore_rest,0, journalist for the Daily, journalist,0,-7.1064,-7.4703,-0.3639,-1.8989,-1.9324,-0.0335,1,0, journalist,0.0261
Winston Churchill,occupation,Winston Churchill worked as a,subject_all,1 2 3,9-13,name_lens,0, journalist for the Daily, journalist,0,-7.1064,-7.503,-0.3967,-1.8989,-1.947,-0.0481,1,0, journalist,0.0215
Winston Churchill,occupation,Winston Churchill worked as a,subject_all,1 2 3,9-17,jspace,0, journalist for the Daily, journalist,0,-7.1064,-8.4224,-1.316,-1.8989,-2.4435,-0.5445,1,0, journalist,0.1277
Winston Churchill,occupation,Winston Churchill worked as a,subject_all,1 2 3,9-17,jspace_keep_name,0, journalist for the Daily, journalist,0,-7.1064,-7.886,-0.7797,-1.8989,-2.3082,-0.4093,1,0, journalist,0.1189
Winston Churchill,occupation,Winston Churchill worked as a,subject_all,1 2 3,9-17,jspace_restore_rest,0, journalist for the Daily, journalist,0,-7.1064,-7.4164,-0.3101,-1.8989,-1.8515,0.0475,1,0, journalist,0.0475
Winston Churchill,occupation,Winston Churchill worked as a,subject_all,1 2 3,9-17,name_lens,0, journalist for the Daily, journalist,0,-7.1064,-7.5176,-0.4112,-1.8989,-1.9301,-0.0312,1,0, journalist,0.0311
Winston Churchill,occupation,Winston Churchill worked as a,subject_all,1 2 3,6-20,jspace,0, journalist for the Daily, journalist,0,-7.1064,-10.5677,-3.4613,-1.8989,-3.105,-1.2061,2,1, lawyer,0.5553
Winston Churchill,occupation,Winston Churchill worked as a,subject_all,1 2 3,6-20,jspace_keep_name,0, journalist for the Daily, journalist,0,-7.1064,-8.8573,-1.7509,-1.8989,-3.0855,-1.1866,2,1, **,0.624
Winston Churchill,occupation,Winston Churchill worked as a,subject_all,1 2 3,6-20,jspace_restore_rest,0, journalist for the Daily, journalist,0,-7.1064,-7.9993,-0.8929,-1.8989,-2.2441,-0.3452,1,0, journalist,0.0799
Winston Churchill,occupation,Winston Churchill worked as a,subject_all,1 2 3,6-20,name_lens,0, journalist for the Daily, journalist,0,-7.1064,-8.6491,-1.5427,-1.8989,-2.5368,-0.6379,1,0, journalist,0.1111
Winston Churchill,profession_of,The profession of Winston Churchill was,subject_all,4 5,9-13,jspace,0, a politician. The, politician,1,-7.2254,-7.2619,-0.0365,-2.303,-2.1935,0.1095,1,0, politician,0.0424
Winston Churchill,profession_of,The profession of Winston Churchill was,subject_all,4 5,9-13,jspace_keep_name,0, a politician. The, politician,1,-7.2254,-7.0055,0.2199,-2.303,-2.1469,0.156,1,0, politician,0.0314
Winston Churchill,profession_of,The profession of Winston Churchill was,subject_all,4 5,9-13,jspace_restore_rest,0, a politician. The, politician,1,-7.2254,-7.589,-0.3636,-2.303,-2.2633,0.0397,1,0, politician,0.027
Winston Churchill,profession_of,The profession of Winston Churchill was,subject_all,4 5,9-13,name_lens,0, a politician. The, politician,1,-7.2254,-7.6148,-0.3893,-2.303,-2.2732,0.0298,1,0, politician,0.031
Winston Churchill,profession_of,The profession of Winston Churchill was,subject_all,4 5,9-17,jspace,0, a politician. The, politician,1,-7.2254,-7.4848,-0.2594,-2.303,-2.3059,-0.003,1,0, politician,0.0697
Winston Churchill,profession_of,The profession of Winston Churchill was,subject_all,4 5,9-17,jspace_keep_name,0, a politician. The, politician,1,-7.2254,-7.0955,0.1299,-2.303,-2.2505,0.0525,1,0, politician,0.0211
Winston Churchill,profession_of,The profession of Winston Churchill was,subject_all,4 5,9-17,jspace_restore_rest,0, a politician. The, politician,1,-7.2254,-7.6449,-0.4194,-2.303,-2.2674,0.0355,1,0, politician,0.039
Winston Churchill,profession_of,The profession of Winston Churchill was,subject_all,4 5,9-17,name_lens,0, a politician. The, politician,1,-7.2254,-7.5927,-0.3672,-2.303,-2.2653,0.0376,1,0, politician,0.0374
Winston Churchill,profession_of,The profession of Winston Churchill was,subject_all,4 5,6-20,jspace,0, a politician. The, politician,1,-7.2254,-6.0121,1.2134,-2.303,-1.6846,0.6183,1,0, politician,0.1391
Winston Churchill,profession_of,The profession of Winston Churchill was,subject_all,4 5,6-20,jspace_keep_name,0, a politician. The, politician,1,-7.2254,-7.5017,-0.2763,-2.303,-2.5051,-0.2021,1,0, politician,0.2756
Winston Churchill,profession_of,The profession of Winston Churchill was,subject_all,4 5,6-20,jspace_restore_rest,0, a politician. The, politician,1,-7.2254,-6.9497,0.2757,-2.303,-1.751,0.552,1,0, politician,0.0497
Winston Churchill,profession_of,The profession of Winston Churchill was,subject_all,4 5,6-20,name_lens,0, a politician. The, politician,1,-7.2254,-7.2094,0.016,-2.303,-1.8976,0.4054,1,0, politician,0.0596
Winston Churchill,instrument,Winston Churchill played the,subject_all,1 2 3,9-13,jspace,0, piano. The piano, piano,0,-8.3576,-7.6246,0.733,-1.1523,-0.9945,0.1577,1,0, piano,0.0292
Winston Churchill,instrument,Winston Churchill played the,subject_all,1 2 3,9-13,jspace_keep_name,0, piano. The piano, piano,0,-8.3576,-7.7603,0.5973,-1.1523,-1.1909,-0.0386,1,0, piano,0.0163
Winston Churchill,instrument,Winston Churchill played the,subject_all,1 2 3,9-13,jspace_restore_rest,0, piano. The piano, piano,0,-8.3576,-8.0658,0.2918,-1.1523,-1.085,0.0673,1,0, piano,0.0124
Winston Churchill,instrument,Winston Churchill played the,subject_all,1 2 3,9-13,name_lens,0, piano. The piano, piano,0,-8.3576,-8.1387,0.2189,-1.1523,-1.11,0.0422,1,0, piano,0.0105
Winston Churchill,instrument,Winston Churchill played the,subject_all,1 2 3,9-17,jspace,0, piano. The piano, piano,0,-8.3576,-7.8811,0.4765,-1.1523,-1.3189,-0.1667,1,0, piano,0.0464
Winston Churchill,instrument,Winston Churchill played the,subject_all,1 2 3,9-17,jspace_keep_name,0, piano. The piano, piano,0,-8.3576,-7.7619,0.5957,-1.1523,-1.1676,-0.0153,1,0, piano,0.0256
Winston Churchill,instrument,Winston Churchill played the,subject_all,1 2 3,9-17,jspace_restore_rest,0, piano. The piano, piano,0,-8.3576,-7.7867,0.5709,-1.1523,-1.109,0.0432,1,0, piano,0.0127
Winston Churchill,instrument,Winston Churchill played the,subject_all,1 2 3,9-17,name_lens,0, piano. The piano, piano,0,-8.3576,-8.121,0.2366,-1.1523,-1.0981,0.0542,1,0, piano,0.0107
Winston Churchill,instrument,Winston Churchill played the,subject_all,1 2 3,6-20,jspace,0, piano. The piano, piano,0,-8.3576,-8.1027,0.2549,-1.1523,-1.0817,0.0706,1,0, piano,0.1139
Winston Churchill,instrument,Winston Churchill played the,subject_all,1 2 3,6-20,jspace_keep_name,0, piano. The piano, piano,0,-8.3576,-8.4659,-0.1083,-1.1523,-1.1532,-0.0009,1,0, piano,0.1345
Winston Churchill,instrument,Winston Churchill played the,subject_all,1 2 3,6-20,jspace_restore_rest,0, piano. The piano, piano,0,-8.3576,-7.5511,0.8065,-1.1523,-1.0224,0.1298,1,0, piano,0.0305
Winston Churchill,instrument,Winston Churchill played the,subject_all,1 2 3,6-20,name_lens,0, piano. The piano, piano,0,-8.3576,-7.5172,0.8404,-1.1523,-1.0119,0.1404,1,0, piano,0.0316
Winston Churchill,famous_for,Winston Churchill is famous for,subject_all,1 2 3,9-13,jspace,0," his speeches, but", speeches,1,-4.65,-5.0693,-0.4193,-0.7153,-0.8915,-0.1763,1,0, speeches,0.0233
Winston Churchill,famous_for,Winston Churchill is famous for,subject_all,1 2 3,9-13,jspace_keep_name,0," his speeches, but", speeches,1,-4.65,-4.8261,-0.1761,-0.7153,-0.7606,-0.0454,1,0, speeches,0.0119
Winston Churchill,famous_for,Winston Churchill is famous for,subject_all,1 2 3,9-13,jspace_restore_rest,0," his speeches, but", speeches,1,-4.65,-4.8556,-0.2056,-0.7153,-0.7851,-0.0699,1,0, speeches,0.0053
Winston Churchill,famous_for,Winston Churchill is famous for,subject_all,1 2 3,9-13,name_lens,0," his speeches, but", speeches,1,-4.65,-4.7285,-0.0785,-0.7153,-0.7821,-0.0668,1,0, speeches,0.0039
Winston Churchill,famous_for,Winston Churchill is famous for,subject_all,1 2 3,9-17,jspace,0," his speeches, but", speeches,1,-4.65,-5.4049,-0.755,-0.7153,-1.0394,-0.3242,1,0, speeches,0.0673
Winston Churchill,famous_for,Winston Churchill is famous for,subject_all,1 2 3,9-17,jspace_keep_name,0," his speeches, but", speeches,1,-4.65,-5.1436,-0.4936,-0.7153,-0.9829,-0.2677,1,0, speeches,0.0453
Winston Churchill,famous_for,Winston Churchill is famous for,subject_all,1 2 3,9-17,jspace_restore_rest,0," his speeches, but", speeches,1,-4.65,-4.8414,-0.1914,-0.7153,-0.8248,-0.1095,1,0, speeches,0.0109
Winston Churchill,famous_for,Winston Churchill is famous for,subject_all,1 2 3,9-17,name_lens,0," his speeches, but", speeches,1,-4.65,-4.774,-0.124,-0.7153,-0.8248,-0.1095,1,0, speeches,0.0054
Winston Churchill,famous_for,Winston Churchill is famous for,subject_all,1 2 3,6-20,jspace,0," his speeches, but", speeches,1,-4.65,-5.1835,-0.5335,-0.7153,-1.1105,-0.3952,1,0, speeches,0.3687
Winston Churchill,famous_for,Winston Churchill is famous for,subject_all,1 2 3,6-20,jspace_keep_name,0," his speeches, but", speeches,1,-4.65,-5.2193,-0.5693,-0.7153,-1.1482,-0.433,1,0, speeches,0.2574
Winston Churchill,famous_for,Winston Churchill is famous for,subject_all,1 2 3,6-20,jspace_restore_rest,0," his speeches, but", speeches,1,-4.65,-4.6816,-0.0317,-0.7153,-0.6216,0.0937,1,0, speeches,0.0343
Winston Churchill,famous_for,Winston Churchill is famous for,subject_all,1 2 3,6-20,name_lens,0," his speeches, but", speeches,1,-4.65,-4.8464,-0.1965,-0.7153,-0.7068,0.0084,1,0, speeches,0.0601
Winston Churchill,language,Winston Churchill spoke the language of,subject_all,1 2 3,9-13,jspace,0," the people, but", people,1,-6.9582,-7.4964,-0.5382,-2.117,-2.2501,-0.1331,1,0, people,0.0168
Winston Churchill,language,Winston Churchill spoke the language of,subject_all,1 2 3,9-13,jspace_keep_name,0," the people, but", people,1,-6.9582,-7.1584,-0.2003,-2.117,-2.089,0.028,1,0, people,0.0116
Winston Churchill,language,Winston Churchill spoke the language of,subject_all,1 2 3,9-13,jspace_restore_rest,0," the people, but", people,1,-6.9582,-7.1542,-0.196,-2.117,-2.1409,-0.0239,1,0, people,0.0053
Winston Churchill,language,Winston Churchill spoke the language of,subject_all,1 2 3,9-13,name_lens,0," the people, but", people,1,-6.9582,-7.0962,-0.138,-2.117,-2.1138,0.0031,1,0, people,0.0036
Winston Churchill,language,Winston Churchill spoke the language of,subject_all,1 2 3,9-17,jspace,0," the people, but", people,1,-6.9582,-7.4437,-0.4855,-2.117,-2.2979,-0.181,1,0, people,0.0451
Winston Churchill,language,Winston Churchill spoke the language of,subject_all,1 2 3,9-17,jspace_keep_name,0," the people, but", people,1,-6.9582,-7.405,-0.4468,-2.117,-2.1802,-0.0632,1,0, people,0.0341
Winston Churchill,language,Winston Churchill spoke the language of,subject_all,1 2 3,9-17,jspace_restore_rest,0," the people, but", people,1,-6.9582,-7.1789,-0.2207,-2.117,-2.1901,-0.0732,1,0, people,0.0104
Winston Churchill,language,Winston Churchill spoke the language of,subject_all,1 2 3,9-17,name_lens,0," the people, but", people,1,-6.9582,-7.1115,-0.1534,-2.117,-2.1071,0.0099,1,0, people,0.0048
Winston Churchill,language,Winston Churchill spoke the language of,subject_all,1 2 3,6-20,jspace,0," the people, but", people,1,-6.9582,-8.3587,-1.4005,-2.117,-2.4489,-0.3319,1,0, people,0.1529
Winston Churchill,language,Winston Churchill spoke the language of,subject_all,1 2 3,6-20,jspace_keep_name,0," the people, but", people,1,-6.9582,-7.4123,-0.4542,-2.117,-2.0878,0.0291,1,0, people,0.224
Winston Churchill,language,Winston Churchill spoke the language of,subject_all,1 2 3,6-20,jspace_restore_rest,0," the people, but", people,1,-6.9582,-7.2512,-0.293,-2.117,-2.1417,-0.0248,1,0, people,0.0222
Winston Churchill,language,Winston Churchill spoke the language of,subject_all,1 2 3,6-20,name_lens,0," the people, but", people,1,-6.9582,-7.4591,-0.5009,-2.117,-2.2168,-0.0999,1,0, people,0.0189
Winston Churchill,spouse,Winston Churchill was married to,subject_all,1 2 3,9-13,jspace,0, Clementine Churchill., Clement,0,-3.4471,-8.0734,-4.6263,-1.0044,-3.853,-2.8486,7,1, a,0.85
Winston Churchill,spouse,Winston Churchill was married to,subject_all,1 2 3,9-13,jspace_keep_name,0, Clementine Churchill., Clement,0,-3.4471,-5.0864,-1.6393,-1.0044,-2.6394,-1.635,3,1, a,0.349
Winston Churchill,spouse,Winston Churchill was married to,subject_all,1 2 3,9-13,jspace_restore_rest,0, Clementine Churchill., Clement,0,-3.4471,-4.0587,-0.6116,-1.0044,-1.3558,-0.3514,1,0, Clement,0.1294
Winston Churchill,spouse,Winston Churchill was married to,subject_all,1 2 3,9-13,name_lens,0, Clementine Churchill., Clement,0,-3.4471,-3.916,-0.4689,-1.0044,-1.2217,-0.2173,1,0, Clement,0.1093
Winston Churchill,spouse,Winston Churchill was married to,subject_all,1 2 3,9-17,jspace,0, Clementine Churchill., Clement,0,-3.4471,-7.4573,-4.0102,-1.0044,-4.2592,-3.2548,10,1, a,1.0288
Winston Churchill,spouse,Winston Churchill was married to,subject_all,1 2 3,9-17,jspace_keep_name,0, Clementine Churchill., Clement,0,-3.4471,-7.9645,-4.5174,-1.0044,-4.7642,-3.7598,17,1, a,1.082
Winston Churchill,spouse,Winston Churchill was married to,subject_all,1 2 3,9-17,jspace_restore_rest,0, Clementine Churchill., Clement,0,-3.4471,-5.7568,-2.3097,-1.0044,-2.6607,-1.6563,2,1, a,0.4832
Winston Churchill,spouse,Winston Churchill was married to,subject_all,1 2 3,9-17,name_lens,0, Clementine Churchill., Clement,0,-3.4471,-4.8773,-1.4302,-1.0044,-1.9438,-0.9394,2,1, a,0.2652
Winston Churchill,spouse,Winston Churchill was married to,subject_all,1 2 3,6-20,jspace,0, Clementine Churchill., Clement,0,-3.4471,-14.549,-11.1019,-1.0044,-8.6428,-7.6384,365,1, a,2.7966
Winston Churchill,spouse,Winston Churchill was married to,subject_all,1 2 3,6-20,jspace_keep_name,0, Clementine Churchill., Clement,0,-3.4471,-8.8113,-5.3642,-1.0044,-5.2844,-4.28,23,1, a,1.716
Winston Churchill,spouse,Winston Churchill was married to,subject_all,1 2 3,6-20,jspace_restore_rest,0, Clementine Churchill., Clement,0,-3.4471,-6.6331,-3.186,-1.0044,-3.2237,-2.2193,4,1, a,0.6533
Winston Churchill,spouse,Winston Churchill was married to,subject_all,1 2 3,6-20,name_lens,0, Clementine Churchill., Clement,0,-3.4471,-6.618,-3.1709,-1.0044,-2.9411,-1.9367,4,1, a,0.5733
Winston Churchill,education,Winston Churchill studied at the University of,subject_all,1 2 3,9-13,jspace,0," Oxford, where he", Oxford,0,-3.712,-4.2889,-0.577,-0.6644,-0.9205,-0.2561,1,0, Oxford,0.1121
Winston Churchill,education,Winston Churchill studied at the University of,subject_all,1 2 3,9-13,jspace_keep_name,0," Oxford, where he", Oxford,0,-3.712,-4.1276,-0.4157,-0.6644,-0.774,-0.1096,1,0, Oxford,0.082
Winston Churchill,education,Winston Churchill studied at the University of,subject_all,1 2 3,9-13,jspace_restore_rest,0," Oxford, where he", Oxford,0,-3.712,-4.0595,-0.3475,-0.6644,-0.7968,-0.1323,1,0, Oxford,0.06
Winston Churchill,education,Winston Churchill studied at the University of,subject_all,1 2 3,9-13,name_lens,0," Oxford, where he", Oxford,0,-3.712,-3.9798,-0.2678,-0.6644,-0.8289,-0.1645,1,0, Oxford,0.0599
Winston Churchill,education,Winston Churchill studied at the University of,subject_all,1 2 3,9-17,jspace,0," Oxford, where he", Oxford,0,-3.712,-4.8736,-1.1616,-0.6644,-1.1182,-0.4538,1,0, Oxford,0.1602
Winston Churchill,education,Winston Churchill studied at the University of,subject_all,1 2 3,9-17,jspace_keep_name,0," Oxford, where he", Oxford,0,-3.712,-4.5605,-0.8486,-0.6644,-0.9176,-0.2531,1,0, Oxford,0.1191
Winston Churchill,education,Winston Churchill studied at the University of,subject_all,1 2 3,9-17,jspace_restore_rest,0," Oxford, where he", Oxford,0,-3.712,-3.9288,-0.2169,-0.6644,-0.7353,-0.0709,1,0, Oxford,0.0843
Winston Churchill,education,Winston Churchill studied at the University of,subject_all,1 2 3,9-17,name_lens,0," Oxford, where he", Oxford,0,-3.712,-3.948,-0.236,-0.6644,-0.7581,-0.0937,1,0, Oxford,0.0753
Winston Churchill,education,Winston Churchill studied at the University of,subject_all,1 2 3,6-20,jspace,0," Oxford, where he", Oxford,0,-3.712,-6.2042,-2.4923,-0.6644,-2.6599,-1.9955,3,1, London,0.9405
Winston Churchill,education,Winston Churchill studied at the University of,subject_all,1 2 3,6-20,jspace_keep_name,0," Oxford, where he", Oxford,0,-3.712,-3.8539,-0.1419,-0.6644,-0.6948,-0.0304,1,0, Oxford,0.3282
Winston Churchill,education,Winston Churchill studied at the University of,subject_all,1 2 3,6-20,jspace_restore_rest,0," Oxford, where he", Oxford,0,-3.712,-4.3759,-0.6639,-0.6644,-0.9368,-0.2724,1,0, Oxford,0.1362
Winston Churchill,education,Winston Churchill studied at the University of,subject_all,1 2 3,6-20,name_lens,0," Oxford, where he", Oxford,0,-3.712,-4.3983,-0.6863,-0.6644,-0.927,-0.2626,1,0, Oxford,0.1322
Winston Churchill,citizenship,Winston Churchill was a citizen of,subject_all,1 2 3,9-13,jspace,0, the United Kingdom., United,1,-2.9779,-3.0329,-0.055,-0.4868,-0.5185,-0.0317,1,0, United,0.0274
Winston Churchill,citizenship,Winston Churchill was a citizen of,subject_all,1 2 3,9-13,jspace_keep_name,0, the United Kingdom., United,1,-2.9779,-2.8491,0.1288,-0.4868,-0.4924,-0.0056,1,0, United,0.018
Winston Churchill,citizenship,Winston Churchill was a citizen of,subject_all,1 2 3,9-13,jspace_restore_rest,0, the United Kingdom., United,1,-2.9779,-2.9481,0.0298,-0.4868,-0.4851,0.0017,1,0, United,0.0088
Winston Churchill,citizenship,Winston Churchill was a citizen of,subject_all,1 2 3,9-13,name_lens,0, the United Kingdom., United,1,-2.9779,-2.9436,0.0343,-0.4868,-0.4707,0.0161,1,0, United,0.0064
Winston Churchill,citizenship,Winston Churchill was a citizen of,subject_all,1 2 3,9-17,jspace,0, the United Kingdom., United,1,-2.9779,-2.9051,0.0728,-0.4868,-0.5006,-0.0138,1,0, United,0.0658
Winston Churchill,citizenship,Winston Churchill was a citizen of,subject_all,1 2 3,9-17,jspace_keep_name,0, the United Kingdom., United,1,-2.9779,-2.708,0.2699,-0.4868,-0.4179,0.0689,1,0, United,0.0709
Winston Churchill,citizenship,Winston Churchill was a citizen of,subject_all,1 2 3,9-17,jspace_restore_rest,0, the United Kingdom., United,1,-2.9779,-2.944,0.0339,-0.4868,-0.4698,0.017,1,0, United,0.0206
Winston Churchill,citizenship,Winston Churchill was a citizen of,subject_all,1 2 3,9-17,name_lens,0, the United Kingdom., United,1,-2.9779,-2.91,0.0679,-0.4868,-0.4675,0.0193,1,0, United,0.0076
Winston Churchill,citizenship,Winston Churchill was a citizen of,subject_all,1 2 3,6-20,jspace,0, the United Kingdom., United,1,-2.9779,-3.2331,-0.2552,-0.4868,-0.187,0.2998,1,0, United,0.4004
Winston Churchill,citizenship,Winston Churchill was a citizen of,subject_all,1 2 3,6-20,jspace_keep_name,0, the United Kingdom., United,1,-2.9779,-2.9865,-0.0087,-0.4868,-0.5419,-0.0551,1,0, United,0.5439
Winston Churchill,citizenship,Winston Churchill was a citizen of,subject_all,1 2 3,6-20,jspace_restore_rest,0, the United Kingdom., United,1,-2.9779,-2.9892,-0.0113,-0.4868,-0.4695,0.0174,1,0, United,0.0415
Winston Churchill,citizenship,Winston Churchill was a citizen of,subject_all,1 2 3,6-20,name_lens,0, the United Kingdom., United,1,-2.9779,-3.1491,-0.1713,-0.4868,-0.5048,-0.018,1,0, United,0.0392
Winston Churchill,copy_first_name,The first name of Winston Churchill is,subject_all,5 6,9-13,jspace,0,? 1.,1,2,-7.8112,-7.3277,0.4834,-2.295,-2.0932,0.2019,1,0,1,0.0952
Winston Churchill,copy_first_name,The first name of Winston Churchill is,subject_all,5 6,9-13,jspace_keep_name,0,? 1.,1,2,-7.8112,-7.5436,0.2676,-2.295,-2.0568,0.2383,1,0,1,0.026
Winston Churchill,copy_first_name,The first name of Winston Churchill is,subject_all,5 6,9-13,jspace_restore_rest,0,? 1.,1,2,-7.8112,-7.3945,0.4166,-2.295,-2.3255,-0.0305,1,0,1,0.0372
Winston Churchill,copy_first_name,The first name of Winston Churchill is,subject_all,5 6,9-13,name_lens,0,? 1.,1,2,-7.8112,-7.1928,0.6184,-2.295,-2.2828,0.0122,1,0,1,0.0546
Winston Churchill,copy_first_name,The first name of Winston Churchill is,subject_all,5 6,9-17,jspace,0,? 1.,1,2,-7.8112,-7.2198,0.5914,-2.295,-2.062,0.233,1,0,1,0.1597
Winston Churchill,copy_first_name,The first name of Winston Churchill is,subject_all,5 6,9-17,jspace_keep_name,0,? 1.,1,2,-7.8112,-7.6722,0.139,-2.295,-1.9678,0.3272,1,0,1,0.0729
Winston Churchill,copy_first_name,The first name of Winston Churchill is,subject_all,5 6,9-17,jspace_restore_rest,0,? 1.,1,2,-7.8112,-7.2984,0.5127,-2.295,-2.3365,-0.0415,1,0,1,0.0754
Winston Churchill,copy_first_name,The first name of Winston Churchill is,subject_all,5 6,9-17,name_lens,0,? 1.,1,2,-7.8112,-7.2666,0.5445,-2.295,-2.3231,-0.0281,1,0,1,0.0987
Winston Churchill,copy_first_name,The first name of Winston Churchill is,subject_all,5 6,6-20,jspace,0,? 1.,1,2,-7.8112,-7.8148,-0.0037,-2.295,-1.8969,0.3981,1,0,1,0.3308
Winston Churchill,copy_first_name,The first name of Winston Churchill is,subject_all,5 6,6-20,jspace_keep_name,0,? 1.,1,2,-7.8112,-7.9985,-0.1874,-2.295,-1.9168,0.3782,1,0,1,0.3824
Winston Churchill,copy_first_name,The first name of Winston Churchill is,subject_all,5 6,6-20,jspace_restore_rest,0,? 1.,1,2,-7.8112,-7.6415,0.1697,-2.295,-2.4174,-0.1224,2,1, The,0.1002
Winston Churchill,copy_first_name,The first name of Winston Churchill is,subject_all,5 6,6-20,name_lens,0,? 1.,1,2,-7.8112,-7.7589,0.0523,-2.295,-2.7574,-0.4624,2,1, The,0.1934
Winston Churchill,copy_last_name,The last name of Winston Churchill is,subject_all,5 6,9-13,jspace,0, not a surname., not,0,-9.5911,-9.3135,0.2777,-2.8955,-2.7249,0.1706,1,0, not,0.2641
Winston Churchill,copy_last_name,The last name of Winston Churchill is,subject_all,5 6,9-13,jspace_keep_name,0, not a surname., not,0,-9.5911,-9.4697,0.1215,-2.8955,-2.6939,0.2016,1,0, not,0.1229
Winston Churchill,copy_last_name,The last name of Winston Churchill is,subject_all,5 6,9-13,jspace_restore_rest,0, not a surname., not,0,-9.5911,-9.7534,-0.1622,-2.8955,-2.9955,-0.1001,2,1,?,0.073
Winston Churchill,copy_last_name,The last name of Winston Churchill is,subject_all,5 6,9-13,name_lens,0, not a surname., not,0,-9.5911,-9.876,-0.2848,-2.8955,-3.025,-0.1295,2,1,?,0.098
Winston Churchill,copy_last_name,The last name of Winston Churchill is,subject_all,5 6,9-17,jspace,0, not a surname., not,0,-9.5911,-9.5129,0.0782,-2.8955,-2.8609,0.0346,1,0, not,0.4527
Winston Churchill,copy_last_name,The last name of Winston Churchill is,subject_all,5 6,9-17,jspace_keep_name,0, not a surname., not,0,-9.5911,-9.4851,0.106,-2.8955,-2.8517,0.0438,1,0, not,0.2737
Winston Churchill,copy_last_name,The last name of Winston Churchill is,subject_all,5 6,9-17,jspace_restore_rest,0, not a surname., not,0,-9.5911,-9.824,-0.2329,-2.8955,-3.0317,-0.1362,2,1,?,0.1755
Winston Churchill,copy_last_name,The last name of Winston Churchill is,subject_all,5 6,9-17,name_lens,0, not a surname., not,0,-9.5911,-10.0425,-0.4513,-2.8955,-3.08,-0.1846,3,1,?,0.1826
Winston Churchill,copy_last_name,The last name of Winston Churchill is,subject_all,5 6,6-20,jspace,0, not a surname., not,0,-9.5911,-11.3806,-1.7895,-2.8955,-3.8169,-0.9214,12,1, ,0.8855
Winston Churchill,copy_last_name,The last name of Winston Churchill is,subject_all,5 6,6-20,jspace_keep_name,0, not a surname., not,0,-9.5911,-9.8268,-0.2356,-2.8955,-2.797,0.0985,1,0, not,0.3283
Winston Churchill,copy_last_name,The last name of Winston Churchill is,subject_all,5 6,6-20,jspace_restore_rest,0, not a surname., not,0,-9.5911,-10.3439,-0.7528,-2.8955,-3.0921,-0.1966,2,1,?,0.2299
Winston Churchill,copy_last_name,The last name of Winston Churchill is,subject_all,5 6,6-20,name_lens,0, not a surname., not,0,-9.5911,-10.3522,-0.7611,-2.8955,-3.0052,-0.1097,2,1,?,0.3895
