layer,sv_index_zero_based,sv_rank,sv_label,singular_value,gap_to_higher_rank,gap_to_lower_rank,local_gap,relative_local_gap
0,0,0,SV00,1595.613525390625,,1179.3782348632812,1179.3782348632812,0.7391377774731231
0,1,1,SV01,416.23529052734375,1179.3782348632812,119.26199340820312,119.26199340820312,0.286525424735384
0,2,2,SV02,296.9732971191406,119.26199340820312,24.993194580078125,24.993194580078125,0.0841597369949773
0,3,3,SV03,271.9801025390625,24.993194580078125,74.58058166503906,24.993194580078125,0.0918934670101043
0,4,4,SV04,197.39952087402344,74.58058166503906,15.665695190429688,15.665695190429688,0.07936035062834439
0,5,5,SV05,181.73382568359375,15.665695190429688,23.0914306640625,15.665695190429688,0.08620131740199165
0,6,6,SV06,158.64239501953125,23.0914306640625,4.42547607421875,4.42547607421875,0.027895923240908633
0,7,7,SV07,154.2169189453125,4.42547607421875,19.097854614257812,4.42547607421875,0.028696436840293032
0,8,8,SV08,135.1190643310547,19.097854614257812,7.856376647949219,7.856376647949219,0.05814410192110524
0,9,9,SV09,127.26268768310547,7.856376647949219,5.2435760498046875,5.2435760498046875,0.041202776283191675
0,10,10,SV10,122.01911163330078,5.2435760498046875,6.1290435791015625,5.2435760498046875,0.04297339965531793
0,11,11,SV11,115.89006805419922,6.1290435791015625,2.5855026245117188,2.5855026245117188,0.022309958635131154
0,12,12,SV12,113.3045654296875,2.5855026245117188,7.89837646484375,2.5855026245117188,0.022819050712622725
0,13,13,SV13,105.40618896484375,7.89837646484375,3.0350570678710938,3.0350570678710938,0.028793917109396487
0,14,14,SV14,102.37113189697266,3.0350570678710938,3.688018798828125,3.0350570678710938,0.029647587280031307
0,15,15,SV15,98.68311309814453,3.688018798828125,4.821983337402344,3.688018798828125,0.03737233943116726
0,16,16,SV16,93.86112976074219,4.821983337402344,6.725006103515625,4.821983337402344,0.05137359149302674
0,17,17,SV17,87.13612365722656,6.725006103515625,1.3778228759765625,1.3778228759765625,0.015812303992275355
0,18,18,SV18,85.75830078125,1.3778228759765625,2.2648696899414062,1.3778228759765625,0.016066350002562162
0,19,19,SV19,83.4934310913086,2.2648696899414062,4.2443084716796875,2.2648696899414062,0.027126321919439866
0,20,20,SV20,79.2491226196289,4.2443084716796875,1.1354293823242188,1.1354293823242188,0.014327343253677722
0,21,21,SV21,78.11369323730469,1.1354293823242188,4.2146759033203125,1.1354293823242188,0.014535599781140201
0,22,22,SV22,73.89901733398438,4.2146759033203125,0.4104766845703125,0.4104766845703125,0.005554562149523255
0,23,23,SV23,73.48854064941406,0.4104766845703125,3.169952392578125,0.4104766845703125,0.00558558764322918
0,24,24,SV24,70.31858825683594,3.169952392578125,1.1850814819335938,1.1850814819335938,0.01685303290795784
0,25,25,SV25,69.13350677490234,1.1850814819335938,1.9886703491210938,1.1850814819335938,0.017141926356957434
0,26,26,SV26,67.14483642578125,1.9886703491210938,2.3097152709960938,1.9886703491210938,0.029617621472937485
0,27,27,SV27,64.83512115478516,2.3097152709960938,0.9289627075195312,0.9289627075195312,0.014328078531722913
0,28,28,SV28,63.906158447265625,0.9289627075195312,1.3100357055664062,0.9289627075195312,0.014536356590516967
0,29,29,SV29,62.59612274169922,1.3100357055664062,1.1755599975585938,1.1755599975585938,0.0187800768812711
0,30,30,SV30,61.420562744140625,1.1755599975585938,1.2324409484863281,1.1755599975585938,0.019139518510366292
0,31,31,SV31,60.1881217956543,1.2324409484863281,0.6634140014648438,0.6634140014648438,0.011022340981451653
0,32,32,SV32,59.52470779418945,0.6634140014648438,1.9805641174316406,0.6634140014648438,0.01114518703323401
0,33,33,SV33,57.54414367675781,1.9805641174316406,0.6484184265136719,0.6484184265136719,0.011268191428063066
0,34,34,SV34,56.89572525024414,0.6484184265136719,0.6732215881347656,0.6484184265136719,0.011396610618139357
0,35,35,SV35,56.222503662109375,0.6732215881347656,0.225341796875,0.225341796875,0.004008035612026061
0,36,36,SV36,55.997161865234375,0.225341796875,1.280120849609375,0.225341796875,0.004024164607079892
0,37,37,SV37,54.717041015625,1.280120849609375,1.0398445129394531,1.0398445129394531,0.019004034093190732
0,38,38,SV38,53.67719650268555,1.0398445129394531,1.2347450256347656,1.0398445129394531,0.01937218373331827
0,39,39,SV39,52.44245147705078,1.2347450256347656,1.1318778991699219,1.1318778991699219,0.021583237764261274
0,40,40,SV40,51.31057357788086,1.1318778991699219,1.2031517028808594,1.1318778991699219,0.02205934995935917
0,41,41,SV41,50.107421875,1.2031517028808594,0.4009513854980469,0.4009513854980469,0.00800183626486065
0,42,42,SV42,49.70647048950195,0.4009513854980469,0.6436080932617188,0.4009513854980469,0.008066382133946287
0,43,43,SV43,49.062862396240234,0.6436080932617188,0.8501014709472656,0.6436080932617188,0.013118029846359708
0,44,44,SV44,48.21276092529297,0.8501014709472656,0.4132232666015625,0.4132232666015625,0.008570827695220848
0,45,45,SV45,47.799537658691406,0.4132232666015625,0.6026496887207031,0.4132232666015625,0.008644921830670175
0,46,46,SV46,47.1968879699707,0.6026496887207031,0.5280609130859375,0.5280609130859375,0.011188468896973024
0,47,47,SV47,46.668827056884766,0.5280609130859375,0.597686767578125,0.5280609130859375,0.011315067174117802
0,48,48,SV48,46.07114028930664,0.597686767578125,0.3506278991699219,0.3506278991699219,0.007610575665549665
0,49,49,SV49,45.72051239013672,0.3506278991699219,0.6866836547851562,0.3506278991699219,0.007668940719167504
0,50,50,SV50,45.03382873535156,0.6866836547851562,0.8489761352539062,0.6866836547851562,0.015248173963190241
0,51,51,SV51,44.184852600097656,0.8489761352539062,0.28339385986328125,0.28339385986328125,0.0064138238148757545
0,52,52,SV52,43.901458740234375,0.28339385986328125,0.3113975524902344,0.28339385986328125,0.0064552265003340135
0,53,53,SV53,43.59006118774414,0.3113975524902344,0.48541259765625,0.3113975524902344,0.007143774154136482
0,54,54,SV54,43.10464859008789,0.48541259765625,0.320587158203125,0.320587158203125,0.007437414958461011
0,55,55,SV55,42.784061431884766,0.320587158203125,0.3323173522949219,0.320587158203125,0.007493144584076533
0,56,56,SV56,42.451744079589844,0.3323173522949219,0.7501564025878906,0.3323173522949219,0.007828120127924144
0,57,57,SV57,41.70158767700195,0.7501564025878906,0.23514938354492188,0.23514938354492188,0.0056388592531838935
0,58,58,SV58,41.46643829345703,0.23514938354492188,0.24993133544921875,0.23514938354492188,0.005670836300932698
0,59,59,SV59,41.21650695800781,0.24993133544921875,1.4054679870605469,0.24993133544921875,0.006063865036012239
0,60,60,SV60,39.811038970947266,1.4054679870605469,0.3603019714355469,0.3603019714355469,0.00905030315080405
0,61,61,SV61,39.45073699951172,0.3603019714355469,0.5414657592773438,0.3603019714355469,0.009132959200230058
0,62,62,SV62,38.909271240234375,0.5414657592773438,0.2545814514160156,0.2545814514160156,0.006542950903505078
0,63,63,SV63,38.65468978881836,0.2545814514160156,,0.2545814514160156,0.006586043059894337
1,0,0,SV00,1150.986572265625,,832.0671081542969,832.0671081542969,0.7229164337829236
1,1,1,SV01,318.9194641113281,832.0671081542969,123.46713256835938,123.46713256835938,0.3871420419960933
1,2,2,SV02,195.45233154296875,123.46713256835938,53.69410705566406,53.69410705566406,0.27471714781698475
1,3,3,SV03,141.7582244873047,53.69410705566406,12.75762939453125,12.75762939453125,0.08999569118949972
1,4,4,SV04,129.00059509277344,12.75762939453125,19.525802612304688,12.75762939453125,0.09889589567673186
1,5,5,SV05,109.47479248046875,19.525802612304688,3.3276596069335938,3.3276596069335938,0.03039658291681418
1,6,6,SV06,106.14713287353516,3.3276596069335938,5.915985107421875,3.3276596069335938,0.031349500611554
1,7,7,SV07,100.23114776611328,5.915985107421875,5.487884521484375,5.487884521484375,0.054752286527639166
1,8,8,SV08,94.7432632446289,5.487884521484375,9.73870849609375,5.487884521484375,0.05792374395332524
1,9,9,SV09,85.00455474853516,9.73870849609375,1.7068023681640625,1.7068023681640625,0.020078951924555256
1,10,10,SV10,83.2977523803711,1.7068023681640625,4.2689056396484375,1.7068023681640625,0.02049037722374687
1,11,11,SV11,79.02884674072266,4.2689056396484375,3.5017852783203125,3.5017852783203125,0.04431021611398364
1,12,12,SV12,75.52706146240234,3.5017852783203125,5.475349426269531,3.5017852783203125,0.046364643486937654
1,13,13,SV13,70.05171203613281,5.475349426269531,2.1033096313476562,2.1033096313476562,0.030025099604457418
1,14,14,SV14,67.94840240478516,2.1033096313476562,1.7970199584960938,1.7970199584960938,0.026446831638377733
1,15,15,SV15,66.15138244628906,1.7970199584960938,2.8342208862304688,1.7970199584960938,0.027165266877909402
1,16,16,SV16,63.317161560058594,2.8342208862304688,3.912395477294922,2.8342208862304688,0.04476228587003397
1,17,17,SV17,59.40476608276367,3.912395477294922,2.2941627502441406,2.2941627502441406,0.03861916983307158
1,18,18,SV18,57.11060333251953,2.2941627502441406,3.5203933715820312,2.2941627502441406,0.04017052204625921
1,19,19,SV19,53.5902099609375,3.5203933715820312,1.42401123046875,1.42401123046875,0.026572227119593814
1,20,20,SV20,52.16619873046875,1.42401123046875,0.36363983154296875,0.36363983154296875,0.006970794123256241
1,21,21,SV21,51.80255889892578,0.36363983154296875,2.75115966796875,0.36363983154296875,0.007019727196343374
1,22,22,SV22,49.05139923095703,2.75115966796875,1.2602043151855469,1.2602043151855469,0.02569150594974698
1,23,23,SV23,47.791194915771484,1.2602043151855469,1.2494239807128906,1.2494239807128906,0.026143392792645378
1,24,24,SV24,46.541770935058594,1.2494239807128906,1.0984687805175781,1.0984687805175781,0.023601783053126858
1,25,25,SV25,45.443302154541016,1.0984687805175781,0.4684791564941406,0.4684791564941406,0.010309091423439326
1,26,26,SV26,44.974822998046875,0.4684791564941406,2.550212860107422,0.4684791564941406,0.010416475825029602
1,27,27,SV27,42.42461013793945,2.550212860107422,0.9270477294921875,0.9270477294921875,0.021851649938042634
1,28,28,SV28,41.497562408447266,0.9270477294921875,1.1698417663574219,0.9270477294921875,0.022339811682612884
1,29,29,SV29,40.327720642089844,1.1698417663574219,0.4746437072753906,0.4746437072753906,0.011769663638762844
1,30,30,SV30,39.85307693481445,0.4746437072753906,0.840179443359375,0.4746437072753906,0.01190983843108877
1,31,31,SV31,39.01289749145508,0.840179443359375,0.5092048645019531,0.5092048645019531,0.013052218554478896
1,32,32,SV32,38.503692626953125,0.5092048645019531,0.6677703857421875,0.5092048645019531,0.01322483195145555
1,33,33,SV33,37.83592224121094,0.6677703857421875,0.39220428466796875,0.39220428466796875,0.010365923742193849
1,34,34,SV34,37.44371795654297,0.39220428466796875,0.9053115844726562,0.39220428466796875,0.010474501627299924
1,35,35,SV35,36.53840637207031,0.9053115844726562,0.249786376953125,0.249786376953125,0.0068362690591798735
1,36,36,SV36,36.28861999511719,0.249786376953125,0.5378799438476562,0.249786376953125,0.006883325323110523
1,37,37,SV37,35.75074005126953,0.5378799438476562,0.04891204833984375,0.04891204833984375,0.0013681408628101071
1,38,38,SV38,35.70182800292969,0.04891204833984375,0.32103729248046875,0.04891204833984375,0.001370015236638024
1,39,39,SV39,35.38079071044922,0.32103729248046875,0.5408668518066406,0.32103729248046875,0.009073773820030962
1,40,40,SV40,34.83992385864258,0.5408668518066406,0.9681587219238281,0.5408668518066406,0.015524340810878962
1,41,41,SV41,33.87176513671875,0.9681587219238281,0.21774673461914062,0.21774673461914062,0.006428561775279076
1,42,42,SV42,33.65401840209961,0.21774673461914062,0.6455650329589844,0.21774673461914062,0.006470155570056853
1,43,43,SV43,33.008453369140625,0.6455650329589844,0.4343910217285156,0.4343910217285156,0.013159993195398388
1,44,44,SV44,32.57406234741211,0.4343910217285156,0.50323486328125,0.4343910217285156,0.013335488128425787
1,45,45,SV45,32.07082748413086,0.50323486328125,0.2403106689453125,0.2403106689453125,0.007493123433257902
1,46,46,SV46,31.830516815185547,0.2403106689453125,0.7404956817626953,0.2403106689453125,0.007549694223961399
1,47,47,SV47,31.09002113342285,0.7404956817626953,0.48033905029296875,0.48033905029296875,0.015449942868536284
1,48,48,SV48,30.609682083129883,0.48033905029296875,0.37814903259277344,0.37814903259277344,0.012353902649684338
1,49,49,SV49,30.23153305053711,0.37814903259277344,0.42313194274902344,0.37814903259277344,0.012508430583412144
1,50,50,SV50,29.808401107788086,0.42313194274902344,0.13480567932128906,0.13480567932128906,0.004522405573979886
1,51,51,SV51,29.673595428466797,0.13480567932128906,0.32283782958984375,0.13480567932128906,0.004542950639273251
1,52,52,SV52,29.350757598876953,0.32283782958984375,0.14573287963867188,0.14573287963867188,0.0049652169674914304
1,53,53,SV53,29.20502471923828,0.14573287963867188,0.43972015380859375,0.14573287963867188,0.004989993367226051
1,54,54,SV54,28.765304565429688,0.43972015380859375,0.344390869140625,0.344390869140625,0.011972439518492565
1,55,55,SV55,28.420913696289062,0.344390869140625,0.4043445587158203,0.344390869140625,0.012117515742838076
1,56,56,SV56,28.016569137573242,0.4043445587158203,0.05743408203125,0.05743408203125,0.0020500041153941545
1,57,57,SV57,27.959135055541992,0.05743408203125,0.4063701629638672,0.05743408203125,0.0020542152651416
1,58,58,SV58,27.552764892578125,0.4063701629638672,0.28851318359375,0.28851318359375,0.010471296972140413
1,59,59,SV59,27.264251708984375,0.28851318359375,0.17656326293945312,0.17656326293945312,0.006475998858287767
1,60,60,SV60,27.087688446044922,0.17656326293945312,0.20035743713378906,0.17656326293945312,0.006518210783882268
1,61,61,SV61,26.887331008911133,0.20035743713378906,0.33930015563964844,0.20035743713378906,0.0074517413821173105
1,62,62,SV62,26.548030853271484,0.33930015563964844,0.4903907775878906,0.33930015563964844,0.01278061478513902
1,63,63,SV63,26.057640075683594,0.4903907775878906,,0.4903907775878906,0.01881946239811303
2,0,0,SV00,1067.6915283203125,,769.587158203125,769.587158203125,0.7207954149583223
2,1,1,SV01,298.1043701171875,769.587158203125,123.38420104980469,123.38420104980469,0.41389598213974943
2,2,2,SV02,174.7201690673828,123.38420104980469,55.67346954345703,55.67346954345703,0.3186436336493352
2,3,3,SV03,119.04669952392578,55.67346954345703,1.5112152099609375,1.5112152099609375,0.012694305814477589
2,4,4,SV04,117.53548431396484,1.5112152099609375,14.040702819824219,1.5112152099609375,0.01285752314530076
2,5,5,SV05,103.49478149414062,14.040702819824219,12.963157653808594,12.963157653808594,0.12525421539773487
2,6,6,SV06,90.53162384033203,12.963157653808594,2.8370819091796875,2.8370819091796875,0.03133802078026752
2,7,7,SV07,87.69454193115234,2.8370819091796875,7.846733093261719,2.8370819091796875,0.03235186417196908
2,8,8,SV08,79.84780883789062,7.846733093261719,1.0253143310546875,1.0253143310546875,0.012840857450907775
2,9,9,SV09,78.82249450683594,1.0253143310546875,4.7725830078125,1.0253143310546875,0.013007889910991924
2,10,10,SV10,74.04991149902344,4.7725830078125,6.661460876464844,4.7725830078125,0.06445089414962285
2,11,11,SV11,67.3884506225586,6.661460876464844,4.9403076171875,4.9403076171875,0.07331089484247186
2,12,12,SV12,62.448143005371094,4.9403076171875,1.4155998229980469,1.4155998229980469,0.022668405414013555
2,13,13,SV13,61.03254318237305,1.4155998229980469,4.095710754394531,1.4155998229980469,0.023194180500852694
2,14,14,SV14,56.936832427978516,4.095710754394531,1.1231117248535156,1.1231117248535156,0.01972557441220814
2,15,15,SV15,55.813720703125,1.1231117248535156,1.8914451599121094,1.1231117248535156,0.020122502329263867
2,16,16,SV16,53.92227554321289,1.8914451599121094,1.2537307739257812,1.2537307739257812,0.0232507022616479
2,17,17,SV17,52.66854476928711,1.2537307739257812,3.958293914794922,1.2537307739257812,0.023804165834042105
2,18,18,SV18,48.71025085449219,3.958293914794922,0.6476974487304688,0.6476974487304688,0.013296943402432435
2,19,19,SV19,48.06255340576172,0.6476974487304688,0.9991874694824219,0.6476974487304688,0.013476134804207531
2,20,20,SV20,47.0633659362793,0.9991874694824219,2.248546600341797,0.9991874694824219,0.02123068441035977
2,21,21,SV21,44.8148193359375,2.248546600341797,2.3259620666503906,2.248546600341797,0.050174175276406
2,22,22,SV22,42.48885726928711,2.3259620666503906,1.4509811401367188,1.4509811401367188,0.03414968613866569
2,23,23,SV23,41.03787612915039,1.4509811401367188,0.9676246643066406,0.9676246643066406,0.02357881926592465
2,24,24,SV24,40.07025146484375,0.9676246643066406,0.6115036010742188,0.6115036010742188,0.015260787709573792
2,25,25,SV25,39.45874786376953,0.6115036010742188,0.7972946166992188,0.6115036010742188,0.015497288540057623
2,26,26,SV26,38.66145324707031,0.7972946166992188,1.530731201171875,0.7972946166992188,0.020622468886619935
2,27,27,SV27,37.13072204589844,1.530731201171875,0.5739250183105469,0.5739250183105469,0.015456877396596284
2,28,28,SV28,36.55679702758789,0.5739250183105469,0.68408203125,0.5739250183105469,0.015699543312764234
2,29,29,SV29,35.87271499633789,0.68408203125,0.7331695556640625,0.68408203125,0.01906970329175908
2,30,30,SV30,35.13954544067383,0.7331695556640625,1.2293052673339844,0.7331695556640625,0.02086451450835852
2,31,31,SV31,33.910240173339844,1.2293052673339844,0.8439407348632812,0.8439407348632812,0.02488748916401912
2,32,32,SV32,33.06629943847656,0.8439407348632812,0.34851837158203125,0.34851837158203125,0.010539987162170581
2,33,33,SV33,32.71778106689453,0.34851837158203125,0.8358097076416016,0.34851837158203125,0.010652261865480827
2,34,34,SV34,31.88197135925293,0.8358097076416016,0.4009857177734375,0.4009857177734375,0.012577193337734481
2,35,35,SV35,31.480985641479492,0.4009857177734375,0.6074752807617188,0.4009857177734375,0.012737394004751136
2,36,36,SV36,30.873510360717773,0.6074752807617188,0.185546875,0.185546875,0.006009905347079756
2,37,37,SV37,30.687963485717773,0.185546875,0.5358505249023438,0.185546875,0.006046242693372397
2,38,38,SV38,30.15211296081543,0.5358505249023438,0.17247772216796875,0.17247772216796875,0.005720253250314975
2,39,39,SV39,29.97963523864746,0.17247772216796875,0.8983116149902344,0.17247772216796875,0.0057531627985127586
2,40,40,SV40,29.081323623657227,0.8983116149902344,0.24863815307617188,0.24863815307617188,0.008549753659558618
2,41,41,SV41,28.832685470581055,0.24863815307617188,0.4102439880371094,0.24863815307617188,0.008623482308988028
2,42,42,SV42,28.422441482543945,0.4102439880371094,0.9262523651123047,0.4102439880371094,0.014433805353740167
2,43,43,SV43,27.49618911743164,0.9262523651123047,0.09316825866699219,0.09316825866699219,0.0033884062358273026
2,44,44,SV44,27.40302085876465,0.09316825866699219,0.385406494140625,0.09316825866699219,0.0033999265682123883
2,45,45,SV45,27.017614364624023,0.385406494140625,0.4319438934326172,0.385406494140625,0.014265008336386043
2,46,46,SV46,26.585670471191406,0.4319438934326172,0.5439777374267578,0.4319438934326172,0.016247244691484364
2,47,47,SV47,26.04169273376465,0.5439777374267578,0.1346874237060547,0.1346874237060547,0.005171991893269833
2,48,48,SV48,25.907005310058594,0.1346874237060547,0.5113468170166016,0.1346874237060547,0.005198880460867519
2,49,49,SV49,25.395658493041992,0.5113468170166016,0.20679473876953125,0.20679473876953125,0.008142916980325189
2,50,50,SV50,25.18886375427246,0.20679473876953125,0.28009033203125,0.20679473876953125,0.008209768443185744
2,51,51,SV51,24.90877342224121,0.28009033203125,0.27469444274902344,0.27469444274902344,0.011028019649644689
2,52,52,SV52,24.634078979492188,0.27469444274902344,0.20297813415527344,0.20297813415527344,0.008239728967510913
2,53,53,SV53,24.431100845336914,0.20297813415527344,0.06900596618652344,0.06900596618652344,0.0028245131737358606
2,54,54,SV54,24.36209487915039,0.06900596618652344,0.6221218109130859,0.06900596618652344,0.002832513645843332
2,55,55,SV55,23.739973068237305,0.6221218109130859,0.05764198303222656,0.05764198303222656,0.0024280559572052826
2,56,56,SV56,23.682331085205078,0.05764198303222656,0.14657974243164062,0.05764198303222656,0.002433965762274006
2,57,57,SV57,23.535751342773438,0.14657974243164062,0.19037818908691406,0.14657974243164062,0.00622796104092285
2,58,58,SV58,23.345373153686523,0.19037818908691406,0.4808082580566406,0.19037818908691406,0.008154857402947573
2,59,59,SV59,22.864564895629883,0.4808082580566406,0.27991294860839844,0.27991294860839844,0.012242216280349964
2,60,60,SV60,22.584651947021484,0.27991294860839844,0.12780189514160156,0.12780189514160156,0.005658794097929695
2,61,61,SV61,22.456850051879883,0.12780189514160156,0.2501506805419922,0.12780189514160156,0.005690998285438663
2,62,62,SV62,22.20669937133789,0.2501506805419922,0.1827239990234375,0.1827239990234375,0.008228327675713876
2,63,63,SV63,22.023975372314453,0.1827239990234375,,0.1827239990234375,0.008296594776124443
3,0,0,SV00,815.2833251953125,,614.2481994628906,614.2481994628906,0.7534168558098976
3,1,1,SV01,201.03512573242188,614.2481994628906,75.45951080322266,75.45951080322266,0.37535485666151397
3,2,2,SV02,125.57561492919922,75.45951080322266,44.126129150390625,44.126129150390625,0.3513909063895039
3,3,3,SV03,81.4494857788086,44.126129150390625,16.501075744628906,16.501075744628906,0.20259275533599663
3,4,4,SV04,64.94841003417969,16.501075744628906,0.7552871704101562,0.7552871704101562,0.011629032489212278
3,5,5,SV05,64.19312286376953,0.7552871704101562,4.463676452636719,0.7552871704101562,0.01176585803455963
3,6,6,SV06,59.72944641113281,4.463676452636719,6.566688537597656,4.463676452636719,0.0747315892049645
3,7,7,SV07,53.162757873535156,6.566688537597656,2.9454803466796875,2.9454803466796875,0.055404957614999334
3,8,8,SV08,50.21727752685547,2.9454803466796875,2.0328140258789062,2.0328140258789062,0.04048037101955172
3,9,9,SV09,48.18446350097656,2.0328140258789062,2.8314971923828125,2.0328140258789062,0.04218816353195894
3,10,10,SV10,45.35296630859375,2.8314971923828125,4.18426513671875,2.8314971923828125,0.06243245862060148
3,11,11,SV11,41.168701171875,4.18426513671875,1.4836921691894531,1.4836921691894531,0.036039324218541516
3,12,12,SV12,39.68500900268555,1.4836921691894531,2.133251190185547,1.4836921691894531,0.03738671620533208
3,13,13,SV13,37.5517578125,2.133251190185547,1.399566650390625,1.399566650390625,0.037270336514706265
3,14,14,SV14,36.152191162109375,1.399566650390625,0.6834487915039062,0.6834487915039062,0.018904768135332824
3,15,15,SV15,35.46874237060547,0.6834487915039062,1.3802642822265625,0.6834487915039062,0.019269044962538926
3,16,16,SV16,34.088478088378906,1.3802642822265625,1.2667388916015625,1.2667388916015625,0.03716032403433717
3,17,17,SV17,32.821739196777344,1.2667388916015625,0.5484085083007812,0.5484085083007812,0.01670869739756593
3,18,18,SV18,32.27333068847656,0.5484085083007812,0.6476593017578125,0.5484085083007812,0.016992621976156762
3,19,19,SV19,31.62567138671875,0.6476593017578125,0.48473167419433594,0.48473167419433594,0.015327158379249452
3,20,20,SV20,31.140939712524414,0.48473167419433594,0.41518402099609375,0.41518402099609375,0.013332417866282725
3,21,21,SV21,30.72575569152832,0.41518402099609375,0.5541172027587891,0.41518402099609375,0.013512573137804644
3,22,22,SV22,30.17163848876953,0.5541172027587891,1.2127132415771484,0.5541172027587891,0.01836549920764304
3,23,23,SV23,28.958925247192383,1.2127132415771484,1.0422248840332031,1.0422248840332031,0.03598976395487082
3,24,24,SV24,27.91670036315918,1.0422248840332031,0.06182098388671875,0.06182098388671875,0.002214480331934286
3,25,25,SV25,27.85487937927246,0.06182098388671875,0.9995212554931641,0.06182098388671875,0.002219395138817989
3,26,26,SV26,26.855358123779297,0.9995212554931641,0.2778301239013672,0.2778301239013672,0.010345426138829265
3,27,27,SV27,26.57752799987793,0.2778301239013672,0.446746826171875,0.2778301239013672,0.010453572804161593
3,28,28,SV28,26.130781173706055,0.446746826171875,0.35158729553222656,0.35158729553222656,0.013454909487589648
3,29,29,SV29,25.779193878173828,0.35158729553222656,0.6159915924072266,0.35158729553222656,0.01363841310142366
3,30,30,SV30,25.1632022857666,0.6159915924072266,0.5994930267333984,0.5994930267333984,0.02382419454905776
3,31,31,SV31,24.563709259033203,0.5994930267333984,0.5240116119384766,0.5240116119384766,0.02133275583148231
3,32,32,SV32,24.039697647094727,0.5240116119384766,0.2433757781982422,0.2433757781982422,0.010123911780049151
3,33,33,SV33,23.796321868896484,0.2433757781982422,0.8199481964111328,0.2433757781982422,0.0102274536182145
3,34,34,SV34,22.97637367248535,0.8199481964111328,0.1868438720703125,0.1868438720703125,0.008132000059437648
3,35,35,SV35,22.78952980041504,0.1868438720703125,0.33049964904785156,0.1868438720703125,0.008198671657846567
3,36,36,SV36,22.459030151367188,0.33049964904785156,0.5519828796386719,0.33049964904785156,0.014715668789808917
3,37,37,SV37,21.907047271728516,0.5519828796386719,0.20881271362304688,0.20881271362304688,0.009531759850289083
3,38,38,SV38,21.69823455810547,0.20881271362304688,0.180755615234375,0.180755615234375,0.008330429590957342
3,39,39,SV39,21.517478942871094,0.180755615234375,0.29332542419433594,0.180755615234375,0.008400408603362929
3,40,40,SV40,21.224153518676758,0.29332542419433594,0.3042583465576172,0.29332542419433594,0.013820359145829606
3,41,41,SV41,20.91989517211914,0.3042583465576172,0.08728981018066406,0.08728981018066406,0.004172573976230962
3,42,42,SV42,20.832605361938477,0.08728981018066406,0.5454654693603516,0.08728981018066406,0.004190057300281031
3,43,43,SV43,20.287139892578125,0.5454654693603516,0.12374496459960938,0.12374496459960938,0.00609967522552947
3,44,44,SV44,20.163394927978516,0.12374496459960938,0.08417510986328125,0.08417510986328125,0.004174649664103972
3,45,45,SV45,20.079219818115234,0.08417510986328125,0.08722877502441406,0.08417510986328125,0.004192150423461148
3,46,46,SV46,19.99199104309082,0.08722877502441406,0.23799896240234375,0.08722877502441406,0.004363185979645589
3,47,47,SV47,19.753992080688477,0.23799896240234375,0.25969696044921875,0.23799896240234375,0.012048145075192765
3,48,48,SV48,19.494295120239258,0.25969696044921875,0.1836719512939453,0.1836719512939453,0.009421830856723537
3,49,49,SV49,19.310623168945312,0.1836719512939453,0.2326030731201172,0.1836719512939453,0.009511446093014766
3,50,50,SV50,19.078020095825195,0.2326030731201172,0.17392539978027344,0.17392539978027344,0.009116533000105875
3,51,51,SV51,18.904094696044922,0.17392539978027344,0.22782325744628906,0.17392539978027344,0.009200408830826571
3,52,52,SV52,18.676271438598633,0.22782325744628906,0.010366439819335938,0.010366439819335938,0.0005550593893121195
3,53,53,SV53,18.665904998779297,0.010366439819335938,0.32161903381347656,0.010366439819335938,0.0005553676513415168
3,54,54,SV54,18.34428596496582,0.32161903381347656,0.15485763549804688,0.15485763549804688,0.008441736887104584
3,55,55,SV55,18.189428329467773,0.15485763549804688,0.09132575988769531,0.09132575988769531,0.0050208152908106
3,56,56,SV56,18.098102569580078,0.09132575988769531,0.26276206970214844,0.09132575988769531,0.005046151083329522
3,57,57,SV57,17.83534049987793,0.26276206970214844,0.18700027465820312,0.18700027465820312,0.01048481662906761
3,58,58,SV58,17.648340225219727,0.18700027465820312,0.1668872833251953,0.1668872833251953,0.009456259409976188
3,59,59,SV59,17.48145294189453,0.1668872833251953,0.18078231811523438,0.1668872833251953,0.009546533911105739
3,60,60,SV60,17.300670623779297,0.18078231811523438,0.16956329345703125,0.16956329345703125,0.009800966514209638
3,61,61,SV61,17.131107330322266,0.16956329345703125,0.1863880157470703,0.16956329345703125,0.009897976247974477
3,62,62,SV62,16.944719314575195,0.1863880157470703,0.14775657653808594,0.14775657653808594,0.008719918801546121
3,63,63,SV63,16.79696273803711,0.14775657653808594,,0.14775657653808594,0.008796624654258936
4,0,0,SV00,660.443603515625,,492.0333251953125,492.0333251953125,0.7450043010124661
4,1,1,SV01,168.4102783203125,492.0333251953125,68.78688049316406,68.78688049316406,0.40844823237173794
4,2,2,SV02,99.62339782714844,68.78688049316406,37.964229583740234,37.964229583740234,0.3810774417633302
4,3,3,SV03,61.6591682434082,37.964229583740234,2.6002464294433594,2.6002464294433594,0.04217128617724006
4,4,4,SV04,59.058921813964844,2.6002464294433594,4.391628265380859,2.6002464294433594,0.04402800372201369
4,5,5,SV05,54.667293548583984,4.391628265380859,5.116020202636719,4.391628265380859,0.08033374217580254
4,6,6,SV06,49.551273345947266,5.116020202636719,3.377452850341797,3.377452850341797,0.06816076807475291
4,7,7,SV07,46.17382049560547,3.377452850341797,2.217620849609375,2.217620849609375,0.04802766645269117
4,8,8,SV08,43.956199645996094,2.217620849609375,2.5285720825195312,2.217620849609375,0.05045069563495294
4,9,9,SV09,41.42762756347656,2.5285720825195312,0.45555877685546875,0.45555877685546875,0.010996496870535223
4,10,10,SV10,40.972068786621094,0.45555877685546875,4.023372650146484,0.45555877685546875,0.011118764327668649
4,11,11,SV11,36.94869613647461,4.023372650146484,2.6267967224121094,2.6267967224121094,0.07109308303355844
4,12,12,SV12,34.3218994140625,2.6267967224121094,1.1709556579589844,1.1709556579589844,0.03411686643074351
4,13,13,SV13,33.150943756103516,1.1709556579589844,1.0705986022949219,1.0705986022949219,0.032294664374307926
4,14,14,SV14,32.080345153808594,1.0705986022949219,0.4660148620605469,0.4660148620605469,0.014526491527015923
4,15,15,SV15,31.614330291748047,0.4660148620605469,0.7445449829101562,0.4660148620605469,0.014740621033562927
4,16,16,SV16,30.86978530883789,0.7445449829101562,1.80242919921875,0.7445449829101562,0.02411889086565808
4,17,17,SV17,29.06735610961914,1.80242919921875,0.24670028686523438,0.24670028686523438,0.008487193879445914
4,18,18,SV18,28.820655822753906,0.24670028686523438,0.93975830078125,0.24670028686523438,0.008559842925935937
4,19,19,SV19,27.880897521972656,0.93975830078125,0.6307849884033203,0.6307849884033203,0.022624271256196288
4,20,20,SV20,27.250112533569336,0.6307849884033203,0.5017166137695312,0.5017166137695312,0.018411542820289933
4,21,21,SV21,26.748395919799805,0.5017166137695312,1.3533973693847656,0.5017166137695312,0.018756886030617953
4,22,22,SV22,25.39499855041504,1.3533973693847656,0.5137424468994141,0.5137424468994141,0.020230064037196717
4,23,23,SV23,24.881256103515625,0.5137424468994141,0.19417190551757812,0.19417190551757812,0.0078039430449069
4,24,24,SV24,24.687084197998047,0.19417190551757812,0.6118659973144531,0.19417190551757812,0.007865323582171933
4,25,25,SV25,24.075218200683594,0.6118659973144531,0.3854484558105469,0.3854484558105469,0.016010174969031118
4,26,26,SV26,23.689769744873047,0.3854484558105469,0.9111671447753906,0.3854484558105469,0.01627067126281233
4,27,27,SV27,22.778602600097656,0.9111671447753906,0.06624794006347656,0.06624794006347656,0.002908340833128743
4,28,28,SV28,22.71235466003418,0.06624794006347656,0.7633457183837891,0.06624794006347656,0.002916823951329442
4,29,29,SV29,21.94900894165039,0.7633457183837891,0.3343467712402344,0.3343467712402344,0.015232886921184796
4,30,30,SV30,21.614662170410156,0.3343467712402344,0.10418319702148438,0.10418319702148438,0.004820024305728365
4,31,31,SV31,21.510478973388672,0.10418319702148438,0.8255481719970703,0.10418319702148438,0.004843369464267758
4,32,32,SV32,20.6849308013916,0.8255481719970703,0.1269207000732422,0.1269207000732422,0.006135901603533692
4,33,33,SV33,20.55801010131836,0.1269207000732422,0.4430885314941406,0.1269207000732422,0.0061737833305716165
4,34,34,SV34,20.11492156982422,0.4430885314941406,0.06281089782714844,0.06281089782714844,0.0031226021741678277
4,35,35,SV35,20.05211067199707,0.06281089782714844,0.424560546875,0.06281089782714844,0.0031323833612620314
4,36,36,SV36,19.62755012512207,0.424560546875,0.2297344207763672,0.2297344207763672,0.01170469158462732
4,37,37,SV37,19.397815704345703,0.2297344207763672,0.06714057922363281,0.06714057922363281,0.003461244309512193
4,38,38,SV38,19.33067512512207,0.06714057922363281,0.32819175720214844,0.06714057922363281,0.00347326613214751
4,39,39,SV39,19.002483367919922,0.32819175720214844,0.08120918273925781,0.08120918273925781,0.00427360893662749
4,40,40,SV40,18.921274185180664,0.08120918273925781,0.5299701690673828,0.08120918273925781,0.004291951057020339
4,41,41,SV41,18.39130401611328,0.5299701690673828,0.10441970825195312,0.10441970825195312,0.00567766745416569
4,42,42,SV42,18.286884307861328,0.10441970825195312,0.05947685241699219,0.05947685241699219,0.0032524322577697803
4,43,43,SV43,18.227407455444336,0.05947685241699219,0.27890586853027344,0.05947685241699219,0.0032630450908819222
4,44,44,SV44,17.948501586914062,0.27890586853027344,0.2535552978515625,0.2535552978515625,0.014126822599855645
4,45,45,SV45,17.6949462890625,0.2535552978515625,0.22599029541015625,0.22599029541015625,0.012771459812220175
4,46,46,SV46,17.468955993652344,0.22599029541015625,0.07513999938964844,0.07513999938964844,0.004301344591912184
4,47,47,SV47,17.393815994262695,0.07513999938964844,0.08976936340332031,0.07513999938964844,0.004319926082605057
4,48,48,SV48,17.304046630859375,0.08976936340332031,0.3734893798828125,0.08976936340332031,0.005187767076588263
4,49,49,SV49,16.930557250976562,0.3734893798828125,0.107818603515625,0.107818603515625,0.006368284393557452
4,50,50,SV50,16.822738647460938,0.107818603515625,0.00836181640625,0.00836181640625,0.0004970544084100155
4,51,51,SV51,16.814376831054688,0.00836181640625,0.3999481201171875,0.00836181640625,0.0004973015943598013
4,52,52,SV52,16.4144287109375,0.3999481201171875,0.052158355712890625,0.052158355712890625,0.0031775918998713437
4,53,53,SV53,16.36227035522461,0.052158355712890625,0.08122825622558594,0.052158355712890625,0.0031877211768619887
4,54,54,SV54,16.281042098999023,0.08122825622558594,0.2344799041748047,0.08122825622558594,0.00498913126885041
4,55,55,SV55,16.04656219482422,0.2344799041748047,0.19487285614013672,0.19487285614013672,0.012144212185398347
4,56,56,SV56,15.851689338684082,0.19487285614013672,0.09421730041503906,0.09421730041503906,0.005943675680365084
4,57,57,SV57,15.757472038269043,0.09421730041503906,0.17002582550048828,0.09421730041503906,0.005979214190335877
4,58,58,SV58,15.587446212768555,0.17002582550048828,0.16206645965576172,0.16206645965576172,0.01039724259147749
4,59,59,SV59,15.425379753112793,0.16206645965576172,0.2795562744140625,0.16206645965576172,0.01050648102346117
4,60,60,SV60,15.14582347869873,0.2795562744140625,0.08742713928222656,0.08742713928222656,0.005772359581846781
4,61,61,SV61,15.058396339416504,0.08742713928222656,0.2174081802368164,0.08742713928222656,0.005805873169467544
4,62,62,SV62,14.840988159179688,0.2174081802368164,0.10181808471679688,0.10181808471679688,0.006860600091094252
4,63,63,SV63,14.73917007446289,0.10181808471679688,,0.10181808471679688,0.006907993068972523
5,0,0,SV00,473.8245849609375,,337.8158721923828,337.8158721923828,0.7129555597462987
5,1,1,SV01,136.0087127685547,337.8158721923828,66.40779876708984,66.40779876708984,0.488261357785921
5,2,2,SV02,69.60091400146484,66.40779876708984,23.071434020996094,23.071434020996094,0.3314817679048083
5,3,3,SV03,46.52947998046875,23.071434020996094,1.135406494140625,1.135406494140625,0.024401873707104057
5,4,4,SV04,45.394073486328125,1.135406494140625,3.0521469116210938,1.135406494140625,0.025012218709179933
5,5,5,SV05,42.34192657470703,3.0521469116210938,4.0091094970703125,3.0521469116210938,0.07208332635115132
5,6,6,SV06,38.33281707763672,4.0091094970703125,2.6173133850097656,2.6173133850097656,0.06827866002409462
5,7,7,SV07,35.71550369262695,2.6173133850097656,2.4812164306640625,2.4812164306640625,0.06947169083818018
5,8,8,SV08,33.23428726196289,2.4812164306640625,0.3242530822753906,0.3242530822753906,0.009756583004760353
5,9,9,SV09,32.9100341796875,0.3242530822753906,2.3766002655029297,0.3242530822753906,0.009852711805310851
5,10,10,SV10,30.53343391418457,2.3766002655029297,0.9821891784667969,0.9821891784667969,0.03216766188916971
5,11,11,SV11,29.551244735717773,0.9821891784667969,0.4268054962158203,0.4268054962158203,0.014442894031463666
5,12,12,SV12,29.124439239501953,0.4268054962158203,1.7180252075195312,0.4268054962158203,0.014654548116996432
5,13,13,SV13,27.406414031982422,1.7180252075195312,0.9909267425537109,0.9909267425537109,0.03615674569454182
5,14,14,SV14,26.41548728942871,0.9909267425537109,0.6462364196777344,0.6462364196777344,0.024464300529347175
5,15,15,SV15,25.769250869750977,0.6462364196777344,0.8652515411376953,0.6462364196777344,0.02507781165017543
5,16,16,SV16,24.90399932861328,0.8652515411376953,0.6465034484863281,0.6465034484863281,0.025959824362167098
5,17,17,SV17,24.257495880126953,0.6465034484863281,0.8310871124267578,0.6465034484863281,0.02665169775483621
5,18,18,SV18,23.426408767700195,0.8310871124267578,0.6684246063232422,0.6684246063232422,0.028532952402198795
5,19,19,SV19,22.757984161376953,0.6684246063232422,0.8468780517578125,0.6684246063232422,0.02937099356355294
5,20,20,SV20,21.91110610961914,0.8468780517578125,0.8632526397705078,0.8468780517578125,0.03865062984593127
5,21,21,SV21,21.047853469848633,0.8632526397705078,0.5546016693115234,0.5546016693115234,0.026349559593143248
5,22,22,SV22,20.49325180053711,0.5546016693115234,0.5918941497802734,0.5546016693115234,0.02706264846152858
5,23,23,SV23,19.901357650756836,0.5918941497802734,0.22907638549804688,0.22907638549804688,0.011510590861088075
5,24,24,SV24,19.67228126525879,0.22907638549804688,0.2205028533935547,0.2205028533935547,0.011208809513259772
5,25,25,SV25,19.451778411865234,0.2205028533935547,0.4027862548828125,0.2205028533935547,0.011335871133461602
5,26,26,SV26,19.048992156982422,0.4027862548828125,0.14591407775878906,0.14591407775878906,0.007659936890955365
5,27,27,SV27,18.903078079223633,0.14591407775878906,0.29466819763183594,0.14591407775878906,0.007719064437403091
5,28,28,SV28,18.608409881591797,0.29466819763183594,0.18247413635253906,0.18247413635253906,0.009806003710883969
5,29,29,SV29,18.425935745239258,0.18247413635253906,0.32212257385253906,0.18247413635253906,0.00990311368038311
5,30,30,SV30,18.10381317138672,0.32212257385253906,0.20102500915527344,0.20102500915527344,0.011104014786950837
5,31,31,SV31,17.902788162231445,0.20102500915527344,0.14768028259277344,0.14768028259277344,0.008249010224246893
5,32,32,SV32,17.755107879638672,0.14768028259277344,0.5073680877685547,0.14768028259277344,0.00831762237627017
5,33,33,SV33,17.247739791870117,0.5073680877685547,0.1606006622314453,0.1606006622314453,0.009311403358899578
5,34,34,SV34,17.087139129638672,0.1606006622314453,0.13927078247070312,0.13927078247070312,0.00815062026557328
5,35,35,SV35,16.94786834716797,0.13927078247070312,0.21837806701660156,0.13927078247070312,0.008217598792828457
5,36,36,SV36,16.729490280151367,0.21837806701660156,0.3118743896484375,0.21837806701660156,0.013053480014014253
5,37,37,SV37,16.41761589050293,0.3118743896484375,0.1368732452392578,0.1368732452392578,0.008336974512750943
5,38,38,SV38,16.280742645263672,0.1368732452392578,0.14664459228515625,0.1368732452392578,0.008407063990970734
5,39,39,SV39,16.134098052978516,0.14664459228515625,0.2320404052734375,0.14664459228515625,0.00908911002050618
5,40,40,SV40,15.902057647705078,0.2320404052734375,0.37891674041748047,0.2320404052734375,0.014591847823349116
5,41,41,SV41,15.523140907287598,0.37891674041748047,0.14992618560791016,0.14992618560791016,0.00965823775635025
5,42,42,SV42,15.373214721679688,0.14992618560791016,0.081512451171875,0.081512451171875,0.005302238513388103
5,43,43,SV43,15.291702270507812,0.081512451171875,0.26915836334228516,0.081512451171875,0.005330502106955297
5,44,44,SV44,15.022543907165527,0.26915836334228516,0.09741783142089844,0.09741783142089844,0.006484775948927771
5,45,45,SV45,14.925126075744629,0.09741783142089844,0.08860111236572266,0.08860111236572266,0.005936372792837682
5,46,46,SV46,14.836524963378906,0.08860111236572266,0.06012916564941406,0.06012916564941406,0.004052779596154172
5,47,47,SV47,14.776395797729492,0.06012916564941406,0.33379077911376953,0.06012916564941406,0.004069271456484225
5,48,48,SV48,14.442605018615723,0.33379077911376953,0.054840087890625,0.054840087890625,0.0037971050111762486
5,49,49,SV49,14.387764930725098,0.054840087890625,0.10107421875,0.054840087890625,0.0038115779729980086
5,50,50,SV50,14.286690711975098,0.10107421875,0.2216348648071289,0.10107421875,0.007074711757095689
5,51,51,SV51,14.065055847167969,0.2216348648071289,0.057582855224609375,0.057582855224609375,0.004094036728350695
5,52,52,SV52,14.00747299194336,0.057582855224609375,0.1181344985961914,0.057582855224609375,0.004110866767883768
5,53,53,SV53,13.889338493347168,0.1181344985961914,0.3246479034423828,0.1181344985961914,0.00850540856591381
5,54,54,SV54,13.564690589904785,0.3246479034423828,0.04504680633544922,0.04504680633544922,0.003320887125060876
5,55,55,SV55,13.519643783569336,0.04504680633544922,0.07098007202148438,0.04504680633544922,0.0033319521620973035
5,56,56,SV56,13.448663711547852,0.07098007202148438,0.2282276153564453,0.07098007202148438,0.00527785314168697
5,57,57,SV57,13.220436096191406,0.2282276153564453,0.1384592056274414,0.1384592056274414,0.010473119390314914
5,58,58,SV58,13.081976890563965,0.1384592056274414,0.059513092041015625,0.059513092041015625,0.004549243018762894
5,59,59,SV59,13.02246379852295,0.059513092041015625,0.23821449279785156,0.059513092041015625,0.004570033210441007
5,60,60,SV60,12.784249305725098,0.23821449279785156,0.15775680541992188,0.15775680541992188,0.012339934997143285
5,61,61,SV61,12.626492500305176,0.15775680541992188,0.03491401672363281,0.03491401672363281,0.0027651397823100087
5,62,62,SV62,12.591578483581543,0.03491401672363281,0.07378959655761719,0.03491401672363281,0.0027728069812023985
5,63,63,SV63,12.517788887023926,0.07378959655761719,,0.07378959655761719,0.005894778800280637
6,0,0,SV00,383.9949035644531,,263.3231887817383,263.3231887817383,0.6857465719920415
6,1,1,SV01,120.67171478271484,263.3231887817383,61.77986526489258,61.77986526489258,0.5119664154614466
6,2,2,SV02,58.891849517822266,61.77986526489258,15.573905944824219,15.573905944824219,0.2644492586382626
6,3,3,SV03,43.31794357299805,15.573905944824219,5.118373870849609,5.118373870849609,0.11815828381197933
6,4,4,SV04,38.19956970214844,5.118373870849609,1.464080810546875,1.464080810546875,0.03832715451934872
6,5,5,SV05,36.73548889160156,1.464080810546875,3.3353500366210938,1.464080810546875,0.03985467063925729
6,6,6,SV06,33.40013885498047,3.3353500366210938,0.5759391784667969,0.5759391784667969,0.017243616290562685
6,7,7,SV07,32.82419967651367,0.5759391784667969,1.660247802734375,0.5759391784667969,0.017546175813660192
6,8,8,SV08,31.163951873779297,1.660247802734375,1.6886348724365234,1.660247802734375,0.053274623496363215
6,9,9,SV09,29.475317001342773,1.6886348724365234,1.0741653442382812,1.0741653442382812,0.03644287673612965
6,10,10,SV10,28.401151657104492,1.0741653442382812,0.4110393524169922,0.4110393524169922,0.014472629750356321
6,11,11,SV11,27.9901123046875,0.4110393524169922,1.1326465606689453,0.4110393524169922,0.01468516267253974
6,12,12,SV12,26.857465744018555,1.1326465606689453,0.46588897705078125,0.46588897705078125,0.01734672144763099
6,13,13,SV13,26.391576766967773,0.46588897705078125,1.6859207153320312,0.46588897705078125,0.017652942117270434
6,14,14,SV14,24.705656051635742,1.6859207153320312,0.17200088500976562,0.17200088500976562,0.00696200435439874
6,15,15,SV15,24.533655166625977,0.17200088500976562,1.5199050903320312,0.17200088500976562,0.007010813669695035
6,16,16,SV16,23.013750076293945,1.5199050903320312,0.7464523315429688,0.7464523315429688,0.032435058565786545
6,17,17,SV17,22.267297744750977,0.7464523315429688,0.5190792083740234,0.5190792083740234,0.02331127981150676
6,18,18,SV18,21.748218536376953,0.5190792083740234,0.9577732086181641,0.5190792083740234,0.023867665643776317
6,19,19,SV19,20.79044532775879,0.9577732086181641,0.8006153106689453,0.8006153106689453,0.03850881008306192
6,20,20,SV20,19.989830017089844,0.8006153106689453,0.4662055969238281,0.4662055969238281,0.023322139134012466
6,21,21,SV21,19.523624420166016,0.4662055969238281,0.20318603515625,0.20318603515625,0.010407188275266066
6,22,22,SV22,19.320438385009766,0.20318603515625,0.11800003051757812,0.11800003051757812,0.006107523450872177
6,23,23,SV23,19.202438354492188,0.11800003051757812,0.4347381591796875,0.11800003051757812,0.006145054515432067
6,24,24,SV24,18.7677001953125,0.4347381591796875,0.4247417449951172,0.4247417449951172,0.022631528667598946
6,25,25,SV25,18.342958450317383,0.4247417449951172,0.16022682189941406,0.16022682189941406,0.008735058869232825
6,26,26,SV26,18.18273162841797,0.16022682189941406,0.5465373992919922,0.16022682189941406,0.008812032491806347
6,27,27,SV27,17.636194229125977,0.5465373992919922,0.388031005859375,0.388031005859375,0.022001969405539102
6,28,28,SV28,17.2481632232666,0.388031005859375,0.16181182861328125,0.16181182861328125,0.009381394790780278
6,29,29,SV29,17.08635139465332,0.16181182861328125,0.15733909606933594,0.15733909606933594,0.00920846659624305
6,30,30,SV30,16.929012298583984,0.15733909606933594,0.15643310546875,0.15643310546875,0.009240533511918751
6,31,31,SV31,16.772579193115234,0.15643310546875,0.4304676055908203,0.15643310546875,0.009326717356204958
6,32,32,SV32,16.342111587524414,0.4304676055908203,0.10045242309570312,0.10045242309570312,0.006146844767134537
6,33,33,SV33,16.24165916442871,0.10045242309570312,0.186065673828125,0.10045242309570312,0.006184862154705637
6,34,34,SV34,16.055593490600586,0.186065673828125,0.09679222106933594,0.09679222106933594,0.006028566999158326
6,35,35,SV35,15.95880126953125,0.09679222106933594,0.47855186462402344,0.09679222106933594,0.0060651310480401115
6,36,36,SV36,15.480249404907227,0.47855186462402344,0.2131977081298828,0.2131977081298828,0.013772239875043571
6,37,37,SV37,15.267051696777344,0.2131977081298828,0.34284210205078125,0.2131977081298828,0.013964563189033139
6,38,38,SV38,14.924209594726562,0.34284210205078125,0.10986042022705078,0.10986042022705078,0.00736122201512566
6,39,39,SV39,14.814349174499512,0.10986042022705078,0.2807798385620117,0.10986042022705078,0.007415811449628688
6,40,40,SV40,14.5335693359375,0.2807798385620117,0.21781539916992188,0.21781539916992188,0.014987054737567089
6,41,41,SV41,14.315753936767578,0.21781539916992188,0.16089725494384766,0.16089725494384766,0.011239174384704283
6,42,42,SV42,14.15485668182373,0.16089725494384766,0.10749053955078125,0.10749053955078125,0.007593898120410501
6,43,43,SV43,14.04736614227295,0.10749053955078125,0.13653087615966797,0.10749053955078125,0.007652006679551717
6,44,44,SV44,13.910835266113281,0.13653087615966797,0.10742568969726562,0.10742568969726562,0.007722447117101158
6,45,45,SV45,13.803409576416016,0.10742568969726562,0.18192005157470703,0.10742568969726562,0.0077825474280506105
6,46,46,SV46,13.621489524841309,0.18192005157470703,0.16512584686279297,0.16512584686279297,0.012122451554336654
6,47,47,SV47,13.456363677978516,0.16512584686279297,0.2075672149658203,0.16512584686279297,0.012271208687159904
6,48,48,SV48,13.248796463012695,0.2075672149658203,0.1610431671142578,0.1610431671142578,0.012155305394255984
6,49,49,SV49,13.087753295898438,0.1610431671142578,0.07522106170654297,0.07522106170654297,0.005747438846521996
6,50,50,SV50,13.012532234191895,0.07522106170654297,0.1544647216796875,0.07522106170654297,0.005780662852760599
6,51,51,SV51,12.858067512512207,0.1544647216796875,0.11771488189697266,0.11771488189697266,0.009154943523389041
6,52,52,SV52,12.740352630615234,0.11771488189697266,0.09404468536376953,0.09404468536376953,0.007381639118667635
6,53,53,SV53,12.646307945251465,0.09404468536376953,0.12253475189208984,0.09404468536376953,0.007436532920984434
6,54,54,SV54,12.523773193359375,0.12253475189208984,0.19045448303222656,0.12253475189208984,0.00978417207020827
6,55,55,SV55,12.333318710327148,0.19045448303222656,0.02142333984375,0.02142333984375,0.0017370296144063348
6,56,56,SV56,12.311895370483398,0.02142333984375,0.10161304473876953,0.02142333984375,0.0017400521364980429
6,57,57,SV57,12.210282325744629,0.10161304473876953,0.1439208984375,0.10161304473876953,0.008321924262514772
6,58,58,SV58,12.066361427307129,0.1439208984375,0.12882328033447266,0.12882328033447266,0.01067623252548489
6,59,59,SV59,11.937538146972656,0.12882328033447266,0.09476852416992188,0.09476852416992188,0.007938699169221507
6,60,60,SV60,11.842769622802734,0.09476852416992188,0.024918556213378906,0.024918556213378906,0.002104115591795294
6,61,61,SV61,11.817851066589355,0.024918556213378906,0.2520780563354492,0.024918556213378906,0.002108552229417326
6,62,62,SV62,11.565773010253906,0.2520780563354492,0.1007089614868164,0.1007089614868164,0.008707499394768557
6,63,63,SV63,11.46506404876709,0.1007089614868164,,0.1007089614868164,0.008783985947086468
7,0,0,SV00,280.85479736328125,,180.0104217529297,180.0104217529297,0.640937678269704
7,1,1,SV01,100.84437561035156,180.0104217529297,50.89305877685547,50.89305877685547,0.5046692834263664
7,2,2,SV02,49.951316833496094,50.89305877685547,9.169780731201172,9.169780731201172,0.18357435424109075
7,3,3,SV03,40.78153610229492,9.169780731201172,6.850250244140625,6.850250244140625,0.16797430648413308
7,4,4,SV04,33.9312858581543,6.850250244140625,1.7707061767578125,1.7707061767578125,0.052185059657333326
7,5,5,SV05,32.160579681396484,1.7707061767578125,1.8581104278564453,1.7707061767578125,0.05505827924432873
7,6,6,SV06,30.30246925354004,1.8581104278564453,1.474142074584961,1.474142074584961,0.04864758915357192
7,7,7,SV07,28.828327178955078,1.474142074584961,0.6480789184570312,0.6480789184570312,0.02248062866894803
7,8,8,SV08,28.180248260498047,0.6480789184570312,0.6325912475585938,0.6325912475585938,0.022448036713904152
7,9,9,SV09,27.547657012939453,0.6325912475585938,1.192892074584961,0.6325912475585938,0.02296352271488854
7,10,10,SV10,26.354764938354492,1.192892074584961,0.6209640502929688,0.6209640502929688,0.02356173738393964
7,11,11,SV11,25.733800888061523,0.6209640502929688,0.5585575103759766,0.5585575103759766,0.021705208367999135
7,12,12,SV12,25.175243377685547,0.5585575103759766,1.2047538757324219,0.5585575103759766,0.02218677698548338
7,13,13,SV13,23.970489501953125,1.2047538757324219,1.2956771850585938,1.2047538757324219,0.050259877906717675
7,14,14,SV14,22.67481231689453,1.2956771850585938,0.44647789001464844,0.44647789001464844,0.019690477864815096
7,15,15,SV15,22.228334426879883,0.44647789001464844,1.1030044555664062,0.44647789001464844,0.020085980417621378
7,16,16,SV16,21.125329971313477,1.1030044555664062,0.18401527404785156,0.18401527404785156,0.00871064614364508
7,17,17,SV17,20.941314697265625,0.18401527404785156,0.6654548645019531,0.18401527404785156,0.008787188230922246
7,18,18,SV18,20.275859832763672,0.6654548645019531,0.7348270416259766,0.6654548645019531,0.03282005646076955
7,19,19,SV19,19.541032791137695,0.7348270416259766,0.6966571807861328,0.6966571807861328,0.035650990826957864
7,20,20,SV20,18.844375610351562,0.6966571807861328,0.42162322998046875,0.42162322998046875,0.022373955958979258
7,21,21,SV21,18.422752380371094,0.42162322998046875,0.11035346984863281,0.11035346984863281,0.005990064218971494
7,22,22,SV22,18.31239891052246,0.11035346984863281,0.44170188903808594,0.11035346984863281,0.006026161312225607
7,23,23,SV23,17.870697021484375,0.44170188903808594,0.09258842468261719,0.09258842468261719,0.005181019216615123
7,24,24,SV24,17.778108596801758,0.09258842468261719,0.40553855895996094,0.09258842468261719,0.005208001974927391
7,25,25,SV25,17.372570037841797,0.40553855895996094,0.12517929077148438,0.12517929077148438,0.007205571225144732
7,26,26,SV26,17.247390747070312,0.12517929077148438,0.3429527282714844,0.12517929077148438,0.00725786831221109
7,27,27,SV27,16.904438018798828,0.3429527282714844,0.5681400299072266,0.3429527282714844,0.020287733191135887
7,28,28,SV28,16.3362979888916,0.5681400299072266,0.041576385498046875,0.041576385498046875,0.0025450310423033476
7,29,29,SV29,16.294721603393555,0.041576385498046875,0.35845184326171875,0.041576385498046875,0.002551524752002399
7,30,30,SV30,15.936269760131836,0.35845184326171875,0.3314208984375,0.3314208984375,0.020796642089143343
7,31,31,SV31,15.604848861694336,0.3314208984375,0.09302711486816406,0.09302711486816406,0.005961423637784814
7,32,32,SV32,15.511821746826172,0.09302711486816406,0.22609806060791016,0.09302711486816406,0.005997175340620328
7,33,33,SV33,15.285723686218262,0.22609806060791016,0.11495208740234375,0.11495208740234375,0.007520225392140611
7,34,34,SV34,15.170771598815918,0.11495208740234375,0.2548484802246094,0.11495208740234375,0.007577207701901977
7,35,35,SV35,14.915923118591309,0.2548484802246094,0.1852731704711914,0.1852731704711914,0.012421166896486993
7,36,36,SV36,14.730649948120117,0.1852731704711914,0.4511117935180664,0.1852731704711914,0.012577392791472547
7,37,37,SV37,14.27953815460205,0.4511117935180664,0.20584774017333984,0.20584774017333984,0.01441557408542647
7,38,38,SV38,14.073690414428711,0.20584774017333984,0.4049243927001953,0.20584774017333984,0.014626422360570006
7,39,39,SV39,13.668766021728516,0.4049243927001953,0.17419910430908203,0.17419910430908203,0.012744318253174201
7,40,40,SV40,13.494566917419434,0.17419910430908203,0.016389846801757812,0.016389846801757812,0.001214551522998564
7,41,41,SV41,13.478177070617676,0.016389846801757812,0.09955978393554688,0.016389846801757812,0.001216028452207202
7,42,42,SV42,13.378617286682129,0.09955978393554688,0.2464733123779297,0.09955978393554688,0.007441709543082199
7,43,43,SV43,13.1321439743042,0.2464733123779297,0.1346893310546875,0.1346893310546875,0.010256461649996794
7,44,44,SV44,12.997454643249512,0.1346893310546875,0.18480587005615234,0.1346893310546875,0.010362746764778372
7,45,45,SV45,12.81264877319336,0.18480587005615234,0.12170696258544922,0.12170696258544922,0.009498969708752547
7,46,46,SV46,12.69094181060791,0.12170696258544922,0.22878360748291016,0.12170696258544922,0.009590065449966736
7,47,47,SV47,12.462158203125,0.22878360748291016,0.014415740966796875,0.014415740966796875,0.001156761191105887
7,48,48,SV48,12.447742462158203,0.014415740966796875,0.18684959411621094,0.014415740966796875,0.0011581008372097583
7,49,49,SV49,12.260892868041992,0.18684959411621094,0.11728286743164062,0.11728286743164062,0.00956560575921337
7,50,50,SV50,12.143610000610352,0.11728286743164062,0.12299156188964844,0.11728286743164062,0.00965799028672247
7,51,51,SV51,12.020618438720703,0.12299156188964844,0.015139579772949219,0.015139579772949219,0.0012594676264061212
7,52,52,SV52,12.005478858947754,0.015139579772949219,0.1902904510498047,0.015139579772949219,0.0012610558854689582
7,53,53,SV53,11.81518840789795,0.1902904510498047,0.06163501739501953,0.06163501739501953,0.005216592005745685
7,54,54,SV54,11.75355339050293,0.06163501739501953,0.09427547454833984,0.06163501739501953,0.005243947540564343
7,55,55,SV55,11.65927791595459,0.09427547454833984,0.04622840881347656,0.04622840881347656,0.003964946126742332
7,56,56,SV56,11.613049507141113,0.04622840881347656,0.17255496978759766,0.04622840881347656,0.003980729504773894
7,57,57,SV57,11.440494537353516,0.17255496978759766,0.13648319244384766,0.13648319244384766,0.01192983327759359
7,58,58,SV58,11.304011344909668,0.13648319244384766,0.18649578094482422,0.13648319244384766,0.012073872564300607
7,59,59,SV59,11.117515563964844,0.18649578094482422,0.07729244232177734,0.07729244232177734,0.006952312490778516
7,60,60,SV60,11.040223121643066,0.07729244232177734,0.12217521667480469,0.07729244232177734,0.00700098552992598
7,61,61,SV61,10.918047904968262,0.12217521667480469,0.13104820251464844,0.12217521667480469,0.011190207053333116
7,62,62,SV62,10.786999702453613,0.13104820251464844,0.06916046142578125,0.06916046142578125,0.006411464108045725
7,63,63,SV63,10.717839241027832,0.06916046142578125,,0.06916046142578125,0.006452836235967728
8,0,0,SV00,257.701904296875,,163.87106323242188,163.87106323242188,0.6358938777714304
8,1,1,SV01,93.83084106445312,163.87106323242188,46.061302185058594,46.061302185058594,0.4908972536377323
8,2,2,SV02,47.76953887939453,46.061302185058594,8.995697021484375,8.995697021484375,0.1883145040230791
8,3,3,SV03,38.773841857910156,8.995697021484375,5.95849609375,5.95849609375,0.15367309011021876
8,4,4,SV04,32.815345764160156,5.95849609375,1.4255619049072266,1.4255619049072266,0.0434419285157793
8,5,5,SV05,31.38978385925293,1.4255619049072266,3.706043243408203,1.4255619049072266,0.04541483660095373
8,6,6,SV06,27.683740615844727,3.706043243408203,0.6874008178710938,0.6874008178710938,0.024830489037224308
8,7,7,SV07,26.996339797973633,0.6874008178710938,0.07808303833007812,0.07808303833007812,0.0028923564792268284
8,8,8,SV08,26.918256759643555,0.07808303833007812,0.7884254455566406,0.07808303833007812,0.0029007464720799433
8,9,9,SV09,26.129831314086914,0.7884254455566406,1.0187549591064453,0.7884254455566406,0.030173384438635497
8,10,10,SV10,25.11107635498047,1.0187549591064453,0.5476016998291016,0.5476016998291016,0.021807177521504035
8,11,11,SV11,24.563474655151367,0.5476016998291016,1.0474071502685547,0.5476016998291016,0.022293332173763145
8,12,12,SV12,23.516067504882812,1.0474071502685547,0.521087646484375,0.521087646484375,0.022158791914344427
8,13,13,SV13,22.994979858398438,0.521087646484375,1.2237186431884766,0.521087646484375,0.022660930763723136
8,14,14,SV14,21.77126121520996,1.2237186431884766,0.9323368072509766,0.9323368072509766,0.042824198287585755
8,15,15,SV15,20.838924407958984,0.9323368072509766,0.4602508544921875,0.4602508544921875,0.022086113730342267
8,16,16,SV16,20.378673553466797,0.4602508544921875,0.4443359375,0.4443359375,0.02180396758082471
8,17,17,SV17,19.934337615966797,0.4443359375,0.2493877410888672,0.2493877410888672,0.01251046038716206
8,18,18,SV18,19.68494987487793,0.2493877410888672,0.5008010864257812,0.2493877410888672,0.012668954844895875
8,19,19,SV19,19.18414878845215,0.5008010864257812,0.8723773956298828,0.5008010864257812,0.02610494173852724
8,20,20,SV20,18.311771392822266,0.8723773956298828,0.13853836059570312,0.13853836059570312,0.007565535721465294
8,21,21,SV21,18.173233032226562,0.13853836059570312,0.3443317413330078,0.13853836059570312,0.0076232093843749925
8,22,22,SV22,17.828901290893555,0.3443317413330078,0.28153228759765625,0.28153228759765625,0.015790781664232676
8,23,23,SV23,17.5473690032959,0.28153228759765625,0.3510456085205078,0.28153228759765625,0.016044131034389054
8,24,24,SV24,17.19632339477539,0.3510456085205078,0.3529701232910156,0.3510456085205078,0.02041399201803584
8,25,25,SV25,16.843353271484375,0.3529701232910156,0.4136180877685547,0.3529701232910156,0.020956048216870832
8,26,26,SV26,16.42973518371582,0.4136180877685547,0.28367042541503906,0.28367042541503906,0.017265672406953727
8,27,27,SV27,16.14606475830078,0.28367042541503906,0.0850830078125,0.0850830078125,0.005269581726950423
8,28,28,SV28,16.06098175048828,0.0850830078125,0.0980672836303711,0.0850830078125,0.005297497322037199
8,29,29,SV29,15.96291446685791,0.0980672836303711,0.34879302978515625,0.0980672836303711,0.006143444784721342
8,30,30,SV30,15.614121437072754,0.34879302978515625,0.30672168731689453,0.30672168731689453,0.019643864597379292
8,31,31,SV31,15.30739974975586,0.30672168731689453,0.2913799285888672,0.2913799285888672,0.019035233504861887
8,32,32,SV32,15.016019821166992,0.2913799285888672,0.20876407623291016,0.20876407623291016,0.013902757103359082
8,33,33,SV33,14.807255744934082,0.20876407623291016,0.2388467788696289,0.20876407623291016,0.014098768862308153
8,34,34,SV34,14.568408966064453,0.2388467788696289,0.1578836441040039,0.1578836441040039,0.010837397856675835
8,35,35,SV35,14.41052532196045,0.1578836441040039,0.11602973937988281,0.11602973937988281,0.008051735574348778
8,36,36,SV36,14.294495582580566,0.11602973937988281,0.3769693374633789,0.11602973937988281,0.00811709225481716
8,37,37,SV37,13.917526245117188,0.3769693374633789,0.2213611602783203,0.2213611602783203,0.015905208754751404
8,38,38,SV38,13.696165084838867,0.2213611602783203,0.3777952194213867,0.2213611602783203,0.016162273082073075
8,39,39,SV39,13.31836986541748,0.3777952194213867,0.17351627349853516,0.17351627349853516,0.013028341700367404
8,40,40,SV40,13.144853591918945,0.17351627349853516,0.10147857666015625,0.10147857666015625,0.007720023349863873
8,41,41,SV41,13.043375015258789,0.10147857666015625,0.3140993118286133,0.10147857666015625,0.007780085793856388
8,42,42,SV42,12.729275703430176,0.3140993118286133,0.19585800170898438,0.19585800170898438,0.015386421527204902
8,43,43,SV43,12.533417701721191,0.19585800170898438,0.21030616760253906,0.19585800170898438,0.015626863028915694
8,44,44,SV44,12.323111534118652,0.21030616760253906,0.13759422302246094,0.13759422302246094,0.011165542293560168
8,45,45,SV45,12.185517311096191,0.13759422302246094,0.06257247924804688,0.06257247924804688,0.005134987514323095
8,46,46,SV46,12.122944831848145,0.06257247924804688,0.14342403411865234,0.06257247924804688,0.005161491709808242
8,47,47,SV47,11.979520797729492,0.14342403411865234,0.05495452880859375,0.05495452880859375,0.004587372878805755
8,48,48,SV48,11.924566268920898,0.05495452880859375,0.07812881469726562,0.05495452880859375,0.00460851385025401
8,49,49,SV49,11.846437454223633,0.07812881469726562,0.2241353988647461,0.07812881469726562,0.00659513165870894
8,50,50,SV50,11.622302055358887,0.2241353988647461,0.06319618225097656,0.06319618225097656,0.005437492671414236
8,51,51,SV51,11.55910587310791,0.06319618225097656,0.3004159927368164,0.06319618225097656,0.005467220643596798
8,52,52,SV52,11.258689880371094,0.3004159927368164,0.10070133209228516,0.10070133209228516,0.008944320623650215
8,53,53,SV53,11.157988548278809,0.10070133209228516,0.15871620178222656,0.10070133209228516,0.009025043506413975
8,54,54,SV54,10.999272346496582,0.15871620178222656,0.061348915100097656,0.061348915100097656,0.005577543056258455
8,55,55,SV55,10.937923431396484,0.061348915100097656,0.1038522720336914,0.061348915100097656,0.005608826527711852
8,56,56,SV56,10.834071159362793,0.1038522720336914,0.04461097717285156,0.04461097717285156,0.004117655913151244
8,57,57,SV57,10.789460182189941,0.04461097717285156,0.11080074310302734,0.04461097717285156,0.004134681107261555
8,58,58,SV58,10.678659439086914,0.11080074310302734,0.06743526458740234,0.06743526458740234,0.006314956008482694
8,59,59,SV59,10.611224174499512,0.06743526458740234,0.04788017272949219,0.04788017272949219,0.004512219508523436
8,60,60,SV60,10.56334400177002,0.04788017272949219,0.19377613067626953,0.04788017272949219,0.004532671919182909
8,61,61,SV61,10.36956787109375,0.19377613067626953,0.13920211791992188,0.13920211791992188,0.013424100179522646
8,62,62,SV62,10.230365753173828,0.13920211791992188,0.27395057678222656,0.13920211791992188,0.013606758671041294
8,63,63,SV63,9.956415176391602,0.27395057678222656,,0.27395057678222656,0.027514981238609976
9,0,0,SV00,174.5355682373047,,114.55226135253906,114.55226135253906,0.6563261718481919
9,1,1,SV01,59.983306884765625,114.55226135253906,16.467761993408203,16.467761993408203,0.2745390817656076
9,2,2,SV02,43.51554489135742,16.467761993408203,7.456642150878906,7.456642150878906,0.1713558262799063
9,3,3,SV03,36.058902740478516,7.456642150878906,4.566902160644531,4.566902160644531,0.12665116832625858
9,4,4,SV04,31.492000579833984,4.566902160644531,3.118398666381836,3.118398666381836,0.099021929663583
9,5,5,SV05,28.37360191345215,3.118398666381836,2.2540740966796875,2.2540740966796875,0.07944264896488215
9,6,6,SV06,26.11952781677246,2.2540740966796875,0.034191131591796875,0.034191131591796875,0.00130902563904089
9,7,7,SV07,26.085336685180664,0.034191131591796875,2.3398704528808594,0.034191131591796875,0.00131074143318308
9,8,8,SV08,23.745466232299805,2.3398704528808594,0.6107139587402344,0.6107139587402344,0.025719181622532634
9,9,9,SV09,23.13475227355957,0.6107139587402344,1.9228153228759766,0.6107139587402344,0.026398119656470754
9,10,10,SV10,21.211936950683594,1.9228153228759766,0.6998081207275391,0.6998081207275391,0.032991240844933135
9,11,11,SV11,20.512128829956055,0.6998081207275391,0.22827720642089844,0.22827720642089844,0.011128889074035106
9,12,12,SV12,20.283851623535156,0.22827720642089844,0.576629638671875,0.22827720642089844,0.011254135095133047
9,13,13,SV13,19.70722198486328,0.576629638671875,0.7384376525878906,0.576629638671875,0.02925981343868621
9,14,14,SV14,18.96878433227539,0.7384376525878906,0.3976020812988281,0.3976020812988281,0.020960862558930995
9,15,15,SV15,18.571182250976562,0.3976020812988281,0.29471778869628906,0.29471778869628906,0.01586962987672965
9,16,16,SV16,18.276464462280273,0.29471778869628906,0.5601425170898438,0.29471778869628906,0.01612553616726801
9,17,17,SV17,17.71632194519043,0.5601425170898438,0.5653553009033203,0.5601425170898438,0.031617314181960295
9,18,18,SV18,17.15096664428711,0.5653553009033203,0.11478424072265625,0.11478424072265625,0.006692581421402871
9,19,19,SV19,17.036182403564453,0.11478424072265625,0.49222373962402344,0.11478424072265625,0.006737673852249911
9,20,20,SV20,16.54395866394043,0.49222373962402344,0.4956703186035156,0.49222373962402344,0.029752476394714702
9,21,21,SV21,16.048288345336914,0.4956703186035156,0.16400623321533203,0.16400623321533203,0.010219546763252584
9,22,22,SV22,15.884282112121582,0.16400623321533203,0.2581596374511719,0.16400623321533203,0.010325064240087748
9,23,23,SV23,15.62612247467041,0.2581596374511719,0.16949462890625,0.16949462890625,0.010846877027938117
9,24,24,SV24,15.45662784576416,0.16949462890625,0.44190120697021484,0.16949462890625,0.010965821950141568
9,25,25,SV25,15.014726638793945,0.44190120697021484,0.5166797637939453,0.44190120697021484,0.029431185635339044
9,26,26,SV26,14.498046875,0.5166797637939453,0.07496833801269531,0.07496833801269531,0.005170926722686245
9,27,27,SV27,14.423078536987305,0.07496833801269531,0.16723346710205078,0.07496833801269531,0.005197804187257425
9,28,28,SV28,14.255845069885254,0.16723346710205078,0.16891956329345703,0.16723346710205078,0.01173087012956692
9,29,29,SV29,14.086925506591797,0.16891956329345703,0.28619861602783203,0.16891956329345703,0.0119912299681299
9,30,30,SV30,13.800726890563965,0.28619861602783203,0.25050926208496094,0.25050926208496094,0.018151888960011433
9,31,31,SV31,13.550217628479004,0.25050926208496094,0.21465301513671875,0.21465301513671875,0.015841296503280835
9,32,32,SV32,13.335564613342285,0.21465301513671875,0.1522808074951172,0.1522808074951172,0.011419149613114967
9,33,33,SV33,13.183283805847168,0.1522808074951172,0.1117563247680664,0.1117563247680664,0.008477123485614354
9,34,34,SV34,13.071527481079102,0.1117563247680664,0.2042074203491211,0.1117563247680664,0.00854959949629701
9,35,35,SV35,12.86732006072998,0.2042074203491211,0.18013668060302734,0.18013668060302734,0.01399954922647723
9,36,36,SV36,12.687183380126953,0.18013668060302734,0.3301420211791992,0.18013668060302734,0.01419831929640043
9,37,37,SV37,12.357041358947754,0.3301420211791992,0.36847400665283203,0.3301420211791992,0.02671691480098048
9,38,38,SV38,11.988567352294922,0.36847400665283203,0.07234573364257812,0.07234573364257812,0.006034560387128265
9,39,39,SV39,11.916221618652344,0.07234573364257812,0.13464069366455078,0.07234573364257812,0.006071197394427111
9,40,40,SV40,11.781580924987793,0.13464069366455078,0.06815624237060547,0.06815624237060547,0.00578498274591074
9,41,41,SV41,11.713424682617188,0.06815624237060547,0.22716999053955078,0.06815624237060547,0.005818643498152155
9,42,42,SV42,11.486254692077637,0.22716999053955078,0.16077613830566406,0.16077613830566406,0.013997263913759066
9,43,43,SV43,11.325478553771973,0.16077613830566406,0.1793355941772461,0.16077613830566406,0.01419596863322983
9,44,44,SV44,11.146142959594727,0.1793355941772461,0.1466350555419922,0.1466350555419922,0.013155676907568017
9,45,45,SV45,10.999507904052734,0.1466350555419922,0.16308212280273438,0.1466350555419922,0.013331055972782651
9,46,46,SV46,10.83642578125,0.16308212280273438,0.06049156188964844,0.06049156188964844,0.0055822429932861715
9,47,47,SV47,10.775934219360352,0.06049156188964844,0.19626617431640625,0.06049156188964844,0.005613579357320831
9,48,48,SV48,10.579668045043945,0.19626617431640625,0.13699626922607422,0.13699626922607422,0.012949013961761327
9,49,49,SV49,10.442671775817871,0.13699626922607422,0.08965492248535156,0.08965492248535156,0.008585439091647575
9,50,50,SV50,10.35301685333252,0.08965492248535156,0.11741161346435547,0.08965492248535156,0.008659787166915763
9,51,51,SV51,10.235605239868164,0.11741161346435547,0.2967538833618164,0.11741161346435547,0.011470900910386004
9,52,52,SV52,9.938851356506348,0.2967538833618164,0.042061805725097656,0.042061805725097656,0.004232059039454535
9,53,53,SV53,9.89678955078125,0.042061805725097656,0.04041862487792969,0.04041862487792969,0.004084013777451603
9,54,54,SV54,9.85637092590332,0.04041862487792969,0.11415863037109375,0.04041862487792969,0.004100761343275581
9,55,55,SV55,9.742212295532227,0.11415863037109375,0.29596710205078125,0.11415863037109375,0.011717937046336677
9,56,56,SV56,9.446245193481445,0.29596710205078125,0.06742572784423828,0.06742572784423828,0.007137833759679099
9,57,57,SV57,9.378819465637207,0.06742572784423828,0.1459970474243164,0.06742572784423828,0.0071891487080306335
9,58,58,SV58,9.23282241821289,0.1459970474243164,0.2731332778930664,0.1459970474243164,0.015812829578127602
9,59,59,SV59,8.959689140319824,0.2731332778930664,0.04673576354980469,0.04673576354980469,0.005216226011624373
9,60,60,SV60,8.91295337677002,0.04673576354980469,0.019919395446777344,0.019919395446777344,0.002234881593647017
9,61,61,SV61,8.893033981323242,0.019919395446777344,0.24759387969970703,0.019919395446777344,0.0022398874769410733
9,62,62,SV62,8.645440101623535,0.24759387969970703,0.027355194091796875,0.027355194091796875,0.0031641181675250768
9,63,63,SV63,8.618084907531738,0.027355194091796875,,0.027355194091796875,0.0031741615898782712
10,0,0,SV00,145.0652313232422,,89.08023071289062,89.08023071289062,0.6140701662302336
10,1,1,SV01,55.98500061035156,89.08023071289062,14.35137939453125,14.35137939453125,0.2563432926332361
10,2,2,SV02,41.63362121582031,14.35137939453125,5.962589263916016,5.962589263916016,0.14321572541113234
10,3,3,SV03,35.6710319519043,5.962589263916016,4.582799911499023,4.582799911499023,0.12847399306187918
10,4,4,SV04,31.088232040405273,4.582799911499023,3.0396080017089844,3.0396080017089844,0.09777358833909937
10,5,5,SV05,28.04862403869629,3.0396080017089844,1.9901657104492188,1.9901657104492188,0.07095412978916746
10,6,6,SV06,26.05845832824707,1.9901657104492188,0.4086647033691406,0.4086647033691406,0.015682612463921275
10,7,7,SV07,25.64979362487793,0.4086647033691406,2.0769615173339844,0.4086647033691406,0.01593247529963647
10,8,8,SV08,23.572832107543945,2.0769615173339844,0.8291721343994141,0.8291721343994141,0.03517490518816602
10,9,9,SV09,22.74365997314453,0.8291721343994141,1.6487503051757812,0.8291721343994141,0.036457286794583266
10,10,10,SV10,21.09490966796875,1.6487503051757812,0.8071842193603516,0.8071842193603516,0.03826440748338488
10,11,11,SV11,20.2877254486084,0.8071842193603516,0.2444019317626953,0.2444019317626953,0.012046788211019469
10,12,12,SV12,20.043323516845703,0.2444019317626953,0.4423828125,0.2444019317626953,0.012193682926750354
10,13,13,SV13,19.600940704345703,0.4423828125,0.8803787231445312,0.4423828125,0.022569468433824697
10,14,14,SV14,18.720561981201172,0.8803787231445312,0.24051475524902344,0.24051475524902344,0.012847624739606841
10,15,15,SV15,18.48004722595215,0.24051475524902344,0.31641197204589844,0.24051475524902344,0.01301483444865122
10,16,16,SV16,18.16363525390625,0.31641197204589844,0.5460014343261719,0.31641197204589844,0.01742007960536706
10,17,17,SV17,17.617633819580078,0.5460014343261719,0.5363426208496094,0.5363426208496094,0.03044351053848804
10,18,18,SV18,17.08129119873047,0.5363426208496094,0.126922607421875,0.126922607421875,0.007430504283616935
10,19,19,SV19,16.954368591308594,0.126922607421875,0.5671958923339844,0.126922607421875,0.0074861300046844565
10,20,20,SV20,16.38717269897461,0.5671958923339844,0.38814544677734375,0.38814544677734375,0.023685931301720586
10,21,21,SV21,15.999027252197266,0.38814544677734375,0.4049263000488281,0.38814544677734375,0.024260565386813555
10,22,22,SV22,15.594100952148438,0.4049263000488281,0.10790443420410156,0.10790443420410156,0.006919567504097458
10,23,23,SV23,15.486196517944336,0.10790443420410156,0.41378021240234375,0.10790443420410156,0.006967781538809051
10,24,24,SV24,15.072416305541992,0.41378021240234375,0.3154582977294922,0.3154582977294922,0.02092951065938253
10,25,25,SV25,14.7569580078125,0.3154582977294922,0.43419647216796875,0.3154582977294922,0.021376919115883165
10,26,26,SV26,14.322761535644531,0.43419647216796875,0.11405372619628906,0.11405372619628906,0.007963110040787019
10,27,27,SV27,14.208707809448242,0.11405372619628906,0.25559425354003906,0.11405372619628906,0.00802703016529397
10,28,28,SV28,13.953113555908203,0.25559425354003906,0.13348865509033203,0.13348865509033203,0.009566943933729298
10,29,29,SV29,13.819624900817871,0.13348865509033203,0.18344688415527344,0.13348865509033203,0.009659354436055057
10,30,30,SV30,13.636178016662598,0.18344688415527344,0.2041339874267578,0.18344688415527344,0.013452954627837233
10,31,31,SV31,13.43204402923584,0.2041339874267578,0.22867774963378906,0.2041339874267578,0.015197537097291004
10,32,32,SV32,13.20336627960205,0.22867774963378906,0.23575115203857422,0.22867774963378906,0.017319655063048164
10,33,33,SV33,12.967615127563477,0.23575115203857422,0.11468505859375,0.11468505859375,0.008843959160229837
10,34,34,SV34,12.852930068969727,0.11468505859375,0.09003639221191406,0.09003639221191406,0.0070051258140184725
10,35,35,SV35,12.762893676757812,0.09003639221191406,0.20354557037353516,0.09003639221191406,0.0070545437807632205
10,36,36,SV36,12.559348106384277,0.20354557037353516,0.3869915008544922,0.20354557037353516,0.016206698679692388
10,37,37,SV37,12.172356605529785,0.3869915008544922,0.3154296875,0.3154296875,0.0259136088205552
10,38,38,SV38,11.856926918029785,0.3154296875,0.10884380340576172,0.10884380340576172,0.00917976505701933
10,39,39,SV39,11.748083114624023,0.10884380340576172,0.14467525482177734,0.10884380340576172,0.009264813871658166
10,40,40,SV40,11.603407859802246,0.14467525482177734,0.17630958557128906,0.14467525482177734,0.012468341763886167
10,41,41,SV41,11.427098274230957,0.17630958557128906,0.11688709259033203,0.11688709259033203,0.01022893912218485
10,42,42,SV42,11.310211181640625,0.11688709259033203,0.20415115356445312,0.11688709259033203,0.010334651644707551
10,43,43,SV43,11.106060028076172,0.20415115356445312,0.11634254455566406,0.11634254455566406,0.010475591187293205
10,44,44,SV44,10.989717483520508,0.11634254455566406,0.1530609130859375,0.11634254455566406,0.010586490938472628
10,45,45,SV45,10.83665657043457,0.1530609130859375,0.19690608978271484,0.1530609130859375,0.014124366873776408
10,46,46,SV46,10.639750480651855,0.19690608978271484,0.13185691833496094,0.13185691833496094,0.012392858138425309
10,47,47,SV47,10.507893562316895,0.13185691833496094,0.09934520721435547,0.09934520721435547,0.009454340836742427
10,48,48,SV48,10.408548355102539,0.09934520721435547,0.10803604125976562,0.09934520721435547,0.009544578535358764
10,49,49,SV49,10.300512313842773,0.10803604125976562,0.16152095794677734,0.10803604125976562,0.010488414359213655
10,50,50,SV50,10.138991355895996,0.16152095794677734,0.09443187713623047,0.09443187713623047,0.009313734850095984
10,51,51,SV51,10.044559478759766,0.09443187713623047,0.2790975570678711,0.09443187713623047,0.009401296028553188
10,52,52,SV52,9.765461921691895,0.2790975570678711,0.017386436462402344,0.017386436462402344,0.0017804008250528402
10,53,53,SV53,9.748075485229492,0.017386436462402344,0.07106494903564453,0.017386436462402344,0.001783576305779194
10,54,54,SV54,9.677010536193848,0.07106494903564453,0.23645591735839844,0.07106494903564453,0.007343688298142096
10,55,55,SV55,9.44055461883545,0.23645591735839844,0.15728092193603516,0.15728092193603516,0.01666013579564849
10,56,56,SV56,9.283273696899414,0.15728092193603516,0.20370864868164062,0.15728092193603516,0.016942398454606215
10,57,57,SV57,9.079565048217773,0.20370864868164062,0.23480701446533203,0.20370864868164062,0.022435947933610163
10,58,58,SV58,8.844758033752441,0.23480701446533203,0.06682777404785156,0.06682777404785156,0.007555636207664517
10,59,59,SV59,8.77793025970459,0.06682777404785156,0.10597610473632812,0.06682777404785156,0.007613158463405309
10,60,60,SV60,8.671954154968262,0.10597610473632812,0.0663747787475586,0.0663747787475586,0.007653958676607132
10,61,61,SV61,8.605579376220703,0.0663747787475586,0.11282920837402344,0.0663747787475586,0.007712993610978496
10,62,62,SV62,8.49275016784668,0.11282920837402344,0.07918739318847656,0.07918739318847656,0.00932411664342581
10,63,63,SV63,8.413562774658203,0.07918739318847656,,0.07918739318847656,0.009411874054947372
11,0,0,SV00,132.73020935058594,,78.17512130737305,78.17512130737305,0.588977608713671
11,1,1,SV01,54.55508804321289,78.17512130737305,13.693870544433594,13.693870544433594,0.2510099614097722
11,2,2,SV02,40.8612174987793,13.693870544433594,5.370624542236328,5.370624542236328,0.13143574447816617
11,3,3,SV03,35.49059295654297,5.370624542236328,4.65338134765625,4.65338134765625,0.13111590875233214
11,4,4,SV04,30.83721160888672,4.65338134765625,3.0256710052490234,3.0256710052490234,0.0981175290303187
11,5,5,SV05,27.811540603637695,3.0256710052490234,1.769582748413086,1.769582748413086,0.06362764197901456
11,6,6,SV06,26.04195785522461,1.769582748413086,0.6765785217285156,0.6765785217285156,0.02598032473172053
11,7,7,SV07,25.365379333496094,0.6765785217285156,1.8688316345214844,0.6765785217285156,0.026673305880155478
11,8,8,SV08,23.49654769897461,1.8688316345214844,0.8838787078857422,0.8838787078857422,0.037617386145808764
11,9,9,SV09,22.612668991088867,0.8838787078857422,1.5949344635009766,0.8838787078857422,0.039087765722571645
11,10,10,SV10,21.01773452758789,1.5949344635009766,0.9012107849121094,0.9012107849121094,0.04287858825741564
11,11,11,SV11,20.11652374267578,0.9012107849121094,0.1810321807861328,0.1810321807861328,0.00899917814339293
11,12,12,SV12,19.93549156188965,0.1810321807861328,0.4226570129394531,0.1810321807861328,0.009080898769118342
11,13,13,SV13,19.512834548950195,0.4226570129394531,0.8501052856445312,0.4226570129394531,0.02166046208607823
11,14,14,SV14,18.662729263305664,0.8501052856445312,0.2749824523925781,0.2749824523925781,0.014734310749138063
11,15,15,SV15,18.387746810913086,0.2749824523925781,0.2872657775878906,0.2749824523925781,0.014954657317196507
11,16,16,SV16,18.100481033325195,0.2872657775878906,0.5328922271728516,0.2872657775878906,0.015870615651539827
11,17,17,SV17,17.567588806152344,0.5328922271728516,0.5538120269775391,0.5328922271728516,0.03033382856651491
11,18,18,SV18,17.013776779174805,0.5538120269775391,0.17087936401367188,0.17087936401367188,0.010043587983523538
11,19,19,SV19,16.842897415161133,0.17087936401367188,0.5280628204345703,0.17087936401367188,0.010145485055312087
11,20,20,SV20,16.314834594726562,0.5280628204345703,0.36921119689941406,0.36921119689941406,0.02263039779874655
11,21,21,SV21,15.945623397827148,0.36921119689941406,0.4172782897949219,0.36921119689941406,0.023154390875036287
11,22,22,SV22,15.528345108032227,0.4172782897949219,0.18108749389648438,0.18108749389648438,0.011661738107740448
11,23,23,SV23,15.347257614135742,0.18108749389648438,0.5333099365234375,0.18108749389648438,0.01179933890792919
11,24,24,SV24,14.813947677612305,0.5333099365234375,0.21550369262695312,0.21550369262695312,0.014547350734378168
11,25,25,SV25,14.598443984985352,0.21550369262695312,0.3326425552368164,0.21550369262695312,0.014762100183320966
11,26,26,SV26,14.265801429748535,0.3326425552368164,0.12947463989257812,0.12947463989257812,0.009075875654807877
11,27,27,SV27,14.136326789855957,0.12947463989257812,0.4148988723754883,0.12947463989257812,0.009159001614584026
11,28,28,SV28,13.721427917480469,0.4148988723754883,0.1732006072998047,0.1732006072998047,0.012622637260598445
11,29,29,SV29,13.548227310180664,0.1732006072998047,0.08634567260742188,0.08634567260742188,0.006373208142333011
11,30,30,SV30,13.461881637573242,0.08634567260742188,0.11375808715820312,0.08634567260742188,0.006414086450323843
11,31,31,SV31,13.348123550415039,0.11375808715820312,0.26868534088134766,0.11375808715820312,0.008522402922668931
11,32,32,SV32,13.079438209533691,0.26868534088134766,0.18320083618164062,0.18320083618164062,0.014006781732269226
11,33,33,SV33,12.89623737335205,0.18320083618164062,0.19352436065673828,0.18320083618164062,0.014205758693632218
11,34,34,SV34,12.702713012695312,0.19352436065673828,0.04233074188232422,0.04233074188232422,0.0033324174009141307
11,35,35,SV35,12.660382270812988,0.04233074188232422,0.2562294006347656,0.04233074188232422,0.003343559536895875
11,36,36,SV36,12.404152870178223,0.2562294006347656,0.3078956604003906,0.2562294006347656,0.020656743214668566
11,37,37,SV37,12.096257209777832,0.3078956604003906,0.2777585983276367,0.2777585983276367,0.022962358811543345
11,38,38,SV38,11.818498611450195,0.2777585983276367,0.13093090057373047,0.13093090057373047,0.01107847154518255
11,39,39,SV39,11.687567710876465,0.13093090057373047,0.19042110443115234,0.13093090057373047,0.011202578997842811
11,40,40,SV40,11.497146606445312,0.19042110443115234,0.2006540298461914,0.19042110443115234,0.016562466405742975
11,41,41,SV41,11.296492576599121,0.2006540298461914,0.1344289779663086,0.1344289779663086,0.011900063409485219
11,42,42,SV42,11.162063598632812,0.1344289779663086,0.1695566177368164,0.1344289779663086,0.012043380399908684
11,43,43,SV43,10.992506980895996,0.1695566177368164,0.10791397094726562,0.10791397094726562,0.009817048207002329
11,44,44,SV44,10.88459300994873,0.10791397094726562,0.19614696502685547,0.10791397094726562,0.009914378135097027
11,45,45,SV45,10.688446044921875,0.19614696502685547,0.1402750015258789,0.1402750015258789,0.013123984621929596
11,46,46,SV46,10.548171043395996,0.1402750015258789,0.22545814514160156,0.1402750015258789,0.01329851411669157
11,47,47,SV47,10.322712898254395,0.22545814514160156,0.052252769470214844,0.052252769470214844,0.005061922188986866
11,48,48,SV48,10.27046012878418,0.052252769470214844,0.1300220489501953,0.052252769470214844,0.005087675607032471
11,49,49,SV49,10.140438079833984,0.1300220489501953,0.13070297241210938,0.1300220489501953,0.012822133316781122
11,50,50,SV50,10.009735107421875,0.13070297241210938,0.16086387634277344,0.13070297241210938,0.013057585541419333
11,51,51,SV51,9.848871231079102,0.16086387634277344,0.1753253936767578,0.16086387634277344,0.016333229724351694
11,52,52,SV52,9.673545837402344,0.1753253936767578,0.09146976470947266,0.09146976470947266,0.009455660442090303
11,53,53,SV53,9.582076072692871,0.09146976470947266,0.1609783172607422,0.09146976470947266,0.009545923452866797
11,54,54,SV54,9.421097755432129,0.1609783172607422,0.14788532257080078,0.14788532257080078,0.01569724955730677
11,55,55,SV55,9.273212432861328,0.14788532257080078,0.10123252868652344,0.10123252868652344,0.010916662313028376
11,56,56,SV56,9.171979904174805,0.10123252868652344,0.3737773895263672,0.10123252868652344,0.011037151165196676
11,57,57,SV57,8.798202514648438,0.3737773895263672,0.15393733978271484,0.15393733978271484,0.017496453341056782
11,58,58,SV58,8.644265174865723,0.15393733978271484,0.06314945220947266,0.06314945220947266,0.007305358053231356
11,59,59,SV59,8.58111572265625,0.06314945220947266,0.0855569839477539,0.06314945220947266,0.007359119052868919
11,60,60,SV60,8.495558738708496,0.0855569839477539,0.07507038116455078,0.07507038116455078,0.00883642659340415
11,61,61,SV61,8.420488357543945,0.07507038116455078,0.04194164276123047,0.04194164276123047,0.004980903836017397
11,62,62,SV62,8.378546714782715,0.04194164276123047,0.16182994842529297,0.04194164276123047,0.0050058374308793434
11,63,63,SV63,8.216716766357422,0.16182994842529297,,0.16182994842529297,0.01969520832066289
12,0,0,SV00,121.61544799804688,,67.54815673828125,67.54815673828125,0.555424149236091
12,1,1,SV01,54.067291259765625,67.54815673828125,14.529232025146484,14.529232025146484,0.2687249848589782
12,2,2,SV02,39.53805923461914,14.529232025146484,4.291744232177734,4.291744232177734,0.10854716481429935
12,3,3,SV03,35.246315002441406,4.291744232177734,4.677471160888672,4.291744232177734,0.12176433853809847
12,4,4,SV04,30.568843841552734,4.677471160888672,3.0068607330322266,3.0068607330322266,0.09836357399114164
12,5,5,SV05,27.561983108520508,3.0068607330322266,1.5111865997314453,1.5111865997314453,0.05482865996185439
12,6,6,SV06,26.050796508789062,1.5111865997314453,0.8870143890380859,0.8870143890380859,0.03404941529288072
12,7,7,SV07,25.163782119750977,0.8870143890380859,1.6785240173339844,0.8870143890380859,0.03524964509774033
12,8,8,SV08,23.485258102416992,1.6785240173339844,0.9946613311767578,0.9946613311767578,0.04235258249405366
12,9,9,SV09,22.490596771240234,0.9946613311767578,1.4656448364257812,0.9946613311767578,0.04422565311600256
12,10,10,SV10,21.024951934814453,1.4656448364257812,0.9892482757568359,0.9892482757568359,0.04705115516191862
12,11,11,SV11,20.035703659057617,0.9892482757568359,0.19771957397460938,0.19771957397460938,0.009868361867352012
12,12,12,SV12,19.837984085083008,0.19771957397460938,0.3175525665283203,0.19771957397460938,0.009966717037709634
12,13,13,SV13,19.520431518554688,0.3175525665283203,0.9079818725585938,0.3175525665283203,0.016267702188165162
12,14,14,SV14,18.612449645996094,0.9079818725585938,0.2418193817138672,0.2418193817138672,0.012992345785386036
12,15,15,SV15,18.370630264282227,0.2418193817138672,0.3017749786376953,0.2418193817138672,0.013163368824859177
12,16,16,SV16,18.06885528564453,0.3017749786376953,0.4989051818847656,0.3017749786376953,0.016701388874227775
12,17,17,SV17,17.569950103759766,0.4989051818847656,0.5706253051757812,0.4989051818847656,0.028395367029414937
12,18,18,SV18,16.999324798583984,0.5706253051757812,0.1826648712158203,0.1826648712158203,0.010745419208122666
12,19,19,SV19,16.816659927368164,0.1826648712158203,0.5037689208984375,0.1826648712158203,0.010862137428285836
12,20,20,SV20,16.312891006469727,0.5037689208984375,0.3804512023925781,0.3804512023925781,0.023322120048597787
12,21,21,SV21,15.932439804077148,0.3804512023925781,0.42533111572265625,0.3804512023925781,0.023879029644613487
12,22,22,SV22,15.507108688354492,0.42533111572265625,0.20287227630615234,0.20287227630615234,0.013082533977369044
12,23,23,SV23,15.30423641204834,0.20287227630615234,0.5452632904052734,0.20287227630615234,0.013255955465144284
12,24,24,SV24,14.758973121643066,0.5452632904052734,0.22287750244140625,0.22287750244140625,0.01510115240433435
12,25,25,SV25,14.53609561920166,0.22287750244140625,0.26670074462890625,0.22287750244140625,0.015332693749413224
12,26,26,SV26,14.269394874572754,0.26670074462890625,0.15326690673828125,0.15326690673828125,0.010740953494208371
12,27,27,SV27,14.116127967834473,0.15326690673828125,0.38648509979248047,0.15326690673828125,0.010857574193682634
12,28,28,SV28,13.729642868041992,0.38648509979248047,0.23572349548339844,0.23572349548339844,0.01716894588948732
12,29,29,SV29,13.493919372558594,0.23572349548339844,0.1229867935180664,0.1229867935180664,0.009114238059564362
12,30,30,SV30,13.370932579040527,0.1229867935180664,0.18314266204833984,0.1229867935180664,0.009198071472655028
12,31,31,SV31,13.187789916992188,0.18314266204833984,0.09837627410888672,0.09837627410888672,0.007459648260102398
12,32,32,SV32,13.0894136428833,0.09837627410888672,0.1983804702758789,0.09837627410888672,0.007515712834269989
12,33,33,SV33,12.891033172607422,0.1983804702758789,0.22204875946044922,0.1983804702758789,0.01538902798709913
12,34,34,SV34,12.668984413146973,0.22204875946044922,0.08957481384277344,0.08957481384277344,0.007070402087622671
12,35,35,SV35,12.5794095993042,0.08957481384277344,0.2049102783203125,0.08957481384277344,0.007120748643698513
12,36,36,SV36,12.374499320983887,0.2049102783203125,0.3134574890136719,0.2049102783203125,0.016559076291097995
12,37,37,SV37,12.061041831970215,0.3134574890136719,0.2554197311401367,0.2554197311401367,0.021177252736417462
12,38,38,SV38,11.805622100830078,0.2554197311401367,0.11265945434570312,0.11265945434570312,0.009542864694761134
12,39,39,SV39,11.692962646484375,0.11265945434570312,0.2119617462158203,0.11265945434570312,0.009634808367370908
12,40,40,SV40,11.481000900268555,0.2119617462158203,0.1889209747314453,0.1889209747314453,0.01645509623878056
12,41,41,SV41,11.29207992553711,0.1889209747314453,0.14786624908447266,0.14786624908447266,0.013094686723751593
12,42,42,SV42,11.144213676452637,0.14786624908447266,0.1623077392578125,0.14786624908447266,0.01326843269318402
12,43,43,SV43,10.981905937194824,0.1623077392578125,0.12315940856933594,0.12315940856933594,0.011214757190025187
12,44,44,SV44,10.858746528625488,0.12315940856933594,0.21805572509765625,0.12315940856933594,0.01134195445530172
12,45,45,SV45,10.640690803527832,0.21805572509765625,0.14285564422607422,0.14285564422607422,0.013425410705356801
12,46,46,SV46,10.497835159301758,0.14285564422607422,0.19396686553955078,0.14285564422607422,0.01360810510531735
12,47,47,SV47,10.303868293762207,0.19396686553955078,0.11041545867919922,0.11041545867919922,0.010715922945758433
12,48,48,SV48,10.193452835083008,0.11041545867919922,0.10585689544677734,0.10585689544677734,0.01038479278409447
12,49,49,SV49,10.08759593963623,0.10585689544677734,0.13391399383544922,0.10585689544677734,0.010493768394394538
12,50,50,SV50,9.953681945800781,0.13391399383544922,0.19399738311767578,0.13391399383544922,0.013453714370685143
12,51,51,SV51,9.759684562683105,0.19399738311767578,0.10881423950195312,0.10881423950195312,0.011149360289574585
12,52,52,SV52,9.650870323181152,0.10881423950195312,0.12059783935546875,0.10881423950195312,0.011275070108504516
12,53,53,SV53,9.530272483825684,0.12059783935546875,0.1798095703125,0.12059783935546875,0.012654185865109477
12,54,54,SV54,9.350462913513184,0.1798095703125,0.09052371978759766,0.09052371978759766,0.009681201949560571
12,55,55,SV55,9.259939193725586,0.09052371978759766,0.09720706939697266,0.09052371978759766,0.009775843868276733
12,56,56,SV56,9.162732124328613,0.09720706939697266,0.42929840087890625,0.09720706939697266,0.01060896117860647
12,57,57,SV57,8.733433723449707,0.42929840087890625,0.12526893615722656,0.12526893615722656,0.014343606435218394
12,58,58,SV58,8.60816478729248,0.12526893615722656,0.07356739044189453,0.07356739044189453,0.008546233983635625
12,59,59,SV59,8.534597396850586,0.07356739044189453,0.08519744873046875,0.07356739044189453,0.0086199016803115
12,60,60,SV60,8.449399948120117,0.08519744873046875,0.08333969116210938,0.08333969116210938,0.009863385763938347
12,61,61,SV61,8.366060256958008,0.08333969116210938,0.04159355163574219,0.04159355163574219,0.004971701178120138
12,62,62,SV62,8.324466705322266,0.04159355163574219,0.10809326171875,0.04159355163574219,0.004996542494325704
12,63,63,SV63,8.216373443603516,0.10809326171875,,0.10809326171875,0.013155836021901013
13,0,0,SV00,99.55694580078125,,49.45442581176758,49.45442581176758,0.496745108178876
13,1,1,SV01,50.10251998901367,49.45442581176758,13.80990982055664,13.80990982055664,0.2756330384895777
13,2,2,SV02,36.29261016845703,13.80990982055664,1.8650627136230469,1.8650627136230469,0.05138959983771097
13,3,3,SV03,34.427547454833984,1.8650627136230469,4.826210021972656,1.8650627136230469,0.05417355726747165
13,4,4,SV04,29.601337432861328,4.826210021972656,2.487438201904297,2.487438201904297,0.08403127755784837
13,5,5,SV05,27.11389923095703,2.487438201904297,1.075063705444336,1.075063705444336,0.03964991151906666
13,6,6,SV06,26.038835525512695,1.075063705444336,1.101461410522461,1.075063705444336,0.04128693483205095
13,7,7,SV07,24.937374114990234,1.101461410522461,1.5284538269042969,1.101461410522461,0.04416910158396973
13,8,8,SV08,23.408920288085938,1.5284538269042969,1.1085281372070312,1.1085281372070312,0.047354945190326486
13,9,9,SV09,22.300392150878906,1.1085281372070312,1.2045307159423828,1.1085281372070312,0.049708907794401354
13,10,10,SV10,21.095861434936523,1.2045307159423828,1.1372222900390625,1.1372222900390625,0.053907364415834026
13,11,11,SV11,19.95863914489746,1.1372222900390625,0.12318038940429688,0.12318038940429688,0.006171782981295528
13,12,12,SV12,19.835458755493164,0.12318038940429688,0.35442352294921875,0.12318038940429688,0.006210110435191408
13,13,13,SV13,19.481035232543945,0.35442352294921875,0.892608642578125,0.35442352294921875,0.01819325917326705
13,14,14,SV14,18.58842658996582,0.892608642578125,0.26668739318847656,0.26668739318847656,0.01434695894769472
13,15,15,SV15,18.321739196777344,0.26668739318847656,0.3157768249511719,0.26668739318847656,0.014555790273195509
13,16,16,SV16,18.005962371826172,0.3157768249511719,0.40302467346191406,0.3157768249511719,0.017537347820145738
13,17,17,SV17,17.602937698364258,0.40302467346191406,0.6070785522460938,0.40302467346191406,0.02289530761103386
13,18,18,SV18,16.995859146118164,0.6070785522460938,0.28833961486816406,0.28833961486816406,0.01696528621408471
13,19,19,SV19,16.70751953125,0.28833961486816406,0.43566322326660156,0.28833961486816406,0.017258074385539352
13,20,20,SV20,16.2718563079834,0.43566322326660156,0.36887264251708984,0.36887264251708984,0.022669364547922618
13,21,21,SV21,15.902983665466309,0.36887264251708984,0.41474342346191406,0.36887264251708984,0.0231951846443825
13,22,22,SV22,15.488240242004395,0.41474342346191406,0.2044696807861328,0.2044696807861328,0.013201608290631188
13,23,23,SV23,15.283770561218262,0.2044696807861328,0.5483913421630859,0.2044696807861328,0.013378222341610095
13,24,24,SV24,14.735379219055176,0.5483913421630859,0.24878215789794922,0.24878215789794922,0.016883322390253423
13,25,25,SV25,14.486597061157227,0.24878215789794922,0.2957191467285156,0.24878215789794922,0.017173264145311697
13,26,26,SV26,14.190877914428711,0.2957191467285156,0.16184711456298828,0.16184711456298828,0.011405010707507298
13,27,27,SV27,14.029030799865723,0.16184711456298828,0.39925670623779297,0.16184711456298828,0.011536585589685738
13,28,28,SV28,13.62977409362793,0.39925670623779297,0.16638565063476562,0.16638565063476562,0.012207513454867367
13,29,29,SV29,13.463388442993164,0.16638565063476562,0.14550113677978516,0.14550113677978516,0.010807170675931082
13,30,30,SV30,13.317887306213379,0.14550113677978516,0.2653484344482422,0.14550113677978516,0.010925241626868436
13,31,31,SV31,13.052538871765137,0.2653484344482422,0.07978343963623047,0.07978343963623047,0.006112484354198372
13,32,32,SV32,12.972755432128906,0.07978343963623047,0.07560157775878906,0.07560157775878906,0.0058277193426117336
13,33,33,SV33,12.897153854370117,0.07560157775878906,0.2659893035888672,0.07560157775878906,0.005861880738374844
13,34,34,SV34,12.63116455078125,0.2659893035888672,0.11141490936279297,0.11141490936279297,0.008820636364514928
13,35,35,SV35,12.519749641418457,0.11141490936279297,0.21304893493652344,0.11141490936279297,0.00889913237515586
13,36,36,SV36,12.306700706481934,0.21304893493652344,0.2953777313232422,0.21304893493652344,0.017311620719297306
13,37,37,SV37,12.011322975158691,0.2953777313232422,0.2260580062866211,0.2260580062866211,0.018820408605625265
13,38,38,SV38,11.78526496887207,0.2260580062866211,0.1084909439086914,0.1084909439086914,0.009205643165023784
13,39,39,SV39,11.676774024963379,0.1084909439086914,0.21866703033447266,0.1084909439086914,0.009291174401144726
13,40,40,SV40,11.458106994628906,0.21866703033447266,0.17717647552490234,0.17717647552490234,0.015462979670896375
13,41,41,SV41,11.280930519104004,0.17717647552490234,0.15465450286865234,0.15465450286865234,0.01370937464837217
13,42,42,SV42,11.126276016235352,0.15465450286865234,0.19724178314208984,0.15465450286865234,0.01389993405187702
13,43,43,SV43,10.929034233093262,0.19724178314208984,0.10260677337646484,0.10260677337646484,0.009388457496616688
13,44,44,SV44,10.826427459716797,0.10260677337646484,0.2324199676513672,0.10260677337646484,0.00947743600169551
13,45,45,SV45,10.59400749206543,0.2324199676513672,0.10366344451904297,0.10366344451904297,0.00978510205856316
13,46,46,SV46,10.490344047546387,0.10366344451904297,0.22544479370117188,0.10366344451904297,0.00988179644530239
13,47,47,SV47,10.264899253845215,0.22544479370117188,0.16527843475341797,0.16527843475341797,0.016101320691628312
13,48,48,SV48,10.099620819091797,0.16527843475341797,0.0606231689453125,0.0606231689453125,0.006002519305547949
13,49,49,SV49,10.038997650146484,0.0606231689453125,0.12184715270996094,0.0606231689453125,0.0060387671217781306
13,50,50,SV50,9.917150497436523,0.12184715270996094,0.23908424377441406,0.12184715270996094,0.0122865083817632
13,51,51,SV51,9.67806625366211,0.23908424377441406,0.058419227600097656,0.058419227600097656,0.006036250018229855
13,52,52,SV52,9.619647026062012,0.058419227600097656,0.23464012145996094,0.058419227600097656,0.006072907606882609
13,53,53,SV53,9.38500690460205,0.23464012145996094,0.11234474182128906,0.11234474182128906,0.011970661605608352
13,54,54,SV54,9.272662162780762,0.11234474182128906,0.14765644073486328,0.11234474182128906,0.012115694484398016
13,55,55,SV55,9.125005722045898,0.14765644073486328,0.04823493957519531,0.04823493957519531,0.005286017460642277
13,56,56,SV56,9.076770782470703,0.04823493957519531,0.432891845703125,0.04823493957519531,0.00531410792793709
13,57,57,SV57,8.643878936767578,0.432891845703125,0.11398887634277344,0.11398887634277344,0.013187236560881329
13,58,58,SV58,8.529890060424805,0.11398887634277344,0.04236125946044922,0.04236125946044922,0.004966214002802698
13,59,59,SV59,8.487528800964355,0.04236125946044922,0.11609172821044922,0.04236125946044922,0.004991000378771748
13,60,60,SV60,8.371437072753906,0.11609172821044922,0.05980873107910156,0.05980873107910156,0.007144380416327565
13,61,61,SV61,8.311628341674805,0.05980873107910156,0.02663135528564453,0.02663135528564453,0.0032041080508994793
13,62,62,SV62,8.28499698638916,0.02663135528564453,0.2579164505004883,0.02663135528564453,0.003214407359398599
13,63,63,SV63,8.027080535888672,0.2579164505004883,,0.2579164505004883,0.03213079143125036
14,0,0,SV00,89.91656494140625,,40.877906799316406,40.877906799316406,0.45462042312174983
14,1,1,SV01,49.038658142089844,40.877906799316406,13.366626739501953,13.366626739501953,0.27257325640461166
14,2,2,SV02,35.67203140258789,13.366626739501953,2.4305953979492188,2.4305953979492188,0.06813728577769998
14,3,3,SV03,33.24143600463867,2.4305953979492188,4.5236358642578125,2.4305953979492188,0.07311944639244952
14,4,4,SV04,28.71780014038086,4.5236358642578125,1.9162330627441406,1.9162330627441406,0.0667263179413828
14,5,5,SV05,26.80156707763672,1.9162330627441406,0.8739452362060547,0.8739452362060547,0.032607990184845434
14,6,6,SV06,25.927621841430664,0.8739452362060547,1.2733783721923828,0.8739452362060547,0.033707111340599186
14,7,7,SV07,24.65424346923828,1.2733783721923828,1.162546157836914,1.162546157836914,0.04715399842982212
14,8,8,SV08,23.491697311401367,1.162546157836914,1.5974960327148438,1.162546157836914,0.049487533507112255
14,9,9,SV09,21.894201278686523,1.5974960327148438,0.7544040679931641,0.7544040679931641,0.03445679787038215
14,10,10,SV10,21.13979721069336,0.7544040679931641,1.0922737121582031,0.7544040679931641,0.03568643826022873
14,11,11,SV11,20.047523498535156,1.0922737121582031,0.27021217346191406,0.27021217346191406,0.013478581206384822
14,12,12,SV12,19.777311325073242,0.27021217346191406,0.3602714538574219,0.27021217346191406,0.01366273549627269
14,13,13,SV13,19.41703987121582,0.3602714538574219,0.9034824371337891,0.3602714538574219,0.01855439635737139
14,14,14,SV14,18.51355743408203,0.9034824371337891,0.16782379150390625,0.16782379150390625,0.009064913218404778
14,15,15,SV15,18.345733642578125,0.16782379150390625,0.41620826721191406,0.16782379150390625,0.009147837572132219
14,16,16,SV16,17.92952537536621,0.41620826721191406,0.3279266357421875,0.3279266357421875,0.018289755522069396
14,17,17,SV17,17.601598739624023,0.3279266357421875,0.5822849273681641,0.3279266357421875,0.018630502864718308
14,18,18,SV18,17.01931381225586,0.5822849273681641,0.3487987518310547,0.3487987518310547,0.020494289938991522
14,19,19,SV19,16.670515060424805,0.3487987518310547,0.3898334503173828,0.3487987518310547,0.020923093891627272
14,20,20,SV20,16.280681610107422,0.3898334503173828,0.3524742126464844,0.3524742126464844,0.021649843728143436
14,21,21,SV21,15.928207397460938,0.3524742126464844,0.3784770965576172,0.3524742126464844,0.022128931640020656
14,22,22,SV22,15.54973030090332,0.3784770965576172,0.2771921157836914,0.2771921157836914,0.01782616871288042
14,23,23,SV23,15.272538185119629,0.2771921157836914,0.5474424362182617,0.2771921157836914,0.018149708478304268
14,24,24,SV24,14.725095748901367,0.5474424362182617,0.2425384521484375,0.2425384521484375,0.01647109508041964
14,25,25,SV25,14.48255729675293,0.2425384521484375,0.30481719970703125,0.2425384521484375,0.016746935446464002
14,26,26,SV26,14.177740097045898,0.30481719970703125,0.1527233123779297,0.1527233123779297,0.010772049094746166
14,27,27,SV27,14.025016784667969,0.1527233123779297,0.4221820831298828,0.1527233123779297,0.010889349704371516
14,28,28,SV28,13.602834701538086,0.4221820831298828,0.18860721588134766,0.18860721588134766,0.013865287641848772
14,29,29,SV29,13.414227485656738,0.18860721588134766,0.0784292221069336,0.0784292221069336,0.0058467192531805965
14,30,30,SV30,13.335798263549805,0.0784292221069336,0.24536705017089844,0.0784292221069336,0.005881104419620758
14,31,31,SV31,13.090431213378906,0.24536705017089844,0.16280460357666016,0.16280460357666016,0.012436916777062913
14,32,32,SV32,12.927626609802246,0.16280460357666016,0.17862319946289062,0.16280460357666016,0.012593541605944525
14,33,33,SV33,12.749003410339355,0.17862319946289062,0.1165761947631836,0.1165761947631836,0.009143945688228548
14,34,34,SV34,12.632427215576172,0.1165761947631836,0.3345928192138672,0.1165761947631836,0.009228329027650486
14,35,35,SV35,12.297834396362305,0.3345928192138672,0.026472091674804688,0.026472091674804688,0.002152581570185652
14,36,36,SV36,12.2713623046875,0.026472091674804688,0.19954490661621094,0.026472091674804688,0.0021572251733365166
14,37,37,SV37,12.071817398071289,0.19954490661621094,0.2674589157104492,0.19954490661621094,0.01652981486019596
14,38,38,SV38,11.80435848236084,0.2674589157104492,0.11910820007324219,0.11910820007324219,0.01009018831910473
14,39,39,SV39,11.685250282287598,0.11910820007324219,0.25302791595458984,0.11910820007324219,0.010193037991987675
14,40,40,SV40,11.432222366333008,0.25302791595458984,0.13164234161376953,0.13164234161376953,0.011515026334813591
14,41,41,SV41,11.300580024719238,0.13164234161376953,0.18648624420166016,0.13164234161376953,0.011649166797262706
14,42,42,SV42,11.114093780517578,0.18648624420166016,0.17757606506347656,0.17757606506347656,0.015977556836415944
14,43,43,SV43,10.936517715454102,0.17757606506347656,0.17916297912597656,0.17757606506347656,0.016236984173906524
14,44,44,SV44,10.757354736328125,0.17916297912597656,0.1893177032470703,0.17916297912597656,0.016654928978118964
14,45,45,SV45,10.568037033081055,0.1893177032470703,0.1377239227294922,0.1377239227294922,0.013032119616762879
14,46,46,SV46,10.430313110351562,0.1377239227294922,0.15329265594482422,0.1377239227294922,0.013204198308563538
14,47,47,SV47,10.277020454406738,0.15329265594482422,0.1799640655517578,0.15329265594482422,0.014916060216567249
14,48,48,SV48,10.09705638885498,0.1799640655517578,0.10274219512939453,0.10274219512939453,0.01017546017102571
14,49,49,SV49,9.994314193725586,0.10274219512939453,0.08975601196289062,0.08975601196289062,0.008980707452567311
14,50,50,SV50,9.904558181762695,0.08975601196289062,0.22717666625976562,0.08975601196289062,0.009062091444740942
14,51,51,SV51,9.67738151550293,0.22717666625976562,0.08382701873779297,0.08382701873779297,0.008662159139174593
14,52,52,SV52,9.593554496765137,0.08382701873779297,0.27236175537109375,0.08382701873779297,0.008737847767066806
14,53,53,SV53,9.321192741394043,0.27236175537109375,0.05605030059814453,0.05605030059814453,0.006013211200883489
14,54,54,SV54,9.265142440795898,0.05605030059814453,0.2043323516845703,0.05605030059814453,0.006049588655145347
14,55,55,SV55,9.060810089111328,0.2043323516845703,0.05503368377685547,0.05503368377685547,0.00607381494983448
14,56,56,SV56,9.005776405334473,0.05503368377685547,0.41750526428222656,0.05503368377685547,0.006110931617651185
14,57,57,SV57,8.588271141052246,0.41750526428222656,0.08100414276123047,0.08100414276123047,0.00943194985705886
14,58,58,SV58,8.507266998291016,0.08100414276123047,0.05282020568847656,0.05282020568847656,0.006208833659398178
14,59,59,SV59,8.454446792602539,0.05282020568847656,0.06978321075439453,0.05282020568847656,0.0062476241183152415
14,60,60,SV60,8.384663581848145,0.06978321075439453,0.10458183288574219,0.06978321075439453,0.008322720413668994
14,61,61,SV61,8.280081748962402,0.10458183288574219,0.056603431701660156,0.056603431701660156,0.006836095755788072
14,62,62,SV62,8.223478317260742,0.056603431701660156,0.2642478942871094,0.056603431701660156,0.006883149625730986
14,63,63,SV63,7.959230422973633,0.2642478942871094,,0.2642478942871094,0.033200181455279976
15,0,0,SV00,73.98875427246094,,24.80724334716797,24.80724334716797,0.335283971072363
15,1,1,SV01,49.18151092529297,24.80724334716797,13.723472595214844,13.723472595214844,0.27903723039458644
15,2,2,SV02,35.458038330078125,13.723472595214844,3.9272918701171875,3.9272918701171875,0.11075885906485043
15,3,3,SV03,31.530746459960938,3.9272918701171875,3.499126434326172,3.499126434326172,0.1109750585438727
15,4,4,SV04,28.031620025634766,3.499126434326172,1.6147098541259766,1.6147098541259766,0.05760315859908678
15,5,5,SV05,26.41691017150879,1.6147098541259766,0.917633056640625,0.917633056640625,0.034736577846651885
15,6,6,SV06,25.499277114868164,0.917633056640625,1.77276611328125,0.917633056640625,0.035986630229041666
15,7,7,SV07,23.726511001586914,1.77276611328125,0.3310432434082031,0.3310432434082031,0.013952462011210235
15,8,8,SV08,23.39546775817871,0.3310432434082031,2.099641799926758,0.3310432434082031,0.014149887782964941
15,9,9,SV09,21.295825958251953,2.099641799926758,0.3011322021484375,0.3011322021484375,0.014140433094202261
15,10,10,SV10,20.994693756103516,0.3011322021484375,1.1916770935058594,0.3011322021484375,0.014343252902219316
15,11,11,SV11,19.803016662597656,1.1916770935058594,0.1544647216796875,0.1544647216796875,0.007800060178277183
15,12,12,SV12,19.64855194091797,0.1544647216796875,0.4591503143310547,0.1544647216796875,0.007861379410765423
15,13,13,SV13,19.189401626586914,0.4591503143310547,0.7781734466552734,0.4591503143310547,0.02392728670053484
15,14,14,SV14,18.41122817993164,0.7781734466552734,0.07713699340820312,0.07713699340820312,0.0041896712513879416
15,15,15,SV15,18.334091186523438,0.07713699340820312,0.4991188049316406,0.07713699340820312,0.004207298448744656
15,16,16,SV16,17.834972381591797,0.4991188049316406,0.3348426818847656,0.3348426818847656,0.01877449960227415
15,17,17,SV17,17.50012969970703,0.3348426818847656,0.5708580017089844,0.3348426818847656,0.0191337257283511
15,18,18,SV18,16.929271697998047,0.5708580017089844,0.3172454833984375,0.3172454833984375,0.018739464346594015
15,19,19,SV19,16.61202621459961,0.3172454833984375,0.40428924560546875,0.3172454833984375,0.019097338235574406
15,20,20,SV20,16.20773696899414,0.40428924560546875,0.21457386016845703,0.21457386016845703,0.01323897719829381
15,21,21,SV21,15.993163108825684,0.21457386016845703,0.42911529541015625,0.21457386016845703,0.0134165992498411
15,22,22,SV22,15.564047813415527,0.42911529541015625,0.3644294738769531,0.3644294738769531,0.02341482615870859
15,23,23,SV23,15.199618339538574,0.3644294738769531,0.5159454345703125,0.3644294738769531,0.02397622530619518
15,24,24,SV24,14.683672904968262,0.5159454345703125,0.2757396697998047,0.2757396697998047,0.018778657872888696
15,25,25,SV25,14.407933235168457,0.2757396697998047,0.2977743148803711,0.2757396697998047,0.0191380446660281
15,26,26,SV26,14.110158920288086,0.2977743148803711,0.19581127166748047,0.19581127166748047,0.013877325746199506
15,27,27,SV27,13.914347648620605,0.19581127166748047,0.33051586151123047,0.19581127166748047,0.014072616022849779
15,28,28,SV28,13.583831787109375,0.33051586151123047,0.2136983871459961,0.2136983871459961,0.015731819305123396
15,29,29,SV29,13.370133399963379,0.2136983871459961,0.05588817596435547,0.05588817596435547,0.004180076166218996
15,30,30,SV30,13.314245223999023,0.05588817596435547,0.27190303802490234,0.05588817596435547,0.004197622548187458
15,31,31,SV31,13.042342185974121,0.27190303802490234,0.16179466247558594,0.16179466247558594,0.012405337949926027
15,32,32,SV32,12.880547523498535,0.16179466247558594,0.3445749282836914,0.16179466247558594,0.012561163427285757
15,33,33,SV33,12.535972595214844,0.3445749282836914,0.1433706283569336,0.1433706283569336,0.011436737538151621
15,34,34,SV34,12.39260196685791,0.1433706283569336,0.1836261749267578,0.1433706283569336,0.011569049723404019
15,35,35,SV35,12.208975791931152,0.1836261749267578,0.06804656982421875,0.06804656982421875,0.005573487160912414
15,36,36,SV36,12.140929222106934,0.06804656982421875,0.14682292938232422,0.06804656982421875,0.005604725023873417
15,37,37,SV37,11.99410629272461,0.14682292938232422,0.20649433135986328,0.14682292938232422,0.012241256313643322
15,38,38,SV38,11.787611961364746,0.20649433135986328,0.24901962280273438,0.20649433135986328,0.017517910501013454
15,39,39,SV39,11.538592338562012,0.24901962280273438,0.1681652069091797,0.1681652069091797,0.014574152719406772
15,40,40,SV40,11.370427131652832,0.1681652069091797,0.17206287384033203,0.1681652069091797,0.014789700066855342
15,41,41,SV41,11.1983642578125,0.17206287384033203,0.10659217834472656,0.10659217834472656,0.009518548949714946
15,42,42,SV42,11.091772079467773,0.10659217834472656,0.22486495971679688,0.10659217834472656,0.009610022418513425
15,43,43,SV43,10.866907119750977,0.22486495971679688,0.19035053253173828,0.19035053253173828,0.017516532573078652
15,44,44,SV44,10.676556587219238,0.19035053253173828,0.1632070541381836,0.1632070541381836,0.015286487998720164
15,45,45,SV45,10.513349533081055,0.1632070541381836,0.14851951599121094,0.14851951599121094,0.014126755276601712
15,46,46,SV46,10.364830017089844,0.14851951599121094,0.15930747985839844,0.14851951599121094,0.01432918009714848
15,47,47,SV47,10.205522537231445,0.15930747985839844,0.22504043579101562,0.15930747985839844,0.015609928769175534
15,48,48,SV48,9.98048210144043,0.22504043579101562,0.2002401351928711,0.2002401351928711,0.020063172616077485
15,49,49,SV49,9.780241966247559,0.2002401351928711,0.05183982849121094,0.05183982849121094,0.005300464821843321
15,50,50,SV50,9.728402137756348,0.05183982849121094,0.13308238983154297,0.05183982849121094,0.0053287094588759165
15,51,51,SV51,9.595319747924805,0.13308238983154297,0.04716777801513672,0.04716777801513672,0.004915706746024568
15,52,52,SV52,9.548151969909668,0.04716777801513672,0.2822151184082031,0.04716777801513672,0.004939990289616532
15,53,53,SV53,9.265936851501465,0.2822151184082031,0.043674468994140625,0.043674468994140625,0.004713443410426821
15,54,54,SV54,9.222262382507324,0.043674468994140625,0.3097200393676758,0.043674468994140625,0.004735765171568078
15,55,55,SV55,8.912542343139648,0.3097200393676758,0.16979122161865234,0.16979122161865234,0.01905081794639076
15,56,56,SV56,8.742751121520996,0.16979122161865234,0.17007732391357422,0.16979122161865234,0.019420800072953853
15,57,57,SV57,8.572673797607422,0.17007732391357422,0.11584854125976562,0.11584854125976562,0.013513699925465287
15,58,58,SV58,8.456825256347656,0.11584854125976562,0.10293292999267578,0.10293292999267578,0.01217158057220288
15,59,59,SV59,8.35389232635498,0.10293292999267578,0.03461647033691406,0.03461647033691406,0.004143753472582537
15,60,60,SV60,8.319275856018066,0.03461647033691406,0.15346145629882812,0.03461647033691406,0.004160995612601656
15,61,61,SV61,8.165814399719238,0.15346145629882812,0.1604928970336914,0.15346145629882812,0.01879315996994795
15,62,62,SV62,8.005321502685547,0.1604928970336914,0.19075632095336914,0.1604928970336914,0.020048276259716842
15,63,63,SV63,7.814565181732178,0.19075632095336914,,0.19075632095336914,0.024410356368809002
16,0,0,SV00,69.05421447753906,,21.541854858398438,21.541854858398438,0.31195568614288205
16,1,1,SV01,47.512359619140625,21.541854858398438,12.216957092285156,12.216957092285156,0.2571321902388423
16,2,2,SV02,35.29540252685547,12.216957092285156,4.432853698730469,4.432853698730469,0.12559294926180856
16,3,3,SV03,30.862548828125,4.432853698730469,3.2129764556884766,3.2129764556884766,0.10410599829527027
16,4,4,SV04,27.649572372436523,3.2129764556884766,1.5399818420410156,1.5399818420410156,0.05569640721012388
16,5,5,SV05,26.109590530395508,1.5399818420410156,1.2041606903076172,1.2041606903076172,0.04611947816285331
16,6,6,SV06,24.90542984008789,1.2041606903076172,1.5492401123046875,1.2041606903076172,0.048349323743427014
16,7,7,SV07,23.356189727783203,1.5492401123046875,0.4702301025390625,0.4702301025390625,0.02013299720629103
16,8,8,SV08,22.88595962524414,0.4702301025390625,1.96240234375,0.4702301025390625,0.02054666311743291
16,9,9,SV09,20.92355728149414,1.96240234375,0.7610626220703125,0.7610626220703125,0.036373481422465145
16,10,10,SV10,20.162494659423828,0.7610626220703125,0.4651679992675781,0.4651679992675781,0.02307095461771946
16,11,11,SV11,19.69732666015625,0.4651679992675781,0.23221778869628906,0.23221778869628906,0.011789304848460434
16,12,12,SV12,19.46510887145996,0.23221778869628906,0.8161945343017578,0.23221778869628906,0.011929950673780733
16,13,13,SV13,18.648914337158203,0.8161945343017578,0.3810768127441406,0.3810768127441406,0.020434262598592143
16,14,14,SV14,18.267837524414062,0.3810768127441406,0.3875446319580078,0.3810768127441406,0.02086053219133629
16,15,15,SV15,17.880292892456055,0.3875446319580078,0.37176513671875,0.37176513671875,0.020791893005041483
16,16,16,SV16,17.508527755737305,0.37176513671875,0.6064186096191406,0.37176513671875,0.021233375067582577
16,17,17,SV17,16.902109146118164,0.6064186096191406,0.29770469665527344,0.29770469665527344,0.017613464336410704
16,18,18,SV18,16.60440444946289,0.29770469665527344,0.24547576904296875,0.24547576904296875,0.014783774376858742
16,19,19,SV19,16.358928680419922,0.24547576904296875,0.26458168029785156,0.24547576904296875,0.015005613988450224
16,20,20,SV20,16.09434700012207,0.26458168029785156,0.2189350128173828,0.2189350128173828,0.013603224338068657
16,21,21,SV21,15.875411987304688,0.2189350128173828,0.4281883239746094,0.2189350128173828,0.013790824010895694
16,22,22,SV22,15.447223663330078,0.4281883239746094,0.6412830352783203,0.4281883239746094,0.02771943575796594
16,23,23,SV23,14.805940628051758,0.6412830352783203,0.2257709503173828,0.2257709503173828,0.015248673217669853
16,24,24,SV24,14.580169677734375,0.2257709503173828,0.3179912567138672,0.2257709503173828,0.015484795808800599
16,25,25,SV25,14.262178421020508,0.3179912567138672,0.29553890228271484,0.29553890228271484,0.020721862646671897
16,26,26,SV26,13.966639518737793,0.29553890228271484,0.2718982696533203,0.2718982696533203,0.01946769437906224
16,27,27,SV27,13.694741249084473,0.2718982696533203,0.29218578338623047,0.2718982696533203,0.019854210072899142
16,28,28,SV28,13.402555465698242,0.29218578338623047,0.16032791137695312,0.16032791137695312,0.01196248818274153
16,29,29,SV29,13.242227554321289,0.16032791137695312,0.06331825256347656,0.06331825256347656,0.004781540892854853
16,30,30,SV30,13.178909301757812,0.06331825256347656,0.2381744384765625,0.06331825256347656,0.004804513872406052
16,31,31,SV31,12.94073486328125,0.2381744384765625,0.2879171371459961,0.2381744384765625,0.018405016484216188
16,32,32,SV32,12.652817726135254,0.2879171371459961,0.2867612838745117,0.2867612838745117,0.022663827937881915
16,33,33,SV33,12.366056442260742,0.2867612838745117,0.24071407318115234,0.24071407318115234,0.019465710374611988
16,34,34,SV34,12.12534236907959,0.24071407318115234,0.03915214538574219,0.03915214538574219,0.0032289517437118064
16,35,35,SV35,12.086190223693848,0.03915214538574219,0.1179647445678711,0.03915214538574219,0.0032394116475999244
16,36,36,SV36,11.968225479125977,0.1179647445678711,0.09511756896972656,0.09511756896972656,0.007947508102652564
16,37,37,SV37,11.87310791015625,0.09511756896972656,0.22360515594482422,0.09511756896972656,0.008011176996745986
16,38,38,SV38,11.649502754211426,0.22360515594482422,0.3371257781982422,0.22360515594482422,0.01919439487354844
16,39,39,SV39,11.312376976013184,0.3371257781982422,0.07477951049804688,0.07477951049804688,0.006610415358028617
16,40,40,SV40,11.237597465515137,0.07477951049804688,0.07286453247070312,0.07286453247070312,0.006483995595526786
16,41,41,SV41,11.164732933044434,0.07286453247070312,0.10636043548583984,0.07286453247070312,0.006526312174924027
16,42,42,SV42,11.058372497558594,0.10636043548583984,0.3292112350463867,0.10636043548583984,0.009618091225387959
16,43,43,SV43,10.729161262512207,0.3292112350463867,0.2721748352050781,0.2721748352050781,0.025367764408207715
16,44,44,SV44,10.456986427307129,0.2721748352050781,0.04333686828613281,0.04333686828613281,0.004144298033414668
16,45,45,SV45,10.413649559020996,0.04333686828613281,0.17512130737304688,0.04333686828613281,0.004161544714992981
16,46,46,SV46,10.23852825164795,0.17512130737304688,0.34589099884033203,0.17512130737304688,0.017104148474157903
16,47,47,SV47,9.892637252807617,0.34589099884033203,0.10058116912841797,0.10058116912841797,0.010167275576578141
16,48,48,SV48,9.7920560836792,0.10058116912841797,0.16913604736328125,0.10058116912841797,0.010271710891858608
16,49,49,SV49,9.622920036315918,0.16913604736328125,0.09263992309570312,0.09263992309570312,0.009627007472377356
16,50,50,SV50,9.530280113220215,0.09263992309570312,0.14044761657714844,0.09263992309570312,0.009720587642245149
16,51,51,SV51,9.389832496643066,0.14044761657714844,0.07702350616455078,0.07702350616455078,0.008202862638080843
16,52,52,SV52,9.312808990478516,0.07702350616455078,0.15789127349853516,0.07702350616455078,0.008270706104173315
16,53,53,SV53,9.15491771697998,0.15789127349853516,0.07378101348876953,0.07378101348876953,0.008059167298896093
16,54,54,SV54,9.081136703491211,0.07378101348876953,0.34558773040771484,0.07378101348876953,0.008124645173594257
16,55,55,SV55,8.735548973083496,0.34558773040771484,0.18418216705322266,0.18418216705322266,0.021084212065061503
16,56,56,SV56,8.551366806030273,0.18418216705322266,0.0693674087524414,0.0693674087524414,0.00811185045921837
16,57,57,SV57,8.481999397277832,0.0693674087524414,0.10147380828857422,0.0693674087524414,0.008178190719360793
16,58,58,SV58,8.380525588989258,0.10147380828857422,0.14000892639160156,0.10147380828857422,0.012108286910059132
16,59,59,SV59,8.240516662597656,0.14000892639160156,0.11702632904052734,0.11702632904052734,0.01420133394932511
16,60,60,SV60,8.123490333557129,0.11702632904052734,0.2290358543395996,0.11702632904052734,0.014405917190189311
16,61,61,SV61,7.894454479217529,0.2290358543395996,0.20534181594848633,0.20534181594848633,0.026010893658207412
16,62,62,SV62,7.689112663269043,0.20534181594848633,0.08075666427612305,0.08075666427612305,0.010502728703911222
16,63,63,SV63,7.60835599899292,0.08075666427612305,,0.08075666427612305,0.010614206838745768
17,0,0,SV00,62.909645080566406,,14.581295013427734,14.581295013427734,0.23178154947073581
17,1,1,SV01,48.32835006713867,14.581295013427734,13.797618865966797,13.797618865966797,0.2854974119083081
17,2,2,SV02,34.530731201171875,13.797618865966797,4.207527160644531,4.207527160644531,0.12184877105937854
17,3,3,SV03,30.323204040527344,4.207527160644531,3.379009246826172,3.379009246826172,0.11143312040212121
17,4,4,SV04,26.944194793701172,3.379009246826172,0.9523277282714844,0.9523277282714844,0.03534444935404464
17,5,5,SV05,25.991867065429688,0.9523277282714844,1.3590049743652344,0.9523277282714844,0.03663945055867578
17,6,6,SV06,24.632862091064453,1.3590049743652344,1.9153976440429688,1.3590049743652344,0.055170404857591115
17,7,7,SV07,22.717464447021484,1.9153976440429688,0.3330364227294922,0.3330364227294922,0.014659929302680477
17,8,8,SV08,22.384428024291992,0.3330364227294922,1.7948932647705078,0.3330364227294922,0.014878040321962882
17,9,9,SV09,20.589534759521484,1.7948932647705078,0.6840896606445312,0.6840896606445312,0.033225115022483875
17,10,10,SV10,19.905445098876953,0.6840896606445312,0.6375980377197266,0.6375980377197266,0.03203133788531557
17,11,11,SV11,19.267847061157227,0.6375980377197266,0.12937355041503906,0.12937355041503906,0.006714478789685229
17,12,12,SV12,19.138473510742188,0.12937355041503906,0.766998291015625,0.12937355041503906,0.006759867778505077
17,13,13,SV13,18.371475219726562,0.766998291015625,0.39849853515625,0.39849853515625,0.021691156011704387
17,14,14,SV14,17.972976684570312,0.39849853515625,0.4079914093017578,0.39849853515625,0.02217209436978564
17,15,15,SV15,17.564985275268555,0.4079914093017578,0.4583473205566406,0.4079914093017578,0.023227540638830393
17,16,16,SV16,17.106637954711914,0.4583473205566406,0.4786376953125,0.4583473205566406,0.026793536039639618
17,17,17,SV17,16.628000259399414,0.4786376953125,0.2732372283935547,0.2732372283935547,0.016432356514975405
17,18,18,SV18,16.35476303100586,0.2732372283935547,0.42987918853759766,0.2732372283935547,0.016706890089177275
17,19,19,SV19,15.924883842468262,0.42987918853759766,0.10827255249023438,0.10827255249023438,0.006798953986809914
17,20,20,SV20,15.816611289978027,0.10827255249023438,0.4844856262207031,0.10827255249023438,0.006845496200493955
17,21,21,SV21,15.332125663757324,0.4844856262207031,0.22374343872070312,0.22374343872070312,0.014593112763848302
17,22,22,SV22,15.108382225036621,0.22374343872070312,0.7037534713745117,0.22374343872070312,0.014809225460945128
17,23,23,SV23,14.40462875366211,0.7037534713745117,0.247161865234375,0.247161865234375,0.017158502968814014
17,24,24,SV24,14.157466888427734,0.247161865234375,0.38007354736328125,0.247161865234375,0.017458057093278762
17,25,25,SV25,13.777393341064453,0.38007354736328125,0.28484439849853516,0.28484439849853516,0.020674767094696872
17,26,26,SV26,13.492548942565918,0.28484439849853516,0.2927236557006836,0.28484439849853516,0.021111237002810933
17,27,27,SV27,13.199825286865234,0.2927236557006836,0.2096109390258789,0.2096109390258789,0.015879826775772307
17,28,28,SV28,12.990214347839355,0.2096109390258789,0.07931137084960938,0.07931137084960938,0.006105470527728522
17,29,29,SV29,12.910902976989746,0.07931137084960938,0.10641956329345703,0.07931137084960938,0.006142976288409945
17,30,30,SV30,12.804483413696289,0.10641956329345703,0.19909286499023438,0.10641956329345703,0.008311117274721568
17,31,31,SV31,12.605390548706055,0.19909286499023438,0.32016849517822266,0.19909286499023438,0.015794263908044587
17,32,32,SV32,12.285222053527832,0.32016849517822266,0.25660133361816406,0.25660133361816406,0.020886991907849012
17,33,33,SV33,12.028620719909668,0.25660133361816406,0.26423072814941406,0.25660133361816406,0.021332565020812384
17,34,34,SV34,11.764389991760254,0.26423072814941406,0.10773468017578125,0.10773468017578125,0.009157693705431248
17,35,35,SV35,11.656655311584473,0.10773468017578125,0.16704845428466797,0.10773468017578125,0.00924233215240685
17,36,36,SV36,11.489606857299805,0.16704845428466797,0.10474872589111328,0.10474872589111328,0.009116824204003312
17,37,37,SV37,11.384858131408691,0.10474872589111328,0.04280662536621094,0.04280662536621094,0.003759961246079604
17,38,38,SV38,11.34205150604248,0.04280662536621094,0.1925830841064453,0.04280662536621094,0.0037741519110017882
17,39,39,SV39,11.149468421936035,0.1925830841064453,0.1827106475830078,0.1827106475830078,0.016387386435709663
17,40,40,SV40,10.966757774353027,0.1827106475830078,0.04617881774902344,0.04617881774902344,0.0042107994631756795
17,41,41,SV41,10.920578956604004,0.04617881774902344,0.191741943359375,0.04617881774902344,0.004228605271984935
17,42,42,SV42,10.728837013244629,0.191741943359375,0.3716764450073242,0.191741943359375,0.017871642855853968
17,43,43,SV43,10.357160568237305,0.3716764450073242,0.08200550079345703,0.08200550079345703,0.007917758950744319
17,44,44,SV44,10.275155067443848,0.08200550079345703,0.21329784393310547,0.08200550079345703,0.007980950190550997
17,45,45,SV45,10.061857223510742,0.21329784393310547,0.07757282257080078,0.07757282257080078,0.007709592856231604
17,46,46,SV46,9.984284400939941,0.07757282257080078,0.5331535339355469,0.07757282257080078,0.007769492479951584
17,47,47,SV47,9.451130867004395,0.5331535339355469,0.08043670654296875,0.08043670654296875,0.008510802323538638
17,48,48,SV48,9.370694160461426,0.08043670654296875,0.03021526336669922,0.03021526336669922,0.003224442378472779
17,49,49,SV49,9.340478897094727,0.03021526336669922,0.07427692413330078,0.03021526336669922,0.0032348730401925547
17,50,50,SV50,9.266201972961426,0.07427692413330078,0.20747661590576172,0.07427692413330078,0.008015897381693084
17,51,51,SV51,9.058725357055664,0.20747661590576172,0.09293460845947266,0.09293460845947266,0.010259126399840316
17,52,52,SV52,8.965790748596191,0.09293460845947266,0.08620166778564453,0.08620166778564453,0.009614508101155658
17,53,53,SV53,8.879589080810547,0.08620166778564453,0.1203012466430664,0.08620166778564453,0.009707844248325945
17,54,54,SV54,8.75928783416748,0.1203012466430664,0.20983600616455078,0.1203012466430664,0.013734135573648533
17,55,55,SV55,8.54945182800293,0.20983600616455078,0.21617507934570312,0.20983600616455078,0.02454379653643437
17,56,56,SV56,8.333276748657227,0.21617507934570312,0.060050010681152344,0.060050010681152344,0.007206050211980352
17,57,57,SV57,8.273226737976074,0.060050010681152344,0.1520223617553711,0.060050010681152344,0.007258354277359345
17,58,58,SV58,8.121204376220703,0.1520223617553711,0.11734771728515625,0.11734771728515625,0.014449546132437733
17,59,59,SV59,8.003856658935547,0.11734771728515625,0.13112926483154297,0.11734771728515625,0.01466139665984006
17,60,60,SV60,7.872727394104004,0.13112926483154297,0.15162038803100586,0.13112926483154297,0.016656141927351317
17,61,61,SV61,7.721107006072998,0.15162038803100586,0.31763696670532227,0.15162038803100586,0.019637130778235503
17,62,62,SV62,7.403470039367676,0.31763696670532227,0.1390223503112793,0.1390223503112793,0.018777998637400182
17,63,63,SV63,7.2644476890563965,0.1390223503112793,,0.1390223503112793,0.019137359956588437
18,0,0,SV00,62.00959396362305,,19.863975524902344,19.863975524902344,0.3203371326145956
18,1,1,SV01,42.1456184387207,19.863975524902344,10.432329177856445,10.432329177856445,0.2475305752844734
18,2,2,SV02,31.713289260864258,10.432329177856445,3.6248512268066406,3.6248512268066406,0.1143007020492158
18,3,3,SV03,28.088438034057617,3.6248512268066406,3.4083175659179688,3.4083175659179688,0.12134236733937775
18,4,4,SV04,24.68012046813965,3.4083175659179688,0.8086452484130859,0.8086452484130859,0.032765044621925234
18,5,5,SV05,23.871475219726562,0.8086452484130859,1.1656990051269531,0.8086452484130859,0.03387495917071977
18,6,6,SV06,22.70577621459961,1.1656990051269531,0.9325637817382812,0.9325637817382812,0.0410716538789214
18,7,7,SV07,21.773212432861328,0.9325637817382812,1.1964454650878906,0.9325637817382812,0.04283078505819402
18,8,8,SV08,20.576766967773438,1.1964454650878906,0.6989707946777344,0.6989707946777344,0.03396893184300703
18,9,9,SV09,19.877796173095703,0.6989707946777344,0.4495353698730469,0.4495353698730469,0.02261495016643174
18,10,10,SV10,19.428260803222656,0.4495353698730469,1.1021995544433594,0.4495353698730469,0.023138219855401588
18,11,11,SV11,18.326061248779297,1.1021995544433594,0.1919879913330078,0.1919879913330078,0.01047622774619921
18,12,12,SV12,18.13407325744629,0.1919879913330078,0.9665145874023438,0.1919879913330078,0.010587141046988597
18,13,13,SV13,17.167558670043945,0.9665145874023438,0.4295005798339844,0.4295005798339844,0.02501815127525555
18,14,14,SV14,16.73805809020996,0.4295005798339844,0.43203163146972656,0.4295005798339844,0.025660120040161525
18,15,15,SV15,16.306026458740234,0.43203163146972656,0.38160133361816406,0.38160133361816406,0.023402472367118045
18,16,16,SV16,15.92442512512207,0.38160133361816406,0.09639167785644531,0.09639167785644531,0.0060530711218189995
18,17,17,SV17,15.828033447265625,0.09639167785644531,0.3617420196533203,0.09639167785644531,0.006089933924994168
18,18,18,SV18,15.466291427612305,0.3617420196533203,0.06689643859863281,0.06689643859863281,0.004325305708335558
18,19,19,SV19,15.399394989013672,0.06689643859863281,0.4274864196777344,0.06689643859863281,0.00434409524831063
18,20,20,SV20,14.971908569335938,0.4274864196777344,0.4632558822631836,0.4274864196777344,0.028552566808567884
18,21,21,SV21,14.508652687072754,0.4632558822631836,0.381500244140625,0.381500244140625,0.026294670660945842
18,22,22,SV22,14.127152442932129,0.381500244140625,0.46230506896972656,0.381500244140625,0.027004751713533826
18,23,23,SV23,13.664847373962402,0.46230506896972656,0.3265876770019531,0.3265876770019531,0.023899840815218145
18,24,24,SV24,13.33825969696045,0.3265876770019531,0.2225189208984375,0.2225189208984375,0.016682755168513145
18,25,25,SV25,13.115740776062012,0.2225189208984375,0.14153194427490234,0.14153194427490234,0.010790998899064638
18,26,26,SV26,12.97420883178711,0.14153194427490234,0.49816226959228516,0.14153194427490234,0.010908714828772127
18,27,27,SV27,12.476046562194824,0.49816226959228516,0.3022422790527344,0.3022422790527344,0.024225805630494777
18,28,28,SV28,12.17380428314209,0.3022422790527344,0.03958702087402344,0.03958702087402344,0.0032518200517518037
18,29,29,SV29,12.134217262268066,0.03958702087402344,0.17167091369628906,0.03958702087402344,0.0032624288834122977
18,30,30,SV30,11.962546348571777,0.17167091369628906,0.17704296112060547,0.17167091369628906,0.014350699984270913
18,31,31,SV31,11.785503387451172,0.17704296112060547,0.14619827270507812,0.14619827270507812,0.012404923905138018
18,32,32,SV32,11.639305114746094,0.14619827270507812,0.3056297302246094,0.14619827270507812,0.01256073891557807
18,33,33,SV33,11.333675384521484,0.3056297302246094,0.11809921264648438,0.11809921264648438,0.010420204270873477
18,34,34,SV34,11.215576171875,0.11809921264648438,0.24387550354003906,0.11809921264648438,0.010529928274450902
18,35,35,SV35,10.971700668334961,0.24387550354003906,0.16353797912597656,0.16353797912597656,0.01490543572683839
18,36,36,SV36,10.808162689208984,0.16353797912597656,0.11394500732421875,0.11394500732421875,0.010542495574940131
18,37,37,SV37,10.694217681884766,0.11394500732421875,0.14101314544677734,0.11394500732421875,0.010654824009916441
18,38,38,SV38,10.553204536437988,0.14101314544677734,0.08574485778808594,0.08574485778808594,0.008125006721136413
18,39,39,SV39,10.467459678649902,0.08574485778808594,0.35877418518066406,0.08574485778808594,0.00819156322741578
18,40,40,SV40,10.108685493469238,0.35877418518066406,0.02915191650390625,0.02915191650390625,0.002883848401727403
18,41,41,SV41,10.079533576965332,0.02915191650390625,0.2227039337158203,0.02915191650390625,0.0028921890364576853
18,42,42,SV42,9.856829643249512,0.2227039337158203,0.01810932159423828,0.01810932159423828,0.0018372359318029323
18,43,43,SV43,9.838720321655273,0.01810932159423828,0.03710460662841797,0.01810932159423828,0.0018406175805586427
18,44,44,SV44,9.801615715026855,0.03710460662841797,0.26695823669433594,0.03710460662841797,0.0037855602287623765
18,45,45,SV45,9.53465747833252,0.26695823669433594,0.31331443786621094,0.26695823669433594,0.027998723320790255
18,46,46,SV46,9.221343040466309,0.31331443786621094,0.2402791976928711,0.2402791976928711,0.026056854911312415
18,47,47,SV47,8.981063842773438,0.2402791976928711,0.1026773452758789,0.1026773452758789,0.011432648411523949
18,48,48,SV48,8.878386497497559,0.1026773452758789,0.10110759735107422,0.10110759735107422,0.011388059911513445
18,49,49,SV49,8.777278900146484,0.10110759735107422,0.20537948608398438,0.10110759735107422,0.011519241726429227
18,50,50,SV50,8.5718994140625,0.20537948608398438,0.12380790710449219,0.12380790710449219,0.01444346242577007
18,51,51,SV51,8.448091506958008,0.12380790710449219,0.12251091003417969,0.12251091003417969,0.014501607840454544
18,52,52,SV52,8.325580596923828,0.12251091003417969,0.16668224334716797,0.12251091003417969,0.014714998985109286
18,53,53,SV53,8.15889835357666,0.16668224334716797,0.25435590744018555,0.16668224334716797,0.020429503607444572
18,54,54,SV54,7.904542446136475,0.25435590744018555,0.07387685775756836,0.07387685775756836,0.009346127022656114
18,55,55,SV55,7.830665588378906,0.07387685775756836,0.05156993865966797,0.05156993865966797,0.0065856392509214415
18,56,56,SV56,7.779095649719238,0.05156993865966797,0.1976613998413086,0.05156993865966797,0.006629297412165027
18,57,57,SV57,7.58143424987793,0.1976613998413086,0.11051177978515625,0.11051177978515625,0.014576632355142515
18,58,58,SV58,7.470922470092773,0.11051177978515625,0.06171083450317383,0.06171083450317383,0.00826013584670589
18,59,59,SV59,7.4092116355896,0.06171083450317383,0.1678457260131836,0.06171083450317383,0.00832893397277929
18,60,60,SV60,7.241365909576416,0.1678457260131836,0.14518022537231445,0.14518022537231445,0.020048734891344108
18,61,61,SV61,7.096185684204102,0.14518022537231445,0.23687076568603516,0.14518022537231445,0.020458910157252694
18,62,62,SV62,6.859314918518066,0.23687076568603516,0.09568548202514648,0.09568548202514648,0.013949714098535518
18,63,63,SV63,6.76362943649292,0.09568548202514648,,0.09568548202514648,0.014147061562669134
19,0,0,SV00,52.9921875,,18.075416564941406,18.075416564941406,0.34109587502764266
19,1,1,SV01,34.916770935058594,18.075416564941406,9.346879959106445,9.346879959106445,0.26769027343595514
19,2,2,SV02,25.56989097595215,9.346879959106445,2.706045150756836,2.706045150756836,0.10582935818153487
19,3,3,SV03,22.863845825195312,2.706045150756836,2.166044235229492,2.166044235229492,0.09473665330801753
19,4,4,SV04,20.69780158996582,2.166044235229492,1.0582237243652344,1.0582237243652344,0.05112734894889781
19,5,5,SV05,19.639577865600586,1.0582237243652344,0.43332481384277344,0.43332481384277344,0.02206385579202072
19,6,6,SV06,19.206253051757812,0.43332481384277344,0.6766738891601562,0.43332481384277344,0.022561652846863553
19,7,7,SV07,18.529579162597656,0.6766738891601562,0.26679420471191406,0.26679420471191406,0.014398287320547666
19,8,8,SV08,18.262784957885742,0.26679420471191406,1.2769222259521484,0.26679420471191406,0.01460862652257832
19,9,9,SV09,16.985862731933594,1.2769222259521484,0.31316375732421875,0.31316375732421875,0.01843672954777079
19,10,10,SV10,16.672698974609375,0.31316375732421875,0.5186653137207031,0.31316375732421875,0.018783027139225122
19,11,11,SV11,16.154033660888672,0.5186653137207031,0.9754257202148438,0.5186653137207031,0.03210748006403313
19,12,12,SV12,15.178607940673828,0.9754257202148438,0.15616893768310547,0.15616893768310547,0.010288752321260142
19,13,13,SV13,15.022439002990723,0.15616893768310547,0.6627740859985352,0.15616893768310547,0.010395711219197813
19,14,14,SV14,14.359664916992188,0.6627740859985352,0.30303382873535156,0.30303382873535156,0.02110312674335202
19,15,15,SV15,14.056631088256836,0.30303382873535156,0.2793426513671875,0.2793426513671875,0.01987266007148437
19,16,16,SV16,13.777288436889648,0.2793426513671875,0.17246532440185547,0.17246532440185547,0.012518089113970175
19,17,17,SV17,13.604823112487793,0.17246532440185547,0.3560819625854492,0.17246532440185547,0.012676778152561975
19,18,18,SV18,13.248741149902344,0.3560819625854492,0.1620044708251953,0.1620044708251953,0.012227914259339986
19,19,19,SV19,13.086736679077148,0.1620044708251953,0.4756011962890625,0.1620044708251953,0.012379287120845435
19,20,20,SV20,12.611135482788086,0.4756011962890625,0.3844623565673828,0.3844623565673828,0.03048594292655917
19,21,21,SV21,12.226673126220703,0.3844623565673828,0.2385396957397461,0.2385396957397461,0.01950977942055112
19,22,22,SV22,11.988133430480957,0.2385396957397461,0.1348733901977539,0.1348733901977539,0.011250574660340835
19,23,23,SV23,11.853260040283203,0.1348733901977539,0.3617668151855469,0.1348733901977539,0.01137859034049602
19,24,24,SV24,11.491493225097656,0.3617668151855469,0.31226634979248047,0.31226634979248047,0.02717369654889448
19,25,25,SV25,11.179226875305176,0.31226634979248047,0.2623720169067383,0.2623720169067383,0.02346960302651304
19,26,26,SV26,10.916854858398438,0.2623720169067383,0.19496917724609375,0.19496917724609375,0.01785946408329338
19,27,27,SV27,10.721885681152344,0.19496917724609375,0.07680511474609375,0.07680511474609375,0.007163396162776383
19,28,28,SV28,10.64508056640625,0.07680511474609375,0.12595844268798828,0.07680511474609375,0.007215080643774117
19,29,29,SV29,10.519122123718262,0.12595844268798828,0.23473453521728516,0.12595844268798828,0.01197423522671918
19,30,30,SV30,10.284387588500977,0.23473453521728516,0.1003866195678711,0.1003866195678711,0.009761069261928037
19,31,31,SV31,10.184000968933105,0.1003866195678711,0.023649215698242188,0.023649215698242188,0.0023221929937345363
19,32,32,SV32,10.160351753234863,0.023649215698242188,0.36177539825439453,0.023649215698242188,0.002327598125794486
19,33,33,SV33,9.798576354980469,0.36177539825439453,0.08675003051757812,0.08675003051757812,0.008853330052736119
19,34,34,SV34,9.71182632446289,0.08675003051757812,0.10782241821289062,0.08675003051757812,0.00893241164116223
19,35,35,SV35,9.60400390625,0.10782241821289062,0.26627254486083984,0.10782241821289062,0.011226819487518431
19,36,36,SV36,9.33773136138916,0.26627254486083984,0.07518291473388672,0.07518291473388672,0.008051518278279305
19,37,37,SV37,9.262548446655273,0.07518291473388672,0.1718597412109375,0.07518291473388672,0.008116871416854552
19,38,38,SV38,9.090688705444336,0.1718597412109375,0.10240936279296875,0.10240936279296875,0.011265303005220788
19,39,39,SV39,8.988279342651367,0.10240936279296875,0.11755180358886719,0.10240936279296875,0.011393655992311425
19,40,40,SV40,8.8707275390625,0.11755180358886719,0.06624889373779297,0.06624889373779297,0.0074682593334159
19,41,41,SV41,8.804478645324707,0.06624889373779297,0.1249551773071289,0.06624889373779297,0.007524453906532217
19,42,42,SV42,8.679523468017578,0.1249551773071289,0.10473251342773438,0.10473251342773438,0.012066620225598111
19,43,43,SV43,8.574790954589844,0.10473251342773438,0.17963218688964844,0.10473251342773438,0.012214001948545931
19,44,44,SV44,8.395158767700195,0.17963218688964844,0.09359073638916016,0.09359073638916016,0.011148179442328616
19,45,45,SV45,8.301568031311035,0.09359073638916016,0.11742401123046875,0.09359073638916016,0.011273862484311862
19,46,46,SV46,8.184144020080566,0.11742401123046875,0.10727596282958984,0.10727596282958984,0.013107780430840195
19,47,47,SV47,8.076868057250977,0.10727596282958984,0.23740053176879883,0.10727596282958984,0.013281876349742183
19,48,48,SV48,7.839467525482178,0.23740053176879883,0.2040867805480957,0.2040867805480957,0.026033245228035184
19,49,49,SV49,7.635380744934082,0.2040867805480957,0.07875537872314453,0.07875537872314453,0.010314531960360602
19,50,50,SV50,7.5566253662109375,0.07875537872314453,0.14472723007202148,0.07875537872314453,0.01042203032524216
19,51,51,SV51,7.411898136138916,0.14472723007202148,0.05672264099121094,0.05672264099121094,0.007652916965310521
19,52,52,SV52,7.355175495147705,0.05672264099121094,0.12553882598876953,0.05672264099121094,0.007711935769395512
19,53,53,SV53,7.2296366691589355,0.12553882598876953,0.07288503646850586,0.07288503646850586,0.010081424531253103
19,54,54,SV54,7.15675163269043,0.07288503646850586,0.10331916809082031,0.07288503646850586,0.010184094713526654
19,55,55,SV55,7.053432464599609,0.10331916809082031,0.13447856903076172,0.10331916809082031,0.01464806937747936
19,56,56,SV56,6.918953895568848,0.13447856903076172,0.1466670036315918,0.13447856903076172,0.019436257425690717
19,57,57,SV57,6.772286891937256,0.1466670036315918,0.07842683792114258,0.07842683792114258,0.011580554570792568
19,58,58,SV58,6.693860054016113,0.07842683792114258,0.06454753875732422,0.06454753875732422,0.009642797763391789
19,59,59,SV59,6.629312515258789,0.06454753875732422,0.20188570022583008,0.06454753875732422,0.009736686663776096
19,60,60,SV60,6.427426815032959,0.20188570022583008,0.10412073135375977,0.10412073135375977,0.016199442537445034
19,61,61,SV61,6.323306083679199,0.10412073135375977,0.04209327697753906,0.04209327697753906,0.006656846342799082
19,62,62,SV62,6.28121280670166,0.04209327697753906,0.22028160095214844,0.04209327697753906,0.0067014569117333795
19,63,63,SV63,6.060931205749512,0.22028160095214844,,0.22028160095214844,0.036344514312121746
20,0,0,SV00,43.37417221069336,,18.286373138427734,18.286373138427734,0.42159589927388763
20,1,1,SV01,25.087799072265625,18.286373138427734,4.16917610168457,4.16917610168457,0.16618341408408216
20,2,2,SV02,20.918622970581055,4.16917610168457,2.8933067321777344,2.8933067321777344,0.13831248530301166
20,3,3,SV03,18.02531623840332,2.8933067321777344,3.5109481811523438,2.8933067321777344,0.16051350744202106
20,4,4,SV04,14.514368057250977,3.5109481811523438,0.9456701278686523,0.9456701278686523,0.06515406830931379
20,5,5,SV05,13.568697929382324,0.9456701278686523,0.18559932708740234,0.18559932708740234,0.013678492074430846
20,6,6,SV06,13.383098602294922,0.18559932708740234,0.5783891677856445,0.18559932708740234,0.013868187973716037
20,7,7,SV07,12.804709434509277,0.5783891677856445,0.4469900131225586,0.4469900131225586,0.03490825117186182
20,8,8,SV08,12.357719421386719,0.4469900131225586,0.3307762145996094,0.3307762145996094,0.026766768472438047
20,9,9,SV09,12.02694320678711,0.3307762145996094,0.2607593536376953,0.2607593536376953,0.021681265900594108
20,10,10,SV10,11.766183853149414,0.2607593536376953,0.28960514068603516,0.2607593536376953,0.022161760932190324
20,11,11,SV11,11.476578712463379,0.28960514068603516,0.2947673797607422,0.28960514068603516,0.02523444904111786
20,12,12,SV12,11.181811332702637,0.2947673797607422,0.3956918716430664,0.2947673797607422,0.026361326532013406
20,13,13,SV13,10.78611946105957,0.3956918716430664,0.1427450180053711,0.1427450180053711,0.013234140278226492
20,14,14,SV14,10.6433744430542,0.1427450180053711,0.3120298385620117,0.1427450180053711,0.013411631693417083
20,15,15,SV15,10.331344604492188,0.3120298385620117,0.22184371948242188,0.22184371948242188,0.021472879666211277
20,16,16,SV16,10.109500885009766,0.22184371948242188,0.10552787780761719,0.10552787780761719,0.010438485441362642
20,17,17,SV17,10.003973007202148,0.10552787780761719,0.21255874633789062,0.10552787780761719,0.010548596815649606
20,18,18,SV18,9.791414260864258,0.21255874633789062,0.2729616165161133,0.21255874633789062,0.02170868688371977
20,19,19,SV19,9.518452644348145,0.2729616165161133,0.18555450439453125,0.18555450439453125,0.019494187902979125
20,20,20,SV20,9.332898139953613,0.18555450439453125,0.21480655670166016,0.18555450439453125,0.01988176680083787
20,21,21,SV21,9.118091583251953,0.21480655670166016,0.0850057601928711,0.0850057601928711,0.009322757883788871
20,22,22,SV22,9.033085823059082,0.0850057601928711,0.04320526123046875,0.04320526123046875,0.004783001299531233
20,23,23,SV23,8.989880561828613,0.04320526123046875,0.35025882720947266,0.04320526123046875,0.004805988348045467
20,24,24,SV24,8.63962173461914,0.35025882720947266,0.161529541015625,0.161529541015625,0.018696367268994294
20,25,25,SV25,8.478092193603516,0.161529541015625,0.1576395034790039,0.1576395034790039,0.01859374725813179
20,26,26,SV26,8.320452690124512,0.1576395034790039,0.03417205810546875,0.03417205810546875,0.004106995061221528
20,27,27,SV27,8.286280632019043,0.03417205810546875,0.19940757751464844,0.03417205810546875,0.004123932029700321
20,28,28,SV28,8.086873054504395,0.19940757751464844,0.043082237243652344,0.043082237243652344,0.005327428408147881
20,29,29,SV29,8.043790817260742,0.043082237243652344,0.09691333770751953,0.043082237243652344,0.005355961911789708
20,30,30,SV30,7.946877479553223,0.09691333770751953,0.23196840286254883,0.09691333770751953,0.01219514683054709
20,31,31,SV31,7.714909076690674,0.23196840286254883,0.1563410758972168,0.1563410758972168,0.020264798242350723
20,32,32,SV32,7.558568000793457,0.1563410758972168,0.2134556770324707,0.1563410758972168,0.02068395440522662
20,33,33,SV33,7.345112323760986,0.2134556770324707,0.07453393936157227,0.07453393936157227,0.01014741995441779
20,34,34,SV34,7.270578384399414,0.07453393936157227,0.1445469856262207,0.07453393936157227,0.010251445678861097
20,35,35,SV35,7.126031398773193,0.1445469856262207,0.10460615158081055,0.10460615158081055,0.014679440171821215
20,36,36,SV36,7.021425247192383,0.10460615158081055,0.05762338638305664,0.05762338638305664,0.00820679340082673
20,37,37,SV37,6.963801860809326,0.05762338638305664,0.1377887725830078,0.05762338638305664,0.008274702172005753
20,38,38,SV38,6.826013088226318,0.1377887725830078,0.08143424987792969,0.08143424987792969,0.011929987362372562
20,39,39,SV39,6.744578838348389,0.08143424987792969,0.10559892654418945,0.08143424987792969,0.012074030392366396
20,40,40,SV40,6.638979911804199,0.10559892654418945,0.01196146011352539,0.01196146011352539,0.0018017015072236847
20,41,41,SV41,6.627018451690674,0.01196146011352539,0.11086797714233398,0.01196146011352539,0.0018049534946554741
20,42,42,SV42,6.51615047454834,0.11086797714233398,0.09905242919921875,0.09905242919921875,0.015201065350794322
20,43,43,SV43,6.417098045349121,0.09905242919921875,0.02372884750366211,0.02372884750366211,0.0036977536163499813
20,44,44,SV44,6.393369197845459,0.02372884750366211,0.1589670181274414,0.02372884750366211,0.0037114777466095094
20,45,45,SV45,6.234402179718018,0.1589670181274414,0.031241893768310547,0.031241893768310547,0.005011209233492796
20,46,46,SV46,6.203160285949707,0.031241893768310547,0.09285974502563477,0.031241893768310547,0.005036447927852858
20,47,47,SV47,6.110300540924072,0.09285974502563477,0.11351823806762695,0.09285974502563477,0.015197246748126633
20,48,48,SV48,5.996782302856445,0.11351823806762695,0.10245990753173828,0.10245990753173828,0.017085814084485538
20,49,49,SV49,5.894322395324707,0.10245990753173828,0.0731816291809082,0.0731816291809082,0.012415613580783235
20,50,50,SV50,5.821140766143799,0.0731816291809082,0.08372259140014648,0.0731816291809082,0.012571698936836946
20,51,51,SV51,5.737418174743652,0.08372259140014648,0.07507038116455078,0.07507038116455078,0.013084348896689045
20,52,52,SV52,5.662347793579102,0.07507038116455078,0.0941629409790039,0.07507038116455078,0.013257818823788587
20,53,53,SV53,5.568184852600098,0.0941629409790039,0.07152700424194336,0.07152700424194336,0.012845659067612203
20,54,54,SV54,5.496657848358154,0.07152700424194336,0.10784053802490234,0.07152700424194336,0.013012817281924943
20,55,55,SV55,5.388817310333252,0.10784053802490234,0.08808517456054688,0.08808517456054688,0.016345919612387003
20,56,56,SV56,5.300732135772705,0.08808517456054688,0.011448860168457031,0.011448860168457031,0.0021598639348690825
20,57,57,SV57,5.289283275604248,0.011448860168457031,0.1922011375427246,0.011448860168457031,0.0021645390446873186
20,58,58,SV58,5.097082138061523,0.1922011375427246,0.1180105209350586,0.1180105209350586,0.023152564102084355
20,59,59,SV59,4.979071617126465,0.1180105209350586,0.10596942901611328,0.10596942901611328,0.021282969429805197
20,60,60,SV60,4.873102188110352,0.10596942901611328,0.03947639465332031,0.03947639465332031,0.008100875608485469
20,61,61,SV61,4.833625793457031,0.03947639465332031,0.0603790283203125,0.03947639465332031,0.008167035749179626
20,62,62,SV62,4.773246765136719,0.0603790283203125,0.10815811157226562,0.0603790283203125,0.012649467184750312
20,63,63,SV63,4.665088653564453,0.10815811157226562,,0.10815811157226562,0.023184577958582905
21,0,0,SV00,36.46719741821289,,11.947547912597656,11.947547912597656,0.32762451623525823
21,1,1,SV01,24.519649505615234,11.947547912597656,4.716436386108398,4.716436386108398,0.19235333625092355
21,2,2,SV02,19.803213119506836,4.716436386108398,7.647472381591797,4.716436386108398,0.2381652087288072
21,3,3,SV03,12.155740737915039,7.647472381591797,2.51729679107666,2.51729679107666,0.20708707476994354
21,4,4,SV04,9.638443946838379,2.51729679107666,0.5769329071044922,0.5769329071044922,0.05985747391245024
21,5,5,SV05,9.061511039733887,0.5769329071044922,0.666468620300293,0.5769329071044922,0.06366851009447484
21,6,6,SV06,8.395042419433594,0.666468620300293,0.40288591384887695,0.40288591384887695,0.047990932471793195
21,7,7,SV07,7.992156505584717,0.40288591384887695,0.1874847412109375,0.1874847412109375,0.023458592318597354
21,8,8,SV08,7.804671764373779,0.1874847412109375,0.4304690361022949,0.1874847412109375,0.024022117376768456
21,9,9,SV09,7.374202728271484,0.4304690361022949,0.13170433044433594,0.13170433044433594,0.017860145062109985
21,10,10,SV10,7.242498397827148,0.13170433044433594,0.12928342819213867,0.12928342819213867,0.017850667144217184
21,11,11,SV11,7.11321496963501,0.12928342819213867,0.18118667602539062,0.12928342819213867,0.018175104891954702
21,12,12,SV12,6.932028293609619,0.18118667602539062,0.37958765029907227,0.18118667602539062,0.026137613459024673
21,13,13,SV13,6.552440643310547,0.37958765029907227,0.1693286895751953,0.1693286895751953,0.025842079126358008
21,14,14,SV14,6.383111953735352,0.1693286895751953,0.08014583587646484,0.08014583587646484,0.012555918877400242
21,15,15,SV15,6.302966117858887,0.08014583587646484,0.08294677734375,0.08014583587646484,0.012715574600564461
21,16,16,SV16,6.220019340515137,0.08294677734375,0.26114463806152344,0.08294677734375,0.013335453284439533
21,17,17,SV17,5.958874702453613,0.26114463806152344,0.08984518051147461,0.08984518051147461,0.015077541481864043
21,18,18,SV18,5.869029521942139,0.08984518051147461,0.12752914428710938,0.08984518051147461,0.015308353821628701
21,19,19,SV19,5.741500377655029,0.12752914428710938,0.1543588638305664,0.12752914428710938,0.022211815013272792
21,20,20,SV20,5.587141513824463,0.1543588638305664,0.10681009292602539,0.10681009292602539,0.019117126828046397
21,21,21,SV21,5.4803314208984375,0.10681009292602539,0.024799823760986328,0.024799823760986328,0.004525241606085327
21,22,22,SV22,5.455531597137451,0.024799823760986328,0.1359872817993164,0.024799823760986328,0.004545812505970809
21,23,23,SV23,5.319544315338135,0.1359872817993164,0.11166620254516602,0.11166620254516602,0.020991685739545907
21,24,24,SV24,5.207878112792969,0.11166620254516602,0.22453975677490234,0.11166620254516602,0.02144178495093077
21,25,25,SV25,4.983338356018066,0.22453975677490234,0.09493541717529297,0.09493541717529297,0.01905056618534549
21,26,26,SV26,4.888402938842773,0.09493541717529297,0.13755226135253906,0.09493541717529297,0.019420538438217807
21,27,27,SV27,4.750850677490234,0.13755226135253906,0.04013252258300781,0.04013252258300781,0.008447439270856836
21,28,28,SV28,4.710718154907227,0.04013252258300781,0.0910487174987793,0.04013252258300781,0.008519406439377222
21,29,29,SV29,4.619669437408447,0.0910487174987793,0.040001869201660156,0.040001869201660156,0.008659032803892673
21,30,30,SV30,4.579667568206787,0.040001869201660156,0.0770258903503418,0.040001869201660156,0.008734666568238111
21,31,31,SV31,4.502641677856445,0.0770258903503418,0.0847463607788086,0.0770258903503418,0.017106822141576942
21,32,32,SV32,4.417895317077637,0.0847463607788086,0.03189563751220703,0.03189563751220703,0.007219645379308231
21,33,33,SV33,4.38599967956543,0.03189563751220703,0.0639638900756836,0.03189563751220703,0.007272147706897984
21,34,34,SV34,4.322035789489746,0.0639638900756836,0.11084938049316406,0.0639638900756836,0.014799481816238058
21,35,35,SV35,4.211186408996582,0.11084938049316406,0.05365896224975586,0.05365896224975586,0.012742005942819667
21,36,36,SV36,4.157527446746826,0.05365896224975586,0.04379081726074219,0.04379081726074219,0.010532899138166253
21,37,37,SV37,4.113736629486084,0.04379081726074219,0.09587383270263672,0.04379081726074219,0.010645022082080359
21,38,38,SV38,4.017862796783447,0.09587383270263672,0.036386966705322266,0.036386966705322266,0.009056298969305853
21,39,39,SV39,3.981475830078125,0.036386966705322266,0.05207490921020508,0.036386966705322266,0.00913906507492431
21,40,40,SV40,3.92940092086792,0.05207490921020508,0.08356785774230957,0.05207490921020508,0.013252633228045067
21,41,41,SV41,3.8458330631256104,0.08356785774230957,0.04189252853393555,0.04189252853393555,0.010892965931258696
21,42,42,SV42,3.803940534591675,0.04189252853393555,0.08619809150695801,0.04189252853393555,0.011012929395972381
21,43,43,SV43,3.717742443084717,0.08619809150695801,0.04630923271179199,0.04630923271179199,0.012456277813954187
21,44,44,SV44,3.671433210372925,0.04630923271179199,0.07434415817260742,0.04630923271179199,0.01261339375068957
21,45,45,SV45,3.5970890522003174,0.07434415817260742,0.05617690086364746,0.05617690086364746,0.015617322798634745
21,46,46,SV46,3.54091215133667,0.05617690086364746,0.05066370964050293,0.05066370964050293,0.014308095619197367
21,47,47,SV47,3.490248441696167,0.05066370964050293,0.04492616653442383,0.04492616653442383,0.012871910777959095
21,48,48,SV48,3.445322275161743,0.04492616653442383,0.14478230476379395,0.04492616653442383,0.01303975737141012
21,49,49,SV49,3.300539970397949,0.14478230476379395,0.03849673271179199,0.03849673271179199,0.01166376806736578
21,50,50,SV50,3.2620432376861572,0.03849673271179199,0.09974217414855957,0.03849673271179199,0.011801417058805944
21,51,51,SV51,3.1623010635375977,0.09974217414855957,0.020636320114135742,0.020636320114135742,0.006525729112917015
21,52,52,SV52,3.141664743423462,0.020636320114135742,0.026448726654052734,0.020636320114135742,0.006568593977869329
21,53,53,SV53,3.115216016769409,0.026448726654052734,0.12272095680236816,0.026448726654052734,0.008490174200337161
21,54,54,SV54,2.992495059967041,0.12272095680236816,0.04574394226074219,0.04574394226074219,0.015286221478756929
21,55,55,SV55,2.946751117706299,0.04574394226074219,0.04387521743774414,0.04387521743774414,0.014889352946744911
21,56,56,SV56,2.9028759002685547,0.04387521743774414,0.04588127136230469,0.04387521743774414,0.015114396531276138
21,57,57,SV57,2.85699462890625,0.04588127136230469,0.08345746994018555,0.04588127136230469,0.016059278130274093
21,58,58,SV58,2.7735371589660645,0.08345746994018555,0.0492091178894043,0.0492091178894043,0.01774236834373215
21,59,59,SV59,2.72432804107666,0.0492091178894043,0.008753538131713867,0.008753538131713867,0.0032130998909567624
21,60,60,SV60,2.7155745029449463,0.008753538131713867,0.05150794982910156,0.008753538131713867,0.0032234571808731297
21,61,61,SV61,2.6640665531158447,0.05150794982910156,0.01148843765258789,0.01148843765258789,0.0043123688629892595
21,62,62,SV62,2.652578115463257,0.01148843765258789,0.07956171035766602,0.01148843765258789,0.004331045930604575
21,63,63,SV63,2.573016405105591,0.07956171035766602,,0.07956171035766602,0.030921571350961123
22,0,0,SV00,32.74797821044922,,10.932184219360352,10.932184219360352,0.3338277602698573
22,1,1,SV01,21.815793991088867,10.932184219360352,3.5117149353027344,3.5117149353027344,0.16097121822552826
22,2,2,SV02,18.304079055786133,3.5117149353027344,10.416597366333008,3.5117149353027344,0.1918542268420022
22,3,3,SV03,7.887481689453125,10.416597366333008,1.0760350227355957,1.0760350227355957,0.1364231405030624
22,4,4,SV04,6.811446666717529,1.0760350227355957,0.5388116836547852,0.5388116836547852,0.07910385414710165
22,5,5,SV05,6.272634983062744,0.5388116836547852,0.32858848571777344,0.32858848571777344,0.052384442360351294
22,6,6,SV06,5.944046497344971,0.32858848571777344,0.35448694229125977,0.32858848571777344,0.055280268393685036
22,7,7,SV07,5.589559555053711,0.35448694229125977,0.08516693115234375,0.08516693115234375,0.015236787498818476
22,8,8,SV08,5.504392623901367,0.08516693115234375,0.1943817138671875,0.08516693115234375,0.015472539292079004
22,9,9,SV09,5.31001091003418,0.1943817138671875,0.05330371856689453,0.05330371856689453,0.010038344453524188
22,10,10,SV10,5.256707191467285,0.05330371856689453,0.26141977310180664,0.05330371856689453,0.010140134617620972
22,11,11,SV11,4.9952874183654785,0.26141977310180664,0.16742467880249023,0.16742467880249023,0.033516525633128375
22,12,12,SV12,4.827862739562988,0.16742467880249023,0.18550491333007812,0.16742467880249023,0.03467883985816161
22,13,13,SV13,4.64235782623291,0.18550491333007812,0.1036233901977539,0.1036233901977539,0.02232128458780184
22,14,14,SV14,4.538734436035156,0.1036233901977539,0.12900638580322266,0.1036233901977539,0.022830899595058674
22,15,15,SV15,4.409728050231934,0.12900638580322266,0.07336854934692383,0.07336854934692383,0.01663788526439061
22,16,16,SV16,4.33635950088501,0.07336854934692383,0.03771638870239258,0.03771638870239258,0.008697707995542118
22,17,17,SV17,4.298643112182617,0.03771638870239258,0.19156551361083984,0.03771638870239258,0.008774021875764012
22,18,18,SV18,4.107077598571777,0.19156551361083984,0.08388090133666992,0.08388090133666992,0.02042350048750947
22,19,19,SV19,4.023196697235107,0.08388090133666992,0.0782473087310791,0.0782473087310791,0.019449038816534526
22,20,20,SV20,3.9449493885040283,0.0782473087310791,0.11912226676940918,0.0782473087310791,0.019834806742793577
22,21,21,SV21,3.825827121734619,0.11912226676940918,0.028955936431884766,0.028955936431884766,0.007568542830224965
22,22,22,SV22,3.7968711853027344,0.028955936431884766,0.04681205749511719,0.028955936431884766,0.007626262524778289
22,23,23,SV23,3.750059127807617,0.04681205749511719,0.12393975257873535,0.04681205749511719,0.012483018507093446
22,24,24,SV24,3.626119375228882,0.12393975257873535,0.07029080390930176,0.07029080390930176,0.019384580769590626
22,25,25,SV25,3.55582857131958,0.07029080390930176,0.014409780502319336,0.014409780502319336,0.004052439596932486
22,26,26,SV26,3.5414187908172607,0.014409780502319336,0.08786916732788086,0.014409780502319336,0.004068928684651261
22,27,27,SV27,3.45354962348938,0.08786916732788086,0.033417463302612305,0.033417463302612305,0.009676265566107064
22,28,28,SV28,3.4201321601867676,0.033417463302612305,0.03897976875305176,0.033417463302612305,0.009770810523528843
22,29,29,SV29,3.381152391433716,0.03897976875305176,0.04812741279602051,0.03897976875305176,0.011528545371633812
22,30,30,SV30,3.3330249786376953,0.04812741279602051,0.07170391082763672,0.04812741279602051,0.014439559590606965
22,31,31,SV31,3.2613210678100586,0.07170391082763672,0.03246665000915527,0.03246665000915527,0.00995506095048663
22,32,32,SV32,3.2288544178009033,0.03246665000915527,0.05548977851867676,0.03246665000915527,0.010055160688002633
22,33,33,SV33,3.1733646392822266,0.05548977851867676,0.08193063735961914,0.05548977851867676,0.017486102237285854
22,34,34,SV34,3.0914340019226074,0.08193063735961914,0.03371262550354004,0.03371262550354004,0.010905173936294183
22,35,35,SV35,3.0577213764190674,0.03371262550354004,0.041249752044677734,0.03371262550354004,0.01102540792746175
22,36,36,SV36,3.0164716243743896,0.041249752044677734,0.08975982666015625,0.041249752044677734,0.01367483509918077
22,37,37,SV37,2.9267117977142334,0.08975982666015625,0.0533292293548584,0.0533292293548584,0.018221551365771173
22,38,38,SV38,2.873382568359375,0.0533292293548584,0.03294658660888672,0.03294658660888672,0.011466132972226647
22,39,39,SV39,2.8404359817504883,0.03294658660888672,0.05029416084289551,0.03294658660888672,0.011599130140783028
22,40,40,SV40,2.7901418209075928,0.05029416084289551,0.05159616470336914,0.05029416084289551,0.018025664669093968
22,41,41,SV41,2.7385456562042236,0.05159616470336914,0.010487556457519531,0.010487556457519531,0.00382960803803281
22,42,42,SV42,2.728058099746704,0.010487556457519531,0.07766366004943848,0.010487556457519531,0.0038443303163130157
22,43,43,SV43,2.6503944396972656,0.07766366004943848,0.07657122611999512,0.07657122611999512,0.02889050209777125
22,44,44,SV44,2.5738232135772705,0.07657122611999512,0.02950263023376465,0.02950263023376465,0.011462570575218309
22,45,45,SV45,2.544320583343506,0.02950263023376465,0.0582890510559082,0.02950263023376465,0.01159548463621478
22,46,46,SV46,2.4860315322875977,0.0582890510559082,0.056121110916137695,0.056121110916137695,0.022574577267930364
22,47,47,SV47,2.42991042137146,0.056121110916137695,0.029365062713623047,0.029365062713623047,0.01208483343885952
22,48,48,SV48,2.400545358657837,0.029365062713623047,0.08896374702453613,0.029365062713623047,0.012232663135364072
22,49,49,SV49,2.311581611633301,0.08896374702453613,0.028817415237426758,0.028817415237426758,0.012466535939029709
22,50,50,SV50,2.282764196395874,0.028817415237426758,0.025671720504760742,0.025671720504760742,0.01124589239015241
22,51,51,SV51,2.2570924758911133,0.025671720504760742,0.06819367408752441,0.025671720504760742,0.011373800931495018
22,52,52,SV52,2.188898801803589,0.06819367408752441,0.021114587783813477,0.021114587783813477,0.009646214693167026
22,53,53,SV53,2.1677842140197754,0.021114587783813477,0.014750480651855469,0.014750480651855469,0.0068044044958253894
22,54,54,SV54,2.15303373336792,0.014750480651855469,0.046027421951293945,0.014750480651855469,0.006851021618124755
22,55,55,SV55,2.107006311416626,0.046027421951293945,0.026336193084716797,0.026336193084716797,0.012499342285790261
22,56,56,SV56,2.080670118331909,0.026336193084716797,0.03440999984741211,0.026336193084716797,0.01265755337796207
22,57,57,SV57,2.046260118484497,0.03440999984741211,0.01723456382751465,0.01723456382751465,0.008422469690842104
22,58,58,SV58,2.0290255546569824,0.01723456382751465,0.015241384506225586,0.015241384506225586,0.007511676958056954
22,59,59,SV59,2.013784170150757,0.015241384506225586,0.04781472682952881,0.015241384506225586,0.007568529305245546
22,60,60,SV60,1.965969443321228,0.04781472682952881,0.022646784782409668,0.022646784782409668,0.011519398157150968
22,61,61,SV61,1.9433226585388184,0.022646784782409668,0.029413938522338867,0.022646784782409668,0.011653641088833778
22,62,62,SV62,1.9139087200164795,0.029413938522338867,0.013072609901428223,0.013072609901428223,0.006830320466545375
22,63,63,SV63,1.9008361101150513,0.013072609901428223,,0.013072609901428223,0.006877294592555368
