subject,relation,prompt,ablate_position,ablate_token,seq_len,band,condition,replicate,clean_top1,clean_top1_logp,abl_top1,abl_top1_logp,clean_top1_logp_under_abl,delta_logp_clean_top1,rank_of_clean_top1_under_abl,kl_clean_vs_abl,top1_changed,clean_top1_str,abl_top1_str
Miles Davis,birth_city,Miles Davis was born in the city of,2, Davis,9,9-13,jspace,0,2036,-1.2710586786270142,2036,-1.5964115858078003,-1.5964115858078003,-0.32535290718078613,1,0.5130138993263245,0, New, New
Miles Davis,birth_city,Miles Davis was born in the city of,2, Davis,9,9-13,random,0,2036,-1.2710586786270142,2036,-1.0350250005722046,-1.0350250005722046,0.23603367805480957,1,0.026152407750487328,0, New, New
Miles Davis,birth_city,Miles Davis was born in the city of,2, Davis,9,9-13,random,1,2036,-1.2710586786270142,2036,-1.2271544933319092,-1.2271544933319092,0.04390418529510498,1,0.007327919360250235,0, New, New
Miles Davis,birth_city,Miles Davis was born in the city of,2, Davis,9,9-17,jspace,0,2036,-1.2710586786270142,2036,-1.3826069831848145,-1.3826069831848145,-0.11154830455780029,1,0.4750286936759949,0, New, New
Miles Davis,birth_city,Miles Davis was born in the city of,2, Davis,9,9-17,random,0,2036,-1.2710586786270142,2036,-0.9937489628791809,-0.9937489628791809,0.27730971574783325,1,0.11544103920459747,0, New, New
Miles Davis,birth_city,Miles Davis was born in the city of,2, Davis,9,9-17,random,1,2036,-1.2710586786270142,2036,-1.2048145532608032,-1.2048145532608032,0.06624412536621094,1,0.10618339478969574,0, New, New
Miles Davis,birth_city,Miles Davis was born in the city of,2, Davis,9,6-20,jspace,0,2036,-1.2710586786270142,2036,-1.574511170387268,-1.574511170387268,-0.3034524917602539,1,0.8234488368034363,0, New, New
Miles Davis,birth_city,Miles Davis was born in the city of,2, Davis,9,6-20,random,0,2036,-1.2710586786270142,2036,-1.8478691577911377,-1.8478691577911377,-0.5768104791641235,1,0.27647194266319275,0, New, New
Miles Davis,birth_city,Miles Davis was born in the city of,2, Davis,9,6-20,random,1,2036,-1.2710586786270142,2036,-1.5925507545471191,-1.5925507545471191,-0.321492075920105,1,0.16435924172401428,0, New, New
Miles Davis,birth_year,Miles Davis was born in the year,2, Davis,8,9-13,jspace,0,220,-0.47782766819000244,220,-0.46417105197906494,-0.46417105197906494,0.0136566162109375,1,0.0022174811456352472,0, , 
Miles Davis,birth_year,Miles Davis was born in the year,2, Davis,8,9-13,random,0,220,-0.47782766819000244,220,-0.48615917563438416,-0.48615917563438416,-0.008331507444381714,1,0.00038157153176143765,0, , 
Miles Davis,birth_year,Miles Davis was born in the year,2, Davis,8,9-13,random,1,220,-0.47782766819000244,220,-0.4858383238315582,-0.4858383238315582,-0.008010655641555786,1,0.00028483563801273704,0, , 
Miles Davis,birth_year,Miles Davis was born in the year,2, Davis,8,9-17,jspace,0,220,-0.47782766819000244,220,-0.4439263641834259,-0.4439263641834259,0.03390130400657654,1,0.005554205738008022,0, , 
Miles Davis,birth_year,Miles Davis was born in the year,2, Davis,8,9-17,random,0,220,-0.47782766819000244,220,-0.47244125604629517,-0.47244125604629517,0.005386412143707275,1,0.0023216530680656433,0, , 
Miles Davis,birth_year,Miles Davis was born in the year,2, Davis,8,9-17,random,1,220,-0.47782766819000244,220,-0.47977080941200256,-0.47977080941200256,-0.001943141222000122,1,0.00030206015799194574,0, , 
Miles Davis,birth_year,Miles Davis was born in the year,2, Davis,8,6-20,jspace,0,220,-0.47782766819000244,220,-0.5234943628311157,-0.5234943628311157,-0.04566669464111328,1,0.018577948212623596,0, , 
Miles Davis,birth_year,Miles Davis was born in the year,2, Davis,8,6-20,random,0,220,-0.47782766819000244,220,-0.458751380443573,-0.458751380443573,0.019076287746429443,1,0.003301091957837343,0, , 
Miles Davis,birth_year,Miles Davis was born in the year,2, Davis,8,6-20,random,1,220,-0.47782766819000244,220,-0.4344944357872009,-0.4344944357872009,0.043333232402801514,1,0.003857982810586691,0, , 
Miles Davis,birth_country,Miles Davis was born in the country of,2, Davis,9,9-13,jspace,0,290,-0.9284564852714539,290,-1.067193627357483,-1.067193627357483,-0.13873714208602905,1,0.025474432855844498,0, the, the
Miles Davis,birth_country,Miles Davis was born in the country of,2, Davis,9,9-13,random,0,290,-0.9284564852714539,290,-0.945271372795105,-0.945271372795105,-0.016814887523651123,1,0.00550278602167964,0, the, the
Miles Davis,birth_country,Miles Davis was born in the country of,2, Davis,9,9-13,random,1,290,-0.9284564852714539,290,-0.8706948757171631,-0.8706948757171631,0.05776160955429077,1,0.005309466738253832,0, the, the
Miles Davis,birth_country,Miles Davis was born in the country of,2, Davis,9,9-17,jspace,0,290,-0.9284564852714539,290,-1.0660107135772705,-1.0660107135772705,-0.13755422830581665,1,0.03546377271413803,0, the, the
Miles Davis,birth_country,Miles Davis was born in the country of,2, Davis,9,9-17,random,0,290,-0.9284564852714539,290,-0.9265892505645752,-0.9265892505645752,0.0018672347068786621,1,0.007946688681840897,0, the, the
Miles Davis,birth_country,Miles Davis was born in the country of,2, Davis,9,9-17,random,1,290,-0.9284564852714539,290,-0.8779783844947815,-0.8779783844947815,0.05047810077667236,1,0.008900436572730541,0, the, the
Miles Davis,birth_country,Miles Davis was born in the country of,2, Davis,9,6-20,jspace,0,290,-0.9284564852714539,290,-1.0584717988967896,-1.0584717988967896,-0.1300153136253357,1,0.14889094233512878,0, the, the
Miles Davis,birth_country,Miles Davis was born in the country of,2, Davis,9,6-20,random,0,290,-0.9284564852714539,290,-1.016887903213501,-1.016887903213501,-0.08843141794204712,1,0.01873151585459709,0, the, the
Miles Davis,birth_country,Miles Davis was born in the country of,2, Davis,9,6-20,random,1,290,-0.9284564852714539,290,-0.9819159507751465,-0.9819159507751465,-0.05345946550369263,1,0.01642603799700737,0, the, the
Miles Davis,death_year,Miles Davis died in the year,2, Davis,7,9-13,jspace,0,220,-0.5125277042388916,220,-0.5903196334838867,-0.5903196334838867,-0.07779192924499512,1,0.006405158434063196,0, , 
Miles Davis,death_year,Miles Davis died in the year,2, Davis,7,9-13,random,0,220,-0.5125277042388916,220,-0.5133761763572693,-0.5133761763572693,-0.0008484721183776855,1,0.0004616783407982439,0, , 
Miles Davis,death_year,Miles Davis died in the year,2, Davis,7,9-13,random,1,220,-0.5125277042388916,220,-0.5031867623329163,-0.5031867623329163,0.009340941905975342,1,0.00027888204203918576,0, , 
Miles Davis,death_year,Miles Davis died in the year,2, Davis,7,9-17,jspace,0,220,-0.5125277042388916,220,-0.5665165781974792,-0.5665165781974792,-0.053988873958587646,1,0.0049169291742146015,0, , 
Miles Davis,death_year,Miles Davis died in the year,2, Davis,7,9-17,random,0,220,-0.5125277042388916,220,-0.48868831992149353,-0.48868831992149353,0.02383938431739807,1,0.0014390157302841544,0, , 
Miles Davis,death_year,Miles Davis died in the year,2, Davis,7,9-17,random,1,220,-0.5125277042388916,220,-0.5223808288574219,-0.5223808288574219,-0.009853124618530273,1,0.00038874457823112607,0, , 
Miles Davis,death_year,Miles Davis died in the year,2, Davis,7,6-20,jspace,0,220,-0.5125277042388916,220,-0.5947133302688599,-0.5947133302688599,-0.08218562602996826,1,0.025671234354376793,0, , 
Miles Davis,death_year,Miles Davis died in the year,2, Davis,7,6-20,random,0,220,-0.5125277042388916,220,-0.4799574613571167,-0.4799574613571167,0.0325702428817749,1,0.002705854596570134,0, , 
Miles Davis,death_year,Miles Davis died in the year,2, Davis,7,6-20,random,1,220,-0.5125277042388916,220,-0.48038366436958313,-0.48038366436958313,0.03214403986930847,1,0.0016900503542274237,0, , 
Miles Davis,occupation,Miles Davis worked as a,2, Davis,6,9-13,jspace,0,35206,-2.4456443786621094,54152,-2.7619779109954834,-2.9494779109954834,-0.503833532333374,2,0.07297487556934357,1, jazz, musician
Miles Davis,occupation,Miles Davis worked as a,2, Davis,6,9-13,random,0,35206,-2.4456443786621094,35206,-2.4152326583862305,-2.4152326583862305,0.030411720275878906,1,0.0021908204071223736,0, jazz, jazz
Miles Davis,occupation,Miles Davis worked as a,2, Davis,6,9-13,random,1,35206,-2.4456443786621094,35206,-2.5149505138397217,-2.5149505138397217,-0.0693061351776123,1,0.0019144894322380424,0, jazz, jazz
Miles Davis,occupation,Miles Davis worked as a,2, Davis,6,9-17,jspace,0,35206,-2.4456443786621094,54152,-2.7666351795196533,-2.8291351795196533,-0.38349080085754395,2,0.07323037087917328,1, jazz, musician
Miles Davis,occupation,Miles Davis worked as a,2, Davis,6,9-17,random,0,35206,-2.4456443786621094,35206,-2.3822021484375,-2.3822021484375,0.06344223022460938,1,0.006374531891196966,0, jazz, jazz
Miles Davis,occupation,Miles Davis worked as a,2, Davis,6,9-17,random,1,35206,-2.4456443786621094,35206,-2.563596725463867,-2.563596725463867,-0.11795234680175781,1,0.004505035933107138,0, jazz, jazz
Miles Davis,occupation,Miles Davis worked as a,2, Davis,6,6-20,jspace,0,35206,-2.4456443786621094,35206,-3.1624488830566406,-3.1624488830566406,-0.7168045043945312,1,0.2040165662765503,0, jazz, jazz
Miles Davis,occupation,Miles Davis worked as a,2, Davis,6,6-20,random,0,35206,-2.4456443786621094,54152,-2.4992194175720215,-2.5617194175720215,-0.11607503890991211,2,0.0281543992459774,1, jazz, musician
Miles Davis,occupation,Miles Davis worked as a,2, Davis,6,6-20,random,1,35206,-2.4456443786621094,35206,-2.3999369144439697,-2.3999369144439697,0.04570746421813965,1,0.009989848360419273,0, jazz, jazz
Miles Davis,profession_of,The profession of Miles Davis was,5, Davis,7,9-13,jspace,0,261,-2.129737138748169,261,-2.186671257019043,-2.186671257019043,-0.05693411827087402,1,0.01768597774207592,0, a, a
Miles Davis,profession_of,The profession of Miles Davis was,5, Davis,7,9-13,random,0,261,-2.129737138748169,261,-2.0811874866485596,-2.0811874866485596,0.048549652099609375,1,0.002512712962925434,0, a, a
Miles Davis,profession_of,The profession of Miles Davis was,5, Davis,7,9-13,random,1,261,-2.129737138748169,261,-2.1181223392486572,-2.1181223392486572,0.011614799499511719,1,0.0007501444197259843,0, a, a
Miles Davis,profession_of,The profession of Miles Davis was,5, Davis,7,9-17,jspace,0,261,-2.129737138748169,261,-2.232489824295044,-2.232489824295044,-0.102752685546875,1,0.0506373792886734,0, a, a
Miles Davis,profession_of,The profession of Miles Davis was,5, Davis,7,9-17,random,0,261,-2.129737138748169,261,-2.1328465938568115,-2.1328465938568115,-0.003109455108642578,1,0.004472225438803434,0, a, a
Miles Davis,profession_of,The profession of Miles Davis was,5, Davis,7,9-17,random,1,261,-2.129737138748169,261,-2.197054862976074,-2.197054862976074,-0.06731772422790527,1,0.0030206379014998674,0, a, a
Miles Davis,profession_of,The profession of Miles Davis was,5, Davis,7,6-20,jspace,0,261,-2.129737138748169,261,-1.9757364988327026,-1.9757364988327026,0.1540006399154663,1,0.03740514814853668,0, a, a
Miles Davis,profession_of,The profession of Miles Davis was,5, Davis,7,6-20,random,0,261,-2.129737138748169,261,-2.040921449661255,-2.040921449661255,0.08881568908691406,1,0.017331095412373543,0, a, a
Miles Davis,profession_of,The profession of Miles Davis was,5, Davis,7,6-20,random,1,261,-2.129737138748169,261,-2.155644655227661,-2.155644655227661,-0.025907516479492188,1,0.007613942958414555,0, a, a
Miles Davis,instrument,Miles Davis played the,2, Davis,5,9-13,jspace,0,142594,-0.333819717168808,142594,-0.7396805882453918,-0.7396805882453918,-0.40586087107658386,1,0.13716456294059753,0, trumpet, trumpet
Miles Davis,instrument,Miles Davis played the,2, Davis,5,9-13,random,0,142594,-0.333819717168808,142594,-0.32973015308380127,-0.32973015308380127,0.004089564085006714,1,0.0028448039665818214,0, trumpet, trumpet
Miles Davis,instrument,Miles Davis played the,2, Davis,5,9-13,random,1,142594,-0.333819717168808,142594,-0.3240707516670227,-0.3240707516670227,0.009748965501785278,1,0.0008457505609840155,0, trumpet, trumpet
Miles Davis,instrument,Miles Davis played the,2, Davis,5,9-17,jspace,0,142594,-0.333819717168808,142594,-1.1780314445495605,-1.1780314445495605,-0.8442116975784302,1,0.387603223323822,0, trumpet, trumpet
Miles Davis,instrument,Miles Davis played the,2, Davis,5,9-17,random,0,142594,-0.333819717168808,142594,-0.377787709236145,-0.377787709236145,-0.043967992067337036,1,0.0075537473894655704,0, trumpet, trumpet
Miles Davis,instrument,Miles Davis played the,2, Davis,5,9-17,random,1,142594,-0.333819717168808,142594,-0.32738983631134033,-0.32738983631134033,0.006429880857467651,1,0.0026758492458611727,0, trumpet, trumpet
Miles Davis,instrument,Miles Davis played the,2, Davis,5,6-20,jspace,0,142594,-0.333819717168808,142594,-2.0903706550598145,-2.0903706550598145,-1.756550908088684,1,1.0363001823425293,0, trumpet, trumpet
Miles Davis,instrument,Miles Davis played the,2, Davis,5,6-20,random,0,142594,-0.333819717168808,142594,-0.2910184860229492,-0.2910184860229492,0.042801231145858765,1,0.009065973572432995,0, trumpet, trumpet
Miles Davis,instrument,Miles Davis played the,2, Davis,5,6-20,random,1,142594,-0.333819717168808,142594,-0.472738653421402,-0.472738653421402,-0.138918936252594,1,0.029835501685738564,0, trumpet, trumpet
Miles Davis,famous_for,Miles Davis is famous for,2, Davis,6,9-13,jspace,0,1232,-1.1241105794906616,1232,-1.2139815092086792,-1.2139815092086792,-0.08987092971801758,1,0.017870299518108368,0, his, his
Miles Davis,famous_for,Miles Davis is famous for,2, Davis,6,9-13,random,0,1232,-1.1241105794906616,1232,-1.1440833806991577,-1.1440833806991577,-0.019972801208496094,1,0.000946042244322598,0, his, his
Miles Davis,famous_for,Miles Davis is famous for,2, Davis,6,9-13,random,1,1232,-1.1241105794906616,1232,-1.0817619562149048,-1.0817619562149048,0.042348623275756836,1,0.02015741914510727,0, his, his
Miles Davis,famous_for,Miles Davis is famous for,2, Davis,6,9-17,jspace,0,1232,-1.1241105794906616,1232,-1.1861200332641602,-1.1861200332641602,-0.062009453773498535,1,0.016869444400072098,0, his, his
Miles Davis,famous_for,Miles Davis is famous for,2, Davis,6,9-17,random,0,1232,-1.1241105794906616,1232,-1.1228984594345093,-1.1228984594345093,0.0012121200561523438,1,0.003418699139729142,0, his, his
Miles Davis,famous_for,Miles Davis is famous for,2, Davis,6,9-17,random,1,1232,-1.1241105794906616,1232,-1.109427571296692,-1.109427571296692,0.014683008193969727,1,0.005689345765858889,0, his, his
Miles Davis,famous_for,Miles Davis is famous for,2, Davis,6,6-20,jspace,0,1232,-1.1241105794906616,1232,-1.1483672857284546,-1.1483672857284546,-0.02425670623779297,1,0.07981916517019272,0, his, his
Miles Davis,famous_for,Miles Davis is famous for,2, Davis,6,6-20,random,0,1232,-1.1241105794906616,1232,-1.0747088193893433,-1.0747088193893433,0.04940176010131836,1,0.02674827165901661,0, his, his
Miles Davis,famous_for,Miles Davis is famous for,2, Davis,6,6-20,random,1,1232,-1.1241105794906616,1232,-1.085515022277832,-1.085515022277832,0.03859555721282959,1,0.005517494864761829,0, his, his
Miles Davis,language,Miles Davis spoke the language of,2, Davis,7,9-13,jspace,0,290,-1.5565824508666992,290,-1.4640001058578491,-1.4640001058578491,0.0925823450088501,1,0.02080109529197216,0, the, the
Miles Davis,language,Miles Davis spoke the language of,2, Davis,7,9-13,random,0,290,-1.5565824508666992,290,-1.545710802078247,-1.545710802078247,0.010871648788452148,1,0.0019787598866969347,0, the, the
Miles Davis,language,Miles Davis spoke the language of,2, Davis,7,9-13,random,1,290,-1.5565824508666992,290,-1.5307472944259644,-1.5307472944259644,0.025835156440734863,1,0.0011288191890344024,0, the, the
Miles Davis,language,Miles Davis spoke the language of,2, Davis,7,9-17,jspace,0,290,-1.5565824508666992,290,-1.503028154373169,-1.503028154373169,0.05355429649353027,1,0.02468196675181389,0, the, the
Miles Davis,language,Miles Davis spoke the language of,2, Davis,7,9-17,random,0,290,-1.5565824508666992,290,-1.5190938711166382,-1.5190938711166382,0.037488579750061035,1,0.004495081026107073,0, the, the
Miles Davis,language,Miles Davis spoke the language of,2, Davis,7,9-17,random,1,290,-1.5565824508666992,290,-1.5249546766281128,-1.5249546766281128,0.031627774238586426,1,0.006252911873161793,0, the, the
Miles Davis,language,Miles Davis spoke the language of,2, Davis,7,6-20,jspace,0,290,-1.5565824508666992,290,-1.439951777458191,-1.439951777458191,0.1166306734085083,1,0.21491792798042297,0, the, the
Miles Davis,language,Miles Davis spoke the language of,2, Davis,7,6-20,random,0,290,-1.5565824508666992,290,-1.4573942422866821,-1.4573942422866821,0.09918820858001709,1,0.008730236440896988,0, the, the
Miles Davis,language,Miles Davis spoke the language of,2, Davis,7,6-20,random,1,290,-1.5565824508666992,290,-1.4488086700439453,-1.4488086700439453,0.1077737808227539,1,0.014603766612708569,0, the, the
Miles Davis,spouse,Miles Davis was married to,2, Davis,6,9-13,jspace,0,261,-1.5851964950561523,261,-1.8073420524597168,-1.8073420524597168,-0.22214555740356445,1,0.2213086485862732,0, a, a
Miles Davis,spouse,Miles Davis was married to,2, Davis,6,9-13,random,0,261,-1.5851964950561523,261,-1.7063391208648682,-1.7063391208648682,-0.12114262580871582,1,0.011987008154392242,0, a, a
Miles Davis,spouse,Miles Davis was married to,2, Davis,6,9-13,random,1,261,-1.5851964950561523,261,-1.5970804691314697,-1.5970804691314697,-0.011883974075317383,1,0.005709412507712841,0, a, a
Miles Davis,spouse,Miles Davis was married to,2, Davis,6,9-17,jspace,0,261,-1.5851964950561523,261,-1.8058987855911255,-1.8058987855911255,-0.22070229053497314,1,0.3073826730251312,0, a, a
Miles Davis,spouse,Miles Davis was married to,2, Davis,6,9-17,random,0,261,-1.5851964950561523,261,-1.9517085552215576,-1.9517085552215576,-0.3665120601654053,1,0.08801957964897156,0, a, a
Miles Davis,spouse,Miles Davis was married to,2, Davis,6,9-17,random,1,261,-1.5851964950561523,261,-1.6776212453842163,-1.6776212453842163,-0.09242475032806396,1,0.0355544313788414,0, a, a
Miles Davis,spouse,Miles Davis was married to,2, Davis,6,6-20,jspace,0,261,-1.5851964950561523,261,-2.7459378242492676,-2.7459378242492676,-1.1607413291931152,1,0.7499072551727295,0, a, a
Miles Davis,spouse,Miles Davis was married to,2, Davis,6,6-20,random,0,261,-1.5851964950561523,261,-1.8385512828826904,-1.8385512828826904,-0.2533547878265381,1,0.09523934870958328,0, a, a
Miles Davis,spouse,Miles Davis was married to,2, Davis,6,6-20,random,1,261,-1.5851964950561523,261,-1.622318148612976,-1.622318148612976,-0.03712165355682373,1,0.10981971025466919,0, a, a
Miles Davis,education,Miles Davis studied at the University of,2, Davis,8,9-13,jspace,0,16864,-1.5064488649368286,16864,-1.4630345106124878,-1.4630345106124878,0.04341435432434082,1,0.010479926131665707,0, Chicago, Chicago
Miles Davis,education,Miles Davis studied at the University of,2, Davis,8,9-13,random,0,16864,-1.5064488649368286,16864,-1.5173678398132324,-1.5173678398132324,-0.010918974876403809,1,0.0012981920735910535,0, Chicago, Chicago
Miles Davis,education,Miles Davis studied at the University of,2, Davis,8,9-13,random,1,16864,-1.5064488649368286,16864,-1.4488165378570557,-1.4488165378570557,0.05763232707977295,1,0.0015150090912356973,0, Chicago, Chicago
Miles Davis,education,Miles Davis studied at the University of,2, Davis,8,9-17,jspace,0,16864,-1.5064488649368286,16864,-1.466456651687622,-1.466456651687622,0.03999221324920654,1,0.011955669149756432,0, Chicago, Chicago
Miles Davis,education,Miles Davis studied at the University of,2, Davis,8,9-17,random,0,16864,-1.5064488649368286,16864,-1.4730626344680786,-1.4730626344680786,0.03338623046875,1,0.0031461501494050026,0, Chicago, Chicago
Miles Davis,education,Miles Davis studied at the University of,2, Davis,8,9-17,random,1,16864,-1.5064488649368286,16864,-1.4683170318603516,-1.4683170318603516,0.03813183307647705,1,0.0022580281365662813,0, Chicago, Chicago
Miles Davis,education,Miles Davis studied at the University of,2, Davis,8,6-20,jspace,0,16864,-1.5064488649368286,16864,-1.7725399732589722,-1.7725399732589722,-0.26609110832214355,1,0.09681958705186844,0, Chicago, Chicago
Miles Davis,education,Miles Davis studied at the University of,2, Davis,8,6-20,random,0,16864,-1.5064488649368286,16864,-1.6909363269805908,-1.6909363269805908,-0.1844874620437622,1,0.013066597282886505,0, Chicago, Chicago
Miles Davis,education,Miles Davis studied at the University of,2, Davis,8,6-20,random,1,16864,-1.5064488649368286,16864,-1.4083878993988037,-1.4083878993988037,0.0980609655380249,1,0.00821884535253048,0, Chicago, Chicago
Miles Davis,citizenship,Miles Davis was a citizen of,2, Davis,7,9-13,jspace,0,290,-0.6971498131752014,290,-0.7629565596580505,-0.7629565596580505,-0.06580674648284912,1,0.01458149403333664,0, the, the
Miles Davis,citizenship,Miles Davis was a citizen of,2, Davis,7,9-13,random,0,290,-0.6971498131752014,290,-0.6890707612037659,-0.6890707612037659,0.008079051971435547,1,0.0009609527187421918,0, the, the
Miles Davis,citizenship,Miles Davis was a citizen of,2, Davis,7,9-13,random,1,290,-0.6971498131752014,290,-0.6997031569480896,-0.6997031569480896,-0.0025533437728881836,1,0.0006267864955589175,0, the, the
Miles Davis,citizenship,Miles Davis was a citizen of,2, Davis,7,9-17,jspace,0,290,-0.6971498131752014,290,-0.7629521489143372,-0.7629521489143372,-0.06580233573913574,1,0.011654816567897797,0, the, the
Miles Davis,citizenship,Miles Davis was a citizen of,2, Davis,7,9-17,random,0,290,-0.6971498131752014,290,-0.6833820939064026,-0.6833820939064026,0.013767719268798828,1,0.002149516949430108,0, the, the
Miles Davis,citizenship,Miles Davis was a citizen of,2, Davis,7,9-17,random,1,290,-0.6971498131752014,290,-0.6834396123886108,-0.6834396123886108,0.013710200786590576,1,0.0019688729662448168,0, the, the
Miles Davis,citizenship,Miles Davis was a citizen of,2, Davis,7,6-20,jspace,0,290,-0.6971498131752014,290,-0.9438161849975586,-0.9438161849975586,-0.24666637182235718,1,0.11876854300498962,0, the, the
Miles Davis,citizenship,Miles Davis was a citizen of,2, Davis,7,6-20,random,0,290,-0.6971498131752014,290,-0.6744949817657471,-0.6744949817657471,0.022654831409454346,1,0.004650778137147427,0, the, the
Miles Davis,citizenship,Miles Davis was a citizen of,2, Davis,7,6-20,random,1,290,-0.6971498131752014,290,-0.695167064666748,-0.695167064666748,0.001982748508453369,1,0.007637039292603731,0, the, the
Miles Davis,copy_first_name,The first name of Miles Davis is,6, Davis,8,9-13,jspace,0,30,-2.1326496601104736,30,-2.0828919410705566,-2.0828919410705566,0.04975771903991699,1,0.02102002315223217,0,?,?
Miles Davis,copy_first_name,The first name of Miles Davis is,6, Davis,8,9-13,random,0,30,-2.1326496601104736,30,-2.171884298324585,-2.171884298324585,-0.03923463821411133,1,0.0012501098681241274,0,?,?
Miles Davis,copy_first_name,The first name of Miles Davis is,6, Davis,8,9-13,random,1,30,-2.1326496601104736,30,-2.170102834701538,-2.170102834701538,-0.03745317459106445,1,0.0007933389861136675,0,?,?
Miles Davis,copy_first_name,The first name of Miles Davis is,6, Davis,8,9-17,jspace,0,30,-2.1326496601104736,30,-2.0278258323669434,-2.0278258323669434,0.10482382774353027,1,0.04579775035381317,0,?,?
Miles Davis,copy_first_name,The first name of Miles Davis is,6, Davis,8,9-17,random,0,30,-2.1326496601104736,30,-2.087114095687866,-2.087114095687866,0.04553556442260742,1,0.003885392565280199,0,?,?
Miles Davis,copy_first_name,The first name of Miles Davis is,6, Davis,8,9-17,random,1,30,-2.1326496601104736,30,-2.1303720474243164,-2.1303720474243164,0.0022776126861572266,1,0.0017874414334073663,0,?,?
Miles Davis,copy_first_name,The first name of Miles Davis is,6, Davis,8,6-20,jspace,0,30,-2.1326496601104736,30,-2.5003771781921387,-2.5003771781921387,-0.36772751808166504,1,0.20438067615032196,0,?,?
Miles Davis,copy_first_name,The first name of Miles Davis is,6, Davis,8,6-20,random,0,30,-2.1326496601104736,30,-2.0875256061553955,-2.0875256061553955,0.045124053955078125,1,0.020992616191506386,0,?,?
Miles Davis,copy_first_name,The first name of Miles Davis is,6, Davis,8,6-20,random,1,30,-2.1326496601104736,30,-2.1925220489501953,-2.1925220489501953,-0.05987238883972168,1,0.00713354954496026,0,?,?
Miles Davis,copy_last_name,The last name of Miles Davis is,6, Davis,8,9-13,jspace,0,1412,-2.6772348880767822,1412,-2.6951181888580322,-2.6951181888580322,-0.01788330078125,1,0.1059299185872078,0, what, what
Miles Davis,copy_last_name,The last name of Miles Davis is,6, Davis,8,9-13,random,0,1412,-2.6772348880767822,1412,-2.6729984283447266,-2.6729984283447266,0.004236459732055664,1,0.002763759810477495,0, what, what
Miles Davis,copy_last_name,The last name of Miles Davis is,6, Davis,8,9-13,random,1,1412,-2.6772348880767822,1412,-2.709352731704712,-2.709352731704712,-0.03211784362792969,1,0.0015488376375287771,0, what, what
Miles Davis,copy_last_name,The last name of Miles Davis is,6, Davis,8,9-17,jspace,0,1412,-2.6772348880767822,1412,-2.7364015579223633,-2.7364015579223633,-0.059166669845581055,1,0.1054169163107872,0, what, what
Miles Davis,copy_last_name,The last name of Miles Davis is,6, Davis,8,9-17,random,0,1412,-2.6772348880767822,1412,-2.660468578338623,-2.660468578338623,0.01676630973815918,1,0.029207320883870125,0, what, what
Miles Davis,copy_last_name,The last name of Miles Davis is,6, Davis,8,9-17,random,1,1412,-2.6772348880767822,1412,-2.71431040763855,-2.71431040763855,-0.03707551956176758,1,0.006319778505712748,0, what, what
Miles Davis,copy_last_name,The last name of Miles Davis is,6, Davis,8,6-20,jspace,0,1412,-2.6772348880767822,625,-2.6916661262512207,-2.8166661262512207,-0.13943123817443848,2,0.21147076785564423,1, what, not
Miles Davis,copy_last_name,The last name of Miles Davis is,6, Davis,8,6-20,random,0,1412,-2.6772348880767822,1412,-2.7275333404541016,-2.7275333404541016,-0.050298452377319336,1,0.04079725220799446,0, what, what
Miles Davis,copy_last_name,The last name of Miles Davis is,6, Davis,8,6-20,random,1,1412,-2.6772348880767822,1412,-2.6023266315460205,-2.6023266315460205,0.07490825653076172,1,0.05282897502183914,0, what, what
Marie Curie,birth_city,Marie Curie was born in the city of,3,ie,10,9-13,jspace,0,136769,-0.4735665023326874,136769,-0.4497282803058624,-0.4497282803058624,0.02383822202682495,1,0.029589015990495682,0, Warsaw, Warsaw
Marie Curie,birth_city,Marie Curie was born in the city of,3,ie,10,9-13,random,0,136769,-0.4735665023326874,136769,-0.46359142661094666,-0.46359142661094666,0.009975075721740723,1,0.001507141743786633,0, Warsaw, Warsaw
Marie Curie,birth_city,Marie Curie was born in the city of,3,ie,10,9-13,random,1,136769,-0.4735665023326874,136769,-0.4297078549861908,-0.4297078549861908,0.04385864734649658,1,0.00324295274913311,0, Warsaw, Warsaw
Marie Curie,birth_city,Marie Curie was born in the city of,3,ie,10,9-17,jspace,0,136769,-0.4735665023326874,136769,-0.29124337434768677,-0.29124337434768677,0.1823231279850006,1,0.06619694828987122,0, Warsaw, Warsaw
Marie Curie,birth_city,Marie Curie was born in the city of,3,ie,10,9-17,random,0,136769,-0.4735665023326874,136769,-0.4267295002937317,-0.4267295002937317,0.04683700203895569,1,0.00916248094290495,0, Warsaw, Warsaw
Marie Curie,birth_city,Marie Curie was born in the city of,3,ie,10,9-17,random,1,136769,-0.4735665023326874,136769,-0.5554026365280151,-0.5554026365280151,-0.08183613419532776,1,0.009767958894371986,0, Warsaw, Warsaw
Marie Curie,birth_city,Marie Curie was born in the city of,3,ie,10,6-20,jspace,0,136769,-0.4735665023326874,136769,-0.29657837748527527,-0.29657837748527527,0.1769881248474121,1,0.07435467094182968,0, Warsaw, Warsaw
Marie Curie,birth_city,Marie Curie was born in the city of,3,ie,10,6-20,random,0,136769,-0.4735665023326874,136769,-0.52631676197052,-0.52631676197052,-0.05275025963783264,1,0.011460710316896439,0, Warsaw, Warsaw
Marie Curie,birth_city,Marie Curie was born in the city of,3,ie,10,6-20,random,1,136769,-0.4735665023326874,136769,-0.6002494692802429,-0.6002494692802429,-0.12668296694755554,1,0.017155351117253304,0, Warsaw, Warsaw
Marie Curie,birth_year,Marie Curie was born in the year,3,ie,9,9-13,jspace,0,220,-0.24982833862304688,220,-0.24564701318740845,-0.24564701318740845,0.004181325435638428,1,0.0017714473651722074,0, , 
Marie Curie,birth_year,Marie Curie was born in the year,3,ie,9,9-13,random,0,220,-0.24982833862304688,220,-0.19062955677509308,-0.19062955677509308,0.059198781847953796,1,0.01437817607074976,0, , 
Marie Curie,birth_year,Marie Curie was born in the year,3,ie,9,9-13,random,1,220,-0.24982833862304688,220,-0.2532913386821747,-0.2532913386821747,-0.0034630000591278076,1,0.00015246187103912234,0, , 
Marie Curie,birth_year,Marie Curie was born in the year,3,ie,9,9-17,jspace,0,220,-0.24982833862304688,220,-0.24240456521511078,-0.24240456521511078,0.007423773407936096,1,0.0028497057501226664,0, , 
Marie Curie,birth_year,Marie Curie was born in the year,3,ie,9,9-17,random,0,220,-0.24982833862304688,220,-0.19689765572547913,-0.19689765572547913,0.05293068289756775,1,0.012263169512152672,0, , 
Marie Curie,birth_year,Marie Curie was born in the year,3,ie,9,9-17,random,1,220,-0.24982833862304688,220,-0.2546255588531494,-0.2546255588531494,-0.004797220230102539,1,0.0002101759018842131,0, , 
Marie Curie,birth_year,Marie Curie was born in the year,3,ie,9,6-20,jspace,0,220,-0.24982833862304688,220,-0.23736950755119324,-0.23736950755119324,0.012458831071853638,1,0.011748125776648521,0, , 
Marie Curie,birth_year,Marie Curie was born in the year,3,ie,9,6-20,random,0,220,-0.24982833862304688,220,-0.19068679213523865,-0.19068679213523865,0.05914154648780823,1,0.013767709024250507,0, , 
Marie Curie,birth_year,Marie Curie was born in the year,3,ie,9,6-20,random,1,220,-0.24982833862304688,220,-0.2615872323513031,-0.2615872323513031,-0.011758893728256226,1,0.0006132842972874641,0, , 
Marie Curie,birth_country,Marie Curie was born in the country of,3,ie,10,9-13,jspace,0,50029,-0.9103319048881531,50029,-0.7771669626235962,-0.7771669626235962,0.13316494226455688,1,0.023920241743326187,0, Poland, Poland
Marie Curie,birth_country,Marie Curie was born in the country of,3,ie,10,9-13,random,0,50029,-0.9103319048881531,50029,-0.8717209696769714,-0.8717209696769714,0.03861093521118164,1,0.0008282188791781664,0, Poland, Poland
Marie Curie,birth_country,Marie Curie was born in the country of,3,ie,10,9-13,random,1,50029,-0.9103319048881531,50029,-0.9056049585342407,-0.9056049585342407,0.0047269463539123535,1,0.0005021915421821177,0, Poland, Poland
Marie Curie,birth_country,Marie Curie was born in the country of,3,ie,10,9-17,jspace,0,50029,-0.9103319048881531,50029,-0.804409921169281,-0.804409921169281,0.10592198371887207,1,0.02302122861146927,0, Poland, Poland
Marie Curie,birth_country,Marie Curie was born in the country of,3,ie,10,9-17,random,0,50029,-0.9103319048881531,50029,-0.8829150795936584,-0.8829150795936584,0.02741682529449463,1,0.0020247437059879303,0, Poland, Poland
Marie Curie,birth_country,Marie Curie was born in the country of,3,ie,10,9-17,random,1,50029,-0.9103319048881531,50029,-0.8827952742576599,-0.8827952742576599,0.027536630630493164,1,0.003120358334854245,0, Poland, Poland
Marie Curie,birth_country,Marie Curie was born in the country of,3,ie,10,6-20,jspace,0,50029,-0.9103319048881531,50029,-0.8465652465820312,-0.8465652465820312,0.06376665830612183,1,0.02401350438594818,0, Poland, Poland
Marie Curie,birth_country,Marie Curie was born in the country of,3,ie,10,6-20,random,0,50029,-0.9103319048881531,50029,-0.9498059749603271,-0.9498059749603271,-0.03947407007217407,1,0.002845409093424678,0, Poland, Poland
Marie Curie,birth_country,Marie Curie was born in the country of,3,ie,10,6-20,random,1,50029,-0.9103319048881531,50029,-0.8828073143959045,-0.8828073143959045,0.027524590492248535,1,0.004542627837508917,0, Poland, Poland
Marie Curie,death_year,Marie Curie died in the year,3,ie,8,9-13,jspace,0,220,-0.4147892892360687,220,-0.4016871452331543,-0.4016871452331543,0.013102144002914429,1,0.0029593701474368572,0, , 
Marie Curie,death_year,Marie Curie died in the year,3,ie,8,9-13,random,0,220,-0.4147892892360687,220,-0.39350029826164246,-0.39350029826164246,0.02128899097442627,1,0.0007873772410675883,0, , 
Marie Curie,death_year,Marie Curie died in the year,3,ie,8,9-13,random,1,220,-0.4147892892360687,220,-0.39869219064712524,-0.39869219064712524,0.01609709858894348,1,0.0004145071725361049,0, , 
Marie Curie,death_year,Marie Curie died in the year,3,ie,8,9-17,jspace,0,220,-0.4147892892360687,220,-0.3967921733856201,-0.3967921733856201,0.01799711585044861,1,0.008992433547973633,0, , 
Marie Curie,death_year,Marie Curie died in the year,3,ie,8,9-17,random,0,220,-0.4147892892360687,220,-0.39705780148506165,-0.39705780148506165,0.01773148775100708,1,0.0007250010967254639,0, , 
Marie Curie,death_year,Marie Curie died in the year,3,ie,8,9-17,random,1,220,-0.4147892892360687,220,-0.3970063328742981,-0.3970063328742981,0.01778295636177063,1,0.0005230001406744123,0, , 
Marie Curie,death_year,Marie Curie died in the year,3,ie,8,6-20,jspace,0,220,-0.4147892892360687,220,-0.40353626012802124,-0.40353626012802124,0.011253029108047485,1,0.07283015549182892,0, , 
Marie Curie,death_year,Marie Curie died in the year,3,ie,8,6-20,random,0,220,-0.4147892892360687,220,-0.3777068853378296,-0.3777068853378296,0.037082403898239136,1,0.0019830032251775265,0, , 
Marie Curie,death_year,Marie Curie died in the year,3,ie,8,6-20,random,1,220,-0.4147892892360687,220,-0.3968387544155121,-0.3968387544155121,0.01795053482055664,1,0.0007793906843289733,0, , 
Marie Curie,occupation,Marie Curie worked as a,3,ie,7,9-13,jspace,0,14044,-2.145104169845581,14044,-2.035919427871704,-2.035919427871704,0.10918474197387695,1,0.02716190740466118,0, teacher, teacher
Marie Curie,occupation,Marie Curie worked as a,3,ie,7,9-13,random,0,14044,-2.145104169845581,14044,-2.125653028488159,-2.125653028488159,0.019451141357421875,1,0.0017186645418405533,0, teacher, teacher
Marie Curie,occupation,Marie Curie worked as a,3,ie,7,9-13,random,1,14044,-2.145104169845581,14044,-2.1583027839660645,-2.1583027839660645,-0.013198614120483398,1,0.0007362665492109954,0, teacher, teacher
Marie Curie,occupation,Marie Curie worked as a,3,ie,7,9-17,jspace,0,14044,-2.145104169845581,14044,-1.940837025642395,-1.940837025642395,0.20426714420318604,1,0.05045243352651596,0, teacher, teacher
Marie Curie,occupation,Marie Curie worked as a,3,ie,7,9-17,random,0,14044,-2.145104169845581,14044,-2.1446774005889893,-2.1446774005889893,0.0004267692565917969,1,0.0031469487585127354,0, teacher, teacher
Marie Curie,occupation,Marie Curie worked as a,3,ie,7,9-17,random,1,14044,-2.145104169845581,14044,-2.113523006439209,-2.113523006439209,0.03158116340637207,1,0.0014829315477982163,0, teacher, teacher
Marie Curie,occupation,Marie Curie worked as a,3,ie,7,6-20,jspace,0,14044,-2.145104169845581,14044,-2.035054922103882,-2.035054922103882,0.11004924774169922,1,0.12805436551570892,0, teacher, teacher
Marie Curie,occupation,Marie Curie worked as a,3,ie,7,6-20,random,0,14044,-2.145104169845581,14044,-2.203756809234619,-2.203756809234619,-0.058652639389038086,1,0.004374814219772816,0, teacher, teacher
Marie Curie,occupation,Marie Curie worked as a,3,ie,7,6-20,random,1,14044,-2.145104169845581,14044,-2.1611580848693848,-2.1611580848693848,-0.01605391502380371,1,0.0035656490363180637,0, teacher, teacher
Marie Curie,profession_of,The profession of Marie Curie was,6,ie,8,9-13,jspace,0,261,-1.8227628469467163,261,-1.8870835304260254,-1.8870835304260254,-0.06432068347930908,1,0.04018867015838623,0, a, a
Marie Curie,profession_of,The profession of Marie Curie was,6,ie,8,9-13,random,0,261,-1.8227628469467163,261,-1.7162690162658691,-1.7162690162658691,0.10649383068084717,1,0.00650849798694253,0, a, a
Marie Curie,profession_of,The profession of Marie Curie was,6,ie,8,9-13,random,1,261,-1.8227628469467163,261,-1.8749338388442993,-1.8749338388442993,-0.05217099189758301,1,0.0031119873747229576,0, a, a
Marie Curie,profession_of,The profession of Marie Curie was,6,ie,8,9-17,jspace,0,261,-1.8227628469467163,261,-1.989066243171692,-1.989066243171692,-0.16630339622497559,1,0.03682951629161835,0, a, a
Marie Curie,profession_of,The profession of Marie Curie was,6,ie,8,9-17,random,0,261,-1.8227628469467163,261,-1.734740138053894,-1.734740138053894,0.08802270889282227,1,0.006854868493974209,0, a, a
Marie Curie,profession_of,The profession of Marie Curie was,6,ie,8,9-17,random,1,261,-1.8227628469467163,261,-1.8653255701065063,-1.8653255701065063,-0.04256272315979004,1,0.004058460239320993,0, a, a
Marie Curie,profession_of,The profession of Marie Curie was,6,ie,8,6-20,jspace,0,261,-1.8227628469467163,261,-1.7727153301239014,-1.7727153301239014,0.05004751682281494,1,0.28124526143074036,0, a, a
Marie Curie,profession_of,The profession of Marie Curie was,6,ie,8,6-20,random,0,261,-1.8227628469467163,261,-1.8173706531524658,-1.8173706531524658,0.005392193794250488,1,0.017777349799871445,0, a, a
Marie Curie,profession_of,The profession of Marie Curie was,6,ie,8,6-20,random,1,261,-1.8227628469467163,261,-1.8248614072799683,-1.8248614072799683,-0.002098560333251953,1,0.02200109139084816,0, a, a
Marie Curie,instrument,Marie Curie played the,3,ie,6,9-13,jspace,0,5430,-1.2077463865280151,5430,-1.1752878427505493,-1.1752878427505493,0.03245854377746582,1,0.005332031287252903,0, role, role
Marie Curie,instrument,Marie Curie played the,3,ie,6,9-13,random,0,5430,-1.2077463865280151,27487,-1.0315696001052856,-1.5940696001052856,-0.3863232135772705,2,0.03809058293700218,1, role, piano
Marie Curie,instrument,Marie Curie played the,3,ie,6,9-13,random,1,5430,-1.2077463865280151,5430,-1.2017793655395508,-1.2017793655395508,0.0059670209884643555,1,0.000368016364518553,0, role, role
Marie Curie,instrument,Marie Curie played the,3,ie,6,9-17,jspace,0,5430,-1.2077463865280151,5430,-1.180440902709961,-1.180440902709961,0.0273054838180542,1,0.008992156013846397,0, role, role
Marie Curie,instrument,Marie Curie played the,3,ie,6,9-17,random,0,5430,-1.2077463865280151,27487,-1.096453309059143,-1.471453309059143,-0.26370692253112793,2,0.02037133276462555,1, role, piano
Marie Curie,instrument,Marie Curie played the,3,ie,6,9-17,random,1,5430,-1.2077463865280151,5430,-1.1973114013671875,-1.1973114013671875,0.010434985160827637,1,0.0004905631067231297,0, role, role
Marie Curie,instrument,Marie Curie played the,3,ie,6,6-20,jspace,0,5430,-1.2077463865280151,5430,-1.016523003578186,-1.016523003578186,0.1912233829498291,1,0.05065563693642616,0, role, role
Marie Curie,instrument,Marie Curie played the,3,ie,6,6-20,random,0,5430,-1.2077463865280151,27487,-1.0101765394210815,-1.6351765394210815,-0.4274301528930664,2,0.04395197704434395,1, role, piano
Marie Curie,instrument,Marie Curie played the,3,ie,6,6-20,random,1,5430,-1.2077463865280151,27487,-1.1160136461257935,-1.4910136461257935,-0.2832672595977783,2,0.02003367431461811,1, role, piano
Marie Curie,famous_for,Marie Curie is famous for,3,ie,7,9-13,jspace,0,1335,-0.553216814994812,1335,-0.5375524163246155,-0.5375524163246155,0.015664398670196533,1,0.0021244108211249113,0, her, her
Marie Curie,famous_for,Marie Curie is famous for,3,ie,7,9-13,random,0,1335,-0.553216814994812,1335,-0.5682076215744019,-0.5682076215744019,-0.014990806579589844,1,0.0005302424542605877,0, her, her
Marie Curie,famous_for,Marie Curie is famous for,3,ie,7,9-13,random,1,1335,-0.553216814994812,1335,-0.5533274412155151,-0.5533274412155151,-0.000110626220703125,1,0.0001710443466436118,0, her, her
Marie Curie,famous_for,Marie Curie is famous for,3,ie,7,9-17,jspace,0,1335,-0.553216814994812,1335,-0.5936369895935059,-0.5936369895935059,-0.04042017459869385,1,0.023079542443156242,0, her, her
Marie Curie,famous_for,Marie Curie is famous for,3,ie,7,9-17,random,0,1335,-0.553216814994812,1335,-0.5575422644615173,-0.5575422644615173,-0.004325449466705322,1,0.0009930094238370657,0, her, her
Marie Curie,famous_for,Marie Curie is famous for,3,ie,7,9-17,random,1,1335,-0.553216814994812,1335,-0.5412701368331909,-0.5412701368331909,0.011946678161621094,1,0.000539116736035794,0, her, her
Marie Curie,famous_for,Marie Curie is famous for,3,ie,7,6-20,jspace,0,1335,-0.553216814994812,1335,-0.434855580329895,-0.434855580329895,0.11836123466491699,1,0.04441850259900093,0, her, her
Marie Curie,famous_for,Marie Curie is famous for,3,ie,7,6-20,random,0,1335,-0.553216814994812,1335,-0.5428717136383057,-0.5428717136383057,0.010345101356506348,1,0.0006951314280740917,0, her, her
Marie Curie,famous_for,Marie Curie is famous for,3,ie,7,6-20,random,1,1335,-0.553216814994812,1335,-0.5712451934814453,-0.5712451934814453,-0.0180283784866333,1,0.001207140856422484,0, her, her
Marie Curie,language,Marie Curie spoke the language of,3,ie,8,9-13,jspace,0,290,-1.4177916049957275,290,-1.42896568775177,-1.42896568775177,-0.01117408275604248,1,0.018418986350297928,0, the, the
Marie Curie,language,Marie Curie spoke the language of,3,ie,8,9-13,random,0,290,-1.4177916049957275,290,-1.4222569465637207,-1.4222569465637207,-0.004465341567993164,1,0.0009861986618489027,0, the, the
Marie Curie,language,Marie Curie spoke the language of,3,ie,8,9-13,random,1,290,-1.4177916049957275,290,-1.4517005681991577,-1.4517005681991577,-0.033908963203430176,1,0.0006750334287062287,0, the, the
Marie Curie,language,Marie Curie spoke the language of,3,ie,8,9-17,jspace,0,290,-1.4177916049957275,290,-1.4773845672607422,-1.4773845672607422,-0.05959296226501465,1,0.01581520587205887,0, the, the
Marie Curie,language,Marie Curie spoke the language of,3,ie,8,9-17,random,0,290,-1.4177916049957275,290,-1.4349733591079712,-1.4349733591079712,-0.017181754112243652,1,0.0019320737337693572,0, the, the
Marie Curie,language,Marie Curie spoke the language of,3,ie,8,9-17,random,1,290,-1.4177916049957275,290,-1.475063681602478,-1.475063681602478,-0.05727207660675049,1,0.005412410479038954,0, the, the
Marie Curie,language,Marie Curie spoke the language of,3,ie,8,6-20,jspace,0,290,-1.4177916049957275,290,-1.3810105323791504,-1.3810105323791504,0.03678107261657715,1,0.035352811217308044,0, the, the
Marie Curie,language,Marie Curie spoke the language of,3,ie,8,6-20,random,0,290,-1.4177916049957275,290,-1.4100818634033203,-1.4100818634033203,0.0077097415924072266,1,0.002770821563899517,0, the, the
Marie Curie,language,Marie Curie spoke the language of,3,ie,8,6-20,random,1,290,-1.4177916049957275,290,-1.4523892402648926,-1.4523892402648926,-0.03459763526916504,1,0.002262338064610958,0, the, the
Marie Curie,spouse,Marie Curie was married to,3,ie,7,9-13,jspace,0,45167,-0.36217570304870605,45167,-0.39163848757743835,-0.39163848757743835,-0.0294627845287323,1,0.013125835917890072,0, Pierre, Pierre
Marie Curie,spouse,Marie Curie was married to,3,ie,7,9-13,random,0,45167,-0.36217570304870605,45167,-0.3602658212184906,-0.3602658212184906,0.001909881830215454,1,0.00032303037005476654,0, Pierre, Pierre
Marie Curie,spouse,Marie Curie was married to,3,ie,7,9-13,random,1,45167,-0.36217570304870605,45167,-0.3846213221549988,-0.3846213221549988,-0.022445619106292725,1,0.0007663646247237921,0, Pierre, Pierre
Marie Curie,spouse,Marie Curie was married to,3,ie,7,9-17,jspace,0,45167,-0.36217570304870605,45167,-0.5281392931938171,-0.5281392931938171,-0.16596359014511108,1,0.0390658900141716,0, Pierre, Pierre
Marie Curie,spouse,Marie Curie was married to,3,ie,7,9-17,random,0,45167,-0.36217570304870605,45167,-0.38322713971138,-0.38322713971138,-0.02105143666267395,1,0.0023418315686285496,0, Pierre, Pierre
Marie Curie,spouse,Marie Curie was married to,3,ie,7,9-17,random,1,45167,-0.36217570304870605,45167,-0.4158945083618164,-0.4158945083618164,-0.05371880531311035,1,0.0038021227810531855,0, Pierre, Pierre
Marie Curie,spouse,Marie Curie was married to,3,ie,7,6-20,jspace,0,45167,-0.36217570304870605,45167,-0.5688400864601135,-0.5688400864601135,-0.20666438341140747,1,0.06607078015804291,0, Pierre, Pierre
Marie Curie,spouse,Marie Curie was married to,3,ie,7,6-20,random,0,45167,-0.36217570304870605,45167,-0.3605576157569885,-0.3605576157569885,0.0016180872917175293,1,0.003046817146241665,0, Pierre, Pierre
Marie Curie,spouse,Marie Curie was married to,3,ie,7,6-20,random,1,45167,-0.36217570304870605,45167,-0.3909829258918762,-0.3909829258918762,-0.028807222843170166,1,0.004799826070666313,0, Pierre, Pierre
Marie Curie,education,Marie Curie studied at the University of,3,ie,9,9-13,jspace,0,12650,-0.5624069571495056,12650,-0.6300196051597595,-0.6300196051597595,-0.0676126480102539,1,0.017857147380709648,0, Paris, Paris
Marie Curie,education,Marie Curie studied at the University of,3,ie,9,9-13,random,0,12650,-0.5624069571495056,12650,-0.5572748184204102,-0.5572748184204102,0.005132138729095459,1,0.0006990722613409162,0, Paris, Paris
Marie Curie,education,Marie Curie studied at the University of,3,ie,9,9-13,random,1,12650,-0.5624069571495056,12650,-0.5485528707504272,-0.5485528707504272,0.01385408639907837,1,0.0007486818358302116,0, Paris, Paris
Marie Curie,education,Marie Curie studied at the University of,3,ie,9,9-17,jspace,0,12650,-0.5624069571495056,12650,-0.6589624881744385,-0.6589624881744385,-0.09655553102493286,1,0.038270145654678345,0, Paris, Paris
Marie Curie,education,Marie Curie studied at the University of,3,ie,9,9-17,random,0,12650,-0.5624069571495056,12650,-0.6357277631759644,-0.6357277631759644,-0.07332080602645874,1,0.007840200327336788,0, Paris, Paris
Marie Curie,education,Marie Curie studied at the University of,3,ie,9,9-17,random,1,12650,-0.5624069571495056,12650,-0.5079443454742432,-0.5079443454742432,0.05446261167526245,1,0.0061158714815974236,0, Paris, Paris
Marie Curie,education,Marie Curie studied at the University of,3,ie,9,6-20,jspace,0,12650,-0.5624069571495056,12650,-0.6175925731658936,-0.6175925731658936,-0.05518561601638794,1,0.03273842856287956,0, Paris, Paris
Marie Curie,education,Marie Curie studied at the University of,3,ie,9,6-20,random,0,12650,-0.5624069571495056,12650,-0.48471859097480774,-0.48471859097480774,0.07768836617469788,1,0.008711200207471848,0, Paris, Paris
Marie Curie,education,Marie Curie studied at the University of,3,ie,9,6-20,random,1,12650,-0.5624069571495056,12650,-0.5536839365959167,-0.5536839365959167,0.008723020553588867,1,0.0055695753544569016,0, Paris, Paris
Marie Curie,citizenship,Marie Curie was a citizen of,3,ie,8,9-13,jspace,0,10128,-0.8831669092178345,10128,-0.9656604528427124,-0.9656604528427124,-0.08249354362487793,1,0.012043298222124577,0, France, France
Marie Curie,citizenship,Marie Curie was a citizen of,3,ie,8,9-13,random,0,10128,-0.8831669092178345,10128,-0.8895182013511658,-0.8895182013511658,-0.006351292133331299,1,0.0008301360649056733,0, France, France
Marie Curie,citizenship,Marie Curie was a citizen of,3,ie,8,9-13,random,1,10128,-0.8831669092178345,10128,-0.9144257307052612,-0.9144257307052612,-0.03125882148742676,1,0.0005483666900545359,0, France, France
Marie Curie,citizenship,Marie Curie was a citizen of,3,ie,8,9-17,jspace,0,10128,-0.8831669092178345,10128,-0.9399983882904053,-0.9399983882904053,-0.0568314790725708,1,0.014882626011967659,0, France, France
Marie Curie,citizenship,Marie Curie was a citizen of,3,ie,8,9-17,random,0,10128,-0.8831669092178345,10128,-0.908752977848053,-0.908752977848053,-0.025586068630218506,1,0.0023674219846725464,0, France, France
Marie Curie,citizenship,Marie Curie was a citizen of,3,ie,8,9-17,random,1,10128,-0.8831669092178345,10128,-0.9198798537254333,-0.9198798537254333,-0.03671294450759888,1,0.0015305756824091077,0, France, France
Marie Curie,citizenship,Marie Curie was a citizen of,3,ie,8,6-20,jspace,0,10128,-0.8831669092178345,10128,-1.1053822040557861,-1.1053822040557861,-0.22221529483795166,1,0.06148086488246918,0, France, France
Marie Curie,citizenship,Marie Curie was a citizen of,3,ie,8,6-20,random,0,10128,-0.8831669092178345,10128,-0.8815136551856995,-0.8815136551856995,0.0016532540321350098,1,0.005202075466513634,0, France, France
Marie Curie,citizenship,Marie Curie was a citizen of,3,ie,8,6-20,random,1,10128,-0.8831669092178345,10128,-0.920983612537384,-0.920983612537384,-0.03781670331954956,1,0.004298776388168335,0, France, France
Marie Curie,copy_first_name,The first name of Marie Curie is,7,ie,9,9-13,jspace,0,38817,-2.2843382358551025,38817,-1.8493950366973877,-1.8493950366973877,0.43494319915771484,1,0.05354968085885048,0, Marie, Marie
Marie Curie,copy_first_name,The first name of Marie Curie is,7,ie,9,9-13,random,0,38817,-2.2843382358551025,38817,-2.370664596557617,-2.370664596557617,-0.08632636070251465,1,0.0020189916249364614,0, Marie, Marie
Marie Curie,copy_first_name,The first name of Marie Curie is,7,ie,9,9-13,random,1,38817,-2.2843382358551025,38817,-2.2900733947753906,-2.2900733947753906,-0.005735158920288086,1,0.000680192606523633,0, Marie, Marie
Marie Curie,copy_first_name,The first name of Marie Curie is,7,ie,9,9-17,jspace,0,38817,-2.2843382358551025,38817,-2.0286786556243896,-2.0286786556243896,0.2556595802307129,1,0.06440653651952744,0, Marie, Marie
Marie Curie,copy_first_name,The first name of Marie Curie is,7,ie,9,9-17,random,0,38817,-2.2843382358551025,38817,-2.4464328289031982,-2.4464328289031982,-0.1620945930480957,1,0.006954080890864134,0, Marie, Marie
Marie Curie,copy_first_name,The first name of Marie Curie is,7,ie,9,9-17,random,1,38817,-2.2843382358551025,38817,-2.187445640563965,-2.187445640563965,0.0968925952911377,1,0.0028547500260174274,0, Marie, Marie
Marie Curie,copy_first_name,The first name of Marie Curie is,7,ie,9,6-20,jspace,0,38817,-2.2843382358551025,198,-2.793304920196533,-2.793304920196533,-0.5089666843414307,1,0.31482744216918945,1, Marie,"
"
Marie Curie,copy_first_name,The first name of Marie Curie is,7,ie,9,6-20,random,0,38817,-2.2843382358551025,38817,-2.134186029434204,-2.134186029434204,0.15015220642089844,1,0.010145232081413269,0, Marie, Marie
Marie Curie,copy_first_name,The first name of Marie Curie is,7,ie,9,6-20,random,1,38817,-2.2843382358551025,38817,-2.0547757148742676,-2.0547757148742676,0.22956252098083496,1,0.0069463313557207584,0, Marie, Marie
Marie Curie,copy_last_name,The last name of Marie Curie is,7,ie,9,9-13,jspace,0,392,-2.656747817993164,19518,-2.633364677429199,-3.070864677429199,-0.41411685943603516,3,0.05256493762135506,1," """, Cur
Marie Curie,copy_last_name,The last name of Marie Curie is,7,ie,9,9-13,random,0,392,-2.656747817993164,19518,-2.7305757999420166,-2.9805757999420166,-0.32382798194885254,2,0.03698478266596794,1," """, Cur
Marie Curie,copy_last_name,The last name of Marie Curie is,7,ie,9,9-13,random,1,392,-2.656747817993164,392,-2.7089462280273438,-2.7089462280273438,-0.05219841003417969,1,0.006541428156197071,0," """," """
Marie Curie,copy_last_name,The last name of Marie Curie is,7,ie,9,9-17,jspace,0,392,-2.656747817993164,19518,-2.3025524616241455,-3.3025524616241455,-0.6458046436309814,4,0.0753721222281456,1," """, Cur
Marie Curie,copy_last_name,The last name of Marie Curie is,7,ie,9,9-17,random,0,392,-2.656747817993164,19518,-2.5311131477355957,-2.7186131477355957,-0.06186532974243164,2,0.01778189279139042,1," """, Cur
Marie Curie,copy_last_name,The last name of Marie Curie is,7,ie,9,9-17,random,1,392,-2.656747817993164,392,-2.6269514560699463,-2.6269514560699463,0.029796361923217773,1,0.003908440470695496,0," """," """
Marie Curie,copy_last_name,The last name of Marie Curie is,7,ie,9,6-20,jspace,0,392,-2.656747817993164,19518,-1.7865653038024902,-3.2865653038024902,-0.6298174858093262,4,0.13902488350868225,1," """, Cur
Marie Curie,copy_last_name,The last name of Marie Curie is,7,ie,9,6-20,random,0,392,-2.656747817993164,19518,-2.7864625453948975,-2.8489625453948975,-0.1922147274017334,2,0.020588358864188194,1," """, Cur
Marie Curie,copy_last_name,The last name of Marie Curie is,7,ie,9,6-20,random,1,392,-2.656747817993164,392,-2.8009777069091797,-2.8009777069091797,-0.14422988891601562,1,0.015032973140478134,0," """," """
Albert Einstein,birth_city,Albert Einstein was born in the city of,2, Einstein,9,9-13,jspace,0,18840,-0.8252468109130859,70502,-2.722947120666504,-3.160447120666504,-2.335200309753418,3,0.963434636592865,1, Ul, Vienna
Albert Einstein,birth_city,Albert Einstein was born in the city of,2, Einstein,9,9-13,random,0,18840,-0.8252468109130859,18840,-0.7699997425079346,-0.7699997425079346,0.05524706840515137,1,0.01750478893518448,0, Ul, Ul
Albert Einstein,birth_city,Albert Einstein was born in the city of,2, Einstein,9,9-13,random,1,18840,-0.8252468109130859,18840,-0.7679302096366882,-0.7679302096366882,0.057316601276397705,1,0.0040405187755823135,0, Ul, Ul
Albert Einstein,birth_city,Albert Einstein was born in the city of,2, Einstein,9,9-17,jspace,0,18840,-0.8252468109130859,70502,-2.843132257461548,-3.280632257461548,-2.455385446548462,4,0.9988441467285156,1, Ul, Vienna
Albert Einstein,birth_city,Albert Einstein was born in the city of,2, Einstein,9,9-17,random,0,18840,-0.8252468109130859,18840,-1.415298581123352,-1.415298581123352,-0.5900517702102661,1,0.13464206457138062,0, Ul, Ul
Albert Einstein,birth_city,Albert Einstein was born in the city of,2, Einstein,9,9-17,random,1,18840,-0.8252468109130859,18840,-0.9106786847114563,-0.9106786847114563,-0.08543187379837036,1,0.018867064267396927,0, Ul, Ul
Albert Einstein,birth_city,Albert Einstein was born in the city of,2, Einstein,9,6-20,jspace,0,18840,-0.8252468109130859,220,-2.8678488731384277,-2.9928488731384277,-2.167602062225342,2,0.8435925841331482,1, Ul, 
Albert Einstein,birth_city,Albert Einstein was born in the city of,2, Einstein,9,6-20,random,0,18840,-0.8252468109130859,18840,-1.0835187435150146,-1.0835187435150146,-0.2582719326019287,1,0.09997912496328354,0, Ul, Ul
Albert Einstein,birth_city,Albert Einstein was born in the city of,2, Einstein,9,6-20,random,1,18840,-0.8252468109130859,18840,-2.074551582336426,-2.074551582336426,-1.2493047714233398,1,0.35820281505584717,0, Ul, Ul
Albert Einstein,birth_year,Albert Einstein was born in the year,2, Einstein,8,9-13,jspace,0,220,-0.2272576242685318,220,-0.1941743940114975,-0.1941743940114975,0.0330832302570343,1,0.012828799895942211,0, , 
Albert Einstein,birth_year,Albert Einstein was born in the year,2, Einstein,8,9-13,random,0,220,-0.2272576242685318,220,-0.20739683508872986,-0.20739683508872986,0.01986078917980194,1,0.0010815826244652271,0, , 
Albert Einstein,birth_year,Albert Einstein was born in the year,2, Einstein,8,9-13,random,1,220,-0.2272576242685318,220,-0.20418240129947662,-0.20418240129947662,0.023075222969055176,1,0.001314125838689506,0, , 
Albert Einstein,birth_year,Albert Einstein was born in the year,2, Einstein,8,9-17,jspace,0,220,-0.2272576242685318,220,-0.20524124801158905,-0.20524124801158905,0.02201637625694275,1,0.015233266167342663,0, , 
Albert Einstein,birth_year,Albert Einstein was born in the year,2, Einstein,8,9-17,random,0,220,-0.2272576242685318,220,-0.21289779245853424,-0.21289779245853424,0.014359831809997559,1,0.0008945023873820901,0, , 
Albert Einstein,birth_year,Albert Einstein was born in the year,2, Einstein,8,9-17,random,1,220,-0.2272576242685318,220,-0.2024708241224289,-0.2024708241224289,0.024786800146102905,1,0.0015438100090250373,0, , 
Albert Einstein,birth_year,Albert Einstein was born in the year,2, Einstein,8,6-20,jspace,0,220,-0.2272576242685318,220,-0.30383312702178955,-0.30383312702178955,-0.07657550275325775,1,0.02736547775566578,0, , 
Albert Einstein,birth_year,Albert Einstein was born in the year,2, Einstein,8,6-20,random,0,220,-0.2272576242685318,220,-0.24649304151535034,-0.24649304151535034,-0.019235417246818542,1,0.0013741833390668035,0, , 
Albert Einstein,birth_year,Albert Einstein was born in the year,2, Einstein,8,6-20,random,1,220,-0.2272576242685318,220,-0.22376734018325806,-0.22376734018325806,0.0034902840852737427,1,0.0007605038117617369,0, , 
Albert Einstein,birth_country,Albert Einstein was born in the country of,2, Einstein,9,9-13,jspace,0,17237,-1.0763202905654907,17237,-1.5596518516540527,-1.5596518516540527,-0.483331561088562,1,0.10679208487272263,0, Germany, Germany
Albert Einstein,birth_country,Albert Einstein was born in the country of,2, Einstein,9,9-13,random,0,17237,-1.0763202905654907,17237,-1.1658567190170288,-1.1658567190170288,-0.08953642845153809,1,0.007551456801593304,0, Germany, Germany
Albert Einstein,birth_country,Albert Einstein was born in the country of,2, Einstein,9,9-13,random,1,17237,-1.0763202905654907,17237,-1.090924620628357,-1.090924620628357,-0.014604330062866211,1,0.003749956376850605,0, Germany, Germany
Albert Einstein,birth_country,Albert Einstein was born in the country of,2, Einstein,9,9-17,jspace,0,17237,-1.0763202905654907,17237,-1.7896229028701782,-1.7896229028701782,-0.7133026123046875,1,0.15130238234996796,0, Germany, Germany
Albert Einstein,birth_country,Albert Einstein was born in the country of,2, Einstein,9,9-17,random,0,17237,-1.0763202905654907,17237,-1.1623486280441284,-1.1623486280441284,-0.0860283374786377,1,0.02188141457736492,0, Germany, Germany
Albert Einstein,birth_country,Albert Einstein was born in the country of,2, Einstein,9,9-17,random,1,17237,-1.0763202905654907,17237,-1.1270285844802856,-1.1270285844802856,-0.05070829391479492,1,0.008053652010858059,0, Germany, Germany
Albert Einstein,birth_country,Albert Einstein was born in the country of,2, Einstein,9,6-20,jspace,0,17237,-1.0763202905654907,17237,-1.209226131439209,-1.209226131439209,-0.13290584087371826,1,0.14682555198669434,0, Germany, Germany
Albert Einstein,birth_country,Albert Einstein was born in the country of,2, Einstein,9,6-20,random,0,17237,-1.0763202905654907,17237,-1.0031665563583374,-1.0031665563583374,0.07315373420715332,1,0.019923998042941093,0, Germany, Germany
Albert Einstein,birth_country,Albert Einstein was born in the country of,2, Einstein,9,6-20,random,1,17237,-1.0763202905654907,17237,-1.2491989135742188,-1.2491989135742188,-0.17287862300872803,1,0.0408923365175724,0, Germany, Germany
Albert Einstein,death_year,Albert Einstein died in the year,2, Einstein,7,9-13,jspace,0,220,-0.4595719575881958,220,-0.42847272753715515,-0.42847272753715515,0.03109923005104065,1,0.007668731268495321,0, , 
Albert Einstein,death_year,Albert Einstein died in the year,2, Einstein,7,9-13,random,0,220,-0.4595719575881958,220,-0.4719836115837097,-0.4719836115837097,-0.012411653995513916,1,0.000774484477005899,0, , 
Albert Einstein,death_year,Albert Einstein died in the year,2, Einstein,7,9-13,random,1,220,-0.4595719575881958,220,-0.4412228763103485,-0.4412228763103485,0.01834908127784729,1,0.0006435761461034417,0, , 
Albert Einstein,death_year,Albert Einstein died in the year,2, Einstein,7,9-17,jspace,0,220,-0.4595719575881958,220,-0.46988949179649353,-0.46988949179649353,-0.01031753420829773,1,0.012326044030487537,0, , 
Albert Einstein,death_year,Albert Einstein died in the year,2, Einstein,7,9-17,random,0,220,-0.4595719575881958,220,-0.48699188232421875,-0.48699188232421875,-0.02741992473602295,1,0.0011972293723374605,0, , 
Albert Einstein,death_year,Albert Einstein died in the year,2, Einstein,7,9-17,random,1,220,-0.4595719575881958,220,-0.4855883717536926,-0.4855883717536926,-0.026016414165496826,1,0.0018598423339426517,0, , 
Albert Einstein,death_year,Albert Einstein died in the year,2, Einstein,7,6-20,jspace,0,220,-0.4595719575881958,220,-0.36206749081611633,-0.36206749081611633,0.09750446677207947,1,0.05321735143661499,0, , 
Albert Einstein,death_year,Albert Einstein died in the year,2, Einstein,7,6-20,random,0,220,-0.4595719575881958,220,-0.39713385701179504,-0.39713385701179504,0.06243810057640076,1,0.006874494720250368,0, , 
Albert Einstein,death_year,Albert Einstein died in the year,2, Einstein,7,6-20,random,1,220,-0.4595719575881958,220,-0.5033577084541321,-0.5033577084541321,-0.04378575086593628,1,0.003404967486858368,0, , 
Albert Einstein,occupation,Albert Einstein worked as a,2, Einstein,6,9-13,jspace,0,35875,-2.5385324954986572,35875,-2.5810883045196533,-2.5810883045196533,-0.042555809020996094,1,0.1615726202726364,0, patent, patent
Albert Einstein,occupation,Albert Einstein worked as a,2, Einstein,6,9-13,random,0,35875,-2.5385324954986572,35875,-2.42684268951416,-2.42684268951416,0.11168980598449707,1,0.022322310134768486,0, patent, patent
Albert Einstein,occupation,Albert Einstein worked as a,2, Einstein,6,9-13,random,1,35875,-2.5385324954986572,86314,-2.3355979919433594,-2.3980979919433594,0.14043450355529785,2,0.02939666621387005,1, patent, clerk
Albert Einstein,occupation,Albert Einstein worked as a,2, Einstein,6,9-17,jspace,0,35875,-2.5385324954986572,86314,-2.667729377746582,-2.855229377746582,-0.3166968822479248,3,0.1183333769440651,1, patent, clerk
Albert Einstein,occupation,Albert Einstein worked as a,2, Einstein,6,9-17,random,0,35875,-2.5385324954986572,86314,-2.8082330226898193,-2.9957330226898193,-0.4572005271911621,4,0.028691383078694344,1, patent, clerk
Albert Einstein,occupation,Albert Einstein worked as a,2, Einstein,6,9-17,random,1,35875,-2.5385324954986572,86314,-2.340508222579956,-2.465508222579956,0.07302427291870117,2,0.011376399546861649,1, patent, clerk
Albert Einstein,occupation,Albert Einstein worked as a,2, Einstein,6,6-20,jspace,0,35875,-2.5385324954986572,64429,-2.466627359390259,-3.216627359390259,-0.6780948638916016,3,0.43860259652137756,1, patent, ______
Albert Einstein,occupation,Albert Einstein worked as a,2, Einstein,6,6-20,random,0,35875,-2.5385324954986572,35875,-1.9524444341659546,-1.9524444341659546,0.5860880613327026,1,0.10117625445127487,0, patent, patent
Albert Einstein,occupation,Albert Einstein worked as a,2, Einstein,6,6-20,random,1,35875,-2.5385324954986572,86314,-2.5828776359558105,-3.0828776359558105,-0.5443451404571533,4,0.05527766793966293,1, patent, clerk
Albert Einstein,profession_of,The profession of Albert Einstein was,5, Einstein,7,9-13,jspace,0,261,-2.078852653503418,30,-2.2563912868499756,-2.3813912868499756,-0.3025386333465576,2,0.03656836971640587,1, a,?
Albert Einstein,profession_of,The profession of Albert Einstein was,5, Einstein,7,9-13,random,0,261,-2.078852653503418,30,-2.3932602405548096,-2.3932602405548096,-0.3144075870513916,1,0.026072973385453224,1, a,?
Albert Einstein,profession_of,The profession of Albert Einstein was,5, Einstein,7,9-13,random,1,261,-2.078852653503418,261,-2.0695061683654785,-2.0695061683654785,0.009346485137939453,1,0.0010531606385484338,0, a, a
Albert Einstein,profession_of,The profession of Albert Einstein was,5, Einstein,7,9-17,jspace,0,261,-2.078852653503418,30,-2.2933881282806396,-2.6058881282806396,-0.5270354747772217,2,0.07843662053346634,1, a,?
Albert Einstein,profession_of,The profession of Albert Einstein was,5, Einstein,7,9-17,random,0,261,-2.078852653503418,30,-2.434479236602783,-2.496979236602783,-0.41812658309936523,2,0.03349561616778374,1, a,?
Albert Einstein,profession_of,The profession of Albert Einstein was,5, Einstein,7,9-17,random,1,261,-2.078852653503418,261,-2.1346518993377686,-2.1346518993377686,-0.055799245834350586,1,0.0029276355635374784,0, a, a
Albert Einstein,profession_of,The profession of Albert Einstein was,5, Einstein,7,6-20,jspace,0,261,-2.078852653503418,261,-2.404792547225952,-2.404792547225952,-0.3259398937225342,1,0.13161510229110718,0, a, a
Albert Einstein,profession_of,The profession of Albert Einstein was,5, Einstein,7,6-20,random,0,261,-2.078852653503418,261,-2.137951135635376,-2.137951135635376,-0.05909848213195801,1,0.01929141767323017,0, a, a
Albert Einstein,profession_of,The profession of Albert Einstein was,5, Einstein,7,6-20,random,1,261,-2.078852653503418,261,-2.0903961658477783,-2.0903961658477783,-0.011543512344360352,1,0.010480749420821667,0, a, a
Albert Einstein,instrument,Albert Einstein played the,2, Einstein,5,9-13,jspace,0,88326,-0.5207144021987915,88326,-0.9761395454406738,-0.9761395454406738,-0.4554251432418823,1,0.14039772748947144,0, violin, violin
Albert Einstein,instrument,Albert Einstein played the,2, Einstein,5,9-13,random,0,88326,-0.5207144021987915,88326,-0.4660601019859314,-0.4660601019859314,0.05465430021286011,1,0.003988371230661869,0, violin, violin
Albert Einstein,instrument,Albert Einstein played the,2, Einstein,5,9-13,random,1,88326,-0.5207144021987915,88326,-0.477124959230423,-0.477124959230423,0.04358944296836853,1,0.0031953263096511364,0, violin, violin
Albert Einstein,instrument,Albert Einstein played the,2, Einstein,5,9-17,jspace,0,88326,-0.5207144021987915,27487,-0.9842713475227356,-1.1717712879180908,-0.6510568857192993,2,0.22022047638893127,1, violin, piano
Albert Einstein,instrument,Albert Einstein played the,2, Einstein,5,9-17,random,0,88326,-0.5207144021987915,88326,-0.5606110692024231,-0.5606110692024231,-0.03989666700363159,1,0.0074432482942938805,0, violin, violin
Albert Einstein,instrument,Albert Einstein played the,2, Einstein,5,9-17,random,1,88326,-0.5207144021987915,88326,-0.48573315143585205,-0.48573315143585205,0.03498125076293945,1,0.007249187212437391,0, violin, violin
Albert Einstein,instrument,Albert Einstein played the,2, Einstein,5,6-20,jspace,0,88326,-0.5207144021987915,27487,-0.3231627941131592,-2.073162794113159,-1.5524483919143677,2,0.9099955558776855,1, violin, piano
Albert Einstein,instrument,Albert Einstein played the,2, Einstein,5,6-20,random,0,88326,-0.5207144021987915,88326,-0.6163758635520935,-0.6163758635520935,-0.095661461353302,1,0.01892583817243576,0, violin, violin
Albert Einstein,instrument,Albert Einstein played the,2, Einstein,5,6-20,random,1,88326,-0.5207144021987915,88326,-0.48557382822036743,-0.48557382822036743,0.03514057397842407,1,0.012558382004499435,0, violin, violin
Albert Einstein,famous_for,Albert Einstein is famous for,2, Einstein,6,9-13,jspace,0,1232,-0.9587590098381042,1232,-0.8440417051315308,-0.8440417051315308,0.11471730470657349,1,0.01634116843342781,0, his, his
Albert Einstein,famous_for,Albert Einstein is famous for,2, Einstein,6,9-13,random,0,1232,-0.9587590098381042,1232,-0.9171363115310669,-0.9171363115310669,0.041622698307037354,1,0.005263064987957478,0, his, his
Albert Einstein,famous_for,Albert Einstein is famous for,2, Einstein,6,9-13,random,1,1232,-0.9587590098381042,1232,-0.9249680042266846,-0.9249680042266846,0.03379100561141968,1,0.0015560579486191273,0, his, his
Albert Einstein,famous_for,Albert Einstein is famous for,2, Einstein,6,9-17,jspace,0,1232,-0.9587590098381042,1232,-0.7949191927909851,-0.7949191927909851,0.16383981704711914,1,0.02510266751050949,0, his, his
Albert Einstein,famous_for,Albert Einstein is famous for,2, Einstein,6,9-17,random,0,1232,-0.9587590098381042,1232,-0.9023560881614685,-0.9023560881614685,0.05640292167663574,1,0.006781820673495531,0, his, his
Albert Einstein,famous_for,Albert Einstein is famous for,2, Einstein,6,9-17,random,1,1232,-0.9587590098381042,1232,-0.948993980884552,-0.948993980884552,0.009765028953552246,1,0.0025064009241759777,0, his, his
Albert Einstein,famous_for,Albert Einstein is famous for,2, Einstein,6,6-20,jspace,0,1232,-0.9587590098381042,1232,-0.689846932888031,-0.689846932888031,0.26891207695007324,1,0.0926104336977005,0, his, his
Albert Einstein,famous_for,Albert Einstein is famous for,2, Einstein,6,6-20,random,0,1232,-0.9587590098381042,1232,-0.9320279359817505,-0.9320279359817505,0.02673107385635376,1,0.004297663923352957,0, his, his
Albert Einstein,famous_for,Albert Einstein is famous for,2, Einstein,6,6-20,random,1,1232,-0.9587590098381042,1232,-0.9436858892440796,-0.9436858892440796,0.015073120594024658,1,0.003120164619758725,0, his, his
Albert Einstein,language,Albert Einstein spoke the language of,2, Einstein,7,9-13,jspace,0,290,-1.8142718076705933,290,-1.8210080862045288,-1.8210080862045288,-0.006736278533935547,1,0.03956938534975052,0, the, the
Albert Einstein,language,Albert Einstein spoke the language of,2, Einstein,7,9-13,random,0,290,-1.8142718076705933,290,-1.804816722869873,-1.804816722869873,0.009455084800720215,1,0.023325059562921524,0, the, the
Albert Einstein,language,Albert Einstein spoke the language of,2, Einstein,7,9-13,random,1,290,-1.8142718076705933,290,-1.8335535526275635,-1.8335535526275635,-0.019281744956970215,1,0.006763739977031946,0, the, the
Albert Einstein,language,Albert Einstein spoke the language of,2, Einstein,7,9-17,jspace,0,290,-1.8142718076705933,290,-1.8397117853164673,-1.8397117853164673,-0.025439977645874023,1,0.06250935047864914,0, the, the
Albert Einstein,language,Albert Einstein spoke the language of,2, Einstein,7,9-17,random,0,290,-1.8142718076705933,290,-1.7670159339904785,-1.7670159339904785,0.047255873680114746,1,0.025843191891908646,0, the, the
Albert Einstein,language,Albert Einstein spoke the language of,2, Einstein,7,9-17,random,1,290,-1.8142718076705933,290,-1.892645239830017,-1.892645239830017,-0.07837343215942383,1,0.022158650681376457,0, the, the
Albert Einstein,language,Albert Einstein spoke the language of,2, Einstein,7,6-20,jspace,0,290,-1.8142718076705933,15913,-2.0920157432556152,-2.2170157432556152,-0.402743935585022,2,0.16759704053401947,1, the, German
Albert Einstein,language,Albert Einstein spoke the language of,2, Einstein,7,6-20,random,0,290,-1.8142718076705933,290,-1.7811564207077026,-1.7811564207077026,0.033115386962890625,1,0.010227451100945473,0, the, the
Albert Einstein,language,Albert Einstein spoke the language of,2, Einstein,7,6-20,random,1,290,-1.8142718076705933,290,-1.8628703355789185,-1.8628703355789185,-0.048598527908325195,1,0.07084417343139648,0, the, the
Albert Einstein,spouse,Albert Einstein was married to,2, Einstein,6,9-13,jspace,0,66464,-0.8485074043273926,261,-1.8257317543029785,-4.8257317543029785,-3.977224349975586,20,1.55889892578125,1, Mile, a
Albert Einstein,spouse,Albert Einstein was married to,2, Einstein,6,9-13,random,0,66464,-0.8485074043273926,66464,-0.9429619312286377,-0.9429619312286377,-0.09445452690124512,1,0.007705897558480501,0, Mile, Mile
Albert Einstein,spouse,Albert Einstein was married to,2, Einstein,6,9-13,random,1,66464,-0.8485074043273926,66464,-0.8804863095283508,-0.8804863095283508,-0.03197890520095825,1,0.005961554124951363,0, Mile, Mile
Albert Einstein,spouse,Albert Einstein was married to,2, Einstein,6,9-17,jspace,0,66464,-0.8485074043273926,261,-1.4736452102661133,-4.286145210266113,-3.4376378059387207,11,1.3880321979522705,1, Mile, a
Albert Einstein,spouse,Albert Einstein was married to,2, Einstein,6,9-17,random,0,66464,-0.8485074043273926,66464,-1.082471489906311,-1.082471489906311,-0.23396408557891846,1,0.04241948947310448,0, Mile, Mile
Albert Einstein,spouse,Albert Einstein was married to,2, Einstein,6,9-17,random,1,66464,-0.8485074043273926,66464,-0.473824679851532,-0.473824679851532,0.3746827244758606,1,0.0993574783205986,0, Mile, Mile
Albert Einstein,spouse,Albert Einstein was married to,2, Einstein,6,6-20,jspace,0,66464,-0.8485074043273926,261,-1.6660432815551758,-4.666043281555176,-3.817535877227783,16,1.8760994672775269,1, Mile, a
Albert Einstein,spouse,Albert Einstein was married to,2, Einstein,6,6-20,random,0,66464,-0.8485074043273926,66464,-1.9252055883407593,-1.9252055883407593,-1.0766981840133667,1,0.2607888877391815,0, Mile, Mile
Albert Einstein,spouse,Albert Einstein was married to,2, Einstein,6,6-20,random,1,66464,-0.8485074043273926,66464,-0.9029061794281006,-0.9029061794281006,-0.05439877510070801,1,0.07310836762189865,0, Mile, Mile
Albert Einstein,education,Albert Einstein studied at the University of,2, Einstein,8,9-13,jspace,0,107677,-1.1089613437652588,107677,-2.287317991256714,-2.287317991256714,-1.178356647491455,1,0.4960981607437134,0, Zurich, Zurich
Albert Einstein,education,Albert Einstein studied at the University of,2, Einstein,8,9-13,random,0,107677,-1.1089613437652588,107677,-1.1072922945022583,-1.1072922945022583,0.0016690492630004883,1,0.032861705869436264,0, Zurich, Zurich
Albert Einstein,education,Albert Einstein studied at the University of,2, Einstein,8,9-13,random,1,107677,-1.1089613437652588,107677,-1.06831955909729,-1.06831955909729,0.04064178466796875,1,0.017369769513607025,0, Zurich, Zurich
Albert Einstein,education,Albert Einstein studied at the University of,2, Einstein,8,9-17,jspace,0,107677,-1.1089613437652588,107677,-2.00130558013916,-2.00130558013916,-0.8923442363739014,1,0.30276164412498474,0, Zurich, Zurich
Albert Einstein,education,Albert Einstein studied at the University of,2, Einstein,8,9-17,random,0,107677,-1.1089613437652588,107677,-1.171015739440918,-1.171015739440918,-0.06205439567565918,1,0.09064120799303055,0, Zurich, Zurich
Albert Einstein,education,Albert Einstein studied at the University of,2, Einstein,8,9-17,random,1,107677,-1.1089613437652588,107677,-0.8403328657150269,-0.8403328657150269,0.26862847805023193,1,0.052198752760887146,0, Zurich, Zurich
Albert Einstein,education,Albert Einstein studied at the University of,2, Einstein,8,6-20,jspace,0,107677,-1.1089613437652588,107677,-1.1118592023849487,-1.1118592023849487,-0.0028978586196899414,1,0.5157102942466736,0, Zurich, Zurich
Albert Einstein,education,Albert Einstein studied at the University of,2, Einstein,8,6-20,random,0,107677,-1.1089613437652588,107677,-1.008167028427124,-1.008167028427124,0.10079431533813477,1,0.08771892637014389,0, Zurich, Zurich
Albert Einstein,education,Albert Einstein studied at the University of,2, Einstein,8,6-20,random,1,107677,-1.1089613437652588,107677,-1.5378819704055786,-1.5378819704055786,-0.4289206266403198,1,0.11744345724582672,0, Zurich, Zurich
Albert Einstein,citizenship,Albert Einstein was a citizen of,2, Einstein,7,9-13,jspace,0,17237,-1.1135107278823853,290,-1.4735287427902222,-1.4735287427902222,-0.3600180149078369,1,0.08854132890701294,1, Germany, the
Albert Einstein,citizenship,Albert Einstein was a citizen of,2, Einstein,7,9-13,random,0,17237,-1.1135107278823853,17237,-1.2018297910690308,-1.2018297910690308,-0.08831906318664551,1,0.0040840869769454,0, Germany, Germany
Albert Einstein,citizenship,Albert Einstein was a citizen of,2, Einstein,7,9-13,random,1,17237,-1.1135107278823853,17237,-1.1506662368774414,-1.1506662368774414,-0.03715550899505615,1,0.0011530700139701366,0, Germany, Germany
Albert Einstein,citizenship,Albert Einstein was a citizen of,2, Einstein,7,9-17,jspace,0,17237,-1.1135107278823853,290,-1.3677266836166382,-1.6177266836166382,-0.5042159557342529,2,0.11100610345602036,1, Germany, the
Albert Einstein,citizenship,Albert Einstein was a citizen of,2, Einstein,7,9-17,random,0,17237,-1.1135107278823853,17237,-1.2981754541397095,-1.2981754541397095,-0.18466472625732422,1,0.022722242400050163,0, Germany, Germany
Albert Einstein,citizenship,Albert Einstein was a citizen of,2, Einstein,7,9-17,random,1,17237,-1.1135107278823853,17237,-1.2177547216415405,-1.2177547216415405,-0.10424399375915527,1,0.004389657638967037,0, Germany, Germany
Albert Einstein,citizenship,Albert Einstein was a citizen of,2, Einstein,7,6-20,jspace,0,17237,-1.1135107278823853,290,-1.6739742755889893,-1.7989742755889893,-0.685463547706604,2,0.2287113517522812,1, Germany, the
Albert Einstein,citizenship,Albert Einstein was a citizen of,2, Einstein,7,6-20,random,0,17237,-1.1135107278823853,17237,-1.1444389820098877,-1.1444389820098877,-0.03092825412750244,1,0.014965522103011608,0, Germany, Germany
Albert Einstein,citizenship,Albert Einstein was a citizen of,2, Einstein,7,6-20,random,1,17237,-1.1135107278823853,17237,-1.459840178489685,-1.459840178489685,-0.3463294506072998,1,0.036872606724500656,0, Germany, Germany
Albert Einstein,copy_first_name,The first name of Albert Einstein is,6, Einstein,8,9-13,jspace,0,40833,-1.914526343345642,40833,-1.8199764490127563,-1.8199764490127563,0.09454989433288574,1,0.04480096697807312,0, Albert, Albert
Albert Einstein,copy_first_name,The first name of Albert Einstein is,6, Einstein,8,9-13,random,0,40833,-1.914526343345642,40833,-1.8243740797042847,-1.8243740797042847,0.09015226364135742,1,0.0024757888168096542,0, Albert, Albert
Albert Einstein,copy_first_name,The first name of Albert Einstein is,6, Einstein,8,9-13,random,1,40833,-1.914526343345642,40833,-1.8065699338912964,-1.8065699338912964,0.1079564094543457,1,0.0020824656821787357,0, Albert, Albert
Albert Einstein,copy_first_name,The first name of Albert Einstein is,6, Einstein,8,9-17,jspace,0,40833,-1.914526343345642,40833,-1.7140973806381226,-1.7140973806381226,0.20042896270751953,1,0.0675925612449646,0, Albert, Albert
Albert Einstein,copy_first_name,The first name of Albert Einstein is,6, Einstein,8,9-17,random,0,40833,-1.914526343345642,40833,-1.8747411966323853,-1.8747411966323853,0.039785146713256836,1,0.004771464504301548,0, Albert, Albert
Albert Einstein,copy_first_name,The first name of Albert Einstein is,6, Einstein,8,9-17,random,1,40833,-1.914526343345642,40833,-1.8751881122589111,-1.8751881122589111,0.03933823108673096,1,0.002849089214578271,0, Albert, Albert
Albert Einstein,copy_first_name,The first name of Albert Einstein is,6, Einstein,8,6-20,jspace,0,40833,-1.914526343345642,40833,-2.554255485534668,-2.554255485534668,-0.6397291421890259,1,0.2254057675600052,0, Albert, Albert
Albert Einstein,copy_first_name,The first name of Albert Einstein is,6, Einstein,8,6-20,random,0,40833,-1.914526343345642,40833,-2.007955551147461,-2.007955551147461,-0.09342920780181885,1,0.016653766855597496,0, Albert, Albert
Albert Einstein,copy_first_name,The first name of Albert Einstein is,6, Einstein,8,6-20,random,1,40833,-1.914526343345642,40833,-2.0758514404296875,-2.0758514404296875,-0.1613250970840454,1,0.044670574367046356,0, Albert, Albert
Albert Einstein,copy_last_name,The last name of Albert Einstein is,6, Einstein,8,9-13,jspace,0,392,-2.844458818435669,625,-2.718614339828491,-3.031114339828491,-0.18665552139282227,4,0.15898379683494568,1," """, not
Albert Einstein,copy_last_name,The last name of Albert Einstein is,6, Einstein,8,9-13,random,0,392,-2.844458818435669,83400,-2.8477582931518555,-2.9102582931518555,-0.06579947471618652,2,0.006897713057696819,1," """, Einstein
Albert Einstein,copy_last_name,The last name of Albert Einstein is,6, Einstein,8,9-13,random,1,392,-2.844458818435669,392,-2.873408555984497,-2.873408555984497,-0.028949737548828125,1,0.0028691189363598824,0," """," """
Albert Einstein,copy_last_name,The last name of Albert Einstein is,6, Einstein,8,9-17,jspace,0,392,-2.844458818435669,1412,-2.8160696029663086,-3.0035696029663086,-0.15911078453063965,2,0.18670660257339478,1," """, what
Albert Einstein,copy_last_name,The last name of Albert Einstein is,6, Einstein,8,9-17,random,0,392,-2.844458818435669,83400,-2.7720916271209717,-2.8345916271209717,0.009867191314697266,2,0.007189022842794657,1," """, Einstein
Albert Einstein,copy_last_name,The last name of Albert Einstein is,6, Einstein,8,9-17,random,1,392,-2.844458818435669,392,-2.806234359741211,-2.806234359741211,0.03822445869445801,1,0.02493811585009098,0," """," """
Albert Einstein,copy_last_name,The last name of Albert Einstein is,6, Einstein,8,6-20,jspace,0,392,-2.844458818435669,392,-2.66807222366333,-2.66807222366333,0.17638659477233887,1,0.24210526049137115,0," """," """
Albert Einstein,copy_last_name,The last name of Albert Einstein is,6, Einstein,8,6-20,random,0,392,-2.844458818435669,392,-2.9010887145996094,-2.9010887145996094,-0.05662989616394043,1,0.03716321289539337,0," """," """
Albert Einstein,copy_last_name,The last name of Albert Einstein is,6, Einstein,8,6-20,random,1,392,-2.844458818435669,1412,-2.9623210430145264,-3.0248210430145264,-0.18036222457885742,2,0.0228248480707407,1," """, what
Serena Williams,birth_city,Serena Williams was born in the city of,3, Williams,10,9-13,jspace,0,336,-2.1314375400543213,2036,-2.1184699535369873,-4.368470191955566,-2.237032651901245,7,0.3857188820838928,1, S, New
Serena Williams,birth_city,Serena Williams was born in the city of,3, Williams,10,9-13,random,0,336,-2.1314375400543213,336,-2.1421351432800293,-2.1421351432800293,-0.010697603225708008,1,0.009474596939980984,0, S, S
Serena Williams,birth_city,Serena Williams was born in the city of,3, Williams,10,9-13,random,1,336,-2.1314375400543213,336,-2.0378308296203613,-2.0378308296203613,0.09360671043395996,1,0.00600014254450798,0, S, S
Serena Williams,birth_city,Serena Williams was born in the city of,3, Williams,10,9-17,jspace,0,336,-2.1314375400543213,2036,-2.7125561237335205,-4.712555885314941,-2.58111834526062,13,0.4465050995349884,1, S, New
Serena Williams,birth_city,Serena Williams was born in the city of,3, Williams,10,9-17,random,0,336,-2.1314375400543213,2036,-2.238539218902588,-2.551039218902588,-0.4196016788482666,2,0.1052405834197998,1, S, New
Serena Williams,birth_city,Serena Williams was born in the city of,3, Williams,10,9-17,random,1,336,-2.1314375400543213,336,-2.308602809906006,-2.308602809906006,-0.17716526985168457,1,0.049150604754686356,0, S, S
Serena Williams,birth_city,Serena Williams was born in the city of,3, Williams,10,6-20,jspace,0,336,-2.1314375400543213,2036,-2.550110101699829,-4.48760986328125,-2.3561723232269287,10,0.5161381363868713,1, S, New
Serena Williams,birth_city,Serena Williams was born in the city of,3, Williams,10,6-20,random,0,336,-2.1314375400543213,336,-2.134047031402588,-2.134047031402588,-0.0026094913482666016,1,0.09157899022102356,0, S, S
Serena Williams,birth_city,Serena Williams was born in the city of,3, Williams,10,6-20,random,1,336,-2.1314375400543213,2036,-2.313107490539551,-2.563107490539551,-0.4316699504852295,2,0.12185466289520264,1, S, New
Serena Williams,birth_year,Serena Williams was born in the year,3, Williams,9,9-13,jspace,0,220,-0.3749077618122101,220,-0.3649543821811676,-0.3649543821811676,0.00995337963104248,1,0.008180595934391022,0, , 
Serena Williams,birth_year,Serena Williams was born in the year,3, Williams,9,9-13,random,0,220,-0.3749077618122101,220,-0.3738969564437866,-0.3738969564437866,0.001010805368423462,1,0.00028565936372615397,0, , 
Serena Williams,birth_year,Serena Williams was born in the year,3, Williams,9,9-13,random,1,220,-0.3749077618122101,220,-0.3748966157436371,-0.3748966157436371,1.1146068572998047e-05,1,0.00024268435663543642,0, , 
Serena Williams,birth_year,Serena Williams was born in the year,3, Williams,9,9-17,jspace,0,220,-0.3749077618122101,220,-0.3936272859573364,-0.3936272859573364,-0.018719524145126343,1,0.00362664763815701,0, , 
Serena Williams,birth_year,Serena Williams was born in the year,3, Williams,9,9-17,random,0,220,-0.3749077618122101,220,-0.37483730912208557,-0.37483730912208557,7.045269012451172e-05,1,0.0004868564719799906,0, , 
Serena Williams,birth_year,Serena Williams was born in the year,3, Williams,9,9-17,random,1,220,-0.3749077618122101,220,-0.3789588212966919,-0.3789588212966919,-0.0040510594844818115,1,0.008248443715274334,0, , 
Serena Williams,birth_year,Serena Williams was born in the year,3, Williams,9,6-20,jspace,0,220,-0.3749077618122101,220,-0.3778297007083893,-0.3778297007083893,-0.0029219388961791992,1,0.014374813996255398,0, , 
Serena Williams,birth_year,Serena Williams was born in the year,3, Williams,9,6-20,random,0,220,-0.3749077618122101,220,-0.342131644487381,-0.342131644487381,0.0327761173248291,1,0.004595875274389982,0, , 
Serena Williams,birth_year,Serena Williams was born in the year,3, Williams,9,6-20,random,1,220,-0.3749077618122101,220,-0.3939485251903534,-0.3939485251903534,-0.01904076337814331,1,0.0010915802558884025,0, , 
Serena Williams,birth_country,Serena Williams was born in the country of,3, Williams,10,9-13,jspace,0,290,-0.8977304100990295,290,-0.9659074544906616,-0.9659074544906616,-0.06817704439163208,1,0.030680622905492783,0, the, the
Serena Williams,birth_country,Serena Williams was born in the country of,3, Williams,10,9-13,random,0,290,-0.8977304100990295,290,-0.8901159167289734,-0.8901159167289734,0.007614493370056152,1,0.001094526145607233,0, the, the
Serena Williams,birth_country,Serena Williams was born in the country of,3, Williams,10,9-13,random,1,290,-0.8977304100990295,290,-0.8878455758094788,-0.8878455758094788,0.009884834289550781,1,0.00391047541052103,0, the, the
Serena Williams,birth_country,Serena Williams was born in the country of,3, Williams,10,9-17,jspace,0,290,-0.8977304100990295,290,-1.1461474895477295,-1.1461474895477295,-0.24841707944869995,1,0.06549914181232452,0, the, the
Serena Williams,birth_country,Serena Williams was born in the country of,3, Williams,10,9-17,random,0,290,-0.8977304100990295,290,-0.9494976997375488,-0.9494976997375488,-0.05176728963851929,1,0.00673068780452013,0, the, the
Serena Williams,birth_country,Serena Williams was born in the country of,3, Williams,10,9-17,random,1,290,-0.8977304100990295,290,-0.9097056984901428,-0.9097056984901428,-0.011975288391113281,1,0.007383614778518677,0, the, the
Serena Williams,birth_country,Serena Williams was born in the country of,3, Williams,10,6-20,jspace,0,290,-0.8977304100990295,290,-1.2881451845169067,-1.2881451845169067,-0.3904147744178772,1,0.10919872671365738,0, the, the
Serena Williams,birth_country,Serena Williams was born in the country of,3, Williams,10,6-20,random,0,290,-0.8977304100990295,290,-0.932272732257843,-0.932272732257843,-0.03454232215881348,1,0.006976273376494646,0, the, the
Serena Williams,birth_country,Serena Williams was born in the country of,3, Williams,10,6-20,random,1,290,-0.8977304100990295,290,-0.8875663876533508,-0.8875663876533508,0.010164022445678711,1,0.020242460072040558,0, the, the
Serena Williams,death_year,Serena Williams died in the year,3, Williams,8,9-13,jspace,0,220,-0.28011322021484375,220,-0.3100253641605377,-0.3100253641605377,-0.02991214394569397,1,0.006392509210854769,0, , 
Serena Williams,death_year,Serena Williams died in the year,3, Williams,8,9-13,random,0,220,-0.28011322021484375,220,-0.2977486550807953,-0.2977486550807953,-0.017635434865951538,1,0.0038734651170670986,0, , 
Serena Williams,death_year,Serena Williams died in the year,3, Williams,8,9-13,random,1,220,-0.28011322021484375,220,-0.312127023935318,-0.312127023935318,-0.03201380372047424,1,0.005003507249057293,0, , 
Serena Williams,death_year,Serena Williams died in the year,3, Williams,8,9-17,jspace,0,220,-0.28011322021484375,220,-0.24093085527420044,-0.24093085527420044,0.03918236494064331,1,0.009395843371748924,0, , 
Serena Williams,death_year,Serena Williams died in the year,3, Williams,8,9-17,random,0,220,-0.28011322021484375,220,-0.2513192296028137,-0.2513192296028137,0.02879399061203003,1,0.003968043718487024,0, , 
Serena Williams,death_year,Serena Williams died in the year,3, Williams,8,9-17,random,1,220,-0.28011322021484375,220,-0.27413210272789,-0.27413210272789,0.005981117486953735,1,0.00026946552679874003,0, , 
Serena Williams,death_year,Serena Williams died in the year,3, Williams,8,6-20,jspace,0,220,-0.28011322021484375,220,-0.34498971700668335,-0.34498971700668335,-0.0648764967918396,1,0.01951463334262371,0, , 
Serena Williams,death_year,Serena Williams died in the year,3, Williams,8,6-20,random,0,220,-0.28011322021484375,220,-0.22528693079948425,-0.22528693079948425,0.0548262894153595,1,0.012900525704026222,0, , 
Serena Williams,death_year,Serena Williams died in the year,3, Williams,8,6-20,random,1,220,-0.28011322021484375,220,-0.2587414085865021,-0.2587414085865021,0.021371811628341675,1,0.005727351177483797,0, , 
Serena Williams,occupation,Serena Williams worked as a,3, Williams,7,9-13,jspace,0,33595,-2.35288667678833,33595,-2.7128689289093018,-2.7128689289093018,-0.3599822521209717,1,0.0320892259478569,0, tennis, tennis
Serena Williams,occupation,Serena Williams worked as a,3, Williams,7,9-13,random,0,33595,-2.35288667678833,33595,-2.451599359512329,-2.451599359512329,-0.09871268272399902,1,0.002469852566719055,0, tennis, tennis
Serena Williams,occupation,Serena Williams worked as a,3, Williams,7,9-13,random,1,33595,-2.35288667678833,33595,-2.440757989883423,-2.440757989883423,-0.08787131309509277,1,0.0015258211642503738,0, tennis, tennis
Serena Williams,occupation,Serena Williams worked as a,3, Williams,7,9-17,jspace,0,33595,-2.35288667678833,33595,-2.7725775241851807,-2.7725775241851807,-0.4196908473968506,1,0.051156800240278244,0, tennis, tennis
Serena Williams,occupation,Serena Williams worked as a,3, Williams,7,9-17,random,0,33595,-2.35288667678833,33595,-2.427189588546753,-2.427189588546753,-0.07430291175842285,1,0.007408570498228073,0, tennis, tennis
Serena Williams,occupation,Serena Williams worked as a,3, Williams,7,9-17,random,1,33595,-2.35288667678833,33595,-2.6081011295318604,-2.6081011295318604,-0.2552144527435303,1,0.00953823421150446,0, tennis, tennis
Serena Williams,occupation,Serena Williams worked as a,3, Williams,7,6-20,jspace,0,33595,-2.35288667678833,33595,-3.2387783527374268,-3.2387783527374268,-0.8858916759490967,1,0.10488756000995636,0, tennis, tennis
Serena Williams,occupation,Serena Williams worked as a,3, Williams,7,6-20,random,0,33595,-2.35288667678833,33595,-2.5597422122955322,-2.5597422122955322,-0.20685553550720215,1,0.010796376504004002,0, tennis, tennis
Serena Williams,occupation,Serena Williams worked as a,3, Williams,7,6-20,random,1,33595,-2.35288667678833,33595,-2.4983346462249756,-2.4983346462249756,-0.1454479694366455,1,0.013437166810035706,0, tennis, tennis
Serena Williams,profession_of,The profession of Serena Williams was,5, Williams,7,9-13,jspace,0,261,-2.1427931785583496,261,-2.1998462677001953,-2.1998462677001953,-0.0570530891418457,1,0.012012746185064316,0, a, a
Serena Williams,profession_of,The profession of Serena Williams was,5, Williams,7,9-13,random,0,261,-2.1427931785583496,261,-2.1050477027893066,-2.1050477027893066,0.03774547576904297,1,0.004313818644732237,0, a, a
Serena Williams,profession_of,The profession of Serena Williams was,5, Williams,7,9-13,random,1,261,-2.1427931785583496,261,-2.130012273788452,-2.130012273788452,0.012780904769897461,1,0.002086281543597579,0, a, a
Serena Williams,profession_of,The profession of Serena Williams was,5, Williams,7,9-17,jspace,0,261,-2.1427931785583496,261,-2.197335720062256,-2.197335720062256,-0.05454254150390625,1,0.02950485236942768,0, a, a
Serena Williams,profession_of,The profession of Serena Williams was,5, Williams,7,9-17,random,0,261,-2.1427931785583496,261,-2.108719825744629,-2.108719825744629,0.0340733528137207,1,0.0050376225262880325,0, a, a
Serena Williams,profession_of,The profession of Serena Williams was,5, Williams,7,9-17,random,1,261,-2.1427931785583496,261,-2.120245933532715,-2.120245933532715,0.022547245025634766,1,0.0023498767986893654,0, a, a
Serena Williams,profession_of,The profession of Serena Williams was,5, Williams,7,6-20,jspace,0,261,-2.1427931785583496,261,-2.0852365493774414,-2.0852365493774414,0.0575566291809082,1,0.14123427867889404,0, a, a
Serena Williams,profession_of,The profession of Serena Williams was,5, Williams,7,6-20,random,0,261,-2.1427931785583496,261,-2.024371385574341,-2.024371385574341,0.11842179298400879,1,0.01631840690970421,0, a, a
Serena Williams,profession_of,The profession of Serena Williams was,5, Williams,7,6-20,random,1,261,-2.1427931785583496,261,-2.139704465866089,-2.139704465866089,0.003088712692260742,1,0.019290488213300705,0, a, a
Serena Williams,instrument,Serena Williams played the,3, Williams,6,9-13,jspace,0,1645,-2.321805238723755,5430,-2.287766456604004,-2.412766456604004,-0.09096121788024902,2,0.020380156114697456,1, most, role
Serena Williams,instrument,Serena Williams played the,3, Williams,6,9-13,random,0,1645,-2.321805238723755,5430,-2.423553943634033,-2.486053943634033,-0.16424870491027832,2,0.0031022520270198584,1, most, role
Serena Williams,instrument,Serena Williams played the,3, Williams,6,9-13,random,1,1645,-2.321805238723755,1645,-2.3325164318084717,-2.3325164318084717,-0.010711193084716797,1,0.0006336034275591373,0, most, most
Serena Williams,instrument,Serena Williams played the,3, Williams,6,9-17,jspace,0,1645,-2.321805238723755,5430,-2.176229476928711,-2.551229476928711,-0.22942423820495605,2,0.021416012197732925,1, most, role
Serena Williams,instrument,Serena Williams played the,3, Williams,6,9-17,random,0,1645,-2.321805238723755,1645,-2.4697227478027344,-2.4697227478027344,-0.1479175090789795,1,0.004339422564953566,0, most, most
Serena Williams,instrument,Serena Williams played the,3, Williams,6,9-17,random,1,1645,-2.321805238723755,1645,-2.2656455039978027,-2.2656455039978027,0.05615973472595215,1,0.004458304960280657,0, most, most
Serena Williams,instrument,Serena Williams played the,3, Williams,6,6-20,jspace,0,1645,-2.321805238723755,5430,-2.0635859966278076,-2.5635859966278076,-0.24178075790405273,2,0.03912629559636116,1, most, role
Serena Williams,instrument,Serena Williams played the,3, Williams,6,6-20,random,0,1645,-2.321805238723755,5430,-2.4165685176849365,-2.4790685176849365,-0.15726327896118164,2,0.005201604217290878,1, most, role
Serena Williams,instrument,Serena Williams played the,3, Williams,6,6-20,random,1,1645,-2.321805238723755,1636,-2.4036173820495605,-2.5286173820495605,-0.20681214332580566,2,0.00863379705697298,1, most, best
Serena Williams,famous_for,Serena Williams is famous for,3, Williams,7,9-13,jspace,0,1335,-1.0300956964492798,1335,-1.092705488204956,-1.092705488204956,-0.06260979175567627,1,0.010278565809130669,0, her, her
Serena Williams,famous_for,Serena Williams is famous for,3, Williams,7,9-13,random,0,1335,-1.0300956964492798,1335,-1.0686659812927246,-1.0686659812927246,-0.038570284843444824,1,0.00159538839943707,0, her, her
Serena Williams,famous_for,Serena Williams is famous for,3, Williams,7,9-13,random,1,1335,-1.0300956964492798,1335,-1.0227453708648682,-1.0227453708648682,0.007350325584411621,1,0.000727882725186646,0, her, her
Serena Williams,famous_for,Serena Williams is famous for,3, Williams,7,9-17,jspace,0,1335,-1.0300956964492798,1335,-1.037918210029602,-1.037918210029602,-0.007822513580322266,1,0.01003109198063612,0, her, her
Serena Williams,famous_for,Serena Williams is famous for,3, Williams,7,9-17,random,0,1335,-1.0300956964492798,1335,-1.0094046592712402,-1.0094046592712402,0.02069103717803955,1,0.012724889442324638,0, her, her
Serena Williams,famous_for,Serena Williams is famous for,3, Williams,7,9-17,random,1,1335,-1.0300956964492798,1335,-1.0147982835769653,-1.0147982835769653,0.015297412872314453,1,0.003707260126248002,0, her, her
Serena Williams,famous_for,Serena Williams is famous for,3, Williams,7,6-20,jspace,0,1335,-1.0300956964492798,1335,-1.1371150016784668,-1.1371150016784668,-0.10701930522918701,1,0.03111967444419861,0, her, her
Serena Williams,famous_for,Serena Williams is famous for,3, Williams,7,6-20,random,0,1335,-1.0300956964492798,1335,-1.0060756206512451,-1.0060756206512451,0.024020075798034668,1,0.010952571406960487,0, her, her
Serena Williams,famous_for,Serena Williams is famous for,3, Williams,7,6-20,random,1,1335,-1.0300956964492798,1335,-1.1023708581924438,-1.1023708581924438,-0.07227516174316406,1,0.007913289591670036,0, her, her
Serena Williams,language,Serena Williams spoke the language of,3, Williams,8,9-13,jspace,0,290,-1.6217830181121826,290,-1.5555530786514282,-1.5555530786514282,0.0662299394607544,1,0.03616146743297577,0, the, the
Serena Williams,language,Serena Williams spoke the language of,3, Williams,8,9-13,random,0,290,-1.6217830181121826,290,-1.5791523456573486,-1.5791523456573486,0.042630672454833984,1,0.0022071178536862135,0, the, the
Serena Williams,language,Serena Williams spoke the language of,3, Williams,8,9-13,random,1,290,-1.6217830181121826,290,-1.5434318780899048,-1.5434318780899048,0.07835114002227783,1,0.002915494842454791,0, the, the
Serena Williams,language,Serena Williams spoke the language of,3, Williams,8,9-17,jspace,0,290,-1.6217830181121826,290,-1.5016485452651978,-1.5016485452651978,0.12013447284698486,1,0.05326717719435692,0, the, the
Serena Williams,language,Serena Williams spoke the language of,3, Williams,8,9-17,random,0,290,-1.6217830181121826,290,-1.5604292154312134,-1.5604292154312134,0.06135380268096924,1,0.0056796008720994,0, the, the
Serena Williams,language,Serena Williams spoke the language of,3, Williams,8,9-17,random,1,290,-1.6217830181121826,290,-1.6158329248428345,-1.6158329248428345,0.0059500932693481445,1,0.006482609082013369,0, the, the
Serena Williams,language,Serena Williams spoke the language of,3, Williams,8,6-20,jspace,0,290,-1.6217830181121826,290,-1.5521191358566284,-1.5521191358566284,0.0696638822555542,1,0.07456481456756592,0, the, the
Serena Williams,language,Serena Williams spoke the language of,3, Williams,8,6-20,random,0,290,-1.6217830181121826,290,-1.5580974817276,-1.5580974817276,0.06368553638458252,1,0.005796348676085472,0, the, the
Serena Williams,language,Serena Williams spoke the language of,3, Williams,8,6-20,random,1,290,-1.6217830181121826,290,-1.4905019998550415,-1.4905019998550415,0.1312810182571411,1,0.012843381613492966,0, the, the
Serena Williams,spouse,Serena Williams was married to,3, Williams,7,9-13,jspace,0,261,-2.036780595779419,261,-2.127910614013672,-2.127910614013672,-0.09113001823425293,1,0.1931464970111847,0, a, a
Serena Williams,spouse,Serena Williams was married to,3, Williams,7,9-13,random,0,261,-2.036780595779419,261,-1.952842116355896,-1.952842116355896,0.08393847942352295,1,0.007262682542204857,0, a, a
Serena Williams,spouse,Serena Williams was married to,3, Williams,7,9-13,random,1,261,-2.036780595779419,261,-1.998831033706665,-1.998831033706665,0.037949562072753906,1,0.0033712948206812143,0, a, a
Serena Williams,spouse,Serena Williams was married to,3, Williams,7,9-17,jspace,0,261,-2.036780595779419,261,-2.3627612590789795,-2.3627612590789795,-0.32598066329956055,1,0.21866708993911743,0, a, a
Serena Williams,spouse,Serena Williams was married to,3, Williams,7,9-17,random,0,261,-2.036780595779419,261,-2.0768167972564697,-2.0768167972564697,-0.04003620147705078,1,0.07740789651870728,0, a, a
Serena Williams,spouse,Serena Williams was married to,3, Williams,7,9-17,random,1,261,-2.036780595779419,261,-2.0558462142944336,-2.0558462142944336,-0.01906561851501465,1,0.030803050845861435,0, a, a
Serena Williams,spouse,Serena Williams was married to,3, Williams,7,6-20,jspace,0,261,-2.036780595779419,261,-2.001269817352295,-2.001269817352295,0.03551077842712402,1,0.24597547948360443,0, a, a
Serena Williams,spouse,Serena Williams was married to,3, Williams,7,6-20,random,0,261,-2.036780595779419,261,-1.9335561990737915,-1.9335561990737915,0.10322439670562744,1,0.058882877230644226,0, a, a
Serena Williams,spouse,Serena Williams was married to,3, Williams,7,6-20,random,1,261,-2.036780595779419,1335,-2.0704896450042725,-2.1329896450042725,-0.09620904922485352,2,0.0589568056166172,1, a, her
Serena Williams,education,Serena Williams studied at the University of,3, Williams,9,9-13,jspace,0,13934,-1.762856364250183,13934,-1.9633629322052002,-1.9633629322052002,-0.2005065679550171,1,0.04896089807152748,0, Florida, Florida
Serena Williams,education,Serena Williams studied at the University of,3, Williams,9,9-13,random,0,13934,-1.762856364250183,13934,-1.650089144706726,-1.650089144706726,0.11276721954345703,1,0.009614374488592148,0, Florida, Florida
Serena Williams,education,Serena Williams studied at the University of,3, Williams,9,9-13,random,1,13934,-1.762856364250183,13934,-1.6386592388153076,-1.6386592388153076,0.12419712543487549,1,0.003628538455814123,0, Florida, Florida
Serena Williams,education,Serena Williams studied at the University of,3, Williams,9,9-17,jspace,0,13934,-1.762856364250183,13934,-2.13568115234375,-2.13568115234375,-0.3728247880935669,1,0.08181305974721909,0, Florida, Florida
Serena Williams,education,Serena Williams studied at the University of,3, Williams,9,9-17,random,0,13934,-1.762856364250183,13934,-1.8633545637130737,-1.8633545637130737,-0.10049819946289062,1,0.02815070189535618,0, Florida, Florida
Serena Williams,education,Serena Williams studied at the University of,3, Williams,9,9-17,random,1,13934,-1.762856364250183,13934,-1.6244310140609741,-1.6244310140609741,0.13842535018920898,1,0.013066334649920464,0, Florida, Florida
Serena Williams,education,Serena Williams studied at the University of,3, Williams,9,6-20,jspace,0,13934,-1.762856364250183,10444,-2.2756080627441406,-2.7756080627441406,-1.0127516984939575,2,0.2208705097436905,1, Florida, California
Serena Williams,education,Serena Williams studied at the University of,3, Williams,9,6-20,random,0,13934,-1.762856364250183,13934,-1.7092716693878174,-1.7092716693878174,0.05358469486236572,1,0.024249792098999023,0, Florida, Florida
Serena Williams,education,Serena Williams studied at the University of,3, Williams,9,6-20,random,1,13934,-1.762856364250183,13934,-1.824687123298645,-1.824687123298645,-0.061830759048461914,1,0.027176549658179283,0, Florida, Florida
Serena Williams,citizenship,Serena Williams was a citizen of,3, Williams,8,9-13,jspace,0,290,-0.6305882334709167,290,-0.7103312611579895,-0.7103312611579895,-0.07974302768707275,1,0.02944941818714142,0, the, the
Serena Williams,citizenship,Serena Williams was a citizen of,3, Williams,8,9-13,random,0,290,-0.6305882334709167,290,-0.6181268692016602,-0.6181268692016602,0.012461364269256592,1,0.0007378150476142764,0, the, the
Serena Williams,citizenship,Serena Williams was a citizen of,3, Williams,8,9-13,random,1,290,-0.6305882334709167,290,-0.6025856137275696,-0.6025856137275696,0.028002619743347168,1,0.0010912613943219185,0, the, the
Serena Williams,citizenship,Serena Williams was a citizen of,3, Williams,8,9-17,jspace,0,290,-0.6305882334709167,290,-0.7832984924316406,-0.7832984924316406,-0.15271025896072388,1,0.05390984192490578,0, the, the
Serena Williams,citizenship,Serena Williams was a citizen of,3, Williams,8,9-17,random,0,290,-0.6305882334709167,290,-0.6437171101570129,-0.6437171101570129,-0.013128876686096191,1,0.0024604073259979486,0, the, the
Serena Williams,citizenship,Serena Williams was a citizen of,3, Williams,8,9-17,random,1,290,-0.6305882334709167,290,-0.604653000831604,-0.604653000831604,0.025935232639312744,1,0.0024978432338684797,0, the, the
Serena Williams,citizenship,Serena Williams was a citizen of,3, Williams,8,6-20,jspace,0,290,-0.6305882334709167,290,-0.8835001587867737,-0.8835001587867737,-0.25291192531585693,1,0.06981725245714188,0, the, the
Serena Williams,citizenship,Serena Williams was a citizen of,3, Williams,8,6-20,random,0,290,-0.6305882334709167,290,-0.6331486701965332,-0.6331486701965332,-0.002560436725616455,1,0.0036889740731567144,0, the, the
Serena Williams,citizenship,Serena Williams was a citizen of,3, Williams,8,6-20,random,1,290,-0.6305882334709167,290,-0.621671199798584,-0.621671199798584,0.008917033672332764,1,0.00657305121421814,0, the, the
Serena Williams,copy_first_name,The first name of Serena Williams is,6, Williams,8,9-13,jspace,0,127398,-1.704685091972351,127398,-1.9084330797195435,-1.9084330797195435,-0.20374798774719238,1,0.026992635801434517,0, Serena, Serena
Serena Williams,copy_first_name,The first name of Serena Williams is,6, Williams,8,9-13,random,0,127398,-1.704685091972351,127398,-1.7601155042648315,-1.7601155042648315,-0.05543041229248047,1,0.0016230938490480185,0, Serena, Serena
Serena Williams,copy_first_name,The first name of Serena Williams is,6, Williams,8,9-13,random,1,127398,-1.704685091972351,127398,-1.8578084707260132,-1.8578084707260132,-0.1531233787536621,1,0.007722275331616402,0, Serena, Serena
Serena Williams,copy_first_name,The first name of Serena Williams is,6, Williams,8,9-17,jspace,0,127398,-1.704685091972351,127398,-2.112342596054077,-2.112342596054077,-0.4076575040817261,1,0.03041970171034336,0, Serena, Serena
Serena Williams,copy_first_name,The first name of Serena Williams is,6, Williams,8,9-17,random,0,127398,-1.704685091972351,127398,-2.088698625564575,-2.088698625564575,-0.3840135335922241,1,0.029228584840893745,0, Serena, Serena
Serena Williams,copy_first_name,The first name of Serena Williams is,6, Williams,8,9-17,random,1,127398,-1.704685091972351,127398,-1.9771199226379395,-1.9771199226379395,-0.2724348306655884,1,0.026764346286654472,0, Serena, Serena
Serena Williams,copy_first_name,The first name of Serena Williams is,6, Williams,8,6-20,jspace,0,127398,-1.704685091972351,30,-2.8926687240600586,-2.9551687240600586,-1.2504836320877075,2,0.1977650374174118,1, Serena,?
Serena Williams,copy_first_name,The first name of Serena Williams is,6, Williams,8,6-20,random,0,127398,-1.704685091972351,127398,-1.8781681060791016,-1.8781681060791016,-0.1734830141067505,1,0.019079525023698807,0, Serena, Serena
Serena Williams,copy_first_name,The first name of Serena Williams is,6, Williams,8,6-20,random,1,127398,-1.704685091972351,30,-2.3734395503997803,-2.4984395503997803,-0.7937544584274292,2,0.08366116136312485,1, Serena,?
Serena Williams,copy_last_name,The last name of Serena Williams is,6, Williams,8,9-13,jspace,0,23189,-2.4757142066955566,1412,-3.0010323524475098,-6.25103235244751,-3.775318145751953,73,0.27565377950668335,1, Williams, what
Serena Williams,copy_last_name,The last name of Serena Williams is,6, Williams,8,9-13,random,0,23189,-2.4757142066955566,23189,-2.6118922233581543,-2.6118922233581543,-0.13617801666259766,1,0.0026854812167584896,0, Williams, Williams
Serena Williams,copy_last_name,The last name of Serena Williams is,6, Williams,8,9-13,random,1,23189,-2.4757142066955566,23189,-2.4215028285980225,-2.4215028285980225,0.05421137809753418,1,0.0012595374137163162,0, Williams, Williams
Serena Williams,copy_last_name,The last name of Serena Williams is,6, Williams,8,9-17,jspace,0,23189,-2.4757142066955566,220,-3.1642255783081055,-6.4142255783081055,-3.938511371612549,78,0.295971542596817,1, Williams, 
Serena Williams,copy_last_name,The last name of Serena Williams is,6, Williams,8,9-17,random,0,23189,-2.4757142066955566,30,-3.0371623039245605,-4.4121623039245605,-1.936448097229004,17,0.10350961238145828,1, Williams,?
Serena Williams,copy_last_name,The last name of Serena Williams is,6, Williams,8,9-17,random,1,23189,-2.4757142066955566,1412,-3.0196163654327393,-3.1446163654327393,-0.6689021587371826,3,0.020595669746398926,1, Williams, what
Serena Williams,copy_last_name,The last name of Serena Williams is,6, Williams,8,6-20,jspace,0,23189,-2.4757142066955566,261,-2.9056432247161865,-7.999393463134766,-5.523679256439209,262,0.5978602170944214,1, Williams, a
Serena Williams,copy_last_name,The last name of Serena Williams is,6, Williams,8,6-20,random,0,23189,-2.4757142066955566,1412,-3.0092601776123047,-3.1967601776123047,-0.721045970916748,5,0.03410716354846954,1, Williams, what
Serena Williams,copy_last_name,The last name of Serena Williams is,6, Williams,8,6-20,random,1,23189,-2.4757142066955566,30,-3.036057472229004,-4.098557472229004,-1.6228432655334473,12,0.08359361439943314,1, Williams,?
Ludwig van Beethoven,birth_city,Ludwig van Beethoven was born in the city of,5, Beethoven,12,9-13,jspace,0,104597,-0.16166278719902039,104597,-0.39884868264198303,-0.39884868264198303,-0.23718589544296265,1,0.11096866428852081,0, Bonn, Bonn
Ludwig van Beethoven,birth_city,Ludwig van Beethoven was born in the city of,5, Beethoven,12,9-13,random,0,104597,-0.16166278719902039,104597,-0.20881697535514832,-0.20881697535514832,-0.04715418815612793,1,0.00668014120310545,0, Bonn, Bonn
Ludwig van Beethoven,birth_city,Ludwig van Beethoven was born in the city of,5, Beethoven,12,9-13,random,1,104597,-0.16166278719902039,104597,-0.20812541246414185,-0.20812541246414185,-0.04646262526512146,1,0.005981625057756901,0, Bonn, Bonn
Ludwig van Beethoven,birth_city,Ludwig van Beethoven was born in the city of,5, Beethoven,12,9-17,jspace,0,104597,-0.16166278719902039,104597,-0.5001662373542786,-0.5001662373542786,-0.3385034501552582,1,0.165196493268013,0, Bonn, Bonn
Ludwig van Beethoven,birth_city,Ludwig van Beethoven was born in the city of,5, Beethoven,12,9-17,random,0,104597,-0.16166278719902039,104597,-0.2161613255739212,-0.2161613255739212,-0.05449853837490082,1,0.01754683442413807,0, Bonn, Bonn
Ludwig van Beethoven,birth_city,Ludwig van Beethoven was born in the city of,5, Beethoven,12,9-17,random,1,104597,-0.16166278719902039,104597,-0.2699453830718994,-0.2699453830718994,-0.10828259587287903,1,0.029777802526950836,0, Bonn, Bonn
Ludwig van Beethoven,birth_city,Ludwig van Beethoven was born in the city of,5, Beethoven,12,6-20,jspace,0,104597,-0.16166278719902039,104597,-1.2607753276824951,-1.2607753276824951,-1.0991125106811523,1,0.7599161267280579,0, Bonn, Bonn
Ludwig van Beethoven,birth_city,Ludwig van Beethoven was born in the city of,5, Beethoven,12,6-20,random,0,104597,-0.16166278719902039,104597,-0.458257257938385,-0.458257257938385,-0.2965944707393646,1,0.13163354992866516,0, Bonn, Bonn
Ludwig van Beethoven,birth_city,Ludwig van Beethoven was born in the city of,5, Beethoven,12,6-20,random,1,104597,-0.16166278719902039,104597,-0.26800039410591125,-0.26800039410591125,-0.10633760690689087,1,0.03854052349925041,0, Bonn, Bonn
Ludwig van Beethoven,birth_year,Ludwig van Beethoven was born in the year,5, Beethoven,11,9-13,jspace,0,220,-0.20369009673595428,220,-0.22715513408184052,-0.22715513408184052,-0.02346503734588623,1,0.0027752097230404615,0, , 
Ludwig van Beethoven,birth_year,Ludwig van Beethoven was born in the year,5, Beethoven,11,9-13,random,0,220,-0.20369009673595428,220,-0.2017490416765213,-0.2017490416765213,0.0019410550594329834,1,8.628010255051777e-05,0, , 
Ludwig van Beethoven,birth_year,Ludwig van Beethoven was born in the year,5, Beethoven,11,9-13,random,1,220,-0.20369009673595428,220,-0.20692704617977142,-0.20692704617977142,-0.0032369494438171387,1,0.00017176730034407228,0, , 
Ludwig van Beethoven,birth_year,Ludwig van Beethoven was born in the year,5, Beethoven,11,9-17,jspace,0,220,-0.20369009673595428,220,-0.24957378208637238,-0.24957378208637238,-0.04588368535041809,1,0.005322298966348171,0, , 
Ludwig van Beethoven,birth_year,Ludwig van Beethoven was born in the year,5, Beethoven,11,9-17,random,0,220,-0.20369009673595428,220,-0.20480191707611084,-0.20480191707611084,-0.0011118203401565552,1,0.00024896240211091936,0, , 
Ludwig van Beethoven,birth_year,Ludwig van Beethoven was born in the year,5, Beethoven,11,9-17,random,1,220,-0.20369009673595428,220,-0.2012288123369217,-0.2012288123369217,0.0024612843990325928,1,0.0003364127187523991,0, , 
Ludwig van Beethoven,birth_year,Ludwig van Beethoven was born in the year,5, Beethoven,11,6-20,jspace,0,220,-0.20369009673595428,220,-0.29855766892433167,-0.29855766892433167,-0.09486757218837738,1,0.049775056540966034,0, , 
Ludwig van Beethoven,birth_year,Ludwig van Beethoven was born in the year,5, Beethoven,11,6-20,random,0,220,-0.20369009673595428,220,-0.22971048951148987,-0.22971048951148987,-0.026020392775535583,1,0.00185227463953197,0, , 
Ludwig van Beethoven,birth_year,Ludwig van Beethoven was born in the year,5, Beethoven,11,6-20,random,1,220,-0.20369009673595428,220,-0.2258850336074829,-0.2258850336074829,-0.022194936871528625,1,0.0015619868645444512,0, , 
Ludwig van Beethoven,birth_country,Ludwig van Beethoven was born in the country of,5, Beethoven,12,9-13,jspace,0,17237,-0.9285934567451477,17237,-0.8282095193862915,-0.8282095193862915,0.1003839373588562,1,0.026270395144820213,0, Germany, Germany
Ludwig van Beethoven,birth_country,Ludwig van Beethoven was born in the country of,5, Beethoven,12,9-13,random,0,17237,-0.9285934567451477,17237,-0.9274101257324219,-0.9274101257324219,0.00118333101272583,1,0.0016359705477952957,0, Germany, Germany
Ludwig van Beethoven,birth_country,Ludwig van Beethoven was born in the country of,5, Beethoven,12,9-13,random,1,17237,-0.9285934567451477,17237,-0.9352923035621643,-0.9352923035621643,-0.0066988468170166016,1,0.001037470530718565,0, Germany, Germany
Ludwig van Beethoven,birth_country,Ludwig van Beethoven was born in the country of,5, Beethoven,12,9-17,jspace,0,17237,-0.9285934567451477,17237,-0.804520308971405,-0.804520308971405,0.12407314777374268,1,0.034654755145311356,0, Germany, Germany
Ludwig van Beethoven,birth_country,Ludwig van Beethoven was born in the country of,5, Beethoven,12,9-17,random,0,17237,-0.9285934567451477,17237,-0.9215298295021057,-0.9215298295021057,0.007063627243041992,1,0.005512720439583063,0, Germany, Germany
Ludwig van Beethoven,birth_country,Ludwig van Beethoven was born in the country of,5, Beethoven,12,9-17,random,1,17237,-0.9285934567451477,17237,-0.9698404669761658,-0.9698404669761658,-0.041247010231018066,1,0.003929866012185812,0, Germany, Germany
Ludwig van Beethoven,birth_country,Ludwig van Beethoven was born in the country of,5, Beethoven,12,6-20,jspace,0,17237,-0.9285934567451477,17237,-0.8323572874069214,-0.8323572874069214,0.09623616933822632,1,0.1494305580854416,0, Germany, Germany
Ludwig van Beethoven,birth_country,Ludwig van Beethoven was born in the country of,5, Beethoven,12,6-20,random,0,17237,-0.9285934567451477,17237,-0.7778273224830627,-0.7778273224830627,0.15076613426208496,1,0.02265128493309021,0, Germany, Germany
Ludwig van Beethoven,birth_country,Ludwig van Beethoven was born in the country of,5, Beethoven,12,6-20,random,1,17237,-0.9285934567451477,17237,-0.9393815398216248,-0.9393815398216248,-0.01078808307647705,1,0.01623883843421936,0, Germany, Germany
Ludwig van Beethoven,death_year,Ludwig van Beethoven died in the year,5, Beethoven,10,9-13,jspace,0,220,-0.7645295262336731,220,-0.6871429681777954,-0.6871429681777954,0.07738655805587769,1,0.01416402030736208,0, , 
Ludwig van Beethoven,death_year,Ludwig van Beethoven died in the year,5, Beethoven,10,9-13,random,0,220,-0.7645295262336731,220,-0.8269223570823669,-0.8269223570823669,-0.06239283084869385,1,0.0023957816883921623,0, , 
Ludwig van Beethoven,death_year,Ludwig van Beethoven died in the year,5, Beethoven,10,9-13,random,1,220,-0.7645295262336731,220,-0.7661643624305725,-0.7661643624305725,-0.001634836196899414,1,0.0006270846351981163,0, , 
Ludwig van Beethoven,death_year,Ludwig van Beethoven died in the year,5, Beethoven,10,9-17,jspace,0,220,-0.7645295262336731,220,-0.7352479100227356,-0.7352479100227356,0.0292816162109375,1,0.007462990004569292,0, , 
Ludwig van Beethoven,death_year,Ludwig van Beethoven died in the year,5, Beethoven,10,9-17,random,0,220,-0.7645295262336731,220,-0.8173053860664368,-0.8173053860664368,-0.05277585983276367,1,0.002392592141404748,0, , 
Ludwig van Beethoven,death_year,Ludwig van Beethoven died in the year,5, Beethoven,10,9-17,random,1,220,-0.7645295262336731,220,-0.7662035822868347,-0.7662035822868347,-0.001674056053161621,1,0.0008011847967281938,0, , 
Ludwig van Beethoven,death_year,Ludwig van Beethoven died in the year,5, Beethoven,10,6-20,jspace,0,220,-0.7645295262336731,220,-0.859353244304657,-0.859353244304657,-0.09482371807098389,1,0.11108553409576416,0, , 
Ludwig van Beethoven,death_year,Ludwig van Beethoven died in the year,5, Beethoven,10,6-20,random,0,220,-0.7645295262336731,220,-0.6666552424430847,-0.6666552424430847,0.09787428379058838,1,0.009147431701421738,0, , 
Ludwig van Beethoven,death_year,Ludwig van Beethoven died in the year,5, Beethoven,10,6-20,random,1,220,-0.7645295262336731,220,-0.7069699764251709,-0.7069699764251709,0.0575595498085022,1,0.0047592176124453545,0, , 
Ludwig van Beethoven,occupation,Ludwig van Beethoven worked as a,5, Beethoven,9,9-13,jspace,0,5383,-2.5442957878112793,5383,-2.4245123863220215,-2.4245123863220215,0.11978340148925781,1,0.08173157274723053,0, music, music
Ludwig van Beethoven,occupation,Ludwig van Beethoven worked as a,5, Beethoven,9,9-13,random,0,5383,-2.5442957878112793,5383,-2.534921407699585,-2.534921407699585,0.009374380111694336,1,0.00444898521527648,0, music, music
Ludwig van Beethoven,occupation,Ludwig van Beethoven worked as a,5, Beethoven,9,9-13,random,1,5383,-2.5442957878112793,5383,-2.6002190113067627,-2.6002190113067627,-0.0559232234954834,1,0.002256648615002632,0, music, music
Ludwig van Beethoven,occupation,Ludwig van Beethoven worked as a,5, Beethoven,9,9-17,jspace,0,5383,-2.5442957878112793,5383,-2.6565957069396973,-2.6565957069396973,-0.11229991912841797,1,0.0817655697464943,0, music, music
Ludwig van Beethoven,occupation,Ludwig van Beethoven worked as a,5, Beethoven,9,9-17,random,0,5383,-2.5442957878112793,5383,-2.326061725616455,-2.326061725616455,0.21823406219482422,1,0.017854591831564903,0, music, music
Ludwig van Beethoven,occupation,Ludwig van Beethoven worked as a,5, Beethoven,9,9-17,random,1,5383,-2.5442957878112793,5383,-2.4538185596466064,-2.4538185596466064,0.09047722816467285,1,0.005164258647710085,0, music, music
Ludwig van Beethoven,occupation,Ludwig van Beethoven worked as a,5, Beethoven,9,6-20,jspace,0,5383,-2.5442957878112793,5383,-2.568570613861084,-2.568570613861084,-0.024274826049804688,1,0.15818092226982117,0, music, music
Ludwig van Beethoven,occupation,Ludwig van Beethoven worked as a,5, Beethoven,9,6-20,random,0,5383,-2.5442957878112793,5383,-2.3721094131469727,-2.3721094131469727,0.17218637466430664,1,0.022074084728956223,0, music, music
Ludwig van Beethoven,occupation,Ludwig van Beethoven worked as a,5, Beethoven,9,6-20,random,1,5383,-2.5442957878112793,5383,-2.4997122287750244,-2.4997122287750244,0.04458355903625488,1,0.028780102729797363,0, music, music
Ludwig van Beethoven,profession_of,The profession of Ludwig van Beethoven was,6, Beethoven,8,9-13,jspace,0,261,-2.421463966369629,261,-2.470388174057007,-2.470388174057007,-0.04892420768737793,1,0.009981666691601276,0, a, a
Ludwig van Beethoven,profession_of,The profession of Ludwig van Beethoven was,6, Beethoven,8,9-13,random,0,261,-2.421463966369629,261,-2.3635776042938232,-2.3635776042938232,0.057886362075805664,1,0.0015506339259445667,0, a, a
Ludwig van Beethoven,profession_of,The profession of Ludwig van Beethoven was,6, Beethoven,8,9-13,random,1,261,-2.421463966369629,261,-2.3644349575042725,-2.3644349575042725,0.057029008865356445,1,0.0012738410150632262,0, a, a
Ludwig van Beethoven,profession_of,The profession of Ludwig van Beethoven was,6, Beethoven,8,9-17,jspace,0,261,-2.421463966369629,30,-2.4342312812805176,-2.6842312812805176,-0.26276731491088867,2,0.03194016218185425,1, a,?
Ludwig van Beethoven,profession_of,The profession of Ludwig van Beethoven was,6, Beethoven,8,9-17,random,0,261,-2.421463966369629,261,-2.3582210540771484,-2.3582210540771484,0.06324291229248047,1,0.003591460408642888,0, a, a
Ludwig van Beethoven,profession_of,The profession of Ludwig van Beethoven was,6, Beethoven,8,9-17,random,1,261,-2.421463966369629,261,-2.4244649410247803,-2.4244649410247803,-0.003000974655151367,1,0.0016666443552821875,0, a, a
Ludwig van Beethoven,profession_of,The profession of Ludwig van Beethoven was,6, Beethoven,8,6-20,jspace,0,261,-2.421463966369629,30,-2.458872079849243,-2.583872079849243,-0.16240811347961426,2,0.040629882365465164,1, a,?
Ludwig van Beethoven,profession_of,The profession of Ludwig van Beethoven was,6, Beethoven,8,6-20,random,0,261,-2.421463966369629,261,-2.399585485458374,-2.399585485458374,0.021878480911254883,1,0.00737049849703908,0, a, a
Ludwig van Beethoven,profession_of,The profession of Ludwig van Beethoven was,6, Beethoven,8,6-20,random,1,261,-2.421463966369629,261,-2.3752691745758057,-2.3752691745758057,0.04619479179382324,1,0.00650354940444231,0, a, a
Ludwig van Beethoven,instrument,Ludwig van Beethoven played the,5, Beethoven,8,9-13,jspace,0,27487,-0.38555318117141724,27487,-0.4192132353782654,-0.4192132353782654,-0.033660054206848145,1,0.008577123284339905,0, piano, piano
Ludwig van Beethoven,instrument,Ludwig van Beethoven played the,5, Beethoven,8,9-13,random,0,27487,-0.38555318117141724,27487,-0.38792040944099426,-0.38792040944099426,-0.0023672282695770264,1,0.0011997809633612633,0, piano, piano
Ludwig van Beethoven,instrument,Ludwig van Beethoven played the,5, Beethoven,8,9-13,random,1,27487,-0.38555318117141724,27487,-0.4156932234764099,-0.4156932234764099,-0.030140042304992676,1,0.001681674038991332,0, piano, piano
Ludwig van Beethoven,instrument,Ludwig van Beethoven played the,5, Beethoven,8,9-17,jspace,0,27487,-0.38555318117141724,27487,-0.411762535572052,-0.411762535572052,-0.026209354400634766,1,0.013934900984168053,0, piano, piano
Ludwig van Beethoven,instrument,Ludwig van Beethoven played the,5, Beethoven,8,9-17,random,0,27487,-0.38555318117141724,27487,-0.39729562401771545,-0.39729562401771545,-0.011742442846298218,1,0.002587844617664814,0, piano, piano
Ludwig van Beethoven,instrument,Ludwig van Beethoven played the,5, Beethoven,8,9-17,random,1,27487,-0.38555318117141724,27487,-0.4081820845603943,-0.4081820845603943,-0.02262890338897705,1,0.0023491973988711834,0, piano, piano
Ludwig van Beethoven,instrument,Ludwig van Beethoven played the,5, Beethoven,8,6-20,jspace,0,27487,-0.38555318117141724,27487,-0.5628814697265625,-0.5628814697265625,-0.17732828855514526,1,0.05334363132715225,0, piano, piano
Ludwig van Beethoven,instrument,Ludwig van Beethoven played the,5, Beethoven,8,6-20,random,0,27487,-0.38555318117141724,27487,-0.3792133927345276,-0.3792133927345276,0.0063397884368896484,1,0.0018462578300386667,0, piano, piano
Ludwig van Beethoven,instrument,Ludwig van Beethoven played the,5, Beethoven,8,6-20,random,1,27487,-0.38555318117141724,27487,-0.3988756537437439,-0.3988756537437439,-0.01332247257232666,1,0.003674299456179142,0, piano, piano
Ludwig van Beethoven,famous_for,Ludwig van Beethoven is famous for,5, Beethoven,9,9-13,jspace,0,1232,-0.8191027641296387,1232,-0.8838802576065063,-0.8838802576065063,-0.06477749347686768,1,0.007855645380914211,0, his, his
Ludwig van Beethoven,famous_for,Ludwig van Beethoven is famous for,5, Beethoven,9,9-13,random,0,1232,-0.8191027641296387,1232,-0.8553844094276428,-0.8553844094276428,-0.03628164529800415,1,0.001217639772221446,0, his, his
Ludwig van Beethoven,famous_for,Ludwig van Beethoven is famous for,5, Beethoven,9,9-13,random,1,1232,-0.8191027641296387,1232,-0.817950427532196,-0.817950427532196,0.001152336597442627,1,0.00042521159048192203,0, his, his
Ludwig van Beethoven,famous_for,Ludwig van Beethoven is famous for,5, Beethoven,9,9-17,jspace,0,1232,-0.8191027641296387,1232,-0.9270538687705994,-0.9270538687705994,-0.1079511046409607,1,0.01210495550185442,0, his, his
Ludwig van Beethoven,famous_for,Ludwig van Beethoven is famous for,5, Beethoven,9,9-17,random,0,1232,-0.8191027641296387,1232,-0.8484702706336975,-0.8484702706336975,-0.029367506504058838,1,0.001675502979196608,0, his, his
Ludwig van Beethoven,famous_for,Ludwig van Beethoven is famous for,5, Beethoven,9,9-17,random,1,1232,-0.8191027641296387,1232,-0.8175439834594727,-0.8175439834594727,0.0015587806701660156,1,0.000975231931079179,0, his, his
Ludwig van Beethoven,famous_for,Ludwig van Beethoven is famous for,5, Beethoven,9,6-20,jspace,0,1232,-0.8191027641296387,1232,-0.9247797131538391,-0.9247797131538391,-0.10567694902420044,1,0.09326171875,0, his, his
Ludwig van Beethoven,famous_for,Ludwig van Beethoven is famous for,5, Beethoven,9,6-20,random,0,1232,-0.8191027641296387,1232,-0.8383535146713257,-0.8383535146713257,-0.01925075054168701,1,0.003001995850354433,0, his, his
Ludwig van Beethoven,famous_for,Ludwig van Beethoven is famous for,5, Beethoven,9,6-20,random,1,1232,-0.8191027641296387,1232,-0.8519198298454285,-0.8519198298454285,-0.032817065715789795,1,0.0040604243986308575,0, his, his
Ludwig van Beethoven,language,Ludwig van Beethoven spoke the language of,5, Beethoven,10,9-13,jspace,0,290,-1.4755915403366089,290,-1.4998610019683838,-1.4998610019683838,-0.024269461631774902,1,0.027411140501499176,0, the, the
Ludwig van Beethoven,language,Ludwig van Beethoven spoke the language of,5, Beethoven,10,9-13,random,0,290,-1.4755915403366089,290,-1.4564265012741089,-1.4564265012741089,0.0191650390625,1,0.0009096398134715855,0, the, the
Ludwig van Beethoven,language,Ludwig van Beethoven spoke the language of,5, Beethoven,10,9-13,random,1,290,-1.4755915403366089,290,-1.4731065034866333,-1.4731065034866333,0.002485036849975586,1,0.0010188703890889883,0, the, the
Ludwig van Beethoven,language,Ludwig van Beethoven spoke the language of,5, Beethoven,10,9-17,jspace,0,290,-1.4755915403366089,290,-1.4659770727157593,-1.4659770727157593,0.00961446762084961,1,0.03754446282982826,0, the, the
Ludwig van Beethoven,language,Ludwig van Beethoven spoke the language of,5, Beethoven,10,9-17,random,0,290,-1.4755915403366089,290,-1.470302700996399,-1.470302700996399,0.005288839340209961,1,0.00800221785902977,0, the, the
Ludwig van Beethoven,language,Ludwig van Beethoven spoke the language of,5, Beethoven,10,9-17,random,1,290,-1.4755915403366089,290,-1.4401795864105225,-1.4401795864105225,0.035411953926086426,1,0.002539654029533267,0, the, the
Ludwig van Beethoven,language,Ludwig van Beethoven spoke the language of,5, Beethoven,10,6-20,jspace,0,290,-1.4755915403366089,290,-1.5098954439163208,-1.5098954439163208,-0.034303903579711914,1,0.3418719470500946,0, the, the
Ludwig van Beethoven,language,Ludwig van Beethoven spoke the language of,5, Beethoven,10,6-20,random,0,290,-1.4755915403366089,290,-1.4447576999664307,-1.4447576999664307,0.030833840370178223,1,0.010448411107063293,0, the, the
Ludwig van Beethoven,language,Ludwig van Beethoven spoke the language of,5, Beethoven,10,6-20,random,1,290,-1.4755915403366089,290,-1.4611705541610718,-1.4611705541610718,0.01442098617553711,1,0.006525893229991198,0, the, the
Ludwig van Beethoven,spouse,Ludwig van Beethoven was married to,5, Beethoven,9,9-13,jspace,0,261,-1.1326587200164795,261,-1.3475887775421143,-1.3475887775421143,-0.21493005752563477,1,0.19091883301734924,0, a, a
Ludwig van Beethoven,spouse,Ludwig van Beethoven was married to,5, Beethoven,9,9-13,random,0,261,-1.1326587200164795,261,-1.0986988544464111,-1.0986988544464111,0.03395986557006836,1,0.006241699680685997,0, a, a
Ludwig van Beethoven,spouse,Ludwig van Beethoven was married to,5, Beethoven,9,9-13,random,1,261,-1.1326587200164795,261,-1.1891785860061646,-1.1891785860061646,-0.05651986598968506,1,0.018438689410686493,0, a, a
Ludwig van Beethoven,spouse,Ludwig van Beethoven was married to,5, Beethoven,9,9-17,jspace,0,261,-1.1326587200164795,261,-1.546918272972107,-1.546918272972107,-0.41425955295562744,1,0.25130921602249146,0, a, a
Ludwig van Beethoven,spouse,Ludwig van Beethoven was married to,5, Beethoven,9,9-17,random,0,261,-1.1326587200164795,261,-1.008115530014038,-1.008115530014038,0.1245431900024414,1,0.06870649755001068,0, a, a
Ludwig van Beethoven,spouse,Ludwig van Beethoven was married to,5, Beethoven,9,9-17,random,1,261,-1.1326587200164795,261,-1.2012211084365845,-1.2012211084365845,-0.06856238842010498,1,0.03426855057477951,0, a, a
Ludwig van Beethoven,spouse,Ludwig van Beethoven was married to,5, Beethoven,9,6-20,jspace,0,261,-1.1326587200164795,261,-1.220072865486145,-1.220072865486145,-0.08741414546966553,1,0.3103049695491791,0, a, a
Ludwig van Beethoven,spouse,Ludwig van Beethoven was married to,5, Beethoven,9,6-20,random,0,261,-1.1326587200164795,261,-1.1841199398040771,-1.1841199398040771,-0.051461219787597656,1,0.15996374189853668,0, a, a
Ludwig van Beethoven,spouse,Ludwig van Beethoven was married to,5, Beethoven,9,6-20,random,1,261,-1.1326587200164795,261,-1.0982974767684937,-1.0982974767684937,0.03436124324798584,1,0.06329751759767532,0, a, a
Ludwig van Beethoven,education,Ludwig van Beethoven studied at the University of,5, Beethoven,11,9-13,jspace,0,70502,-1.8178777694702148,70502,-2.0839383602142334,-2.0839383602142334,-0.26606059074401855,1,0.05937068909406662,0, Vienna, Vienna
Ludwig van Beethoven,education,Ludwig van Beethoven studied at the University of,5, Beethoven,11,9-13,random,0,70502,-1.8178777694702148,70502,-1.7589836120605469,-1.7589836120605469,0.05889415740966797,1,0.0029248190112411976,0, Vienna, Vienna
Ludwig van Beethoven,education,Ludwig van Beethoven studied at the University of,5, Beethoven,11,9-13,random,1,70502,-1.8178777694702148,70502,-1.748449683189392,-1.748449683189392,0.06942808628082275,1,0.0034280680119991302,0, Vienna, Vienna
Ludwig van Beethoven,education,Ludwig van Beethoven studied at the University of,5, Beethoven,11,9-17,jspace,0,70502,-1.8178777694702148,70502,-2.048435926437378,-2.048435926437378,-0.23055815696716309,1,0.07349319010972977,0, Vienna, Vienna
Ludwig van Beethoven,education,Ludwig van Beethoven studied at the University of,5, Beethoven,11,9-17,random,0,70502,-1.8178777694702148,70502,-1.768419861793518,-1.768419861793518,0.04945790767669678,1,0.007861576974391937,0, Vienna, Vienna
Ludwig van Beethoven,education,Ludwig van Beethoven studied at the University of,5, Beethoven,11,9-17,random,1,70502,-1.8178777694702148,70502,-1.8191019296646118,-1.8191019296646118,-0.0012241601943969727,1,0.016629640012979507,0, Vienna, Vienna
Ludwig van Beethoven,education,Ludwig van Beethoven studied at the University of,5, Beethoven,11,6-20,jspace,0,70502,-1.8178777694702148,70502,-1.9433361291885376,-1.9433361291885376,-0.12545835971832275,1,0.1600361466407776,0, Vienna, Vienna
Ludwig van Beethoven,education,Ludwig van Beethoven studied at the University of,5, Beethoven,11,6-20,random,0,70502,-1.8178777694702148,70502,-1.523234486579895,-1.523234486579895,0.2946432828903198,1,0.025914080440998077,0, Vienna, Vienna
Ludwig van Beethoven,education,Ludwig van Beethoven studied at the University of,5, Beethoven,11,6-20,random,1,70502,-1.8178777694702148,70502,-1.9441026449203491,-1.9441026449203491,-0.12622487545013428,1,0.033793892711400986,0, Vienna, Vienna
Ludwig van Beethoven,citizenship,Ludwig van Beethoven was a citizen of,5, Beethoven,10,9-13,jspace,0,290,-1.4415051937103271,290,-1.4601918458938599,-1.4601918458938599,-0.018686652183532715,1,0.018957357853651047,0, the, the
Ludwig van Beethoven,citizenship,Ludwig van Beethoven was a citizen of,5, Beethoven,10,9-13,random,0,290,-1.4415051937103271,290,-1.445163607597351,-1.445163607597351,-0.0036584138870239258,1,0.0008721573976799846,0, the, the
Ludwig van Beethoven,citizenship,Ludwig van Beethoven was a citizen of,5, Beethoven,10,9-13,random,1,290,-1.4415051937103271,290,-1.442447543144226,-1.442447543144226,-0.0009423494338989258,1,0.0012310189194977283,0, the, the
Ludwig van Beethoven,citizenship,Ludwig van Beethoven was a citizen of,5, Beethoven,10,9-17,jspace,0,290,-1.4415051937103271,290,-1.4509998559951782,-1.4509998559951782,-0.009494662284851074,1,0.018868230283260345,0, the, the
Ludwig van Beethoven,citizenship,Ludwig van Beethoven was a citizen of,5, Beethoven,10,9-17,random,0,290,-1.4415051937103271,290,-1.5017545223236084,-1.5017545223236084,-0.06024932861328125,1,0.00402170279994607,0, the, the
Ludwig van Beethoven,citizenship,Ludwig van Beethoven was a citizen of,5, Beethoven,10,9-17,random,1,290,-1.4415051937103271,290,-1.4411566257476807,-1.4411566257476807,0.0003485679626464844,1,0.0015496645355597138,0, the, the
Ludwig van Beethoven,citizenship,Ludwig van Beethoven was a citizen of,5, Beethoven,10,6-20,jspace,0,290,-1.4415051937103271,17237,-1.3389949798583984,-1.5889949798583984,-0.1474897861480713,2,0.1868600696325302,1, the, Germany
Ludwig van Beethoven,citizenship,Ludwig van Beethoven was a citizen of,5, Beethoven,10,6-20,random,0,290,-1.4415051937103271,290,-1.5482335090637207,-1.5482335090637207,-0.10672831535339355,1,0.009271177463233471,0, the, the
Ludwig van Beethoven,citizenship,Ludwig van Beethoven was a citizen of,5, Beethoven,10,6-20,random,1,290,-1.4415051937103271,290,-1.5022257566452026,-1.5022257566452026,-0.06072056293487549,1,0.010728809051215649,0, the, the
Ludwig van Beethoven,copy_first_name,The first name of Ludwig van Beethoven is,7, Beethoven,9,9-13,jspace,0,113893,-1.5516014099121094,113893,-1.584802508354187,-1.584802508354187,-0.03320109844207764,1,0.02730320207774639,0, Ludwig, Ludwig
Ludwig van Beethoven,copy_first_name,The first name of Ludwig van Beethoven is,7, Beethoven,9,9-13,random,0,113893,-1.5516014099121094,113893,-1.5787726640701294,-1.5787726640701294,-0.02717125415802002,1,0.000990411383099854,0, Ludwig, Ludwig
Ludwig van Beethoven,copy_first_name,The first name of Ludwig van Beethoven is,7, Beethoven,9,9-13,random,1,113893,-1.5516014099121094,113893,-1.5331885814666748,-1.5331885814666748,0.01841282844543457,1,0.0005945959710516036,0, Ludwig, Ludwig
Ludwig van Beethoven,copy_first_name,The first name of Ludwig van Beethoven is,7, Beethoven,9,9-17,jspace,0,113893,-1.5516014099121094,113893,-1.5558847188949585,-1.5558847188949585,-0.004283308982849121,1,0.02751779370009899,0, Ludwig, Ludwig
Ludwig van Beethoven,copy_first_name,The first name of Ludwig van Beethoven is,7, Beethoven,9,9-17,random,0,113893,-1.5516014099121094,113893,-1.6414034366607666,-1.6414034366607666,-0.08980202674865723,1,0.005479834973812103,0, Ludwig, Ludwig
Ludwig van Beethoven,copy_first_name,The first name of Ludwig van Beethoven is,7, Beethoven,9,9-17,random,1,113893,-1.5516014099121094,113893,-1.5317373275756836,-1.5317373275756836,0.01986408233642578,1,0.02253357507288456,0, Ludwig, Ludwig
Ludwig van Beethoven,copy_first_name,The first name of Ludwig van Beethoven is,7, Beethoven,9,6-20,jspace,0,113893,-1.5516014099121094,113893,-2.1780335903167725,-2.1780335903167725,-0.6264321804046631,1,0.19216881692409515,0, Ludwig, Ludwig
Ludwig van Beethoven,copy_first_name,The first name of Ludwig van Beethoven is,7, Beethoven,9,6-20,random,0,113893,-1.5516014099121094,113893,-1.3908867835998535,-1.3908867835998535,0.16071462631225586,1,0.02054346352815628,0, Ludwig, Ludwig
Ludwig van Beethoven,copy_first_name,The first name of Ludwig van Beethoven is,7, Beethoven,9,6-20,random,1,113893,-1.5516014099121094,113893,-1.6988199949264526,-1.6988199949264526,-0.14721858501434326,1,0.034674372524023056,0, Ludwig, Ludwig
Ludwig van Beethoven,copy_last_name,The last name of Ludwig van Beethoven is,7, Beethoven,9,9-13,jspace,0,392,-2.6924471855163574,392,-2.8188765048980713,-2.8188765048980713,-0.12642931938171387,1,0.08110836893320084,0," """," """
Ludwig van Beethoven,copy_last_name,The last name of Ludwig van Beethoven is,7, Beethoven,9,9-13,random,0,392,-2.6924471855163574,392,-2.625964879989624,-2.625964879989624,0.0664823055267334,1,0.0031904499046504498,0," """," """
Ludwig van Beethoven,copy_last_name,The last name of Ludwig van Beethoven is,7, Beethoven,9,9-13,random,1,392,-2.6924471855163574,392,-2.690412998199463,-2.690412998199463,0.0020341873168945312,1,0.001161934924311936,0," """," """
Ludwig van Beethoven,copy_last_name,The last name of Ludwig van Beethoven is,7, Beethoven,9,9-17,jspace,0,392,-2.6924471855163574,1412,-2.661738634109497,-3.224238634109497,-0.5317914485931396,4,0.1272737830877304,1," """, what
Ludwig van Beethoven,copy_last_name,The last name of Ludwig van Beethoven is,7, Beethoven,9,9-17,random,0,392,-2.6924471855163574,392,-2.624504804611206,-2.624504804611206,0.06794238090515137,1,0.008540351875126362,0," """," """
Ludwig van Beethoven,copy_last_name,The last name of Ludwig van Beethoven is,7, Beethoven,9,9-17,random,1,392,-2.6924471855163574,392,-2.6887047290802,-2.6887047290802,0.0037424564361572266,1,0.005391365382820368,0," """," """
Ludwig van Beethoven,copy_last_name,The last name of Ludwig van Beethoven is,7, Beethoven,9,6-20,jspace,0,392,-2.6924471855163574,261,-2.603353977203369,-3.603353977203369,-0.9109067916870117,8,0.3565181791782379,1," """, a
Ludwig van Beethoven,copy_last_name,The last name of Ludwig van Beethoven is,7, Beethoven,9,6-20,random,0,392,-2.6924471855163574,392,-2.7367947101593018,-2.7367947101593018,-0.044347524642944336,1,0.0183410607278347,0," """," """
Ludwig van Beethoven,copy_last_name,The last name of Ludwig van Beethoven is,7, Beethoven,9,6-20,random,1,392,-2.6924471855163574,392,-2.639305353164673,-2.639305353164673,0.05314183235168457,1,0.014590952545404434,0," """," """
Barack Obama,birth_city,Barack Obama was born in the city of,3, Obama,10,9-13,jspace,0,124470,-0.6018462181091309,124470,-0.6815770864486694,-0.6815770864486694,-0.07973086833953857,1,0.1096995547413826,0, Honolulu, Honolulu
Barack Obama,birth_city,Barack Obama was born in the city of,3, Obama,10,9-13,random,0,124470,-0.6018462181091309,124470,-0.6026049852371216,-0.6026049852371216,-0.0007587671279907227,1,0.003302820958197117,0, Honolulu, Honolulu
Barack Obama,birth_city,Barack Obama was born in the city of,3, Obama,10,9-13,random,1,124470,-0.6018462181091309,124470,-0.5878300666809082,-0.5878300666809082,0.014016151428222656,1,0.003195276018232107,0, Honolulu, Honolulu
Barack Obama,birth_city,Barack Obama was born in the city of,3, Obama,10,9-17,jspace,0,124470,-0.6018462181091309,124470,-0.9413005709648132,-0.9413005709648132,-0.3394543528556824,1,0.20878168940544128,0, Honolulu, Honolulu
Barack Obama,birth_city,Barack Obama was born in the city of,3, Obama,10,9-17,random,0,124470,-0.6018462181091309,124470,-0.8811913132667542,-0.8811913132667542,-0.2793450951576233,1,0.07335595041513443,0, Honolulu, Honolulu
Barack Obama,birth_city,Barack Obama was born in the city of,3, Obama,10,9-17,random,1,124470,-0.6018462181091309,124470,-0.6742134690284729,-0.6742134690284729,-0.07236725091934204,1,0.016427790746092796,0, Honolulu, Honolulu
Barack Obama,birth_city,Barack Obama was born in the city of,3, Obama,10,6-20,jspace,0,124470,-0.6018462181091309,124470,-1.2225770950317383,-1.2225770950317383,-0.6207308769226074,1,0.49630072712898254,0, Honolulu, Honolulu
Barack Obama,birth_city,Barack Obama was born in the city of,3, Obama,10,6-20,random,0,124470,-0.6018462181091309,124470,-0.44509780406951904,-0.44509780406951904,0.15674841403961182,1,0.04774078354239464,0, Honolulu, Honolulu
Barack Obama,birth_city,Barack Obama was born in the city of,3, Obama,10,6-20,random,1,124470,-0.6018462181091309,124470,-0.6120479106903076,-0.6120479106903076,-0.010201692581176758,1,0.0455135703086853,0, Honolulu, Honolulu
Barack Obama,birth_year,Barack Obama was born in the year,3, Obama,9,9-13,jspace,0,220,-0.1566963642835617,220,-0.16173255443572998,-0.16173255443572998,-0.005036190152168274,1,0.0013126169797033072,0, , 
Barack Obama,birth_year,Barack Obama was born in the year,3, Obama,9,9-13,random,0,220,-0.1566963642835617,220,-0.158391073346138,-0.158391073346138,-0.001694709062576294,1,9.968330414267257e-05,0, , 
Barack Obama,birth_year,Barack Obama was born in the year,3, Obama,9,9-13,random,1,220,-0.1566963642835617,220,-0.1764049530029297,-0.1764049530029297,-0.01970858871936798,1,0.0010898832697421312,0, , 
Barack Obama,birth_year,Barack Obama was born in the year,3, Obama,9,9-17,jspace,0,220,-0.1566963642835617,220,-0.13485965132713318,-0.13485965132713318,0.021836712956428528,1,0.006094587035477161,0, , 
Barack Obama,birth_year,Barack Obama was born in the year,3, Obama,9,9-17,random,0,220,-0.1566963642835617,220,-0.1631329357624054,-0.1631329357624054,-0.006436571478843689,1,0.00029182241996750236,0, , 
Barack Obama,birth_year,Barack Obama was born in the year,3, Obama,9,9-17,random,1,220,-0.1566963642835617,220,-0.15644143521785736,-0.15644143521785736,0.0002549290657043457,1,0.00013042663340456784,0, , 
Barack Obama,birth_year,Barack Obama was born in the year,3, Obama,9,6-20,jspace,0,220,-0.1566963642835617,220,-0.12865956127643585,-0.12865956127643585,0.028036803007125854,1,0.022622698917984962,0, , 
Barack Obama,birth_year,Barack Obama was born in the year,3, Obama,9,6-20,random,0,220,-0.1566963642835617,220,-0.16584520041942596,-0.16584520041942596,-0.009148836135864258,1,0.0005425826529972255,0, , 
Barack Obama,birth_year,Barack Obama was born in the year,3, Obama,9,6-20,random,1,220,-0.1566963642835617,220,-0.1610925793647766,-0.1610925793647766,-0.004396215081214905,1,0.0004997808136977255,0, , 
Barack Obama,birth_country,Barack Obama was born in the country of,3, Obama,10,9-13,jspace,0,290,-1.6095510721206665,290,-1.4550684690475464,-1.4550684690475464,0.15448260307312012,1,0.15247994661331177,0, the, the
Barack Obama,birth_country,Barack Obama was born in the country of,3, Obama,10,9-13,random,0,290,-1.6095510721206665,290,-1.660461664199829,-1.660461664199829,-0.0509105920791626,1,0.004492085427045822,0, the, the
Barack Obama,birth_country,Barack Obama was born in the country of,3, Obama,10,9-13,random,1,290,-1.6095510721206665,290,-1.5955255031585693,-1.5955255031585693,0.014025568962097168,1,0.0032309037633240223,0, the, the
Barack Obama,birth_country,Barack Obama was born in the country of,3, Obama,10,9-17,jspace,0,290,-1.6095510721206665,290,-1.5014748573303223,-1.5014748573303223,0.10807621479034424,1,0.262570321559906,0, the, the
Barack Obama,birth_country,Barack Obama was born in the country of,3, Obama,10,9-17,random,0,290,-1.6095510721206665,290,-1.5184247493743896,-1.5184247493743896,0.09112632274627686,1,0.042555034160614014,0, the, the
Barack Obama,birth_country,Barack Obama was born in the country of,3, Obama,10,9-17,random,1,290,-1.6095510721206665,290,-1.5060147047042847,-1.5060147047042847,0.10353636741638184,1,0.024268819019198418,0, the, the
Barack Obama,birth_country,Barack Obama was born in the country of,3, Obama,10,6-20,jspace,0,290,-1.6095510721206665,290,-1.5612775087356567,-1.5612775087356567,0.048273563385009766,1,0.4984678626060486,0, the, the
Barack Obama,birth_country,Barack Obama was born in the country of,3, Obama,10,6-20,random,0,290,-1.6095510721206665,40747,-1.5905776023864746,-1.7780776023864746,-0.1685265302658081,2,0.034167494624853134,1, the, Hawaii
Barack Obama,birth_country,Barack Obama was born in the country of,3, Obama,10,6-20,random,1,290,-1.6095510721206665,290,-1.2408279180526733,-1.2408279180526733,0.36872315406799316,1,0.11693217605352402,0, the, the
Barack Obama,death_year,Barack Obama died in the year,3, Obama,8,9-13,jspace,0,220,-0.14471063017845154,220,-0.14455042779445648,-0.14455042779445648,0.00016020238399505615,1,0.0005929573089815676,0, , 
Barack Obama,death_year,Barack Obama died in the year,3, Obama,8,9-13,random,0,220,-0.14471063017845154,220,-0.14540107548236847,-0.14540107548236847,-0.0006904453039169312,1,4.599024396156892e-05,0, , 
Barack Obama,death_year,Barack Obama died in the year,3, Obama,8,9-13,random,1,220,-0.14471063017845154,220,-0.1436852216720581,-0.1436852216720581,0.0010254085063934326,1,4.678980621974915e-05,0, , 
Barack Obama,death_year,Barack Obama died in the year,3, Obama,8,9-17,jspace,0,220,-0.14471063017845154,220,-0.13599133491516113,-0.13599133491516113,0.008719295263290405,1,0.002563087036833167,0, , 
Barack Obama,death_year,Barack Obama died in the year,3, Obama,8,9-17,random,0,220,-0.14471063017845154,220,-0.145513117313385,-0.145513117313385,-0.0008024871349334717,1,0.00015402388817165047,0, , 
Barack Obama,death_year,Barack Obama died in the year,3, Obama,8,9-17,random,1,220,-0.14471063017845154,220,-0.14481109380722046,-0.14481109380722046,-0.0001004636287689209,1,0.00015995879948604852,0, , 
Barack Obama,death_year,Barack Obama died in the year,3, Obama,8,6-20,jspace,0,220,-0.14471063017845154,220,-0.12586405873298645,-0.12586405873298645,0.018846571445465088,1,0.03277106210589409,0, , 
Barack Obama,death_year,Barack Obama died in the year,3, Obama,8,6-20,random,0,220,-0.14471063017845154,220,-0.11310301721096039,-0.11310301721096039,0.03160761296749115,1,0.0047791325487196445,0, , 
Barack Obama,death_year,Barack Obama died in the year,3, Obama,8,6-20,random,1,220,-0.14471063017845154,220,-0.14413262903690338,-0.14413262903690338,0.0005780011415481567,1,0.0005737885949201882,0, , 
Barack Obama,occupation,Barack Obama worked as a,3, Obama,7,9-13,jspace,0,26066,-1.93642258644104,26066,-1.6960004568099976,-1.6960004568099976,0.24042212963104248,1,0.08033640682697296,0, lawyer, lawyer
Barack Obama,occupation,Barack Obama worked as a,3, Obama,7,9-13,random,0,26066,-1.93642258644104,26066,-1.888995885848999,-1.888995885848999,0.047426700592041016,1,0.005273112095892429,0, lawyer, lawyer
Barack Obama,occupation,Barack Obama worked as a,3, Obama,7,9-13,random,1,26066,-1.93642258644104,26066,-1.9189655780792236,-1.9189655780792236,0.017457008361816406,1,0.003264667931944132,0, lawyer, lawyer
Barack Obama,occupation,Barack Obama worked as a,3, Obama,7,9-17,jspace,0,26066,-1.93642258644104,26066,-1.670481562614441,-1.670481562614441,0.2659410238265991,1,0.16603133082389832,0, lawyer, lawyer
Barack Obama,occupation,Barack Obama worked as a,3, Obama,7,9-17,random,0,26066,-1.93642258644104,26066,-1.8633960485458374,-1.8633960485458374,0.07302653789520264,1,0.0437658317387104,0, lawyer, lawyer
Barack Obama,occupation,Barack Obama worked as a,3, Obama,7,9-17,random,1,26066,-1.93642258644104,26066,-1.8087652921676636,-1.8087652921676636,0.12765729427337646,1,0.014403128996491432,0, lawyer, lawyer
Barack Obama,occupation,Barack Obama worked as a,3, Obama,7,6-20,jspace,0,26066,-1.93642258644104,26066,-1.3053455352783203,-1.3053455352783203,0.6310770511627197,1,0.29287514090538025,0, lawyer, lawyer
Barack Obama,occupation,Barack Obama worked as a,3, Obama,7,6-20,random,0,26066,-1.93642258644104,26066,-1.8980028629302979,-1.8980028629302979,0.03841972351074219,1,0.03538861870765686,0, lawyer, lawyer
Barack Obama,occupation,Barack Obama worked as a,3, Obama,7,6-20,random,1,26066,-1.93642258644104,26066,-1.676374077796936,-1.676374077796936,0.260048508644104,1,0.07205960154533386,0, lawyer, lawyer
Barack Obama,profession_of,The profession of Barack Obama was,5, Obama,7,9-13,jspace,0,261,-2.4699103832244873,261,-2.499957799911499,-2.499957799911499,-0.03004741668701172,1,0.012241587042808533,0, a, a
Barack Obama,profession_of,The profession of Barack Obama was,5, Obama,7,9-13,random,0,261,-2.4699103832244873,261,-2.4115347862243652,-2.4115347862243652,0.05837559700012207,1,0.0014001858653500676,0, a, a
Barack Obama,profession_of,The profession of Barack Obama was,5, Obama,7,9-13,random,1,261,-2.4699103832244873,261,-2.452834367752075,-2.452834367752075,0.01707601547241211,1,0.0012210420100018382,0, a, a
Barack Obama,profession_of,The profession of Barack Obama was,5, Obama,7,9-17,jspace,0,261,-2.4699103832244873,30,-2.6550233364105225,-2.8425233364105225,-0.37261295318603516,2,0.04528358578681946,1, a,?
Barack Obama,profession_of,The profession of Barack Obama was,5, Obama,7,9-17,random,0,261,-2.4699103832244873,261,-2.5464484691619873,-2.5464484691619873,-0.0765380859375,1,0.0063779656775295734,0, a, a
Barack Obama,profession_of,The profession of Barack Obama was,5, Obama,7,9-17,random,1,261,-2.4699103832244873,261,-2.4579012393951416,-2.4579012393951416,0.012009143829345703,1,0.006230826955288649,0, a, a
Barack Obama,profession_of,The profession of Barack Obama was,5, Obama,7,6-20,jspace,0,261,-2.4699103832244873,30,-2.636457920074463,-2.698957920074463,-0.22904753684997559,2,0.03516579419374466,1, a,?
Barack Obama,profession_of,The profession of Barack Obama was,5, Obama,7,6-20,random,0,261,-2.4699103832244873,261,-2.2788212299346924,-2.2788212299346924,0.19108915328979492,1,0.023149028420448303,0, a, a
Barack Obama,profession_of,The profession of Barack Obama was,5, Obama,7,6-20,random,1,261,-2.4699103832244873,261,-2.5643794536590576,-2.5643794536590576,-0.09446907043457031,1,0.011565137654542923,0, a, a
Barack Obama,instrument,Barack Obama played the,3, Obama,6,9-13,jspace,0,27487,-1.1206254959106445,27487,-1.077351689338684,-1.077351689338684,0.04327380657196045,1,0.005652731284499168,0, piano, piano
Barack Obama,instrument,Barack Obama played the,3, Obama,6,9-13,random,0,27487,-1.1206254959106445,27487,-1.127639889717102,-1.127639889717102,-0.0070143938064575195,1,0.0003325417928863317,0, piano, piano
Barack Obama,instrument,Barack Obama played the,3, Obama,6,9-13,random,1,27487,-1.1206254959106445,27487,-1.1028820276260376,-1.1028820276260376,0.017743468284606934,1,0.0005632113898172975,0, piano, piano
Barack Obama,instrument,Barack Obama played the,3, Obama,6,9-17,jspace,0,27487,-1.1206254959106445,27487,-1.179975152015686,-1.179975152015686,-0.059349656105041504,1,0.02239399403333664,0, piano, piano
Barack Obama,instrument,Barack Obama played the,3, Obama,6,9-17,random,0,27487,-1.1206254959106445,27487,-1.2171210050582886,-1.2171210050582886,-0.09649550914764404,1,0.003990136086940765,0, piano, piano
Barack Obama,instrument,Barack Obama played the,3, Obama,6,9-17,random,1,27487,-1.1206254959106445,27487,-1.1039050817489624,-1.1039050817489624,0.01672041416168213,1,0.001664337352849543,0, piano, piano
Barack Obama,instrument,Barack Obama played the,3, Obama,6,6-20,jspace,0,27487,-1.1206254959106445,27487,-1.0651859045028687,-1.0651859045028687,0.05543959140777588,1,0.04543700069189072,0, piano, piano
Barack Obama,instrument,Barack Obama played the,3, Obama,6,6-20,random,0,27487,-1.1206254959106445,27487,-1.1557543277740479,-1.1557543277740479,-0.03512883186340332,1,0.002614954486489296,0, piano, piano
Barack Obama,instrument,Barack Obama played the,3, Obama,6,6-20,random,1,27487,-1.1206254959106445,27487,-1.206239104270935,-1.206239104270935,-0.08561360836029053,1,0.009055307134985924,0, piano, piano
Barack Obama,famous_for,Barack Obama is famous for,3, Obama,7,9-13,jspace,0,1232,-0.8038243055343628,1232,-0.7985044121742249,-0.7985044121742249,0.0053198933601379395,1,0.00414066668599844,0, his, his
Barack Obama,famous_for,Barack Obama is famous for,3, Obama,7,9-13,random,0,1232,-0.8038243055343628,1232,-0.8023062348365784,-0.8023062348365784,0.0015180706977844238,1,0.0007793105905875564,0, his, his
Barack Obama,famous_for,Barack Obama is famous for,3, Obama,7,9-13,random,1,1232,-0.8038243055343628,1232,-0.7891829013824463,-0.7891829013824463,0.014641404151916504,1,0.0013762860326096416,0, his, his
Barack Obama,famous_for,Barack Obama is famous for,3, Obama,7,9-17,jspace,0,1232,-0.8038243055343628,1232,-0.7459344863891602,-0.7459344863891602,0.05788981914520264,1,0.010630396194756031,0, his, his
Barack Obama,famous_for,Barack Obama is famous for,3, Obama,7,9-17,random,0,1232,-0.8038243055343628,1232,-0.7965145111083984,-0.7965145111083984,0.0073097944259643555,1,0.0019355714321136475,0, his, his
Barack Obama,famous_for,Barack Obama is famous for,3, Obama,7,9-17,random,1,1232,-0.8038243055343628,1232,-0.7803303599357605,-0.7803303599357605,0.023493945598602295,1,0.001813204144127667,0, his, his
Barack Obama,famous_for,Barack Obama is famous for,3, Obama,7,6-20,jspace,0,1232,-0.8038243055343628,1232,-0.9071207046508789,-0.9071207046508789,-0.10329639911651611,1,0.043742984533309937,0, his, his
Barack Obama,famous_for,Barack Obama is famous for,3, Obama,7,6-20,random,0,1232,-0.8038243055343628,1232,-0.7808744311332703,-0.7808744311332703,0.02294987440109253,1,0.0028510664124041796,0, his, his
Barack Obama,famous_for,Barack Obama is famous for,3, Obama,7,6-20,random,1,1232,-0.8038243055343628,1232,-0.7986394762992859,-0.7986394762992859,0.005184829235076904,1,0.004531795624643564,0, his, his
Barack Obama,language,Barack Obama spoke the language of,3, Obama,8,9-13,jspace,0,290,-1.327631950378418,290,-1.328995943069458,-1.328995943069458,-0.001363992691040039,1,0.009833044372498989,0, the, the
Barack Obama,language,Barack Obama spoke the language of,3, Obama,8,9-13,random,0,290,-1.327631950378418,290,-1.2982419729232788,-1.2982419729232788,0.02938997745513916,1,0.002945053856819868,0, the, the
Barack Obama,language,Barack Obama spoke the language of,3, Obama,8,9-13,random,1,290,-1.327631950378418,290,-1.3103632926940918,-1.3103632926940918,0.017268657684326172,1,0.0017989766784012318,0, the, the
Barack Obama,language,Barack Obama spoke the language of,3, Obama,8,9-17,jspace,0,290,-1.327631950378418,290,-1.3199422359466553,-1.3199422359466553,0.007689714431762695,1,0.02314395271241665,0, the, the
Barack Obama,language,Barack Obama spoke the language of,3, Obama,8,9-17,random,0,290,-1.327631950378418,290,-1.2816146612167358,-1.2816146612167358,0.04601728916168213,1,0.006050067953765392,0, the, the
Barack Obama,language,Barack Obama spoke the language of,3, Obama,8,9-17,random,1,290,-1.327631950378418,290,-1.3144505023956299,-1.3144505023956299,0.013181447982788086,1,0.004647776950150728,0, the, the
Barack Obama,language,Barack Obama spoke the language of,3, Obama,8,6-20,jspace,0,290,-1.327631950378418,290,-1.2990570068359375,-1.2990570068359375,0.02857494354248047,1,0.08098931610584259,0, the, the
Barack Obama,language,Barack Obama spoke the language of,3, Obama,8,6-20,random,0,290,-1.327631950378418,290,-1.261093020439148,-1.261093020439148,0.06653892993927002,1,0.007672484498471022,0, the, the
Barack Obama,language,Barack Obama spoke the language of,3, Obama,8,6-20,random,1,290,-1.327631950378418,290,-1.3198761940002441,-1.3198761940002441,0.007755756378173828,1,0.01084471307694912,0, the, the
Barack Obama,spouse,Barack Obama was married to,3, Obama,7,9-13,jspace,0,52339,-0.5793612003326416,52339,-0.8757856488227844,-0.8757856488227844,-0.2964244484901428,1,0.0722065344452858,0, Michelle, Michelle
Barack Obama,spouse,Barack Obama was married to,3, Obama,7,9-13,random,0,52339,-0.5793612003326416,52339,-0.607079803943634,-0.607079803943634,-0.02771860361099243,1,0.0030054962262511253,0, Michelle, Michelle
Barack Obama,spouse,Barack Obama was married to,3, Obama,7,9-13,random,1,52339,-0.5793612003326416,52339,-0.588119387626648,-0.588119387626648,-0.008758187294006348,1,0.0011810793075710535,0, Michelle, Michelle
Barack Obama,spouse,Barack Obama was married to,3, Obama,7,9-17,jspace,0,52339,-0.5793612003326416,52339,-1.054377794265747,-1.054377794265747,-0.47501659393310547,1,0.15631896257400513,0, Michelle, Michelle
Barack Obama,spouse,Barack Obama was married to,3, Obama,7,9-17,random,0,52339,-0.5793612003326416,52339,-0.7603256106376648,-0.7603256106376648,-0.1809644103050232,1,0.03700188174843788,0, Michelle, Michelle
Barack Obama,spouse,Barack Obama was married to,3, Obama,7,9-17,random,1,52339,-0.5793612003326416,52339,-0.693280816078186,-0.693280816078186,-0.11391961574554443,1,0.01637466810643673,0, Michelle, Michelle
Barack Obama,spouse,Barack Obama was married to,3, Obama,7,6-20,jspace,0,52339,-0.5793612003326416,261,-1.3495872020721436,-2.4745872020721436,-1.895226001739502,2,0.8633037209510803,1, Michelle, a
Barack Obama,spouse,Barack Obama was married to,3, Obama,7,6-20,random,0,52339,-0.5793612003326416,52339,-0.8569836616516113,-0.8569836616516113,-0.2776224613189697,1,0.05854764208197594,0, Michelle, Michelle
Barack Obama,spouse,Barack Obama was married to,3, Obama,7,6-20,random,1,52339,-0.5793612003326416,52339,-0.6172935366630554,-0.6172935366630554,-0.03793233633041382,1,0.0330083854496479,0, Michelle, Michelle
Barack Obama,education,Barack Obama studied at the University of,3, Obama,9,9-13,jspace,0,16864,-0.4076444208621979,16864,-0.9543052911758423,-0.9543052911758423,-0.5466609001159668,1,0.27820825576782227,0, Chicago, Chicago
Barack Obama,education,Barack Obama studied at the University of,3, Obama,9,9-13,random,0,16864,-0.4076444208621979,16864,-0.4861775040626526,-0.4861775040626526,-0.07853308320045471,1,0.010563868097960949,0, Chicago, Chicago
Barack Obama,education,Barack Obama studied at the University of,3, Obama,9,9-13,random,1,16864,-0.4076444208621979,16864,-0.43170103430747986,-0.43170103430747986,-0.024056613445281982,1,0.0023704837076365948,0, Chicago, Chicago
Barack Obama,education,Barack Obama studied at the University of,3, Obama,9,9-17,jspace,0,16864,-0.4076444208621979,16864,-1.0179216861724854,-1.0179216861724854,-0.6102772951126099,1,0.3761889636516571,0, Chicago, Chicago
Barack Obama,education,Barack Obama studied at the University of,3, Obama,9,9-17,random,0,16864,-0.4076444208621979,16864,-0.5010133981704712,-0.5010133981704712,-0.09336897730827332,1,0.025715716183185577,0, Chicago, Chicago
Barack Obama,education,Barack Obama studied at the University of,3, Obama,9,9-17,random,1,16864,-0.4076444208621979,16864,-0.41761645674705505,-0.41761645674705505,-0.009972035884857178,1,0.01593729853630066,0, Chicago, Chicago
Barack Obama,education,Barack Obama studied at the University of,3, Obama,9,6-20,jspace,0,16864,-0.4076444208621979,16864,-1.925093173980713,-1.925093173980713,-1.5174487829208374,1,1.028882622718811,0, Chicago, Chicago
Barack Obama,education,Barack Obama studied at the University of,3, Obama,9,6-20,random,0,16864,-0.4076444208621979,16864,-0.7949274778366089,-0.7949274778366089,-0.387283056974411,1,0.12178099900484085,0, Chicago, Chicago
Barack Obama,education,Barack Obama studied at the University of,3, Obama,9,6-20,random,1,16864,-0.4076444208621979,16864,-0.8479537963867188,-0.8479537963867188,-0.4403093755245209,1,0.1488882601261139,0, Chicago, Chicago
Barack Obama,citizenship,Barack Obama was a citizen of,3, Obama,8,9-13,jspace,0,290,-0.30429524183273315,290,-0.3449266254901886,-0.3449266254901886,-0.040631383657455444,1,0.0071023558266460896,0, the, the
Barack Obama,citizenship,Barack Obama was a citizen of,3, Obama,8,9-13,random,0,290,-0.30429524183273315,290,-0.30814987421035767,-0.30814987421035767,-0.0038546323776245117,1,0.000566538015846163,0, the, the
Barack Obama,citizenship,Barack Obama was a citizen of,3, Obama,8,9-13,random,1,290,-0.30429524183273315,290,-0.31780052185058594,-0.31780052185058594,-0.013505280017852783,1,0.000577422440983355,0, the, the
Barack Obama,citizenship,Barack Obama was a citizen of,3, Obama,8,9-17,jspace,0,290,-0.30429524183273315,290,-0.3258691728115082,-0.3258691728115082,-0.021573930978775024,1,0.010765720158815384,0, the, the
Barack Obama,citizenship,Barack Obama was a citizen of,3, Obama,8,9-17,random,0,290,-0.30429524183273315,290,-0.3086477220058441,-0.3086477220058441,-0.004352480173110962,1,0.0013360853772610426,0, the, the
Barack Obama,citizenship,Barack Obama was a citizen of,3, Obama,8,9-17,random,1,290,-0.30429524183273315,290,-0.3052874505519867,-0.3052874505519867,-0.00099220871925354,1,0.001171996002085507,0, the, the
Barack Obama,citizenship,Barack Obama was a citizen of,3, Obama,8,6-20,jspace,0,290,-0.30429524183273315,290,-0.379769891500473,-0.379769891500473,-0.07547464966773987,1,0.03347218409180641,0, the, the
Barack Obama,citizenship,Barack Obama was a citizen of,3, Obama,8,6-20,random,0,290,-0.30429524183273315,290,-0.31086042523384094,-0.31086042523384094,-0.006565183401107788,1,0.001784664229489863,0, the, the
Barack Obama,citizenship,Barack Obama was a citizen of,3, Obama,8,6-20,random,1,290,-0.30429524183273315,290,-0.31978416442871094,-0.31978416442871094,-0.015488922595977783,1,0.005321159027516842,0, the, the
Barack Obama,copy_first_name,The first name of Barack Obama is,6, Obama,8,9-13,jspace,0,54264,-0.7320787310600281,54264,-0.7070321440696716,-0.7070321440696716,0.025046586990356445,1,0.02824379876255989,0, Barack, Barack
Barack Obama,copy_first_name,The first name of Barack Obama is,6, Obama,8,9-13,random,0,54264,-0.7320787310600281,54264,-0.6582638621330261,-0.6582638621330261,0.07381486892700195,1,0.010601749643683434,0, Barack, Barack
Barack Obama,copy_first_name,The first name of Barack Obama is,6, Obama,8,9-13,random,1,54264,-0.7320787310600281,54264,-0.6905200481414795,-0.6905200481414795,0.041558682918548584,1,0.0014904511626809835,0, Barack, Barack
Barack Obama,copy_first_name,The first name of Barack Obama is,6, Obama,8,9-17,jspace,0,54264,-0.7320787310600281,54264,-0.7812942862510681,-0.7812942862510681,-0.04921555519104004,1,0.030332814902067184,0, Barack, Barack
Barack Obama,copy_first_name,The first name of Barack Obama is,6, Obama,8,9-17,random,0,54264,-0.7320787310600281,54264,-0.6489211320877075,-0.6489211320877075,0.08315759897232056,1,0.014842848293483257,0, Barack, Barack
Barack Obama,copy_first_name,The first name of Barack Obama is,6, Obama,8,9-17,random,1,54264,-0.7320787310600281,54264,-0.6815431714057922,-0.6815431714057922,0.05053555965423584,1,0.0033844835124909878,0, Barack, Barack
Barack Obama,copy_first_name,The first name of Barack Obama is,6, Obama,8,6-20,jspace,0,54264,-0.7320787310600281,54264,-1.4434571266174316,-1.4434571266174316,-0.7113783955574036,1,0.20036053657531738,0, Barack, Barack
Barack Obama,copy_first_name,The first name of Barack Obama is,6, Obama,8,6-20,random,0,54264,-0.7320787310600281,54264,-0.5739077925682068,-0.5739077925682068,0.1581709384918213,1,0.03756691515445709,0, Barack, Barack
Barack Obama,copy_first_name,The first name of Barack Obama is,6, Obama,8,6-20,random,1,54264,-0.7320787310600281,54264,-0.8684387803077698,-0.8684387803077698,-0.1363600492477417,1,0.015966273844242096,0, Barack, Barack
Barack Obama,copy_last_name,The last name of Barack Obama is,6, Obama,8,9-13,jspace,0,16995,-1.8331879377365112,16995,-2.1619465351104736,-2.1619465351104736,-0.3287585973739624,1,0.03689928352832794,0, Obama, Obama
Barack Obama,copy_last_name,The last name of Barack Obama is,6, Obama,8,9-13,random,0,16995,-1.8331879377365112,16995,-1.848619818687439,-1.848619818687439,-0.015431880950927734,1,0.0010962170781567693,0, Obama, Obama
Barack Obama,copy_last_name,The last name of Barack Obama is,6, Obama,8,9-13,random,1,16995,-1.8331879377365112,16995,-1.8800855875015259,-1.8800855875015259,-0.04689764976501465,1,0.011608432047069073,0, Obama, Obama
Barack Obama,copy_last_name,The last name of Barack Obama is,6, Obama,8,9-17,jspace,0,16995,-1.8331879377365112,16995,-2.926521062850952,-2.926521062850952,-1.093333125114441,1,0.1278274655342102,0, Obama, Obama
Barack Obama,copy_last_name,The last name of Barack Obama is,6, Obama,8,9-17,random,0,16995,-1.8331879377365112,16995,-2.4168970584869385,-2.4168970584869385,-0.5837091207504272,1,0.05020860210061073,0, Obama, Obama
Barack Obama,copy_last_name,The last name of Barack Obama is,6, Obama,8,9-17,random,1,16995,-1.8331879377365112,16995,-1.9553486108779907,-1.9553486108779907,-0.12216067314147949,1,0.014112251810729504,0, Obama, Obama
Barack Obama,copy_last_name,The last name of Barack Obama is,6, Obama,8,6-20,jspace,0,16995,-1.8331879377365112,425,-2.524899959564209,-11.321775436401367,-9.488587379455566,2461,2.884880542755127,1, Obama, *
Barack Obama,copy_last_name,The last name of Barack Obama is,6, Obama,8,6-20,random,0,16995,-1.8331879377365112,16995,-1.7624515295028687,-1.7624515295028687,0.07073640823364258,1,0.03686145693063736,0, Obama, Obama
Barack Obama,copy_last_name,The last name of Barack Obama is,6, Obama,8,6-20,random,1,16995,-1.8331879377365112,16995,-2.032499074935913,-2.032499074935913,-0.19931113719940186,1,0.03905205801129341,0, Obama, Obama
