bank,candidate,polarity,selected,selrank,layer,R,S,F,X,U,ratio
UWS,L00_SV01,negative,True,73,0,0,0,0,0,0,
UWS,L00_SV01,positive,False,73,0,7,0,2,0,0,0.000
UWS,L00_SV02,negative,True,503,0,22,1,0,0,20,0.043
UWS,L00_SV02,positive,False,503,0,37,0,17,0,0,0.000
UWS,L00_SV03,negative,False,355,0,2,2,5,1,1,0.500
UWS,L00_SV03,positive,True,355,0,32,0,0,0,16,0.000
UWS,L00_SV04,negative,True,1325,0,3,3,6,0,12,0.500
UWS,L00_SV04,positive,False,1325,0,30,2,12,0,6,0.062
UWS,L00_SV05,negative,False,870,0,15,18,3,0,8,0.545
UWS,L00_SV05,positive,True,870,0,10,1,0,0,1,0.091
UWS,L00_SV06,negative,True,868,0,5,0,0,1,3,0.000
UWS,L00_SV06,positive,False,868,0,49,5,2,0,8,0.093
UWS,L00_SV07,negative,False,178,0,20,0,2,0,3,0.000
UWS,L00_SV07,positive,True,178,0,18,11,1,0,20,0.379
UWS,L00_SV08,negative,False,17,0,28,6,6,0,11,0.176
UWS,L00_SV08,positive,True,17,0,0,0,0,0,0,
UWS,L00_SV09,negative,True,396,0,15,12,36,0,1,0.444
UWS,L00_SV09,positive,False,396,0,1,0,0,0,0,0.000
UWS,L00_SV10,negative,True,642,0,20,16,0,0,24,0.444
UWS,L00_SV10,positive,False,642,0,4,0,51,0,0,0.000
UWS,L00_SV11,negative,False,554,0,18,0,0,0,6,0.000
UWS,L00_SV11,positive,True,554,0,23,1,5,0,6,0.042
UWS,L00_SV12,negative,True,404,0,8,11,38,0,4,0.579
UWS,L00_SV12,positive,False,404,0,0,0,0,0,1,
UWS,L00_SV13,negative,True,347,0,2,1,0,0,1,0.333
UWS,L00_SV13,positive,False,347,0,9,0,33,0,11,0.000
UWS,L00_SV14,negative,False,115,0,53,9,2,0,0,0.145
UWS,L00_SV14,positive,True,115,0,30,8,2,0,19,0.211
UWS,L00_SV15,negative,False,1305,0,1,0,63,0,0,0.000
UWS,L00_SV15,positive,True,1305,0,44,0,0,0,7,0.000
UWS,L00_SV16,negative,False,1139,0,9,0,0,0,13,0.000
UWS,L00_SV16,positive,True,1139,0,10,5,0,0,3,0.333
UWS,L00_SV17,negative,False,985,0,0,53,3,0,5,1.000
UWS,L00_SV17,positive,True,985,0,21,10,0,0,6,0.323
UWS,L00_SV18,negative,True,1329,0,57,6,0,0,0,0.095
UWS,L00_SV18,positive,False,1329,0,15,0,0,0,1,0.000
UWS,L00_SV19,negative,False,203,0,52,5,0,0,5,0.088
UWS,L00_SV19,positive,True,203,0,0,0,0,0,4,
UWS,L00_SV20,negative,False,1313,0,14,28,12,0,10,0.667
UWS,L00_SV20,positive,True,1313,0,32,8,12,0,5,0.200
UWS,L00_SV21,negative,False,160,0,28,16,0,0,15,0.364
UWS,L00_SV21,positive,True,160,0,63,1,0,0,0,0.016
UWS,L00_SV22,negative,False,37,0,8,0,0,0,1,0.000
UWS,L00_SV22,positive,True,37,0,20,23,0,0,21,0.535
UWS,L00_SV23,negative,False,393,0,60,0,0,0,3,0.000
UWS,L00_SV23,positive,True,393,0,0,0,0,0,1,
UWS,L00_SV24,negative,False,658,0,48,16,0,0,0,0.250
UWS,L00_SV24,positive,True,658,0,1,0,0,1,8,0.000
UWS,L00_SV25,negative,False,713,0,3,0,0,3,3,0.000
UWS,L00_SV25,positive,True,713,0,39,0,5,0,15,0.000
UWS,L00_SV26,negative,True,885,0,26,1,30,0,5,0.037
UWS,L00_SV26,positive,False,885,0,14,3,0,0,6,0.176
UWS,L00_SV27,negative,False,709,0,16,0,47,0,0,0.000
UWS,L00_SV27,positive,True,709,0,25,0,0,1,36,0.000
UWS,L00_SV28,negative,False,67,0,1,1,23,0,0,0.500
UWS,L00_SV28,positive,True,67,0,61,0,0,0,2,0.000
UWS,L00_SV29,negative,False,1017,0,25,2,0,0,9,0.074
UWS,L00_SV29,positive,True,1017,0,43,0,21,0,0,0.000
UWS,L00_SV30,negative,True,773,0,54,0,2,0,5,0.000
UWS,L00_SV30,positive,False,773,0,3,12,8,2,25,0.800
UWS,L00_SV31,negative,True,1109,0,32,4,0,0,14,0.111
UWS,L00_SV31,positive,False,1109,0,1,0,0,1,0,0.000
UWS,L00_SV32,negative,False,952,0,6,3,0,2,5,0.333
UWS,L00_SV32,positive,True,952,0,5,0,56,0,1,0.000
UWS,L00_SV33,negative,True,1465,0,43,0,0,0,0,0.000
UWS,L00_SV33,positive,False,1465,0,59,0,2,0,2,0.000
UWS,L00_SV34,negative,True,692,0,12,0,0,0,14,0.000
UWS,L00_SV34,positive,False,692,0,15,45,0,0,2,0.750
UWS,L00_SV35,negative,True,1327,0,36,5,4,0,14,0.122
UWS,L00_SV35,positive,False,1327,0,22,0,0,1,3,0.000
UWS,L00_SV36,negative,False,1373,0,17,7,27,0,13,0.292
UWS,L00_SV36,positive,True,1373,0,1,0,0,0,5,0.000
UWS,L00_SV37,negative,True,1399,0,10,1,0,0,2,0.091
UWS,L00_SV37,positive,False,1399,0,0,0,64,0,0,
UWS,L00_SV38,negative,False,1328,0,27,0,13,0,20,0.000
UWS,L00_SV38,positive,True,1328,0,16,0,0,0,18,0.000
UWS,L00_SV39,negative,True,945,0,58,0,0,0,4,0.000
UWS,L00_SV39,positive,False,945,0,1,0,0,0,0,0.000
UWS,L00_SV40,negative,False,516,0,42,0,0,0,2,0.000
UWS,L00_SV40,positive,True,516,0,13,0,38,0,1,0.000
UWS,L00_SV41,negative,True,289,0,61,1,0,0,2,0.016
UWS,L00_SV41,positive,False,289,0,0,2,0,0,4,1.000
UWS,L00_SV42,negative,True,394,0,43,2,0,0,17,0.044
UWS,L00_SV42,positive,False,394,0,0,0,0,2,3,
UWS,L00_SV43,negative,True,1081,0,39,0,0,0,22,0.000
UWS,L00_SV43,positive,False,1081,0,9,1,1,0,10,0.100
UWS,L00_SV44,negative,True,366,0,5,47,0,0,10,0.904
UWS,L00_SV44,positive,False,366,0,1,0,1,0,4,0.000
UWS,L00_SV45,negative,False,560,0,34,14,0,0,16,0.292
UWS,L00_SV45,positive,True,560,0,14,0,0,3,10,0.000
UWS,L00_SV46,negative,False,1280,0,45,13,0,0,0,0.224
UWS,L00_SV46,positive,True,1280,0,0,0,3,0,0,
UWS,L00_SV47,negative,True,915,0,40,5,0,0,13,0.111
UWS,L00_SV47,positive,False,915,0,46,0,0,1,2,0.000
UWS,L00_SV48,negative,True,1059,0,8,18,0,0,20,0.692
UWS,L00_SV48,positive,False,1059,0,45,0,12,0,4,0.000
UWS,L00_SV49,negative,True,1301,0,4,4,49,0,7,0.500
UWS,L00_SV49,positive,False,1301,0,15,0,0,0,7,0.000
UWS,L00_SV50,negative,True,1260,0,6,0,0,0,26,0.000
UWS,L00_SV50,positive,False,1260,0,48,0,14,0,0,0.000
UWS,L00_SV51,negative,False,1194,0,0,0,0,0,0,
UWS,L00_SV51,positive,True,1194,0,26,0,0,0,35,0.000
UWS,L00_SV52,negative,True,1187,0,61,0,0,0,1,0.000
UWS,L00_SV52,positive,False,1187,0,6,0,46,0,1,0.000
UWS,L00_SV53,negative,True,1125,0,47,0,14,0,3,0.000
UWS,L00_SV53,positive,False,1125,0,39,0,2,0,6,0.000
UWS,L00_SV54,negative,True,1079,0,56,0,0,0,3,0.000
UWS,L00_SV54,positive,False,1079,0,3,43,2,0,3,0.935
UWS,L00_SV55,negative,True,1462,0,0,0,0,0,0,
UWS,L00_SV55,positive,False,1462,0,15,0,0,0,22,0.000
UWS,L00_SV56,negative,False,944,0,1,7,0,0,11,0.875
UWS,L00_SV56,positive,True,944,0,48,0,2,0,12,0.000
UWS,L00_SV57,negative,True,1463,0,49,0,2,0,12,0.000
UWS,L00_SV57,positive,False,1463,0,18,0,0,0,0,0.000
UWS,L00_SV58,negative,True,1402,0,31,2,18,0,10,0.061
UWS,L00_SV58,positive,False,1402,0,25,16,0,0,1,0.390
UWS,L00_SV59,negative,True,402,0,41,1,0,0,19,0.024
UWS,L00_SV59,positive,False,402,0,7,0,4,0,1,0.000
UWS,L00_SV60,negative,True,1240,0,49,0,0,0,4,0.000
UWS,L00_SV60,positive,False,1240,0,14,2,0,0,29,0.125
UWS,L00_SV61,negative,True,1472,0,59,0,0,0,5,0.000
UWS,L00_SV61,positive,False,1472,0,13,0,0,3,3,0.000
UWS,L00_SV62,negative,True,1425,0,33,21,0,0,7,0.389
UWS,L00_SV62,positive,False,1425,0,9,0,8,0,5,0.000
UWS,L00_SV63,negative,True,1467,0,8,0,46,0,2,0.000
UWS,L00_SV63,positive,False,1467,0,12,26,19,0,1,0.684
UWS,L00_SV64,negative,False,1342,0,9,26,0,0,7,0.743
UWS,L00_SV64,positive,True,1342,0,61,1,0,0,0,0.016
UWS,L01_SV01,negative,False,20,1,10,5,15,0,3,0.333
UWS,L01_SV01,positive,True,20,1,1,0,0,0,0,0.000
UWS,L01_SV02,negative,False,480,1,14,5,39,0,0,0.263
UWS,L01_SV02,positive,True,480,1,29,0,0,0,18,0.000
UWS,L01_SV03,negative,True,665,1,0,0,2,0,1,
UWS,L01_SV03,positive,False,665,1,36,8,4,0,13,0.182
UWS,L01_SV04,negative,True,1432,1,28,0,15,0,17,0.000
UWS,L01_SV04,positive,False,1432,1,0,0,0,0,0,
UWS,L01_SV05,negative,True,124,1,32,7,1,0,17,0.179
UWS,L01_SV05,positive,False,124,1,7,5,4,0,3,0.417
UWS,L01_SV06,negative,False,723,1,20,19,18,0,7,0.487
UWS,L01_SV06,positive,True,723,1,2,0,0,0,0,0.000
UWS,L01_SV07,negative,False,306,1,14,13,27,0,10,0.481
UWS,L01_SV07,positive,True,306,1,1,0,0,0,0,0.000
UWS,L01_SV08,negative,False,447,1,8,0,0,4,5,0.000
UWS,L01_SV08,positive,True,447,1,22,24,4,0,6,0.522
UWS,L01_SV09,negative,True,871,1,7,0,0,0,1,0.000
UWS,L01_SV09,positive,False,871,1,22,13,20,0,5,0.371
UWS,L01_SV10,negative,False,430,1,29,0,35,0,0,0.000
UWS,L01_SV10,positive,True,430,1,18,6,0,0,6,0.250
UWS,L01_SV11,negative,True,1057,1,8,0,0,2,15,0.000
UWS,L01_SV11,positive,False,1057,1,19,0,41,0,0,0.000
UWS,L01_SV12,negative,False,170,1,2,14,20,0,0,0.875
UWS,L01_SV12,positive,True,170,1,35,2,10,0,13,0.054
UWS,L01_SV13,negative,False,270,1,9,19,13,0,8,0.679
UWS,L01_SV13,positive,True,270,1,7,3,1,0,5,0.300
UWS,L01_SV14,negative,False,1123,1,0,2,0,4,5,1.000
UWS,L01_SV14,positive,True,1123,1,24,5,29,0,6,0.172
UWS,L01_SV15,negative,True,759,1,0,0,0,40,0,
UWS,L01_SV15,positive,False,759,1,15,12,7,0,19,0.444
UWS,L01_SV16,negative,True,41,1,19,17,3,0,8,0.472
UWS,L01_SV16,positive,False,41,1,2,50,12,0,0,0.962
UWS,L01_SV17,negative,False,1223,1,58,0,0,0,6,0.000
UWS,L01_SV17,positive,True,1223,1,0,0,0,0,1,
UWS,L01_SV18,negative,True,65,1,5,58,0,0,0,0.921
UWS,L01_SV18,positive,False,65,1,46,0,3,0,3,0.000
UWS,L01_SV19,negative,True,474,1,27,9,8,0,14,0.250
UWS,L01_SV19,positive,False,474,1,15,0,16,0,14,0.000
UWS,L01_SV20,negative,False,387,1,61,2,0,0,1,0.032
UWS,L01_SV20,positive,True,387,1,0,0,0,0,0,
UWS,L01_SV21,negative,True,890,1,47,0,2,0,12,0.000
UWS,L01_SV21,positive,False,890,1,22,31,0,0,6,0.585
UWS,L01_SV22,negative,False,1030,1,1,0,0,0,3,0.000
UWS,L01_SV22,positive,True,1030,1,11,5,0,0,0,0.312
UWS,L01_SV23,negative,False,238,1,43,0,12,0,4,0.000
UWS,L01_SV23,positive,True,238,1,39,0,0,0,19,0.000
UWS,L01_SV24,negative,True,1147,1,8,0,0,0,27,0.000
UWS,L01_SV24,positive,False,1147,1,0,4,60,0,0,1.000
UWS,L01_SV25,negative,True,269,1,51,0,0,0,12,0.000
UWS,L01_SV25,positive,False,269,1,0,6,8,0,2,1.000
UWS,L01_SV26,negative,True,992,1,1,0,0,0,0,0.000
UWS,L01_SV26,positive,False,992,1,18,4,0,0,40,0.182
UWS,L01_SV27,negative,True,892,1,42,9,2,0,11,0.176
UWS,L01_SV27,positive,False,892,1,6,0,0,0,3,0.000
UWS,L01_SV28,negative,True,1307,1,3,36,6,0,0,0.923
UWS,L01_SV28,positive,False,1307,1,10,6,8,0,24,0.375
UWS,L01_SV29,negative,True,1316,1,43,0,5,0,7,0.000
UWS,L01_SV29,positive,False,1316,1,18,0,8,2,7,0.000
UWS,L01_SV30,negative,True,1077,1,30,11,0,0,19,0.268
UWS,L01_SV30,positive,False,1077,1,2,0,16,1,8,0.000
UWS,L01_SV31,negative,False,898,1,21,8,0,0,24,0.276
UWS,L01_SV31,positive,True,898,1,0,0,1,0,0,
UWS,L01_SV32,negative,True,888,1,38,1,0,0,3,0.026
UWS,L01_SV32,positive,False,888,1,28,0,9,0,24,0.000
UWS,L01_SV33,negative,True,382,1,8,0,0,3,8,0.000
UWS,L01_SV33,positive,False,382,1,55,3,0,0,3,0.052
UWS,L01_SV34,negative,True,1004,1,0,0,0,0,2,
UWS,L01_SV34,positive,False,1004,1,3,7,40,0,4,0.700
UWS,L01_SV35,negative,False,1433,1,3,0,0,0,14,0.000
UWS,L01_SV35,positive,True,1433,1,34,26,0,0,2,0.433
UWS,L01_SV36,negative,True,691,1,32,18,0,0,7,0.360
UWS,L01_SV36,positive,False,691,1,33,0,0,0,14,0.000
UWS,L01_SV37,negative,True,165,1,39,5,8,0,12,0.114
UWS,L01_SV37,positive,False,165,1,6,1,0,6,4,0.143
UWS,L01_SV38,negative,True,1108,1,12,3,41,1,1,0.200
UWS,L01_SV38,positive,False,1108,1,56,2,0,0,3,0.034
UWS,L01_SV39,negative,True,1241,1,31,23,0,0,10,0.426
UWS,L01_SV39,positive,False,1241,1,0,0,4,1,10,
UWS,L01_SV40,negative,True,986,1,0,0,0,3,9,
UWS,L01_SV40,positive,False,986,1,32,0,1,0,29,0.000
UWS,L01_SV41,negative,False,943,1,62,0,0,0,1,0.000
UWS,L01_SV41,positive,True,943,1,40,14,0,0,7,0.259
UWS,L01_SV42,negative,True,1331,1,4,0,57,0,1,0.000
UWS,L01_SV42,positive,False,1331,1,31,0,2,0,8,0.000
UWS,L01_SV43,negative,True,756,1,36,4,3,0,19,0.100
UWS,L01_SV43,positive,False,756,1,12,0,5,0,0,0.000
UWS,L01_SV44,negative,True,329,1,21,0,0,0,1,0.000
UWS,L01_SV44,positive,False,329,1,18,27,1,0,15,0.600
UWS,L01_SV45,negative,False,1299,1,0,0,11,0,21,
UWS,L01_SV45,positive,True,1299,1,53,2,0,0,7,0.036
UWS,L01_SV46,negative,True,1444,1,3,0,33,0,0,0.000
UWS,L01_SV46,positive,False,1444,1,36,1,0,0,22,0.027
UWS,L01_SV47,negative,True,1193,1,23,0,35,0,4,0.000
UWS,L01_SV47,positive,False,1193,1,0,18,0,0,0,1.000
UWS,L01_SV48,negative,False,1284,1,15,0,0,0,2,0.000
UWS,L01_SV48,positive,True,1284,1,39,17,0,0,8,0.304
UWS,L01_SV49,negative,False,1407,1,54,0,6,0,1,0.000
UWS,L01_SV49,positive,True,1407,1,12,4,38,0,9,0.250
UWS,L01_SV50,negative,True,1430,1,16,6,0,0,24,0.273
UWS,L01_SV50,positive,False,1430,1,0,0,61,0,0,
UWS,L01_SV51,negative,False,1321,1,62,0,0,0,2,0.000
UWS,L01_SV51,positive,True,1321,1,36,0,4,0,1,0.000
UWS,L01_SV52,negative,False,1466,1,46,6,2,0,2,0.115
UWS,L01_SV52,positive,True,1466,1,7,0,7,0,3,0.000
UWS,L01_SV53,negative,False,1283,1,38,6,0,0,17,0.136
UWS,L01_SV53,positive,True,1283,1,0,18,13,0,4,1.000
UWS,L01_SV54,negative,False,996,1,20,0,8,1,12,0.000
UWS,L01_SV54,positive,True,996,1,14,8,37,0,1,0.364
UWS,L01_SV55,negative,True,328,1,2,7,0,0,2,0.778
UWS,L01_SV55,positive,False,328,1,52,1,0,0,6,0.019
UWS,L01_SV56,negative,False,1461,1,29,0,5,0,26,0.000
UWS,L01_SV56,positive,True,1461,1,53,0,4,0,5,0.000
UWS,L01_SV57,negative,False,1367,1,64,0,0,0,0,0.000
UWS,L01_SV57,positive,True,1367,1,16,0,5,0,15,0.000
UWS,L01_SV58,negative,False,1133,1,24,33,0,0,1,0.579
UWS,L01_SV58,positive,True,1133,1,12,0,25,0,23,0.000
UWS,L01_SV59,negative,True,1470,1,12,36,8,0,8,0.750
UWS,L01_SV59,positive,False,1470,1,18,1,1,0,2,0.053
UWS,L01_SV60,negative,False,1165,1,4,0,42,0,5,0.000
UWS,L01_SV60,positive,True,1165,1,50,1,0,0,6,0.020
UWS,L01_SV61,negative,False,894,1,45,0,13,0,5,0.000
UWS,L01_SV61,positive,True,894,1,8,0,0,1,3,0.000
UWS,L01_SV62,negative,True,1054,1,47,0,0,0,11,0.000
UWS,L01_SV62,positive,False,1054,1,3,1,20,1,8,0.250
UWS,L01_SV63,negative,True,1163,1,50,0,9,0,2,0.000
UWS,L01_SV63,positive,False,1163,1,4,0,0,0,5,0.000
UWS,L01_SV64,negative,False,1127,1,47,0,0,0,3,0.000
UWS,L01_SV64,positive,True,1127,1,35,0,6,0,22,0.000
UWS,L02_SV01,negative,False,311,2,8,2,40,0,0,0.200
UWS,L02_SV01,positive,True,311,2,3,0,0,0,0,0.000
UWS,L02_SV02,negative,True,343,2,13,3,28,0,0,0.188
UWS,L02_SV02,positive,False,343,2,12,0,0,0,11,0.000
UWS,L02_SV03,negative,False,369,2,25,8,5,0,12,0.242
UWS,L02_SV03,positive,True,369,2,0,1,2,0,2,1.000
UWS,L02_SV04,negative,False,878,2,25,2,7,0,20,0.074
UWS,L02_SV04,positive,True,878,2,0,8,2,0,0,1.000
UWS,L02_SV05,negative,False,318,2,12,6,7,0,7,0.333
UWS,L02_SV05,positive,True,318,2,20,8,5,0,3,0.286
UWS,L02_SV06,negative,False,40,2,25,14,8,0,7,0.359
UWS,L02_SV06,positive,True,40,2,2,0,5,0,2,0.000
UWS,L02_SV07,negative,True,598,2,9,39,6,0,7,0.812
UWS,L02_SV07,positive,False,598,2,7,0,0,0,2,0.000
UWS,L02_SV08,negative,False,479,2,19,0,0,0,7,0.000
UWS,L02_SV08,positive,True,479,2,21,12,21,0,2,0.364
UWS,L02_SV09,negative,True,1347,2,9,0,0,0,13,0.000
UWS,L02_SV09,positive,False,1347,2,10,0,54,0,0,0.000
UWS,L02_SV10,negative,False,197,2,29,2,30,0,1,0.065
UWS,L02_SV10,positive,True,197,2,3,2,0,0,1,0.400
UWS,L02_SV11,negative,True,155,2,5,0,6,1,5,0.000
UWS,L02_SV11,positive,False,155,2,12,7,41,0,2,0.368
UWS,L02_SV12,negative,True,777,2,23,1,22,0,5,0.042
UWS,L02_SV12,positive,False,777,2,5,0,23,0,13,0.000
UWS,L02_SV13,negative,False,876,2,4,28,12,0,7,0.875
UWS,L02_SV13,positive,True,876,2,3,0,0,0,4,0.000
UWS,L02_SV14,negative,False,612,2,13,12,2,1,13,0.480
UWS,L02_SV14,positive,True,612,2,51,0,9,0,0,0.000
UWS,L02_SV15,negative,False,426,2,19,6,5,0,17,0.240
UWS,L02_SV15,positive,True,426,2,2,0,0,0,0,0.000
UWS,L02_SV16,negative,True,1040,2,46,14,0,0,4,0.233
UWS,L02_SV16,positive,False,1040,2,31,1,1,0,3,0.031
UWS,L02_SV17,negative,False,589,2,22,0,39,0,2,0.000
UWS,L02_SV17,positive,True,589,2,11,0,0,0,4,0.000
UWS,L02_SV18,negative,True,59,2,23,15,0,0,22,0.395
UWS,L02_SV18,positive,False,59,2,3,0,48,0,2,0.000
UWS,L02_SV19,negative,False,157,2,29,32,1,0,2,0.525
UWS,L02_SV19,positive,True,157,2,0,0,0,1,3,
UWS,L02_SV20,negative,True,375,2,0,0,0,0,1,
UWS,L02_SV20,positive,False,375,2,24,0,0,0,0,0.000
UWS,L02_SV21,negative,True,785,2,29,12,9,0,7,0.293
UWS,L02_SV21,positive,False,785,2,27,10,4,0,8,0.270
UWS,L02_SV22,negative,False,671,2,11,0,28,0,4,0.000
UWS,L02_SV22,positive,True,671,2,7,5,3,0,5,0.417
UWS,L02_SV23,negative,True,867,2,3,0,1,0,3,0.000
UWS,L02_SV23,positive,False,867,2,39,3,4,0,5,0.071
UWS,L02_SV24,negative,True,1264,2,42,1,0,0,2,0.023
UWS,L02_SV24,positive,False,1264,2,2,8,16,4,6,0.800
UWS,L02_SV25,negative,True,12,2,0,0,0,0,0,
UWS,L02_SV25,positive,False,12,2,41,0,1,1,17,0.000
UWS,L02_SV26,negative,True,228,2,7,0,56,0,0,0.000
UWS,L02_SV26,positive,False,228,2,24,0,0,0,18,0.000
UWS,L02_SV27,negative,False,522,2,18,0,9,4,5,0.000
UWS,L02_SV27,positive,True,522,2,53,6,0,0,5,0.102
UWS,L02_SV28,negative,False,468,2,9,0,52,0,0,0.000
UWS,L02_SV28,positive,True,468,2,0,0,0,2,1,
UWS,L02_SV29,negative,False,872,2,58,0,1,0,2,0.000
UWS,L02_SV29,positive,True,872,2,13,0,1,0,17,0.000
UWS,L02_SV30,negative,True,1385,2,15,23,0,0,4,0.605
UWS,L02_SV30,positive,False,1385,2,0,0,41,1,1,
UWS,L02_SV31,negative,True,740,2,38,9,0,0,15,0.191
UWS,L02_SV31,positive,False,740,2,0,0,0,0,0,
UWS,L02_SV32,negative,True,896,2,33,25,0,0,6,0.431
UWS,L02_SV32,positive,False,896,2,31,0,7,0,2,0.000
UWS,L02_SV33,negative,True,1297,2,17,0,0,0,2,0.000
UWS,L02_SV33,positive,False,1297,2,12,2,18,0,3,0.143
UWS,L02_SV34,negative,True,906,2,43,0,0,0,18,0.000
UWS,L02_SV34,positive,False,906,2,0,1,16,1,6,1.000
UWS,L02_SV35,negative,True,140,2,57,0,1,1,4,0.000
UWS,L02_SV35,positive,False,140,2,17,0,0,0,5,0.000
UWS,L02_SV36,negative,True,1006,2,39,0,1,0,20,0.000
UWS,L02_SV36,positive,False,1006,2,11,0,1,1,3,0.000
UWS,L02_SV37,negative,False,1336,2,7,13,5,0,14,0.650
UWS,L02_SV37,positive,True,1336,2,30,0,19,0,14,0.000
UWS,L02_SV38,negative,False,806,2,45,1,0,0,12,0.022
UWS,L02_SV38,positive,True,806,2,29,8,0,1,3,0.216
UWS,L02_SV39,negative,False,214,2,16,0,4,0,21,0.000
UWS,L02_SV39,positive,True,214,2,31,17,3,0,11,0.354
UWS,L02_SV40,negative,True,1244,2,12,0,0,0,5,0.000
UWS,L02_SV40,positive,False,1244,2,34,0,4,0,7,0.000
UWS,L02_SV41,negative,True,1424,2,64,0,0,0,0,0.000
UWS,L02_SV41,positive,False,1424,2,50,10,1,0,1,0.167
UWS,L02_SV42,negative,True,1287,2,33,5,1,0,13,0.132
UWS,L02_SV42,positive,False,1287,2,48,0,0,0,11,0.000
UWS,L02_SV43,negative,True,1232,2,32,4,0,0,7,0.111
UWS,L02_SV43,positive,False,1232,2,0,0,63,0,1,
UWS,L02_SV44,negative,True,1132,2,1,0,61,0,1,0.000
UWS,L02_SV44,positive,False,1132,2,2,59,0,0,2,0.967
UWS,L02_SV45,negative,True,1259,2,39,22,1,0,2,0.361
UWS,L02_SV45,positive,False,1259,2,1,0,4,0,16,0.000
UWS,L02_SV46,negative,True,1396,2,2,0,57,0,5,0.000
UWS,L02_SV46,positive,False,1396,2,0,0,0,0,0,
UWS,L02_SV47,negative,True,315,2,44,4,0,0,15,0.083
UWS,L02_SV47,positive,False,315,2,55,0,0,2,0,0.000
UWS,L02_SV48,negative,False,1105,2,3,2,56,0,2,0.400
UWS,L02_SV48,positive,True,1105,2,17,0,6,3,13,0.000
UWS,L02_SV49,negative,True,1090,2,0,0,26,0,2,
UWS,L02_SV49,positive,False,1090,2,48,0,0,0,11,0.000
UWS,L02_SV50,negative,True,752,2,35,0,0,0,24,0.000
UWS,L02_SV50,positive,False,752,2,6,0,42,0,0,0.000
UWS,L02_SV51,negative,True,1084,2,41,0,0,0,2,0.000
UWS,L02_SV51,positive,False,1084,2,11,0,41,0,0,0.000
UWS,L02_SV52,negative,True,1401,2,13,0,20,0,9,0.000
UWS,L02_SV52,positive,False,1401,2,16,0,17,0,19,0.000
UWS,L02_SV53,negative,False,1149,2,32,2,3,8,5,0.059
UWS,L02_SV53,positive,True,1149,2,44,2,0,0,17,0.043
UWS,L02_SV54,negative,True,682,2,16,4,0,0,1,0.200
UWS,L02_SV54,positive,False,682,2,15,0,0,0,28,0.000
UWS,L02_SV55,negative,True,1382,2,0,6,0,0,18,1.000
UWS,L02_SV55,positive,False,1382,2,34,0,0,0,14,0.000
UWS,L02_SV56,negative,False,1394,2,40,0,7,0,13,0.000
UWS,L02_SV56,positive,True,1394,2,16,2,0,0,11,0.111
UWS,L02_SV57,negative,True,1178,2,27,0,3,0,16,0.000
UWS,L02_SV57,positive,False,1178,2,19,17,0,0,6,0.472
UWS,L02_SV58,negative,False,1183,2,21,0,1,0,7,0.000
UWS,L02_SV58,positive,True,1183,2,22,0,0,0,13,0.000
UWS,L02_SV59,negative,False,669,2,24,2,9,0,18,0.077
UWS,L02_SV59,positive,True,669,2,0,0,62,0,0,
UWS,L02_SV60,negative,True,1197,2,34,1,3,0,5,0.029
UWS,L02_SV60,positive,False,1197,2,34,2,4,4,5,0.056
UWS,L02_SV61,negative,True,1113,2,45,0,7,0,10,0.000
UWS,L02_SV61,positive,False,1113,2,0,13,2,1,19,1.000
UWS,L02_SV62,negative,True,901,2,50,0,0,0,9,0.000
UWS,L02_SV62,positive,False,901,2,2,0,55,0,3,0.000
UWS,L02_SV63,negative,True,897,2,10,48,0,0,3,0.828
UWS,L02_SV63,positive,False,897,2,45,0,16,0,3,0.000
UWS,L02_SV64,negative,False,221,2,2,0,56,0,5,0.000
UWS,L02_SV64,positive,True,221,2,64,0,0,0,0,0.000
UWS,L03_SV01,negative,False,106,3,12,1,32,0,3,0.077
UWS,L03_SV01,positive,True,106,3,2,0,0,0,0,0.000
UWS,L03_SV02,negative,False,317,3,7,2,44,0,0,0.222
UWS,L03_SV02,positive,True,317,3,25,0,0,0,19,0.000
UWS,L03_SV03,negative,False,265,3,34,12,2,0,12,0.261
UWS,L03_SV03,positive,True,265,3,0,0,0,0,0,
UWS,L03_SV04,negative,True,1271,3,17,2,13,0,6,0.105
UWS,L03_SV04,positive,False,1271,3,0,0,0,0,0,
UWS,L03_SV05,negative,False,295,3,30,18,5,0,11,0.375
UWS,L03_SV05,positive,True,295,3,0,0,0,0,0,
UWS,L03_SV06,negative,True,977,3,31,0,0,0,28,0.000
UWS,L03_SV06,positive,False,977,3,1,9,37,0,0,0.900
UWS,L03_SV07,negative,True,1142,3,37,11,6,0,8,0.229
UWS,L03_SV07,positive,False,1142,3,1,0,0,0,2,0.000
UWS,L03_SV08,negative,True,1100,3,0,0,0,0,4,
UWS,L03_SV08,positive,False,1100,3,5,0,57,0,0,0.000
UWS,L03_SV09,negative,True,225,3,34,2,3,0,7,0.056
UWS,L03_SV09,positive,False,225,3,39,6,5,2,1,0.133
UWS,L03_SV10,negative,False,240,3,9,2,7,0,15,0.182
UWS,L03_SV10,positive,True,240,3,37,4,5,0,3,0.098
UWS,L03_SV11,negative,False,359,3,0,0,0,0,1,
UWS,L03_SV11,positive,True,359,3,22,5,16,0,8,0.185
UWS,L03_SV12,negative,True,886,3,52,3,0,0,8,0.055
UWS,L03_SV12,positive,False,886,3,5,2,1,0,2,0.286
UWS,L03_SV13,negative,False,229,3,31,2,20,0,6,0.061
UWS,L03_SV13,positive,True,229,3,7,1,2,2,1,0.125
UWS,L03_SV14,negative,False,537,3,2,1,57,0,0,0.333
UWS,L03_SV14,positive,True,537,3,11,2,0,0,3,0.154
UWS,L03_SV15,negative,True,679,3,11,4,12,0,0,0.267
UWS,L03_SV15,positive,False,679,3,16,0,0,0,22,0.000
UWS,L03_SV16,negative,True,391,3,64,0,0,0,0,0.000
UWS,L03_SV16,positive,False,391,3,0,2,0,0,6,1.000
UWS,L03_SV17,negative,True,1366,3,4,1,0,0,0,0.200
UWS,L03_SV17,positive,False,1366,3,3,8,1,0,18,0.727
UWS,L03_SV18,negative,True,555,3,5,27,0,0,2,0.844
UWS,L03_SV18,positive,False,555,3,40,1,16,0,4,0.024
UWS,L03_SV19,negative,False,695,3,45,15,0,0,4,0.250
UWS,L03_SV19,positive,True,695,3,32,0,0,0,5,0.000
UWS,L03_SV20,negative,True,1302,3,18,0,0,1,7,0.000
UWS,L03_SV20,positive,False,1302,3,17,3,24,0,5,0.150
UWS,L03_SV21,negative,True,580,3,37,3,12,0,12,0.075
UWS,L03_SV21,positive,False,580,3,25,0,0,0,1,0.000
UWS,L03_SV22,negative,True,1416,3,10,6,8,0,14,0.375
UWS,L03_SV22,positive,False,1416,3,10,0,13,0,0,0.000
UWS,L03_SV23,negative,True,1296,3,52,0,0,0,12,0.000
UWS,L03_SV23,positive,False,1296,3,11,0,8,0,2,0.000
UWS,L03_SV24,negative,True,506,3,1,51,5,0,6,0.981
UWS,L03_SV24,positive,False,506,3,25,0,0,2,13,0.000
UWS,L03_SV25,negative,False,523,3,0,0,62,0,0,
UWS,L03_SV25,positive,True,523,3,8,13,1,1,18,0.619
UWS,L03_SV26,negative,True,824,3,20,4,28,0,8,0.167
UWS,L03_SV26,positive,False,824,3,44,0,0,0,3,0.000
UWS,L03_SV27,negative,True,1206,3,0,0,2,0,4,
UWS,L03_SV27,positive,False,1206,3,8,12,33,0,3,0.600
UWS,L03_SV28,negative,False,746,3,54,1,0,0,1,0.018
UWS,L03_SV28,positive,True,746,3,24,0,0,3,15,0.000
UWS,L03_SV29,negative,True,1326,3,0,37,26,0,1,1.000
UWS,L03_SV29,positive,False,1326,3,13,0,3,0,11,0.000
UWS,L03_SV30,negative,False,646,3,27,0,0,0,31,0.000
UWS,L03_SV30,positive,True,646,3,57,4,3,0,0,0.066
UWS,L03_SV31,negative,False,1360,3,57,0,0,0,2,0.000
UWS,L03_SV31,positive,True,1360,3,13,0,22,0,7,0.000
UWS,L03_SV32,negative,True,903,3,0,0,64,0,0,
UWS,L03_SV32,positive,False,903,3,5,0,0,0,7,0.000
UWS,L03_SV33,negative,True,836,3,4,0,41,0,4,0.000
UWS,L03_SV33,positive,False,836,3,18,21,16,0,3,0.538
UWS,L03_SV34,negative,False,936,3,32,9,5,0,3,0.220
UWS,L03_SV34,positive,True,936,3,20,33,3,0,6,0.623
UWS,L03_SV35,negative,False,1052,3,3,0,0,0,20,0.000
UWS,L03_SV35,positive,True,1052,3,62,0,0,0,1,0.000
UWS,L03_SV36,negative,False,1215,3,33,0,2,5,9,0.000
UWS,L03_SV36,positive,True,1215,3,28,0,0,0,13,0.000
UWS,L03_SV37,negative,True,930,3,6,4,0,0,7,0.400
UWS,L03_SV37,positive,False,930,3,22,16,12,0,3,0.421
UWS,L03_SV38,negative,False,1225,3,33,2,7,0,4,0.057
UWS,L03_SV38,positive,True,1225,3,21,2,6,0,19,0.087
UWS,L03_SV39,negative,True,1409,3,12,0,1,0,30,0.000
UWS,L03_SV39,positive,False,1409,3,52,0,2,0,1,0.000
UWS,L03_SV40,negative,False,601,3,25,1,2,0,0,0.038
UWS,L03_SV40,positive,True,601,3,1,0,55,0,6,0.000
UWS,L03_SV41,negative,True,1437,3,24,3,0,2,1,0.111
UWS,L03_SV41,positive,False,1437,3,17,5,11,0,9,0.227
UWS,L03_SV42,negative,True,1256,3,6,0,56,1,1,0.000
UWS,L03_SV42,positive,False,1256,3,21,0,10,0,11,0.000
UWS,L03_SV43,negative,False,899,3,8,27,9,2,6,0.771
UWS,L03_SV43,positive,True,899,3,40,10,5,0,4,0.200
UWS,L03_SV44,negative,True,925,3,35,0,0,0,20,0.000
UWS,L03_SV44,positive,False,925,3,44,1,13,0,3,0.022
UWS,L03_SV45,negative,True,1454,3,35,5,13,0,9,0.125
UWS,L03_SV45,positive,False,1454,3,6,0,22,0,6,0.000
UWS,L03_SV46,negative,False,1445,3,4,0,44,2,2,0.000
UWS,L03_SV46,positive,True,1445,3,31,0,0,0,11,0.000
UWS,L03_SV47,negative,False,1357,3,59,0,0,0,3,0.000
UWS,L03_SV47,positive,True,1357,3,19,1,30,0,14,0.050
UWS,L03_SV48,negative,True,900,3,64,0,0,0,0,0.000
UWS,L03_SV48,positive,False,900,3,1,0,12,0,6,0.000
UWS,L03_SV49,negative,True,771,3,15,0,0,1,6,0.000
UWS,L03_SV49,positive,False,771,3,46,8,1,0,6,0.148
UWS,L03_SV50,negative,True,1395,3,58,0,2,0,0,0.000
UWS,L03_SV50,positive,False,1395,3,3,8,30,0,4,0.727
UWS,L03_SV51,negative,False,1400,3,20,2,32,0,1,0.091
UWS,L03_SV51,positive,True,1400,3,34,0,0,0,12,0.000
UWS,L03_SV52,negative,False,684,3,35,0,1,0,11,0.000
UWS,L03_SV52,positive,True,684,3,60,0,0,0,0,0.000
UWS,L03_SV53,negative,False,1355,3,0,37,17,0,3,1.000
UWS,L03_SV53,positive,True,1355,3,12,12,0,2,25,0.500
UWS,L03_SV54,negative,False,466,3,8,8,4,0,11,0.500
UWS,L03_SV54,positive,True,466,3,24,23,0,0,11,0.489
UWS,L03_SV55,negative,True,1185,3,3,0,41,0,1,0.000
UWS,L03_SV55,positive,False,1185,3,11,0,43,0,5,0.000
UWS,L03_SV56,negative,False,1304,3,35,17,10,0,1,0.327
UWS,L03_SV56,positive,True,1304,3,37,0,0,0,17,0.000
UWS,L03_SV57,negative,True,1421,3,27,0,17,0,10,0.000
UWS,L03_SV57,positive,False,1421,3,20,2,11,0,14,0.091
UWS,L03_SV58,negative,False,931,3,7,13,16,0,0,0.650
UWS,L03_SV58,positive,True,931,3,27,0,0,0,26,0.000
UWS,L03_SV59,negative,False,1032,3,8,0,55,0,0,0.000
UWS,L03_SV59,positive,True,1032,3,24,4,0,0,29,0.143
UWS,L03_SV60,negative,True,545,3,15,0,41,0,3,0.000
UWS,L03_SV60,positive,False,545,3,55,0,0,0,8,0.000
UWS,L03_SV61,negative,False,1011,3,0,3,8,2,8,1.000
UWS,L03_SV61,positive,True,1011,3,52,9,0,0,2,0.148
UWS,L03_SV62,negative,False,1231,3,11,36,3,0,8,0.766
UWS,L03_SV62,positive,True,1231,3,39,0,0,0,20,0.000
UWS,L03_SV63,negative,True,457,3,42,10,0,0,6,0.192
UWS,L03_SV63,positive,False,457,3,40,0,8,0,6,0.000
UWS,L03_SV64,negative,False,1154,3,9,0,30,0,19,0.000
UWS,L03_SV64,positive,True,1154,3,15,14,3,0,25,0.483
UWS,L04_SV01,negative,False,92,4,12,6,17,1,7,0.333
UWS,L04_SV01,positive,True,92,4,5,2,6,0,0,0.286
UWS,L04_SV02,negative,False,288,4,6,6,45,0,0,0.500
UWS,L04_SV02,positive,True,288,4,26,0,0,0,14,0.000
UWS,L04_SV03,negative,False,378,4,28,19,4,0,8,0.404
UWS,L04_SV03,positive,True,378,4,0,0,6,0,2,
UWS,L04_SV04,negative,False,360,4,4,0,0,0,2,0.000
UWS,L04_SV04,positive,True,360,4,9,11,19,0,13,0.550
UWS,L04_SV05,negative,False,433,4,44,15,1,0,3,0.254
UWS,L04_SV05,positive,True,433,4,0,0,1,0,4,
UWS,L04_SV06,negative,True,1452,4,45,0,0,0,18,0.000
UWS,L04_SV06,positive,False,1452,4,0,0,0,0,0,
UWS,L04_SV07,negative,False,149,4,4,1,1,0,5,0.200
UWS,L04_SV07,positive,True,149,4,16,13,17,0,5,0.448
UWS,L04_SV08,negative,True,307,4,32,0,13,0,7,0.000
UWS,L04_SV08,positive,False,307,4,4,0,0,1,7,0.000
UWS,L04_SV09,negative,True,201,4,34,4,0,0,12,0.105
UWS,L04_SV09,positive,False,201,4,5,3,8,0,1,0.375
UWS,L04_SV10,negative,True,597,4,0,0,0,0,1,
UWS,L04_SV10,positive,False,597,4,31,3,5,0,15,0.088
UWS,L04_SV11,negative,True,464,4,0,0,0,0,1,
UWS,L04_SV11,positive,False,464,4,7,0,57,0,0,0.000
UWS,L04_SV12,negative,False,227,4,15,0,14,0,1,0.000
UWS,L04_SV12,positive,True,227,4,52,0,0,0,8,0.000
UWS,L04_SV13,negative,False,271,4,55,2,1,0,4,0.035
UWS,L04_SV13,positive,True,271,4,1,3,0,1,1,0.750
UWS,L04_SV14,negative,True,887,4,47,11,0,0,5,0.190
UWS,L04_SV14,positive,False,887,4,15,3,31,0,4,0.167
UWS,L04_SV15,negative,True,710,4,11,27,1,0,6,0.711
UWS,L04_SV15,positive,False,710,4,22,0,39,0,2,0.000
UWS,L04_SV16,negative,True,1411,4,8,9,11,0,0,0.529
UWS,L04_SV16,positive,False,1411,4,16,0,0,0,2,0.000
UWS,L04_SV17,negative,False,1166,4,10,31,18,0,4,0.756
UWS,L04_SV17,positive,True,1166,4,8,0,0,2,3,0.000
UWS,L04_SV18,negative,True,1448,4,12,16,24,0,4,0.571
UWS,L04_SV18,positive,False,1448,4,22,10,0,2,16,0.312
UWS,L04_SV19,negative,True,607,4,35,7,0,0,12,0.167
UWS,L04_SV19,positive,False,607,4,10,0,29,0,5,0.000
UWS,L04_SV20,negative,True,1078,4,22,0,14,0,18,0.000
UWS,L04_SV20,positive,False,1078,4,8,23,7,0,2,0.742
UWS,L04_SV21,negative,True,381,4,12,6,9,0,11,0.333
UWS,L04_SV21,positive,False,381,4,26,1,11,0,4,0.037
UWS,L04_SV22,negative,True,1094,4,20,9,1,0,24,0.310
UWS,L04_SV22,positive,False,1094,4,53,0,0,0,1,0.000
UWS,L04_SV23,negative,False,1228,4,36,0,7,0,13,0.000
UWS,L04_SV23,positive,True,1228,4,23,2,16,0,6,0.080
UWS,L04_SV24,negative,False,465,4,4,0,60,0,0,0.000
UWS,L04_SV24,positive,True,465,4,8,0,0,1,12,0.000
UWS,L04_SV25,negative,True,1025,4,15,13,2,0,6,0.464
UWS,L04_SV25,positive,False,1025,4,20,0,0,1,11,0.000
UWS,L04_SV26,negative,False,1144,4,8,1,45,0,2,0.111
UWS,L04_SV26,positive,True,1144,4,33,0,0,0,10,0.000
UWS,L04_SV27,negative,True,983,4,57,0,0,0,1,0.000
UWS,L04_SV27,positive,False,983,4,24,18,14,0,3,0.429
UWS,L04_SV28,negative,False,1175,4,10,0,1,0,16,0.000
UWS,L04_SV28,positive,True,1175,4,41,16,2,0,4,0.281
UWS,L04_SV29,negative,True,183,4,32,0,0,0,15,0.000
UWS,L04_SV29,positive,False,183,4,5,5,49,0,2,0.500
UWS,L04_SV30,negative,False,1039,4,63,0,0,0,1,0.000
UWS,L04_SV30,positive,True,1039,4,8,0,1,0,12,0.000
UWS,L04_SV31,negative,True,1071,4,15,0,5,2,4,0.000
UWS,L04_SV31,positive,False,1071,4,35,2,0,0,26,0.054
UWS,L04_SV32,negative,False,1440,4,42,0,18,0,2,0.000
UWS,L04_SV32,positive,True,1440,4,17,2,2,0,12,0.105
UWS,L04_SV33,negative,False,298,4,12,2,0,0,17,0.143
UWS,L04_SV33,positive,True,298,4,41,11,4,0,6,0.212
UWS,L04_SV34,negative,True,1219,4,19,28,0,0,10,0.596
UWS,L04_SV34,positive,False,1219,4,17,20,13,0,2,0.541
UWS,L04_SV35,negative,True,895,4,14,0,0,0,10,0.000
UWS,L04_SV35,positive,False,895,4,14,4,31,0,1,0.222
UWS,L04_SV36,negative,False,1434,4,28,25,11,0,0,0.472
UWS,L04_SV36,positive,True,1434,4,0,0,0,0,1,
UWS,L04_SV37,negative,True,1072,4,24,1,0,2,10,0.040
UWS,L04_SV37,positive,False,1072,4,13,2,25,0,14,0.133
UWS,L04_SV38,negative,True,565,4,23,0,0,0,14,0.000
UWS,L04_SV38,positive,False,565,4,49,0,15,0,0,0.000
UWS,L04_SV39,negative,True,557,4,32,4,6,0,4,0.111
UWS,L04_SV39,positive,False,557,4,36,1,15,0,7,0.027
UWS,L04_SV40,negative,True,1010,4,39,0,0,0,14,0.000
UWS,L04_SV40,positive,False,1010,4,13,27,6,0,6,0.675
UWS,L04_SV41,negative,True,1417,4,18,2,28,1,4,0.100
UWS,L04_SV41,positive,False,1417,4,24,3,1,0,26,0.111
UWS,L04_SV42,negative,False,1070,4,0,0,60,0,0,
UWS,L04_SV42,positive,True,1070,4,35,0,0,0,24,0.000
UWS,L04_SV43,negative,False,1314,4,35,3,1,0,10,0.079
UWS,L04_SV43,positive,True,1314,4,29,2,0,0,17,0.065
UWS,L04_SV44,negative,True,728,4,36,10,17,0,0,0.217
UWS,L04_SV44,positive,False,728,4,16,1,3,0,12,0.059
UWS,L04_SV45,negative,True,1158,4,15,16,21,0,7,0.516
UWS,L04_SV45,positive,False,1158,4,39,10,0,0,0,0.204
UWS,L04_SV46,negative,False,595,4,56,0,0,0,6,0.000
UWS,L04_SV46,positive,True,595,4,0,2,42,0,6,1.000
UWS,L04_SV47,negative,False,1043,4,2,0,52,0,4,0.000
UWS,L04_SV47,positive,True,1043,4,11,2,43,0,4,0.154
UWS,L04_SV48,negative,True,1210,4,32,1,0,0,16,0.030
UWS,L04_SV48,positive,False,1210,4,3,10,50,0,0,0.769
UWS,L04_SV49,negative,True,547,4,24,0,0,1,14,0.000
UWS,L04_SV49,positive,False,547,4,55,0,0,0,9,0.000
UWS,L04_SV50,negative,False,708,4,54,3,1,0,2,0.053
UWS,L04_SV50,positive,True,708,4,35,10,1,0,4,0.222
UWS,L04_SV51,negative,False,1021,4,28,0,0,0,24,0.000
UWS,L04_SV51,positive,True,1021,4,1,29,12,0,1,0.967
UWS,L04_SV52,negative,True,420,4,11,3,6,0,31,0.214
UWS,L04_SV52,positive,False,420,4,30,27,0,0,4,0.474
UWS,L04_SV53,negative,True,941,4,0,0,64,0,0,
UWS,L04_SV53,positive,False,941,4,11,2,0,0,18,0.154
UWS,L04_SV54,negative,True,1115,4,34,19,0,0,6,0.358
UWS,L04_SV54,positive,False,1115,4,11,19,19,0,10,0.633
UWS,L04_SV55,negative,False,1290,4,11,6,3,0,11,0.353
UWS,L04_SV55,positive,True,1290,4,64,0,0,0,0,0.000
UWS,L04_SV56,negative,True,1182,4,38,2,6,0,7,0.050
UWS,L04_SV56,positive,False,1182,4,30,0,4,0,14,0.000
UWS,L04_SV57,negative,False,891,4,2,39,22,0,0,0.951
UWS,L04_SV57,positive,True,891,4,41,0,0,0,17,0.000
UWS,L04_SV58,negative,True,1363,4,9,1,38,0,5,0.100
UWS,L04_SV58,positive,False,1363,4,33,2,12,0,13,0.057
UWS,L04_SV59,negative,True,1008,4,37,8,0,0,8,0.178
UWS,L04_SV59,positive,False,1008,4,0,0,55,0,1,
UWS,L04_SV60,negative,False,999,4,41,14,4,0,1,0.255
UWS,L04_SV60,positive,True,999,4,32,6,2,0,16,0.158
UWS,L04_SV61,negative,False,205,4,5,26,2,0,1,0.839
UWS,L04_SV61,positive,True,205,4,5,45,0,10,1,0.900
UWS,L04_SV62,negative,False,611,4,32,5,0,0,9,0.135
UWS,L04_SV62,positive,True,611,4,60,0,0,0,3,0.000
UWS,L04_SV63,negative,True,569,4,4,2,26,0,15,0.333
UWS,L04_SV63,positive,False,569,4,15,16,5,0,8,0.516
UWS,L04_SV64,negative,True,990,4,42,16,1,0,1,0.276
UWS,L04_SV64,positive,False,990,4,12,1,4,0,23,0.077
UWS,L05_SV01,negative,False,278,5,16,0,11,0,8,0.000
UWS,L05_SV01,positive,True,278,5,1,4,18,0,0,0.800
UWS,L05_SV02,negative,True,350,5,27,0,0,0,14,0.000
UWS,L05_SV02,positive,False,350,5,4,7,44,0,0,0.636
UWS,L05_SV03,negative,False,131,5,33,24,4,0,3,0.421
UWS,L05_SV03,positive,True,131,5,0,0,1,0,0,
UWS,L05_SV04,negative,False,458,5,42,13,0,0,9,0.236
UWS,L05_SV04,positive,True,458,5,4,0,0,0,1,0.000
UWS,L05_SV05,negative,True,1019,5,43,1,0,0,12,0.023
UWS,L05_SV05,positive,False,1019,5,0,0,0,0,0,
UWS,L05_SV06,negative,True,1464,5,31,2,2,0,6,0.061
UWS,L05_SV06,positive,False,1464,5,1,0,0,0,1,0.000
UWS,L05_SV07,negative,False,117,5,12,4,6,0,17,0.250
UWS,L05_SV07,positive,True,117,5,7,7,31,0,2,0.500
UWS,L05_SV08,negative,True,948,5,0,1,0,0,0,1.000
UWS,L05_SV08,positive,False,948,5,29,0,30,0,3,0.000
UWS,L05_SV09,negative,True,483,5,39,13,1,0,6,0.250
UWS,L05_SV09,positive,False,483,5,1,0,1,3,6,0.000
UWS,L05_SV10,negative,True,263,5,52,5,0,0,4,0.088
UWS,L05_SV10,positive,False,263,5,7,2,42,0,2,0.222
UWS,L05_SV11,negative,True,1075,5,45,0,0,0,13,0.000
UWS,L05_SV11,positive,False,1075,5,1,1,52,0,1,0.500
UWS,L05_SV12,negative,False,705,5,56,2,3,0,2,0.034
UWS,L05_SV12,positive,True,705,5,6,0,11,2,10,0.000
UWS,L05_SV13,negative,True,912,5,33,1,0,0,17,0.029
UWS,L05_SV13,positive,False,912,5,26,1,2,0,10,0.037
UWS,L05_SV14,negative,True,1308,5,27,2,4,0,17,0.069
UWS,L05_SV14,positive,False,1308,5,0,8,56,0,0,1.000
UWS,L05_SV15,negative,False,126,5,2,0,55,0,0,0.000
UWS,L05_SV15,positive,True,126,5,0,13,0,1,8,1.000
UWS,L05_SV16,negative,True,1384,5,40,2,21,0,0,0.048
UWS,L05_SV16,positive,False,1384,5,29,0,0,0,8,0.000
UWS,L05_SV17,negative,True,254,5,9,0,47,0,2,0.000
UWS,L05_SV17,positive,False,254,5,10,0,47,0,5,0.000
UWS,L05_SV18,negative,False,190,5,16,35,12,0,0,0.686
UWS,L05_SV18,positive,True,190,5,4,0,1,1,20,0.000
UWS,L05_SV19,negative,True,1098,5,27,1,0,0,3,0.036
UWS,L05_SV19,positive,False,1098,5,6,14,14,0,17,0.700
UWS,L05_SV20,negative,True,874,5,11,18,9,0,14,0.621
UWS,L05_SV20,positive,False,874,5,47,4,5,0,4,0.078
UWS,L05_SV21,negative,False,979,5,37,0,19,0,2,0.000
UWS,L05_SV21,positive,True,979,5,19,0,0,1,24,0.000
UWS,L05_SV22,negative,True,813,5,4,40,2,0,4,0.909
UWS,L05_SV22,positive,False,813,5,9,1,50,0,4,0.100
UWS,L05_SV23,negative,True,947,5,3,0,1,0,6,0.000
UWS,L05_SV23,positive,False,947,5,12,3,0,0,0,0.200
UWS,L05_SV24,negative,False,1254,5,8,15,0,2,14,0.652
UWS,L05_SV24,positive,True,1254,5,30,11,6,0,11,0.268
UWS,L05_SV25,negative,False,1362,5,18,38,6,0,1,0.679
UWS,L05_SV25,positive,True,1362,5,25,0,0,0,24,0.000
UWS,L05_SV26,negative,False,1177,5,20,5,37,0,1,0.200
UWS,L05_SV26,positive,True,1177,5,19,0,0,0,20,0.000
UWS,L05_SV27,negative,True,860,5,49,0,0,0,6,0.000
UWS,L05_SV27,positive,False,860,5,4,1,55,0,2,0.200
UWS,L05_SV28,negative,False,1233,5,19,7,0,0,20,0.269
UWS,L05_SV28,positive,True,1233,5,33,0,28,1,1,0.000
UWS,L05_SV29,negative,False,711,5,47,2,3,0,5,0.041
UWS,L05_SV29,positive,True,711,5,33,0,1,0,13,0.000
UWS,L05_SV30,negative,True,883,5,1,2,19,0,2,0.667
UWS,L05_SV30,positive,False,883,5,48,0,10,0,4,0.000
UWS,L05_SV31,negative,False,615,5,32,1,10,0,12,0.030
UWS,L05_SV31,positive,True,615,5,19,9,2,0,20,0.321
UWS,L05_SV32,negative,False,1131,5,17,3,0,0,24,0.150
UWS,L05_SV32,positive,True,1131,5,6,18,36,0,1,0.750
UWS,L05_SV33,negative,False,819,5,30,22,0,0,2,0.423
UWS,L05_SV33,positive,True,819,5,4,1,15,0,8,0.200
UWS,L05_SV34,negative,False,559,5,20,0,4,0,10,0.000
UWS,L05_SV34,positive,True,559,5,22,1,33,0,1,0.043
UWS,L05_SV35,negative,True,1211,5,27,11,1,0,7,0.289
UWS,L05_SV35,positive,False,1211,5,32,0,2,0,21,0.000
UWS,L05_SV36,negative,False,1300,5,2,2,58,0,0,0.500
UWS,L05_SV36,positive,True,1300,5,41,0,0,0,11,0.000
UWS,L05_SV37,negative,True,1198,5,32,0,2,0,1,0.000
UWS,L05_SV37,positive,False,1198,5,24,4,16,0,11,0.143
UWS,L05_SV38,negative,False,1277,5,7,4,40,0,7,0.364
UWS,L05_SV38,positive,True,1277,5,58,0,0,0,2,0.000
UWS,L05_SV39,negative,True,154,5,28,0,1,0,24,0.000
UWS,L05_SV39,positive,False,154,5,57,1,2,0,4,0.017
UWS,L05_SV40,negative,False,717,5,19,2,20,0,14,0.095
UWS,L05_SV40,positive,True,717,5,48,4,0,0,6,0.077
UWS,L05_SV41,negative,False,1393,5,14,1,8,0,6,0.067
UWS,L05_SV41,positive,True,1393,5,35,1,0,0,15,0.028
UWS,L05_SV42,negative,False,250,5,58,0,0,0,6,0.000
UWS,L05_SV42,positive,True,250,5,40,0,0,0,2,0.000
UWS,L05_SV43,negative,False,1136,5,4,0,55,0,1,0.000
UWS,L05_SV43,positive,True,1136,5,34,13,0,0,10,0.277
UWS,L05_SV44,negative,True,1380,5,2,0,58,0,0,0.000
UWS,L05_SV44,positive,False,1380,5,25,0,0,0,27,0.000
UWS,L05_SV45,negative,False,630,5,55,0,0,0,4,0.000
UWS,L05_SV45,positive,True,630,5,15,0,47,0,1,0.000
UWS,L05_SV46,negative,False,608,5,12,0,2,0,8,0.000
UWS,L05_SV46,positive,True,608,5,40,8,0,0,5,0.167
UWS,L05_SV47,negative,True,463,5,50,0,0,0,8,0.000
UWS,L05_SV47,positive,False,463,5,43,4,8,0,2,0.085
UWS,L05_SV48,negative,True,443,5,23,8,3,0,7,0.258
UWS,L05_SV48,positive,False,443,5,18,0,19,2,6,0.000
UWS,L05_SV49,negative,True,1060,5,18,25,9,0,4,0.581
UWS,L05_SV49,positive,False,1060,5,37,1,0,0,17,0.026
UWS,L05_SV50,negative,False,1203,5,25,4,2,0,23,0.138
UWS,L05_SV50,positive,True,1203,5,42,0,1,0,14,0.000
UWS,L05_SV51,negative,True,156,5,30,29,0,0,4,0.492
UWS,L05_SV51,positive,False,156,5,28,0,0,0,14,0.000
UWS,L05_SV52,negative,False,1058,5,37,14,1,0,4,0.275
UWS,L05_SV52,positive,True,1058,5,14,32,0,0,15,0.696
UWS,L05_SV53,negative,True,1265,5,35,0,5,0,12,0.000
UWS,L05_SV53,positive,False,1265,5,30,0,15,0,9,0.000
UWS,L05_SV54,negative,False,1001,5,20,2,5,0,7,0.091
UWS,L05_SV54,positive,True,1001,5,30,2,0,0,25,0.062
UWS,L05_SV55,negative,True,908,5,30,4,0,0,29,0.118
UWS,L05_SV55,positive,False,908,5,14,0,26,0,4,0.000
UWS,L05_SV56,negative,False,460,5,17,0,0,0,16,0.000
UWS,L05_SV56,positive,True,460,5,46,14,0,0,2,0.233
UWS,L05_SV57,negative,True,445,5,3,30,30,0,1,0.909
UWS,L05_SV57,positive,False,445,5,5,1,24,0,14,0.167
UWS,L05_SV58,negative,False,1323,5,6,3,1,0,16,0.333
UWS,L05_SV58,positive,True,1323,5,11,1,23,0,6,0.083
UWS,L05_SV59,negative,False,666,5,52,0,0,0,7,0.000
UWS,L05_SV59,positive,True,666,5,25,2,1,0,14,0.074
UWS,L05_SV60,negative,True,875,5,13,3,4,0,14,0.188
UWS,L05_SV60,positive,False,875,5,53,1,7,0,0,0.019
UWS,L05_SV61,negative,False,492,5,27,0,2,0,3,0.000
UWS,L05_SV61,positive,True,492,5,0,57,3,0,2,1.000
UWS,L05_SV62,negative,False,358,5,15,1,20,0,15,0.062
UWS,L05_SV62,positive,True,358,5,10,43,0,0,5,0.811
UWS,L05_SV63,negative,False,246,5,33,0,0,0,6,0.000
UWS,L05_SV63,positive,True,246,5,30,0,11,0,14,0.000
UWS,L05_SV64,negative,False,534,5,36,0,0,0,16,0.000
UWS,L05_SV64,positive,True,534,5,1,35,3,0,3,0.972
UWS,L06_SV01,negative,False,372,6,20,3,10,0,5,0.130
UWS,L06_SV01,positive,True,372,6,2,0,14,0,1,0.000
UWS,L06_SV02,negative,True,436,6,17,1,0,0,17,0.056
UWS,L06_SV02,positive,False,436,6,8,11,37,0,1,0.579
UWS,L06_SV03,negative,False,150,6,30,28,4,0,2,0.483
UWS,L06_SV03,positive,True,150,6,0,0,2,0,0,
UWS,L06_SV04,negative,False,469,6,47,12,0,0,5,0.203
UWS,L06_SV04,positive,True,469,6,0,0,0,0,0,
UWS,L06_SV05,negative,True,1364,6,45,1,2,0,5,0.022
UWS,L06_SV05,positive,False,1364,6,0,2,55,0,0,1.000
UWS,L06_SV06,negative,True,1453,6,37,7,3,0,6,0.159
UWS,L06_SV06,positive,False,1453,6,1,0,9,0,0,0.000
UWS,L06_SV07,negative,True,361,6,1,4,9,0,1,0.800
UWS,L06_SV07,positive,False,361,6,18,1,11,3,20,0.053
UWS,L06_SV08,negative,True,790,6,20,16,1,0,4,0.444
UWS,L06_SV08,positive,False,790,6,21,0,0,0,5,0.000
UWS,L06_SV09,negative,True,960,6,44,5,0,0,3,0.102
UWS,L06_SV09,positive,False,960,6,9,0,35,0,4,0.000
UWS,L06_SV10,negative,False,450,6,0,16,25,0,0,1.000
UWS,L06_SV10,positive,True,450,6,61,0,0,0,2,0.000
UWS,L06_SV11,negative,True,346,6,15,3,30,0,4,0.167
UWS,L06_SV11,positive,False,346,6,16,6,34,0,3,0.273
UWS,L06_SV12,negative,True,604,6,3,0,19,0,9,0.000
UWS,L06_SV12,positive,False,604,6,45,1,2,0,5,0.022
UWS,L06_SV13,negative,True,1128,6,10,2,16,0,7,0.167
UWS,L06_SV13,positive,False,1128,6,17,2,16,0,15,0.105
UWS,L06_SV14,negative,True,1204,6,22,3,0,0,28,0.120
UWS,L06_SV14,positive,False,1204,6,6,1,9,0,0,0.143
UWS,L06_SV15,negative,False,267,6,6,0,52,0,0,0.000
UWS,L06_SV15,positive,True,267,6,1,5,0,2,5,0.833
UWS,L06_SV16,negative,True,1317,6,9,4,51,0,0,0.308
UWS,L06_SV16,positive,False,1317,6,11,3,0,0,6,0.214
UWS,L06_SV17,negative,False,337,6,16,0,13,0,21,0.000
UWS,L06_SV17,positive,True,337,6,10,1,49,0,1,0.091
UWS,L06_SV18,negative,True,1213,6,21,0,4,0,1,0.000
UWS,L06_SV18,positive,False,1213,6,34,5,5,0,17,0.128
UWS,L06_SV19,negative,True,386,6,5,1,55,0,0,0.167
UWS,L06_SV19,positive,False,386,6,17,0,2,1,27,0.000
UWS,L06_SV20,negative,False,1047,6,23,0,35,0,1,0.000
UWS,L06_SV20,positive,True,1047,6,13,20,6,0,23,0.606
UWS,L06_SV21,negative,False,510,6,6,0,47,0,7,0.000
UWS,L06_SV21,positive,True,510,6,3,39,5,0,3,0.929
UWS,L06_SV22,negative,True,862,6,32,3,1,1,5,0.086
UWS,L06_SV22,positive,False,862,6,9,0,1,0,21,0.000
UWS,L06_SV23,negative,True,1018,6,12,5,0,0,3,0.294
UWS,L06_SV23,positive,False,1018,6,33,0,17,0,6,0.000
UWS,L06_SV24,negative,True,1180,6,7,0,8,0,13,0.000
UWS,L06_SV24,positive,False,1180,6,23,5,5,0,8,0.179
UWS,L06_SV25,negative,True,1378,6,30,16,7,0,4,0.348
UWS,L06_SV25,positive,False,1378,6,21,1,3,0,19,0.045
UWS,L06_SV26,negative,True,1230,6,36,0,0,0,13,0.000
UWS,L06_SV26,positive,False,1230,6,13,0,51,0,0,0.000
UWS,L06_SV27,negative,False,1076,6,28,1,32,0,1,0.034
UWS,L06_SV27,positive,True,1076,6,35,0,0,0,10,0.000
UWS,L06_SV28,negative,False,1345,6,5,18,13,0,10,0.783
UWS,L06_SV28,positive,True,1345,6,55,0,1,0,3,0.000
UWS,L06_SV29,negative,False,371,6,3,0,50,0,5,0.000
UWS,L06_SV29,positive,True,371,6,54,0,0,0,5,0.000
UWS,L06_SV30,negative,False,1148,6,15,0,23,0,9,0.000
UWS,L06_SV30,positive,True,1148,6,26,8,15,0,7,0.235
UWS,L06_SV31,negative,False,1050,6,37,0,0,0,13,0.000
UWS,L06_SV31,positive,True,1050,6,2,13,44,0,0,0.867
UWS,L06_SV32,negative,True,822,6,10,0,2,0,9,0.000
UWS,L06_SV32,positive,False,822,6,10,33,13,0,5,0.767
UWS,L06_SV33,negative,False,949,6,4,11,17,1,9,0.733
UWS,L06_SV33,positive,True,949,6,30,0,0,0,10,0.000
UWS,L06_SV34,negative,True,1267,6,1,20,38,0,3,0.952
UWS,L06_SV34,positive,False,1267,6,43,0,1,0,3,0.000
UWS,L06_SV35,negative,True,1171,6,28,28,1,0,4,0.500
UWS,L06_SV35,positive,False,1171,6,43,0,0,0,20,0.000
UWS,L06_SV36,negative,False,1386,6,1,16,27,0,1,0.941
UWS,L06_SV36,positive,True,1386,6,39,0,0,0,14,0.000
UWS,L06_SV37,negative,False,1118,6,15,1,7,1,25,0.062
UWS,L06_SV37,positive,True,1118,6,43,4,0,0,6,0.085
UWS,L06_SV38,negative,True,1356,6,17,1,44,0,1,0.056
UWS,L06_SV38,positive,False,1356,6,40,5,12,0,5,0.111
UWS,L06_SV39,negative,False,89,6,49,4,2,0,9,0.075
UWS,L06_SV39,positive,True,89,6,10,1,47,0,0,0.091
UWS,L06_SV40,negative,False,617,6,57,0,5,0,1,0.000
UWS,L06_SV40,positive,True,617,6,18,1,2,0,14,0.053
UWS,L06_SV41,negative,True,438,6,6,49,4,0,2,0.891
UWS,L06_SV41,positive,False,438,6,23,22,2,0,14,0.489
UWS,L06_SV42,negative,False,922,6,24,2,0,0,2,0.077
UWS,L06_SV42,positive,True,922,6,25,0,0,0,12,0.000
UWS,L06_SV43,negative,True,220,6,32,10,0,0,17,0.238
UWS,L06_SV43,positive,False,220,6,30,0,28,0,0,0.000
UWS,L06_SV44,negative,True,603,6,49,2,0,0,1,0.039
UWS,L06_SV44,positive,False,603,6,0,0,6,0,0,
UWS,L06_SV45,negative,False,167,6,51,0,1,0,3,0.000
UWS,L06_SV45,positive,True,167,6,29,6,1,0,14,0.171
UWS,L06_SV46,negative,False,1309,6,17,4,41,0,0,0.190
UWS,L06_SV46,positive,True,1309,6,28,1,0,0,14,0.034
UWS,L06_SV47,negative,False,1160,6,37,0,12,1,9,0.000
UWS,L06_SV47,positive,True,1160,6,57,0,4,0,2,0.000
UWS,L06_SV48,negative,False,1082,6,13,5,0,7,8,0.278
UWS,L06_SV48,positive,True,1082,6,18,17,1,0,3,0.486
UWS,L06_SV49,negative,False,719,6,11,26,12,0,10,0.703
UWS,L06_SV49,positive,True,719,6,40,2,0,0,10,0.048
UWS,L06_SV50,negative,False,902,6,21,0,23,1,4,0.000
UWS,L06_SV50,positive,True,902,6,23,3,20,0,14,0.115
UWS,L06_SV51,negative,True,924,6,3,7,43,0,6,0.700
UWS,L06_SV51,positive,False,924,6,25,13,0,0,2,0.342
UWS,L06_SV52,negative,False,87,6,26,0,13,0,19,0.000
UWS,L06_SV52,positive,True,87,6,32,6,11,0,2,0.158
UWS,L06_SV53,negative,True,907,6,25,9,29,0,1,0.265
UWS,L06_SV53,positive,False,907,6,14,6,7,1,18,0.300
UWS,L06_SV54,negative,False,339,6,23,0,18,0,13,0.000
UWS,L06_SV54,positive,True,339,6,32,8,0,0,15,0.200
UWS,L06_SV55,negative,False,1212,6,27,0,10,0,6,0.000
UWS,L06_SV55,positive,True,1212,6,26,0,3,0,18,0.000
UWS,L06_SV56,negative,True,1102,6,16,19,8,0,19,0.543
UWS,L06_SV56,positive,False,1102,6,8,0,40,0,3,0.000
UWS,L06_SV57,negative,True,570,6,38,6,0,0,12,0.136
UWS,L06_SV57,positive,False,570,6,17,12,26,0,7,0.414
UWS,L06_SV58,negative,True,599,6,22,0,5,0,24,0.000
UWS,L06_SV58,positive,False,599,6,54,1,0,0,5,0.018
UWS,L06_SV59,negative,True,609,6,29,0,12,0,16,0.000
UWS,L06_SV59,positive,False,609,6,24,21,2,0,9,0.467
UWS,L06_SV60,negative,True,272,6,58,0,0,0,6,0.000
UWS,L06_SV60,positive,False,272,6,12,16,0,0,12,0.571
UWS,L06_SV61,negative,False,1293,6,31,24,1,0,3,0.436
UWS,L06_SV61,positive,True,1293,6,30,1,14,0,6,0.032
UWS,L06_SV62,negative,True,618,6,5,0,0,0,1,0.000
UWS,L06_SV62,positive,False,618,6,29,2,10,0,20,0.065
UWS,L06_SV63,negative,False,913,6,28,0,18,0,3,0.000
UWS,L06_SV63,positive,True,913,6,27,19,12,0,3,0.413
UWS,L06_SV64,negative,True,475,6,24,18,4,0,10,0.429
UWS,L06_SV64,positive,False,475,6,31,24,1,1,3,0.436
UWS,L07_SV01,negative,True,262,7,4,4,46,0,0,0.500
UWS,L07_SV01,positive,False,262,7,5,2,5,0,4,0.286
UWS,L07_SV02,negative,True,251,7,19,1,1,1,14,0.050
UWS,L07_SV02,positive,False,251,7,6,8,29,0,3,0.571
UWS,L07_SV03,negative,False,429,7,32,28,1,0,3,0.467
UWS,L07_SV03,positive,True,429,7,0,0,2,0,0,
UWS,L07_SV04,negative,True,864,7,3,0,0,0,0,0.000
UWS,L07_SV04,positive,False,864,7,37,7,5,0,7,0.159
UWS,L07_SV05,negative,True,1446,7,58,4,0,0,1,0.065
UWS,L07_SV05,positive,False,1446,7,0,0,13,0,0,
UWS,L07_SV06,negative,True,805,7,30,8,4,0,5,0.211
UWS,L07_SV06,positive,False,805,7,31,0,0,0,2,0.000
UWS,L07_SV07,negative,True,198,7,16,11,14,0,7,0.407
UWS,L07_SV07,positive,False,198,7,3,1,11,0,1,0.250
UWS,L07_SV08,negative,True,437,7,0,0,1,0,0,
UWS,L07_SV08,positive,False,437,7,23,2,20,0,8,0.080
UWS,L07_SV09,negative,True,1274,7,36,0,17,0,3,0.000
UWS,L07_SV09,positive,False,1274,7,21,0,14,1,5,0.000
UWS,L07_SV10,negative,True,675,7,3,6,19,1,15,0.667
UWS,L07_SV10,positive,False,675,7,43,0,13,0,0,0.000
UWS,L07_SV11,negative,True,1181,7,8,0,0,0,1,0.000
UWS,L07_SV11,positive,False,1181,7,3,16,17,0,4,0.842
UWS,L07_SV12,negative,True,782,7,38,4,0,1,7,0.095
UWS,L07_SV12,positive,False,782,7,6,1,26,0,5,0.143
UWS,L07_SV13,negative,True,194,7,13,0,0,0,8,0.000
UWS,L07_SV13,positive,False,194,7,13,5,36,0,0,0.278
UWS,L07_SV14,negative,True,303,7,9,20,32,0,0,0.690
UWS,L07_SV14,positive,False,303,7,35,4,1,1,12,0.103
UWS,L07_SV15,negative,True,526,7,8,0,3,2,9,0.000
UWS,L07_SV15,positive,False,526,7,10,1,51,0,0,0.091
UWS,L07_SV16,negative,False,1156,7,13,0,51,0,0,0.000
UWS,L07_SV16,positive,True,1156,7,1,2,0,0,7,0.667
UWS,L07_SV17,negative,True,688,7,17,3,28,0,0,0.150
UWS,L07_SV17,positive,False,688,7,40,0,6,0,16,0.000
UWS,L07_SV18,negative,True,1093,7,25,4,18,0,8,0.138
UWS,L07_SV18,positive,False,1093,7,34,0,3,0,15,0.000
UWS,L07_SV19,negative,False,802,7,1,0,62,0,0,0.000
UWS,L07_SV19,positive,True,802,7,45,1,6,0,5,0.022
UWS,L07_SV20,negative,False,1191,7,36,0,6,0,3,0.000
UWS,L07_SV20,positive,True,1191,7,31,9,11,0,7,0.225
UWS,L07_SV21,negative,False,817,7,19,0,23,0,6,0.000
UWS,L07_SV21,positive,True,817,7,7,17,6,0,7,0.708
UWS,L07_SV22,negative,False,1266,7,47,2,8,0,4,0.041
UWS,L07_SV22,positive,True,1266,7,14,1,0,0,14,0.067
UWS,L07_SV23,negative,False,937,7,27,0,0,0,13,0.000
UWS,L07_SV23,positive,True,937,7,0,0,61,0,1,
UWS,L07_SV24,negative,True,1282,7,27,0,0,0,16,0.000
UWS,L07_SV24,positive,False,1282,7,5,2,11,2,0,0.286
UWS,L07_SV25,negative,False,401,7,40,4,8,0,1,0.091
UWS,L07_SV25,positive,True,401,7,28,3,2,0,13,0.097
UWS,L07_SV26,negative,False,1196,7,1,0,63,0,0,0.000
UWS,L07_SV26,positive,True,1196,7,37,0,3,0,13,0.000
UWS,L07_SV27,negative,True,982,7,31,6,3,0,14,0.162
UWS,L07_SV27,positive,False,982,7,38,2,0,0,7,0.050
UWS,L07_SV28,negative,True,1337,7,48,7,0,1,6,0.127
UWS,L07_SV28,positive,False,1337,7,11,4,17,0,10,0.267
UWS,L07_SV29,negative,False,847,7,15,26,22,0,1,0.634
UWS,L07_SV29,positive,True,847,7,1,1,2,3,7,0.500
UWS,L07_SV30,negative,False,640,7,45,4,0,0,5,0.082
UWS,L07_SV30,positive,True,640,7,15,3,35,0,2,0.167
UWS,L07_SV31,negative,True,629,7,47,0,2,0,3,0.000
UWS,L07_SV31,positive,False,629,7,2,2,17,0,2,0.500
UWS,L07_SV32,negative,False,1303,7,43,1,16,0,2,0.023
UWS,L07_SV32,positive,True,1303,7,25,0,1,0,32,0.000
UWS,L07_SV33,negative,True,1442,7,1,21,2,0,0,0.955
UWS,L07_SV33,positive,False,1442,7,26,0,5,0,25,0.000
UWS,L07_SV34,negative,True,213,7,49,0,3,0,8,0.000
UWS,L07_SV34,positive,False,213,7,9,0,42,0,5,0.000
UWS,L07_SV35,negative,True,1189,7,1,0,3,0,2,0.000
UWS,L07_SV35,positive,False,1189,7,27,12,11,0,11,0.308
UWS,L07_SV36,negative,True,934,7,40,0,0,0,22,0.000
UWS,L07_SV36,positive,False,934,7,49,2,1,0,5,0.039
UWS,L07_SV37,negative,True,1202,7,31,2,1,0,12,0.061
UWS,L07_SV37,positive,False,1202,7,36,3,1,0,13,0.077
UWS,L07_SV38,negative,False,163,7,7,0,50,0,3,0.000
UWS,L07_SV38,positive,True,163,7,24,26,0,0,5,0.520
UWS,L07_SV39,negative,True,99,7,40,3,2,0,3,0.070
UWS,L07_SV39,positive,False,99,7,0,64,0,0,0,1.000
UWS,L07_SV40,negative,False,721,7,47,0,2,0,3,0.000
UWS,L07_SV40,positive,True,721,7,18,2,10,0,6,0.100
UWS,L07_SV41,negative,False,1033,7,13,10,11,0,7,0.435
UWS,L07_SV41,positive,True,1033,7,49,4,4,0,2,0.075
UWS,L07_SV42,negative,False,1319,7,30,11,6,0,7,0.268
UWS,L07_SV42,positive,True,1319,7,9,3,20,0,14,0.250
UWS,L07_SV43,negative,False,1134,7,12,0,52,0,0,0.000
UWS,L07_SV43,positive,True,1134,7,25,0,0,0,19,0.000
UWS,L07_SV44,negative,False,145,7,42,5,2,0,4,0.106
UWS,L07_SV44,positive,True,145,7,9,2,14,0,15,0.182
UWS,L07_SV45,negative,False,749,7,23,27,0,0,10,0.540
UWS,L07_SV45,positive,True,749,7,34,0,0,0,5,0.000
UWS,L07_SV46,negative,False,107,7,5,29,1,2,7,0.853
UWS,L07_SV46,positive,True,107,7,42,0,0,0,16,0.000
UWS,L07_SV47,negative,True,801,7,7,4,5,0,27,0.364
UWS,L07_SV47,positive,False,801,7,9,12,5,0,1,0.571
UWS,L07_SV48,negative,True,514,7,3,0,32,0,21,0.000
UWS,L07_SV48,positive,False,514,7,47,5,3,0,6,0.096
UWS,L07_SV49,negative,True,384,7,21,6,0,0,9,0.222
UWS,L07_SV49,positive,False,384,7,18,11,22,0,3,0.379
UWS,L07_SV50,negative,False,770,7,41,0,7,0,4,0.000
UWS,L07_SV50,positive,True,770,7,29,7,8,0,18,0.194
UWS,L07_SV51,negative,True,968,7,44,3,0,0,2,0.064
UWS,L07_SV51,positive,False,968,7,28,2,21,0,10,0.067
UWS,L07_SV52,negative,True,395,7,10,32,2,0,2,0.762
UWS,L07_SV52,positive,False,395,7,29,0,0,1,14,0.000
UWS,L07_SV53,negative,False,166,7,11,23,1,0,13,0.676
UWS,L07_SV53,positive,True,166,7,54,0,0,0,7,0.000
UWS,L07_SV54,negative,False,955,7,21,0,12,0,17,0.000
UWS,L07_SV54,positive,True,955,7,26,13,6,0,8,0.333
UWS,L07_SV55,negative,True,807,7,45,3,2,0,9,0.062
UWS,L07_SV55,positive,False,807,7,26,3,18,0,3,0.103
UWS,L07_SV56,negative,True,1116,7,5,27,3,0,3,0.844
UWS,L07_SV56,positive,False,1116,7,55,0,1,0,1,0.000
UWS,L07_SV57,negative,True,772,7,38,0,1,0,5,0.000
UWS,L07_SV57,positive,False,772,7,14,3,0,2,11,0.176
UWS,L07_SV58,negative,False,66,7,21,0,23,0,11,0.000
UWS,L07_SV58,positive,True,66,7,11,42,2,0,6,0.792
UWS,L07_SV59,negative,False,174,7,7,0,2,0,4,0.000
UWS,L07_SV59,positive,True,174,7,34,3,12,0,6,0.081
UWS,L07_SV60,negative,False,487,7,9,0,40,0,6,0.000
UWS,L07_SV60,positive,True,487,7,36,6,3,0,9,0.143
UWS,L07_SV61,negative,False,808,7,50,3,0,0,5,0.057
UWS,L07_SV61,positive,True,808,7,10,4,33,0,9,0.286
UWS,L07_SV62,negative,True,732,7,27,1,4,0,17,0.036
UWS,L07_SV62,positive,False,732,7,12,2,26,0,6,0.143
UWS,L07_SV63,negative,False,571,7,45,0,1,0,12,0.000
UWS,L07_SV63,positive,True,571,7,25,32,1,0,3,0.561
UWS,L07_SV64,negative,False,495,7,14,3,3,0,19,0.176
UWS,L07_SV64,positive,True,495,7,38,0,13,0,8,0.000
UWS,L08_SV01,negative,True,248,8,4,4,25,0,3,0.500
UWS,L08_SV01,positive,False,248,8,4,3,6,0,2,0.429
UWS,L08_SV02,negative,False,29,8,25,0,5,0,11,0.000
UWS,L08_SV02,positive,True,29,8,7,6,28,0,1,0.462
UWS,L08_SV03,negative,False,546,8,24,31,1,0,7,0.564
UWS,L08_SV03,positive,True,546,8,0,0,0,0,0,
UWS,L08_SV04,negative,True,869,8,2,0,0,2,0,0.000
UWS,L08_SV04,positive,False,869,8,10,2,42,0,0,0.167
UWS,L08_SV05,negative,True,1429,8,59,0,0,0,4,0.000
UWS,L08_SV05,positive,False,1429,8,0,0,21,0,0,
UWS,L08_SV06,negative,True,191,8,33,13,8,0,7,0.283
UWS,L08_SV06,positive,False,191,8,9,0,0,1,3,0.000
UWS,L08_SV07,negative,True,1324,8,16,10,20,0,8,0.385
UWS,L08_SV07,positive,False,1324,8,6,1,7,0,1,0.143
UWS,L08_SV08,negative,False,733,8,22,1,31,0,1,0.043
UWS,L08_SV08,positive,True,733,8,6,8,13,0,9,0.571
UWS,L08_SV09,negative,False,195,8,0,0,18,0,1,
UWS,L08_SV09,positive,True,195,8,28,5,17,0,2,0.152
UWS,L08_SV10,negative,False,312,8,10,0,5,0,0,0.000
UWS,L08_SV10,positive,True,312,8,8,8,18,0,14,0.500
UWS,L08_SV11,negative,False,540,8,16,0,9,0,8,0.000
UWS,L08_SV11,positive,True,540,8,30,6,22,0,3,0.167
UWS,L08_SV12,negative,False,791,8,31,4,0,2,10,0.114
UWS,L08_SV12,positive,True,791,8,7,6,34,0,2,0.462
UWS,L08_SV13,negative,True,290,8,6,0,0,0,4,0.000
UWS,L08_SV13,positive,False,290,8,21,15,24,0,0,0.417
UWS,L08_SV14,negative,True,440,8,13,21,25,0,0,0.618
UWS,L08_SV14,positive,False,440,8,36,2,2,0,14,0.053
UWS,L08_SV15,negative,True,758,8,6,0,2,2,15,0.000
UWS,L08_SV15,positive,False,758,8,9,0,55,0,0,0.000
UWS,L08_SV16,negative,True,584,8,3,0,60,0,0,0.000
UWS,L08_SV16,positive,False,584,8,20,1,0,1,17,0.048
UWS,L08_SV17,negative,True,787,8,41,0,18,0,5,0.000
UWS,L08_SV17,positive,False,787,8,2,0,0,2,4,0.000
UWS,L08_SV18,negative,True,446,8,8,2,1,0,8,0.200
UWS,L08_SV18,positive,False,446,8,5,0,59,0,0,0.000
UWS,L08_SV19,negative,False,653,8,0,0,62,0,0,
UWS,L08_SV19,positive,True,653,8,40,1,0,0,11,0.024
UWS,L08_SV20,negative,False,1126,8,29,0,3,0,12,0.000
UWS,L08_SV20,positive,True,1126,8,22,13,18,0,6,0.371
UWS,L08_SV21,negative,True,1099,8,17,3,0,0,9,0.150
UWS,L08_SV21,positive,False,1099,8,8,0,47,0,5,0.000
UWS,L08_SV22,negative,False,1298,8,41,0,12,0,5,0.000
UWS,L08_SV22,positive,True,1298,8,11,3,10,0,14,0.214
UWS,L08_SV23,negative,False,651,8,31,2,3,3,14,0.061
UWS,L08_SV23,positive,True,651,8,17,4,27,0,5,0.190
UWS,L08_SV24,negative,True,1285,8,54,0,0,0,5,0.000
UWS,L08_SV24,positive,False,1285,8,10,2,11,3,7,0.167
UWS,L08_SV25,negative,False,828,8,1,1,55,1,0,0.500
UWS,L08_SV25,positive,True,828,8,15,4,0,0,21,0.211
UWS,L08_SV26,negative,False,1359,8,10,9,41,0,1,0.474
UWS,L08_SV26,positive,True,1359,8,23,4,4,0,7,0.148
UWS,L08_SV27,negative,True,204,8,4,14,25,0,14,0.778
UWS,L08_SV27,positive,False,204,8,44,2,2,0,0,0.043
UWS,L08_SV28,negative,False,1276,8,7,7,40,0,2,0.500
UWS,L08_SV28,positive,True,1276,8,47,4,0,0,7,0.078
UWS,L08_SV29,negative,True,507,8,14,2,32,0,3,0.125
UWS,L08_SV29,positive,False,507,8,40,2,0,0,6,0.048
UWS,L08_SV30,negative,True,803,8,14,2,8,2,5,0.125
UWS,L08_SV30,positive,False,803,8,28,21,11,0,3,0.429
UWS,L08_SV31,negative,False,987,8,2,6,34,0,4,0.750
UWS,L08_SV31,positive,True,987,8,49,0,1,0,5,0.000
UWS,L08_SV32,negative,False,1390,8,9,1,34,0,3,0.100
UWS,L08_SV32,positive,True,1390,8,29,0,4,0,26,0.000
UWS,L08_SV33,negative,True,320,8,46,0,0,0,14,0.000
UWS,L08_SV33,positive,False,320,8,8,4,37,0,5,0.333
UWS,L08_SV34,negative,False,700,8,16,2,0,1,22,0.111
UWS,L08_SV34,positive,True,700,8,17,1,34,0,5,0.056
UWS,L08_SV35,negative,False,552,8,31,1,0,0,21,0.031
UWS,L08_SV35,positive,True,552,8,40,19,2,0,0,0.322
UWS,L08_SV36,negative,True,1104,8,30,20,2,0,10,0.400
UWS,L08_SV36,positive,False,1104,8,0,9,33,0,0,1.000
UWS,L08_SV37,negative,True,904,8,34,22,0,0,7,0.393
UWS,L08_SV37,positive,False,904,8,19,1,36,0,4,0.050
UWS,L08_SV38,negative,False,776,8,15,1,36,0,6,0.062
UWS,L08_SV38,positive,True,776,8,30,2,3,0,14,0.062
UWS,L08_SV39,negative,False,102,8,18,42,0,0,0,0.700
UWS,L08_SV39,positive,True,102,8,28,6,1,0,15,0.176
UWS,L08_SV40,negative,False,951,8,10,3,43,0,2,0.231
UWS,L08_SV40,positive,True,951,8,46,0,1,0,2,0.000
UWS,L08_SV41,negative,False,1200,8,19,10,1,0,12,0.345
UWS,L08_SV41,positive,True,1200,8,11,2,33,0,3,0.154
UWS,L08_SV42,negative,False,905,8,26,5,9,0,11,0.161
UWS,L08_SV42,positive,True,905,8,55,3,3,0,2,0.052
UWS,L08_SV43,negative,True,335,8,35,7,0,1,11,0.167
UWS,L08_SV43,positive,False,335,8,25,0,17,0,10,0.000
UWS,L08_SV44,negative,True,884,8,54,0,9,0,0,0.000
UWS,L08_SV44,positive,False,884,8,31,0,0,1,21,0.000
UWS,L08_SV45,negative,True,216,8,24,0,4,0,23,0.000
UWS,L08_SV45,positive,False,216,8,20,10,0,0,16,0.333
UWS,L08_SV46,negative,False,1056,8,30,0,16,0,11,0.000
UWS,L08_SV46,positive,True,1056,8,30,14,0,0,12,0.318
UWS,L08_SV47,negative,True,1002,8,12,36,1,0,10,0.750
UWS,L08_SV47,positive,False,1002,8,18,2,0,0,6,0.100
UWS,L08_SV48,negative,False,670,8,25,4,13,0,4,0.138
UWS,L08_SV48,positive,True,670,8,21,9,7,0,25,0.300
UWS,L08_SV49,negative,True,762,8,31,17,9,0,6,0.354
UWS,L08_SV49,positive,False,762,8,18,6,1,0,12,0.250
UWS,L08_SV50,negative,True,1007,8,20,0,13,0,13,0.000
UWS,L08_SV50,positive,False,1007,8,16,11,7,0,4,0.407
UWS,L08_SV51,negative,False,116,8,41,0,7,0,12,0.000
UWS,L08_SV51,positive,True,116,8,12,28,0,0,13,0.700
UWS,L08_SV52,negative,True,590,8,12,11,9,0,6,0.478
UWS,L08_SV52,positive,False,590,8,14,2,20,0,3,0.125
UWS,L08_SV53,negative,False,668,8,5,4,0,0,4,0.444
UWS,L08_SV53,positive,True,668,8,36,5,5,0,8,0.122
UWS,L08_SV54,negative,False,79,8,3,35,0,0,6,0.921
UWS,L08_SV54,positive,True,79,8,51,0,2,0,1,0.000
UWS,L08_SV55,negative,False,105,8,5,19,33,1,3,0.792
UWS,L08_SV55,positive,True,105,8,53,0,1,0,0,0.000
UWS,L08_SV56,negative,True,275,8,9,0,1,0,22,0.000
UWS,L08_SV56,positive,False,275,8,41,1,7,0,9,0.024
UWS,L08_SV57,negative,False,112,8,38,0,0,0,6,0.000
UWS,L08_SV57,positive,True,112,8,4,39,13,0,4,0.907
UWS,L08_SV58,negative,True,425,8,36,6,3,0,16,0.143
UWS,L08_SV58,positive,False,425,8,22,2,12,1,15,0.083
UWS,L08_SV59,negative,True,1344,8,10,17,25,0,5,0.630
UWS,L08_SV59,positive,False,1344,8,27,2,0,0,7,0.069
UWS,L08_SV60,negative,True,261,8,23,8,0,0,16,0.258
UWS,L08_SV60,positive,False,261,8,14,0,25,0,8,0.000
UWS,L08_SV61,negative,False,701,8,0,5,41,0,1,1.000
UWS,L08_SV61,positive,True,701,8,9,31,12,0,8,0.775
UWS,L08_SV62,negative,False,953,8,6,1,39,0,3,0.143
UWS,L08_SV62,positive,True,953,8,34,13,0,0,12,0.277
UWS,L08_SV63,negative,True,508,8,16,6,18,0,18,0.273
UWS,L08_SV63,positive,False,508,8,10,5,28,0,13,0.333
UWS,L08_SV64,negative,True,832,8,17,22,0,0,12,0.564
UWS,L08_SV64,positive,False,832,8,29,0,15,0,1,0.000
UWS,L09_SV01,negative,True,53,9,7,3,47,0,0,0.300
UWS,L09_SV01,positive,False,53,9,5,0,17,0,1,0.000
UWS,L09_SV02,negative,True,1168,9,36,1,3,0,9,0.027
UWS,L09_SV02,positive,False,1168,9,4,5,28,0,1,0.556
UWS,L09_SV03,negative,False,851,9,32,21,2,0,7,0.396
UWS,L09_SV03,positive,True,851,9,0,0,1,3,1,
UWS,L09_SV04,negative,True,1392,9,2,0,0,0,0,0.000
UWS,L09_SV04,positive,False,1392,9,0,0,44,0,0,
UWS,L09_SV05,negative,False,1418,9,0,0,24,0,0,
UWS,L09_SV05,positive,True,1418,9,62,0,0,0,0,0.000
UWS,L09_SV06,negative,True,1322,9,29,1,26,0,2,0.033
UWS,L09_SV06,positive,False,1322,9,33,0,8,0,10,0.000
UWS,L09_SV07,negative,False,1383,9,31,6,6,0,12,0.162
UWS,L09_SV07,positive,True,1383,9,0,0,0,4,3,
UWS,L09_SV08,negative,True,1436,9,21,4,6,0,12,0.160
UWS,L09_SV08,positive,False,1436,9,0,0,0,0,0,
UWS,L09_SV09,negative,True,1246,9,5,23,27,0,2,0.821
UWS,L09_SV09,positive,False,1246,9,9,0,0,0,3,0.000
UWS,L09_SV10,negative,True,1438,9,19,3,39,1,0,0.136
UWS,L09_SV10,positive,False,1438,9,0,0,0,0,0,
UWS,L09_SV11,negative,True,525,9,4,11,44,0,0,0.733
UWS,L09_SV11,positive,False,525,9,42,1,1,0,5,0.023
UWS,L09_SV12,negative,False,1088,9,26,0,37,0,0,0.000
UWS,L09_SV12,positive,True,1088,9,5,0,0,2,4,0.000
UWS,L09_SV13,negative,False,716,9,44,4,9,0,2,0.083
UWS,L09_SV13,positive,True,716,9,48,2,0,0,2,0.040
UWS,L09_SV14,negative,False,655,9,0,24,40,0,0,1.000
UWS,L09_SV14,positive,True,655,9,47,1,0,0,11,0.021
UWS,L09_SV15,negative,True,1119,9,11,9,2,0,6,0.450
UWS,L09_SV15,positive,False,1119,9,0,0,64,0,0,
UWS,L09_SV16,negative,True,1037,9,47,0,2,0,8,0.000
UWS,L09_SV16,positive,False,1037,9,12,0,12,0,8,0.000
UWS,L09_SV17,negative,True,854,9,10,0,10,0,13,0.000
UWS,L09_SV17,positive,False,854,9,38,1,11,0,1,0.026
UWS,L09_SV18,negative,True,313,9,3,10,2,2,4,0.769
UWS,L09_SV18,positive,False,313,9,62,0,1,0,0,0.000
UWS,L09_SV19,negative,False,519,9,35,2,25,0,1,0.054
UWS,L09_SV19,positive,True,519,9,9,5,0,0,2,0.357
UWS,L09_SV20,negative,True,1248,9,52,0,1,1,9,0.000
UWS,L09_SV20,positive,False,1248,9,16,8,26,0,2,0.333
UWS,L09_SV21,negative,False,1086,9,36,8,4,0,7,0.182
UWS,L09_SV21,positive,True,1086,9,13,10,32,1,4,0.435
UWS,L09_SV22,negative,False,1129,9,45,2,5,0,6,0.043
UWS,L09_SV22,positive,True,1129,9,20,12,10,0,2,0.375
UWS,L09_SV23,negative,False,974,9,3,12,12,0,0,0.800
UWS,L09_SV23,positive,True,974,9,40,2,1,0,8,0.048
UWS,L09_SV24,negative,False,1159,9,6,23,32,0,0,0.793
UWS,L09_SV24,positive,True,1159,9,30,0,0,0,18,0.000
UWS,L09_SV25,negative,True,1234,9,13,3,3,0,11,0.188
UWS,L09_SV25,positive,False,1234,9,42,2,5,0,6,0.045
UWS,L09_SV26,negative,False,633,9,4,0,26,0,3,0.000
UWS,L09_SV26,positive,True,633,9,48,1,0,0,11,0.020
UWS,L09_SV27,negative,False,276,9,38,0,1,0,6,0.000
UWS,L09_SV27,positive,True,276,9,34,19,0,0,3,0.358
UWS,L09_SV28,negative,True,998,9,30,1,1,0,1,0.032
UWS,L09_SV28,positive,False,998,9,20,6,1,0,20,0.231
UWS,L09_SV29,negative,True,690,9,12,1,41,0,6,0.077
UWS,L09_SV29,positive,False,690,9,6,18,38,0,0,0.750
UWS,L09_SV30,negative,False,1179,9,11,36,2,0,12,0.766
UWS,L09_SV30,positive,True,1179,9,17,0,10,0,1,0.000
UWS,L09_SV31,negative,True,208,9,54,0,3,0,5,0.000
UWS,L09_SV31,positive,False,208,9,50,0,1,0,7,0.000
UWS,L09_SV32,negative,False,663,9,18,23,6,0,6,0.561
UWS,L09_SV32,positive,True,663,9,15,3,2,1,9,0.167
UWS,L09_SV33,negative,False,697,9,4,1,9,0,0,0.200
UWS,L09_SV33,positive,True,697,9,28,18,0,0,13,0.391
UWS,L09_SV34,negative,False,1013,9,23,0,1,0,19,0.000
UWS,L09_SV34,positive,True,1013,9,1,0,63,0,0,0.000
UWS,L09_SV35,negative,True,1161,9,16,2,13,1,7,0.111
UWS,L09_SV35,positive,False,1161,9,21,1,13,0,4,0.045
UWS,L09_SV36,negative,False,574,9,27,1,5,0,7,0.036
UWS,L09_SV36,positive,True,574,9,54,6,1,0,2,0.100
UWS,L09_SV37,negative,False,581,9,50,1,1,0,5,0.020
UWS,L09_SV37,positive,True,581,9,11,0,20,0,6,0.000
UWS,L09_SV38,negative,True,1167,9,10,5,33,0,16,0.333
UWS,L09_SV38,positive,False,1167,9,29,2,2,0,1,0.065
UWS,L09_SV39,negative,True,1229,9,13,25,5,0,14,0.658
UWS,L09_SV39,positive,False,1229,9,15,2,28,1,4,0.118
UWS,L09_SV40,negative,False,706,9,37,0,3,1,17,0.000
UWS,L09_SV40,positive,True,706,9,15,26,0,0,5,0.634
UWS,L09_SV41,negative,True,610,9,14,3,6,0,2,0.176
UWS,L09_SV41,positive,False,610,9,24,20,10,0,8,0.455
UWS,L09_SV42,negative,True,222,9,12,49,0,0,2,0.803
UWS,L09_SV42,positive,False,222,9,0,0,61,0,1,
UWS,L09_SV43,negative,True,698,9,1,7,0,0,5,0.875
UWS,L09_SV43,positive,False,698,9,31,6,1,0,19,0.162
UWS,L09_SV44,negative,False,308,9,36,2,13,0,5,0.053
UWS,L09_SV44,positive,True,308,9,4,53,2,0,2,0.930
UWS,L09_SV45,negative,False,171,9,26,17,5,0,8,0.395
UWS,L09_SV45,positive,True,171,9,44,1,0,0,7,0.022
UWS,L09_SV46,negative,False,331,9,5,28,18,0,2,0.848
UWS,L09_SV46,positive,True,331,9,58,0,1,0,3,0.000
UWS,L09_SV47,negative,True,743,9,15,0,43,0,4,0.000
UWS,L09_SV47,positive,False,743,9,26,13,0,0,15,0.333
UWS,L09_SV48,negative,False,1083,9,35,1,16,1,5,0.028
UWS,L09_SV48,positive,True,1083,9,15,5,0,0,10,0.250
UWS,L09_SV49,negative,False,61,9,25,0,22,0,4,0.000
UWS,L09_SV49,positive,True,61,9,39,5,0,0,12,0.114
UWS,L09_SV50,negative,True,621,9,23,1,22,0,10,0.042
UWS,L09_SV50,positive,False,621,9,14,2,28,0,1,0.125
UWS,L09_SV51,negative,True,989,9,18,18,23,1,1,0.500
UWS,L09_SV51,positive,False,989,9,21,2,0,0,20,0.087
UWS,L09_SV52,negative,True,405,9,17,3,22,0,8,0.150
UWS,L09_SV52,positive,False,405,9,51,2,0,0,5,0.038
UWS,L09_SV53,negative,True,415,9,27,12,0,0,9,0.308
UWS,L09_SV53,positive,False,415,9,18,4,26,0,4,0.182
UWS,L09_SV54,negative,False,563,9,37,13,3,0,4,0.260
UWS,L09_SV54,positive,True,563,9,10,10,20,0,6,0.500
UWS,L09_SV55,negative,True,767,9,31,1,3,0,17,0.031
UWS,L09_SV55,positive,False,767,9,0,0,3,0,1,
UWS,L09_SV56,negative,False,249,9,33,0,3,1,8,0.000
UWS,L09_SV56,positive,True,249,9,23,12,4,0,18,0.343
UWS,L09_SV57,negative,True,1055,9,35,4,1,0,11,0.103
UWS,L09_SV57,positive,False,1055,9,36,0,15,0,3,0.000
UWS,L09_SV58,negative,True,49,9,1,52,3,1,2,0.981
UWS,L09_SV58,positive,False,49,9,37,1,6,0,9,0.026
UWS,L09_SV59,negative,False,521,9,25,8,0,0,23,0.242
UWS,L09_SV59,positive,True,521,9,11,11,23,0,4,0.500
UWS,L09_SV60,negative,False,596,9,10,12,4,0,13,0.545
UWS,L09_SV60,positive,True,596,9,20,0,39,0,2,0.000
UWS,L09_SV61,negative,False,235,9,11,6,21,0,11,0.353
UWS,L09_SV61,positive,True,235,9,39,1,0,0,13,0.025
UWS,L09_SV62,negative,True,231,9,7,3,10,0,11,0.300
UWS,L09_SV62,positive,False,231,9,47,2,3,0,6,0.041
UWS,L09_SV63,negative,False,1014,9,17,0,4,0,4,0.000
UWS,L09_SV63,positive,True,1014,9,18,4,9,0,7,0.182
UWS,L09_SV64,negative,False,128,9,13,5,17,0,11,0.278
UWS,L09_SV64,positive,True,128,9,5,0,5,1,8,0.000
UWS,L10_SV01,negative,True,45,10,5,3,46,0,0,0.375
UWS,L10_SV01,positive,False,45,10,1,0,35,0,3,0.000
UWS,L10_SV02,negative,True,1199,10,37,1,2,0,13,0.026
UWS,L10_SV02,positive,False,1199,10,4,5,22,0,0,0.556
UWS,L10_SV03,negative,False,848,10,27,12,12,0,9,0.308
UWS,L10_SV03,positive,True,848,10,5,0,1,3,2,0.000
UWS,L10_SV04,negative,True,1387,10,6,6,0,0,0,0.500
UWS,L10_SV04,positive,False,1387,10,1,0,28,0,0,0.000
UWS,L10_SV05,negative,False,1376,10,3,0,29,0,0,0.000
UWS,L10_SV05,positive,True,1376,10,62,2,0,0,0,0.031
UWS,L10_SV06,negative,True,1335,10,24,0,32,0,1,0.000
UWS,L10_SV06,positive,False,1335,10,30,0,11,0,8,0.000
UWS,L10_SV07,negative,False,1135,10,39,0,1,0,6,0.000
UWS,L10_SV07,positive,True,1135,10,1,0,0,2,6,0.000
UWS,L10_SV08,negative,True,1353,10,27,5,2,0,8,0.156
UWS,L10_SV08,positive,False,1353,10,5,7,2,0,4,0.583
UWS,L10_SV09,negative,False,866,10,5,18,26,0,2,0.783
UWS,L10_SV09,positive,True,866,10,14,0,3,2,3,0.000
UWS,L10_SV10,negative,False,1455,10,0,0,0,0,1,
UWS,L10_SV10,positive,True,1455,10,23,5,32,1,1,0.179
UWS,L10_SV11,negative,True,544,10,7,11,41,0,1,0.611
UWS,L10_SV11,positive,False,544,10,51,0,1,0,4,0.000
UWS,L10_SV12,negative,False,1092,10,41,1,20,0,0,0.024
UWS,L10_SV12,positive,True,1092,10,5,0,0,2,4,0.000
UWS,L10_SV13,negative,True,673,10,42,4,10,0,2,0.087
UWS,L10_SV13,positive,False,673,10,51,1,0,0,3,0.019
UWS,L10_SV14,negative,False,833,10,1,13,49,0,0,0.929
UWS,L10_SV14,positive,True,833,10,48,1,0,0,10,0.020
UWS,L10_SV15,negative,True,830,10,16,9,2,0,6,0.360
UWS,L10_SV15,positive,False,830,10,0,0,64,0,0,
UWS,L10_SV16,negative,False,1157,10,3,0,45,0,2,0.000
UWS,L10_SV16,positive,True,1157,10,44,0,3,0,7,0.000
UWS,L10_SV17,negative,True,840,10,20,3,7,0,9,0.130
UWS,L10_SV17,positive,False,840,10,35,1,4,0,3,0.028
UWS,L10_SV18,negative,True,403,10,3,10,3,1,3,0.769
UWS,L10_SV18,positive,False,403,10,62,0,0,0,1,0.000
UWS,L10_SV19,negative,False,412,10,53,3,6,0,1,0.054
UWS,L10_SV19,positive,True,412,10,15,2,0,0,4,0.118
UWS,L10_SV20,negative,False,1349,10,48,0,1,0,7,0.000
UWS,L10_SV20,positive,True,1349,10,7,5,49,0,0,0.417
UWS,L10_SV21,negative,False,991,10,20,16,16,0,6,0.444
UWS,L10_SV21,positive,True,991,10,20,2,33,0,1,0.091
UWS,L10_SV22,negative,False,1235,10,47,2,7,0,4,0.041
UWS,L10_SV22,positive,True,1235,10,21,10,12,0,2,0.323
UWS,L10_SV23,negative,False,1253,10,1,12,50,0,0,0.923
UWS,L10_SV23,positive,True,1253,10,54,0,0,0,3,0.000
UWS,L10_SV24,negative,False,1414,10,9,39,6,0,1,0.812
UWS,L10_SV24,positive,True,1414,10,18,3,11,0,17,0.143
UWS,L10_SV25,negative,False,926,10,1,6,3,0,4,0.857
UWS,L10_SV25,positive,True,926,10,41,2,0,0,4,0.047
UWS,L10_SV26,negative,True,499,10,38,0,0,0,22,0.000
UWS,L10_SV26,positive,False,499,10,1,0,22,0,0,0.000
UWS,L10_SV27,negative,True,737,10,33,1,0,0,4,0.029
UWS,L10_SV27,positive,False,737,10,51,3,1,0,3,0.056
UWS,L10_SV28,negative,False,715,10,35,19,0,0,3,0.352
UWS,L10_SV28,positive,True,715,10,19,17,7,1,6,0.472
UWS,L10_SV29,negative,False,409,10,37,0,7,0,10,0.000
UWS,L10_SV29,positive,True,409,10,22,26,7,0,3,0.542
UWS,L10_SV30,negative,False,654,10,22,0,7,0,2,0.000
UWS,L10_SV30,positive,True,654,10,41,5,3,0,6,0.109
UWS,L10_SV31,negative,False,624,10,40,4,16,0,1,0.091
UWS,L10_SV31,positive,True,624,10,59,0,1,0,3,0.000
UWS,L10_SV32,negative,False,676,10,27,11,15,0,5,0.289
UWS,L10_SV32,positive,True,676,10,16,1,2,1,8,0.059
UWS,L10_SV33,negative,False,1029,10,2,5,10,0,0,0.714
UWS,L10_SV33,positive,True,1029,10,33,13,0,0,8,0.283
UWS,L10_SV34,negative,False,1406,10,29,0,2,0,13,0.000
UWS,L10_SV34,positive,True,1406,10,2,0,53,0,4,0.000
UWS,L10_SV35,negative,True,938,10,25,6,14,0,6,0.194
UWS,L10_SV35,positive,False,938,10,11,0,47,0,0,0.000
UWS,L10_SV36,negative,True,760,10,42,9,6,0,5,0.176
UWS,L10_SV36,positive,False,760,10,34,0,5,0,4,0.000
UWS,L10_SV37,negative,False,933,10,49,0,3,0,3,0.000
UWS,L10_SV37,positive,True,933,10,11,3,13,0,7,0.214
UWS,L10_SV38,negative,True,1085,10,15,5,32,0,11,0.250
UWS,L10_SV38,positive,False,1085,10,28,2,1,0,0,0.067
UWS,L10_SV39,negative,True,181,10,29,0,3,1,13,0.000
UWS,L10_SV39,positive,False,181,10,22,24,3,0,1,0.522
UWS,L10_SV40,negative,False,1009,10,2,0,54,0,4,0.000
UWS,L10_SV40,positive,True,1009,10,10,47,0,0,5,0.825
UWS,L10_SV41,negative,False,678,10,37,12,7,0,4,0.245
UWS,L10_SV41,positive,True,678,10,6,0,4,0,2,0.000
UWS,L10_SV42,negative,True,1016,10,2,0,2,0,0,0.000
UWS,L10_SV42,positive,False,1016,10,8,26,4,0,6,0.765
UWS,L10_SV43,negative,False,549,10,25,6,3,0,6,0.194
UWS,L10_SV43,positive,True,549,10,10,26,10,0,9,0.722
UWS,L10_SV44,negative,False,338,10,19,6,13,0,6,0.240
UWS,L10_SV44,positive,True,338,10,25,16,12,0,5,0.390
UWS,L10_SV45,negative,False,119,10,37,11,2,0,10,0.229
UWS,L10_SV45,positive,True,119,10,59,0,1,0,0,0.000
UWS,L10_SV46,negative,False,407,10,10,33,9,0,4,0.767
UWS,L10_SV46,positive,True,407,10,54,0,0,0,8,0.000
UWS,L10_SV47,negative,True,1046,10,44,0,3,1,8,0.000
UWS,L10_SV47,positive,False,1046,10,6,0,4,0,5,0.000
UWS,L10_SV48,negative,False,512,10,17,1,29,2,4,0.056
UWS,L10_SV48,positive,True,512,10,39,13,1,0,3,0.250
UWS,L10_SV49,negative,True,134,10,23,9,0,0,21,0.281
UWS,L10_SV49,positive,False,134,10,27,1,21,0,5,0.036
UWS,L10_SV50,negative,False,564,10,32,8,5,0,11,0.200
UWS,L10_SV50,positive,True,564,10,12,1,33,0,11,0.077
UWS,L10_SV51,negative,False,435,10,39,5,2,0,13,0.114
UWS,L10_SV51,positive,True,435,10,3,2,59,0,0,0.400
UWS,L10_SV52,negative,True,296,10,26,2,7,0,11,0.071
UWS,L10_SV52,positive,False,296,10,34,2,3,0,9,0.056
UWS,L10_SV53,negative,False,693,10,30,5,10,0,6,0.143
UWS,L10_SV53,positive,True,693,10,26,11,1,0,17,0.297
UWS,L10_SV54,negative,True,302,10,23,8,1,0,10,0.258
UWS,L10_SV54,positive,False,302,10,18,1,24,0,7,0.053
UWS,L10_SV55,negative,True,1003,10,24,21,4,0,11,0.467
UWS,L10_SV55,positive,False,1003,10,2,0,1,0,0,0.000
UWS,L10_SV56,negative,True,699,10,32,4,6,3,9,0.111
UWS,L10_SV56,positive,False,699,10,6,4,36,0,7,0.400
UWS,L10_SV57,negative,True,811,10,1,10,2,0,3,0.909
UWS,L10_SV57,positive,False,811,10,47,1,12,0,2,0.021
UWS,L10_SV58,negative,True,853,10,28,1,6,0,5,0.034
UWS,L10_SV58,positive,False,853,10,11,21,4,0,7,0.656
UWS,L10_SV59,negative,True,459,10,30,5,1,0,18,0.143
UWS,L10_SV59,positive,False,459,10,10,11,22,0,7,0.524
UWS,L10_SV60,negative,True,535,10,19,11,9,0,9,0.367
UWS,L10_SV60,positive,False,535,10,42,2,3,0,10,0.045
UWS,L10_SV61,negative,True,210,10,18,0,7,0,6,0.000
UWS,L10_SV61,positive,False,210,10,35,1,11,1,11,0.028
UWS,L10_SV62,negative,True,427,10,22,3,12,0,7,0.120
UWS,L10_SV62,positive,False,427,10,22,6,8,0,7,0.214
UWS,L10_SV63,negative,False,504,10,19,0,11,0,6,0.000
UWS,L10_SV63,positive,True,504,10,31,1,15,0,15,0.031
UWS,L10_SV64,negative,True,517,10,15,14,14,0,16,0.483
UWS,L10_SV64,positive,False,517,10,6,0,4,1,7,0.000
UWS,L11_SV01,negative,True,44,11,3,4,52,0,0,0.571
UWS,L11_SV01,positive,False,44,11,4,0,28,0,3,0.000
UWS,L11_SV02,negative,True,1137,11,40,1,2,0,16,0.024
UWS,L11_SV02,positive,False,1137,11,3,5,17,0,0,0.625
UWS,L11_SV03,negative,False,639,11,26,18,17,0,1,0.409
UWS,L11_SV03,positive,True,639,11,2,0,1,3,2,0.000
UWS,L11_SV04,negative,True,1391,11,5,12,0,0,2,0.706
UWS,L11_SV04,positive,False,1391,11,2,0,19,0,0,0.000
UWS,L11_SV05,negative,True,1368,11,62,2,0,0,0,0.031
UWS,L11_SV05,positive,False,1368,11,4,0,30,0,0,0.000
UWS,L11_SV06,negative,True,1389,11,27,0,32,0,0,0.000
UWS,L11_SV06,positive,False,1389,11,28,1,12,0,6,0.034
UWS,L11_SV07,negative,False,1110,11,45,1,1,0,4,0.022
UWS,L11_SV07,positive,True,1110,11,1,0,0,2,7,0.000
UWS,L11_SV08,negative,True,1281,11,30,2,2,0,8,0.062
UWS,L11_SV08,positive,False,1281,11,3,6,5,0,2,0.667
UWS,L11_SV09,negative,False,865,11,4,20,24,0,2,0.833
UWS,L11_SV09,positive,True,865,11,12,0,6,2,2,0.000
UWS,L11_SV10,negative,True,1456,11,0,0,1,0,1,
UWS,L11_SV10,positive,False,1456,11,24,4,33,1,1,0.143
UWS,L11_SV11,negative,True,647,11,10,10,38,0,1,0.500
UWS,L11_SV11,positive,False,647,11,54,0,1,0,3,0.000
UWS,L11_SV12,negative,False,1124,11,42,2,18,0,0,0.045
UWS,L11_SV12,positive,True,1124,11,5,1,0,1,6,0.167
UWS,L11_SV13,negative,False,734,11,41,4,9,0,2,0.089
UWS,L11_SV13,positive,True,734,11,50,1,0,0,3,0.020
UWS,L11_SV14,negative,False,820,11,1,10,48,0,0,0.909
UWS,L11_SV14,positive,True,820,11,46,1,0,0,11,0.021
UWS,L11_SV15,negative,False,814,11,5,0,57,0,0,0.000
UWS,L11_SV15,positive,True,814,11,20,7,1,0,4,0.259
UWS,L11_SV16,negative,False,1155,11,0,0,55,0,2,
UWS,L11_SV16,positive,True,1155,11,35,0,12,0,7,0.000
UWS,L11_SV17,negative,True,643,11,26,3,7,0,6,0.103
UWS,L11_SV17,positive,False,643,11,23,1,4,0,4,0.042
UWS,L11_SV18,negative,True,411,11,3,9,2,1,3,0.750
UWS,L11_SV18,positive,False,411,11,61,0,2,0,0,0.000
UWS,L11_SV19,negative,False,330,11,56,3,4,0,0,0.051
UWS,L11_SV19,positive,True,330,11,7,4,0,0,2,0.364
UWS,L11_SV20,negative,True,1278,11,6,7,48,0,0,0.538
UWS,L11_SV20,positive,False,1278,11,49,0,1,0,8,0.000
UWS,L11_SV21,negative,False,1035,11,40,15,1,0,5,0.273
UWS,L11_SV21,positive,True,1035,11,21,2,29,0,2,0.087
UWS,L11_SV22,negative,False,1195,11,51,2,5,0,3,0.038
UWS,L11_SV22,positive,True,1195,11,24,8,7,0,2,0.250
UWS,L11_SV23,negative,False,1374,11,0,0,61,0,0,
UWS,L11_SV23,positive,True,1374,11,41,0,1,0,8,0.000
UWS,L11_SV24,negative,True,1379,11,5,42,3,0,0,0.894
UWS,L11_SV24,positive,False,1379,11,32,2,17,0,6,0.059
UWS,L11_SV25,negative,False,714,11,3,2,21,0,1,0.400
UWS,L11_SV25,positive,True,714,11,42,3,0,0,2,0.067
UWS,L11_SV26,negative,True,485,11,43,0,0,0,17,0.000
UWS,L11_SV26,positive,False,485,11,5,1,30,0,0,0.167
UWS,L11_SV27,negative,True,703,11,35,13,1,0,3,0.271
UWS,L11_SV27,positive,False,703,11,32,2,4,0,7,0.059
UWS,L11_SV28,negative,False,286,11,38,10,0,0,7,0.208
UWS,L11_SV28,positive,True,286,11,21,29,0,0,4,0.580
UWS,L11_SV29,negative,False,345,11,13,0,3,0,5,0.000
UWS,L11_SV29,positive,True,345,11,10,42,2,0,1,0.808
UWS,L11_SV30,negative,False,137,11,40,3,14,0,3,0.070
UWS,L11_SV30,positive,True,137,11,56,0,0,0,5,0.000
UWS,L11_SV31,negative,True,927,11,25,11,8,0,7,0.306
UWS,L11_SV31,positive,False,927,11,24,2,24,0,9,0.077
UWS,L11_SV32,negative,False,730,11,12,42,0,0,4,0.778
UWS,L11_SV32,positive,True,730,11,25,0,3,1,5,0.000
UWS,L11_SV33,negative,False,1188,11,5,3,14,0,0,0.375
UWS,L11_SV33,positive,True,1188,11,25,14,1,0,8,0.359
UWS,L11_SV34,negative,False,1341,11,32,0,6,0,11,0.000
UWS,L11_SV34,positive,True,1341,11,8,3,45,0,4,0.273
UWS,L11_SV35,negative,True,491,11,37,12,9,0,2,0.245
UWS,L11_SV35,positive,False,491,11,37,0,14,0,0,0.000
UWS,L11_SV36,negative,True,744,11,29,8,5,0,7,0.216
UWS,L11_SV36,positive,False,744,11,13,0,51,0,0,0.000
UWS,L11_SV37,negative,False,935,11,49,1,1,0,2,0.020
UWS,L11_SV37,positive,True,935,11,11,4,5,0,6,0.267
UWS,L11_SV38,negative,True,1065,11,17,5,30,0,11,0.227
UWS,L11_SV38,positive,False,1065,11,25,2,2,0,0,0.074
UWS,L11_SV39,negative,True,255,11,31,0,4,1,16,0.000
UWS,L11_SV39,positive,False,255,11,21,25,1,1,1,0.543
UWS,L11_SV40,negative,False,1024,11,2,0,57,0,3,0.000
UWS,L11_SV40,positive,True,1024,11,13,46,1,0,1,0.780
UWS,L11_SV41,negative,True,399,11,52,5,2,0,1,0.088
UWS,L11_SV41,positive,False,399,11,23,1,10,0,7,0.042
UWS,L11_SV42,negative,True,1255,11,23,3,10,0,4,0.115
UWS,L11_SV42,positive,False,1255,11,6,30,3,0,3,0.833
UWS,L11_SV43,negative,True,755,11,33,3,8,0,5,0.083
UWS,L11_SV43,positive,False,755,11,23,18,7,0,5,0.439
UWS,L11_SV44,negative,False,726,11,4,5,4,0,8,0.556
UWS,L11_SV44,positive,True,726,11,32,3,14,0,6,0.086
UWS,L11_SV45,negative,False,505,11,48,1,1,0,12,0.020
UWS,L11_SV45,positive,True,505,11,41,0,8,0,3,0.000
UWS,L11_SV46,negative,False,502,11,20,34,3,0,3,0.630
UWS,L11_SV46,positive,True,502,11,50,0,0,0,8,0.000
UWS,L11_SV47,negative,True,800,11,45,0,3,1,4,0.000
UWS,L11_SV47,positive,False,800,11,3,2,4,0,0,0.400
UWS,L11_SV48,negative,True,413,11,14,11,9,0,13,0.440
UWS,L11_SV48,positive,False,413,11,17,0,24,0,9,0.000
UWS,L11_SV49,negative,False,219,11,28,0,21,0,3,0.000
UWS,L11_SV49,positive,True,219,11,24,11,1,0,17,0.314
UWS,L11_SV50,negative,False,139,11,3,0,34,0,4,0.000
UWS,L11_SV50,positive,True,139,11,52,6,0,0,4,0.103
UWS,L11_SV51,negative,False,352,11,40,2,1,0,10,0.048
UWS,L11_SV51,positive,True,352,11,5,4,54,0,1,0.444
UWS,L11_SV52,negative,True,921,11,30,0,4,0,9,0.000
UWS,L11_SV52,positive,False,921,11,44,2,6,0,7,0.043
UWS,L11_SV53,negative,False,390,11,24,1,13,0,5,0.040
UWS,L11_SV53,positive,True,390,11,30,6,2,0,18,0.167
UWS,L11_SV54,negative,False,606,11,11,9,9,0,3,0.450
UWS,L11_SV54,positive,True,606,11,10,19,20,0,5,0.655
UWS,L11_SV55,negative,True,1218,11,11,23,0,0,21,0.676
UWS,L11_SV55,positive,False,1218,11,3,0,33,0,2,0.000
UWS,L11_SV56,negative,True,685,11,8,18,3,20,4,0.692
UWS,L11_SV56,positive,False,685,11,48,4,2,0,6,0.077
UWS,L11_SV57,negative,True,645,11,7,1,2,0,3,0.125
UWS,L11_SV57,positive,False,645,11,52,0,5,0,0,0.000
UWS,L11_SV58,negative,False,1270,11,27,1,12,0,8,0.036
UWS,L11_SV58,positive,True,1270,11,12,3,13,0,4,0.200
UWS,L11_SV59,negative,True,136,11,37,4,0,0,20,0.098
UWS,L11_SV59,positive,False,136,11,15,3,25,0,3,0.167
UWS,L11_SV60,negative,True,451,11,13,16,6,0,11,0.552
UWS,L11_SV60,positive,False,451,11,42,0,0,0,16,0.000
UWS,L11_SV61,negative,True,422,11,18,0,2,0,6,0.000
UWS,L11_SV61,positive,False,422,11,37,1,13,0,8,0.026
UWS,L11_SV62,negative,False,809,11,26,1,17,0,5,0.037
UWS,L11_SV62,positive,True,809,11,24,0,25,0,8,0.000
UWS,L11_SV63,negative,False,631,11,24,9,8,0,16,0.273
UWS,L11_SV63,positive,True,631,11,11,2,19,0,12,0.154
UWS,L11_SV64,negative,False,385,11,1,49,6,0,6,0.980
UWS,L11_SV64,positive,True,385,11,24,0,0,0,10,0.000
UWS,L12_SV01,negative,True,43,12,2,4,48,0,0,0.667
UWS,L12_SV01,positive,False,43,12,2,0,32,0,2,0.000
UWS,L12_SV02,negative,True,1170,12,40,1,1,0,12,0.024
UWS,L12_SV02,positive,False,1170,12,0,5,19,0,0,1.000
UWS,L12_SV03,negative,False,1111,12,23,9,28,0,0,0.281
UWS,L12_SV03,positive,True,1111,12,1,0,0,3,1,0.000
UWS,L12_SV04,negative,False,1295,12,7,12,1,0,0,0.632
UWS,L12_SV04,positive,True,1295,12,2,0,3,0,1,0.000
UWS,L12_SV05,negative,True,1381,12,56,6,0,0,2,0.097
UWS,L12_SV05,positive,False,1381,12,3,0,41,0,0,0.000
UWS,L12_SV06,negative,True,1419,12,14,0,44,0,1,0.000
UWS,L12_SV06,positive,False,1419,12,13,3,5,0,5,0.188
UWS,L12_SV07,negative,False,1095,12,47,0,1,0,3,0.000
UWS,L12_SV07,positive,True,1095,12,1,0,2,1,8,0.000
UWS,L12_SV08,negative,False,1217,12,6,8,12,0,0,0.571
UWS,L12_SV08,positive,True,1217,12,29,2,0,0,8,0.065
UWS,L12_SV09,negative,True,856,12,12,0,3,3,2,0.000
UWS,L12_SV09,positive,False,856,12,8,20,22,0,4,0.714
UWS,L12_SV10,negative,False,1457,12,0,0,1,0,1,
UWS,L12_SV10,positive,True,1457,12,22,6,33,1,1,0.214
UWS,L12_SV11,negative,False,626,12,11,10,36,0,1,0.476
UWS,L12_SV11,positive,True,626,12,56,0,0,0,3,0.000
UWS,L12_SV12,negative,False,660,12,46,1,14,0,0,0.021
UWS,L12_SV12,positive,True,660,12,7,1,0,1,8,0.125
UWS,L12_SV13,negative,False,632,12,39,5,12,0,3,0.114
UWS,L12_SV13,positive,True,632,12,48,0,0,0,5,0.000
UWS,L12_SV14,negative,False,798,12,2,12,44,0,0,0.857
UWS,L12_SV14,positive,True,798,12,49,1,0,0,8,0.020
UWS,L12_SV15,negative,False,1015,12,7,0,54,0,1,0.000
UWS,L12_SV15,positive,True,1015,12,22,3,1,0,4,0.120
UWS,L12_SV16,negative,True,1101,12,0,0,56,0,1,
UWS,L12_SV16,positive,False,1101,12,29,0,19,0,7,0.000
UWS,L12_SV17,negative,True,377,12,30,4,4,0,2,0.118
UWS,L12_SV17,positive,False,377,12,16,3,11,0,3,0.158
UWS,L12_SV18,negative,True,575,12,4,12,3,1,5,0.750
UWS,L12_SV18,positive,False,575,12,53,0,10,0,0,0.000
UWS,L12_SV19,negative,False,353,12,51,2,10,0,0,0.038
UWS,L12_SV19,positive,True,353,12,6,4,0,0,2,0.400
UWS,L12_SV20,negative,True,1208,12,6,12,42,0,0,0.667
UWS,L12_SV20,positive,False,1208,12,50,0,0,0,8,0.000
UWS,L12_SV21,negative,False,1120,12,43,14,1,0,4,0.246
UWS,L12_SV21,positive,True,1120,12,22,2,26,0,3,0.083
UWS,L12_SV22,negative,False,1257,12,47,3,9,0,3,0.060
UWS,L12_SV22,positive,True,1257,12,25,10,8,0,2,0.286
UWS,L12_SV23,negative,False,1420,12,3,1,57,0,0,0.250
UWS,L12_SV23,positive,True,1420,12,37,0,0,0,11,0.000
UWS,L12_SV24,negative,True,1346,12,8,32,5,0,0,0.800
UWS,L12_SV24,positive,False,1346,12,32,2,14,0,8,0.059
UWS,L12_SV25,negative,False,923,12,2,0,34,0,1,0.000
UWS,L12_SV25,positive,True,923,12,46,2,0,0,1,0.042
UWS,L12_SV26,negative,True,477,12,44,0,0,1,17,0.000
UWS,L12_SV26,positive,False,477,12,9,1,27,0,3,0.100
UWS,L12_SV27,negative,True,294,12,32,19,2,0,2,0.373
UWS,L12_SV27,positive,False,294,12,18,1,11,0,5,0.053
UWS,L12_SV28,negative,False,292,12,37,1,7,0,8,0.026
UWS,L12_SV28,positive,True,292,12,24,32,0,0,4,0.571
UWS,L12_SV29,negative,False,334,12,9,0,5,0,4,0.000
UWS,L12_SV29,positive,True,334,12,11,40,1,0,3,0.784
UWS,L12_SV30,negative,False,304,12,21,8,28,0,2,0.276
UWS,L12_SV30,positive,True,304,12,54,1,0,0,5,0.018
UWS,L12_SV31,negative,True,1038,12,17,2,6,1,10,0.105
UWS,L12_SV31,positive,False,1038,12,34,6,12,0,7,0.150
UWS,L12_SV32,negative,False,747,12,8,24,21,0,7,0.750
UWS,L12_SV32,positive,True,747,12,49,0,2,0,0,0.000
UWS,L12_SV33,negative,False,1340,12,4,0,5,0,0,0.000
UWS,L12_SV33,positive,True,1340,12,31,5,5,0,6,0.139
UWS,L12_SV34,negative,False,1397,12,31,0,6,0,14,0.000
UWS,L12_SV34,positive,True,1397,12,9,3,42,0,5,0.250
UWS,L12_SV35,negative,True,846,12,38,14,4,0,7,0.269
UWS,L12_SV35,positive,False,846,12,25,2,3,1,6,0.074
UWS,L12_SV36,negative,False,1112,12,17,0,38,0,0,0.000
UWS,L12_SV36,positive,True,1112,12,26,4,19,0,2,0.133
UWS,L12_SV37,negative,False,956,12,45,1,4,1,4,0.022
UWS,L12_SV37,positive,True,956,12,14,2,5,0,8,0.125
UWS,L12_SV38,negative,True,1020,12,24,1,19,0,20,0.040
UWS,L12_SV38,positive,False,1020,12,25,2,3,0,3,0.074
UWS,L12_SV39,negative,False,239,12,33,0,7,1,16,0.000
UWS,L12_SV39,positive,True,239,12,26,24,0,1,1,0.480
UWS,L12_SV40,negative,True,1066,12,20,36,1,0,3,0.643
UWS,L12_SV40,positive,False,1066,12,4,0,56,0,1,0.000
UWS,L12_SV41,negative,True,419,12,48,8,2,0,1,0.143
UWS,L12_SV41,positive,False,419,12,26,1,17,0,4,0.037
UWS,L12_SV42,negative,True,1114,12,31,2,11,0,4,0.061
UWS,L12_SV42,positive,False,1114,12,10,29,4,0,5,0.744
UWS,L12_SV43,negative,True,481,12,36,9,6,0,3,0.200
UWS,L12_SV43,positive,False,481,12,30,10,14,0,3,0.250
UWS,L12_SV44,negative,False,649,12,32,0,10,4,6,0.000
UWS,L12_SV44,positive,True,649,12,7,2,7,0,10,0.222
UWS,L12_SV45,negative,True,488,12,47,0,0,0,14,0.000
UWS,L12_SV45,positive,False,488,12,43,0,5,0,3,0.000
UWS,L12_SV46,negative,False,789,12,11,35,7,1,3,0.761
UWS,L12_SV46,positive,True,789,12,44,0,0,0,11,0.000
UWS,L12_SV47,negative,True,786,12,48,0,1,0,9,0.000
UWS,L12_SV47,positive,False,786,12,5,5,5,0,0,0.500
UWS,L12_SV48,negative,True,414,12,19,9,11,0,8,0.321
UWS,L12_SV48,positive,False,414,12,21,0,20,0,7,0.000
UWS,L12_SV49,negative,False,336,12,35,0,19,0,2,0.000
UWS,L12_SV49,positive,True,336,12,13,22,3,0,20,0.629
UWS,L12_SV50,negative,False,90,12,6,0,27,0,5,0.000
UWS,L12_SV50,positive,True,90,12,49,9,0,0,5,0.155
UWS,L12_SV51,negative,True,736,12,17,2,44,1,0,0.105
UWS,L12_SV51,positive,False,736,12,43,0,2,0,5,0.000
UWS,L12_SV52,negative,False,1036,12,23,0,9,0,11,0.000
UWS,L12_SV52,positive,True,1036,12,36,3,8,0,8,0.077
UWS,L12_SV53,negative,True,473,12,28,6,0,0,16,0.176
UWS,L12_SV53,positive,False,473,12,27,0,17,0,8,0.000
UWS,L12_SV54,negative,False,961,12,11,7,12,0,7,0.389
UWS,L12_SV54,positive,True,961,12,6,20,21,0,5,0.769
UWS,L12_SV55,negative,True,1207,12,16,24,1,0,17,0.600
UWS,L12_SV55,positive,False,1207,12,0,0,56,0,0,
UWS,L12_SV56,negative,True,577,12,41,8,0,0,4,0.163
UWS,L12_SV56,positive,False,577,12,6,24,6,11,1,0.800
UWS,L12_SV57,negative,True,444,12,1,0,2,0,0,0.000
UWS,L12_SV57,positive,False,444,12,56,1,2,0,0,0.018
UWS,L12_SV58,negative,False,1330,12,16,6,13,0,5,0.273
UWS,L12_SV58,positive,True,1330,12,21,0,17,0,5,0.000
UWS,L12_SV59,negative,True,169,12,42,2,0,0,17,0.045
UWS,L12_SV59,positive,False,169,12,21,0,12,0,6,0.000
UWS,L12_SV60,negative,False,672,12,44,1,0,0,4,0.022
UWS,L12_SV60,positive,True,672,12,11,12,9,0,17,0.522
UWS,L12_SV61,negative,True,351,12,14,1,7,0,12,0.067
UWS,L12_SV61,positive,False,351,12,45,1,6,0,9,0.022
UWS,L12_SV62,negative,True,795,12,34,1,24,0,3,0.029
UWS,L12_SV62,positive,False,795,12,25,0,12,2,8,0.000
UWS,L12_SV63,negative,False,1041,12,21,13,7,0,6,0.382
UWS,L12_SV63,positive,True,1041,12,33,1,4,0,15,0.029
UWS,L12_SV64,negative,False,217,12,5,25,22,0,6,0.833
UWS,L12_SV64,positive,True,217,12,23,0,2,1,16,0.000
UWS,L13_SV01,negative,False,71,13,6,0,10,0,3,0.000
UWS,L13_SV01,positive,True,71,13,3,4,46,0,0,0.571
UWS,L13_SV02,negative,True,1205,13,44,5,0,0,14,0.102
UWS,L13_SV02,positive,False,1205,13,0,1,7,0,0,1.000
UWS,L13_SV03,negative,True,1064,13,5,1,1,2,4,0.167
UWS,L13_SV03,positive,False,1064,13,1,0,43,0,0,0.000
UWS,L13_SV04,negative,False,1315,13,15,4,27,0,1,0.211
UWS,L13_SV04,positive,True,1315,13,4,1,3,1,3,0.200
UWS,L13_SV05,negative,False,1413,13,14,0,28,0,0,0.000
UWS,L13_SV05,positive,True,1413,13,46,7,6,0,4,0.132
UWS,L13_SV06,negative,False,1369,13,10,5,49,0,0,0.333
UWS,L13_SV06,positive,True,1369,13,4,2,11,2,2,0.333
UWS,L13_SV07,negative,False,1049,13,35,0,2,0,4,0.000
UWS,L13_SV07,positive,True,1049,13,1,0,1,1,4,0.000
UWS,L13_SV08,negative,False,1352,13,0,6,11,0,0,1.000
UWS,L13_SV08,positive,True,1352,13,31,0,1,0,6,0.000
UWS,L13_SV09,negative,True,855,13,15,0,3,4,4,0.000
UWS,L13_SV09,positive,False,855,13,5,19,18,0,1,0.792
UWS,L13_SV10,negative,True,1443,13,0,0,1,1,1,
UWS,L13_SV10,positive,False,1443,13,21,14,27,0,2,0.400
UWS,L13_SV11,negative,False,636,13,14,10,32,0,2,0.417
UWS,L13_SV11,positive,True,636,13,54,0,2,0,4,0.000
UWS,L13_SV12,negative,False,659,13,37,1,23,0,0,0.026
UWS,L13_SV12,positive,True,659,13,6,1,0,1,6,0.143
UWS,L13_SV13,negative,False,857,13,41,4,12,0,2,0.089
UWS,L13_SV13,positive,True,857,13,27,0,0,0,4,0.000
UWS,L13_SV14,negative,False,628,13,2,20,30,0,0,0.909
UWS,L13_SV14,positive,True,628,13,48,0,0,0,11,0.000
UWS,L13_SV15,negative,False,954,13,17,0,45,0,0,0.000
UWS,L13_SV15,positive,True,954,13,24,2,0,0,3,0.077
UWS,L13_SV16,negative,True,1068,13,0,0,63,0,0,
UWS,L13_SV16,positive,False,1068,13,20,0,37,0,2,0.000
UWS,L13_SV17,negative,True,383,13,36,3,3,0,2,0.077
UWS,L13_SV17,positive,False,383,13,4,2,40,0,2,0.333
UWS,L13_SV18,negative,True,707,13,5,13,2,1,8,0.722
UWS,L13_SV18,positive,False,707,13,45,0,18,0,0,0.000
UWS,L13_SV19,negative,False,362,13,44,2,17,0,0,0.043
UWS,L13_SV19,positive,True,362,13,5,3,0,0,1,0.375
UWS,L13_SV20,negative,True,1272,13,9,13,35,0,0,0.591
UWS,L13_SV20,positive,False,1272,13,47,0,0,0,7,0.000
UWS,L13_SV21,negative,True,1176,13,25,1,12,0,5,0.038
UWS,L13_SV21,positive,False,1176,13,51,12,0,0,0,0.190
UWS,L13_SV22,negative,False,1164,13,51,0,9,0,3,0.000
UWS,L13_SV22,positive,True,1164,13,27,7,3,0,2,0.206
UWS,L13_SV23,negative,False,1422,13,1,1,59,0,0,0.500
UWS,L13_SV23,positive,True,1422,13,38,0,0,0,7,0.000
UWS,L13_SV24,negative,True,1338,13,6,29,4,0,0,0.829
UWS,L13_SV24,positive,False,1338,13,35,1,9,0,10,0.028
UWS,L13_SV25,negative,False,939,13,1,0,50,0,0,0.000
UWS,L13_SV25,positive,True,939,13,44,1,0,0,2,0.022
UWS,L13_SV26,negative,False,367,13,11,2,19,0,1,0.154
UWS,L13_SV26,positive,True,367,13,43,0,0,0,20,0.000
UWS,L13_SV27,negative,False,536,13,42,14,1,0,2,0.250
UWS,L13_SV27,positive,True,536,13,10,9,26,0,4,0.474
UWS,L13_SV28,negative,True,835,13,26,0,16,0,8,0.000
UWS,L13_SV28,positive,False,835,13,19,10,9,0,14,0.345
UWS,L13_SV29,negative,False,224,13,6,0,6,0,2,0.000
UWS,L13_SV29,positive,True,224,13,17,30,0,0,8,0.638
UWS,L13_SV30,negative,False,434,13,14,5,33,0,3,0.263
UWS,L13_SV30,positive,True,434,13,52,1,0,0,7,0.019
UWS,L13_SV31,negative,True,1143,13,16,1,2,1,11,0.059
UWS,L13_SV31,positive,False,1143,13,41,5,7,0,2,0.109
UWS,L13_SV32,negative,False,1294,13,4,2,29,0,0,0.333
UWS,L13_SV32,positive,True,1294,13,32,10,4,0,7,0.238
UWS,L13_SV33,negative,True,379,13,4,6,46,0,2,0.600
UWS,L13_SV33,positive,False,379,13,45,0,0,0,2,0.000
UWS,L13_SV34,negative,True,1371,13,34,0,5,0,11,0.000
UWS,L13_SV34,positive,False,1371,13,11,2,40,0,6,0.154
UWS,L13_SV35,negative,False,1042,13,38,13,5,0,4,0.255
UWS,L13_SV35,positive,True,1042,13,24,3,0,1,6,0.111
UWS,L13_SV36,negative,False,1250,13,12,3,31,0,1,0.200
UWS,L13_SV36,positive,True,1250,13,23,0,24,0,4,0.000
UWS,L13_SV37,negative,True,775,13,46,3,3,0,2,0.061
UWS,L13_SV37,positive,False,775,13,21,1,11,0,12,0.045
UWS,L13_SV38,negative,True,972,13,28,0,13,0,20,0.000
UWS,L13_SV38,positive,False,972,13,22,7,1,0,2,0.241
UWS,L13_SV39,negative,False,189,13,31,0,6,1,18,0.000
UWS,L13_SV39,positive,True,189,13,21,25,0,0,4,0.543
UWS,L13_SV40,negative,True,1117,13,25,28,2,0,6,0.528
UWS,L13_SV40,positive,False,1117,13,5,0,54,0,1,0.000
UWS,L13_SV41,negative,True,576,13,44,14,1,0,1,0.241
UWS,L13_SV41,positive,False,576,13,25,0,20,0,2,0.000
UWS,L13_SV42,negative,True,984,13,40,0,7,0,5,0.000
UWS,L13_SV42,positive,False,984,13,8,20,9,0,8,0.714
UWS,L13_SV43,negative,False,587,13,19,12,24,0,3,0.387
UWS,L13_SV43,positive,True,587,13,35,13,3,1,1,0.271
UWS,L13_SV44,negative,False,816,13,30,7,1,13,8,0.189
UWS,L13_SV44,positive,True,816,13,16,2,10,0,9,0.111
UWS,L13_SV45,negative,True,742,13,45,0,4,0,9,0.000
UWS,L13_SV45,positive,False,742,13,33,1,12,0,3,0.029
UWS,L13_SV46,negative,False,928,13,12,38,1,2,7,0.760
UWS,L13_SV46,positive,True,928,13,34,0,0,0,14,0.000
UWS,L13_SV47,negative,True,753,13,46,0,1,0,8,0.000
UWS,L13_SV47,positive,False,753,13,7,7,9,0,2,0.500
UWS,L13_SV48,negative,True,524,13,11,9,12,0,8,0.450
UWS,L13_SV48,positive,False,524,13,23,0,9,0,9,0.000
UWS,L13_SV49,negative,True,799,13,29,0,26,0,4,0.000
UWS,L13_SV49,positive,False,799,13,11,31,7,0,9,0.738
UWS,L13_SV50,negative,False,323,13,16,7,10,0,14,0.304
UWS,L13_SV50,positive,True,323,13,50,2,1,0,5,0.038
UWS,L13_SV51,negative,True,542,13,13,1,47,2,1,0.071
UWS,L13_SV51,positive,False,542,13,38,1,1,0,6,0.026
UWS,L13_SV52,negative,True,969,13,30,2,9,0,14,0.062
UWS,L13_SV52,positive,False,969,13,16,2,30,0,3,0.111
UWS,L13_SV53,negative,False,588,13,33,1,15,0,9,0.029
UWS,L13_SV53,positive,True,588,13,33,4,4,0,8,0.108
UWS,L13_SV54,negative,True,842,13,7,29,11,0,10,0.806
UWS,L13_SV54,positive,False,842,13,11,1,32,0,3,0.083
UWS,L13_SV55,negative,True,917,13,7,5,8,10,8,0.417
UWS,L13_SV55,positive,False,917,13,30,1,18,0,6,0.032
UWS,L13_SV56,negative,False,518,13,5,0,29,0,2,0.000
UWS,L13_SV56,positive,True,518,13,32,4,1,0,16,0.111
UWS,L13_SV57,negative,True,314,13,0,0,1,0,0,
UWS,L13_SV57,positive,False,314,13,55,2,2,0,2,0.035
UWS,L13_SV58,negative,True,1291,13,25,1,13,0,7,0.038
UWS,L13_SV58,positive,False,1291,13,16,6,11,0,10,0.273
UWS,L13_SV59,negative,True,573,13,26,0,0,0,4,0.000
UWS,L13_SV59,positive,False,573,13,7,6,11,0,12,0.462
UWS,L13_SV60,negative,False,757,13,16,1,7,0,14,0.059
UWS,L13_SV60,positive,True,757,13,44,0,5,0,13,0.000
UWS,L13_SV61,negative,False,827,13,44,1,6,0,3,0.022
UWS,L13_SV61,positive,True,827,13,31,1,13,0,8,0.031
UWS,L13_SV62,negative,False,754,13,16,0,4,0,14,0.000
UWS,L13_SV62,positive,True,754,13,41,0,13,0,5,0.000
UWS,L13_SV63,negative,False,619,13,11,24,11,0,5,0.686
UWS,L13_SV63,positive,True,619,13,20,0,2,0,16,0.000
UWS,L13_SV64,negative,True,529,13,35,0,1,1,15,0.000
UWS,L13_SV64,positive,False,529,13,15,4,17,0,15,0.211
UWS,L14_SV01,negative,False,72,14,15,0,0,0,7,0.000
UWS,L14_SV01,positive,True,72,14,6,4,31,0,0,0.400
UWS,L14_SV02,negative,True,1031,14,43,11,1,0,6,0.204
UWS,L14_SV02,positive,False,1031,14,0,0,1,0,1,
UWS,L14_SV03,negative,True,277,14,2,1,0,1,1,0.333
UWS,L14_SV03,positive,False,277,14,2,0,56,0,0,0.000
UWS,L14_SV04,negative,False,392,14,12,5,44,0,0,0.294
UWS,L14_SV04,positive,True,392,14,13,0,1,3,3,0.000
UWS,L14_SV05,negative,True,959,14,7,0,6,1,3,0.000
UWS,L14_SV05,positive,False,959,14,46,6,6,0,5,0.115
UWS,L14_SV06,negative,False,1251,14,18,1,38,0,7,0.053
UWS,L14_SV06,positive,True,1251,14,4,1,2,1,1,0.200
UWS,L14_SV07,negative,False,423,14,34,9,14,0,4,0.209
UWS,L14_SV07,positive,True,423,14,0,0,0,2,2,
UWS,L14_SV08,negative,False,1258,14,1,14,26,0,0,0.933
UWS,L14_SV08,positive,True,1258,14,33,2,1,0,3,0.057
UWS,L14_SV09,negative,True,551,14,9,0,1,4,1,0.000
UWS,L14_SV09,positive,False,551,14,9,15,22,0,3,0.625
UWS,L14_SV10,negative,True,1460,14,0,0,0,0,4,
UWS,L14_SV10,positive,False,1460,14,23,27,14,0,0,0.540
UWS,L14_SV11,negative,False,600,14,14,9,33,0,2,0.391
UWS,L14_SV11,positive,True,600,14,55,1,0,0,2,0.018
UWS,L14_SV12,negative,False,373,14,25,5,28,0,1,0.167
UWS,L14_SV12,positive,True,373,14,8,0,0,3,6,0.000
UWS,L14_SV13,negative,True,322,14,36,3,2,0,11,0.077
UWS,L14_SV13,positive,False,322,14,45,0,2,0,4,0.000
UWS,L14_SV14,negative,True,441,14,4,24,20,0,2,0.857
UWS,L14_SV14,positive,False,441,14,50,1,0,0,10,0.020
UWS,L14_SV15,negative,False,962,14,13,0,45,0,1,0.000
UWS,L14_SV15,positive,True,962,14,32,3,0,0,5,0.086
UWS,L14_SV16,negative,True,994,14,0,0,64,0,0,
UWS,L14_SV16,positive,False,994,14,26,0,24,0,6,0.000
UWS,L14_SV17,negative,True,531,14,39,3,4,0,4,0.071
UWS,L14_SV17,positive,False,531,14,4,0,39,0,3,0.000
UWS,L14_SV18,negative,True,919,14,5,12,7,1,10,0.706
UWS,L14_SV18,positive,False,919,14,22,1,40,0,0,0.043
UWS,L14_SV19,negative,False,364,14,14,1,48,0,0,0.067
UWS,L14_SV19,positive,True,364,14,4,4,0,0,2,0.500
UWS,L14_SV20,negative,False,1237,14,10,11,32,0,3,0.524
UWS,L14_SV20,positive,True,1237,14,46,0,0,0,9,0.000
UWS,L14_SV21,negative,True,1151,14,24,0,11,0,9,0.000
UWS,L14_SV21,positive,False,1151,14,42,8,1,0,5,0.160
UWS,L14_SV22,negative,False,1174,14,49,2,4,0,5,0.039
UWS,L14_SV22,positive,True,1174,14,27,4,7,0,2,0.129
UWS,L14_SV23,negative,True,1449,14,2,1,59,0,1,0.333
UWS,L14_SV23,positive,False,1449,14,46,0,0,0,10,0.000
UWS,L14_SV24,negative,True,1190,14,9,16,2,0,0,0.640
UWS,L14_SV24,positive,False,1190,14,37,1,8,0,9,0.026
UWS,L14_SV25,negative,False,942,14,0,0,23,0,0,
UWS,L14_SV25,positive,True,942,14,46,2,0,0,4,0.042
UWS,L14_SV26,negative,False,363,14,23,2,15,0,2,0.080
UWS,L14_SV26,positive,True,363,14,41,0,0,1,19,0.000
UWS,L14_SV27,negative,False,511,14,41,15,1,0,0,0.268
UWS,L14_SV27,positive,True,511,14,12,9,26,0,4,0.429
UWS,L14_SV28,negative,True,657,14,23,0,18,0,6,0.000
UWS,L14_SV28,positive,False,657,14,20,12,5,0,13,0.375
UWS,L14_SV29,negative,True,176,14,5,0,6,0,2,0.000
UWS,L14_SV29,positive,False,176,14,26,21,0,0,7,0.447
UWS,L14_SV30,negative,False,585,14,15,4,42,0,1,0.211
UWS,L14_SV30,positive,True,585,14,44,4,0,0,6,0.083
UWS,L14_SV31,negative,True,1069,14,32,5,17,1,4,0.135
UWS,L14_SV31,positive,False,1069,14,6,0,11,2,7,0.000
UWS,L14_SV32,negative,False,1222,14,5,0,38,0,0,0.000
UWS,L14_SV32,positive,True,1222,14,23,12,2,0,14,0.343
UWS,L14_SV33,negative,True,1375,14,35,0,12,0,4,0.000
UWS,L14_SV33,positive,False,1375,14,16,5,23,0,13,0.238
UWS,L14_SV34,negative,True,380,14,4,5,50,0,2,0.556
UWS,L14_SV34,positive,False,380,14,35,1,2,0,3,0.028
UWS,L14_SV35,negative,False,712,14,35,1,26,0,1,0.028
UWS,L14_SV35,positive,True,712,14,22,1,5,0,11,0.043
UWS,L14_SV36,negative,False,424,14,15,0,4,0,2,0.000
UWS,L14_SV36,positive,True,424,14,53,0,0,0,4,0.000
UWS,L14_SV37,negative,False,1243,14,11,1,17,0,1,0.083
UWS,L14_SV37,positive,True,1243,14,28,4,6,0,17,0.125
UWS,L14_SV38,negative,True,750,14,26,0,19,0,18,0.000
UWS,L14_SV38,positive,False,750,14,23,4,0,0,2,0.148
UWS,L14_SV39,negative,False,199,14,31,0,13,1,14,0.000
UWS,L14_SV39,positive,True,199,14,22,29,0,0,3,0.569
UWS,L14_SV40,negative,True,1247,14,37,15,4,0,5,0.288
UWS,L14_SV40,positive,False,1247,14,3,0,46,0,1,0.000
UWS,L14_SV41,negative,True,179,14,52,8,1,0,0,0.133
UWS,L14_SV41,positive,False,179,14,23,0,11,0,11,0.000
UWS,L14_SV42,negative,True,967,14,37,0,8,0,5,0.000
UWS,L14_SV42,positive,False,967,14,6,32,11,0,3,0.842
UWS,L14_SV43,negative,False,344,14,27,7,23,0,3,0.206
UWS,L14_SV43,positive,True,344,14,29,16,6,0,3,0.356
UWS,L14_SV44,negative,False,804,14,31,3,2,11,9,0.088
UWS,L14_SV44,positive,True,804,14,18,1,19,0,8,0.053
UWS,L14_SV45,negative,True,1005,14,48,0,5,0,7,0.000
UWS,L14_SV45,positive,False,1005,14,14,4,31,0,2,0.222
UWS,L14_SV46,negative,True,582,14,40,5,10,2,3,0.111
UWS,L14_SV46,positive,False,582,14,10,0,10,0,4,0.000
UWS,L14_SV47,negative,False,778,14,24,29,4,0,4,0.547
UWS,L14_SV47,positive,True,778,14,47,0,1,1,8,0.000
UWS,L14_SV48,negative,True,533,14,16,6,12,1,7,0.273
UWS,L14_SV48,positive,False,533,14,16,0,6,0,11,0.000
UWS,L14_SV49,negative,False,702,14,29,0,22,0,3,0.000
UWS,L14_SV49,positive,True,702,14,33,25,1,0,2,0.431
UWS,L14_SV50,negative,True,202,14,12,9,5,0,15,0.429
UWS,L14_SV50,positive,False,202,14,32,0,10,0,7,0.000
UWS,L14_SV51,negative,True,1172,14,15,0,41,5,1,0.000
UWS,L14_SV51,positive,False,1172,14,16,10,3,0,16,0.385
UWS,L14_SV52,negative,True,674,14,26,3,14,0,7,0.103
UWS,L14_SV52,positive,False,674,14,23,5,15,0,13,0.179
UWS,L14_SV53,negative,True,500,14,38,0,7,0,13,0.000
UWS,L14_SV53,positive,False,500,14,17,1,18,0,7,0.056
UWS,L14_SV54,negative,True,834,14,14,9,4,6,0,0.391
UWS,L14_SV54,positive,False,834,14,51,2,1,0,7,0.038
UWS,L14_SV55,negative,False,1252,14,5,0,40,0,4,0.000
UWS,L14_SV55,positive,True,1252,14,18,33,2,0,8,0.647
UWS,L14_SV56,negative,True,812,14,25,0,0,0,19,0.000
UWS,L14_SV56,positive,False,812,14,1,0,12,0,1,0.000
UWS,L14_SV57,negative,True,664,14,6,3,2,0,2,0.333
UWS,L14_SV57,positive,False,664,14,51,1,7,0,3,0.019
UWS,L14_SV58,negative,False,1275,14,23,7,14,0,5,0.233
UWS,L14_SV58,positive,True,1275,14,12,0,20,0,1,0.000
UWS,L14_SV59,negative,True,184,14,7,0,0,0,2,0.000
UWS,L14_SV59,positive,False,184,14,36,0,7,0,15,0.000
UWS,L14_SV60,negative,True,993,14,45,1,1,0,3,0.022
UWS,L14_SV60,positive,False,993,14,15,2,14,0,12,0.118
UWS,L14_SV61,negative,False,731,14,22,22,3,0,10,0.500
UWS,L14_SV61,positive,True,731,14,19,0,14,0,15,0.000
UWS,L14_SV62,negative,True,449,14,45,4,7,0,3,0.082
UWS,L14_SV62,positive,False,449,14,46,0,4,0,7,0.000
UWS,L14_SV63,negative,False,340,14,30,12,7,0,11,0.286
UWS,L14_SV63,positive,True,340,14,11,2,1,0,14,0.154
UWS,L14_SV64,negative,True,448,14,23,1,24,0,6,0.042
UWS,L14_SV64,positive,False,448,14,17,0,5,0,10,0.000
UWS,L15_SV01,negative,False,62,15,14,0,1,0,11,0.000
UWS,L15_SV01,positive,True,62,15,2,2,33,0,0,0.500
UWS,L15_SV02,negative,True,470,15,35,17,1,0,8,0.327
UWS,L15_SV02,positive,False,470,15,1,0,1,0,0,0.000
UWS,L15_SV03,negative,True,368,15,2,0,0,0,0,0.000
UWS,L15_SV03,positive,False,368,15,0,0,44,0,0,
UWS,L15_SV04,negative,False,135,15,0,0,25,0,0,
UWS,L15_SV04,positive,True,135,15,42,3,2,0,9,0.067
UWS,L15_SV05,negative,True,245,15,25,1,22,0,0,0.038
UWS,L15_SV05,positive,False,245,15,8,3,27,0,2,0.273
UWS,L15_SV06,negative,False,1022,15,9,0,53,0,1,0.000
UWS,L15_SV06,positive,True,1022,15,2,1,0,0,1,0.333
UWS,L15_SV07,negative,False,123,15,33,9,12,0,5,0.214
UWS,L15_SV07,positive,True,123,15,4,1,6,2,3,0.200
UWS,L15_SV08,negative,True,1044,15,21,1,1,2,2,0.045
UWS,L15_SV08,positive,False,1044,15,1,0,9,0,0,0.000
UWS,L15_SV09,negative,False,765,15,5,0,2,1,0,0.000
UWS,L15_SV09,positive,True,765,15,18,3,8,0,9,0.143
UWS,L15_SV10,negative,False,1426,15,14,33,16,0,1,0.702
UWS,L15_SV10,positive,True,1426,15,3,0,0,1,9,0.000
UWS,L15_SV11,negative,False,532,15,11,6,43,0,0,0.353
UWS,L15_SV11,positive,True,532,15,42,1,6,0,5,0.023
UWS,L15_SV12,negative,True,680,15,5,4,2,1,4,0.444
UWS,L15_SV12,positive,False,680,15,29,1,23,1,4,0.033
UWS,L15_SV13,negative,True,594,15,47,3,3,0,9,0.060
UWS,L15_SV13,positive,False,594,15,38,1,0,1,6,0.026
UWS,L15_SV14,negative,True,285,15,6,18,21,0,1,0.750
UWS,L15_SV14,positive,False,285,15,42,4,2,0,7,0.087
UWS,L15_SV15,negative,True,1372,15,28,3,0,0,15,0.097
UWS,L15_SV15,positive,False,1372,15,2,0,59,0,1,0.000
UWS,L15_SV16,negative,True,1061,15,0,0,62,0,1,
UWS,L15_SV16,positive,False,1061,15,44,0,3,0,9,0.000
UWS,L15_SV17,negative,True,1249,15,7,3,23,0,4,0.300
UWS,L15_SV17,positive,False,1249,15,41,5,4,0,7,0.109
UWS,L15_SV18,negative,False,837,15,5,16,11,1,10,0.762
UWS,L15_SV18,positive,True,837,15,12,1,48,0,0,0.077
UWS,L15_SV19,negative,False,652,15,8,1,49,0,2,0.111
UWS,L15_SV19,positive,True,652,15,12,3,0,0,8,0.200
UWS,L15_SV20,negative,False,1186,15,12,16,22,0,4,0.571
UWS,L15_SV20,positive,True,1186,15,49,0,0,0,6,0.000
UWS,L15_SV21,negative,True,1273,15,18,0,6,0,15,0.000
UWS,L15_SV21,positive,False,1273,15,47,3,1,0,1,0.060
UWS,L15_SV22,negative,False,1312,15,45,1,6,0,6,0.022
UWS,L15_SV22,positive,True,1312,15,21,10,11,0,2,0.323
UWS,L15_SV23,negative,True,1410,15,0,4,59,0,1,1.000
UWS,L15_SV23,positive,False,1410,15,43,0,0,0,18,0.000
UWS,L15_SV24,negative,False,859,15,22,5,24,0,7,0.185
UWS,L15_SV24,positive,True,859,15,18,5,3,0,1,0.217
UWS,L15_SV25,negative,False,1053,15,0,0,8,0,0,
UWS,L15_SV25,positive,True,1053,15,45,1,0,0,11,0.022
UWS,L15_SV26,negative,False,849,15,44,2,1,1,9,0.043
UWS,L15_SV26,positive,True,849,15,43,3,5,0,0,0.065
UWS,L15_SV27,negative,False,614,15,45,13,0,0,2,0.224
UWS,L15_SV27,positive,True,614,15,15,7,30,0,2,0.318
UWS,L15_SV28,negative,True,515,15,17,0,23,0,5,0.000
UWS,L15_SV28,positive,False,515,15,30,7,9,0,4,0.189
UWS,L15_SV29,negative,True,497,15,6,1,8,1,3,0.143
UWS,L15_SV29,positive,False,497,15,23,19,11,0,4,0.452
UWS,L15_SV30,negative,True,745,15,46,1,6,0,11,0.021
UWS,L15_SV30,positive,False,745,15,8,2,32,0,3,0.200
UWS,L15_SV31,negative,False,873,15,26,1,0,0,6,0.037
UWS,L15_SV31,positive,True,873,15,4,24,34,0,0,0.857
UWS,L15_SV32,negative,False,1192,15,10,5,21,0,3,0.333
UWS,L15_SV32,positive,True,1192,15,34,8,14,0,4,0.190
UWS,L15_SV33,negative,True,861,15,29,1,9,0,10,0.033
UWS,L15_SV33,positive,False,861,15,10,2,29,0,14,0.167
UWS,L15_SV34,negative,False,852,15,26,5,6,0,9,0.161
UWS,L15_SV34,positive,True,852,15,43,1,16,0,1,0.023
UWS,L15_SV35,negative,False,1062,15,26,0,3,0,3,0.000
UWS,L15_SV35,positive,True,1062,15,12,2,34,0,10,0.143
UWS,L15_SV36,negative,False,727,15,17,3,5,0,4,0.150
UWS,L15_SV36,positive,True,727,15,40,4,1,2,5,0.091
UWS,L15_SV37,negative,True,648,15,23,3,28,0,5,0.115
UWS,L15_SV37,positive,False,648,15,29,4,6,0,2,0.121
UWS,L15_SV38,negative,False,877,15,33,0,10,0,14,0.000
UWS,L15_SV38,positive,True,877,15,15,1,21,0,0,0.062
UWS,L15_SV39,negative,False,168,15,17,0,31,2,8,0.000
UWS,L15_SV39,positive,True,168,15,15,34,0,0,3,0.694
UWS,L15_SV40,negative,True,1388,15,36,9,3,0,12,0.200
UWS,L15_SV40,positive,False,1388,15,2,0,48,0,0,0.000
UWS,L15_SV41,negative,True,264,15,54,4,3,0,0,0.069
UWS,L15_SV41,positive,False,264,15,26,0,7,0,7,0.000
UWS,L15_SV42,negative,True,1162,15,33,2,21,0,7,0.057
UWS,L15_SV42,positive,False,1162,15,11,27,3,0,4,0.711
UWS,L15_SV43,negative,True,109,15,53,0,3,0,3,0.000
UWS,L15_SV43,positive,False,109,15,42,14,2,0,2,0.250
UWS,L15_SV44,negative,True,966,15,21,4,2,21,13,0.160
UWS,L15_SV44,positive,False,966,15,7,12,38,0,2,0.632
UWS,L15_SV45,negative,False,1153,15,22,0,26,0,3,0.000
UWS,L15_SV45,positive,True,1153,15,41,0,5,0,14,0.000
UWS,L15_SV46,negative,True,1000,15,29,6,21,1,3,0.171
UWS,L15_SV46,positive,False,1000,15,11,2,6,0,1,0.154
UWS,L15_SV47,negative,False,997,15,20,29,4,0,2,0.592
UWS,L15_SV47,positive,True,997,15,44,0,2,0,11,0.000
UWS,L15_SV48,negative,True,696,15,28,2,2,0,11,0.067
UWS,L15_SV48,positive,False,696,15,21,9,16,0,6,0.300
UWS,L15_SV49,negative,False,472,15,28,1,11,0,7,0.034
UWS,L15_SV49,positive,True,472,15,41,17,0,0,4,0.293
UWS,L15_SV50,negative,True,821,15,10,18,9,0,12,0.643
UWS,L15_SV50,positive,False,821,15,35,3,2,0,6,0.079
UWS,L15_SV51,negative,False,988,15,18,1,38,2,2,0.053
UWS,L15_SV51,positive,True,988,15,27,2,3,0,15,0.069
UWS,L15_SV52,negative,True,863,15,28,3,13,0,5,0.097
UWS,L15_SV52,positive,False,863,15,12,10,26,0,7,0.455
UWS,L15_SV53,negative,False,768,15,37,1,8,0,11,0.026
UWS,L15_SV53,positive,True,768,15,18,0,28,0,4,0.000
UWS,L15_SV54,negative,True,494,15,5,15,0,3,2,0.750
UWS,L15_SV54,positive,False,494,15,53,0,3,0,4,0.000
UWS,L15_SV55,negative,False,1415,15,1,0,53,0,1,0.000
UWS,L15_SV55,positive,True,1415,15,21,21,0,0,18,0.500
UWS,L15_SV56,negative,True,509,15,1,0,5,0,0,0.000
UWS,L15_SV56,positive,False,509,15,46,1,2,2,6,0.021
UWS,L15_SV57,negative,True,1034,15,7,7,15,0,9,0.500
UWS,L15_SV57,positive,False,1034,15,33,18,5,0,8,0.353
UWS,L15_SV58,negative,False,774,15,31,0,1,0,8,0.000
UWS,L15_SV58,positive,True,774,15,11,0,1,0,4,0.000
UWS,L15_SV59,negative,True,839,15,11,7,7,0,1,0.389
UWS,L15_SV59,positive,False,839,15,17,0,21,0,3,0.000
UWS,L15_SV60,negative,False,780,15,8,1,19,0,6,0.111
UWS,L15_SV60,positive,True,780,15,43,2,1,0,4,0.044
UWS,L15_SV61,negative,False,397,15,32,9,8,0,8,0.220
UWS,L15_SV61,positive,True,397,15,28,0,5,0,11,0.000
UWS,L15_SV62,negative,False,1262,15,14,0,39,0,6,0.000
UWS,L15_SV62,positive,True,1262,15,40,6,3,0,8,0.130
UWS,L15_SV63,negative,True,356,15,21,4,4,1,14,0.160
UWS,L15_SV63,positive,False,356,15,28,11,8,0,11,0.282
UWS,L15_SV64,negative,True,823,15,31,0,26,0,2,0.000
UWS,L15_SV64,positive,False,823,15,24,2,2,0,14,0.077
UWS,L16_SV01,negative,False,233,16,15,0,4,0,11,0.000
UWS,L16_SV01,positive,True,233,16,0,3,30,0,0,1.000
UWS,L16_SV02,negative,True,268,16,33,20,3,0,5,0.377
UWS,L16_SV02,positive,False,268,16,0,0,0,0,1,
UWS,L16_SV03,negative,True,348,16,1,0,2,0,0,0.000
UWS,L16_SV03,positive,False,348,16,0,0,52,0,0,
UWS,L16_SV04,negative,False,498,16,0,0,51,0,0,
UWS,L16_SV04,positive,True,498,16,34,8,6,1,6,0.190
UWS,L16_SV05,negative,True,300,16,20,1,36,0,0,0.048
UWS,L16_SV05,positive,False,300,16,21,2,25,0,9,0.087
UWS,L16_SV06,negative,False,1216,16,10,1,40,1,5,0.091
UWS,L16_SV06,positive,True,1216,16,9,1,3,0,5,0.100
UWS,L16_SV07,negative,False,779,16,25,10,3,0,14,0.286
UWS,L16_SV07,positive,True,779,16,2,4,32,1,0,0.667
UWS,L16_SV08,negative,True,637,16,12,0,2,3,5,0.000
UWS,L16_SV08,positive,False,637,16,2,7,36,0,0,0.778
UWS,L16_SV09,negative,False,976,16,2,0,2,0,0,0.000
UWS,L16_SV09,positive,True,976,16,23,3,12,5,1,0.115
UWS,L16_SV10,negative,False,493,16,12,3,41,0,3,0.200
UWS,L16_SV10,positive,True,493,16,40,2,9,0,3,0.048
UWS,L16_SV11,negative,False,1145,16,14,14,36,0,0,0.500
UWS,L16_SV11,positive,True,1145,16,4,0,0,5,8,0.000
UWS,L16_SV12,negative,False,1045,16,6,28,23,0,3,0.824
UWS,L16_SV12,positive,True,1045,16,56,0,0,0,4,0.000
UWS,L16_SV13,negative,True,793,16,29,1,2,1,10,0.033
UWS,L16_SV13,positive,False,793,16,19,5,31,0,1,0.208
UWS,L16_SV14,negative,False,342,16,14,0,50,0,0,0.000
UWS,L16_SV14,positive,True,342,16,6,4,0,0,8,0.400
UWS,L16_SV15,negative,True,1320,16,0,0,61,0,2,
UWS,L16_SV15,positive,False,1320,16,32,2,4,0,15,0.059
UWS,L16_SV16,negative,True,788,16,28,5,6,0,11,0.152
UWS,L16_SV16,positive,False,788,16,5,10,46,0,1,0.667
UWS,L16_SV17,negative,True,796,16,5,5,4,1,4,0.500
UWS,L16_SV17,positive,False,796,16,57,0,3,0,0,0.000
UWS,L16_SV18,negative,True,319,16,3,0,56,0,0,0.000
UWS,L16_SV18,positive,False,319,16,19,4,7,0,11,0.174
UWS,L16_SV19,negative,False,321,16,26,27,11,0,0,0.509
UWS,L16_SV19,positive,True,321,16,9,4,20,0,5,0.308
UWS,L16_SV20,negative,False,1028,16,9,15,35,0,2,0.625
UWS,L16_SV20,positive,True,1028,16,14,0,0,0,4,0.000
UWS,L16_SV21,negative,True,1224,16,18,0,5,1,12,0.000
UWS,L16_SV21,positive,False,1224,16,48,3,8,0,0,0.059
UWS,L16_SV22,negative,True,1087,16,17,1,20,1,3,0.056
UWS,L16_SV22,positive,False,1087,16,12,7,42,0,0,0.368
UWS,L16_SV23,negative,True,1412,16,0,4,49,0,0,1.000
UWS,L16_SV23,positive,False,1412,16,48,0,0,0,15,0.000
UWS,L16_SV24,negative,False,1268,16,39,7,6,0,3,0.152
UWS,L16_SV24,positive,True,1268,16,10,7,29,0,9,0.412
UWS,L16_SV25,negative,False,625,16,0,2,6,0,0,1.000
UWS,L16_SV25,positive,True,625,16,35,1,0,0,22,0.028
UWS,L16_SV26,negative,False,593,16,33,0,3,0,18,0.000
UWS,L16_SV26,positive,True,593,16,28,8,7,0,3,0.222
UWS,L16_SV27,negative,True,332,16,28,30,0,0,3,0.517
UWS,L16_SV27,positive,False,332,16,14,2,38,0,2,0.125
UWS,L16_SV28,negative,True,421,16,16,1,23,0,5,0.059
UWS,L16_SV28,positive,False,421,16,24,8,21,0,2,0.250
UWS,L16_SV29,negative,True,484,16,9,1,13,1,2,0.100
UWS,L16_SV29,positive,False,484,16,1,8,55,0,0,0.889
UWS,L16_SV30,negative,False,677,16,33,0,24,0,4,0.000
UWS,L16_SV30,positive,True,677,16,6,0,33,0,3,0.000
UWS,L16_SV31,negative,True,914,16,48,0,0,0,5,0.000
UWS,L16_SV31,positive,False,914,16,3,5,24,0,4,0.625
UWS,L16_SV32,negative,False,818,16,22,3,8,1,5,0.120
UWS,L16_SV32,positive,True,818,16,18,8,30,0,5,0.308
UWS,L16_SV33,negative,True,964,16,26,11,9,0,9,0.297
UWS,L16_SV33,positive,False,964,16,19,2,19,0,2,0.095
UWS,L16_SV34,negative,True,258,16,21,4,27,0,5,0.160
UWS,L16_SV34,positive,False,258,16,14,3,2,1,4,0.176
UWS,L16_SV35,negative,True,784,16,10,4,1,0,2,0.286
UWS,L16_SV35,positive,False,784,16,6,8,40,0,4,0.571
UWS,L16_SV36,negative,False,230,16,24,2,5,0,6,0.077
UWS,L16_SV36,positive,True,230,16,39,1,1,3,7,0.025
UWS,L16_SV37,negative,True,1288,16,42,0,5,0,6,0.000
UWS,L16_SV37,positive,False,1288,16,21,4,9,0,18,0.160
UWS,L16_SV38,negative,True,244,16,30,3,14,0,8,0.091
UWS,L16_SV38,positive,False,244,16,15,16,15,0,11,0.516
UWS,L16_SV39,negative,True,579,16,5,0,54,0,2,0.000
UWS,L16_SV39,positive,False,579,16,12,37,0,0,6,0.755
UWS,L16_SV40,negative,True,1458,16,0,1,16,0,2,1.000
UWS,L16_SV40,positive,False,1458,16,41,5,10,0,6,0.109
UWS,L16_SV41,negative,True,622,16,36,3,16,0,3,0.077
UWS,L16_SV41,positive,False,622,16,8,4,23,0,3,0.333
UWS,L16_SV42,negative,False,527,16,31,3,17,0,10,0.088
UWS,L16_SV42,positive,True,527,16,20,18,13,0,4,0.474
UWS,L16_SV43,negative,False,442,16,52,3,7,0,1,0.055
UWS,L16_SV43,positive,True,442,16,45,1,6,0,1,0.022
UWS,L16_SV44,negative,False,520,16,15,7,26,0,6,0.318
UWS,L16_SV44,positive,True,520,16,11,11,14,22,2,0.500
UWS,L16_SV45,negative,False,1238,16,32,2,8,0,20,0.059
UWS,L16_SV45,positive,True,1238,16,5,4,28,0,1,0.444
UWS,L16_SV46,negative,False,929,16,29,1,1,0,15,0.033
UWS,L16_SV46,positive,True,929,16,21,3,29,0,4,0.125
UWS,L16_SV47,negative,False,940,16,43,3,12,1,1,0.065
UWS,L16_SV47,positive,True,940,16,27,0,1,0,13,0.000
UWS,L16_SV48,negative,False,1106,16,12,17,28,0,1,0.586
UWS,L16_SV48,positive,True,1106,16,34,0,3,2,9,0.000
UWS,L16_SV49,negative,False,738,16,24,1,7,0,9,0.040
UWS,L16_SV49,positive,True,738,16,44,1,1,0,8,0.022
UWS,L16_SV50,negative,False,1012,16,17,0,10,0,2,0.000
UWS,L16_SV50,positive,True,1012,16,9,20,5,0,20,0.690
UWS,L16_SV51,negative,True,843,16,28,2,8,0,6,0.067
UWS,L16_SV51,positive,False,843,16,8,14,5,0,19,0.636
UWS,L16_SV52,negative,True,1269,16,23,0,4,1,6,0.000
UWS,L16_SV52,positive,False,1269,16,14,2,32,1,5,0.125
UWS,L16_SV53,negative,True,1289,16,27,4,12,0,8,0.129
UWS,L16_SV53,positive,False,1289,16,29,2,23,2,5,0.065
UWS,L16_SV54,negative,True,293,16,1,31,1,2,6,0.969
UWS,L16_SV54,positive,False,293,16,37,0,6,0,12,0.000
UWS,L16_SV55,negative,True,1350,16,1,2,56,0,0,0.667
UWS,L16_SV55,positive,False,1350,16,33,11,0,0,16,0.250
UWS,L16_SV56,negative,False,815,16,0,0,6,0,1,
UWS,L16_SV56,positive,True,815,16,43,1,2,1,7,0.023
UWS,L16_SV57,negative,True,1080,16,12,1,17,0,12,0.077
UWS,L16_SV57,positive,False,1080,16,20,3,17,0,8,0.130
UWS,L16_SV58,negative,False,1152,16,14,3,2,0,4,0.176
UWS,L16_SV58,positive,True,1152,16,38,9,5,0,2,0.191
UWS,L16_SV59,negative,False,970,16,3,7,12,0,1,0.700
UWS,L16_SV59,positive,True,970,16,22,0,8,0,2,0.000
UWS,L16_SV60,negative,False,957,16,2,0,11,0,3,0.000
UWS,L16_SV60,positive,True,957,16,40,5,0,0,6,0.111
UWS,L16_SV61,negative,True,971,16,21,4,11,0,9,0.160
UWS,L16_SV61,positive,False,971,16,36,1,14,0,6,0.027
UWS,L16_SV62,negative,True,1377,16,15,28,8,0,11,0.651
UWS,L16_SV62,positive,False,1377,16,23,0,9,1,11,0.000
UWS,L16_SV63,negative,True,543,16,32,0,3,0,13,0.000
UWS,L16_SV63,positive,False,543,16,13,6,34,0,5,0.316
UWS,L16_SV64,negative,True,1209,16,22,9,25,0,0,0.290
UWS,L16_SV64,positive,False,1209,16,23,4,7,0,13,0.148
UWS,L17_SV01,negative,False,76,17,11,0,3,1,3,0.000
UWS,L17_SV01,positive,True,76,17,2,2,40,0,0,0.500
UWS,L17_SV02,negative,False,1306,17,38,15,0,0,10,0.283
UWS,L17_SV02,positive,True,1306,17,0,0,0,1,0,
UWS,L17_SV03,negative,True,164,17,0,0,0,0,0,
UWS,L17_SV03,positive,False,164,17,0,0,50,0,0,
UWS,L17_SV04,negative,True,616,17,29,7,16,1,3,0.194
UWS,L17_SV04,positive,False,616,17,0,0,41,0,0,
UWS,L17_SV05,negative,True,428,17,21,2,32,0,0,0.087
UWS,L17_SV05,positive,False,428,17,10,1,27,0,4,0.091
UWS,L17_SV06,negative,False,1091,17,5,2,50,0,3,0.286
UWS,L17_SV06,positive,True,1091,17,7,1,3,0,7,0.125
UWS,L17_SV07,negative,False,241,17,24,6,12,0,5,0.200
UWS,L17_SV07,positive,True,241,17,5,2,23,0,2,0.286
UWS,L17_SV08,negative,True,453,17,8,0,1,3,5,0.000
UWS,L17_SV08,positive,False,453,17,3,10,36,0,1,0.769
UWS,L17_SV09,negative,False,911,17,0,0,1,0,0,
UWS,L17_SV09,positive,True,911,17,17,0,14,1,0,0.000
UWS,L17_SV10,negative,False,180,17,25,2,21,0,11,0.074
UWS,L17_SV10,positive,True,180,17,43,0,11,0,3,0.000
UWS,L17_SV11,negative,False,461,17,5,4,54,0,1,0.444
UWS,L17_SV11,positive,True,461,17,5,0,0,2,9,0.000
UWS,L17_SV12,negative,True,739,17,14,2,20,0,2,0.125
UWS,L17_SV12,positive,False,739,17,27,2,32,0,2,0.069
UWS,L17_SV13,negative,False,1261,17,0,27,35,0,0,1.000
UWS,L17_SV13,positive,True,1261,17,48,2,2,0,2,0.040
UWS,L17_SV14,negative,True,1051,17,8,5,0,0,10,0.385
UWS,L17_SV14,positive,False,1051,17,24,0,36,0,0,0.000
UWS,L17_SV15,negative,False,1201,17,29,0,5,0,16,0.000
UWS,L17_SV15,positive,True,1201,17,0,0,62,0,2,
UWS,L17_SV16,negative,True,981,17,26,2,5,0,8,0.071
UWS,L17_SV16,positive,False,981,17,1,3,59,0,0,0.750
UWS,L17_SV17,negative,False,456,17,5,15,4,1,6,0.750
UWS,L17_SV17,positive,True,456,17,42,0,3,0,3,0.000
UWS,L17_SV18,negative,False,281,17,19,0,4,0,12,0.000
UWS,L17_SV18,positive,True,281,17,2,0,59,0,0,0.000
UWS,L17_SV19,negative,False,94,17,54,0,1,0,7,0.000
UWS,L17_SV19,positive,True,94,17,11,5,28,0,2,0.312
UWS,L17_SV20,negative,True,722,17,17,2,35,0,0,0.105
UWS,L17_SV20,positive,False,722,17,14,10,28,0,4,0.417
UWS,L17_SV21,negative,False,1089,17,30,6,25,0,2,0.167
UWS,L17_SV21,positive,True,1089,17,15,3,2,0,5,0.167
UWS,L17_SV22,negative,False,572,17,16,3,31,0,0,0.158
UWS,L17_SV22,positive,True,572,17,2,0,0,3,9,0.000
UWS,L17_SV23,negative,True,1343,17,1,3,59,0,1,0.750
UWS,L17_SV23,positive,False,1343,17,39,0,0,0,18,0.000
UWS,L17_SV24,negative,False,1441,17,52,1,0,0,8,0.019
UWS,L17_SV24,positive,True,1441,17,1,0,52,0,0,0.000
UWS,L17_SV25,negative,False,490,17,3,5,9,0,0,0.625
UWS,L17_SV25,positive,True,490,17,40,0,0,0,12,0.000
UWS,L17_SV26,negative,True,764,17,27,9,24,0,2,0.250
UWS,L17_SV26,positive,False,764,17,11,2,29,0,4,0.154
UWS,L17_SV27,negative,False,602,17,1,3,46,0,1,0.750
UWS,L17_SV27,positive,True,602,17,15,20,6,0,9,0.571
UWS,L17_SV28,negative,False,1138,17,14,0,46,0,0,0.000
UWS,L17_SV28,positive,True,1138,17,21,0,12,0,7,0.000
UWS,L17_SV29,negative,True,1121,17,34,5,12,1,8,0.128
UWS,L17_SV29,positive,False,1121,17,8,0,32,0,4,0.000
UWS,L17_SV30,negative,True,553,17,7,1,10,4,5,0.125
UWS,L17_SV30,positive,False,553,17,1,3,59,0,0,0.750
UWS,L17_SV31,negative,False,792,17,9,1,41,0,1,0.100
UWS,L17_SV31,positive,True,792,17,35,6,0,0,5,0.146
UWS,L17_SV32,negative,False,1292,17,8,3,6,0,4,0.273
UWS,L17_SV32,positive,True,1292,17,19,8,14,0,13,0.296
UWS,L17_SV33,negative,False,1107,17,9,2,44,0,2,0.182
UWS,L17_SV33,positive,True,1107,17,10,6,1,1,5,0.375
UWS,L17_SV34,negative,False,689,17,11,1,28,2,2,0.083
UWS,L17_SV34,positive,True,689,17,37,2,10,0,9,0.051
UWS,L17_SV35,negative,True,187,17,13,1,36,0,11,0.071
UWS,L17_SV35,positive,False,187,17,25,1,8,0,2,0.038
UWS,L17_SV36,negative,True,1398,17,8,11,23,0,2,0.579
UWS,L17_SV36,positive,False,1398,17,26,0,22,0,4,0.000
UWS,L17_SV37,negative,True,548,17,17,4,4,0,3,0.190
UWS,L17_SV37,positive,False,548,17,8,0,4,0,6,0.000
UWS,L17_SV38,negative,True,769,17,18,33,0,0,4,0.647
UWS,L17_SV38,positive,False,769,17,32,0,16,3,3,0.000
UWS,L17_SV39,negative,True,398,17,17,2,13,0,7,0.105
UWS,L17_SV39,positive,False,398,17,4,8,35,0,4,0.667
UWS,L17_SV40,negative,False,1450,17,43,5,4,0,10,0.104
UWS,L17_SV40,positive,True,1450,17,0,1,39,0,1,1.000
UWS,L17_SV41,negative,False,528,17,27,2,18,0,9,0.069
UWS,L17_SV41,positive,True,528,17,18,5,23,0,7,0.217
UWS,L17_SV42,negative,False,761,17,12,4,18,0,2,0.250
UWS,L17_SV42,positive,True,761,17,48,2,4,0,4,0.040
UWS,L17_SV43,negative,True,932,17,46,3,1,0,2,0.061
UWS,L17_SV43,positive,False,932,17,9,10,13,3,5,0.526
UWS,L17_SV44,negative,True,452,17,26,3,22,0,4,0.103
UWS,L17_SV44,positive,False,452,17,21,1,2,17,7,0.045
UWS,L17_SV45,negative,False,1063,17,37,2,9,0,9,0.051
UWS,L17_SV45,positive,True,1063,17,19,1,35,0,2,0.050
UWS,L17_SV46,negative,False,704,17,41,0,0,0,11,0.000
UWS,L17_SV46,positive,True,704,17,6,7,25,0,2,0.538
UWS,L17_SV47,negative,False,1140,17,17,16,20,0,9,0.485
UWS,L17_SV47,positive,True,1140,17,17,0,4,0,15,0.000
UWS,L17_SV48,negative,False,1339,17,23,26,12,0,1,0.531
UWS,L17_SV48,positive,True,1339,17,8,1,28,0,1,0.111
UWS,L17_SV49,negative,True,416,17,12,0,4,0,4,0.000
UWS,L17_SV49,positive,False,416,17,34,4,0,0,17,0.105
UWS,L17_SV50,negative,False,623,17,7,8,32,0,1,0.533
UWS,L17_SV50,positive,True,623,17,23,6,18,0,10,0.207
UWS,L17_SV51,negative,False,1130,17,23,0,32,0,1,0.000
UWS,L17_SV51,positive,True,1130,17,14,7,2,0,21,0.333
UWS,L17_SV52,negative,True,1370,17,14,7,5,0,22,0.333
UWS,L17_SV52,positive,False,1370,17,21,1,29,3,2,0.045
UWS,L17_SV53,negative,True,151,17,9,14,30,0,0,0.609
UWS,L17_SV53,positive,False,151,17,6,1,51,0,1,0.143
UWS,L17_SV54,negative,True,1428,17,11,0,42,0,4,0.000
UWS,L17_SV54,positive,False,1428,17,8,16,34,0,2,0.667
UWS,L17_SV55,negative,False,1365,17,3,1,15,0,0,0.250
UWS,L17_SV55,positive,True,1365,17,33,11,0,0,14,0.250
UWS,L17_SV56,negative,False,620,17,0,0,15,0,1,
UWS,L17_SV56,positive,True,620,17,44,2,2,0,12,0.043
UWS,L17_SV57,negative,True,741,17,19,1,1,0,11,0.050
UWS,L17_SV57,positive,False,741,17,35,1,10,0,12,0.028
UWS,L17_SV58,negative,True,965,17,18,9,5,1,5,0.333
UWS,L17_SV58,positive,False,965,17,8,0,50,0,0,0.000
UWS,L17_SV59,negative,False,1227,17,8,2,35,1,1,0.200
UWS,L17_SV59,positive,True,1227,17,34,1,0,0,10,0.029
UWS,L17_SV60,negative,False,729,17,14,20,12,0,1,0.588
UWS,L17_SV60,positive,True,729,17,9,1,19,1,5,0.100
UWS,L17_SV61,negative,False,797,17,10,0,12,0,2,0.000
UWS,L17_SV61,positive,True,797,17,23,1,17,0,6,0.042
UWS,L17_SV62,negative,False,1310,17,12,40,7,0,5,0.769
UWS,L17_SV62,positive,True,1310,17,10,0,32,1,6,0.000
UWS,L17_SV63,negative,False,1439,17,3,8,48,0,1,0.727
UWS,L17_SV63,positive,True,1439,17,21,0,10,0,12,0.000
UWS,L17_SV64,negative,True,162,17,5,14,37,0,3,0.737
UWS,L17_SV64,positive,False,162,17,9,0,3,0,31,0.000
UWS,L18_SV01,negative,False,950,18,9,1,0,1,7,0.100
UWS,L18_SV01,positive,True,950,18,1,1,45,0,0,0.500
UWS,L18_SV02,negative,True,153,18,9,3,46,0,1,0.250
UWS,L18_SV02,positive,False,153,18,0,0,0,0,0,
UWS,L18_SV03,negative,True,57,18,0,0,2,0,0,
UWS,L18_SV03,positive,False,57,18,3,0,29,0,2,0.000
UWS,L18_SV04,negative,True,973,18,32,10,6,1,9,0.238
UWS,L18_SV04,positive,False,973,18,1,0,38,0,0,0.000
UWS,L18_SV05,negative,True,130,18,18,3,36,0,1,0.143
UWS,L18_SV05,positive,False,130,18,5,0,20,0,2,0.000
UWS,L18_SV06,negative,False,142,18,33,1,1,0,17,0.029
UWS,L18_SV06,positive,True,142,18,5,0,36,0,0,0.000
UWS,L18_SV07,negative,False,215,18,12,5,4,0,3,0.294
UWS,L18_SV07,positive,True,215,18,6,4,43,0,1,0.400
UWS,L18_SV08,negative,True,686,18,10,0,15,1,1,0.000
UWS,L18_SV08,positive,False,686,18,9,0,10,0,14,0.000
UWS,L18_SV09,negative,False,850,18,2,0,0,1,1,0.000
UWS,L18_SV09,positive,True,850,18,8,1,46,0,4,0.111
UWS,L18_SV10,negative,False,1242,18,0,3,57,0,0,1.000
UWS,L18_SV10,positive,True,1242,18,22,0,0,1,10,0.000
UWS,L18_SV11,negative,False,257,18,9,2,31,0,11,0.182
UWS,L18_SV11,positive,True,257,18,24,1,17,0,4,0.040
UWS,L18_SV12,negative,False,920,18,46,6,12,0,0,0.115
UWS,L18_SV12,positive,True,920,18,0,0,1,0,0,
UWS,L18_SV13,negative,True,781,18,21,1,0,0,6,0.045
UWS,L18_SV13,positive,False,781,18,0,0,64,0,0,
UWS,L18_SV14,negative,True,844,18,11,7,1,0,14,0.389
UWS,L18_SV14,positive,False,844,18,4,0,53,1,2,0.000
UWS,L18_SV15,negative,False,829,18,54,1,0,0,6,0.018
UWS,L18_SV15,positive,True,829,18,0,2,61,0,0,1.000
UWS,L18_SV16,negative,True,283,18,12,3,44,0,1,0.200
UWS,L18_SV16,positive,False,283,18,34,4,4,0,7,0.105
UWS,L18_SV17,negative,True,879,18,8,19,17,0,4,0.704
UWS,L18_SV17,positive,False,879,18,35,7,2,0,4,0.167
UWS,L18_SV18,negative,False,638,18,22,2,0,0,26,0.083
UWS,L18_SV18,positive,True,638,18,4,0,38,0,1,0.000
UWS,L18_SV19,negative,False,173,18,40,0,1,0,11,0.000
UWS,L18_SV19,positive,True,173,18,7,0,28,0,2,0.000
UWS,L18_SV20,negative,False,858,18,3,4,54,0,1,0.571
UWS,L18_SV20,positive,True,858,18,12,0,8,0,9,0.000
UWS,L18_SV21,negative,True,513,18,30,1,0,0,8,0.032
UWS,L18_SV21,positive,False,513,18,9,4,44,0,2,0.308
UWS,L18_SV22,negative,False,650,18,2,1,59,0,0,0.333
UWS,L18_SV22,positive,True,650,18,3,0,0,6,8,0.000
UWS,L18_SV23,negative,True,1169,18,6,4,40,0,0,0.400
UWS,L18_SV23,positive,False,1169,18,17,0,8,0,14,0.000
UWS,L18_SV24,negative,True,1451,18,53,0,0,0,6,0.000
UWS,L18_SV24,positive,False,1451,18,0,0,27,0,0,
UWS,L18_SV25,negative,True,389,18,36,10,1,0,13,0.217
UWS,L18_SV25,positive,False,389,18,5,6,35,0,1,0.545
UWS,L18_SV26,negative,False,486,18,0,0,27,0,0,
UWS,L18_SV26,positive,True,486,18,24,6,7,0,16,0.200
UWS,L18_SV27,negative,True,75,18,15,4,14,0,3,0.211
UWS,L18_SV27,positive,False,75,18,19,2,10,0,8,0.095
UWS,L18_SV28,negative,True,144,18,0,0,1,1,0,
UWS,L18_SV28,positive,False,144,18,13,23,23,0,0,0.639
UWS,L18_SV29,negative,True,583,18,36,1,11,0,10,0.027
UWS,L18_SV29,positive,False,583,18,9,8,18,0,1,0.471
UWS,L18_SV30,negative,True,556,18,15,1,27,0,4,0.062
UWS,L18_SV30,positive,False,556,18,19,1,43,0,1,0.050
UWS,L18_SV31,negative,True,561,18,8,0,47,0,4,0.000
UWS,L18_SV31,positive,False,561,18,12,13,1,0,6,0.520
UWS,L18_SV32,negative,False,418,18,45,0,11,0,0,0.000
UWS,L18_SV32,positive,True,418,18,19,2,1,0,8,0.095
UWS,L18_SV33,negative,False,1026,18,5,3,41,0,3,0.375
UWS,L18_SV33,positive,True,1026,18,4,1,2,1,0,0.200
UWS,L18_SV34,negative,True,209,18,44,2,4,0,7,0.043
UWS,L18_SV34,positive,False,209,18,14,1,6,0,3,0.067
UWS,L18_SV35,negative,True,114,18,15,0,34,0,13,0.000
UWS,L18_SV35,positive,False,114,18,28,3,4,0,2,0.097
UWS,L18_SV36,negative,True,158,18,23,0,10,1,4,0.000
UWS,L18_SV36,positive,False,158,18,2,6,20,0,8,0.750
UWS,L18_SV37,negative,True,831,18,10,9,30,0,5,0.474
UWS,L18_SV37,positive,False,831,18,37,21,1,0,3,0.362
UWS,L18_SV38,negative,True,1279,18,21,0,12,0,4,0.000
UWS,L18_SV38,positive,False,1279,18,14,7,33,0,1,0.333
UWS,L18_SV39,negative,False,138,18,39,5,11,0,4,0.114
UWS,L18_SV39,positive,True,138,18,0,0,46,0,0,
UWS,L18_SV40,negative,True,1447,18,21,17,2,0,16,0.447
UWS,L18_SV40,positive,False,1447,18,0,1,2,1,0,1.000
UWS,L18_SV41,negative,False,995,18,3,2,19,0,6,0.400
UWS,L18_SV41,positive,True,995,18,44,3,3,0,4,0.064
UWS,L18_SV42,negative,False,243,18,15,19,21,0,6,0.559
UWS,L18_SV42,positive,True,243,18,11,6,27,1,0,0.353
UWS,L18_SV43,negative,False,111,18,20,14,6,0,11,0.412
UWS,L18_SV43,positive,True,111,18,44,0,4,1,9,0.000
UWS,L18_SV44,negative,False,910,18,36,4,2,0,12,0.100
UWS,L18_SV44,positive,True,910,18,11,0,45,0,1,0.000
UWS,L18_SV45,negative,False,310,18,5,0,18,0,4,0.000
UWS,L18_SV45,positive,True,310,18,38,2,8,0,9,0.050
UWS,L18_SV46,negative,True,634,18,2,0,55,0,2,0.000
UWS,L18_SV46,positive,False,634,18,20,5,6,0,9,0.200
UWS,L18_SV47,negative,False,273,18,17,3,3,0,7,0.150
UWS,L18_SV47,positive,True,273,18,3,0,30,0,0,0.000
UWS,L18_SV48,negative,True,783,18,30,4,12,1,7,0.118
UWS,L18_SV48,positive,False,783,18,11,7,44,0,1,0.389
UWS,L18_SV49,negative,True,766,18,12,0,2,0,1,0.000
UWS,L18_SV49,positive,False,766,18,19,7,21,0,15,0.269
UWS,L18_SV50,negative,False,1097,18,24,1,2,0,6,0.040
UWS,L18_SV50,positive,True,1097,18,4,1,25,0,0,0.200
UWS,L18_SV51,negative,False,838,18,24,0,3,0,30,0.000
UWS,L18_SV51,positive,True,838,18,29,10,14,0,1,0.256
UWS,L18_SV52,negative,True,687,18,8,5,16,0,2,0.385
UWS,L18_SV52,positive,False,687,18,21,0,27,0,9,0.000
UWS,L18_SV53,negative,True,1333,18,2,0,51,0,2,0.000
UWS,L18_SV53,positive,False,1333,18,24,26,0,0,9,0.520
UWS,L18_SV54,negative,True,279,18,31,0,5,0,8,0.000
UWS,L18_SV54,positive,False,279,18,22,17,6,0,9,0.436
UWS,L18_SV55,negative,False,592,18,0,0,0,0,0,
UWS,L18_SV55,positive,True,592,18,49,2,2,0,9,0.039
UWS,L18_SV56,negative,True,406,18,21,1,8,0,5,0.045
UWS,L18_SV56,positive,False,406,18,22,0,11,0,3,0.000
UWS,L18_SV57,negative,True,489,18,12,1,21,0,5,0.077
UWS,L18_SV57,positive,False,489,18,43,1,2,0,15,0.023
UWS,L18_SV58,negative,True,454,18,27,5,15,1,4,0.156
UWS,L18_SV58,positive,False,454,18,26,2,26,0,1,0.071
UWS,L18_SV59,negative,False,725,18,21,11,15,0,9,0.344
UWS,L18_SV59,positive,True,725,18,9,0,11,0,9,0.000
UWS,L18_SV60,negative,False,496,18,9,19,19,0,2,0.679
UWS,L18_SV60,positive,True,496,18,27,0,6,0,16,0.000
UWS,L18_SV61,negative,True,1263,18,11,0,8,1,7,0.000
UWS,L18_SV61,positive,False,1263,18,11,2,14,1,4,0.154
UWS,L18_SV62,negative,True,810,18,4,1,51,0,1,0.200
UWS,L18_SV62,positive,False,810,18,29,1,4,0,7,0.033
UWS,L18_SV63,negative,True,38,18,3,6,50,0,0,0.667
UWS,L18_SV63,positive,False,38,18,18,0,3,0,15,0.000
UWS,L18_SV64,negative,False,794,18,12,16,29,0,3,0.571
UWS,L18_SV64,positive,True,794,18,4,0,0,1,6,0.000
UWS,L19_SV01,negative,False,1067,19,11,0,1,1,2,0.000
UWS,L19_SV01,positive,True,1067,19,3,1,28,0,0,0.250
UWS,L19_SV02,negative,True,232,19,8,3,51,0,0,0.273
UWS,L19_SV02,positive,False,232,19,0,0,0,0,1,
UWS,L19_SV03,negative,True,11,19,0,0,0,0,0,
UWS,L19_SV03,positive,False,11,19,39,1,0,0,9,0.025
UWS,L19_SV04,negative,True,591,19,19,4,33,0,1,0.174
UWS,L19_SV04,positive,False,591,19,0,0,23,0,0,
UWS,L19_SV05,negative,True,1361,19,1,0,62,0,0,0.000
UWS,L19_SV05,positive,False,1361,19,43,0,0,1,4,0.000
UWS,L19_SV06,negative,True,1351,19,35,4,11,2,4,0.103
UWS,L19_SV06,positive,False,1351,19,0,0,23,0,0,
UWS,L19_SV07,negative,False,147,19,12,3,32,0,6,0.200
UWS,L19_SV07,positive,True,147,19,6,1,23,0,0,0.143
UWS,L19_SV08,negative,True,101,19,1,0,0,0,0,0.000
UWS,L19_SV08,positive,False,101,19,20,1,15,0,3,0.048
UWS,L19_SV09,negative,False,93,19,3,3,28,0,0,0.500
UWS,L19_SV09,positive,True,93,19,13,0,4,2,1,0.000
UWS,L19_SV10,negative,True,568,19,30,0,2,3,4,0.000
UWS,L19_SV10,positive,False,568,19,0,0,19,0,0,
UWS,L19_SV11,negative,True,324,19,10,0,0,1,5,0.000
UWS,L19_SV11,positive,False,324,19,14,17,28,0,5,0.548
UWS,L19_SV12,negative,True,482,19,0,0,0,0,0,
UWS,L19_SV12,positive,False,482,19,19,29,10,0,2,0.604
UWS,L19_SV13,negative,False,1220,19,3,1,58,0,0,0.250
UWS,L19_SV13,positive,True,1220,19,60,1,0,0,1,0.016
UWS,L19_SV14,negative,True,376,19,9,9,12,0,10,0.500
UWS,L19_SV14,positive,False,376,19,9,0,30,1,1,0.000
UWS,L19_SV15,negative,False,889,19,0,3,19,0,2,1.000
UWS,L19_SV15,positive,True,889,19,43,7,1,1,6,0.140
UWS,L19_SV16,negative,False,68,19,54,2,0,0,6,0.036
UWS,L19_SV16,positive,True,68,19,7,1,26,0,2,0.125
UWS,L19_SV17,negative,True,31,19,3,2,16,1,4,0.400
UWS,L19_SV17,positive,False,31,19,55,0,2,0,3,0.000
UWS,L19_SV18,negative,True,280,19,36,2,0,1,8,0.053
UWS,L19_SV18,positive,False,280,19,3,0,61,0,0,0.000
UWS,L19_SV19,negative,False,96,19,30,1,2,0,20,0.032
UWS,L19_SV19,positive,True,96,19,10,2,10,0,1,0.167
UWS,L19_SV20,negative,False,550,19,22,9,8,0,2,0.290
UWS,L19_SV20,positive,True,550,19,14,2,15,0,3,0.125
UWS,L19_SV21,negative,True,1334,19,14,3,0,1,22,0.176
UWS,L19_SV21,positive,False,1334,19,11,1,51,0,1,0.083
UWS,L19_SV22,negative,False,613,19,41,15,4,0,0,0.268
UWS,L19_SV22,positive,True,613,19,5,0,0,0,2,0.000
UWS,L19_SV23,negative,False,1403,19,2,0,56,0,0,0.000
UWS,L19_SV23,positive,True,1403,19,10,0,1,1,17,0.000
UWS,L19_SV24,negative,False,1408,19,52,0,1,0,9,0.000
UWS,L19_SV24,positive,True,1408,19,2,6,52,0,1,0.750
UWS,L19_SV25,negative,True,751,19,37,0,15,0,4,0.000
UWS,L19_SV25,positive,False,751,19,8,0,29,1,0,0.000
UWS,L19_SV26,negative,True,113,19,11,1,0,2,8,0.083
UWS,L19_SV26,positive,False,113,19,16,0,18,0,2,0.000
UWS,L19_SV27,negative,True,175,19,5,0,1,1,0,0.000
UWS,L19_SV27,positive,False,175,19,44,6,3,0,11,0.120
UWS,L19_SV28,negative,True,325,19,29,0,3,0,13,0.000
UWS,L19_SV28,positive,False,325,19,16,18,7,0,5,0.529
UWS,L19_SV29,negative,False,1027,19,10,0,28,0,2,0.000
UWS,L19_SV29,positive,True,1027,19,21,4,14,0,14,0.160
UWS,L19_SV30,negative,False,188,19,10,2,38,0,5,0.167
UWS,L19_SV30,positive,True,188,19,1,0,0,0,0,0.000
UWS,L19_SV31,negative,False,1214,19,22,0,6,2,8,0.000
UWS,L19_SV31,positive,True,1214,19,7,0,44,0,1,0.000
UWS,L19_SV32,negative,False,586,19,9,0,46,0,3,0.000
UWS,L19_SV32,positive,True,586,19,30,0,8,1,6,0.000
UWS,L19_SV33,negative,True,299,19,29,4,11,0,10,0.121
UWS,L19_SV33,positive,False,299,19,11,0,16,0,8,0.000
UWS,L19_SV34,negative,False,1427,19,2,0,52,0,1,0.000
UWS,L19_SV34,positive,True,1427,19,30,2,0,0,7,0.062
UWS,L19_SV35,negative,False,439,19,32,6,4,0,13,0.158
UWS,L19_SV35,positive,True,439,19,0,0,10,0,5,
UWS,L19_SV36,negative,False,718,19,2,0,11,0,0,0.000
UWS,L19_SV36,positive,True,718,19,9,2,13,0,4,0.182
UWS,L19_SV37,negative,True,287,19,9,7,36,0,3,0.438
UWS,L19_SV37,positive,False,287,19,8,1,16,0,1,0.111
UWS,L19_SV38,negative,True,476,19,15,0,15,0,21,0.000
UWS,L19_SV38,positive,False,476,19,17,0,34,0,3,0.000
UWS,L19_SV39,negative,False,431,19,3,1,11,0,1,0.250
UWS,L19_SV39,positive,True,431,19,8,16,4,0,9,0.667
UWS,L19_SV40,negative,True,1141,19,19,16,1,0,13,0.457
UWS,L19_SV40,positive,False,1141,19,5,0,17,0,2,0.000
UWS,L19_SV41,negative,True,1122,19,28,1,0,0,25,0.034
UWS,L19_SV41,positive,False,1122,19,13,1,20,0,0,0.071
UWS,L19_SV42,negative,True,478,19,19,1,13,2,3,0.050
UWS,L19_SV42,positive,False,478,19,27,3,27,0,0,0.100
UWS,L19_SV43,negative,True,1221,19,39,2,2,0,19,0.049
UWS,L19_SV43,positive,False,1221,19,6,4,45,0,1,0.400
UWS,L19_SV44,negative,False,159,19,19,28,2,0,6,0.596
UWS,L19_SV44,positive,True,159,19,24,0,23,0,6,0.000
UWS,L19_SV45,negative,False,1245,19,8,0,1,0,9,0.000
UWS,L19_SV45,positive,True,1245,19,3,0,11,0,0,0.000
UWS,L19_SV46,negative,False,1318,19,0,6,37,0,1,1.000
UWS,L19_SV46,positive,True,1318,19,24,4,4,0,9,0.143
UWS,L19_SV47,negative,False,724,19,5,2,47,0,2,0.286
UWS,L19_SV47,positive,True,724,19,26,2,8,0,1,0.071
UWS,L19_SV48,negative,True,1023,19,6,0,22,0,1,0.000
UWS,L19_SV48,positive,False,1023,19,20,8,22,0,4,0.286
UWS,L19_SV49,negative,True,297,19,3,0,5,2,2,0.000
UWS,L19_SV49,positive,False,297,19,31,1,1,0,23,0.031
UWS,L19_SV50,negative,True,118,19,12,10,26,0,2,0.455
UWS,L19_SV50,positive,False,118,19,23,1,9,1,11,0.042
UWS,L19_SV51,negative,True,1459,19,43,1,5,0,7,0.023
UWS,L19_SV51,positive,False,1459,19,2,0,25,0,1,0.000
UWS,L19_SV52,negative,True,656,19,3,0,52,0,0,0.000
UWS,L19_SV52,positive,False,656,19,28,1,9,0,20,0.034
UWS,L19_SV53,negative,True,882,19,16,2,20,0,11,0.111
UWS,L19_SV53,positive,False,882,19,45,0,5,0,6,0.000
UWS,L19_SV54,negative,False,825,19,1,0,3,0,0,0.000
UWS,L19_SV54,positive,True,825,19,28,1,0,0,14,0.034
UWS,L19_SV55,negative,True,501,19,4,1,40,0,2,0.200
UWS,L19_SV55,positive,False,501,19,24,3,9,0,15,0.111
UWS,L19_SV56,negative,False,237,19,22,0,21,0,12,0.000
UWS,L19_SV56,positive,True,237,19,10,6,31,0,2,0.375
UWS,L19_SV57,negative,False,206,19,7,0,11,0,16,0.000
UWS,L19_SV57,positive,True,206,19,24,0,22,0,5,0.000
UWS,L19_SV58,negative,True,539,19,10,2,7,0,5,0.167
UWS,L19_SV58,positive,False,539,19,20,3,18,0,3,0.130
UWS,L19_SV59,negative,True,309,19,23,0,2,0,10,0.000
UWS,L19_SV59,positive,False,309,19,3,1,48,0,2,0.250
UWS,L19_SV60,negative,True,541,19,23,2,21,0,15,0.080
UWS,L19_SV60,positive,False,541,19,7,0,12,0,4,0.000
UWS,L19_SV61,negative,False,400,19,8,0,32,0,7,0.000
UWS,L19_SV61,positive,True,400,19,30,5,4,1,4,0.143
UWS,L19_SV62,negative,True,720,19,24,6,7,2,9,0.200
UWS,L19_SV62,positive,False,720,19,4,0,50,0,1,0.000
UWS,L19_SV63,negative,True,98,19,12,5,29,0,1,0.294
UWS,L19_SV63,positive,False,98,19,43,0,2,0,11,0.000
UWS,L19_SV64,negative,True,567,19,2,1,44,0,1,0.333
UWS,L19_SV64,positive,False,567,19,10,0,20,0,2,0.000
UWS,L20_SV01,negative,False,1073,20,7,1,1,1,1,0.125
UWS,L20_SV01,positive,True,1073,20,4,1,27,0,0,0.200
UWS,L20_SV02,negative,False,462,20,0,0,1,0,1,
UWS,L20_SV02,positive,True,462,20,4,2,57,0,0,0.333
UWS,L20_SV03,negative,True,1471,20,3,0,55,0,0,0.000
UWS,L20_SV03,positive,False,1471,20,39,1,0,2,7,0.025
UWS,L20_SV04,negative,True,4,20,0,0,0,0,0,
UWS,L20_SV04,positive,False,4,20,11,2,38,0,1,0.154
UWS,L20_SV05,negative,False,467,20,0,0,0,0,0,
UWS,L20_SV05,positive,True,467,20,20,1,38,0,3,0.048
UWS,L20_SV06,negative,False,1423,20,43,7,1,0,10,0.140
UWS,L20_SV06,positive,True,1423,20,1,0,13,0,0,0.000
UWS,L20_SV07,negative,False,1404,20,0,0,0,0,0,
UWS,L20_SV07,positive,True,1404,20,7,8,5,0,0,0.533
UWS,L20_SV08,negative,True,161,20,0,0,0,0,0,
UWS,L20_SV08,positive,False,161,20,10,3,41,0,0,0.231
UWS,L20_SV09,negative,False,455,20,36,7,10,0,3,0.163
UWS,L20_SV09,positive,True,455,20,1,0,10,0,0,0.000
UWS,L20_SV10,negative,False,74,20,17,1,3,0,23,0.056
UWS,L20_SV10,positive,True,74,20,5,0,44,0,3,0.000
UWS,L20_SV11,negative,False,963,20,33,2,19,0,9,0.057
UWS,L20_SV11,positive,True,963,20,7,0,0,0,0,0.000
UWS,L20_SV12,negative,False,226,20,33,2,26,0,0,0.057
UWS,L20_SV12,positive,True,226,20,17,0,0,0,3,0.000
UWS,L20_SV13,negative,True,121,20,1,0,12,0,0,0.000
UWS,L20_SV13,positive,False,121,20,41,0,4,0,13,0.000
UWS,L20_SV14,negative,True,667,20,25,1,8,0,11,0.038
UWS,L20_SV14,positive,False,667,20,5,0,8,0,0,0.000
UWS,L20_SV15,negative,False,918,20,2,0,62,0,0,0.000
UWS,L20_SV15,positive,True,918,20,4,0,1,2,1,0.000
UWS,L20_SV16,negative,True,374,20,16,0,2,1,9,0.000
UWS,L20_SV16,positive,False,374,20,8,0,6,0,2,0.000
UWS,L20_SV17,negative,True,1236,20,19,0,5,4,6,0.000
UWS,L20_SV17,positive,False,1236,20,0,0,47,0,0,
UWS,L20_SV18,negative,False,641,20,45,0,10,0,9,0.000
UWS,L20_SV18,positive,True,641,20,0,7,0,0,0,1.000
UWS,L20_SV19,negative,True,305,20,16,4,14,2,5,0.200
UWS,L20_SV19,positive,False,305,20,18,1,33,0,4,0.053
UWS,L20_SV20,negative,False,1150,20,48,1,0,0,12,0.020
UWS,L20_SV20,positive,True,1150,20,0,0,2,0,2,
UWS,L20_SV21,negative,True,975,20,32,0,1,0,14,0.000
UWS,L20_SV21,positive,False,975,20,4,0,12,0,0,0.000
UWS,L20_SV22,negative,False,1405,20,1,6,14,0,0,0.857
UWS,L20_SV22,positive,True,1405,20,41,1,0,0,11,0.024
UWS,L20_SV23,negative,False,627,20,35,9,8,0,6,0.205
UWS,L20_SV23,positive,True,627,20,3,0,9,0,3,0.000
UWS,L20_SV24,negative,False,1358,20,46,3,2,0,10,0.061
UWS,L20_SV24,positive,True,1358,20,3,0,13,1,2,0.000
UWS,L20_SV25,negative,False,1435,20,0,0,21,0,0,
UWS,L20_SV25,positive,True,1435,20,43,2,0,0,14,0.044
UWS,L20_SV26,negative,True,694,20,16,2,1,0,5,0.111
UWS,L20_SV26,positive,False,694,20,8,3,53,0,0,0.273
UWS,L20_SV27,negative,True,252,20,21,2,0,0,11,0.087
UWS,L20_SV27,positive,False,252,20,10,0,53,0,1,0.000
UWS,L20_SV28,negative,True,880,20,9,0,7,1,14,0.000
UWS,L20_SV28,positive,False,880,20,4,0,49,0,0,0.000
UWS,L20_SV29,negative,False,63,20,31,0,10,0,7,0.000
UWS,L20_SV29,positive,True,63,20,8,2,30,0,7,0.200
UWS,L20_SV30,negative,True,635,20,24,1,9,0,8,0.040
UWS,L20_SV30,positive,False,635,20,20,0,42,0,0,0.000
UWS,L20_SV31,negative,True,141,20,8,1,47,0,2,0.111
UWS,L20_SV31,positive,False,141,20,39,1,2,0,9,0.025
UWS,L20_SV32,negative,False,177,20,25,0,0,4,4,0.000
UWS,L20_SV32,positive,True,177,20,3,2,54,0,0,0.400
UWS,L20_SV33,negative,True,247,20,5,0,1,1,2,0.000
UWS,L20_SV33,positive,False,247,20,17,2,42,0,0,0.105
UWS,L20_SV34,negative,True,1468,20,0,0,2,0,0,
UWS,L20_SV34,positive,False,1468,20,10,8,3,0,13,0.444
UWS,L20_SV35,negative,True,946,20,20,0,19,0,9,0.000
UWS,L20_SV35,positive,False,946,20,40,6,4,0,10,0.130
UWS,L20_SV36,negative,True,88,20,8,0,2,0,2,0.000
UWS,L20_SV36,positive,False,88,20,7,0,23,0,0,0.000
UWS,L20_SV37,negative,False,916,20,17,3,19,0,5,0.150
UWS,L20_SV37,positive,True,916,20,9,13,3,1,8,0.591
UWS,L20_SV38,negative,False,125,20,30,1,14,0,4,0.032
UWS,L20_SV38,positive,True,125,20,9,0,2,0,2,0.000
UWS,L20_SV39,negative,False,100,20,6,8,45,0,1,0.571
UWS,L20_SV39,positive,True,100,20,21,0,11,0,1,0.000
UWS,L20_SV40,negative,True,282,20,9,0,2,2,2,0.000
UWS,L20_SV40,positive,False,282,20,36,14,8,0,0,0.280
UWS,L20_SV41,negative,False,370,20,0,0,36,1,0,
UWS,L20_SV41,positive,True,370,20,33,0,4,0,6,0.000
UWS,L20_SV42,negative,False,200,20,24,28,3,0,5,0.538
UWS,L20_SV42,positive,True,200,20,13,0,36,0,1,0.000
UWS,L20_SV43,negative,True,562,20,12,0,17,0,7,0.000
UWS,L20_SV43,positive,False,562,20,40,7,2,0,12,0.149
UWS,L20_SV44,negative,False,683,20,15,0,35,0,1,0.000
UWS,L20_SV44,positive,True,683,20,44,0,4,0,11,0.000
UWS,L20_SV45,negative,True,193,20,7,0,8,0,2,0.000
UWS,L20_SV45,positive,False,193,20,50,1,2,0,5,0.020
UWS,L20_SV46,negative,False,408,20,12,2,12,1,1,0.143
UWS,L20_SV46,positive,True,408,20,16,0,12,0,3,0.000
UWS,L20_SV47,negative,True,80,20,9,0,41,0,5,0.000
UWS,L20_SV47,positive,False,80,20,11,0,4,0,1,0.000
UWS,L20_SV48,negative,False,196,20,28,6,9,0,12,0.176
UWS,L20_SV48,positive,True,196,20,15,2,29,0,1,0.118
UWS,L20_SV49,negative,False,644,20,1,0,28,0,0,0.000
UWS,L20_SV49,positive,True,644,20,18,0,9,0,1,0.000
UWS,L20_SV50,negative,False,763,20,22,1,26,0,1,0.043
UWS,L20_SV50,positive,True,763,20,40,1,0,1,11,0.024
UWS,L20_SV51,negative,True,301,20,14,0,26,0,6,0.000
UWS,L20_SV51,positive,False,301,20,23,10,10,0,7,0.303
UWS,L20_SV52,negative,True,354,20,5,2,23,0,1,0.286
UWS,L20_SV52,positive,False,354,20,11,0,10,0,4,0.000
UWS,L20_SV53,negative,True,333,20,16,0,2,0,0,0.000
UWS,L20_SV53,positive,False,333,20,2,1,34,0,1,0.333
UWS,L20_SV54,negative,False,1239,20,1,0,55,0,1,0.000
UWS,L20_SV54,positive,True,1239,20,19,1,4,0,9,0.050
UWS,L20_SV55,negative,True,127,20,16,1,10,0,7,0.059
UWS,L20_SV55,positive,False,127,20,1,0,54,0,2,0.000
UWS,L20_SV56,negative,False,152,20,40,0,3,0,2,0.000
UWS,L20_SV56,positive,True,152,20,4,0,17,0,3,0.000
UWS,L20_SV57,negative,False,681,20,14,5,12,0,6,0.263
UWS,L20_SV57,positive,True,681,20,16,0,20,0,10,0.000
UWS,L20_SV58,negative,True,735,20,5,3,41,0,0,0.375
UWS,L20_SV58,positive,False,735,20,31,2,1,0,19,0.061
UWS,L20_SV59,negative,False,120,20,34,3,3,0,18,0.081
UWS,L20_SV59,positive,True,120,20,6,0,37,0,3,0.000
UWS,L20_SV60,negative,True,980,20,23,1,15,1,7,0.042
UWS,L20_SV60,positive,False,980,20,8,28,22,0,1,0.778
UWS,L20_SV61,negative,True,1286,20,6,0,24,2,2,0.000
UWS,L20_SV61,positive,False,1286,20,26,9,0,0,20,0.257
UWS,L20_SV62,negative,True,1184,20,22,0,1,0,5,0.000
UWS,L20_SV62,positive,False,1184,20,2,4,50,0,1,0.667
UWS,L20_SV63,negative,False,260,20,11,1,4,0,8,0.083
UWS,L20_SV63,positive,True,260,20,3,1,54,0,0,0.250
UWS,L20_SV64,negative,False,86,20,17,2,9,0,9,0.105
UWS,L20_SV64,positive,True,86,20,21,5,14,0,5,0.192
UWS,L21_SV01,negative,False,578,21,7,2,5,1,2,0.222
UWS,L21_SV01,positive,True,578,21,3,0,7,0,0,0.000
UWS,L21_SV02,negative,True,893,21,1,0,62,0,0,0.000
UWS,L21_SV02,positive,False,893,21,0,0,1,0,0,
UWS,L21_SV03,negative,False,1311,21,2,0,43,0,1,0.000
UWS,L21_SV03,positive,True,1311,21,33,2,5,1,6,0.057
UWS,L21_SV04,negative,False,2,21,2,0,55,0,1,0.000
UWS,L21_SV04,positive,True,2,21,0,0,0,0,0,
UWS,L21_SV05,negative,False,530,21,28,9,12,0,9,0.243
UWS,L21_SV05,positive,True,530,21,1,0,20,0,3,0.000
UWS,L21_SV06,negative,False,8,21,6,1,55,0,1,0.143
UWS,L21_SV06,positive,True,8,21,0,0,0,0,0,
UWS,L21_SV07,negative,True,14,21,3,0,43,0,1,0.000
UWS,L21_SV07,positive,False,14,21,6,0,10,0,4,0.000
UWS,L21_SV08,negative,True,410,21,41,4,14,0,1,0.089
UWS,L21_SV08,positive,False,410,21,0,3,29,0,3,1.000
UWS,L21_SV09,negative,False,223,21,8,3,48,0,1,0.273
UWS,L21_SV09,positive,True,223,21,1,1,0,0,0,0.500
UWS,L21_SV10,negative,False,538,21,22,4,15,1,5,0.154
UWS,L21_SV10,positive,True,538,21,5,5,29,0,0,0.500
UWS,L21_SV11,negative,False,82,21,0,0,63,0,0,
UWS,L21_SV11,positive,True,82,21,12,0,3,0,4,0.000
UWS,L21_SV12,negative,False,97,21,17,0,9,0,2,0.000
UWS,L21_SV12,positive,True,97,21,0,0,5,0,0,
UWS,L21_SV13,negative,False,284,21,15,1,34,0,5,0.062
UWS,L21_SV13,positive,True,284,21,1,0,1,0,0,0.000
UWS,L21_SV14,negative,False,566,21,14,1,6,0,2,0.067
UWS,L21_SV14,positive,True,566,21,11,0,5,0,5,0.000
UWS,L21_SV15,negative,True,748,21,6,0,3,2,2,0.000
UWS,L21_SV15,positive,False,748,21,8,1,51,0,0,0.111
UWS,L21_SV16,negative,False,24,21,2,1,59,0,0,0.333
UWS,L21_SV16,positive,True,24,21,0,0,1,0,1,
UWS,L21_SV17,negative,True,845,21,0,2,62,0,0,1.000
UWS,L21_SV17,positive,False,845,21,17,0,0,0,7,0.000
UWS,L21_SV18,negative,True,881,21,0,1,26,0,0,1.000
UWS,L21_SV18,positive,False,881,21,41,0,0,0,9,0.000
UWS,L21_SV19,negative,False,13,21,11,2,7,0,4,0.154
UWS,L21_SV19,positive,True,13,21,3,0,49,0,0,0.000
UWS,L21_SV20,negative,True,327,21,10,2,16,0,6,0.167
UWS,L21_SV20,positive,False,327,21,16,3,27,0,2,0.158
UWS,L21_SV21,negative,False,28,21,42,2,12,0,2,0.045
UWS,L21_SV21,positive,True,28,21,7,1,51,0,1,0.125
UWS,L21_SV22,negative,True,1332,21,2,0,0,0,1,0.000
UWS,L21_SV22,positive,False,1332,21,9,3,43,0,0,0.250
UWS,L21_SV23,negative,False,417,21,56,1,4,0,1,0.018
UWS,L21_SV23,positive,True,417,21,2,1,40,0,2,0.333
UWS,L21_SV24,negative,False,15,21,9,3,11,1,1,0.250
UWS,L21_SV24,positive,True,15,21,2,0,50,0,0,0.000
UWS,L21_SV25,negative,False,133,21,19,1,40,0,0,0.050
UWS,L21_SV25,positive,True,133,21,9,1,19,1,3,0.100
UWS,L21_SV26,negative,True,1074,21,18,1,26,0,9,0.053
UWS,L21_SV26,positive,False,1074,21,9,1,26,0,0,0.100
UWS,L21_SV27,negative,True,77,21,20,0,7,0,7,0.000
UWS,L21_SV27,positive,False,77,21,22,5,3,0,14,0.185
UWS,L21_SV28,negative,True,50,21,0,3,51,0,0,1.000
UWS,L21_SV28,positive,False,50,21,27,1,3,0,6,0.036
UWS,L21_SV29,negative,True,1146,21,14,1,32,0,0,0.067
UWS,L21_SV29,positive,False,1146,21,17,0,17,0,12,0.000
UWS,L21_SV30,negative,False,236,21,19,2,35,0,1,0.095
UWS,L21_SV30,positive,True,236,21,1,0,2,0,0,0.000
UWS,L21_SV31,negative,False,388,21,19,21,18,0,3,0.525
UWS,L21_SV31,positive,True,388,21,0,0,62,0,0,
UWS,L21_SV32,negative,True,46,21,0,0,0,0,0,
UWS,L21_SV32,positive,False,46,21,35,7,9,0,6,0.167
UWS,L21_SV33,negative,False,1348,21,28,0,3,1,10,0.000
UWS,L21_SV33,positive,True,1348,21,2,0,17,0,0,0.000
UWS,L21_SV34,negative,False,19,21,3,2,49,0,1,0.400
UWS,L21_SV34,positive,True,19,21,1,0,3,0,0,0.000
UWS,L21_SV35,negative,True,909,21,19,7,10,0,3,0.269
UWS,L21_SV35,positive,False,909,21,3,0,38,0,0,0.000
UWS,L21_SV36,negative,False,22,21,0,0,0,0,0,
UWS,L21_SV36,positive,True,22,21,2,1,61,0,0,0.333
UWS,L21_SV37,negative,True,48,21,6,1,35,0,1,0.143
UWS,L21_SV37,positive,False,48,21,39,1,14,0,4,0.025
UWS,L21_SV38,negative,False,211,21,13,0,27,0,3,0.000
UWS,L21_SV38,positive,True,211,21,4,1,4,0,2,0.200
UWS,L21_SV39,negative,True,234,21,1,1,17,0,2,0.500
UWS,L21_SV39,positive,False,234,21,28,7,18,0,6,0.200
UWS,L21_SV40,negative,False,110,21,27,2,11,0,14,0.069
UWS,L21_SV40,positive,True,110,21,2,0,52,0,0,0.000
UWS,L21_SV41,negative,False,349,21,10,18,11,0,0,0.643
UWS,L21_SV41,positive,True,349,21,4,2,45,0,1,0.333
UWS,L21_SV42,negative,True,108,21,15,3,21,0,2,0.167
UWS,L21_SV42,positive,False,108,21,22,1,10,0,12,0.043
UWS,L21_SV43,negative,True,341,21,4,0,45,0,2,0.000
UWS,L21_SV43,positive,False,341,21,15,0,3,0,6,0.000
UWS,L21_SV44,negative,False,146,21,18,0,8,0,21,0.000
UWS,L21_SV44,positive,True,146,21,5,0,24,0,1,0.000
UWS,L21_SV45,negative,False,1173,21,18,0,35,3,1,0.000
UWS,L21_SV45,positive,True,1173,21,10,1,18,0,3,0.091
UWS,L21_SV46,negative,False,826,21,5,0,51,0,0,0.000
UWS,L21_SV46,positive,True,826,21,11,1,14,0,3,0.083
UWS,L21_SV47,negative,False,207,21,9,1,41,0,3,0.100
UWS,L21_SV47,positive,True,207,21,15,2,14,5,0,0.118
UWS,L21_SV48,negative,False,274,21,0,0,30,0,1,
UWS,L21_SV48,positive,True,274,21,15,4,9,0,5,0.211
UWS,L21_SV49,negative,True,662,21,11,11,27,0,4,0.500
UWS,L21_SV49,positive,False,662,21,4,2,35,0,1,0.333
UWS,L21_SV50,negative,False,253,21,18,1,3,0,3,0.053
UWS,L21_SV50,positive,True,253,21,4,4,46,0,1,0.500
UWS,L21_SV51,negative,False,33,21,22,0,17,0,6,0.000
UWS,L21_SV51,positive,True,33,21,0,0,60,0,0,
UWS,L21_SV52,negative,False,1096,21,0,0,2,0,1,
UWS,L21_SV52,positive,True,1096,21,6,1,29,0,0,0.143
UWS,L21_SV53,negative,True,266,21,4,0,7,1,6,0.000
UWS,L21_SV53,positive,False,266,21,4,1,32,0,1,0.200
UWS,L21_SV54,negative,True,55,21,1,0,57,0,0,0.000
UWS,L21_SV54,positive,False,55,21,14,0,9,0,3,0.000
UWS,L21_SV55,negative,True,432,21,4,0,8,0,0,0.000
UWS,L21_SV55,positive,False,432,21,26,10,19,0,5,0.278
UWS,L21_SV56,negative,False,1103,21,0,2,33,0,0,1.000
UWS,L21_SV56,positive,True,1103,21,38,2,0,1,5,0.050
UWS,L21_SV57,negative,True,1226,21,3,0,6,3,4,0.000
UWS,L21_SV57,positive,False,1226,21,8,0,28,0,3,0.000
UWS,L21_SV58,negative,False,471,21,2,0,18,0,4,0.000
UWS,L21_SV58,positive,True,471,21,6,5,21,0,0,0.455
UWS,L21_SV59,negative,False,148,21,15,1,12,0,6,0.062
UWS,L21_SV59,positive,True,148,21,6,0,42,0,0,0.000
UWS,L21_SV60,negative,True,558,21,1,1,41,0,1,0.500
UWS,L21_SV60,positive,False,558,21,29,2,0,0,17,0.065
UWS,L21_SV61,negative,True,185,21,4,1,14,0,5,0.200
UWS,L21_SV61,positive,False,185,21,10,0,26,0,0,0.000
UWS,L21_SV62,negative,False,103,21,15,1,27,0,4,0.062
UWS,L21_SV62,positive,True,103,21,5,1,2,0,2,0.167
UWS,L21_SV63,negative,True,1354,21,10,1,28,0,4,0.091
UWS,L21_SV63,positive,False,1354,21,20,4,29,0,5,0.167
UWS,L21_SV64,negative,False,326,21,9,2,22,0,5,0.182
UWS,L21_SV64,positive,True,326,21,36,0,11,0,5,0.000
UWS,L22_SV01,negative,False,23,22,6,0,1,0,2,0.000
UWS,L22_SV01,positive,True,23,22,0,0,0,0,0,
UWS,L22_SV02,negative,False,7,22,2,0,41,0,0,0.000
UWS,L22_SV02,positive,True,7,22,0,0,0,0,0,
UWS,L22_SV03,negative,True,1469,22,0,1,23,0,3,1.000
UWS,L22_SV03,positive,False,1469,22,11,0,2,2,4,0.000
UWS,L22_SV04,negative,False,10,22,0,0,52,0,0,
UWS,L22_SV04,positive,True,10,22,0,0,0,0,0,
UWS,L22_SV05,negative,True,3,22,0,0,0,0,0,
UWS,L22_SV05,positive,False,3,22,0,1,62,0,0,1.000
UWS,L22_SV06,negative,True,21,22,0,0,0,0,0,
UWS,L22_SV06,positive,False,21,22,2,2,59,0,0,0.500
UWS,L22_SV07,negative,False,1,22,12,1,48,0,2,0.077
UWS,L22_SV07,positive,True,1,22,0,0,0,0,0,
UWS,L22_SV08,negative,True,122,22,0,0,1,0,0,
UWS,L22_SV08,positive,False,122,22,17,1,33,0,2,0.056
UWS,L22_SV09,negative,False,958,22,12,0,6,2,0,0.000
UWS,L22_SV09,positive,True,958,22,0,0,6,0,0,
UWS,L22_SV10,negative,False,16,22,2,2,47,0,0,0.500
UWS,L22_SV10,positive,True,16,22,2,0,0,0,1,0.000
UWS,L22_SV11,negative,False,39,22,14,5,38,0,1,0.263
UWS,L22_SV11,positive,True,39,22,0,0,0,0,0,
UWS,L22_SV12,negative,False,25,22,28,3,8,0,4,0.097
UWS,L22_SV12,positive,True,25,22,0,0,0,0,1,
UWS,L22_SV13,negative,True,56,22,2,0,0,0,0,0.000
UWS,L22_SV13,positive,False,56,22,19,1,20,0,16,0.050
UWS,L22_SV14,negative,False,78,22,10,1,17,1,0,0.091
UWS,L22_SV14,positive,True,78,22,15,0,7,0,3,0.000
UWS,L22_SV15,negative,False,256,22,1,0,56,0,0,0.000
UWS,L22_SV15,positive,True,256,22,7,0,1,13,6,0.000
UWS,L22_SV16,negative,False,5,22,1,0,58,0,0,0.000
UWS,L22_SV16,positive,True,5,22,0,0,0,0,0,
UWS,L22_SV17,negative,True,34,22,8,0,1,2,1,0.000
UWS,L22_SV17,positive,False,34,22,2,0,55,0,1,0.000
UWS,L22_SV18,negative,True,95,22,3,0,0,2,0,0.000
UWS,L22_SV18,positive,False,95,22,3,2,52,0,2,0.400
UWS,L22_SV19,negative,False,51,22,26,1,25,0,7,0.037
UWS,L22_SV19,positive,True,51,22,1,0,0,0,0,0.000
UWS,L22_SV20,negative,False,212,22,12,0,29,0,1,0.000
UWS,L22_SV20,positive,True,212,22,3,0,1,0,6,0.000
UWS,L22_SV21,negative,True,26,22,0,0,0,0,0,
UWS,L22_SV21,positive,False,26,22,5,1,53,0,0,0.167
UWS,L22_SV22,negative,False,18,22,9,33,21,0,0,0.786
UWS,L22_SV22,positive,True,18,22,0,0,1,0,0,
UWS,L22_SV23,negative,True,60,22,10,4,3,0,3,0.286
UWS,L22_SV23,positive,False,60,22,0,0,15,0,0,
UWS,L22_SV24,negative,False,52,22,33,1,2,0,13,0.029
UWS,L22_SV24,positive,True,52,22,4,0,49,0,3,0.000
UWS,L22_SV25,negative,True,218,22,4,2,52,0,1,0.333
UWS,L22_SV25,positive,False,218,22,1,0,0,0,0,0.000
UWS,L22_SV26,negative,False,69,22,16,8,20,0,3,0.333
UWS,L22_SV26,positive,True,69,22,1,0,0,0,0,0.000
UWS,L22_SV27,negative,True,357,22,7,6,17,0,6,0.462
UWS,L22_SV27,positive,False,357,22,4,0,29,0,0,0.000
UWS,L22_SV28,negative,False,316,22,4,1,9,0,0,0.200
UWS,L22_SV28,positive,True,316,22,14,1,16,0,1,0.067
UWS,L22_SV29,negative,True,64,22,2,2,26,0,2,0.500
UWS,L22_SV29,positive,False,64,22,3,0,1,0,2,0.000
UWS,L22_SV30,negative,False,104,22,17,0,31,0,2,0.000
UWS,L22_SV30,positive,True,104,22,8,0,1,0,0,0.000
UWS,L22_SV31,negative,False,143,22,10,0,0,0,3,0.000
UWS,L22_SV31,positive,True,143,22,11,3,34,0,2,0.214
UWS,L22_SV32,negative,True,291,22,3,1,2,1,1,0.250
UWS,L22_SV32,positive,False,291,22,35,0,15,0,1,0.000
UWS,L22_SV33,negative,False,47,22,0,1,23,0,0,1.000
UWS,L22_SV33,positive,True,47,22,37,0,0,0,13,0.000
UWS,L22_SV34,negative,False,6,22,29,2,23,1,4,0.065
UWS,L22_SV34,positive,True,6,22,0,0,0,0,0,
UWS,L22_SV35,negative,True,54,22,0,0,46,0,1,
UWS,L22_SV35,positive,False,54,22,0,0,0,0,0,
UWS,L22_SV36,negative,True,27,22,0,1,2,0,1,1.000
UWS,L22_SV36,positive,False,27,22,37,6,6,0,11,0.140
UWS,L22_SV37,negative,True,605,22,4,0,17,0,0,0.000
UWS,L22_SV37,positive,False,605,22,16,3,2,0,1,0.158
UWS,L22_SV38,negative,True,35,22,0,0,4,0,1,
UWS,L22_SV38,positive,False,35,22,19,3,14,0,4,0.136
UWS,L22_SV39,negative,False,9,22,17,1,22,0,5,0.056
UWS,L22_SV39,positive,True,9,22,0,0,0,0,0,
UWS,L22_SV40,negative,True,1431,22,2,0,0,1,3,0.000
UWS,L22_SV40,positive,False,1431,22,0,0,30,0,0,
UWS,L22_SV41,negative,True,58,22,2,4,0,0,1,0.667
UWS,L22_SV41,positive,False,58,22,6,0,34,1,2,0.000
UWS,L22_SV42,negative,False,30,22,18,2,34,0,8,0.100
UWS,L22_SV42,positive,True,30,22,1,0,0,0,0,0.000
UWS,L22_SV43,negative,False,242,22,1,0,4,4,0,0.000
UWS,L22_SV43,positive,True,242,22,12,3,29,0,0,0.200
UWS,L22_SV44,negative,True,365,22,7,0,8,0,0,0.000
UWS,L22_SV44,positive,False,365,22,6,0,36,0,1,0.000
UWS,L22_SV45,negative,True,84,22,3,0,3,1,0,0.000
UWS,L22_SV45,positive,False,84,22,2,0,39,0,2,0.000
UWS,L22_SV46,negative,True,259,22,22,8,10,1,1,0.267
UWS,L22_SV46,positive,False,259,22,1,0,3,0,0,0.000
UWS,L22_SV47,negative,False,978,22,0,0,34,0,0,
UWS,L22_SV47,positive,True,978,22,16,1,11,0,3,0.059
UWS,L22_SV48,negative,True,1048,22,3,4,7,0,0,0.571
UWS,L22_SV48,positive,False,1048,22,18,0,38,0,0,0.000
UWS,L22_SV49,negative,True,36,22,0,0,1,0,0,
UWS,L22_SV49,positive,False,36,22,1,4,48,0,1,0.800
UWS,L22_SV50,negative,True,661,22,2,0,0,0,0,0.000
UWS,L22_SV50,positive,False,661,22,0,5,44,0,0,1.000
UWS,L22_SV51,negative,False,192,22,0,0,35,0,0,
UWS,L22_SV51,positive,True,192,22,4,0,0,1,3,0.000
UWS,L22_SV52,negative,True,186,22,11,1,2,1,3,0.083
UWS,L22_SV52,positive,False,186,22,5,0,45,0,0,0.000
UWS,L22_SV53,negative,True,70,22,6,0,38,0,0,0.000
UWS,L22_SV53,positive,False,70,22,1,0,2,0,0,0.000
UWS,L22_SV54,negative,True,83,22,1,0,9,0,4,0.000
UWS,L22_SV54,positive,False,83,22,30,0,15,1,4,0.000
UWS,L22_SV55,negative,False,132,22,14,4,35,0,3,0.222
UWS,L22_SV55,positive,True,132,22,3,0,4,0,0,0.000
UWS,L22_SV56,negative,False,182,22,1,2,48,0,0,0.667
UWS,L22_SV56,positive,True,182,22,6,0,1,0,2,0.000
UWS,L22_SV57,negative,True,172,22,10,2,13,0,2,0.167
UWS,L22_SV57,positive,False,172,22,5,2,11,0,8,0.286
UWS,L22_SV58,negative,True,32,22,4,0,60,0,0,0.000
UWS,L22_SV58,positive,False,32,22,3,1,4,0,4,0.250
UWS,L22_SV59,negative,True,841,22,7,5,36,0,2,0.417
UWS,L22_SV59,positive,False,841,22,7,0,12,0,1,0.000
UWS,L22_SV60,negative,False,42,22,3,0,41,0,0,0.000
UWS,L22_SV60,positive,True,42,22,0,0,1,0,1,
UWS,L22_SV61,negative,True,91,22,0,0,0,0,1,
UWS,L22_SV61,positive,False,91,22,1,1,51,0,0,0.500
UWS,L22_SV62,negative,True,81,22,1,0,51,0,2,0.000
UWS,L22_SV62,positive,False,81,22,2,6,15,0,5,0.750
UWS,L22_SV63,negative,False,129,22,0,0,52,0,0,
UWS,L22_SV63,positive,True,129,22,1,0,5,1,1,0.000
UWS,L22_SV64,negative,True,85,22,3,0,10,0,0,0.000
UWS,L22_SV64,positive,False,85,22,6,0,25,0,1,0.000
GSS,L00_SV01,negative,False,148,0,0,0,64,0,0,
GSS,L00_SV01,positive,True,148,0,3,0,1,0,1,0.000
GSS,L00_SV02,negative,False,1467,0,47,0,0,0,6,0.000
GSS,L00_SV02,positive,True,1467,0,62,0,1,0,0,0.000
GSS,L00_SV03,negative,True,1410,0,0,0,0,0,0,
GSS,L00_SV03,positive,False,1410,0,0,0,64,0,0,
GSS,L00_SV04,negative,False,1376,0,47,0,0,0,7,0.000
GSS,L00_SV04,positive,True,1376,0,55,1,5,0,0,0.018
GSS,L00_SV05,negative,True,1267,0,1,0,0,0,7,0.000
GSS,L00_SV05,positive,False,1267,0,38,0,0,0,0,0.000
GSS,L00_SV06,negative,True,1313,0,0,0,0,0,0,
GSS,L00_SV06,positive,False,1313,0,3,0,43,0,0,0.000
GSS,L00_SV07,negative,False,843,0,5,0,2,0,0,0.000
GSS,L00_SV07,positive,True,843,0,26,7,0,0,29,0.212
GSS,L00_SV08,negative,True,211,0,0,0,0,0,0,
GSS,L00_SV08,positive,False,211,0,54,1,9,0,0,0.018
GSS,L00_SV09,negative,True,1239,0,16,0,0,0,42,0.000
GSS,L00_SV09,positive,False,1239,0,1,47,1,1,0,0.979
GSS,L00_SV10,negative,True,622,0,31,0,19,0,5,0.000
GSS,L00_SV10,positive,False,622,0,57,7,0,0,0,0.109
GSS,L00_SV11,negative,False,190,0,9,0,43,0,3,0.000
GSS,L00_SV11,positive,True,190,0,0,0,0,0,0,
GSS,L00_SV12,negative,False,881,0,53,0,5,0,0,0.000
GSS,L00_SV12,positive,True,881,0,21,3,0,0,19,0.125
GSS,L00_SV13,negative,False,1351,0,32,0,0,0,32,0.000
GSS,L00_SV13,positive,True,1351,0,0,0,0,0,0,
GSS,L00_SV14,negative,True,1069,0,12,24,19,0,6,0.667
GSS,L00_SV14,positive,False,1069,0,32,0,0,0,6,0.000
GSS,L00_SV15,negative,False,1421,0,0,0,9,0,1,
GSS,L00_SV15,positive,True,1421,0,12,0,0,0,15,0.000
GSS,L00_SV16,negative,True,1028,0,28,0,0,0,29,0.000
GSS,L00_SV16,positive,False,1028,0,25,30,9,0,0,0.545
GSS,L00_SV17,negative,True,1260,0,56,1,0,0,6,0.018
GSS,L00_SV17,positive,False,1260,0,1,0,35,0,0,0.000
GSS,L00_SV18,negative,True,930,0,20,14,11,0,19,0.412
GSS,L00_SV18,positive,False,930,0,0,0,0,0,0,
GSS,L00_SV19,negative,True,1435,0,0,0,51,0,0,
GSS,L00_SV19,positive,False,1435,0,10,0,0,0,1,0.000
GSS,L00_SV20,negative,False,1112,0,58,0,0,0,4,0.000
GSS,L00_SV20,positive,True,1112,0,1,0,17,0,5,0.000
GSS,L00_SV21,negative,False,972,0,57,0,2,0,0,0.000
GSS,L00_SV21,positive,True,972,0,0,37,22,0,0,1.000
GSS,L00_SV22,negative,False,1414,0,0,0,0,0,0,
GSS,L00_SV22,positive,True,1414,0,39,2,3,0,20,0.049
GSS,L00_SV23,negative,True,1388,0,21,0,0,0,29,0.000
GSS,L00_SV23,positive,False,1388,0,23,2,39,0,0,0.080
GSS,L00_SV24,negative,False,563,0,0,0,0,0,0,
GSS,L00_SV24,positive,True,563,0,11,0,0,0,3,0.000
GSS,L00_SV25,negative,True,208,0,1,0,0,0,3,0.000
GSS,L00_SV25,positive,False,208,0,22,0,32,0,5,0.000
GSS,L00_SV26,negative,False,250,0,59,2,0,1,1,0.033
GSS,L00_SV26,positive,True,250,0,3,42,3,0,5,0.933
GSS,L00_SV27,negative,True,1307,0,46,0,0,0,18,0.000
GSS,L00_SV27,positive,False,1307,0,0,0,0,0,0,
GSS,L00_SV28,negative,True,1331,0,5,0,0,2,1,0.000
GSS,L00_SV28,positive,False,1331,0,29,17,8,0,6,0.370
GSS,L00_SV29,negative,True,1375,0,2,0,56,0,6,0.000
GSS,L00_SV29,positive,False,1375,0,55,0,0,0,1,0.000
GSS,L00_SV30,negative,True,420,0,37,0,0,0,13,0.000
GSS,L00_SV30,positive,False,420,0,21,0,43,0,0,0.000
GSS,L00_SV31,negative,False,751,0,23,0,1,0,0,0.000
GSS,L00_SV31,positive,True,751,0,1,16,0,0,34,0.941
GSS,L00_SV32,negative,True,1381,0,19,10,8,0,20,0.345
GSS,L00_SV32,positive,False,1381,0,39,0,7,0,1,0.000
GSS,L00_SV33,negative,True,621,0,59,3,0,1,0,0.048
GSS,L00_SV33,positive,False,621,0,8,37,0,0,7,0.822
GSS,L00_SV34,negative,False,1172,0,2,0,62,0,0,0.000
GSS,L00_SV34,positive,True,1172,0,0,0,50,0,1,
GSS,L00_SV35,negative,True,55,0,39,7,0,0,1,0.152
GSS,L00_SV35,positive,False,55,0,50,0,0,0,12,0.000
GSS,L00_SV36,negative,False,228,0,5,0,0,0,1,0.000
GSS,L00_SV36,positive,True,228,0,22,0,30,0,6,0.000
GSS,L00_SV37,negative,True,1292,0,40,8,0,0,1,0.167
GSS,L00_SV37,positive,False,1292,0,40,0,12,0,7,0.000
GSS,L00_SV38,negative,False,1224,0,13,0,6,0,2,0.000
GSS,L00_SV38,positive,True,1224,0,26,0,0,0,15,0.000
GSS,L00_SV39,negative,False,191,0,0,61,1,0,0,1.000
GSS,L00_SV39,positive,True,191,0,44,4,0,0,11,0.083
GSS,L00_SV40,negative,False,1314,0,29,0,0,0,3,0.000
GSS,L00_SV40,positive,True,1314,0,59,0,0,0,5,0.000
GSS,L00_SV41,negative,True,1422,0,60,0,3,0,0,0.000
GSS,L00_SV41,positive,False,1422,0,16,6,26,0,14,0.273
GSS,L00_SV42,negative,True,690,0,8,8,8,0,4,0.500
GSS,L00_SV42,positive,False,690,0,63,0,0,0,1,0.000
GSS,L00_SV43,negative,False,838,0,39,1,2,0,22,0.025
GSS,L00_SV43,positive,True,838,0,41,16,0,0,2,0.281
GSS,L00_SV44,negative,True,589,0,17,0,0,0,33,0.000
GSS,L00_SV44,positive,False,589,0,1,62,0,0,0,0.984
GSS,L00_SV45,negative,True,910,0,56,0,0,0,3,0.000
GSS,L00_SV45,positive,False,910,0,8,5,22,0,17,0.385
GSS,L00_SV46,negative,True,689,0,39,17,2,0,0,0.304
GSS,L00_SV46,positive,False,689,0,2,0,5,2,9,0.000
GSS,L00_SV47,negative,True,485,0,30,8,0,0,20,0.211
GSS,L00_SV47,positive,False,485,0,5,0,53,0,0,0.000
GSS,L00_SV48,negative,True,1324,0,31,0,0,0,13,0.000
GSS,L00_SV48,positive,False,1324,0,1,2,0,0,0,0.667
GSS,L00_SV49,negative,True,1288,0,30,0,0,0,14,0.000
GSS,L00_SV49,positive,False,1288,0,6,38,4,2,9,0.864
GSS,L00_SV50,negative,True,1412,0,0,0,0,0,0,
GSS,L00_SV50,positive,False,1412,0,30,33,1,0,0,0.524
GSS,L00_SV51,negative,False,308,0,59,3,0,0,0,0.048
GSS,L00_SV51,positive,True,308,0,13,0,2,0,22,0.000
GSS,L00_SV52,negative,True,679,0,55,0,0,0,9,0.000
GSS,L00_SV52,positive,False,679,0,4,46,3,0,3,0.920
GSS,L00_SV53,negative,False,634,0,14,10,25,0,11,0.417
GSS,L00_SV53,positive,True,634,0,60,0,0,0,0,0.000
GSS,L00_SV54,negative,True,681,0,40,0,0,0,3,0.000
GSS,L00_SV54,positive,False,681,0,25,3,3,0,11,0.107
GSS,L00_SV55,negative,False,637,0,18,0,0,0,31,0.000
GSS,L00_SV55,positive,True,637,0,21,6,36,0,0,0.222
GSS,L00_SV56,negative,True,1218,0,9,55,0,0,0,0.859
GSS,L00_SV56,positive,False,1218,0,2,0,46,0,7,0.000
GSS,L00_SV57,negative,False,1016,0,11,0,0,2,23,0.000
GSS,L00_SV57,positive,True,1016,0,0,0,64,0,0,
GSS,L00_SV58,negative,False,825,0,42,0,19,0,2,0.000
GSS,L00_SV58,positive,True,825,0,13,0,46,0,0,0.000
GSS,L00_SV59,negative,False,1427,0,29,0,0,0,17,0.000
GSS,L00_SV59,positive,True,1427,0,14,0,43,0,0,0.000
GSS,L00_SV60,negative,True,1411,0,4,0,60,0,0,0.000
GSS,L00_SV60,positive,False,1411,0,10,0,0,0,12,0.000
GSS,L00_SV61,negative,True,627,0,2,0,0,0,1,0.000
GSS,L00_SV61,positive,False,627,0,40,0,5,0,18,0.000
GSS,L00_SV62,negative,False,739,0,46,5,7,0,5,0.098
GSS,L00_SV62,positive,True,739,0,55,0,0,0,0,0.000
GSS,L00_SV63,negative,False,1284,0,10,0,0,0,10,0.000
GSS,L00_SV63,positive,True,1284,0,57,4,0,0,0,0.066
GSS,L00_SV64,negative,True,1252,0,43,0,0,0,13,0.000
GSS,L00_SV64,positive,False,1252,0,0,0,41,0,3,
GSS,L01_SV01,negative,True,6,1,0,0,0,0,0,
GSS,L01_SV01,positive,False,6,1,0,0,62,0,0,
GSS,L01_SV02,negative,False,1458,1,37,0,0,0,21,0.000
GSS,L01_SV02,positive,True,1458,1,0,0,64,0,0,
GSS,L01_SV03,negative,False,11,1,31,6,24,1,0,0.162
GSS,L01_SV03,positive,True,11,1,0,0,0,0,0,
GSS,L01_SV04,negative,False,1437,1,44,0,0,0,2,0.000
GSS,L01_SV04,positive,True,1437,1,8,1,1,0,0,0.111
GSS,L01_SV05,negative,False,1056,1,25,15,8,0,7,0.375
GSS,L01_SV05,positive,True,1056,1,0,0,0,0,0,
GSS,L01_SV06,negative,True,1402,1,59,0,0,0,5,0.000
GSS,L01_SV06,positive,False,1402,1,0,1,26,0,1,1.000
GSS,L01_SV07,negative,False,419,1,53,2,9,0,0,0.036
GSS,L01_SV07,positive,True,419,1,6,0,0,0,13,0.000
GSS,L01_SV08,negative,False,1051,1,4,3,51,0,0,0.429
GSS,L01_SV08,positive,True,1051,1,15,0,0,0,45,0.000
GSS,L01_SV09,negative,False,108,1,10,0,0,0,0,0.000
GSS,L01_SV09,positive,True,108,1,24,4,16,0,20,0.143
GSS,L01_SV10,negative,True,97,1,26,4,16,0,3,0.133
GSS,L01_SV10,positive,False,97,1,34,0,0,0,26,0.000
GSS,L01_SV11,negative,False,1378,1,6,0,9,0,0,0.000
GSS,L01_SV11,positive,True,1378,1,12,0,2,0,49,0.000
GSS,L01_SV12,negative,False,601,1,14,16,14,0,2,0.533
GSS,L01_SV12,positive,True,601,1,9,5,1,0,0,0.357
GSS,L01_SV13,negative,False,73,1,1,0,61,0,0,0.000
GSS,L01_SV13,positive,True,73,1,2,0,3,0,1,0.000
GSS,L01_SV14,negative,True,205,1,0,0,0,0,0,
GSS,L01_SV14,positive,False,205,1,0,0,10,0,0,
GSS,L01_SV15,negative,False,1246,1,9,10,21,0,0,0.526
GSS,L01_SV15,positive,True,1246,1,38,1,0,0,25,0.026
GSS,L01_SV16,negative,False,1383,1,9,0,0,0,5,0.000
GSS,L01_SV16,positive,True,1383,1,0,0,64,0,0,
GSS,L01_SV17,negative,False,640,1,32,13,1,0,17,0.289
GSS,L01_SV17,positive,True,640,1,0,0,0,0,0,
GSS,L01_SV18,negative,False,51,1,3,3,2,0,3,0.500
GSS,L01_SV18,positive,True,51,1,45,13,0,0,2,0.224
GSS,L01_SV19,negative,True,884,1,1,1,0,0,0,0.500
GSS,L01_SV19,positive,False,884,1,50,0,9,0,5,0.000
GSS,L01_SV20,negative,True,504,1,14,0,0,0,17,0.000
GSS,L01_SV20,positive,False,504,1,55,0,7,0,2,0.000
GSS,L01_SV21,negative,False,295,1,41,3,10,0,5,0.068
GSS,L01_SV21,positive,True,295,1,15,0,3,0,7,0.000
GSS,L01_SV22,negative,False,799,1,37,2,12,0,3,0.051
GSS,L01_SV22,positive,True,799,1,24,2,5,0,12,0.077
GSS,L01_SV23,negative,False,1413,1,49,3,1,0,11,0.058
GSS,L01_SV23,positive,True,1413,1,1,0,0,0,0,0.000
GSS,L01_SV24,negative,False,1455,1,4,0,59,0,1,0.000
GSS,L01_SV24,positive,True,1455,1,9,0,0,0,21,0.000
GSS,L01_SV25,negative,False,1394,1,15,0,48,0,0,0.000
GSS,L01_SV25,positive,True,1394,1,0,13,0,0,2,1.000
GSS,L01_SV26,negative,True,1120,1,37,7,9,0,11,0.159
GSS,L01_SV26,positive,False,1120,1,0,0,0,6,0,
GSS,L01_SV27,negative,True,600,1,15,0,49,0,0,0.000
GSS,L01_SV27,positive,False,600,1,13,3,2,0,15,0.188
GSS,L01_SV28,negative,False,929,1,3,0,0,2,3,0.000
GSS,L01_SV28,positive,True,929,1,59,0,0,0,5,0.000
GSS,L01_SV29,negative,True,25,1,21,20,2,0,1,0.488
GSS,L01_SV29,positive,False,25,1,50,0,0,0,11,0.000
GSS,L01_SV30,negative,False,262,1,32,4,12,1,0,0.111
GSS,L01_SV30,positive,True,262,1,0,0,0,0,0,
GSS,L01_SV31,negative,True,1022,1,0,1,6,0,2,1.000
GSS,L01_SV31,positive,False,1022,1,62,0,0,0,2,0.000
GSS,L01_SV32,negative,False,1367,1,25,5,0,0,5,0.167
GSS,L01_SV32,positive,True,1367,1,51,0,3,0,9,0.000
GSS,L01_SV33,negative,True,963,1,0,0,26,0,15,
GSS,L01_SV33,positive,False,963,1,48,8,0,0,3,0.143
GSS,L01_SV34,negative,True,660,1,0,0,59,0,0,
GSS,L01_SV34,positive,False,660,1,38,15,4,0,6,0.283
GSS,L01_SV35,negative,False,1038,1,9,4,0,0,4,0.308
GSS,L01_SV35,positive,True,1038,1,18,0,9,0,0,0.000
GSS,L01_SV36,negative,False,1420,1,64,0,0,0,0,0.000
GSS,L01_SV36,positive,True,1420,1,0,0,0,0,2,
GSS,L01_SV37,negative,False,1409,1,4,0,0,0,6,0.000
GSS,L01_SV37,positive,True,1409,1,3,5,45,0,0,0.625
GSS,L01_SV38,negative,True,1359,1,22,36,1,0,5,0.621
GSS,L01_SV38,positive,False,1359,1,0,0,0,0,2,
GSS,L01_SV39,negative,False,487,1,6,14,40,0,1,0.700
GSS,L01_SV39,positive,True,487,1,25,10,3,0,22,0.286
GSS,L01_SV40,negative,True,752,1,47,17,0,0,0,0.266
GSS,L01_SV40,positive,False,752,1,8,0,0,0,10,0.000
GSS,L01_SV41,negative,False,569,1,55,0,0,0,6,0.000
GSS,L01_SV41,positive,True,569,1,2,17,2,0,0,0.895
GSS,L01_SV42,negative,False,1322,1,16,0,9,0,0,0.000
GSS,L01_SV42,positive,True,1322,1,23,0,5,0,32,0.000
GSS,L01_SV43,negative,False,987,1,22,10,31,0,1,0.312
GSS,L01_SV43,positive,True,987,1,15,7,0,0,19,0.318
GSS,L01_SV44,negative,True,1382,1,12,0,51,0,0,0.000
GSS,L01_SV44,positive,False,1382,1,17,0,0,1,1,0.000
GSS,L01_SV45,negative,False,305,1,42,0,0,0,1,0.000
GSS,L01_SV45,positive,True,305,1,57,0,0,0,7,0.000
GSS,L01_SV46,negative,True,617,1,8,0,55,0,0,0.000
GSS,L01_SV46,positive,False,617,1,24,4,0,0,17,0.143
GSS,L01_SV47,negative,True,533,1,11,4,1,0,6,0.267
GSS,L01_SV47,positive,False,533,1,46,11,0,0,4,0.193
GSS,L01_SV48,negative,False,56,1,39,0,4,0,19,0.000
GSS,L01_SV48,positive,True,56,1,0,0,2,0,0,
GSS,L01_SV49,negative,False,948,1,13,1,45,0,1,0.071
GSS,L01_SV49,positive,True,948,1,6,0,0,0,0,0.000
GSS,L01_SV50,negative,False,1174,1,9,30,23,1,0,0.769
GSS,L01_SV50,positive,True,1174,1,24,0,0,1,36,0.000
GSS,L01_SV51,negative,True,1333,1,0,0,13,0,0,
GSS,L01_SV51,positive,False,1333,1,15,2,0,0,36,0.118
GSS,L01_SV52,negative,True,278,1,31,9,0,0,21,0.225
GSS,L01_SV52,positive,False,278,1,6,2,51,0,1,0.250
GSS,L01_SV53,negative,True,1387,1,5,0,12,0,0,0.000
GSS,L01_SV53,positive,False,1387,1,2,0,0,0,13,0.000
GSS,L01_SV54,negative,True,611,1,31,4,19,0,6,0.114
GSS,L01_SV54,positive,False,611,1,13,0,0,0,11,0.000
GSS,L01_SV55,negative,False,571,1,1,5,0,0,0,0.833
GSS,L01_SV55,positive,True,571,1,51,0,1,0,10,0.000
GSS,L01_SV56,negative,False,222,1,2,38,1,0,3,0.950
GSS,L01_SV56,positive,True,222,1,61,0,0,0,1,0.000
GSS,L01_SV57,negative,False,1279,1,31,0,0,4,6,0.000
GSS,L01_SV57,positive,True,1279,1,38,0,23,0,2,0.000
GSS,L01_SV58,negative,False,695,1,59,0,0,0,0,0.000
GSS,L01_SV58,positive,True,695,1,0,0,0,0,0,
GSS,L01_SV59,negative,True,1012,1,30,4,18,0,9,0.118
GSS,L01_SV59,positive,False,1012,1,23,0,1,0,0,0.000
GSS,L01_SV60,negative,False,1008,1,5,0,0,1,24,0.000
GSS,L01_SV60,positive,True,1008,1,59,3,2,0,0,0.048
GSS,L01_SV61,negative,True,39,1,47,0,0,0,4,0.000
GSS,L01_SV61,positive,False,39,1,16,10,2,0,8,0.385
GSS,L01_SV62,negative,True,1026,1,8,2,0,0,20,0.200
GSS,L01_SV62,positive,False,1026,1,28,0,0,0,0,0.000
GSS,L01_SV63,negative,False,1327,1,0,0,7,0,1,
GSS,L01_SV63,positive,True,1327,1,64,0,0,0,0,0.000
GSS,L01_SV64,negative,True,345,1,8,2,0,4,16,0.200
GSS,L01_SV64,positive,False,345,1,40,0,13,0,2,0.000
GSS,L02_SV01,negative,True,3,2,1,1,0,0,0,0.500
GSS,L02_SV01,positive,False,3,2,10,0,3,0,9,0.000
GSS,L02_SV02,negative,True,1460,2,0,0,64,0,0,
GSS,L02_SV02,positive,False,1460,2,49,0,0,0,14,0.000
GSS,L02_SV03,negative,False,424,2,0,0,64,0,0,
GSS,L02_SV03,positive,True,424,2,0,0,0,0,0,
GSS,L02_SV04,negative,False,1466,2,49,0,0,0,8,0.000
GSS,L02_SV04,positive,True,1466,2,38,0,26,0,0,0.000
GSS,L02_SV05,negative,False,701,2,40,5,1,0,5,0.111
GSS,L02_SV05,positive,True,701,2,0,0,0,0,0,
GSS,L02_SV06,negative,True,185,2,38,0,0,0,11,0.000
GSS,L02_SV06,positive,False,185,2,3,2,42,0,1,0.400
GSS,L02_SV07,negative,True,1212,2,4,0,17,0,1,0.000
GSS,L02_SV07,positive,False,1212,2,34,0,0,0,4,0.000
GSS,L02_SV08,negative,True,251,2,13,2,3,0,6,0.133
GSS,L02_SV08,positive,False,251,2,17,2,35,0,7,0.105
GSS,L02_SV09,negative,True,1319,2,0,0,0,0,0,
GSS,L02_SV09,positive,False,1319,2,30,1,24,0,9,0.032
GSS,L02_SV10,negative,False,527,2,12,2,33,0,0,0.143
GSS,L02_SV10,positive,True,527,2,14,0,0,0,45,0.000
GSS,L02_SV11,negative,False,294,2,14,1,1,0,6,0.067
GSS,L02_SV11,positive,True,294,2,6,6,13,0,5,0.500
GSS,L02_SV12,negative,False,802,2,43,5,14,0,2,0.104
GSS,L02_SV12,positive,True,802,2,23,0,0,1,27,0.000
GSS,L02_SV13,negative,True,500,2,37,2,0,0,25,0.051
GSS,L02_SV13,positive,False,500,2,16,0,23,0,0,0.000
GSS,L02_SV14,negative,True,1346,2,17,0,0,0,41,0.000
GSS,L02_SV14,positive,False,1346,2,28,0,3,5,0,0.000
GSS,L02_SV15,negative,False,216,2,1,0,3,0,0,0.000
GSS,L02_SV15,positive,True,216,2,35,1,6,0,17,0.028
GSS,L02_SV16,negative,True,1232,2,52,3,0,0,6,0.055
GSS,L02_SV16,positive,False,1232,2,2,0,38,0,2,0.000
GSS,L02_SV17,negative,False,1371,2,44,3,11,0,6,0.064
GSS,L02_SV17,positive,True,1371,2,0,0,0,0,0,
GSS,L02_SV18,negative,True,1419,2,0,1,63,0,0,1.000
GSS,L02_SV18,positive,False,1419,2,2,0,0,0,11,0.000
GSS,L02_SV19,negative,True,958,2,35,4,0,0,18,0.103
GSS,L02_SV19,positive,False,958,2,26,5,16,0,4,0.161
GSS,L02_SV20,negative,True,1068,2,35,19,1,0,5,0.352
GSS,L02_SV20,positive,False,1068,2,4,0,2,1,3,0.000
GSS,L02_SV21,negative,False,326,2,3,0,0,0,2,0.000
GSS,L02_SV21,positive,True,326,2,25,14,23,0,1,0.359
GSS,L02_SV22,negative,False,450,2,3,0,0,0,2,0.000
GSS,L02_SV22,positive,True,450,2,9,23,3,0,4,0.719
GSS,L02_SV23,negative,True,1395,2,14,35,0,0,15,0.714
GSS,L02_SV23,positive,False,1395,2,0,0,0,0,0,
GSS,L02_SV24,negative,True,1369,2,55,1,1,0,6,0.018
GSS,L02_SV24,positive,False,1369,2,29,0,0,0,17,0.000
GSS,L02_SV25,negative,True,1308,2,37,22,4,0,0,0.373
GSS,L02_SV25,positive,False,1308,2,2,5,8,1,0,0.714
GSS,L02_SV26,negative,True,1424,2,32,1,20,0,0,0.030
GSS,L02_SV26,positive,False,1424,2,0,0,1,0,2,
GSS,L02_SV27,negative,False,15,2,35,0,0,0,3,0.000
GSS,L02_SV27,positive,True,15,2,0,0,2,0,0,
GSS,L02_SV28,negative,True,1083,2,15,35,9,0,5,0.700
GSS,L02_SV28,positive,False,1083,2,25,0,0,0,2,0.000
GSS,L02_SV29,negative,False,1291,2,35,8,15,0,1,0.186
GSS,L02_SV29,positive,True,1291,2,24,0,1,0,8,0.000
GSS,L02_SV30,negative,False,769,2,64,0,0,0,0,0.000
GSS,L02_SV30,positive,True,769,2,0,0,0,0,1,
GSS,L02_SV31,negative,False,1233,2,8,43,2,0,0,0.843
GSS,L02_SV31,positive,True,1233,2,38,0,0,0,16,0.000
GSS,L02_SV32,negative,False,1408,2,19,3,39,0,3,0.136
GSS,L02_SV32,positive,True,1408,2,40,1,0,0,6,0.024
GSS,L02_SV33,negative,False,9,2,31,4,3,0,14,0.114
GSS,L02_SV33,positive,True,9,2,1,1,0,0,0,0.500
GSS,L02_SV34,negative,False,1181,2,4,4,54,0,0,0.500
GSS,L02_SV34,positive,True,1181,2,13,0,0,1,19,0.000
GSS,L02_SV35,negative,True,338,2,20,13,0,0,15,0.394
GSS,L02_SV35,positive,False,338,2,59,0,2,0,3,0.000
GSS,L02_SV36,negative,True,1270,2,62,0,0,0,0,0.000
GSS,L02_SV36,positive,False,1270,2,22,0,6,0,11,0.000
GSS,L02_SV37,negative,True,546,2,0,1,1,0,0,1.000
GSS,L02_SV37,positive,False,546,2,33,0,0,0,28,0.000
GSS,L02_SV38,negative,True,1251,2,7,24,33,0,0,0.774
GSS,L02_SV38,positive,False,1251,2,2,0,0,0,20,0.000
GSS,L02_SV39,negative,False,583,2,52,1,9,0,2,0.019
GSS,L02_SV39,positive,True,583,2,34,8,0,0,7,0.190
GSS,L02_SV40,negative,True,731,2,16,20,26,0,1,0.556
GSS,L02_SV40,positive,False,731,2,3,0,1,0,3,0.000
GSS,L02_SV41,negative,False,169,2,45,1,1,0,0,0.022
GSS,L02_SV41,positive,True,169,2,0,0,0,0,1,
GSS,L02_SV42,negative,False,1096,2,8,14,41,0,0,0.636
GSS,L02_SV42,positive,True,1096,2,15,0,0,0,15,0.000
GSS,L02_SV43,negative,False,1438,2,9,7,26,8,3,0.438
GSS,L02_SV43,positive,True,1438,2,39,5,6,0,6,0.114
GSS,L02_SV44,negative,False,1317,2,56,0,3,0,2,0.000
GSS,L02_SV44,positive,True,1317,2,1,0,0,0,3,0.000
GSS,L02_SV45,negative,True,1442,2,27,34,0,0,3,0.557
GSS,L02_SV45,positive,False,1442,2,2,0,0,0,3,0.000
GSS,L02_SV46,negative,False,905,2,0,0,3,0,0,
GSS,L02_SV46,positive,True,905,2,5,34,23,0,0,0.872
GSS,L02_SV47,negative,False,1009,2,14,1,8,0,2,0.067
GSS,L02_SV47,positive,True,1009,2,45,0,0,0,19,0.000
GSS,L02_SV48,negative,False,240,2,0,2,62,0,0,1.000
GSS,L02_SV48,positive,True,240,2,3,3,2,0,2,0.500
GSS,L02_SV49,negative,False,1312,2,0,1,63,0,0,1.000
GSS,L02_SV49,positive,True,1312,2,16,0,0,0,39,0.000
GSS,L02_SV50,negative,False,1389,2,36,11,16,0,0,0.234
GSS,L02_SV50,positive,True,1389,2,9,0,1,0,2,0.000
GSS,L02_SV51,negative,True,374,2,33,0,6,0,9,0.000
GSS,L02_SV51,positive,False,374,2,22,27,0,0,7,0.551
GSS,L02_SV52,negative,True,368,2,12,2,19,0,15,0.143
GSS,L02_SV52,positive,False,368,2,59,0,0,0,5,0.000
GSS,L02_SV53,negative,False,286,2,2,3,3,1,4,0.600
GSS,L02_SV53,positive,True,286,2,2,0,57,0,4,0.000
GSS,L02_SV54,negative,False,1179,2,0,0,57,0,0,
GSS,L02_SV54,positive,True,1179,2,5,0,0,0,4,0.000
GSS,L02_SV55,negative,True,1368,2,0,0,2,0,0,
GSS,L02_SV55,positive,False,1368,2,15,17,0,0,12,0.531
GSS,L02_SV56,negative,False,1374,2,57,0,1,0,3,0.000
GSS,L02_SV56,positive,True,1374,2,36,0,0,9,14,0.000
GSS,L02_SV57,negative,False,502,2,55,0,0,0,6,0.000
GSS,L02_SV57,positive,True,502,2,4,2,0,0,1,0.333
GSS,L02_SV58,negative,False,913,2,18,0,22,0,13,0.000
GSS,L02_SV58,positive,True,913,2,21,25,1,0,9,0.543
GSS,L02_SV59,negative,True,988,2,2,4,0,0,1,0.667
GSS,L02_SV59,positive,False,988,2,37,0,1,0,17,0.000
GSS,L02_SV60,negative,True,875,2,10,35,0,0,6,0.778
GSS,L02_SV60,positive,False,875,2,53,0,0,0,1,0.000
GSS,L02_SV61,negative,False,670,2,45,2,0,0,1,0.043
GSS,L02_SV61,positive,True,670,2,29,0,0,0,3,0.000
GSS,L02_SV62,negative,True,4,2,0,0,0,0,0,
GSS,L02_SV62,positive,False,4,2,31,0,26,0,1,0.000
GSS,L02_SV63,negative,True,1294,2,47,1,2,0,13,0.021
GSS,L02_SV63,positive,False,1294,2,52,0,0,0,0,0.000
GSS,L02_SV64,negative,False,200,2,43,5,11,0,2,0.104
GSS,L02_SV64,positive,True,200,2,22,22,3,0,4,0.500
GSS,L03_SV01,negative,False,20,3,0,0,63,0,0,
GSS,L03_SV01,positive,True,20,3,0,0,0,0,0,
GSS,L03_SV02,negative,True,1461,3,0,0,64,0,0,
GSS,L03_SV02,positive,False,1461,3,51,0,0,0,11,0.000
GSS,L03_SV03,negative,False,1272,3,50,1,3,0,3,0.020
GSS,L03_SV03,positive,True,1272,3,0,0,0,0,0,
GSS,L03_SV04,negative,False,1398,3,43,1,1,0,1,0.023
GSS,L03_SV04,positive,True,1398,3,0,0,0,0,0,
GSS,L03_SV05,negative,False,320,3,48,8,0,0,6,0.143
GSS,L03_SV05,positive,True,320,3,0,0,0,0,0,
GSS,L03_SV06,negative,False,584,3,42,12,8,0,2,0.222
GSS,L03_SV06,positive,True,584,3,0,0,0,0,1,
GSS,L03_SV07,negative,False,1385,3,0,0,1,0,0,
GSS,L03_SV07,positive,True,1385,3,33,0,0,0,30,0.000
GSS,L03_SV08,negative,True,1262,3,23,2,33,1,2,0.080
GSS,L03_SV08,positive,False,1262,3,3,0,0,0,0,0.000
GSS,L03_SV09,negative,False,561,3,24,1,39,0,0,0.040
GSS,L03_SV09,positive,True,561,3,14,0,0,1,20,0.000
GSS,L03_SV10,negative,True,1433,3,38,18,0,0,8,0.321
GSS,L03_SV10,positive,False,1433,3,7,0,0,0,4,0.000
GSS,L03_SV11,negative,False,1390,3,3,7,2,0,9,0.700
GSS,L03_SV11,positive,True,1390,3,57,1,2,1,0,0.017
GSS,L03_SV12,negative,True,1332,3,34,5,3,0,22,0.128
GSS,L03_SV12,positive,False,1332,3,0,0,16,0,0,
GSS,L03_SV13,negative,False,1227,3,5,1,1,0,31,0.167
GSS,L03_SV13,positive,True,1227,3,20,3,40,1,0,0.130
GSS,L03_SV14,negative,True,620,3,15,8,24,0,5,0.348
GSS,L03_SV14,positive,False,620,3,16,0,17,0,6,0.000
GSS,L03_SV15,negative,True,885,3,17,36,4,0,3,0.679
GSS,L03_SV15,positive,False,885,3,45,0,0,0,5,0.000
GSS,L03_SV16,negative,False,1397,3,24,7,22,0,6,0.226
GSS,L03_SV16,positive,True,1397,3,23,0,1,0,25,0.000
GSS,L03_SV17,negative,False,1404,3,3,0,60,0,0,0.000
GSS,L03_SV17,positive,True,1404,3,0,0,0,0,2,
GSS,L03_SV18,negative,True,801,3,1,0,0,0,0,0.000
GSS,L03_SV18,positive,False,801,3,14,0,8,0,1,0.000
GSS,L03_SV19,negative,False,1,3,43,0,0,0,21,0.000
GSS,L03_SV19,positive,True,1,3,0,0,0,0,0,
GSS,L03_SV20,negative,False,1358,3,0,0,32,0,0,
GSS,L03_SV20,positive,True,1358,3,34,3,10,0,14,0.081
GSS,L03_SV21,negative,False,1176,3,0,1,0,0,0,1.000
GSS,L03_SV21,positive,True,1176,3,12,0,48,0,1,0.000
GSS,L03_SV22,negative,False,573,3,6,11,1,0,12,0.647
GSS,L03_SV22,positive,True,573,3,62,0,0,0,1,0.000
GSS,L03_SV23,negative,True,1274,3,34,1,12,0,0,0.029
GSS,L03_SV23,positive,False,1274,3,27,0,0,0,21,0.000
GSS,L03_SV24,negative,False,996,3,17,6,8,0,3,0.261
GSS,L03_SV24,positive,True,996,3,22,0,0,0,19,0.000
GSS,L03_SV25,negative,True,849,3,25,0,0,24,4,0.000
GSS,L03_SV25,positive,False,849,3,21,13,29,0,0,0.382
GSS,L03_SV26,negative,False,658,3,51,0,0,0,7,0.000
GSS,L03_SV26,positive,True,658,3,16,8,1,0,14,0.333
GSS,L03_SV27,negative,False,233,3,26,2,13,0,6,0.071
GSS,L03_SV27,positive,True,233,3,25,2,0,0,35,0.074
GSS,L03_SV28,negative,False,823,3,3,4,10,0,7,0.571
GSS,L03_SV28,positive,True,823,3,61,0,0,0,1,0.000
GSS,L03_SV29,negative,False,1223,3,1,2,6,0,1,0.667
GSS,L03_SV29,positive,True,1223,3,43,10,1,0,8,0.189
GSS,L03_SV30,negative,False,663,3,56,0,4,0,2,0.000
GSS,L03_SV30,positive,True,663,3,27,18,1,0,8,0.400
GSS,L03_SV31,negative,True,427,3,16,9,0,0,6,0.360
GSS,L03_SV31,positive,False,427,3,24,0,27,0,4,0.000
GSS,L03_SV32,negative,True,231,3,1,13,6,0,2,0.929
GSS,L03_SV32,positive,False,231,3,53,0,0,0,9,0.000
GSS,L03_SV33,negative,True,737,3,1,0,0,0,2,0.000
GSS,L03_SV33,positive,False,737,3,9,2,50,0,0,0.182
GSS,L03_SV34,negative,False,1044,3,64,0,0,0,0,0.000
GSS,L03_SV34,positive,True,1044,3,45,0,0,0,3,0.000
GSS,L03_SV35,negative,True,341,3,7,43,0,0,13,0.860
GSS,L03_SV35,positive,False,341,3,50,0,5,0,6,0.000
GSS,L03_SV36,negative,False,58,3,15,9,19,2,6,0.375
GSS,L03_SV36,positive,True,58,3,63,0,0,0,0,0.000
GSS,L03_SV37,negative,True,192,3,47,0,0,0,13,0.000
GSS,L03_SV37,positive,False,192,3,1,19,2,0,3,0.950
GSS,L03_SV38,negative,True,1151,3,8,0,1,0,6,0.000
GSS,L03_SV38,positive,False,1151,3,6,0,2,0,4,0.000
GSS,L03_SV39,negative,True,1168,3,22,13,0,0,11,0.371
GSS,L03_SV39,positive,False,1168,3,8,48,0,0,8,0.857
GSS,L03_SV40,negative,True,1303,3,22,2,37,0,2,0.083
GSS,L03_SV40,positive,False,1303,3,7,10,44,0,2,0.588
GSS,L03_SV41,negative,True,855,3,1,0,46,0,0,0.000
GSS,L03_SV41,positive,False,855,3,22,0,1,2,21,0.000
GSS,L03_SV42,negative,False,940,3,35,0,12,0,10,0.000
GSS,L03_SV42,positive,True,940,3,12,4,13,0,4,0.250
GSS,L03_SV43,negative,False,474,3,34,0,18,0,2,0.000
GSS,L03_SV43,positive,True,474,3,6,30,1,0,25,0.833
GSS,L03_SV44,negative,True,382,3,19,0,33,0,5,0.000
GSS,L03_SV44,positive,False,382,3,38,4,0,0,17,0.095
GSS,L03_SV45,negative,False,1384,3,11,25,3,0,15,0.694
GSS,L03_SV45,positive,True,1384,3,48,0,2,0,6,0.000
GSS,L03_SV46,negative,True,1353,3,49,2,9,0,4,0.039
GSS,L03_SV46,positive,False,1353,3,26,0,0,0,2,0.000
GSS,L03_SV47,negative,True,96,3,59,4,0,0,0,0.063
GSS,L03_SV47,positive,False,96,3,44,0,0,0,7,0.000
GSS,L03_SV48,negative,True,655,3,58,0,0,0,6,0.000
GSS,L03_SV48,positive,False,655,3,20,2,9,0,11,0.091
GSS,L03_SV49,negative,True,1046,3,4,0,52,0,7,0.000
GSS,L03_SV49,positive,False,1046,3,44,0,0,0,14,0.000
GSS,L03_SV50,negative,True,761,3,25,6,1,0,15,0.194
GSS,L03_SV50,positive,False,761,3,1,0,29,0,1,0.000
GSS,L03_SV51,negative,True,628,3,56,0,0,0,3,0.000
GSS,L03_SV51,positive,False,628,3,4,1,1,5,5,0.200
GSS,L03_SV52,negative,False,813,3,52,0,0,0,4,0.000
GSS,L03_SV52,positive,True,813,3,12,22,0,0,2,0.647
GSS,L03_SV53,negative,False,814,3,0,6,2,0,5,1.000
GSS,L03_SV53,positive,True,814,3,53,0,0,0,6,0.000
GSS,L03_SV54,negative,True,899,3,54,0,0,0,6,0.000
GSS,L03_SV54,positive,False,899,3,52,2,1,0,5,0.037
GSS,L03_SV55,negative,True,243,3,1,0,53,0,1,0.000
GSS,L03_SV55,positive,False,243,3,40,0,0,0,9,0.000
GSS,L03_SV56,negative,False,623,3,33,2,6,0,11,0.057
GSS,L03_SV56,positive,True,623,3,63,0,0,0,1,0.000
GSS,L03_SV57,negative,True,638,3,26,24,0,0,6,0.480
GSS,L03_SV57,positive,False,638,3,38,0,0,0,5,0.000
GSS,L03_SV58,negative,False,624,3,43,0,5,0,15,0.000
GSS,L03_SV58,positive,True,624,3,0,0,64,0,0,
GSS,L03_SV59,negative,False,693,3,2,0,48,0,2,0.000
GSS,L03_SV59,positive,True,693,3,57,0,0,0,7,0.000
GSS,L03_SV60,negative,True,212,3,22,40,0,0,2,0.645
GSS,L03_SV60,positive,False,212,3,43,0,0,0,15,0.000
GSS,L03_SV61,negative,False,168,3,2,0,7,0,5,0.000
GSS,L03_SV61,positive,True,168,3,58,0,0,0,5,0.000
GSS,L03_SV62,negative,False,105,3,0,0,10,0,0,
GSS,L03_SV62,positive,True,105,3,52,0,0,0,11,0.000
GSS,L03_SV63,negative,True,742,3,52,4,0,0,4,0.071
GSS,L03_SV63,positive,False,742,3,0,2,24,0,0,1.000
GSS,L03_SV64,negative,False,728,3,38,0,0,0,10,0.000
GSS,L03_SV64,positive,True,728,3,61,0,0,0,0,0.000
GSS,L04_SV01,negative,False,128,4,0,0,64,0,0,
GSS,L04_SV01,positive,True,128,4,2,1,2,1,1,0.333
GSS,L04_SV02,negative,True,1463,4,0,0,64,0,0,
GSS,L04_SV02,positive,False,1463,4,49,0,0,0,13,0.000
GSS,L04_SV03,negative,True,979,4,0,0,4,0,0,
GSS,L04_SV03,positive,False,979,4,24,2,33,0,1,0.077
GSS,L04_SV04,negative,True,1471,4,51,0,0,0,2,0.000
GSS,L04_SV04,positive,False,1471,4,22,0,2,0,0,0.000
GSS,L04_SV05,negative,False,999,4,58,0,1,0,2,0.000
GSS,L04_SV05,positive,True,999,4,0,0,0,0,0,
GSS,L04_SV06,negative,False,318,4,40,2,7,0,12,0.048
GSS,L04_SV06,positive,True,318,4,0,0,0,0,1,
GSS,L04_SV07,negative,True,1211,4,6,4,1,0,0,0.400
GSS,L04_SV07,positive,False,1211,4,36,0,0,3,21,0.000
GSS,L04_SV08,negative,False,1066,4,6,5,28,0,0,0.455
GSS,L04_SV08,positive,True,1066,4,31,0,0,0,28,0.000
GSS,L04_SV09,negative,False,1289,4,45,1,18,0,0,0.022
GSS,L04_SV09,positive,True,1289,4,2,0,0,2,8,0.000
GSS,L04_SV10,negative,True,1355,4,34,6,0,0,23,0.150
GSS,L04_SV10,positive,False,1355,4,0,0,0,0,0,
GSS,L04_SV11,negative,True,1339,4,28,10,11,3,0,0.263
GSS,L04_SV11,positive,False,1339,4,9,1,3,0,24,0.100
GSS,L04_SV12,negative,True,1417,4,13,0,50,0,0,0.000
GSS,L04_SV12,positive,False,1417,4,1,0,0,0,2,0.000
GSS,L04_SV13,negative,False,1309,4,37,5,4,0,17,0.119
GSS,L04_SV13,positive,True,1309,4,0,0,0,0,0,
GSS,L04_SV14,negative,True,1257,4,29,15,11,0,2,0.341
GSS,L04_SV14,positive,False,1257,4,7,0,2,0,15,0.000
GSS,L04_SV15,negative,True,1201,4,24,35,1,0,3,0.593
GSS,L04_SV15,positive,False,1201,4,2,0,1,0,0,0.000
GSS,L04_SV16,negative,True,1219,4,0,0,0,0,0,
GSS,L04_SV16,positive,False,1219,4,33,1,12,0,15,0.029
GSS,L04_SV17,negative,False,554,4,31,0,5,1,6,0.000
GSS,L04_SV17,positive,True,554,4,6,7,3,0,2,0.538
GSS,L04_SV18,negative,True,158,4,4,1,0,0,0,0.200
GSS,L04_SV18,positive,False,158,4,1,1,4,0,2,0.500
GSS,L04_SV19,negative,False,422,4,62,0,1,0,1,0.000
GSS,L04_SV19,positive,True,422,4,3,28,2,0,12,0.903
GSS,L04_SV20,negative,False,114,4,35,0,17,0,6,0.000
GSS,L04_SV20,positive,True,114,4,0,1,1,0,0,1.000
GSS,L04_SV21,negative,False,1258,4,13,0,0,1,10,0.000
GSS,L04_SV21,positive,True,1258,4,8,3,50,0,1,0.273
GSS,L04_SV22,negative,True,98,4,46,3,5,0,4,0.061
GSS,L04_SV22,positive,False,98,4,4,9,27,0,3,0.692
GSS,L04_SV23,negative,False,591,4,51,0,0,0,7,0.000
GSS,L04_SV23,positive,True,591,4,2,4,2,0,0,0.667
GSS,L04_SV24,negative,True,521,4,55,0,0,0,5,0.000
GSS,L04_SV24,positive,False,521,4,12,47,1,0,3,0.797
GSS,L04_SV25,negative,False,404,4,46,10,0,0,1,0.179
GSS,L04_SV25,positive,True,404,4,8,0,0,0,4,0.000
GSS,L04_SV26,negative,True,818,4,22,3,0,0,37,0.120
GSS,L04_SV26,positive,False,818,4,11,15,2,0,11,0.577
GSS,L04_SV27,negative,False,29,4,57,0,0,0,2,0.000
GSS,L04_SV27,positive,True,29,4,25,20,1,1,10,0.444
GSS,L04_SV28,negative,False,1004,4,48,6,0,0,3,0.111
GSS,L04_SV28,positive,True,1004,4,42,0,0,0,8,0.000
GSS,L04_SV29,negative,False,1392,4,5,0,6,0,15,0.000
GSS,L04_SV29,positive,True,1392,4,7,2,52,0,3,0.222
GSS,L04_SV30,negative,True,745,4,8,43,13,0,0,0.843
GSS,L04_SV30,positive,False,745,4,49,0,0,0,3,0.000
GSS,L04_SV31,negative,False,842,4,0,1,41,0,6,1.000
GSS,L04_SV31,positive,True,842,4,53,0,0,0,5,0.000
GSS,L04_SV32,negative,False,297,4,15,5,8,0,13,0.250
GSS,L04_SV32,positive,True,297,4,39,2,0,0,3,0.049
GSS,L04_SV33,negative,False,556,4,32,26,0,0,3,0.448
GSS,L04_SV33,positive,True,556,4,4,0,0,0,2,0.000
GSS,L04_SV34,negative,True,253,4,27,7,0,0,18,0.206
GSS,L04_SV34,positive,False,253,4,33,1,16,0,3,0.029
GSS,L04_SV35,negative,False,476,4,5,2,50,0,1,0.286
GSS,L04_SV35,positive,True,476,4,48,0,0,0,9,0.000
GSS,L04_SV36,negative,True,519,4,8,12,15,0,3,0.600
GSS,L04_SV36,positive,False,519,4,51,0,0,0,8,0.000
GSS,L04_SV37,negative,False,630,4,7,0,8,0,3,0.000
GSS,L04_SV37,positive,True,630,4,62,0,0,0,1,0.000
GSS,L04_SV38,negative,False,454,4,13,17,19,0,10,0.567
GSS,L04_SV38,positive,True,454,4,6,0,49,0,0,0.000
GSS,L04_SV39,negative,False,859,4,0,17,18,0,2,1.000
GSS,L04_SV39,positive,True,859,4,54,0,0,0,7,0.000
GSS,L04_SV40,negative,True,1093,4,6,9,18,0,12,0.600
GSS,L04_SV40,positive,False,1093,4,35,7,19,0,2,0.167
GSS,L04_SV41,negative,True,945,4,14,0,0,0,8,0.000
GSS,L04_SV41,positive,False,945,4,42,0,17,0,4,0.000
GSS,L04_SV42,negative,True,497,4,1,9,32,0,3,0.900
GSS,L04_SV42,positive,False,497,4,58,0,0,0,5,0.000
GSS,L04_SV43,negative,True,1241,4,8,0,37,0,15,0.000
GSS,L04_SV43,positive,False,1241,4,2,0,2,0,0,0.000
GSS,L04_SV44,negative,True,946,4,6,0,3,0,2,0.000
GSS,L04_SV44,positive,False,946,4,10,0,6,0,7,0.000
GSS,L04_SV45,negative,False,736,4,20,3,19,0,16,0.130
GSS,L04_SV45,positive,True,736,4,36,1,2,0,10,0.027
GSS,L04_SV46,negative,False,810,4,56,0,0,0,4,0.000
GSS,L04_SV46,positive,True,810,4,17,5,11,0,9,0.227
GSS,L04_SV47,negative,False,629,4,0,0,0,0,1,
GSS,L04_SV47,positive,True,629,4,29,0,14,0,18,0.000
GSS,L04_SV48,negative,True,969,4,41,0,0,0,13,0.000
GSS,L04_SV48,positive,False,969,4,0,0,63,0,0,
GSS,L04_SV49,negative,True,315,4,25,28,0,0,11,0.528
GSS,L04_SV49,positive,False,315,4,0,0,62,0,0,
GSS,L04_SV50,negative,True,551,4,20,0,0,0,7,0.000
GSS,L04_SV50,positive,False,551,4,6,4,12,0,3,0.400
GSS,L04_SV51,negative,True,714,4,10,29,3,0,12,0.744
GSS,L04_SV51,positive,False,714,4,29,3,0,1,4,0.094
GSS,L04_SV52,negative,True,43,4,33,15,0,0,8,0.312
GSS,L04_SV52,positive,False,43,4,60,0,0,0,2,0.000
GSS,L04_SV53,negative,True,1364,4,35,0,0,0,3,0.000
GSS,L04_SV53,positive,False,1364,4,0,0,62,0,1,
GSS,L04_SV54,negative,False,805,4,40,4,0,0,10,0.091
GSS,L04_SV54,positive,True,805,4,23,23,0,0,11,0.500
GSS,L04_SV55,negative,False,909,4,35,1,3,0,13,0.028
GSS,L04_SV55,positive,True,909,4,30,2,6,0,9,0.062
GSS,L04_SV56,negative,False,580,4,40,1,1,0,0,0.024
GSS,L04_SV56,positive,True,580,4,13,0,23,0,18,0.000
GSS,L04_SV57,negative,True,711,4,56,7,0,0,0,0.111
GSS,L04_SV57,positive,False,711,4,29,0,3,0,16,0.000
GSS,L04_SV58,negative,True,644,4,53,0,3,0,7,0.000
GSS,L04_SV58,positive,False,644,4,32,0,1,0,7,0.000
GSS,L04_SV59,negative,True,525,4,51,1,2,0,5,0.019
GSS,L04_SV59,positive,False,525,4,5,2,15,0,8,0.286
GSS,L04_SV60,negative,True,868,4,46,4,0,3,8,0.080
GSS,L04_SV60,positive,False,868,4,18,1,0,0,0,0.053
GSS,L04_SV61,negative,True,696,4,10,1,2,0,5,0.091
GSS,L04_SV61,positive,False,696,4,32,6,18,0,6,0.158
GSS,L04_SV62,negative,True,1187,4,24,1,2,0,9,0.040
GSS,L04_SV62,positive,False,1187,4,16,20,16,0,2,0.556
GSS,L04_SV63,negative,True,902,4,42,4,0,0,12,0.087
GSS,L04_SV63,positive,False,902,4,11,5,5,0,6,0.312
GSS,L04_SV64,negative,True,1321,4,21,1,29,0,8,0.045
GSS,L04_SV64,positive,False,1321,4,41,0,0,0,13,0.000
GSS,L05_SV01,negative,True,1440,5,0,0,64,0,0,
GSS,L05_SV01,positive,False,1440,5,25,0,0,0,20,0.000
GSS,L05_SV02,negative,True,1470,5,6,0,58,0,0,0.000
GSS,L05_SV02,positive,False,1470,5,46,0,0,0,15,0.000
GSS,L05_SV03,negative,False,1200,5,11,1,1,0,7,0.083
GSS,L05_SV03,positive,True,1200,5,3,0,58,0,3,0.000
GSS,L05_SV04,negative,False,1415,5,51,1,1,0,1,0.019
GSS,L05_SV04,positive,True,1415,5,0,0,0,0,0,
GSS,L05_SV05,negative,True,1248,5,2,4,1,0,0,0.667
GSS,L05_SV05,positive,False,1248,5,11,0,1,5,7,0.000
GSS,L05_SV06,negative,False,1245,5,55,2,7,0,0,0.035
GSS,L05_SV06,positive,True,1245,5,4,0,0,1,12,0.000
GSS,L05_SV07,negative,False,1379,5,44,4,0,0,16,0.083
GSS,L05_SV07,positive,True,1379,5,0,0,0,0,0,
GSS,L05_SV08,negative,True,798,5,25,4,2,1,12,0.138
GSS,L05_SV08,positive,False,798,5,15,0,1,0,4,0.000
GSS,L05_SV09,negative,False,1341,5,13,0,46,0,0,0.000
GSS,L05_SV09,positive,True,1341,5,8,9,2,0,15,0.529
GSS,L05_SV10,negative,True,1148,5,30,5,13,11,0,0.143
GSS,L05_SV10,positive,False,1148,5,0,0,0,0,0,
GSS,L05_SV11,negative,True,1105,5,2,0,0,1,1,0.000
GSS,L05_SV11,positive,False,1105,5,29,0,25,0,3,0.000
GSS,L05_SV12,negative,False,1158,5,37,1,8,0,14,0.026
GSS,L05_SV12,positive,True,1158,5,1,0,1,0,0,0.000
GSS,L05_SV13,negative,True,157,5,0,23,1,0,0,1.000
GSS,L05_SV13,positive,False,157,5,59,0,0,0,5,0.000
GSS,L05_SV14,negative,True,605,5,40,1,6,0,2,0.024
GSS,L05_SV14,positive,False,605,5,3,8,39,0,1,0.727
GSS,L05_SV15,negative,False,895,5,59,0,0,0,1,0.000
GSS,L05_SV15,positive,True,895,5,12,10,2,0,3,0.455
GSS,L05_SV16,negative,True,926,5,39,5,2,1,11,0.114
GSS,L05_SV16,positive,False,926,5,23,6,21,0,0,0.207
GSS,L05_SV17,negative,False,1329,5,0,3,11,0,3,1.000
GSS,L05_SV17,positive,True,1329,5,9,44,8,0,1,0.830
GSS,L05_SV18,negative,True,112,5,8,8,16,0,12,0.500
GSS,L05_SV18,positive,False,112,5,26,0,34,0,0,0.000
GSS,L05_SV19,negative,True,844,5,49,0,1,0,3,0.000
GSS,L05_SV19,positive,False,844,5,1,2,52,0,1,0.667
GSS,L05_SV20,negative,False,803,5,55,1,1,0,5,0.018
GSS,L05_SV20,positive,True,803,5,10,27,2,1,5,0.730
GSS,L05_SV21,negative,False,541,5,52,1,1,0,7,0.019
GSS,L05_SV21,positive,True,541,5,6,27,7,1,9,0.818
GSS,L05_SV22,negative,False,858,5,1,0,60,0,1,0.000
GSS,L05_SV22,positive,True,858,5,60,0,0,0,1,0.000
GSS,L05_SV23,negative,True,323,5,36,7,0,0,16,0.163
GSS,L05_SV23,positive,False,323,5,11,8,28,0,0,0.421
GSS,L05_SV24,negative,False,588,5,7,1,14,0,4,0.125
GSS,L05_SV24,positive,True,588,5,33,0,0,0,6,0.000
GSS,L05_SV25,negative,True,175,5,3,0,1,0,0,0.000
GSS,L05_SV25,positive,False,175,5,38,18,1,0,3,0.321
GSS,L05_SV26,negative,True,122,5,4,2,39,0,1,0.333
GSS,L05_SV26,positive,False,122,5,50,2,2,0,5,0.038
GSS,L05_SV27,negative,True,610,5,37,10,0,0,7,0.213
GSS,L05_SV27,positive,False,610,5,1,0,1,0,0,0.000
GSS,L05_SV28,negative,True,403,5,30,1,0,0,7,0.032
GSS,L05_SV28,positive,False,403,5,37,0,3,0,5,0.000
GSS,L05_SV29,negative,False,575,5,26,2,0,8,8,0.071
GSS,L05_SV29,positive,True,575,5,6,0,31,0,3,0.000
GSS,L05_SV30,negative,False,1185,5,11,24,27,0,0,0.686
GSS,L05_SV30,positive,True,1185,5,42,0,0,0,7,0.000
GSS,L05_SV31,negative,True,943,5,44,7,0,0,3,0.137
GSS,L05_SV31,positive,False,943,5,37,2,1,0,21,0.051
GSS,L05_SV32,negative,True,209,5,37,1,0,0,4,0.026
GSS,L05_SV32,positive,False,209,5,0,0,64,0,0,
GSS,L05_SV33,negative,False,350,5,3,40,15,0,3,0.930
GSS,L05_SV33,positive,True,350,5,39,3,0,0,11,0.071
GSS,L05_SV34,negative,True,702,5,57,0,1,0,3,0.000
GSS,L05_SV34,positive,False,702,5,2,1,12,0,10,0.333
GSS,L05_SV35,negative,True,396,5,26,2,3,0,3,0.071
GSS,L05_SV35,positive,False,396,5,20,1,39,0,2,0.048
GSS,L05_SV36,negative,True,1354,5,20,0,1,0,11,0.000
GSS,L05_SV36,positive,False,1354,5,26,21,7,0,0,0.447
GSS,L05_SV37,negative,True,499,5,11,6,28,0,7,0.353
GSS,L05_SV37,positive,False,499,5,31,0,25,0,4,0.000
GSS,L05_SV38,negative,False,901,5,5,17,27,0,4,0.773
GSS,L05_SV38,positive,True,901,5,35,0,0,0,5,0.000
GSS,L05_SV39,negative,False,1074,5,9,4,13,0,15,0.308
GSS,L05_SV39,positive,True,1074,5,30,6,0,0,14,0.167
GSS,L05_SV40,negative,True,669,5,50,0,1,0,6,0.000
GSS,L05_SV40,positive,False,669,5,23,5,0,0,20,0.179
GSS,L05_SV41,negative,True,178,5,27,28,0,0,7,0.509
GSS,L05_SV41,positive,False,178,5,12,0,8,0,6,0.000
GSS,L05_SV42,negative,True,908,5,21,34,6,0,2,0.618
GSS,L05_SV42,positive,False,908,5,50,0,0,0,3,0.000
GSS,L05_SV43,negative,False,300,5,44,1,0,0,9,0.022
GSS,L05_SV43,positive,True,300,5,41,9,3,0,7,0.180
GSS,L05_SV44,negative,True,1299,5,16,11,3,0,10,0.407
GSS,L05_SV44,positive,False,1299,5,18,0,36,0,4,0.000
GSS,L05_SV45,negative,False,1024,5,13,10,2,1,13,0.435
GSS,L05_SV45,positive,True,1024,5,35,1,1,0,13,0.028
GSS,L05_SV46,negative,True,790,5,49,2,3,0,6,0.039
GSS,L05_SV46,positive,False,790,5,29,0,6,0,6,0.000
GSS,L05_SV47,negative,False,953,5,5,5,41,0,1,0.500
GSS,L05_SV47,positive,True,953,5,32,4,8,0,13,0.111
GSS,L05_SV48,negative,True,687,5,48,0,0,0,13,0.000
GSS,L05_SV48,positive,False,687,5,16,8,10,0,20,0.333
GSS,L05_SV49,negative,True,596,5,7,0,41,0,2,0.000
GSS,L05_SV49,positive,False,596,5,50,10,0,0,0,0.167
GSS,L05_SV50,negative,False,279,5,13,15,0,1,7,0.536
GSS,L05_SV50,positive,True,279,5,57,2,0,0,0,0.034
GSS,L05_SV51,negative,False,234,5,13,4,14,0,2,0.235
GSS,L05_SV51,positive,True,234,5,24,28,0,0,3,0.538
GSS,L05_SV52,negative,True,1240,5,33,6,4,0,19,0.154
GSS,L05_SV52,positive,False,1240,5,4,0,6,0,0,0.000
GSS,L05_SV53,negative,False,734,5,21,0,0,0,18,0.000
GSS,L05_SV53,positive,True,734,5,7,8,42,0,4,0.533
GSS,L05_SV54,negative,False,37,5,3,0,58,0,2,0.000
GSS,L05_SV54,positive,True,37,5,43,0,3,0,15,0.000
GSS,L05_SV55,negative,True,632,5,18,2,40,0,2,0.100
GSS,L05_SV55,positive,False,632,5,25,0,17,0,14,0.000
GSS,L05_SV56,negative,False,933,5,23,1,2,0,7,0.042
GSS,L05_SV56,positive,True,933,5,5,1,57,0,1,0.167
GSS,L05_SV57,negative,True,152,5,23,25,3,0,10,0.521
GSS,L05_SV57,positive,False,152,5,11,45,1,0,2,0.804
GSS,L05_SV58,negative,True,488,5,19,0,13,0,6,0.000
GSS,L05_SV58,positive,False,488,5,43,5,0,0,8,0.104
GSS,L05_SV59,negative,False,606,5,7,5,10,0,0,0.417
GSS,L05_SV59,positive,True,606,5,27,0,3,0,13,0.000
GSS,L05_SV60,negative,False,522,5,43,0,4,9,2,0.000
GSS,L05_SV60,positive,True,522,5,7,1,0,0,12,0.125
GSS,L05_SV61,negative,True,721,5,38,2,1,0,6,0.050
GSS,L05_SV61,positive,False,721,5,0,0,62,0,2,
GSS,L05_SV62,negative,False,498,5,33,1,4,0,8,0.029
GSS,L05_SV62,positive,True,498,5,31,5,2,0,11,0.139
GSS,L05_SV63,negative,False,413,5,16,2,30,0,7,0.111
GSS,L05_SV63,positive,True,413,5,30,9,11,0,6,0.231
GSS,L05_SV64,negative,True,826,5,12,1,0,0,28,0.077
GSS,L05_SV64,positive,False,826,5,40,0,2,0,13,0.000
GSS,L06_SV01,negative,True,1447,6,0,0,64,0,0,
GSS,L06_SV01,positive,False,1447,6,28,0,0,1,24,0.000
GSS,L06_SV02,negative,False,1469,6,8,0,39,0,0,0.000
GSS,L06_SV02,positive,True,1469,6,56,0,0,0,5,0.000
GSS,L06_SV03,negative,False,1406,6,19,2,0,0,9,0.095
GSS,L06_SV03,positive,True,1406,6,7,0,57,0,0,0.000
GSS,L06_SV04,negative,False,1464,6,50,2,5,0,1,0.038
GSS,L06_SV04,positive,True,1464,6,0,0,8,0,0,
GSS,L06_SV05,negative,False,1407,6,41,0,23,0,0,0.000
GSS,L06_SV05,positive,True,1407,6,0,0,0,0,9,
GSS,L06_SV06,negative,False,1349,6,0,0,0,0,0,
GSS,L06_SV06,positive,True,1349,6,32,3,0,0,27,0.086
GSS,L06_SV07,negative,False,1366,6,43,1,0,0,19,0.023
GSS,L06_SV07,positive,True,1366,6,1,0,0,0,0,0.000
GSS,L06_SV08,negative,True,84,6,0,0,0,1,1,
GSS,L06_SV08,positive,False,84,6,31,0,3,0,14,0.000
GSS,L06_SV09,negative,True,1277,6,27,1,8,6,2,0.036
GSS,L06_SV09,positive,False,1277,6,0,4,3,0,0,1.000
GSS,L06_SV10,negative,True,1157,6,31,2,12,0,5,0.061
GSS,L06_SV10,positive,False,1157,6,29,5,9,0,3,0.147
GSS,L06_SV11,negative,True,869,6,7,26,24,0,2,0.788
GSS,L06_SV11,positive,False,869,6,55,0,0,0,2,0.000
GSS,L06_SV12,negative,True,1243,6,5,1,6,0,0,0.167
GSS,L06_SV12,positive,False,1243,6,49,0,0,0,14,0.000
GSS,L06_SV13,negative,True,1023,6,57,3,0,0,1,0.050
GSS,L06_SV13,positive,False,1023,6,5,49,10,0,0,0.907
GSS,L06_SV14,negative,True,1161,6,9,49,0,0,2,0.845
GSS,L06_SV14,positive,False,1161,6,31,0,14,2,5,0.000
GSS,L06_SV15,negative,True,1338,6,24,3,15,0,10,0.111
GSS,L06_SV15,positive,False,1338,6,47,0,0,0,5,0.000
GSS,L06_SV16,negative,True,107,6,24,12,6,0,11,0.333
GSS,L06_SV16,positive,False,107,6,58,0,2,0,1,0.000
GSS,L06_SV17,negative,False,827,6,4,7,22,0,6,0.636
GSS,L06_SV17,positive,True,827,6,59,0,0,0,0,0.000
GSS,L06_SV18,negative,True,651,6,4,1,53,0,1,0.200
GSS,L06_SV18,positive,False,651,6,13,2,0,0,1,0.133
GSS,L06_SV19,negative,False,961,6,7,0,38,0,1,0.000
GSS,L06_SV19,positive,True,961,6,32,3,0,0,8,0.086
GSS,L06_SV20,negative,True,213,6,19,27,4,0,3,0.587
GSS,L06_SV20,positive,False,213,6,55,0,0,0,6,0.000
GSS,L06_SV21,negative,True,371,6,21,1,4,0,5,0.045
GSS,L06_SV21,positive,False,371,6,45,0,4,0,5,0.000
GSS,L06_SV22,negative,True,1282,6,16,6,1,0,7,0.273
GSS,L06_SV22,positive,False,1282,6,2,0,29,0,3,0.000
GSS,L06_SV23,negative,False,608,6,1,0,7,0,0,0.000
GSS,L06_SV23,positive,True,608,6,38,0,0,1,5,0.000
GSS,L06_SV24,negative,False,360,6,2,14,38,0,7,0.875
GSS,L06_SV24,positive,True,360,6,30,0,0,0,9,0.000
GSS,L06_SV25,negative,True,1278,6,12,0,16,0,2,0.000
GSS,L06_SV25,positive,False,1278,6,14,8,34,0,5,0.364
GSS,L06_SV26,negative,False,863,6,32,0,0,0,6,0.000
GSS,L06_SV26,positive,True,863,6,47,4,11,0,0,0.078
GSS,L06_SV27,negative,False,744,6,14,4,0,0,15,0.222
GSS,L06_SV27,positive,True,744,6,52,5,1,0,2,0.088
GSS,L06_SV28,negative,True,377,6,49,0,1,0,3,0.000
GSS,L06_SV28,positive,False,377,6,20,6,28,0,8,0.231
GSS,L06_SV29,negative,False,1031,6,2,8,51,0,3,0.800
GSS,L06_SV29,positive,True,1031,6,21,0,0,0,4,0.000
GSS,L06_SV30,negative,False,900,6,18,0,4,2,9,0.000
GSS,L06_SV30,positive,True,900,6,38,12,1,0,7,0.240
GSS,L06_SV31,negative,False,941,6,0,0,60,0,0,
GSS,L06_SV31,positive,True,941,6,21,0,19,0,8,0.000
GSS,L06_SV32,negative,True,224,6,49,1,0,0,10,0.020
GSS,L06_SV32,positive,False,224,6,19,0,11,0,4,0.000
GSS,L06_SV33,negative,False,928,6,13,1,8,2,3,0.071
GSS,L06_SV33,positive,True,928,6,15,6,13,0,7,0.286
GSS,L06_SV34,negative,False,482,6,5,54,0,0,4,0.915
GSS,L06_SV34,positive,True,482,6,24,0,0,0,11,0.000
GSS,L06_SV35,negative,True,457,6,37,6,7,0,3,0.140
GSS,L06_SV35,positive,False,457,6,16,11,16,0,13,0.407
GSS,L06_SV36,negative,False,570,6,27,0,0,0,4,0.000
GSS,L06_SV36,positive,True,570,6,18,3,4,0,11,0.143
GSS,L06_SV37,negative,False,511,6,53,0,0,0,5,0.000
GSS,L06_SV37,positive,True,511,6,4,1,54,0,1,0.200
GSS,L06_SV38,negative,True,337,6,29,0,5,0,12,0.000
GSS,L06_SV38,positive,False,337,6,44,1,3,0,4,0.022
GSS,L06_SV39,negative,True,850,6,1,0,0,0,0,0.000
GSS,L06_SV39,positive,False,850,6,11,8,32,0,1,0.421
GSS,L06_SV40,negative,False,387,6,14,0,12,0,14,0.000
GSS,L06_SV40,positive,True,387,6,13,1,6,3,9,0.071
GSS,L06_SV41,negative,False,678,6,46,0,1,0,14,0.000
GSS,L06_SV41,positive,True,678,6,21,17,0,0,15,0.447
GSS,L06_SV42,negative,True,750,6,46,0,12,0,3,0.000
GSS,L06_SV42,positive,False,750,6,2,1,0,0,2,0.333
GSS,L06_SV43,negative,False,552,6,3,4,55,0,1,0.571
GSS,L06_SV43,positive,True,552,6,20,1,0,0,12,0.048
GSS,L06_SV44,negative,False,815,6,28,6,17,0,6,0.176
GSS,L06_SV44,positive,True,815,6,18,0,12,0,12,0.000
GSS,L06_SV45,negative,True,1204,6,33,3,19,0,7,0.083
GSS,L06_SV45,positive,False,1204,6,17,1,4,0,3,0.056
GSS,L06_SV46,negative,False,757,6,44,0,1,0,12,0.000
GSS,L06_SV46,positive,True,757,6,27,4,0,0,6,0.129
GSS,L06_SV47,negative,True,331,6,34,17,1,0,8,0.333
GSS,L06_SV47,positive,False,331,6,8,0,0,0,12,0.000
GSS,L06_SV48,negative,True,811,6,34,1,7,0,5,0.029
GSS,L06_SV48,positive,False,811,6,47,3,5,0,6,0.060
GSS,L06_SV49,negative,True,653,6,22,3,30,0,5,0.120
GSS,L06_SV49,positive,False,653,6,38,7,5,0,5,0.156
GSS,L06_SV50,negative,False,489,6,43,0,14,0,7,0.000
GSS,L06_SV50,positive,True,489,6,33,3,1,0,14,0.083
GSS,L06_SV51,negative,False,140,6,2,2,0,0,5,0.500
GSS,L06_SV51,positive,True,140,6,11,0,1,0,8,0.000
GSS,L06_SV52,negative,True,1128,6,20,1,40,0,2,0.048
GSS,L06_SV52,positive,False,1128,6,27,0,0,0,7,0.000
GSS,L06_SV53,negative,True,548,6,43,2,1,0,14,0.044
GSS,L06_SV53,positive,False,548,6,13,4,7,1,10,0.235
GSS,L06_SV54,negative,True,938,6,43,2,10,0,8,0.044
GSS,L06_SV54,positive,False,938,6,25,0,0,0,22,0.000
GSS,L06_SV55,negative,True,1110,6,14,29,10,0,5,0.674
GSS,L06_SV55,positive,False,1110,6,22,0,20,0,13,0.000
GSS,L06_SV56,negative,True,416,6,37,0,2,0,12,0.000
GSS,L06_SV56,positive,False,416,6,36,6,1,1,11,0.143
GSS,L06_SV57,negative,False,280,6,33,0,14,1,2,0.000
GSS,L06_SV57,positive,True,280,6,9,5,0,0,4,0.357
GSS,L06_SV58,negative,True,528,6,28,5,2,0,10,0.152
GSS,L06_SV58,positive,False,528,6,29,15,6,0,9,0.341
GSS,L06_SV59,negative,True,272,6,43,0,8,0,8,0.000
GSS,L06_SV59,positive,False,272,6,8,39,0,0,13,0.830
GSS,L06_SV60,negative,False,654,6,44,0,0,0,20,0.000
GSS,L06_SV60,positive,True,654,6,37,1,0,0,9,0.026
GSS,L06_SV61,negative,False,1047,6,40,0,2,0,13,0.000
GSS,L06_SV61,positive,True,1047,6,31,7,1,0,8,0.184
GSS,L06_SV62,negative,True,661,6,23,7,11,0,9,0.233
GSS,L06_SV62,positive,False,661,6,26,1,5,0,11,0.037
GSS,L06_SV63,negative,True,1034,6,26,22,0,0,9,0.458
GSS,L06_SV63,positive,False,1034,6,11,0,12,0,17,0.000
GSS,L06_SV64,negative,True,1275,6,12,11,1,0,14,0.478
GSS,L06_SV64,positive,False,1275,6,3,0,48,0,0,0.000
GSS,L07_SV01,negative,True,1454,7,0,0,64,0,0,
GSS,L07_SV01,positive,False,1454,7,44,0,0,3,12,0.000
GSS,L07_SV02,negative,False,1428,7,51,0,0,0,5,0.000
GSS,L07_SV02,positive,True,1428,7,0,0,1,0,0,
GSS,L07_SV03,negative,False,862,7,15,2,30,0,13,0.118
GSS,L07_SV03,positive,True,862,7,0,1,0,0,0,1.000
GSS,L07_SV04,negative,False,1152,7,49,7,5,0,0,0.125
GSS,L07_SV04,positive,True,1152,7,0,0,1,0,0,
GSS,L07_SV05,negative,False,1453,7,48,0,1,0,15,0.000
GSS,L07_SV05,positive,True,1453,7,0,0,0,0,0,
GSS,L07_SV06,negative,False,1067,7,0,1,40,0,0,1.000
GSS,L07_SV06,positive,True,1067,7,29,1,0,0,18,0.033
GSS,L07_SV07,negative,False,970,7,0,0,0,0,0,
GSS,L07_SV07,positive,True,970,7,6,0,7,3,3,0.000
GSS,L07_SV08,negative,False,327,7,60,0,0,0,4,0.000
GSS,L07_SV08,positive,True,327,7,12,26,0,0,4,0.684
GSS,L07_SV09,negative,True,1269,7,53,0,0,2,8,0.000
GSS,L07_SV09,positive,False,1269,7,0,4,2,0,0,1.000
GSS,L07_SV10,negative,True,1268,7,22,33,5,0,3,0.600
GSS,L07_SV10,positive,False,1268,7,24,3,23,0,2,0.111
GSS,L07_SV11,negative,False,494,7,45,0,5,0,8,0.000
GSS,L07_SV11,positive,True,494,7,11,3,0,0,2,0.214
GSS,L07_SV12,negative,False,707,7,18,9,22,0,3,0.333
GSS,L07_SV12,positive,True,707,7,60,0,0,0,1,0.000
GSS,L07_SV13,negative,True,735,7,61,0,1,0,2,0.000
GSS,L07_SV13,positive,False,735,7,3,7,45,0,0,0.700
GSS,L07_SV14,negative,False,451,7,48,1,7,0,7,0.020
GSS,L07_SV14,positive,True,451,7,3,0,25,0,1,0.000
GSS,L07_SV15,negative,True,1138,7,2,8,40,0,2,0.800
GSS,L07_SV15,positive,False,1138,7,32,0,0,0,2,0.000
GSS,L07_SV16,negative,False,276,7,37,1,2,0,13,0.026
GSS,L07_SV16,positive,True,276,7,4,2,1,0,2,0.333
GSS,L07_SV17,negative,False,1229,7,32,5,16,0,0,0.135
GSS,L07_SV17,positive,True,1229,7,37,0,1,0,12,0.000
GSS,L07_SV18,negative,True,719,7,21,22,0,1,13,0.512
GSS,L07_SV18,positive,False,719,7,51,0,7,0,2,0.000
GSS,L07_SV19,negative,False,587,7,60,0,0,0,1,0.000
GSS,L07_SV19,positive,True,587,7,13,0,9,0,5,0.000
GSS,L07_SV20,negative,False,495,7,13,8,7,0,2,0.381
GSS,L07_SV20,positive,True,495,7,43,0,1,0,8,0.000
GSS,L07_SV21,negative,True,683,7,61,0,0,0,2,0.000
GSS,L07_SV21,positive,False,683,7,8,16,4,1,3,0.667
GSS,L07_SV22,negative,False,851,7,7,0,3,0,5,0.000
GSS,L07_SV22,positive,True,851,7,3,8,52,0,0,0.727
GSS,L07_SV23,negative,False,1119,7,2,0,8,0,2,0.000
GSS,L07_SV23,positive,True,1119,7,38,2,3,0,20,0.050
GSS,L07_SV24,negative,False,471,7,12,0,0,0,14,0.000
GSS,L07_SV24,positive,True,471,7,38,0,3,1,15,0.000
GSS,L07_SV25,negative,False,1221,7,6,1,54,0,0,0.143
GSS,L07_SV25,positive,True,1221,7,21,5,0,0,14,0.192
GSS,L07_SV26,negative,True,319,7,0,0,0,0,0,
GSS,L07_SV26,positive,False,319,7,15,1,14,0,8,0.062
GSS,L07_SV27,negative,False,1145,7,4,0,46,0,0,0.000
GSS,L07_SV27,positive,True,1145,7,41,9,5,0,3,0.180
GSS,L07_SV28,negative,True,602,7,49,1,0,0,5,0.020
GSS,L07_SV28,positive,False,602,7,15,6,12,0,15,0.286
GSS,L07_SV29,negative,False,886,7,42,4,4,0,2,0.087
GSS,L07_SV29,positive,True,886,7,21,0,2,0,6,0.000
GSS,L07_SV30,negative,False,391,7,21,1,35,0,6,0.045
GSS,L07_SV30,positive,True,391,7,32,0,4,0,4,0.000
GSS,L07_SV31,negative,True,1014,7,41,1,1,1,3,0.024
GSS,L07_SV31,positive,False,1014,7,52,0,3,0,3,0.000
GSS,L07_SV32,negative,True,667,7,46,1,0,0,9,0.021
GSS,L07_SV32,positive,False,667,7,20,1,6,0,13,0.048
GSS,L07_SV33,negative,True,1005,7,43,0,8,0,0,0.000
GSS,L07_SV33,positive,False,1005,7,17,12,20,0,7,0.414
GSS,L07_SV34,negative,False,777,7,38,0,0,0,7,0.000
GSS,L07_SV34,positive,True,777,7,6,2,56,0,0,0.250
GSS,L07_SV35,negative,False,865,7,29,5,18,0,2,0.147
GSS,L07_SV35,positive,True,865,7,24,0,0,0,6,0.000
GSS,L07_SV36,negative,False,1156,7,9,27,9,0,7,0.750
GSS,L07_SV36,positive,True,1156,7,22,3,10,0,3,0.120
GSS,L07_SV37,negative,False,680,7,48,3,2,0,10,0.059
GSS,L07_SV37,positive,True,680,7,7,0,1,1,13,0.000
GSS,L07_SV38,negative,False,1102,7,26,3,7,0,14,0.103
GSS,L07_SV38,positive,True,1102,7,26,12,0,0,7,0.316
GSS,L07_SV39,negative,False,118,7,5,2,17,0,2,0.286
GSS,L07_SV39,positive,True,118,7,8,1,2,0,7,0.111
GSS,L07_SV40,negative,False,414,7,52,1,1,0,1,0.019
GSS,L07_SV40,positive,True,414,7,6,0,9,0,4,0.000
GSS,L07_SV41,negative,False,1202,7,13,5,11,0,4,0.278
GSS,L07_SV41,positive,True,1202,7,45,0,1,0,9,0.000
GSS,L07_SV42,negative,True,355,7,19,0,31,0,1,0.000
GSS,L07_SV42,positive,False,355,7,23,18,2,0,11,0.439
GSS,L07_SV43,negative,True,252,7,11,1,3,0,7,0.083
GSS,L07_SV43,positive,False,252,7,3,1,52,0,4,0.250
GSS,L07_SV44,negative,False,461,7,9,13,10,0,5,0.591
GSS,L07_SV44,positive,True,461,7,42,0,1,0,6,0.000
GSS,L07_SV45,negative,True,321,7,29,17,12,0,3,0.370
GSS,L07_SV45,positive,False,321,7,46,0,0,0,13,0.000
GSS,L07_SV46,negative,True,1244,7,24,1,18,0,0,0.040
GSS,L07_SV46,positive,False,1244,7,13,5,1,2,4,0.278
GSS,L07_SV47,negative,True,479,7,23,0,0,1,19,0.000
GSS,L07_SV47,positive,False,479,7,52,0,3,0,5,0.000
GSS,L07_SV48,negative,False,259,7,39,1,2,0,8,0.025
GSS,L07_SV48,positive,True,259,7,2,8,46,0,4,0.800
GSS,L07_SV49,negative,True,1049,7,21,12,4,0,23,0.364
GSS,L07_SV49,positive,False,1049,7,12,0,30,0,5,0.000
GSS,L07_SV50,negative,True,782,7,8,6,28,0,6,0.429
GSS,L07_SV50,positive,False,782,7,35,0,1,0,18,0.000
GSS,L07_SV51,negative,True,260,7,36,6,16,0,4,0.143
GSS,L07_SV51,positive,False,260,7,3,1,16,0,8,0.250
GSS,L07_SV52,negative,False,831,7,8,2,46,0,6,0.200
GSS,L07_SV52,positive,True,831,7,31,1,0,0,5,0.031
GSS,L07_SV53,negative,True,1054,7,36,2,2,0,10,0.053
GSS,L07_SV53,positive,False,1054,7,10,0,47,0,5,0.000
GSS,L07_SV54,negative,False,705,7,26,0,0,0,5,0.000
GSS,L07_SV54,positive,True,705,7,0,61,2,0,0,1.000
GSS,L07_SV55,negative,False,612,7,24,19,1,0,14,0.442
GSS,L07_SV55,positive,True,612,7,21,1,14,1,6,0.045
GSS,L07_SV56,negative,True,93,7,6,0,0,0,5,0.000
GSS,L07_SV56,positive,False,93,7,13,0,42,0,2,0.000
GSS,L07_SV57,negative,True,704,7,28,9,5,0,11,0.243
GSS,L07_SV57,positive,False,704,7,12,2,23,1,7,0.143
GSS,L07_SV58,negative,False,492,7,31,0,8,0,11,0.000
GSS,L07_SV58,positive,True,492,7,12,28,9,0,8,0.700
GSS,L07_SV59,negative,True,540,7,39,0,7,0,14,0.000
GSS,L07_SV59,positive,False,540,7,25,0,2,2,4,0.000
GSS,L07_SV60,negative,False,363,7,7,5,4,0,3,0.417
GSS,L07_SV60,positive,True,363,7,25,28,0,0,3,0.528
GSS,L07_SV61,negative,True,369,7,42,9,4,0,6,0.176
GSS,L07_SV61,positive,False,369,7,10,0,0,0,23,0.000
GSS,L07_SV62,negative,False,553,7,34,19,0,0,7,0.358
GSS,L07_SV62,positive,True,553,7,23,1,12,0,12,0.042
GSS,L07_SV63,negative,True,22,7,18,36,0,0,8,0.667
GSS,L07_SV63,positive,False,22,7,6,0,8,0,2,0.000
GSS,L07_SV64,negative,False,772,7,12,4,19,0,9,0.250
GSS,L07_SV64,positive,True,772,7,21,0,0,0,5,0.000
GSS,L08_SV01,negative,True,1452,8,0,0,64,0,0,
GSS,L08_SV01,positive,False,1452,8,46,0,0,1,13,0.000
GSS,L08_SV02,negative,False,1261,8,58,0,0,0,0,0.000
GSS,L08_SV02,positive,True,1261,8,0,0,1,0,0,
GSS,L08_SV03,negative,True,1405,8,33,7,24,0,0,0.175
GSS,L08_SV03,positive,False,1405,8,1,0,1,0,1,0.000
GSS,L08_SV04,negative,False,1403,8,46,0,0,0,18,0.000
GSS,L08_SV04,positive,True,1403,8,0,0,0,0,0,
GSS,L08_SV05,negative,True,944,8,0,0,0,0,0,
GSS,L08_SV05,positive,False,944,8,16,2,0,1,6,0.111
GSS,L08_SV06,negative,True,184,8,7,3,10,0,0,0.300
GSS,L08_SV06,positive,False,184,8,22,0,6,0,24,0.000
GSS,L08_SV07,negative,True,1340,8,58,0,0,0,3,0.000
GSS,L08_SV07,positive,False,1340,8,18,43,3,0,0,0.705
GSS,L08_SV08,negative,True,650,8,13,8,0,23,2,0.381
GSS,L08_SV08,positive,False,650,8,3,0,0,0,1,0.000
GSS,L08_SV09,negative,False,1276,8,13,36,7,0,1,0.735
GSS,L08_SV09,positive,True,1276,8,46,0,9,0,6,0.000
GSS,L08_SV10,negative,False,656,8,24,1,30,0,6,0.040
GSS,L08_SV10,positive,True,656,8,59,0,0,0,1,0.000
GSS,L08_SV11,negative,True,1125,8,58,0,0,0,6,0.000
GSS,L08_SV11,positive,False,1125,8,0,5,18,0,0,1.000
GSS,L08_SV12,negative,True,509,8,3,4,23,0,2,0.571
GSS,L08_SV12,positive,False,509,8,41,0,0,0,0,0.000
GSS,L08_SV13,negative,True,700,8,0,1,53,0,0,1.000
GSS,L08_SV13,positive,False,700,8,47,2,0,0,7,0.041
GSS,L08_SV14,negative,False,357,8,45,0,2,0,11,0.000
GSS,L08_SV14,positive,True,357,8,1,1,6,0,1,0.500
GSS,L08_SV15,negative,True,636,8,26,6,0,0,1,0.188
GSS,L08_SV15,positive,False,636,8,4,7,53,0,0,0.636
GSS,L08_SV16,negative,True,1238,8,16,3,12,1,16,0.158
GSS,L08_SV16,positive,False,1238,8,25,1,10,0,5,0.038
GSS,L08_SV17,negative,True,995,8,37,8,1,0,7,0.178
GSS,L08_SV17,positive,False,995,8,17,0,19,0,4,0.000
GSS,L08_SV18,negative,False,847,8,47,0,0,0,3,0.000
GSS,L08_SV18,positive,True,847,8,10,31,6,0,4,0.756
GSS,L08_SV19,negative,True,481,8,51,1,0,0,4,0.019
GSS,L08_SV19,positive,False,481,8,7,5,5,0,6,0.417
GSS,L08_SV20,negative,True,1178,8,14,0,2,0,12,0.000
GSS,L08_SV20,positive,False,1178,8,29,16,12,0,0,0.356
GSS,L08_SV21,negative,False,716,8,1,0,26,0,0,0.000
GSS,L08_SV21,positive,True,716,8,15,3,29,0,5,0.167
GSS,L08_SV22,negative,True,1166,8,2,0,0,1,0,0.000
GSS,L08_SV22,positive,False,1166,8,30,2,29,0,3,0.062
GSS,L08_SV23,negative,True,839,8,32,17,10,0,2,0.347
GSS,L08_SV23,positive,False,839,8,34,0,12,1,8,0.000
GSS,L08_SV24,negative,False,432,8,18,3,11,0,13,0.143
GSS,L08_SV24,positive,True,432,8,18,0,2,0,1,0.000
GSS,L08_SV25,negative,True,1255,8,0,0,38,0,0,
GSS,L08_SV25,positive,False,1255,8,36,0,25,0,2,0.000
GSS,L08_SV26,negative,True,666,8,0,0,0,0,0,
GSS,L08_SV26,positive,False,666,8,27,2,0,0,7,0.069
GSS,L08_SV27,negative,False,513,8,25,0,9,0,2,0.000
GSS,L08_SV27,positive,True,513,8,27,6,8,0,5,0.182
GSS,L08_SV28,negative,True,65,8,59,0,1,0,2,0.000
GSS,L08_SV28,positive,False,65,8,5,41,14,0,2,0.891
GSS,L08_SV29,negative,True,316,8,30,2,6,0,1,0.062
GSS,L08_SV29,positive,False,316,8,6,0,56,0,2,0.000
GSS,L08_SV30,negative,False,1335,8,22,4,0,0,4,0.154
GSS,L08_SV30,positive,True,1335,8,15,6,19,0,16,0.286
GSS,L08_SV31,negative,False,726,8,44,1,1,0,3,0.022
GSS,L08_SV31,positive,True,726,8,8,2,31,0,0,0.200
GSS,L08_SV32,negative,True,1171,8,24,5,0,0,22,0.172
GSS,L08_SV32,positive,False,1171,8,29,3,18,0,9,0.094
GSS,L08_SV33,negative,False,1175,8,57,0,2,0,4,0.000
GSS,L08_SV33,positive,True,1175,8,20,2,1,0,6,0.091
GSS,L08_SV34,negative,False,378,8,5,0,36,0,4,0.000
GSS,L08_SV34,positive,True,378,8,22,8,16,0,6,0.267
GSS,L08_SV35,negative,True,674,8,17,0,21,0,21,0.000
GSS,L08_SV35,positive,False,674,8,28,4,6,0,9,0.125
GSS,L08_SV36,negative,True,582,8,39,0,15,0,1,0.000
GSS,L08_SV36,positive,False,582,8,16,4,3,0,15,0.200
GSS,L08_SV37,negative,False,1325,8,4,24,5,0,7,0.857
GSS,L08_SV37,positive,True,1325,8,42,0,0,0,4,0.000
GSS,L08_SV38,negative,False,857,8,51,0,10,0,3,0.000
GSS,L08_SV38,positive,True,857,8,9,0,1,0,7,0.000
GSS,L08_SV39,negative,False,92,8,40,0,1,0,11,0.000
GSS,L08_SV39,positive,True,92,8,38,3,20,0,2,0.073
GSS,L08_SV40,negative,False,136,8,33,1,0,0,18,0.029
GSS,L08_SV40,positive,True,136,8,31,10,4,0,8,0.244
GSS,L08_SV41,negative,True,1300,8,22,15,3,0,12,0.405
GSS,L08_SV41,positive,False,1300,8,23,2,24,0,2,0.080
GSS,L08_SV42,negative,False,981,8,31,1,9,0,11,0.031
GSS,L08_SV42,positive,True,981,8,4,12,30,0,7,0.750
GSS,L08_SV43,negative,True,643,8,33,15,2,1,4,0.312
GSS,L08_SV43,positive,False,643,8,9,1,22,0,7,0.100
GSS,L08_SV44,negative,False,201,8,7,5,4,1,4,0.417
GSS,L08_SV44,positive,True,201,8,20,0,39,0,4,0.000
GSS,L08_SV45,negative,True,277,8,20,2,1,0,22,0.091
GSS,L08_SV45,positive,False,277,8,38,1,10,0,10,0.026
GSS,L08_SV46,negative,False,572,8,46,6,2,0,4,0.115
GSS,L08_SV46,positive,True,572,8,17,1,3,3,5,0.056
GSS,L08_SV47,negative,True,598,8,19,0,3,0,15,0.000
GSS,L08_SV47,positive,False,598,8,31,8,17,0,8,0.205
GSS,L08_SV48,negative,True,642,8,0,1,54,0,0,1.000
GSS,L08_SV48,positive,False,642,8,8,0,1,0,4,0.000
GSS,L08_SV49,negative,True,1027,8,11,1,6,0,18,0.083
GSS,L08_SV49,positive,False,1027,8,22,3,0,0,12,0.120
GSS,L08_SV50,negative,True,786,8,49,1,1,0,5,0.020
GSS,L08_SV50,positive,False,786,8,21,22,13,0,4,0.512
GSS,L08_SV51,negative,False,268,8,17,6,1,0,19,0.261
GSS,L08_SV51,positive,True,268,8,31,1,0,0,12,0.031
GSS,L08_SV52,negative,False,386,8,42,9,2,0,5,0.176
GSS,L08_SV52,positive,True,386,8,9,0,17,0,1,0.000
GSS,L08_SV53,negative,False,257,8,5,0,36,1,0,0.000
GSS,L08_SV53,positive,True,257,8,23,22,0,0,12,0.489
GSS,L08_SV54,negative,False,1297,8,4,0,35,0,0,0.000
GSS,L08_SV54,positive,True,1297,8,25,11,4,0,6,0.306
GSS,L08_SV55,negative,False,146,8,11,0,26,0,15,0.000
GSS,L08_SV55,positive,True,146,8,13,7,0,0,7,0.350
GSS,L08_SV56,negative,True,126,8,6,40,3,0,6,0.870
GSS,L08_SV56,positive,False,126,8,10,0,18,0,10,0.000
GSS,L08_SV57,negative,True,238,8,33,0,0,0,15,0.000
GSS,L08_SV57,positive,False,238,8,33,0,8,0,13,0.000
GSS,L08_SV58,negative,True,565,8,18,1,6,0,13,0.053
GSS,L08_SV58,positive,False,565,8,34,4,9,0,6,0.105
GSS,L08_SV59,negative,False,883,8,10,14,0,1,9,0.583
GSS,L08_SV59,positive,True,883,8,24,0,19,0,10,0.000
GSS,L08_SV60,negative,False,821,8,13,0,33,0,2,0.000
GSS,L08_SV60,positive,True,821,8,8,0,3,0,7,0.000
GSS,L08_SV61,negative,False,625,8,26,4,13,0,6,0.133
GSS,L08_SV61,positive,True,625,8,22,31,0,0,10,0.585
GSS,L08_SV62,negative,False,292,8,27,0,8,1,21,0.000
GSS,L08_SV62,positive,True,292,8,21,11,7,0,4,0.344
GSS,L08_SV63,negative,False,453,8,38,0,2,1,18,0.000
GSS,L08_SV63,positive,True,453,8,24,2,2,0,19,0.077
GSS,L08_SV64,negative,False,1170,8,14,0,12,0,8,0.000
GSS,L08_SV64,positive,True,1170,8,18,1,1,1,11,0.053
GSS,L09_SV01,negative,True,1448,9,0,0,64,0,0,
GSS,L09_SV01,positive,False,1448,9,49,0,0,1,9,0.000
GSS,L09_SV02,negative,False,1095,9,57,1,0,0,0,0.017
GSS,L09_SV02,positive,True,1095,9,0,0,1,0,0,
GSS,L09_SV03,negative,True,1310,9,19,7,36,0,0,0.269
GSS,L09_SV03,positive,False,1310,9,20,0,1,0,15,0.000
GSS,L09_SV04,negative,False,1432,9,49,0,0,0,15,0.000
GSS,L09_SV04,positive,True,1432,9,0,0,0,0,0,
GSS,L09_SV05,negative,True,1147,9,0,0,0,0,0,
GSS,L09_SV05,positive,False,1147,9,10,1,0,0,2,0.091
GSS,L09_SV06,negative,True,1301,9,54,0,1,0,6,0.000
GSS,L09_SV06,positive,False,1301,9,1,3,9,0,0,0.750
GSS,L09_SV07,negative,True,421,9,14,30,0,1,4,0.682
GSS,L09_SV07,positive,False,421,9,13,0,15,0,4,0.000
GSS,L09_SV08,negative,True,1264,9,58,0,0,0,5,0.000
GSS,L09_SV08,positive,False,1264,9,17,33,9,0,1,0.660
GSS,L09_SV09,negative,True,1343,9,5,24,26,0,0,0.828
GSS,L09_SV09,positive,False,1343,9,40,0,17,0,5,0.000
GSS,L09_SV10,negative,True,691,9,21,1,27,1,1,0.045
GSS,L09_SV10,positive,False,691,9,60,2,1,0,1,0.032
GSS,L09_SV11,negative,False,196,9,0,21,18,0,1,1.000
GSS,L09_SV11,positive,True,196,9,56,0,0,0,2,0.000
GSS,L09_SV12,negative,False,1029,9,16,15,0,0,8,0.484
GSS,L09_SV12,positive,True,1029,9,4,1,57,0,0,0.200
GSS,L09_SV13,negative,True,486,9,13,0,21,0,0,0.000
GSS,L09_SV13,positive,False,486,9,26,0,12,1,3,0.000
GSS,L09_SV14,negative,True,1209,9,38,15,0,2,6,0.283
GSS,L09_SV14,positive,False,1209,9,1,0,51,0,0,0.000
GSS,L09_SV15,negative,True,771,9,41,0,2,0,11,0.000
GSS,L09_SV15,positive,False,771,9,13,0,13,0,1,0.000
GSS,L09_SV16,negative,True,1154,9,16,17,7,1,12,0.515
GSS,L09_SV16,positive,False,1154,9,49,0,2,1,0,0.000
GSS,L09_SV17,negative,False,1035,9,11,0,0,2,8,0.000
GSS,L09_SV17,positive,True,1035,9,49,3,7,0,3,0.058
GSS,L09_SV18,negative,False,1159,9,31,0,4,0,8,0.000
GSS,L09_SV18,positive,True,1159,9,0,5,24,0,1,1.000
GSS,L09_SV19,negative,False,820,9,5,0,15,1,0,0.000
GSS,L09_SV19,positive,True,820,9,34,1,14,0,5,0.029
GSS,L09_SV20,negative,False,912,9,7,0,0,0,0,0.000
GSS,L09_SV20,positive,True,912,9,15,0,45,0,1,0.000
GSS,L09_SV21,negative,False,1000,9,34,2,6,4,1,0.056
GSS,L09_SV21,positive,True,1000,9,14,49,0,0,0,0.778
GSS,L09_SV22,negative,True,921,9,27,25,0,0,3,0.481
GSS,L09_SV22,positive,False,921,9,39,0,21,0,1,0.000
GSS,L09_SV23,negative,False,1040,9,17,6,4,0,1,0.261
GSS,L09_SV23,positive,True,1040,9,41,1,1,0,7,0.024
GSS,L09_SV24,negative,False,880,9,43,5,0,0,4,0.104
GSS,L09_SV24,positive,True,880,9,30,6,19,0,3,0.167
GSS,L09_SV25,negative,False,543,9,6,0,0,0,0,0.000
GSS,L09_SV25,positive,True,543,9,15,1,0,0,25,0.062
GSS,L09_SV26,negative,True,743,9,54,2,5,0,1,0.036
GSS,L09_SV26,positive,False,743,9,11,21,29,0,0,0.656
GSS,L09_SV27,negative,True,1165,9,31,9,0,0,18,0.225
GSS,L09_SV27,positive,False,1165,9,11,0,9,0,4,0.000
GSS,L09_SV28,negative,False,54,9,27,0,6,0,5,0.000
GSS,L09_SV28,positive,True,54,9,1,0,63,0,0,0.000
GSS,L09_SV29,negative,False,1060,9,37,0,0,0,9,0.000
GSS,L09_SV29,positive,True,1060,9,20,3,11,0,10,0.130
GSS,L09_SV30,negative,False,1032,9,38,0,21,0,2,0.000
GSS,L09_SV30,positive,True,1032,9,15,28,0,0,5,0.651
GSS,L09_SV31,negative,True,307,9,36,0,0,0,11,0.000
GSS,L09_SV31,positive,False,307,9,29,0,21,0,3,0.000
GSS,L09_SV32,negative,True,380,9,36,12,7,0,3,0.250
GSS,L09_SV32,positive,False,380,9,5,0,37,0,5,0.000
GSS,L09_SV33,negative,True,1363,9,40,1,3,0,4,0.024
GSS,L09_SV33,positive,False,1363,9,5,2,25,0,0,0.286
GSS,L09_SV34,negative,False,955,9,44,0,16,0,3,0.000
GSS,L09_SV34,positive,True,955,9,19,1,1,0,9,0.050
GSS,L09_SV35,negative,False,334,9,43,0,2,0,10,0.000
GSS,L09_SV35,positive,True,334,9,27,2,32,0,0,0.069
GSS,L09_SV36,negative,True,170,9,34,8,1,0,13,0.190
GSS,L09_SV36,positive,False,170,9,36,1,10,0,6,0.027
GSS,L09_SV37,negative,True,1139,9,46,0,0,0,8,0.000
GSS,L09_SV37,positive,False,1139,9,25,4,9,0,1,0.138
GSS,L09_SV38,negative,True,1230,9,3,3,0,0,3,0.500
GSS,L09_SV38,positive,False,1230,9,13,0,11,0,0,0.000
GSS,L09_SV39,negative,False,1098,9,35,0,1,0,6,0.000
GSS,L09_SV39,positive,True,1098,9,6,4,36,0,0,0.400
GSS,L09_SV40,negative,True,282,9,9,13,19,0,6,0.591
GSS,L09_SV40,positive,False,282,9,26,0,22,0,9,0.000
GSS,L09_SV41,negative,False,328,9,20,15,4,0,9,0.429
GSS,L09_SV41,positive,True,328,9,40,0,6,0,7,0.000
GSS,L09_SV42,negative,False,351,9,18,12,7,0,7,0.400
GSS,L09_SV42,positive,True,351,9,8,0,27,0,13,0.000
GSS,L09_SV43,negative,True,1106,9,7,3,40,0,1,0.300
GSS,L09_SV43,positive,False,1106,9,0,0,10,0,1,
GSS,L09_SV44,negative,True,410,9,38,0,0,0,1,0.000
GSS,L09_SV44,positive,False,410,9,25,3,6,1,22,0.107
GSS,L09_SV45,negative,True,579,9,19,5,4,0,13,0.208
GSS,L09_SV45,positive,False,579,9,23,8,21,0,0,0.258
GSS,L09_SV46,negative,False,576,9,31,20,0,0,5,0.392
GSS,L09_SV46,positive,True,576,9,38,0,2,0,13,0.000
GSS,L09_SV47,negative,False,384,9,41,1,0,0,8,0.024
GSS,L09_SV47,positive,True,384,9,11,0,2,0,2,0.000
GSS,L09_SV48,negative,False,578,9,9,0,7,1,3,0.000
GSS,L09_SV48,positive,True,578,9,33,7,2,0,14,0.175
GSS,L09_SV49,negative,True,878,9,22,14,6,0,3,0.389
GSS,L09_SV49,positive,False,878,9,15,18,2,0,12,0.545
GSS,L09_SV50,negative,False,906,9,18,3,27,0,7,0.143
GSS,L09_SV50,positive,True,906,9,34,1,4,0,7,0.029
GSS,L09_SV51,negative,False,103,9,13,5,1,2,7,0.278
GSS,L09_SV51,positive,True,103,9,41,1,2,1,7,0.024
GSS,L09_SV52,negative,True,665,9,15,35,4,0,4,0.700
GSS,L09_SV52,positive,False,665,9,5,0,29,0,9,0.000
GSS,L09_SV53,negative,True,992,9,10,3,30,0,3,0.231
GSS,L09_SV53,positive,False,992,9,22,0,14,3,7,0.000
GSS,L09_SV54,negative,True,412,9,8,1,0,0,7,0.111
GSS,L09_SV54,positive,False,412,9,15,5,23,0,12,0.250
GSS,L09_SV55,negative,True,83,9,50,0,0,0,8,0.000
GSS,L09_SV55,positive,False,83,9,21,8,4,0,8,0.276
GSS,L09_SV56,negative,False,460,9,46,4,0,3,6,0.080
GSS,L09_SV56,positive,True,460,9,33,3,5,0,7,0.083
GSS,L09_SV57,negative,True,1396,9,16,1,7,0,8,0.059
GSS,L09_SV57,positive,False,1396,9,28,0,2,3,17,0.000
GSS,L09_SV58,negative,True,407,9,28,10,6,0,5,0.263
GSS,L09_SV58,positive,False,407,9,22,0,5,0,10,0.000
GSS,L09_SV59,negative,True,21,9,15,0,1,0,23,0.000
GSS,L09_SV59,positive,False,21,9,34,9,9,0,6,0.209
GSS,L09_SV60,negative,False,464,9,33,1,18,0,9,0.029
GSS,L09_SV60,positive,True,464,9,28,4,1,0,20,0.125
GSS,L09_SV61,negative,False,124,9,47,6,0,0,7,0.113
GSS,L09_SV61,positive,True,124,9,15,3,7,0,8,0.167
GSS,L09_SV62,negative,True,235,9,33,10,9,0,7,0.233
GSS,L09_SV62,positive,False,235,9,37,0,0,0,17,0.000
GSS,L09_SV63,negative,True,99,9,18,2,9,0,7,0.100
GSS,L09_SV63,positive,False,99,9,40,2,0,0,5,0.048
GSS,L09_SV64,negative,True,989,9,28,0,1,0,15,0.000
GSS,L09_SV64,positive,False,989,9,39,11,2,0,5,0.220
GSS,L10_SV01,negative,True,1446,10,0,0,64,0,0,
GSS,L10_SV01,positive,False,1446,10,50,0,0,1,8,0.000
GSS,L10_SV02,negative,False,1080,10,58,1,0,0,0,0.017
GSS,L10_SV02,positive,True,1080,10,0,0,1,0,0,
GSS,L10_SV03,negative,True,1365,10,24,4,35,0,0,0.143
GSS,L10_SV03,positive,False,1365,10,14,0,2,1,8,0.000
GSS,L10_SV04,negative,False,1429,10,50,0,0,0,14,0.000
GSS,L10_SV04,positive,True,1429,10,0,0,0,0,0,
GSS,L10_SV05,negative,True,1149,10,0,0,0,0,0,
GSS,L10_SV05,positive,False,1149,10,9,2,0,0,4,0.182
GSS,L10_SV06,negative,True,1315,10,54,0,1,0,4,0.000
GSS,L10_SV06,positive,False,1315,10,1,2,4,0,0,0.667
GSS,L10_SV07,negative,True,939,10,13,27,2,1,7,0.675
GSS,L10_SV07,positive,False,939,10,17,0,20,0,4,0.000
GSS,L10_SV08,negative,True,1234,10,57,0,0,1,4,0.000
GSS,L10_SV08,positive,False,1234,10,20,16,22,0,1,0.444
GSS,L10_SV09,negative,True,1352,10,5,29,19,0,0,0.853
GSS,L10_SV09,positive,False,1352,10,36,0,21,0,7,0.000
GSS,L10_SV10,negative,True,698,10,26,1,24,0,2,0.037
GSS,L10_SV10,positive,False,698,10,55,4,1,0,3,0.068
GSS,L10_SV11,negative,False,165,10,0,19,14,0,3,1.000
GSS,L10_SV11,positive,True,165,10,56,0,0,0,0,0.000
GSS,L10_SV12,negative,False,1084,10,15,15,0,0,9,0.500
GSS,L10_SV12,positive,True,1084,10,3,1,58,0,0,0.250
GSS,L10_SV13,negative,True,447,10,16,0,25,0,0,0.000
GSS,L10_SV13,positive,False,447,10,20,0,16,1,5,0.000
GSS,L10_SV14,negative,True,1280,10,43,10,0,1,5,0.189
GSS,L10_SV14,positive,False,1280,10,3,0,49,0,1,0.000
GSS,L10_SV15,negative,True,478,10,47,0,0,0,4,0.000
GSS,L10_SV15,positive,False,478,10,11,0,15,0,0,0.000
GSS,L10_SV16,negative,False,306,10,56,5,1,0,2,0.082
GSS,L10_SV16,positive,True,306,10,15,0,6,0,5,0.000
GSS,L10_SV17,negative,False,1057,10,29,0,1,1,6,0.000
GSS,L10_SV17,positive,True,1057,10,19,19,19,0,3,0.500
GSS,L10_SV18,negative,False,1052,10,25,2,13,0,5,0.074
GSS,L10_SV18,positive,True,1052,10,4,2,10,0,0,0.333
GSS,L10_SV19,negative,False,916,10,0,5,40,0,0,1.000
GSS,L10_SV19,positive,True,916,10,28,0,6,0,13,0.000
GSS,L10_SV20,negative,True,1302,10,36,2,12,0,11,0.053
GSS,L10_SV20,positive,False,1302,10,2,0,0,0,0,0.000
GSS,L10_SV21,negative,True,1079,10,19,40,0,0,0,0.678
GSS,L10_SV21,positive,False,1079,10,25,0,12,2,4,0.000
GSS,L10_SV22,negative,True,493,10,20,25,1,0,4,0.556
GSS,L10_SV22,positive,False,493,10,40,0,13,0,4,0.000
GSS,L10_SV23,negative,False,1003,10,14,5,17,0,2,0.263
GSS,L10_SV23,positive,True,1003,10,39,2,2,0,6,0.049
GSS,L10_SV24,negative,False,226,10,59,0,0,0,3,0.000
GSS,L10_SV24,positive,True,226,10,25,24,6,0,2,0.490
GSS,L10_SV25,negative,False,1220,10,1,2,10,0,0,0.667
GSS,L10_SV25,positive,True,1220,10,18,1,0,0,12,0.053
GSS,L10_SV26,negative,True,709,10,55,2,3,0,1,0.035
GSS,L10_SV26,positive,False,709,10,9,20,31,0,0,0.690
GSS,L10_SV27,negative,False,1103,10,4,0,3,0,10,0.000
GSS,L10_SV27,positive,True,1103,10,36,17,3,0,6,0.321
GSS,L10_SV28,negative,False,792,10,40,2,0,0,10,0.048
GSS,L10_SV28,positive,True,792,10,20,2,32,0,2,0.091
GSS,L10_SV29,negative,False,599,10,43,0,0,0,7,0.000
GSS,L10_SV29,positive,True,599,10,11,3,15,0,5,0.214
GSS,L10_SV30,negative,False,1197,10,11,0,46,0,7,0.000
GSS,L10_SV30,positive,True,1197,10,20,27,0,0,3,0.574
GSS,L10_SV31,negative,True,1087,10,37,0,1,1,15,0.000
GSS,L10_SV31,positive,False,1087,10,13,0,32,0,2,0.000
GSS,L10_SV32,negative,True,515,10,34,10,12,0,2,0.227
GSS,L10_SV32,positive,False,515,10,15,0,21,0,5,0.000
GSS,L10_SV33,negative,True,1271,10,43,1,4,0,5,0.023
GSS,L10_SV33,positive,False,1271,10,0,0,30,0,0,
GSS,L10_SV34,negative,False,359,10,36,0,26,0,0,0.000
GSS,L10_SV34,positive,True,359,10,32,1,1,0,8,0.030
GSS,L10_SV35,negative,False,937,10,38,0,3,0,9,0.000
GSS,L10_SV35,positive,True,937,10,28,15,14,0,3,0.349
GSS,L10_SV36,negative,True,367,10,37,7,3,1,8,0.159
GSS,L10_SV36,positive,False,367,10,32,1,9,0,5,0.030
GSS,L10_SV37,negative,False,1337,10,15,0,18,0,3,0.000
GSS,L10_SV37,positive,True,1337,10,22,1,0,0,9,0.043
GSS,L10_SV38,negative,True,1124,10,40,0,18,0,2,0.000
GSS,L10_SV38,positive,False,1124,10,17,5,1,0,4,0.227
GSS,L10_SV39,negative,False,951,10,34,0,1,0,6,0.000
GSS,L10_SV39,positive,True,951,10,7,1,45,0,1,0.125
GSS,L10_SV40,negative,True,194,10,10,16,6,0,8,0.615
GSS,L10_SV40,positive,False,194,10,40,0,4,0,15,0.000
GSS,L10_SV41,negative,True,684,10,39,0,0,0,6,0.000
GSS,L10_SV41,positive,False,684,10,5,29,10,0,2,0.853
GSS,L10_SV42,negative,False,888,10,28,1,19,0,5,0.034
GSS,L10_SV42,positive,True,888,10,19,1,14,0,4,0.050
GSS,L10_SV43,negative,False,423,10,35,0,3,0,8,0.000
GSS,L10_SV43,positive,True,423,10,23,8,6,1,19,0.258
GSS,L10_SV44,negative,True,534,10,16,1,1,0,27,0.059
GSS,L10_SV44,positive,False,534,10,18,2,0,0,0,0.100
GSS,L10_SV45,negative,False,354,10,12,43,0,0,5,0.782
GSS,L10_SV45,positive,True,354,10,40,0,0,0,11,0.000
GSS,L10_SV46,negative,False,183,10,27,11,4,0,15,0.289
GSS,L10_SV46,positive,True,183,10,24,0,1,0,3,0.000
GSS,L10_SV47,negative,False,1108,10,7,0,19,1,3,0.000
GSS,L10_SV47,positive,True,1108,10,25,9,2,0,14,0.265
GSS,L10_SV48,negative,False,1126,10,27,16,6,0,8,0.372
GSS,L10_SV48,positive,True,1126,10,16,7,11,0,12,0.304
GSS,L10_SV49,negative,True,1247,10,6,3,4,0,1,0.333
GSS,L10_SV49,positive,False,1247,10,10,3,34,0,1,0.231
GSS,L10_SV50,negative,False,74,10,8,5,12,2,3,0.385
GSS,L10_SV50,positive,True,74,10,14,0,2,0,3,0.000
GSS,L10_SV51,negative,True,550,10,23,14,0,0,6,0.378
GSS,L10_SV51,positive,False,550,10,8,0,42,0,4,0.000
GSS,L10_SV52,negative,True,415,10,20,12,21,0,2,0.375
GSS,L10_SV52,positive,False,415,10,34,4,5,0,8,0.105
GSS,L10_SV53,negative,False,635,10,30,0,2,0,14,0.000
GSS,L10_SV53,positive,True,635,10,38,1,6,1,14,0.026
GSS,L10_SV54,negative,True,593,10,18,3,35,0,1,0.143
GSS,L10_SV54,positive,False,593,10,4,0,1,0,2,0.000
GSS,L10_SV55,negative,False,775,10,33,7,12,1,5,0.175
GSS,L10_SV55,positive,True,775,10,46,0,1,0,9,0.000
GSS,L10_SV56,negative,False,490,10,47,4,0,2,6,0.078
GSS,L10_SV56,positive,True,490,10,30,3,4,0,8,0.091
GSS,L10_SV57,negative,True,952,10,10,1,3,0,18,0.091
GSS,L10_SV57,positive,False,952,10,8,0,27,0,0,0.000
GSS,L10_SV58,negative,True,1082,10,19,1,12,0,4,0.050
GSS,L10_SV58,positive,False,1082,10,32,0,0,3,10,0.000
GSS,L10_SV59,negative,True,435,10,16,1,4,0,5,0.059
GSS,L10_SV59,positive,False,435,10,35,1,10,0,11,0.028
GSS,L10_SV60,negative,False,214,10,42,1,2,0,12,0.023
GSS,L10_SV60,positive,True,214,10,45,2,10,0,4,0.043
GSS,L10_SV61,negative,True,797,10,37,5,0,0,17,0.119
GSS,L10_SV61,positive,False,797,10,12,5,9,0,12,0.294
GSS,L10_SV62,negative,False,649,10,45,10,6,0,1,0.182
GSS,L10_SV62,positive,True,649,10,31,2,0,0,20,0.061
GSS,L10_SV63,negative,False,1076,10,19,22,13,0,7,0.537
GSS,L10_SV63,positive,True,1076,10,15,0,0,0,11,0.000
GSS,L10_SV64,negative,False,72,10,17,9,26,0,5,0.346
GSS,L10_SV64,positive,True,72,10,0,0,0,0,4,
GSS,L11_SV01,negative,True,1450,11,0,0,64,0,0,
GSS,L11_SV01,positive,False,1450,11,49,0,0,1,10,0.000
GSS,L11_SV02,negative,False,919,11,58,1,0,0,0,0.017
GSS,L11_SV02,positive,True,919,11,0,0,1,0,0,
GSS,L11_SV03,negative,True,1347,11,28,3,32,0,0,0.097
GSS,L11_SV03,positive,False,1347,11,15,0,5,1,7,0.000
GSS,L11_SV04,negative,False,1425,11,48,0,0,0,16,0.000
GSS,L11_SV04,positive,True,1425,11,0,0,0,0,0,
GSS,L11_SV05,negative,True,1173,11,0,0,0,0,0,
GSS,L11_SV05,positive,False,1173,11,10,1,0,0,2,0.091
GSS,L11_SV06,negative,True,1362,11,56,0,0,0,4,0.000
GSS,L11_SV06,positive,False,1362,11,1,2,2,0,0,0.667
GSS,L11_SV07,negative,True,682,11,15,25,2,2,6,0.625
GSS,L11_SV07,positive,False,682,11,1,0,7,0,0,0.000
GSS,L11_SV08,negative,True,1293,11,51,0,0,0,6,0.000
GSS,L11_SV08,positive,False,1293,11,18,19,23,0,1,0.514
GSS,L11_SV09,negative,True,1348,11,5,30,19,0,0,0.857
GSS,L11_SV09,positive,False,1348,11,41,0,16,0,5,0.000
GSS,L11_SV10,negative,True,657,11,19,2,22,2,2,0.095
GSS,L11_SV10,positive,False,657,11,48,8,4,0,3,0.143
GSS,L11_SV11,negative,False,163,11,0,17,18,0,3,1.000
GSS,L11_SV11,positive,True,163,11,56,0,0,0,0,0.000
GSS,L11_SV12,negative,False,1121,11,13,15,0,0,8,0.536
GSS,L11_SV12,positive,True,1121,11,7,1,52,0,0,0.125
GSS,L11_SV13,negative,True,491,11,18,0,29,0,0,0.000
GSS,L11_SV13,positive,False,491,11,17,0,19,1,4,0.000
GSS,L11_SV14,negative,True,1273,11,39,10,0,3,7,0.204
GSS,L11_SV14,positive,False,1273,11,10,0,47,0,1,0.000
GSS,L11_SV15,negative,True,774,11,47,0,1,0,0,0.000
GSS,L11_SV15,positive,False,774,11,15,1,13,0,1,0.062
GSS,L11_SV16,negative,False,392,11,59,3,0,0,2,0.048
GSS,L11_SV16,positive,True,392,11,13,0,6,2,5,0.000
GSS,L11_SV17,negative,False,1036,11,37,0,1,0,7,0.000
GSS,L11_SV17,positive,True,1036,11,13,19,31,0,0,0.594
GSS,L11_SV18,negative,False,991,11,22,1,14,0,3,0.043
GSS,L11_SV18,positive,True,991,11,8,3,11,0,0,0.273
GSS,L11_SV19,negative,False,749,11,0,3,44,0,0,1.000
GSS,L11_SV19,positive,True,749,11,37,0,3,0,8,0.000
GSS,L11_SV20,negative,True,1290,11,35,2,12,0,12,0.054
GSS,L11_SV20,positive,False,1290,11,4,0,2,0,0,0.000
GSS,L11_SV21,negative,False,1192,11,14,0,6,0,2,0.000
GSS,L11_SV21,positive,True,1192,11,22,31,1,0,4,0.585
GSS,L11_SV22,negative,True,936,11,25,15,3,0,4,0.375
GSS,L11_SV22,positive,False,936,11,34,0,24,0,2,0.000
GSS,L11_SV23,negative,False,1195,11,6,2,1,0,0,0.250
GSS,L11_SV23,positive,True,1195,11,34,1,2,0,3,0.029
GSS,L11_SV24,negative,False,263,11,59,0,0,0,0,0.000
GSS,L11_SV24,positive,True,263,11,30,22,7,0,1,0.423
GSS,L11_SV25,negative,True,1077,11,18,3,2,0,0,0.143
GSS,L11_SV25,positive,False,1077,11,18,1,18,0,10,0.053
GSS,L11_SV26,negative,True,854,11,37,2,0,20,3,0.051
GSS,L11_SV26,positive,False,854,11,4,16,29,0,2,0.800
GSS,L11_SV27,negative,False,894,11,10,1,4,0,3,0.091
GSS,L11_SV27,positive,True,894,11,7,20,36,0,1,0.741
GSS,L11_SV28,negative,True,791,11,9,2,30,0,7,0.182
GSS,L11_SV28,positive,False,791,11,47,2,0,0,8,0.041
GSS,L11_SV29,negative,False,959,11,50,0,2,0,4,0.000
GSS,L11_SV29,positive,True,959,11,30,9,1,0,4,0.231
GSS,L11_SV30,negative,True,246,11,41,0,0,0,11,0.000
GSS,L11_SV30,positive,False,246,11,24,0,27,0,1,0.000
GSS,L11_SV31,negative,True,1045,11,3,0,59,0,0,0.000
GSS,L11_SV31,positive,False,1045,11,23,7,4,0,6,0.233
GSS,L11_SV32,negative,False,1132,11,28,5,22,0,4,0.152
GSS,L11_SV32,positive,True,1132,11,13,0,0,0,17,0.000
GSS,L11_SV33,negative,True,1222,11,46,1,4,0,3,0.021
GSS,L11_SV33,positive,False,1222,11,1,0,20,0,0,0.000
GSS,L11_SV34,negative,False,149,11,17,2,39,0,2,0.105
GSS,L11_SV34,positive,True,149,11,29,2,3,0,9,0.065
GSS,L11_SV35,negative,False,566,11,53,0,4,0,5,0.000
GSS,L11_SV35,positive,True,566,11,27,4,2,0,5,0.129
GSS,L11_SV36,negative,False,645,11,19,0,33,0,3,0.000
GSS,L11_SV36,positive,True,645,11,21,11,4,2,4,0.344
GSS,L11_SV37,negative,True,976,11,45,0,7,0,9,0.000
GSS,L11_SV37,positive,False,976,11,37,3,0,0,4,0.075
GSS,L11_SV38,negative,True,985,11,5,1,0,1,7,0.167
GSS,L11_SV38,positive,False,985,11,7,0,40,1,0,0.000
GSS,L11_SV39,negative,False,1143,11,24,8,1,0,3,0.250
GSS,L11_SV39,positive,True,1143,11,30,1,28,0,4,0.032
GSS,L11_SV40,negative,True,1142,11,1,6,48,0,1,0.857
GSS,L11_SV40,positive,False,1142,11,12,0,3,0,2,0.000
GSS,L11_SV41,negative,True,335,11,47,0,0,0,5,0.000
GSS,L11_SV41,positive,False,335,11,9,25,16,0,4,0.735
GSS,L11_SV42,negative,True,841,11,27,3,11,1,7,0.100
GSS,L11_SV42,positive,False,841,11,23,1,22,0,7,0.042
GSS,L11_SV43,negative,True,438,11,19,13,10,1,15,0.406
GSS,L11_SV43,positive,False,438,11,42,1,0,0,1,0.023
GSS,L11_SV44,negative,True,717,11,18,1,15,0,8,0.053
GSS,L11_SV44,positive,False,717,11,18,9,1,0,8,0.333
GSS,L11_SV45,negative,False,189,11,15,33,2,0,8,0.688
GSS,L11_SV45,positive,True,189,11,39,1,2,0,18,0.025
GSS,L11_SV46,negative,False,227,11,8,0,22,1,0,0.000
GSS,L11_SV46,positive,True,227,11,48,9,0,0,5,0.158
GSS,L11_SV47,negative,True,1071,11,36,0,1,0,11,0.000
GSS,L11_SV47,positive,False,1071,11,3,0,55,0,0,0.000
GSS,L11_SV48,negative,False,264,11,22,2,6,0,12,0.083
GSS,L11_SV48,positive,True,264,11,9,2,14,0,8,0.182
GSS,L11_SV49,negative,False,892,11,9,0,33,0,7,0.000
GSS,L11_SV49,positive,True,892,11,11,9,10,0,3,0.450
GSS,L11_SV50,negative,True,381,11,15,13,0,0,4,0.464
GSS,L11_SV50,positive,False,381,11,12,0,28,0,8,0.000
GSS,L11_SV51,negative,True,188,11,14,23,10,0,4,0.622
GSS,L11_SV51,positive,False,188,11,17,1,15,0,12,0.056
GSS,L11_SV52,negative,False,671,11,19,0,19,0,15,0.000
GSS,L11_SV52,positive,True,671,11,13,4,20,0,0,0.235
GSS,L11_SV53,negative,False,816,11,6,14,3,0,3,0.700
GSS,L11_SV53,positive,True,816,11,37,0,7,4,11,0.000
GSS,L11_SV54,negative,False,795,11,1,2,38,1,2,0.667
GSS,L11_SV54,positive,True,795,11,4,0,3,0,3,0.000
GSS,L11_SV55,negative,True,870,11,50,1,0,0,2,0.020
GSS,L11_SV55,positive,False,870,11,26,4,15,0,10,0.133
GSS,L11_SV56,negative,False,64,11,38,2,2,1,15,0.050
GSS,L11_SV56,positive,True,64,11,48,0,0,1,8,0.000
GSS,L11_SV57,negative,True,860,11,22,3,6,0,6,0.120
GSS,L11_SV57,positive,False,860,11,40,0,1,0,12,0.000
GSS,L11_SV58,negative,False,52,11,30,1,19,0,2,0.032
GSS,L11_SV58,positive,True,52,11,19,0,0,1,7,0.000
GSS,L11_SV59,negative,True,236,11,31,25,0,0,7,0.446
GSS,L11_SV59,positive,False,236,11,20,0,2,0,4,0.000
GSS,L11_SV60,negative,False,255,11,32,2,2,0,14,0.059
GSS,L11_SV60,positive,True,255,11,48,4,8,0,3,0.077
GSS,L11_SV61,negative,False,436,11,16,10,22,0,9,0.385
GSS,L11_SV61,positive,True,436,11,25,0,0,0,19,0.000
GSS,L11_SV62,negative,False,429,11,17,6,22,0,1,0.261
GSS,L11_SV62,positive,True,429,11,33,0,1,0,16,0.000
GSS,L11_SV63,negative,False,710,11,5,16,34,0,6,0.762
GSS,L11_SV63,positive,True,710,11,2,0,0,0,0,0.000
GSS,L11_SV64,negative,False,219,11,25,6,7,0,6,0.194
GSS,L11_SV64,positive,True,219,11,43,0,7,0,7,0.000
GSS,L12_SV01,negative,True,1449,12,0,0,64,0,0,
GSS,L12_SV01,positive,False,1449,12,49,0,0,1,10,0.000
GSS,L12_SV02,negative,False,1160,12,53,1,0,0,0,0.019
GSS,L12_SV02,positive,True,1160,12,0,0,2,0,1,
GSS,L12_SV03,negative,False,1311,12,35,3,26,0,0,0.079
GSS,L12_SV03,positive,True,1311,12,11,0,16,1,2,0.000
GSS,L12_SV04,negative,False,1423,12,47,0,0,0,17,0.000
GSS,L12_SV04,positive,True,1423,12,0,0,0,0,0,
GSS,L12_SV05,negative,True,1205,12,0,0,0,0,0,
GSS,L12_SV05,positive,False,1205,12,8,0,1,0,1,0.000
GSS,L12_SV06,negative,True,1326,12,58,0,0,0,2,0.000
GSS,L12_SV06,positive,False,1326,12,3,1,1,0,0,0.250
GSS,L12_SV07,negative,True,1002,12,22,14,1,8,6,0.389
GSS,L12_SV07,positive,False,1002,12,0,0,6,0,0,
GSS,L12_SV08,negative,True,1231,12,40,0,1,0,11,0.000
GSS,L12_SV08,positive,False,1231,12,23,14,20,0,2,0.378
GSS,L12_SV09,negative,True,1336,12,5,27,21,0,1,0.844
GSS,L12_SV09,positive,False,1336,12,38,0,19,0,5,0.000
GSS,L12_SV10,negative,True,633,12,17,3,26,2,1,0.150
GSS,L12_SV10,positive,False,633,12,57,5,1,0,1,0.081
GSS,L12_SV11,negative,False,156,12,0,23,14,0,4,1.000
GSS,L12_SV11,positive,True,156,12,56,0,0,0,0,0.000
GSS,L12_SV12,negative,True,1177,12,4,1,56,0,0,0.200
GSS,L12_SV12,positive,False,1177,12,16,11,0,0,4,0.407
GSS,L12_SV13,negative,True,372,12,18,0,16,0,1,0.000
GSS,L12_SV13,positive,False,372,12,33,0,6,0,7,0.000
GSS,L12_SV14,negative,True,1140,12,33,8,0,3,8,0.195
GSS,L12_SV14,positive,False,1140,12,11,0,48,0,0,0.000
GSS,L12_SV15,negative,False,1131,12,41,2,4,0,3,0.047
GSS,L12_SV15,positive,True,1131,12,14,0,21,0,2,0.000
GSS,L12_SV16,negative,False,763,12,58,4,0,0,2,0.065
GSS,L12_SV16,positive,True,763,12,17,1,6,0,7,0.056
GSS,L12_SV17,negative,False,1086,12,27,0,3,0,6,0.000
GSS,L12_SV17,positive,True,1086,12,20,16,24,0,1,0.444
GSS,L12_SV18,negative,False,1018,12,26,2,15,0,7,0.071
GSS,L12_SV18,positive,True,1018,12,11,3,9,0,0,0.214
GSS,L12_SV19,negative,True,1007,12,13,2,46,0,2,0.133
GSS,L12_SV19,positive,False,1007,12,22,0,0,0,1,0.000
GSS,L12_SV20,negative,False,1283,12,0,0,3,0,0,
GSS,L12_SV20,positive,True,1283,12,41,1,11,0,9,0.024
GSS,L12_SV21,negative,False,1191,12,16,0,12,3,2,0.000
GSS,L12_SV21,positive,True,1191,12,34,21,0,0,3,0.382
GSS,L12_SV22,negative,False,935,12,23,17,5,0,4,0.425
GSS,L12_SV22,positive,True,935,12,30,0,28,0,2,0.000
GSS,L12_SV23,negative,False,1137,12,5,2,1,0,0,0.286
GSS,L12_SV23,positive,True,1137,12,37,0,3,0,2,0.000
GSS,L12_SV24,negative,False,123,12,59,0,0,0,1,0.000
GSS,L12_SV24,positive,True,123,12,30,21,10,0,1,0.412
GSS,L12_SV25,negative,True,962,12,39,1,7,0,0,0.025
GSS,L12_SV25,positive,False,962,12,10,1,37,0,6,0.091
GSS,L12_SV26,negative,True,974,12,41,2,0,9,4,0.047
GSS,L12_SV26,positive,False,974,12,2,19,14,0,2,0.905
GSS,L12_SV27,negative,False,544,12,13,0,1,0,6,0.000
GSS,L12_SV27,positive,True,544,12,6,7,51,0,0,0.538
GSS,L12_SV28,negative,True,516,12,10,7,28,0,4,0.412
GSS,L12_SV28,positive,False,516,12,42,1,0,0,11,0.023
GSS,L12_SV29,negative,False,879,12,45,0,2,0,8,0.000
GSS,L12_SV29,positive,True,879,12,32,5,2,0,4,0.135
GSS,L12_SV30,negative,True,806,12,37,0,0,0,9,0.000
GSS,L12_SV30,positive,False,806,12,41,0,11,0,3,0.000
GSS,L12_SV31,negative,False,1136,12,23,6,25,0,5,0.207
GSS,L12_SV31,positive,True,1136,12,16,0,1,0,17,0.000
GSS,L12_SV32,negative,True,1111,12,0,0,57,0,1,
GSS,L12_SV32,positive,False,1111,12,13,10,1,0,7,0.435
GSS,L12_SV33,negative,True,1186,12,46,1,5,0,3,0.021
GSS,L12_SV33,positive,False,1186,12,0,0,10,0,2,
GSS,L12_SV34,negative,False,270,12,11,1,45,0,2,0.083
GSS,L12_SV34,positive,True,270,12,29,1,2,0,8,0.033
GSS,L12_SV35,negative,True,352,12,53,0,3,0,4,0.000
GSS,L12_SV35,positive,False,352,12,30,1,3,0,3,0.032
GSS,L12_SV36,negative,False,330,12,20,0,32,0,1,0.000
GSS,L12_SV36,positive,True,330,12,24,6,2,1,4,0.200
GSS,L12_SV37,negative,False,1013,12,49,0,9,0,3,0.000
GSS,L12_SV37,positive,True,1013,12,24,7,1,0,3,0.226
GSS,L12_SV38,negative,False,983,12,7,0,39,1,5,0.000
GSS,L12_SV38,positive,True,983,12,16,0,0,0,8,0.000
GSS,L12_SV39,negative,False,942,12,28,9,1,0,6,0.243
GSS,L12_SV39,positive,True,942,12,32,0,23,0,9,0.000
GSS,L12_SV40,negative,True,833,12,3,28,13,0,0,0.903
GSS,L12_SV40,positive,False,833,12,11,0,4,1,4,0.000
GSS,L12_SV41,negative,False,788,12,21,4,12,0,4,0.160
GSS,L12_SV41,positive,True,788,12,43,0,5,0,7,0.000
GSS,L12_SV42,negative,True,510,12,25,2,4,0,8,0.074
GSS,L12_SV42,positive,False,510,12,23,0,12,0,7,0.000
GSS,L12_SV43,negative,False,793,12,18,10,10,0,18,0.357
GSS,L12_SV43,positive,True,793,12,33,4,0,0,3,0.108
GSS,L12_SV44,negative,True,524,12,20,0,9,0,10,0.000
GSS,L12_SV44,positive,False,524,12,22,12,1,0,8,0.353
GSS,L12_SV45,negative,False,164,12,33,11,3,0,9,0.250
GSS,L12_SV45,positive,True,164,12,38,3,9,2,2,0.073
GSS,L12_SV46,negative,True,361,12,6,0,31,1,0,0.000
GSS,L12_SV46,positive,False,361,12,49,8,0,0,5,0.140
GSS,L12_SV47,negative,False,613,12,19,4,16,0,5,0.174
GSS,L12_SV47,positive,True,613,12,13,0,4,0,5,0.000
GSS,L12_SV48,negative,True,594,12,33,1,0,0,7,0.029
GSS,L12_SV48,positive,False,594,12,6,1,45,0,0,0.143
GSS,L12_SV49,negative,False,348,12,14,0,3,0,16,0.000
GSS,L12_SV49,positive,True,348,12,14,2,3,0,3,0.125
GSS,L12_SV50,negative,True,296,12,12,22,0,0,0,0.647
GSS,L12_SV50,positive,False,296,12,22,0,16,1,13,0.000
GSS,L12_SV51,negative,True,162,12,10,31,11,1,5,0.756
GSS,L12_SV51,positive,False,162,12,17,1,27,0,4,0.056
GSS,L12_SV52,negative,True,69,12,7,1,42,0,0,0.125
GSS,L12_SV52,positive,False,69,12,5,3,36,1,9,0.375
GSS,L12_SV53,negative,False,466,12,27,1,6,0,11,0.036
GSS,L12_SV53,positive,True,466,12,33,0,5,0,11,0.000
GSS,L12_SV54,negative,False,949,12,19,1,18,0,6,0.050
GSS,L12_SV54,positive,True,949,12,10,1,21,0,5,0.091
GSS,L12_SV55,negative,False,560,12,35,6,3,2,5,0.146
GSS,L12_SV55,positive,True,560,12,51,0,2,0,8,0.000
GSS,L12_SV56,negative,False,889,12,14,11,26,1,4,0.440
GSS,L12_SV56,positive,True,889,12,34,0,1,2,3,0.000
GSS,L12_SV57,negative,False,67,12,44,1,6,0,3,0.022
GSS,L12_SV57,positive,True,67,12,21,1,0,0,26,0.045
GSS,L12_SV58,negative,True,764,12,20,10,0,0,8,0.333
GSS,L12_SV58,positive,False,764,12,18,0,16,0,7,0.000
GSS,L12_SV59,negative,True,281,12,16,0,0,0,8,0.000
GSS,L12_SV59,positive,False,281,12,30,6,5,0,6,0.167
GSS,L12_SV60,negative,False,198,12,45,0,1,0,7,0.000
GSS,L12_SV60,positive,True,198,12,44,0,15,0,2,0.000
GSS,L12_SV61,negative,False,455,12,6,7,30,0,2,0.538
GSS,L12_SV61,positive,True,455,12,29,0,0,0,16,0.000
GSS,L12_SV62,negative,False,703,12,6,4,23,1,5,0.400
GSS,L12_SV62,positive,True,703,12,23,0,1,0,16,0.000
GSS,L12_SV63,negative,False,718,12,9,20,25,0,7,0.690
GSS,L12_SV63,positive,True,718,12,2,0,0,0,5,0.000
GSS,L12_SV64,negative,True,309,12,27,0,2,0,6,0.000
GSS,L12_SV64,positive,False,309,12,39,4,9,0,3,0.093
GSS,L13_SV01,negative,True,1451,13,0,0,64,0,0,
GSS,L13_SV01,positive,False,1451,13,49,0,0,1,9,0.000
GSS,L13_SV02,negative,False,1196,13,50,1,0,0,0,0.020
GSS,L13_SV02,positive,True,1196,13,1,0,3,0,0,0.000
GSS,L13_SV03,negative,False,1215,13,31,3,29,0,0,0.088
GSS,L13_SV03,positive,True,1215,13,6,0,18,2,1,0.000
GSS,L13_SV04,negative,False,1401,13,41,1,0,0,22,0.024
GSS,L13_SV04,positive,True,1401,13,0,0,0,0,0,
GSS,L13_SV05,negative,False,1208,13,0,0,0,0,0,
GSS,L13_SV05,positive,True,1208,13,6,0,3,1,2,0.000
GSS,L13_SV06,negative,True,1286,13,53,0,1,0,5,0.000
GSS,L13_SV06,positive,False,1286,13,4,1,2,0,0,0.200
GSS,L13_SV07,negative,True,956,13,29,13,1,7,6,0.310
GSS,L13_SV07,positive,False,956,13,1,1,4,0,0,0.500
GSS,L13_SV08,negative,True,592,13,27,0,8,0,11,0.000
GSS,L13_SV08,positive,False,592,13,28,12,13,0,6,0.300
GSS,L13_SV09,negative,True,1330,13,5,25,23,0,0,0.833
GSS,L13_SV09,positive,False,1330,13,43,0,15,0,5,0.000
GSS,L13_SV10,negative,True,675,13,16,3,26,1,1,0.158
GSS,L13_SV10,positive,False,675,13,44,12,7,0,1,0.214
GSS,L13_SV11,negative,False,172,13,1,20,13,0,5,0.952
GSS,L13_SV11,positive,True,172,13,53,0,0,0,2,0.000
GSS,L13_SV12,negative,False,1180,13,6,1,53,0,1,0.143
GSS,L13_SV12,positive,True,1180,13,14,10,0,0,4,0.417
GSS,L13_SV13,negative,True,539,13,22,0,23,0,1,0.000
GSS,L13_SV13,positive,False,539,13,23,0,14,0,4,0.000
GSS,L13_SV14,negative,True,1188,13,31,7,0,2,9,0.184
GSS,L13_SV14,positive,False,1188,13,8,0,48,0,1,0.000
GSS,L13_SV15,negative,True,609,13,43,0,3,0,1,0.000
GSS,L13_SV15,positive,False,609,13,13,1,20,0,2,0.071
GSS,L13_SV16,negative,True,740,13,57,3,0,0,2,0.050
GSS,L13_SV16,positive,False,740,13,18,1,5,0,5,0.053
GSS,L13_SV17,negative,False,1144,13,27,0,4,1,7,0.000
GSS,L13_SV17,positive,True,1144,13,21,13,29,0,0,0.382
GSS,L13_SV18,negative,False,1042,13,28,2,17,0,4,0.067
GSS,L13_SV18,positive,True,1042,13,16,5,10,1,2,0.238
GSS,L13_SV19,negative,False,887,13,16,0,1,0,1,0.000
GSS,L13_SV19,positive,True,887,13,15,1,42,0,3,0.062
GSS,L13_SV20,negative,True,1109,13,0,0,6,0,0,
GSS,L13_SV20,positive,False,1109,13,38,1,14,0,8,0.026
GSS,L13_SV21,negative,False,1228,13,8,0,12,0,0,0.000
GSS,L13_SV21,positive,True,1228,13,29,20,4,0,3,0.408
GSS,L13_SV22,negative,False,877,13,26,7,2,0,10,0.212
GSS,L13_SV22,positive,True,877,13,31,0,26,0,2,0.000
GSS,L13_SV23,negative,True,1100,13,30,0,1,0,1,0.000
GSS,L13_SV23,positive,False,1100,13,0,1,1,0,0,1.000
GSS,L13_SV24,negative,False,229,13,60,0,0,0,1,0.000
GSS,L13_SV24,positive,True,229,13,29,19,11,0,1,0.396
GSS,L13_SV25,negative,False,922,13,5,0,11,0,0,0.000
GSS,L13_SV25,positive,True,922,13,35,1,1,2,10,0.028
GSS,L13_SV26,negative,True,686,13,49,4,8,0,1,0.075
GSS,L13_SV26,positive,False,686,13,12,7,35,0,2,0.368
GSS,L13_SV27,negative,False,1015,13,13,1,3,0,4,0.071
GSS,L13_SV27,positive,True,1015,13,5,13,46,0,0,0.722
GSS,L13_SV28,negative,True,529,13,12,6,24,0,3,0.333
GSS,L13_SV28,positive,False,529,13,46,1,0,0,6,0.021
GSS,L13_SV29,negative,False,927,13,46,0,1,0,7,0.000
GSS,L13_SV29,positive,True,927,13,29,11,0,0,4,0.275
GSS,L13_SV30,negative,False,289,13,29,0,19,0,2,0.000
GSS,L13_SV30,positive,True,289,13,42,0,0,0,10,0.000
GSS,L13_SV31,negative,True,920,13,32,11,12,0,4,0.256
GSS,L13_SV31,positive,False,920,13,15,1,4,0,13,0.062
GSS,L13_SV32,negative,False,1075,13,26,2,3,1,8,0.071
GSS,L13_SV32,positive,True,1075,13,0,0,47,0,0,
GSS,L13_SV33,negative,False,1019,13,25,0,37,0,2,0.000
GSS,L13_SV33,positive,True,1019,13,22,8,0,0,13,0.267
GSS,L13_SV34,negative,False,767,13,37,1,8,0,7,0.026
GSS,L13_SV34,positive,True,767,13,13,10,34,0,1,0.435
GSS,L13_SV35,negative,True,346,13,50,0,4,0,7,0.000
GSS,L13_SV35,positive,False,346,13,33,1,5,0,3,0.029
GSS,L13_SV36,negative,False,966,13,10,0,41,0,4,0.000
GSS,L13_SV36,positive,True,966,13,31,3,6,0,3,0.088
GSS,L13_SV37,negative,False,1123,13,47,0,0,0,8,0.000
GSS,L13_SV37,positive,True,1123,13,22,10,1,0,2,0.312
GSS,L13_SV38,negative,True,830,13,13,0,0,0,7,0.000
GSS,L13_SV38,positive,False,830,13,15,0,45,0,1,0.000
GSS,L13_SV39,negative,False,853,13,30,11,2,0,2,0.268
GSS,L13_SV39,positive,True,853,13,32,0,15,0,14,0.000
GSS,L13_SV40,negative,True,852,13,2,38,6,0,0,0.950
GSS,L13_SV40,positive,False,852,13,27,0,0,0,7,0.000
GSS,L13_SV41,negative,True,1135,13,10,0,5,0,8,0.000
GSS,L13_SV41,positive,False,1135,13,24,2,26,0,0,0.077
GSS,L13_SV42,negative,True,871,13,20,2,0,0,10,0.091
GSS,L13_SV42,positive,False,871,13,12,2,27,0,7,0.143
GSS,L13_SV43,negative,False,748,13,19,13,6,0,19,0.406
GSS,L13_SV43,positive,True,748,13,27,3,0,0,2,0.100
GSS,L13_SV44,negative,False,523,13,10,30,1,0,9,0.750
GSS,L13_SV44,positive,True,523,13,40,0,1,0,6,0.000
GSS,L13_SV45,negative,True,537,13,30,0,9,0,7,0.000
GSS,L13_SV45,positive,False,537,13,18,25,3,2,8,0.581
GSS,L13_SV46,negative,False,564,13,6,0,20,1,1,0.000
GSS,L13_SV46,positive,True,564,13,49,8,1,0,5,0.140
GSS,L13_SV47,negative,True,1345,13,19,0,1,0,6,0.000
GSS,L13_SV47,positive,False,1345,13,13,5,23,0,0,0.278
GSS,L13_SV48,negative,False,193,13,5,2,33,0,2,0.286
GSS,L13_SV48,positive,True,193,13,22,0,0,0,13,0.000
GSS,L13_SV49,negative,True,398,13,11,21,5,0,7,0.656
GSS,L13_SV49,positive,False,398,13,30,0,11,0,18,0.000
GSS,L13_SV50,negative,False,339,13,13,1,20,1,8,0.071
GSS,L13_SV50,positive,True,339,13,25,6,0,0,6,0.194
GSS,L13_SV51,negative,True,585,13,13,24,11,0,6,0.649
GSS,L13_SV51,positive,False,585,13,12,0,27,0,3,0.000
GSS,L13_SV52,negative,False,712,13,12,2,8,0,10,0.143
GSS,L13_SV52,positive,True,712,13,32,2,6,1,7,0.059
GSS,L13_SV53,negative,True,914,13,7,2,23,0,1,0.222
GSS,L13_SV53,positive,False,914,13,26,0,0,0,13,0.000
GSS,L13_SV54,negative,True,312,13,28,5,25,0,1,0.152
GSS,L13_SV54,positive,False,312,13,21,0,10,1,13,0.000
GSS,L13_SV55,negative,False,366,13,22,3,5,2,5,0.120
GSS,L13_SV55,positive,True,366,13,28,0,21,1,5,0.000
GSS,L13_SV56,negative,True,187,13,36,0,2,3,7,0.000
GSS,L13_SV56,positive,False,187,13,13,0,8,0,10,0.000
GSS,L13_SV57,negative,True,835,13,27,5,6,0,9,0.156
GSS,L13_SV57,positive,False,835,13,39,0,0,1,14,0.000
GSS,L13_SV58,negative,True,390,13,29,21,1,0,8,0.420
GSS,L13_SV58,positive,False,390,13,18,0,3,2,3,0.000
GSS,L13_SV59,negative,False,1039,13,21,0,0,0,16,0.000
GSS,L13_SV59,positive,True,1039,13,31,9,17,0,1,0.225
GSS,L13_SV60,negative,True,161,13,20,21,8,0,11,0.512
GSS,L13_SV60,positive,False,161,13,32,0,0,0,21,0.000
GSS,L13_SV61,negative,False,445,13,12,8,16,0,2,0.400
GSS,L13_SV61,positive,True,445,13,43,0,1,0,9,0.000
GSS,L13_SV62,negative,True,1072,13,4,7,22,0,4,0.636
GSS,L13_SV62,positive,False,1072,13,21,0,8,0,11,0.000
GSS,L13_SV63,negative,False,59,13,32,10,15,0,4,0.238
GSS,L13_SV63,positive,True,59,13,1,0,0,0,0,0.000
GSS,L13_SV64,negative,False,248,13,32,0,2,0,14,0.000
GSS,L13_SV64,positive,True,248,13,38,6,9,0,2,0.136
GSS,L14_SV01,negative,True,1441,14,0,0,64,0,0,
GSS,L14_SV01,positive,False,1441,14,46,0,0,3,10,0.000
GSS,L14_SV02,negative,False,1334,14,46,0,0,0,0,0.000
GSS,L14_SV02,positive,True,1334,14,1,0,4,0,0,0.000
GSS,L14_SV03,negative,False,932,14,18,7,37,0,0,0.280
GSS,L14_SV03,positive,True,932,14,19,0,18,0,6,0.000
GSS,L14_SV04,negative,False,1443,14,49,0,0,0,15,0.000
GSS,L14_SV04,positive,True,1443,14,0,0,0,0,0,
GSS,L14_SV05,negative,True,1078,14,3,1,3,0,1,0.250
GSS,L14_SV05,positive,False,1078,14,0,0,0,0,0,
GSS,L14_SV06,negative,True,1089,14,44,0,0,0,6,0.000
GSS,L14_SV06,positive,False,1089,14,20,18,4,0,0,0.474
GSS,L14_SV07,negative,True,1198,14,41,3,0,10,4,0.068
GSS,L14_SV07,positive,False,1198,14,0,0,1,0,0,
GSS,L14_SV08,negative,False,197,14,19,8,17,0,8,0.296
GSS,L14_SV08,positive,True,197,14,13,0,20,0,9,0.000
GSS,L14_SV09,negative,True,1295,14,7,24,18,0,2,0.774
GSS,L14_SV09,positive,False,1295,14,35,0,26,0,2,0.000
GSS,L14_SV10,negative,False,274,14,35,1,10,0,6,0.028
GSS,L14_SV10,positive,True,274,14,45,12,2,0,4,0.211
GSS,L14_SV11,negative,False,223,14,0,17,9,0,4,1.000
GSS,L14_SV11,positive,True,223,14,51,0,0,0,3,0.000
GSS,L14_SV12,negative,True,1020,14,0,1,60,0,0,1.000
GSS,L14_SV12,positive,False,1020,14,17,16,1,0,7,0.485
GSS,L14_SV13,negative,True,344,14,11,1,16,0,1,0.083
GSS,L14_SV13,positive,False,344,14,19,0,11,0,2,0.000
GSS,L14_SV14,negative,True,1237,14,24,5,0,2,11,0.172
GSS,L14_SV14,positive,False,1237,14,10,0,44,0,2,0.000
GSS,L14_SV15,negative,True,615,14,38,1,1,0,5,0.026
GSS,L14_SV15,positive,False,615,14,19,0,18,0,3,0.000
GSS,L14_SV16,negative,True,535,14,60,3,0,0,0,0.048
GSS,L14_SV16,positive,False,535,14,13,1,0,2,8,0.071
GSS,L14_SV17,negative,False,1041,14,39,0,1,0,6,0.000
GSS,L14_SV17,positive,True,1041,14,15,15,26,0,1,0.500
GSS,L14_SV18,negative,False,1164,14,19,1,20,0,1,0.050
GSS,L14_SV18,positive,True,1164,14,25,9,15,0,0,0.265
GSS,L14_SV19,negative,False,1266,14,3,0,0,0,2,0.000
GSS,L14_SV19,positive,True,1266,14,19,5,29,0,11,0.208
GSS,L14_SV20,negative,True,1203,14,1,0,7,0,1,0.000
GSS,L14_SV20,positive,False,1203,14,38,4,7,0,13,0.095
GSS,L14_SV21,negative,True,1150,14,31,18,0,0,5,0.367
GSS,L14_SV21,positive,False,1150,14,8,0,7,2,2,0.000
GSS,L14_SV22,negative,False,960,14,26,9,3,0,8,0.257
GSS,L14_SV22,positive,True,960,14,29,0,27,0,2,0.000
GSS,L14_SV23,negative,False,1134,14,8,3,19,0,3,0.273
GSS,L14_SV23,positive,True,1134,14,25,2,6,0,8,0.074
GSS,L14_SV24,negative,True,285,14,13,23,16,0,4,0.639
GSS,L14_SV24,positive,False,285,14,41,0,15,0,0,0.000
GSS,L14_SV25,negative,True,779,14,51,5,4,0,3,0.089
GSS,L14_SV25,positive,False,779,14,3,16,42,0,0,0.842
GSS,L14_SV26,negative,False,1021,14,0,0,6,0,0,
GSS,L14_SV26,positive,True,1021,14,31,4,1,2,11,0.114
GSS,L14_SV27,negative,False,518,14,16,1,2,0,4,0.059
GSS,L14_SV27,positive,True,518,14,0,4,60,0,0,1.000
GSS,L14_SV28,negative,False,177,14,32,6,1,0,2,0.158
GSS,L14_SV28,positive,True,177,14,21,9,10,0,2,0.300
GSS,L14_SV29,negative,False,812,14,41,0,0,2,8,0.000
GSS,L14_SV29,positive,True,812,14,30,11,2,0,3,0.268
GSS,L14_SV30,negative,True,356,14,37,0,1,0,8,0.000
GSS,L14_SV30,positive,False,356,14,22,2,37,0,2,0.083
GSS,L14_SV31,negative,False,590,14,18,0,12,0,10,0.000
GSS,L14_SV31,positive,True,590,14,39,5,9,0,5,0.114
GSS,L14_SV32,negative,False,1316,14,35,2,5,0,10,0.054
GSS,L14_SV32,positive,True,1316,14,0,0,54,0,0,
GSS,L14_SV33,negative,False,1088,14,1,0,58,0,0,0.000
GSS,L14_SV33,positive,True,1088,14,14,8,2,0,11,0.364
GSS,L14_SV34,negative,False,467,14,44,1,7,0,6,0.022
GSS,L14_SV34,positive,True,467,14,13,24,19,0,1,0.649
GSS,L14_SV35,negative,True,342,14,46,1,3,0,8,0.021
GSS,L14_SV35,positive,False,342,14,37,1,6,0,3,0.026
GSS,L14_SV36,negative,True,1242,14,24,0,5,0,4,0.000
GSS,L14_SV36,positive,False,1242,14,32,0,22,0,5,0.000
GSS,L14_SV37,negative,False,861,14,34,2,19,0,1,0.056
GSS,L14_SV37,positive,True,861,14,30,1,1,0,10,0.032
GSS,L14_SV38,negative,False,1306,14,9,1,31,0,0,0.100
GSS,L14_SV38,positive,True,1306,14,14,1,1,0,11,0.067
GSS,L14_SV39,negative,False,904,14,21,7,8,0,9,0.250
GSS,L14_SV39,positive,True,904,14,38,0,2,0,16,0.000
GSS,L14_SV40,negative,False,646,14,10,6,24,1,4,0.375
GSS,L14_SV40,positive,True,646,14,38,0,2,0,11,0.000
GSS,L14_SV41,negative,True,1113,14,6,22,17,0,1,0.786
GSS,L14_SV41,positive,False,1113,14,7,0,7,2,5,0.000
GSS,L14_SV42,negative,True,923,14,22,3,4,0,10,0.120
GSS,L14_SV42,positive,False,923,14,24,0,22,0,12,0.000
GSS,L14_SV43,negative,False,508,14,29,3,12,0,14,0.094
GSS,L14_SV43,positive,True,508,14,33,4,0,0,1,0.108
GSS,L14_SV44,negative,False,293,14,15,1,2,1,7,0.062
GSS,L14_SV44,positive,True,293,14,48,0,1,0,12,0.000
GSS,L14_SV45,negative,True,472,14,16,0,1,3,10,0.000
GSS,L14_SV45,positive,False,472,14,29,22,0,0,5,0.431
GSS,L14_SV46,negative,False,1117,14,39,8,4,0,9,0.170
GSS,L14_SV46,positive,True,1117,14,12,3,16,0,0,0.200
GSS,L14_SV47,negative,False,1304,14,16,16,26,0,1,0.500
GSS,L14_SV47,positive,True,1304,14,21,1,3,1,3,0.045
GSS,L14_SV48,negative,False,241,14,6,2,45,1,1,0.250
GSS,L14_SV48,positive,True,241,14,24,0,0,0,10,0.000
GSS,L14_SV49,negative,False,567,14,17,29,4,0,7,0.630
GSS,L14_SV49,positive,True,567,14,28,0,11,0,19,0.000
GSS,L14_SV50,negative,False,520,14,25,0,0,0,22,0.000
GSS,L14_SV50,positive,True,520,14,14,5,16,0,7,0.263
GSS,L14_SV51,negative,True,143,14,32,20,3,0,5,0.385
GSS,L14_SV51,positive,False,143,14,13,1,17,0,8,0.071
GSS,L14_SV52,negative,True,221,14,10,4,37,0,0,0.286
GSS,L14_SV52,positive,False,221,14,37,0,2,3,17,0.000
GSS,L14_SV53,negative,False,845,14,20,0,2,0,23,0.000
GSS,L14_SV53,positive,True,845,14,12,0,29,0,2,0.000
GSS,L14_SV54,negative,False,468,14,46,2,2,2,7,0.042
GSS,L14_SV54,positive,True,468,14,39,2,0,0,12,0.049
GSS,L14_SV55,negative,False,754,14,9,5,15,0,3,0.357
GSS,L14_SV55,positive,True,754,14,42,0,0,0,16,0.000
GSS,L14_SV56,negative,False,283,14,3,0,31,0,2,0.000
GSS,L14_SV56,positive,True,283,14,15,2,3,0,6,0.118
GSS,L14_SV57,negative,False,291,14,41,5,0,0,16,0.109
GSS,L14_SV57,positive,True,291,14,19,2,9,0,1,0.095
GSS,L14_SV58,negative,True,1146,14,34,8,2,0,11,0.190
GSS,L14_SV58,positive,False,1146,14,13,4,11,2,4,0.235
GSS,L14_SV59,negative,True,1048,14,31,12,13,0,3,0.279
GSS,L14_SV59,positive,False,1048,14,12,0,0,0,28,0.000
GSS,L14_SV60,negative,True,130,14,23,3,22,0,10,0.115
GSS,L14_SV60,positive,False,130,14,37,1,0,0,8,0.026
GSS,L14_SV61,negative,False,440,14,14,9,15,0,2,0.391
GSS,L14_SV61,positive,True,440,14,45,0,0,0,7,0.000
GSS,L14_SV62,negative,True,708,14,1,3,38,0,1,0.750
GSS,L14_SV62,positive,False,708,14,18,0,4,0,12,0.000
GSS,L14_SV63,negative,True,113,14,0,0,0,0,2,
GSS,L14_SV63,positive,False,113,14,13,11,37,0,2,0.458
GSS,L14_SV64,negative,False,145,14,26,0,2,0,9,0.000
GSS,L14_SV64,positive,True,145,14,37,5,4,0,5,0.119
GSS,L15_SV01,negative,True,1436,15,0,0,64,0,0,
GSS,L15_SV01,positive,False,1436,15,47,0,0,3,9,0.000
GSS,L15_SV02,negative,False,1372,15,46,0,0,0,0,0.000
GSS,L15_SV02,positive,True,1372,15,1,0,6,0,0,0.000
GSS,L15_SV03,negative,False,1011,15,22,9,31,0,0,0.290
GSS,L15_SV03,positive,True,1011,15,22,0,10,0,7,0.000
GSS,L15_SV04,negative,False,1434,15,49,0,0,0,15,0.000
GSS,L15_SV04,positive,True,1434,15,0,0,0,0,0,
GSS,L15_SV05,negative,True,903,15,5,0,2,0,3,0.000
GSS,L15_SV05,positive,False,903,15,0,0,0,0,0,
GSS,L15_SV06,negative,True,1133,15,55,0,0,0,2,0.000
GSS,L15_SV06,positive,False,1133,15,20,21,0,0,0,0.512
GSS,L15_SV07,negative,True,1183,15,35,3,0,17,2,0.079
GSS,L15_SV07,positive,False,1183,15,0,0,0,0,0,
GSS,L15_SV08,negative,True,891,15,34,1,27,0,1,0.029
GSS,L15_SV08,positive,False,891,15,24,1,1,1,5,0.040
GSS,L15_SV09,negative,True,864,15,12,22,24,0,0,0.647
GSS,L15_SV09,positive,False,864,15,55,0,5,0,3,0.000
GSS,L15_SV10,negative,False,89,15,0,12,28,0,2,1.000
GSS,L15_SV10,positive,True,89,15,52,0,0,0,0,0.000
GSS,L15_SV11,negative,False,993,15,19,4,1,0,5,0.174
GSS,L15_SV11,positive,True,993,15,23,1,22,0,4,0.042
GSS,L15_SV12,negative,True,907,15,14,3,15,0,3,0.176
GSS,L15_SV12,positive,False,907,15,5,1,38,0,1,0.167
GSS,L15_SV13,negative,True,1006,15,47,10,1,0,5,0.175
GSS,L15_SV13,positive,False,1006,15,15,0,15,0,6,0.000
GSS,L15_SV14,negative,True,1360,15,26,1,6,0,7,0.037
GSS,L15_SV14,positive,False,1360,15,28,7,13,0,3,0.200
GSS,L15_SV15,negative,True,1092,15,8,0,1,0,4,0.000
GSS,L15_SV15,positive,False,1092,15,15,25,18,0,3,0.625
GSS,L15_SV16,negative,True,639,15,58,2,0,0,3,0.033
GSS,L15_SV16,positive,False,639,15,12,5,0,1,5,0.294
GSS,L15_SV17,negative,False,365,15,24,2,22,0,5,0.077
GSS,L15_SV17,positive,True,365,15,10,0,6,0,0,0.000
GSS,L15_SV18,negative,True,809,15,18,10,28,0,0,0.357
GSS,L15_SV18,positive,False,809,15,31,0,1,0,3,0.000
GSS,L15_SV19,negative,False,977,15,37,4,10,0,5,0.098
GSS,L15_SV19,positive,True,977,15,7,0,43,0,3,0.000
GSS,L15_SV20,negative,True,1030,15,20,5,1,0,6,0.200
GSS,L15_SV20,positive,False,1030,15,24,0,2,1,9,0.000
GSS,L15_SV21,negative,False,1357,15,0,0,26,0,0,
GSS,L15_SV21,positive,True,1357,15,26,5,18,0,13,0.161
GSS,L15_SV22,negative,True,822,15,9,19,1,2,9,0.679
GSS,L15_SV22,positive,False,822,15,17,0,10,0,0,0.000
GSS,L15_SV23,negative,True,186,15,20,27,12,0,2,0.574
GSS,L15_SV23,positive,False,186,15,60,0,0,0,1,0.000
GSS,L15_SV24,negative,True,724,15,38,1,11,0,3,0.026
GSS,L15_SV24,positive,False,724,15,19,0,32,0,4,0.000
GSS,L15_SV25,negative,True,1298,15,38,2,1,2,10,0.050
GSS,L15_SV25,positive,False,1298,15,0,7,22,0,0,1.000
GSS,L15_SV26,negative,False,1010,15,34,0,0,0,11,0.000
GSS,L15_SV26,positive,True,1010,15,10,6,39,0,6,0.375
GSS,L15_SV27,negative,True,840,15,12,5,5,0,6,0.294
GSS,L15_SV27,positive,False,840,15,44,1,7,0,6,0.022
GSS,L15_SV28,negative,True,784,15,17,6,19,0,3,0.261
GSS,L15_SV28,positive,False,784,15,42,8,0,0,8,0.160
GSS,L15_SV29,negative,True,151,15,42,0,1,0,11,0.000
GSS,L15_SV29,positive,False,151,15,14,0,44,0,0,0.000
GSS,L15_SV30,negative,False,856,15,18,0,22,0,10,0.000
GSS,L15_SV30,positive,True,856,15,30,9,4,0,8,0.231
GSS,L15_SV31,negative,False,1287,15,43,4,4,0,6,0.085
GSS,L15_SV31,positive,True,1287,15,0,0,52,0,0,
GSS,L15_SV32,negative,True,713,15,19,0,6,0,10,0.000
GSS,L15_SV32,positive,False,713,15,22,5,9,1,8,0.185
GSS,L15_SV33,negative,False,244,15,25,0,34,0,2,0.000
GSS,L15_SV33,positive,True,244,15,17,0,0,0,13,0.000
GSS,L15_SV34,negative,False,1193,15,23,0,22,0,4,0.000
GSS,L15_SV34,positive,True,1193,15,5,31,3,0,9,0.861
GSS,L15_SV35,negative,True,758,15,21,17,5,0,13,0.447
GSS,L15_SV35,positive,False,758,15,4,0,45,0,1,0.000
GSS,L15_SV36,negative,True,557,15,39,1,17,0,5,0.025
GSS,L15_SV36,positive,False,557,15,31,13,1,0,7,0.295
GSS,L15_SV37,negative,False,915,15,22,4,8,0,4,0.154
GSS,L15_SV37,positive,True,915,15,24,2,21,1,4,0.077
GSS,L15_SV38,negative,True,1101,15,19,3,0,0,6,0.136
GSS,L15_SV38,positive,False,1101,15,14,1,40,0,4,0.067
GSS,L15_SV39,negative,True,568,15,10,21,8,0,3,0.677
GSS,L15_SV39,positive,False,568,15,31,1,0,0,10,0.031
GSS,L15_SV40,negative,True,1217,15,16,5,31,0,0,0.238
GSS,L15_SV40,positive,False,1217,15,17,0,12,0,4,0.000
GSS,L15_SV41,negative,True,218,15,23,3,3,0,1,0.115
GSS,L15_SV41,positive,False,218,15,20,1,13,0,18,0.048
GSS,L15_SV42,negative,False,1094,15,34,3,3,0,15,0.081
GSS,L15_SV42,positive,True,1094,15,34,1,0,0,9,0.029
GSS,L15_SV43,negative,False,1085,15,19,1,4,1,11,0.050
GSS,L15_SV43,positive,True,1085,15,34,0,8,0,11,0.000
GSS,L15_SV44,negative,True,685,15,21,1,2,4,12,0.045
GSS,L15_SV44,positive,False,685,15,44,17,0,0,1,0.279
GSS,L15_SV45,negative,False,1253,15,22,0,20,0,5,0.000
GSS,L15_SV45,positive,True,1253,15,16,23,7,0,3,0.590
GSS,L15_SV46,negative,False,340,15,5,0,12,0,9,0.000
GSS,L15_SV46,positive,True,340,15,21,3,6,0,12,0.125
GSS,L15_SV47,negative,True,1320,15,18,0,0,0,6,0.000
GSS,L15_SV47,positive,False,1320,15,12,23,19,0,0,0.657
GSS,L15_SV48,negative,True,393,15,31,1,1,0,16,0.031
GSS,L15_SV48,positive,False,393,15,8,28,20,0,1,0.778
GSS,L15_SV49,negative,False,950,15,18,0,0,0,20,0.000
GSS,L15_SV49,positive,True,950,15,12,1,28,0,9,0.077
GSS,L15_SV50,negative,False,106,15,33,11,5,0,6,0.250
GSS,L15_SV50,positive,True,106,15,12,0,15,0,12,0.000
GSS,L15_SV51,negative,True,597,15,4,0,35,0,2,0.000
GSS,L15_SV51,positive,False,597,15,21,14,3,1,13,0.400
GSS,L15_SV52,negative,False,111,15,31,2,14,1,5,0.061
GSS,L15_SV52,positive,True,111,15,35,0,1,0,12,0.000
GSS,L15_SV53,negative,True,924,15,55,0,0,0,4,0.000
GSS,L15_SV53,positive,False,924,15,38,0,1,0,21,0.000
GSS,L15_SV54,negative,True,333,15,21,6,28,0,1,0.222
GSS,L15_SV54,positive,False,333,15,35,0,0,0,17,0.000
GSS,L15_SV55,negative,False,1130,15,13,0,27,0,3,0.000
GSS,L15_SV55,positive,True,1130,15,8,2,37,0,0,0.200
GSS,L15_SV56,negative,True,484,15,10,14,4,0,2,0.583
GSS,L15_SV56,positive,False,484,15,32,0,13,0,15,0.000
GSS,L15_SV57,negative,True,692,15,23,2,2,0,7,0.080
GSS,L15_SV57,positive,False,692,15,26,0,1,2,5,0.000
GSS,L15_SV58,negative,False,1091,15,28,0,3,0,14,0.000
GSS,L15_SV58,positive,True,1091,15,20,8,20,0,8,0.286
GSS,L15_SV59,negative,True,87,15,15,42,0,0,2,0.737
GSS,L15_SV59,positive,False,87,15,26,0,1,0,33,0.000
GSS,L15_SV60,negative,False,469,15,17,6,32,0,1,0.261
GSS,L15_SV60,positive,True,469,15,37,0,0,0,5,0.000
GSS,L15_SV61,negative,True,954,15,2,4,34,0,1,0.667
GSS,L15_SV61,positive,False,954,15,20,0,6,0,12,0.000
GSS,L15_SV62,negative,True,119,15,3,0,0,2,7,0.000
GSS,L15_SV62,positive,False,119,15,30,3,20,0,3,0.091
GSS,L15_SV63,negative,True,247,15,39,0,1,0,15,0.000
GSS,L15_SV63,positive,False,247,15,5,10,39,0,1,0.667
GSS,L15_SV64,negative,True,1207,15,36,0,2,0,8,0.000
GSS,L15_SV64,positive,False,1207,15,9,0,34,0,0,0.000
GSS,L16_SV01,negative,True,1430,16,0,0,64,0,0,
GSS,L16_SV01,positive,False,1430,16,45,0,0,3,7,0.000
GSS,L16_SV02,negative,False,1416,16,42,0,0,0,2,0.000
GSS,L16_SV02,positive,True,1416,16,1,0,12,0,0,0.000
GSS,L16_SV03,negative,False,896,16,14,4,38,0,1,0.222
GSS,L16_SV03,positive,True,896,16,23,0,0,0,29,0.000
GSS,L16_SV04,negative,True,1459,16,49,0,0,0,15,0.000
GSS,L16_SV04,positive,False,1459,16,0,0,0,0,0,
GSS,L16_SV05,negative,True,483,16,2,0,2,0,1,0.000
GSS,L16_SV05,positive,False,483,16,18,0,1,0,1,0.000
GSS,L16_SV06,negative,False,1114,16,49,0,0,0,5,0.000
GSS,L16_SV06,positive,True,1114,16,13,26,0,0,2,0.667
GSS,L16_SV07,negative,True,994,16,31,2,0,17,4,0.061
GSS,L16_SV07,positive,False,994,16,1,0,0,0,0,0.000
GSS,L16_SV08,negative,True,778,16,26,0,36,0,1,0.000
GSS,L16_SV08,positive,False,778,16,21,1,2,1,8,0.045
GSS,L16_SV09,negative,True,631,16,15,38,9,0,0,0.717
GSS,L16_SV09,positive,False,631,16,56,1,2,1,3,0.018
GSS,L16_SV10,negative,False,62,16,0,11,27,0,1,1.000
GSS,L16_SV10,positive,True,62,16,45,0,0,0,4,0.000
GSS,L16_SV11,negative,False,1318,16,18,5,12,0,10,0.217
GSS,L16_SV11,positive,True,1318,16,2,2,42,0,0,0.500
GSS,L16_SV12,negative,True,448,16,15,4,4,0,5,0.211
GSS,L16_SV12,positive,False,448,16,5,1,48,0,2,0.167
GSS,L16_SV13,negative,True,770,16,44,9,0,0,8,0.170
GSS,L16_SV13,positive,False,770,16,30,0,16,0,6,0.000
GSS,L16_SV14,negative,True,1328,16,23,0,10,0,6,0.000
GSS,L16_SV14,positive,False,1328,16,11,1,1,0,1,0.083
GSS,L16_SV15,negative,True,967,16,15,5,0,0,7,0.250
GSS,L16_SV15,positive,False,967,16,43,10,5,0,6,0.189
GSS,L16_SV16,negative,True,848,16,51,0,0,0,5,0.000
GSS,L16_SV16,positive,False,848,16,15,20,20,0,4,0.571
GSS,L16_SV17,negative,False,269,16,17,3,38,0,2,0.150
GSS,L16_SV17,positive,True,269,16,3,0,1,1,1,0.000
GSS,L16_SV18,negative,True,230,16,21,6,30,0,4,0.222
GSS,L16_SV18,positive,False,230,16,40,0,0,0,10,0.000
GSS,L16_SV19,negative,False,1081,16,7,1,40,0,0,0.125
GSS,L16_SV19,positive,True,1081,16,23,1,7,0,8,0.042
GSS,L16_SV20,negative,True,796,16,34,12,0,0,7,0.261
GSS,L16_SV20,positive,False,796,16,11,0,16,1,1,0.000
GSS,L16_SV21,negative,False,1356,16,9,3,18,0,2,0.250
GSS,L16_SV21,positive,True,1356,16,34,2,8,0,7,0.056
GSS,L16_SV22,negative,True,542,16,26,8,1,0,7,0.235
GSS,L16_SV22,positive,False,542,16,22,3,26,0,7,0.120
GSS,L16_SV23,negative,True,738,16,10,26,12,0,4,0.722
GSS,L16_SV23,positive,False,738,16,64,0,0,0,0,0.000
GSS,L16_SV24,negative,True,375,16,39,4,17,0,1,0.093
GSS,L16_SV24,positive,False,375,16,2,1,58,0,0,0.333
GSS,L16_SV25,negative,True,1256,16,30,1,0,2,14,0.032
GSS,L16_SV25,positive,False,1256,16,0,1,1,0,1,1.000
GSS,L16_SV26,negative,False,452,16,26,1,3,0,6,0.037
GSS,L16_SV26,positive,True,452,16,0,0,64,0,0,
GSS,L16_SV27,negative,True,441,16,17,5,15,0,5,0.227
GSS,L16_SV27,positive,False,441,16,11,1,0,0,1,0.083
GSS,L16_SV28,negative,False,727,16,51,0,1,0,3,0.000
GSS,L16_SV28,positive,True,727,16,28,9,0,0,6,0.243
GSS,L16_SV29,negative,True,400,16,39,0,1,0,11,0.000
GSS,L16_SV29,positive,False,400,16,15,1,44,0,2,0.062
GSS,L16_SV30,negative,False,1065,16,19,0,25,0,3,0.000
GSS,L16_SV30,positive,True,1065,16,31,5,3,0,11,0.139
GSS,L16_SV31,negative,True,1216,16,42,2,7,0,2,0.045
GSS,L16_SV31,positive,False,1216,16,0,0,28,0,0,
GSS,L16_SV32,negative,False,581,16,5,0,56,0,0,0.000
GSS,L16_SV32,positive,True,581,16,34,0,1,0,7,0.000
GSS,L16_SV33,negative,False,507,16,43,0,7,0,2,0.000
GSS,L16_SV33,positive,True,507,16,8,4,1,0,11,0.333
GSS,L16_SV34,negative,False,1153,16,22,1,4,0,4,0.043
GSS,L16_SV34,positive,True,1153,16,18,35,4,0,3,0.660
GSS,L16_SV35,negative,True,828,16,20,16,4,0,12,0.444
GSS,L16_SV35,positive,False,828,16,4,0,55,0,0,0.000
GSS,L16_SV36,negative,False,266,16,45,0,5,0,10,0.000
GSS,L16_SV36,positive,True,266,16,33,6,0,0,6,0.154
GSS,L16_SV37,negative,True,890,16,29,1,15,0,9,0.033
GSS,L16_SV37,positive,False,890,16,6,11,13,0,10,0.647
GSS,L16_SV38,negative,True,1214,16,22,1,1,0,11,0.043
GSS,L16_SV38,positive,False,1214,16,0,1,51,0,1,1.000
GSS,L16_SV39,negative,True,676,16,13,13,3,0,10,0.500
GSS,L16_SV39,positive,False,676,16,26,0,10,0,13,0.000
GSS,L16_SV40,negative,True,723,16,7,21,28,0,5,0.750
GSS,L16_SV40,positive,False,723,16,27,0,2,0,8,0.000
GSS,L16_SV41,negative,False,574,16,20,0,3,0,7,0.000
GSS,L16_SV41,positive,True,574,16,6,4,12,1,7,0.400
GSS,L16_SV42,negative,False,789,16,14,4,20,0,5,0.222
GSS,L16_SV42,positive,True,789,16,12,0,16,0,4,0.000
GSS,L16_SV43,negative,True,131,16,32,17,0,0,7,0.347
GSS,L16_SV43,positive,False,131,16,34,0,3,0,23,0.000
GSS,L16_SV44,negative,True,329,16,18,0,1,2,11,0.000
GSS,L16_SV44,positive,False,329,16,18,12,5,0,10,0.400
GSS,L16_SV45,negative,False,1194,16,31,4,9,0,8,0.114
GSS,L16_SV45,positive,True,1194,16,12,6,7,0,5,0.333
GSS,L16_SV46,negative,True,1189,16,10,4,0,0,2,0.286
GSS,L16_SV46,positive,False,1189,16,22,1,36,0,2,0.043
GSS,L16_SV47,negative,False,997,16,12,0,33,1,3,0.000
GSS,L16_SV47,positive,True,997,16,29,0,0,0,11,0.000
GSS,L16_SV48,negative,True,242,16,22,0,6,3,7,0.000
GSS,L16_SV48,positive,False,242,16,23,2,0,0,5,0.080
GSS,L16_SV49,negative,False,925,16,13,0,20,0,11,0.000
GSS,L16_SV49,positive,True,925,16,35,8,9,0,3,0.186
GSS,L16_SV50,negative,True,688,16,20,1,19,0,10,0.048
GSS,L16_SV50,positive,False,688,16,29,23,1,0,3,0.442
GSS,L16_SV51,negative,False,866,16,34,0,0,0,26,0.000
GSS,L16_SV51,positive,True,866,16,24,5,19,0,0,0.172
GSS,L16_SV52,negative,False,245,16,36,1,2,2,16,0.027
GSS,L16_SV52,positive,True,245,16,36,1,0,1,19,0.027
GSS,L16_SV53,negative,True,261,16,7,4,45,0,0,0.364
GSS,L16_SV53,positive,False,261,16,14,0,9,6,7,0.000
GSS,L16_SV54,negative,False,766,16,15,4,26,0,2,0.211
GSS,L16_SV54,positive,True,766,16,20,1,0,0,4,0.048
GSS,L16_SV55,negative,True,437,16,14,35,3,0,7,0.714
GSS,L16_SV55,positive,False,437,16,14,2,4,0,15,0.125
GSS,L16_SV56,negative,True,324,16,30,4,6,0,7,0.118
GSS,L16_SV56,positive,False,324,16,33,15,1,0,4,0.312
GSS,L16_SV57,negative,True,501,16,26,0,3,0,20,0.000
GSS,L16_SV57,positive,False,501,16,34,1,13,0,11,0.029
GSS,L16_SV58,negative,True,182,16,28,2,20,0,3,0.067
GSS,L16_SV58,positive,False,182,16,38,3,0,0,17,0.073
GSS,L16_SV59,negative,False,267,16,15,15,15,0,6,0.500
GSS,L16_SV59,positive,True,267,16,42,2,0,0,9,0.045
GSS,L16_SV60,negative,False,787,16,13,0,2,0,19,0.000
GSS,L16_SV60,positive,True,787,16,3,0,30,2,5,0.000
GSS,L16_SV61,negative,False,1090,16,4,20,34,0,0,0.833
GSS,L16_SV61,positive,True,1090,16,5,0,0,2,15,0.000
GSS,L16_SV62,negative,True,271,16,43,0,0,0,15,0.000
GSS,L16_SV62,positive,False,271,16,18,10,26,0,3,0.357
GSS,L16_SV63,negative,True,284,16,16,18,16,0,11,0.529
GSS,L16_SV63,positive,False,284,16,20,0,15,0,11,0.000
GSS,L16_SV64,negative,True,347,16,5,1,34,2,2,0.167
GSS,L16_SV64,positive,False,347,16,36,8,3,0,15,0.182
GSS,L17_SV01,negative,True,1444,17,0,0,64,0,0,
GSS,L17_SV01,positive,False,1444,17,51,0,0,0,10,0.000
GSS,L17_SV02,negative,False,1373,17,48,0,0,0,3,0.000
GSS,L17_SV02,positive,True,1373,17,1,0,2,0,0,0.000
GSS,L17_SV03,negative,False,957,17,4,3,45,0,0,0.429
GSS,L17_SV03,positive,True,957,17,17,0,0,1,12,0.000
GSS,L17_SV04,negative,False,1456,17,48,0,0,0,16,0.000
GSS,L17_SV04,positive,True,1456,17,0,0,0,0,0,
GSS,L17_SV05,negative,True,673,17,1,0,2,0,1,0.000
GSS,L17_SV05,positive,False,673,17,51,0,1,0,6,0.000
GSS,L17_SV06,negative,True,1225,17,31,0,0,0,3,0.000
GSS,L17_SV06,positive,False,1225,17,24,20,6,0,2,0.455
GSS,L17_SV07,negative,True,968,17,25,8,0,16,4,0.242
GSS,L17_SV07,positive,False,968,17,0,0,0,0,0,
GSS,L17_SV08,negative,False,595,17,16,0,46,0,1,0.000
GSS,L17_SV08,positive,True,595,17,28,0,2,1,8,0.000
GSS,L17_SV09,negative,True,706,17,3,12,46,0,0,0.800
GSS,L17_SV09,positive,False,706,17,61,0,0,0,0,0.000
GSS,L17_SV10,negative,True,626,17,28,0,0,0,7,0.000
GSS,L17_SV10,positive,False,626,17,10,16,14,0,5,0.615
GSS,L17_SV11,negative,False,1213,17,22,15,0,0,6,0.405
GSS,L17_SV11,positive,True,1213,17,4,1,35,0,0,0.200
GSS,L17_SV12,negative,False,287,17,11,3,22,0,2,0.214
GSS,L17_SV12,positive,True,287,17,23,1,9,0,3,0.042
GSS,L17_SV13,negative,False,618,17,34,5,0,0,5,0.128
GSS,L17_SV13,positive,True,618,17,19,0,14,0,22,0.000
GSS,L17_SV14,negative,True,1305,17,15,0,1,1,5,0.000
GSS,L17_SV14,positive,False,1305,17,16,2,2,0,1,0.111
GSS,L17_SV15,negative,True,834,17,52,0,0,0,8,0.000
GSS,L17_SV15,positive,False,834,17,16,16,15,0,3,0.500
GSS,L17_SV16,negative,False,456,17,17,1,1,1,10,0.056
GSS,L17_SV16,positive,True,456,17,53,4,0,0,7,0.070
GSS,L17_SV17,negative,False,80,17,34,0,12,0,8,0.000
GSS,L17_SV17,positive,True,80,17,3,0,5,0,0,0.000
GSS,L17_SV18,negative,False,395,17,26,0,0,0,6,0.000
GSS,L17_SV18,positive,True,395,17,2,3,54,0,0,0.600
GSS,L17_SV19,negative,False,545,17,30,2,2,0,10,0.062
GSS,L17_SV19,positive,True,545,17,13,0,26,0,3,0.000
GSS,L17_SV20,negative,False,1070,17,29,16,7,0,5,0.356
GSS,L17_SV20,positive,True,1070,17,2,0,55,0,0,0.000
GSS,L17_SV21,negative,False,1281,17,19,6,18,0,5,0.240
GSS,L17_SV21,positive,True,1281,17,33,1,18,0,2,0.029
GSS,L17_SV22,negative,True,399,17,18,6,8,0,5,0.250
GSS,L17_SV22,positive,False,399,17,57,0,1,0,0,0.000
GSS,L17_SV23,negative,False,1199,17,7,4,47,0,3,0.364
GSS,L17_SV23,positive,True,1199,17,37,1,8,0,8,0.026
GSS,L17_SV24,negative,True,1061,17,29,17,13,0,4,0.370
GSS,L17_SV24,positive,False,1061,17,8,0,7,0,3,0.000
GSS,L17_SV25,negative,True,217,17,29,0,1,16,5,0.000
GSS,L17_SV25,positive,False,217,17,1,1,62,0,0,0.500
GSS,L17_SV26,negative,False,1350,17,0,0,0,0,0,
GSS,L17_SV26,positive,True,1350,17,12,6,1,0,10,0.333
GSS,L17_SV27,negative,True,898,17,58,0,0,0,4,0.000
GSS,L17_SV27,positive,False,898,17,30,5,6,0,7,0.143
GSS,L17_SV28,negative,False,127,17,14,3,37,0,3,0.176
GSS,L17_SV28,positive,True,127,17,27,0,0,1,13,0.000
GSS,L17_SV29,negative,False,978,17,8,1,13,0,10,0.111
GSS,L17_SV29,positive,True,978,17,24,18,0,0,16,0.429
GSS,L17_SV30,negative,False,807,17,38,3,2,0,8,0.073
GSS,L17_SV30,positive,True,807,17,2,0,0,0,3,0.000
GSS,L17_SV31,negative,True,1226,17,18,2,0,0,11,0.100
GSS,L17_SV31,positive,False,1226,17,1,0,58,0,1,0.000
GSS,L17_SV32,negative,False,85,17,7,2,52,0,2,0.222
GSS,L17_SV32,positive,True,85,17,33,0,1,0,3,0.000
GSS,L17_SV33,negative,True,1236,17,42,1,4,0,11,0.023
GSS,L17_SV33,positive,False,1236,17,29,5,0,0,4,0.147
GSS,L17_SV34,negative,False,755,17,17,1,7,0,5,0.056
GSS,L17_SV34,positive,True,755,17,40,19,2,0,3,0.322
GSS,L17_SV35,negative,True,824,17,43,0,3,0,11,0.000
GSS,L17_SV35,positive,False,824,17,49,1,2,0,6,0.020
GSS,L17_SV36,negative,False,1107,17,16,0,39,0,0,0.000
GSS,L17_SV36,positive,True,1107,17,14,3,0,0,15,0.176
GSS,L17_SV37,negative,False,273,17,0,50,14,0,0,1.000
GSS,L17_SV37,positive,True,273,17,24,0,0,0,12,0.000
GSS,L17_SV38,negative,False,998,17,20,0,1,0,3,0.000
GSS,L17_SV38,positive,True,998,17,5,1,21,0,0,0.167
GSS,L17_SV39,negative,True,512,17,6,4,2,0,2,0.400
GSS,L17_SV39,positive,False,512,17,13,0,25,0,3,0.000
GSS,L17_SV40,negative,False,389,17,15,16,12,0,18,0.516
GSS,L17_SV40,positive,True,389,17,24,6,0,1,4,0.200
GSS,L17_SV41,negative,True,426,17,22,0,0,0,11,0.000
GSS,L17_SV41,positive,False,426,17,24,8,15,0,3,0.250
GSS,L17_SV42,negative,True,176,17,22,8,2,0,5,0.267
GSS,L17_SV42,positive,False,176,17,33,0,5,0,23,0.000
GSS,L17_SV43,negative,False,370,17,26,0,6,1,9,0.000
GSS,L17_SV43,positive,True,370,17,15,25,1,0,8,0.625
GSS,L17_SV44,negative,True,530,17,26,1,8,0,5,0.037
GSS,L17_SV44,positive,False,530,17,13,1,10,0,14,0.071
GSS,L17_SV45,negative,False,397,17,18,3,30,0,6,0.143
GSS,L17_SV45,positive,True,397,17,21,0,1,1,7,0.000
GSS,L17_SV46,negative,True,402,17,11,26,10,1,1,0.703
GSS,L17_SV46,positive,False,402,17,30,4,8,0,15,0.118
GSS,L17_SV47,negative,False,153,17,19,1,0,0,22,0.050
GSS,L17_SV47,positive,True,153,17,4,3,19,0,6,0.429
GSS,L17_SV48,negative,False,349,17,13,8,10,0,7,0.381
GSS,L17_SV48,positive,True,349,17,35,1,0,0,5,0.028
GSS,L17_SV49,negative,False,986,17,15,0,12,0,3,0.000
GSS,L17_SV49,positive,True,986,17,14,22,13,0,5,0.611
GSS,L17_SV50,negative,True,780,17,3,5,9,0,1,0.625
GSS,L17_SV50,positive,False,780,17,29,2,3,0,7,0.065
GSS,L17_SV51,negative,False,720,17,28,0,1,0,30,0.000
GSS,L17_SV51,positive,True,720,17,15,11,11,1,4,0.423
GSS,L17_SV52,negative,False,181,17,20,4,1,0,15,0.167
GSS,L17_SV52,positive,True,181,17,62,0,0,0,1,0.000
GSS,L17_SV53,negative,True,358,17,19,9,24,0,2,0.321
GSS,L17_SV53,positive,False,358,17,25,0,0,0,18,0.000
GSS,L17_SV54,negative,True,232,17,9,2,1,0,6,0.182
GSS,L17_SV54,positive,False,232,17,14,14,17,0,6,0.500
GSS,L17_SV55,negative,True,647,17,22,33,0,0,6,0.600
GSS,L17_SV55,positive,False,647,17,0,4,43,0,1,1.000
GSS,L17_SV56,negative,False,931,17,12,4,30,0,1,0.250
GSS,L17_SV56,positive,True,931,17,11,4,18,2,14,0.267
GSS,L17_SV57,negative,True,506,17,28,0,18,0,3,0.000
GSS,L17_SV57,positive,False,506,17,38,1,1,0,14,0.026
GSS,L17_SV58,negative,False,730,17,11,1,3,0,20,0.083
GSS,L17_SV58,positive,True,730,17,41,6,0,0,5,0.128
GSS,L17_SV59,negative,True,388,17,31,0,0,0,18,0.000
GSS,L17_SV59,positive,False,388,17,23,2,5,0,6,0.080
GSS,L17_SV60,negative,False,562,17,14,28,1,0,9,0.667
GSS,L17_SV60,positive,True,562,17,14,2,3,0,10,0.125
GSS,L17_SV61,negative,True,160,17,13,0,0,4,19,0.000
GSS,L17_SV61,positive,False,160,17,2,3,48,0,0,0.600
GSS,L17_SV62,negative,True,442,17,37,1,1,0,9,0.026
GSS,L17_SV62,positive,False,442,17,11,0,20,1,5,0.000
GSS,L17_SV63,negative,True,401,17,21,9,14,0,11,0.300
GSS,L17_SV63,positive,False,401,17,7,0,2,5,3,0.000
GSS,L17_SV64,negative,False,756,17,17,16,16,0,13,0.485
GSS,L17_SV64,positive,True,756,17,7,1,0,0,2,0.125
GSS,L18_SV01,negative,True,1439,18,1,0,63,0,0,0.000
GSS,L18_SV01,positive,False,1439,18,43,0,0,0,17,0.000
GSS,L18_SV02,negative,False,1370,18,52,0,0,0,2,0.000
GSS,L18_SV02,positive,True,1370,18,1,0,1,0,0,0.000
GSS,L18_SV03,negative,True,532,18,9,4,20,0,0,0.308
GSS,L18_SV03,positive,False,532,18,15,0,0,2,7,0.000
GSS,L18_SV04,negative,True,1418,18,0,0,0,0,0,
GSS,L18_SV04,positive,False,1418,18,26,2,0,0,25,0.071
GSS,L18_SV05,negative,False,462,18,45,0,0,1,16,0.000
GSS,L18_SV05,positive,True,462,18,0,0,0,0,1,
GSS,L18_SV06,negative,True,1342,18,25,16,2,0,18,0.390
GSS,L18_SV06,positive,False,1342,18,0,0,4,1,0,
GSS,L18_SV07,negative,True,836,18,6,0,0,2,6,0.000
GSS,L18_SV07,positive,False,836,18,5,0,3,0,0,0.000
GSS,L18_SV08,negative,True,301,18,6,0,56,0,0,0.000
GSS,L18_SV08,positive,False,301,18,15,0,1,0,4,0.000
GSS,L18_SV09,negative,True,40,18,9,33,5,0,3,0.786
GSS,L18_SV09,positive,False,40,18,55,0,7,0,2,0.000
GSS,L18_SV10,negative,True,911,18,48,5,0,0,2,0.094
GSS,L18_SV10,positive,False,911,18,1,1,23,0,0,0.500
GSS,L18_SV11,negative,True,1017,18,36,1,0,0,11,0.027
GSS,L18_SV11,positive,False,1017,18,28,2,1,0,10,0.067
GSS,L18_SV12,negative,False,138,18,29,9,4,0,13,0.237
GSS,L18_SV12,positive,True,138,18,6,0,11,0,3,0.000
GSS,L18_SV13,negative,True,61,18,3,0,3,0,1,0.000
GSS,L18_SV13,positive,False,61,18,26,0,25,0,11,0.000
GSS,L18_SV14,negative,False,1058,18,12,0,1,0,8,0.000
GSS,L18_SV14,positive,True,1058,18,2,0,0,0,0,0.000
GSS,L18_SV15,negative,True,817,18,52,3,0,0,8,0.055
GSS,L18_SV15,positive,False,817,18,23,22,2,0,3,0.489
GSS,L18_SV16,negative,False,648,18,23,0,1,5,7,0.000
GSS,L18_SV16,positive,True,648,18,49,11,1,0,2,0.183
GSS,L18_SV17,negative,False,237,18,45,0,3,0,10,0.000
GSS,L18_SV17,positive,True,237,18,12,7,7,0,3,0.368
GSS,L18_SV18,negative,False,265,18,21,7,23,0,9,0.250
GSS,L18_SV18,positive,True,265,18,6,0,0,0,1,0.000
GSS,L18_SV19,negative,True,430,18,23,1,4,0,9,0.042
GSS,L18_SV19,positive,False,430,18,33,0,12,2,3,0.000
GSS,L18_SV20,negative,True,1399,18,28,8,13,0,8,0.222
GSS,L18_SV20,positive,False,1399,18,0,0,50,0,0,
GSS,L18_SV21,negative,True,134,18,50,1,2,0,2,0.020
GSS,L18_SV21,positive,False,134,18,0,1,28,0,0,1.000
GSS,L18_SV22,negative,True,503,18,18,12,10,0,4,0.400
GSS,L18_SV22,positive,False,503,18,39,0,1,0,5,0.000
GSS,L18_SV23,negative,False,1062,18,0,33,8,0,2,1.000
GSS,L18_SV23,positive,True,1062,18,40,0,1,0,12,0.000
GSS,L18_SV24,negative,True,729,18,0,0,0,0,0,
GSS,L18_SV24,positive,False,729,18,12,9,0,0,19,0.429
GSS,L18_SV25,negative,False,785,18,38,0,2,0,0,0.000
GSS,L18_SV25,positive,True,785,18,3,0,0,0,7,0.000
GSS,L18_SV26,negative,False,1033,18,47,0,2,0,5,0.000
GSS,L18_SV26,positive,True,1033,18,3,5,44,0,6,0.625
GSS,L18_SV27,negative,True,722,18,54,0,0,0,5,0.000
GSS,L18_SV27,positive,False,722,18,31,5,10,0,2,0.139
GSS,L18_SV28,negative,False,458,18,8,0,50,0,1,0.000
GSS,L18_SV28,positive,True,458,18,25,8,0,0,13,0.242
GSS,L18_SV29,negative,True,917,18,35,1,2,0,10,0.028
GSS,L18_SV29,positive,False,917,18,1,0,0,0,0,0.000
GSS,L18_SV30,negative,True,1127,18,27,0,1,0,12,0.000
GSS,L18_SV30,positive,False,1127,18,37,11,0,0,8,0.229
GSS,L18_SV31,negative,True,141,18,3,0,0,0,3,0.000
GSS,L18_SV31,positive,False,141,18,52,0,1,0,5,0.000
GSS,L18_SV32,negative,True,53,18,30,0,0,0,11,0.000
GSS,L18_SV32,positive,False,53,18,3,2,54,0,0,0.400
GSS,L18_SV33,negative,True,776,18,39,2,0,0,14,0.049
GSS,L18_SV33,positive,False,776,18,18,3,1,0,2,0.143
GSS,L18_SV34,negative,True,290,18,30,0,1,0,20,0.000
GSS,L18_SV34,positive,False,290,18,44,2,9,0,7,0.043
GSS,L18_SV35,negative,True,1263,18,27,3,0,0,12,0.100
GSS,L18_SV35,positive,False,1263,18,7,0,24,0,3,0.000
GSS,L18_SV36,negative,True,1155,18,8,17,0,1,11,0.680
GSS,L18_SV36,positive,False,1155,18,10,0,41,0,2,0.000
GSS,L18_SV37,negative,True,117,18,3,2,57,0,2,0.400
GSS,L18_SV37,positive,False,117,18,23,1,4,0,8,0.042
GSS,L18_SV38,negative,True,662,18,1,2,2,0,0,0.667
GSS,L18_SV38,positive,False,662,18,9,3,1,0,3,0.250
GSS,L18_SV39,negative,True,1169,18,10,27,19,0,3,0.730
GSS,L18_SV39,positive,False,1169,18,14,0,1,0,13,0.000
GSS,L18_SV40,negative,False,428,18,25,0,2,2,5,0.000
GSS,L18_SV40,positive,True,428,18,13,4,1,0,2,0.235
GSS,L18_SV41,negative,True,120,18,10,0,0,0,2,0.000
GSS,L18_SV41,positive,False,120,18,39,2,7,0,7,0.049
GSS,L18_SV42,negative,True,664,18,22,0,0,0,8,0.000
GSS,L18_SV42,positive,False,664,18,26,27,2,0,8,0.509
GSS,L18_SV43,negative,True,531,18,23,16,1,0,8,0.410
GSS,L18_SV43,positive,False,531,18,32,0,2,0,17,0.000
GSS,L18_SV44,negative,False,514,18,24,3,3,1,7,0.111
GSS,L18_SV44,positive,True,514,18,32,4,5,0,6,0.111
GSS,L18_SV45,negative,True,741,18,12,5,2,8,4,0.294
GSS,L18_SV45,positive,False,741,18,4,0,54,0,4,0.000
GSS,L18_SV46,negative,False,872,18,35,3,1,0,15,0.079
GSS,L18_SV46,positive,True,872,18,16,2,4,1,6,0.111
GSS,L18_SV47,negative,False,746,18,7,0,23,1,17,0.000
GSS,L18_SV47,positive,True,746,18,26,3,9,0,6,0.103
GSS,L18_SV48,negative,True,446,18,4,4,16,0,0,0.500
GSS,L18_SV48,positive,False,446,18,22,0,1,0,18,0.000
GSS,L18_SV49,negative,False,846,18,12,0,7,0,12,0.000
GSS,L18_SV49,positive,True,846,18,9,6,3,0,10,0.400
GSS,L18_SV50,negative,True,1001,18,22,0,7,0,10,0.000
GSS,L18_SV50,positive,False,1001,18,13,3,10,0,6,0.188
GSS,L18_SV51,negative,False,1043,18,16,4,1,0,17,0.200
GSS,L18_SV51,positive,True,1043,18,14,3,15,0,2,0.176
GSS,L18_SV52,negative,False,88,18,19,6,1,0,23,0.240
GSS,L18_SV52,positive,True,88,18,41,6,3,1,6,0.128
GSS,L18_SV53,negative,False,773,18,44,1,7,0,2,0.022
GSS,L18_SV53,positive,True,773,18,20,0,2,3,10,0.000
GSS,L18_SV54,negative,False,804,18,12,4,10,0,4,0.250
GSS,L18_SV54,positive,True,804,18,37,1,0,0,22,0.026
GSS,L18_SV55,negative,True,405,18,31,15,0,0,13,0.326
GSS,L18_SV55,positive,False,405,18,2,10,18,0,0,0.833
GSS,L18_SV56,negative,False,965,18,30,0,1,0,18,0.000
GSS,L18_SV56,positive,True,965,18,19,26,14,0,3,0.578
GSS,L18_SV57,negative,False,781,18,23,7,22,0,1,0.233
GSS,L18_SV57,positive,True,781,18,35,0,0,0,11,0.000
GSS,L18_SV58,negative,True,837,18,23,0,1,1,13,0.000
GSS,L18_SV58,positive,False,837,18,23,1,8,1,9,0.042
GSS,L18_SV59,negative,False,505,18,13,1,0,0,16,0.071
GSS,L18_SV59,positive,True,505,18,23,2,2,0,4,0.080
GSS,L18_SV60,negative,True,167,18,12,0,0,2,25,0.000
GSS,L18_SV60,positive,False,167,18,6,5,32,0,1,0.455
GSS,L18_SV61,negative,True,94,18,18,13,0,0,8,0.419
GSS,L18_SV61,positive,False,94,18,21,1,23,0,8,0.045
GSS,L18_SV62,negative,True,459,18,3,0,1,0,1,0.000
GSS,L18_SV62,positive,False,459,18,11,2,19,0,14,0.154
GSS,L18_SV63,negative,True,215,18,28,8,10,0,5,0.222
GSS,L18_SV63,positive,False,215,18,27,2,0,0,10,0.069
GSS,L18_SV64,negative,True,45,18,24,8,5,0,20,0.250
GSS,L18_SV64,positive,False,45,18,4,0,4,0,1,0.000
GSS,L19_SV01,negative,True,1457,19,0,0,64,0,0,
GSS,L19_SV01,positive,False,1457,19,42,0,1,0,20,0.000
GSS,L19_SV02,negative,False,1462,19,46,0,0,0,4,0.000
GSS,L19_SV02,positive,True,1462,19,2,0,3,0,0,0.000
GSS,L19_SV03,negative,False,1053,19,4,1,15,0,0,0.200
GSS,L19_SV03,positive,True,1053,19,15,0,0,1,8,0.000
GSS,L19_SV04,negative,False,882,19,3,0,1,0,1,0.000
GSS,L19_SV04,positive,True,882,19,0,0,0,0,0,
GSS,L19_SV05,negative,False,1380,19,44,0,0,0,20,0.000
GSS,L19_SV05,positive,True,1380,19,0,0,8,0,0,
GSS,L19_SV06,negative,True,465,19,3,0,0,3,3,0.000
GSS,L19_SV06,positive,False,465,19,1,0,1,0,0,0.000
GSS,L19_SV07,negative,False,1249,19,34,3,11,0,10,0.081
GSS,L19_SV07,positive,True,1249,19,12,2,0,2,2,0.143
GSS,L19_SV08,negative,True,1377,19,33,8,0,0,20,0.195
GSS,L19_SV08,positive,False,1377,19,0,0,24,0,0,
GSS,L19_SV09,negative,True,317,19,9,12,16,0,2,0.571
GSS,L19_SV09,positive,False,317,19,56,0,5,0,2,0.000
GSS,L19_SV10,negative,False,50,19,4,16,18,0,6,0.800
GSS,L19_SV10,positive,True,50,19,35,0,0,0,8,0.000
GSS,L19_SV11,negative,False,139,19,7,0,1,0,1,0.000
GSS,L19_SV11,positive,True,139,19,52,1,0,0,5,0.019
GSS,L19_SV12,negative,False,385,19,43,4,0,1,11,0.085
GSS,L19_SV12,positive,True,385,19,6,0,30,0,4,0.000
GSS,L19_SV13,negative,True,672,19,1,1,1,1,1,0.500
GSS,L19_SV13,positive,False,672,19,17,1,4,0,3,0.056
GSS,L19_SV14,negative,False,449,19,37,1,1,0,1,0.026
GSS,L19_SV14,positive,True,449,19,36,12,0,0,4,0.250
GSS,L19_SV15,negative,True,677,19,17,0,0,2,6,0.000
GSS,L19_SV15,positive,False,677,19,43,13,3,0,3,0.232
GSS,L19_SV16,negative,False,1099,19,0,0,1,0,0,
GSS,L19_SV16,positive,True,1099,19,42,0,0,0,18,0.000
GSS,L19_SV17,negative,True,1296,19,37,1,0,0,7,0.026
GSS,L19_SV17,positive,False,1296,19,4,0,13,0,1,0.000
GSS,L19_SV18,negative,True,82,19,5,0,3,0,0,0.000
GSS,L19_SV18,positive,False,82,19,28,0,17,0,7,0.000
GSS,L19_SV19,negative,False,332,19,26,0,0,0,2,0.000
GSS,L19_SV19,positive,True,332,19,18,2,1,0,16,0.100
GSS,L19_SV20,negative,False,1323,19,19,0,6,0,0,0.000
GSS,L19_SV20,positive,True,1323,19,26,4,18,0,7,0.133
GSS,L19_SV21,negative,True,1190,19,27,19,4,0,3,0.413
GSS,L19_SV21,positive,False,1190,19,10,1,1,0,11,0.091
GSS,L19_SV22,negative,True,558,19,15,8,3,0,13,0.348
GSS,L19_SV22,positive,False,558,19,17,0,0,2,3,0.000
GSS,L19_SV23,negative,False,86,19,3,8,40,0,1,0.727
GSS,L19_SV23,positive,True,86,19,54,0,1,0,3,0.000
GSS,L19_SV24,negative,True,44,19,55,3,0,0,6,0.052
GSS,L19_SV24,positive,False,44,19,19,1,1,0,8,0.050
GSS,L19_SV25,negative,False,980,19,43,0,4,0,4,0.000
GSS,L19_SV25,positive,True,980,19,2,1,55,0,1,0.333
GSS,L19_SV26,negative,False,1037,19,42,2,3,0,5,0.045
GSS,L19_SV26,positive,True,1037,19,3,2,4,0,1,0.400
GSS,L19_SV27,negative,True,1259,19,0,0,2,0,0,
GSS,L19_SV27,positive,False,1259,19,11,6,3,0,4,0.353
GSS,L19_SV28,negative,False,473,19,2,0,14,0,0,0.000
GSS,L19_SV28,positive,True,473,19,38,3,0,0,12,0.073
GSS,L19_SV29,negative,True,343,19,39,0,2,0,17,0.000
GSS,L19_SV29,positive,False,343,19,33,4,14,0,7,0.108
GSS,L19_SV30,negative,False,1104,19,0,0,7,0,0,
GSS,L19_SV30,positive,True,1104,19,43,3,2,0,8,0.065
GSS,L19_SV31,negative,False,443,19,13,0,47,0,1,0.000
GSS,L19_SV31,positive,True,443,19,15,3,0,0,7,0.167
GSS,L19_SV32,negative,True,49,19,32,0,0,0,11,0.000
GSS,L19_SV32,positive,False,49,19,0,8,50,0,1,1.000
GSS,L19_SV33,negative,False,971,19,49,1,1,0,6,0.020
GSS,L19_SV33,positive,True,971,19,7,0,0,2,2,0.000
GSS,L19_SV34,negative,False,759,19,55,0,3,0,4,0.000
GSS,L19_SV34,positive,True,759,19,52,0,1,0,10,0.000
GSS,L19_SV35,negative,False,431,19,6,1,6,0,2,0.143
GSS,L19_SV35,positive,True,431,19,10,4,0,0,11,0.286
GSS,L19_SV36,negative,True,101,19,3,53,4,0,0,0.946
GSS,L19_SV36,positive,False,101,19,38,0,4,0,3,0.000
GSS,L19_SV37,negative,True,364,19,4,0,0,0,5,0.000
GSS,L19_SV37,positive,False,364,19,0,0,63,0,0,
GSS,L19_SV38,negative,True,70,19,20,2,0,0,3,0.091
GSS,L19_SV38,positive,False,70,19,2,0,6,0,0,0.000
GSS,L19_SV39,negative,True,517,19,9,2,0,1,11,0.182
GSS,L19_SV39,positive,False,517,19,45,4,4,1,5,0.082
GSS,L19_SV40,negative,True,110,19,13,0,0,0,2,0.000
GSS,L19_SV40,positive,False,110,19,15,7,1,0,5,0.318
GSS,L19_SV41,negative,False,133,19,38,3,5,0,4,0.073
GSS,L19_SV41,positive,True,133,19,27,0,0,0,15,0.000
GSS,L19_SV42,negative,True,115,19,11,0,0,1,1,0.000
GSS,L19_SV42,positive,False,115,19,27,2,12,0,8,0.069
GSS,L19_SV43,negative,False,668,19,34,12,4,0,6,0.261
GSS,L19_SV43,positive,True,668,19,18,0,0,1,27,0.000
GSS,L19_SV44,negative,True,1118,19,27,1,1,1,5,0.036
GSS,L19_SV44,positive,False,1118,19,46,3,2,0,8,0.061
GSS,L19_SV45,negative,False,325,19,14,0,30,0,7,0.000
GSS,L19_SV45,positive,True,325,19,14,1,0,1,4,0.067
GSS,L19_SV46,negative,True,699,19,33,8,1,0,17,0.195
GSS,L19_SV46,positive,False,699,19,12,5,4,0,8,0.294
GSS,L19_SV47,negative,True,463,19,14,9,1,20,3,0.391
GSS,L19_SV47,positive,False,463,19,29,1,5,0,13,0.033
GSS,L19_SV48,negative,True,732,19,5,0,0,0,0,0.000
GSS,L19_SV48,positive,False,732,19,28,2,5,0,16,0.067
GSS,L19_SV49,negative,True,747,19,32,0,3,0,26,0.000
GSS,L19_SV49,positive,False,747,19,15,1,13,0,12,0.062
GSS,L19_SV50,negative,True,1025,19,1,1,1,0,0,0.500
GSS,L19_SV50,positive,False,1025,19,23,1,11,0,11,0.042
GSS,L19_SV51,negative,False,411,19,32,0,0,0,22,0.000
GSS,L19_SV51,positive,True,411,19,3,6,6,0,0,0.667
GSS,L19_SV52,negative,False,480,19,29,0,3,0,17,0.000
GSS,L19_SV52,positive,True,480,19,10,1,13,1,11,0.091
GSS,L19_SV53,negative,False,174,19,1,0,16,0,0,0.000
GSS,L19_SV53,positive,True,174,19,18,0,0,0,13,0.000
GSS,L19_SV54,negative,False,549,19,1,3,29,0,0,0.750
GSS,L19_SV54,positive,True,549,19,33,1,0,0,12,0.029
GSS,L19_SV55,negative,True,275,19,10,24,22,0,0,0.706
GSS,L19_SV55,positive,False,275,19,27,0,4,0,20,0.000
GSS,L19_SV56,negative,False,753,19,5,2,1,0,2,0.286
GSS,L19_SV56,positive,True,753,19,25,1,8,3,9,0.038
GSS,L19_SV57,negative,True,1250,19,48,0,0,1,12,0.000
GSS,L19_SV57,positive,False,1250,19,5,0,13,1,4,0.000
GSS,L19_SV58,negative,True,376,19,18,3,2,0,1,0.143
GSS,L19_SV58,positive,False,376,19,24,0,5,0,8,0.000
GSS,L19_SV59,negative,True,203,19,14,0,0,2,11,0.000
GSS,L19_SV59,positive,False,203,19,3,1,32,0,1,0.250
GSS,L19_SV60,negative,True,75,19,30,12,0,0,6,0.286
GSS,L19_SV60,positive,False,75,19,31,4,1,0,16,0.114
GSS,L19_SV61,negative,True,1115,19,20,0,3,0,22,0.000
GSS,L19_SV61,positive,False,1115,19,7,2,47,0,0,0.222
GSS,L19_SV62,negative,True,652,19,18,5,0,0,28,0.217
GSS,L19_SV62,positive,False,652,19,1,0,2,0,0,0.000
GSS,L19_SV63,negative,False,434,19,2,0,0,1,0,0.000
GSS,L19_SV63,positive,True,434,19,51,1,0,0,11,0.019
GSS,L19_SV64,negative,True,249,19,11,6,0,0,18,0.353
GSS,L19_SV64,positive,False,249,19,10,0,35,0,4,0.000
GSS,L20_SV01,negative,True,1426,20,0,0,64,0,0,
GSS,L20_SV01,positive,False,1426,20,35,0,1,2,18,0.000
GSS,L20_SV02,negative,False,1472,20,48,1,0,0,3,0.020
GSS,L20_SV02,positive,True,1472,20,4,0,41,0,0,0.000
GSS,L20_SV03,negative,False,873,20,4,1,10,0,0,0.200
GSS,L20_SV03,positive,True,873,20,10,0,0,1,7,0.000
GSS,L20_SV04,negative,False,893,20,47,0,0,0,16,0.000
GSS,L20_SV04,positive,True,893,20,0,0,0,0,0,
GSS,L20_SV05,negative,False,336,20,3,0,0,0,0,0.000
GSS,L20_SV05,positive,True,336,20,0,0,0,3,1,
GSS,L20_SV06,negative,True,314,20,0,0,0,1,2,
GSS,L20_SV06,positive,False,314,20,32,6,14,0,5,0.158
GSS,L20_SV07,negative,False,964,20,28,3,3,0,11,0.097
GSS,L20_SV07,positive,True,964,20,20,0,17,1,5,0.000
GSS,L20_SV08,negative,False,1063,20,33,1,11,0,12,0.029
GSS,L20_SV08,positive,True,1063,20,8,0,0,0,1,0.000
GSS,L20_SV09,negative,True,63,20,0,0,0,0,0,
GSS,L20_SV09,positive,False,63,20,22,7,4,0,4,0.241
GSS,L20_SV10,negative,False,1162,20,16,17,0,0,7,0.515
GSS,L20_SV10,positive,True,1162,20,26,3,4,1,9,0.103
GSS,L20_SV11,negative,True,310,20,13,16,7,0,19,0.552
GSS,L20_SV11,positive,False,310,20,15,0,5,0,3,0.000
GSS,L20_SV12,negative,False,1344,20,22,0,0,5,22,0.000
GSS,L20_SV12,positive,True,1344,20,2,10,0,0,1,0.833
GSS,L20_SV13,negative,False,373,20,4,3,31,0,1,0.429
GSS,L20_SV13,positive,True,373,20,41,3,0,0,5,0.068
GSS,L20_SV14,negative,True,697,20,0,0,0,0,1,
GSS,L20_SV14,positive,False,697,20,56,0,0,0,8,0.000
GSS,L20_SV15,negative,True,733,20,33,2,3,1,14,0.057
GSS,L20_SV15,positive,False,733,20,11,0,0,0,2,0.000
GSS,L20_SV16,negative,True,1391,20,1,0,0,0,0,0.000
GSS,L20_SV16,positive,False,1391,20,52,1,2,0,8,0.019
GSS,L20_SV17,negative,False,302,20,12,0,0,0,2,0.000
GSS,L20_SV17,positive,True,302,20,44,4,1,0,15,0.083
GSS,L20_SV18,negative,True,155,20,14,3,0,0,6,0.176
GSS,L20_SV18,positive,False,155,20,35,1,1,1,3,0.028
GSS,L20_SV19,negative,False,179,20,22,0,20,0,8,0.000
GSS,L20_SV19,positive,True,179,20,18,5,0,0,7,0.217
GSS,L20_SV20,negative,True,102,20,36,11,8,0,4,0.234
GSS,L20_SV20,positive,False,102,20,22,1,12,0,7,0.043
GSS,L20_SV21,negative,True,210,20,3,0,0,0,0,0.000
GSS,L20_SV21,positive,False,210,20,7,3,2,0,4,0.300
GSS,L20_SV22,negative,True,48,20,4,32,3,0,3,0.889
GSS,L20_SV22,positive,False,48,20,2,0,0,0,6,0.000
GSS,L20_SV23,negative,False,383,20,0,0,38,0,0,
GSS,L20_SV23,positive,True,383,20,5,0,0,0,7,0.000
GSS,L20_SV24,negative,False,1400,20,0,5,1,0,0,1.000
GSS,L20_SV24,positive,True,1400,20,24,0,0,0,13,0.000
GSS,L20_SV25,negative,False,322,20,43,8,0,0,8,0.157
GSS,L20_SV25,positive,True,322,20,0,0,2,0,0,
GSS,L20_SV26,negative,False,144,20,24,3,2,0,5,0.111
GSS,L20_SV26,positive,True,144,20,15,2,2,0,16,0.118
GSS,L20_SV27,negative,False,867,20,31,14,5,0,9,0.311
GSS,L20_SV27,positive,True,867,20,28,0,2,0,11,0.000
GSS,L20_SV28,negative,True,109,20,29,0,0,0,8,0.000
GSS,L20_SV28,positive,False,109,20,13,0,28,0,3,0.000
GSS,L20_SV29,negative,False,1361,20,20,1,9,0,22,0.048
GSS,L20_SV29,positive,True,1361,20,4,0,16,1,1,0.000
GSS,L20_SV30,negative,False,79,20,27,3,19,0,6,0.100
GSS,L20_SV30,positive,True,79,20,14,0,0,0,9,0.000
GSS,L20_SV31,negative,False,819,20,26,0,0,0,14,0.000
GSS,L20_SV31,positive,True,819,20,6,1,0,2,0,0.143
GSS,L20_SV32,negative,True,425,20,6,2,0,1,10,0.250
GSS,L20_SV32,positive,False,425,20,1,0,22,0,0,0.000
GSS,L20_SV33,negative,True,973,20,29,0,2,0,3,0.000
GSS,L20_SV33,positive,False,973,20,9,0,48,0,3,0.000
GSS,L20_SV34,negative,False,1141,20,40,0,3,0,3,0.000
GSS,L20_SV34,positive,True,1141,20,0,27,37,0,0,1.000
GSS,L20_SV35,negative,True,202,20,22,0,2,0,12,0.000
GSS,L20_SV35,positive,False,202,20,4,0,44,0,1,0.000
GSS,L20_SV36,negative,True,220,20,12,2,0,0,12,0.143
GSS,L20_SV36,positive,False,220,20,40,1,2,0,1,0.024
GSS,L20_SV37,negative,True,199,20,19,10,1,0,8,0.345
GSS,L20_SV37,positive,False,199,20,28,0,21,0,10,0.000
GSS,L20_SV38,negative,False,470,20,12,0,0,0,12,0.000
GSS,L20_SV38,positive,True,470,20,9,16,5,0,1,0.640
GSS,L20_SV39,negative,False,765,20,29,0,3,0,12,0.000
GSS,L20_SV39,positive,True,765,20,12,1,3,0,1,0.077
GSS,L20_SV40,negative,False,555,20,30,7,0,0,16,0.189
GSS,L20_SV40,positive,True,555,20,19,0,6,0,5,0.000
GSS,L20_SV41,negative,False,715,20,46,0,0,0,15,0.000
GSS,L20_SV41,positive,True,715,20,1,0,5,1,0,0.000
GSS,L20_SV42,negative,False,147,20,31,1,24,0,7,0.031
GSS,L20_SV42,positive,True,147,20,18,0,0,0,6,0.000
GSS,L20_SV43,negative,True,409,20,19,0,0,0,20,0.000
GSS,L20_SV43,positive,False,409,20,9,1,32,0,0,0.100
GSS,L20_SV44,negative,True,475,20,14,0,35,4,0,0.000
GSS,L20_SV44,positive,False,475,20,7,0,0,1,4,0.000
GSS,L20_SV45,negative,False,1116,20,1,0,0,1,0,0.000
GSS,L20_SV45,positive,True,1116,20,11,2,1,0,7,0.154
GSS,L20_SV46,negative,True,1285,20,17,0,0,0,18,0.000
GSS,L20_SV46,positive,False,1285,20,0,1,8,0,0,1.000
GSS,L20_SV47,negative,False,559,20,26,2,7,0,17,0.071
GSS,L20_SV47,positive,True,559,20,21,0,12,0,2,0.000
GSS,L20_SV48,negative,False,547,20,44,9,0,0,8,0.170
GSS,L20_SV48,positive,True,547,20,10,9,24,2,3,0.474
GSS,L20_SV49,negative,False,607,20,40,2,7,1,10,0.048
GSS,L20_SV49,positive,True,607,20,27,7,4,0,9,0.206
GSS,L20_SV50,negative,True,439,20,4,5,0,3,1,0.556
GSS,L20_SV50,positive,False,439,20,33,0,5,0,5,0.000
GSS,L20_SV51,negative,False,125,20,41,6,5,0,5,0.128
GSS,L20_SV51,positive,True,125,20,22,8,1,0,1,0.267
GSS,L20_SV52,negative,False,918,20,45,1,0,0,13,0.022
GSS,L20_SV52,positive,True,918,20,11,0,7,0,17,0.000
GSS,L20_SV53,negative,True,641,20,10,0,0,0,26,0.000
GSS,L20_SV53,positive,False,641,20,3,7,19,0,0,0.700
GSS,L20_SV54,negative,True,433,20,26,0,0,0,11,0.000
GSS,L20_SV54,positive,False,433,20,25,13,24,0,1,0.342
GSS,L20_SV55,negative,False,577,20,34,4,6,0,4,0.105
GSS,L20_SV55,positive,True,577,20,20,0,3,2,4,0.000
GSS,L20_SV56,negative,True,68,20,16,1,3,1,9,0.059
GSS,L20_SV56,positive,False,68,20,11,0,3,0,5,0.000
GSS,L20_SV57,negative,True,604,20,23,0,1,0,17,0.000
GSS,L20_SV57,positive,False,604,20,4,0,51,0,0,0.000
GSS,L20_SV58,negative,True,116,20,26,0,3,0,10,0.000
GSS,L20_SV58,positive,False,116,20,11,4,19,0,6,0.267
GSS,L20_SV59,negative,True,444,20,29,0,0,0,16,0.000
GSS,L20_SV59,positive,False,444,20,6,2,2,1,0,0.250
GSS,L20_SV60,negative,False,38,20,27,0,1,0,18,0.000
GSS,L20_SV60,positive,True,38,20,11,4,0,0,9,0.267
GSS,L20_SV61,negative,False,874,20,7,1,14,0,2,0.125
GSS,L20_SV61,positive,True,874,20,43,3,5,0,10,0.065
GSS,L20_SV62,negative,True,619,20,3,0,38,0,1,0.000
GSS,L20_SV62,positive,False,619,20,26,1,2,0,18,0.037
GSS,L20_SV63,negative,True,299,20,19,0,1,0,16,0.000
GSS,L20_SV63,positive,False,299,20,14,4,4,0,2,0.222
GSS,L20_SV64,negative,True,71,20,6,0,0,0,0,0.000
GSS,L20_SV64,positive,False,71,20,49,0,1,0,9,0.000
GSS,L21_SV01,negative,True,1468,21,0,0,64,0,0,
GSS,L21_SV01,positive,False,1468,21,45,1,1,0,11,0.022
GSS,L21_SV02,negative,False,1386,21,39,0,0,0,1,0.000
GSS,L21_SV02,positive,True,1386,21,0,1,0,0,0,1.000
GSS,L21_SV03,negative,False,41,21,25,2,7,0,1,0.074
GSS,L21_SV03,positive,True,41,21,0,0,0,0,1,
GSS,L21_SV04,negative,True,760,21,0,0,0,1,2,
GSS,L21_SV04,positive,False,760,21,33,0,9,0,8,0.000
GSS,L21_SV05,negative,True,1167,21,6,1,1,2,2,0.143
GSS,L21_SV05,positive,False,1167,21,33,5,4,0,8,0.132
GSS,L21_SV06,negative,True,60,21,23,9,0,0,5,0.281
GSS,L21_SV06,positive,False,60,21,18,1,36,0,4,0.053
GSS,L21_SV07,negative,True,77,21,2,0,0,0,0,0.000
GSS,L21_SV07,positive,False,77,21,5,11,10,0,0,0.688
GSS,L21_SV08,negative,False,975,21,0,0,0,0,0,
GSS,L21_SV08,positive,True,975,21,32,0,1,0,5,0.000
GSS,L21_SV09,negative,True,496,21,22,0,0,0,16,0.000
GSS,L21_SV09,positive,False,496,21,1,0,0,0,0,0.000
GSS,L21_SV10,negative,True,1393,21,41,2,3,0,14,0.047
GSS,L21_SV10,positive,False,1393,21,1,0,8,0,0,0.000
GSS,L21_SV11,negative,False,154,21,1,0,0,0,0,0.000
GSS,L21_SV11,positive,True,154,21,8,0,0,5,10,0.000
GSS,L21_SV12,negative,False,47,21,9,0,2,0,3,0.000
GSS,L21_SV12,positive,True,47,21,15,2,0,0,3,0.118
GSS,L21_SV13,negative,True,195,21,14,0,0,5,4,0.000
GSS,L21_SV13,positive,False,195,21,25,1,0,0,3,0.038
GSS,L21_SV14,negative,True,616,21,7,10,15,0,0,0.588
GSS,L21_SV14,positive,False,616,21,0,0,7,2,1,
GSS,L21_SV15,negative,False,934,21,5,1,45,0,0,0.167
GSS,L21_SV15,positive,True,934,21,14,9,23,0,1,0.391
GSS,L21_SV16,negative,True,36,21,0,0,0,0,3,
GSS,L21_SV16,positive,False,36,21,49,2,3,0,4,0.039
GSS,L21_SV17,negative,True,947,21,17,1,3,7,0,0.056
GSS,L21_SV17,positive,False,947,21,27,3,1,0,22,0.100
GSS,L21_SV18,negative,False,794,21,5,2,14,0,0,0.286
GSS,L21_SV18,positive,True,794,21,48,0,2,0,12,0.000
GSS,L21_SV19,negative,True,1097,21,21,15,4,0,13,0.417
GSS,L21_SV19,positive,False,1097,21,16,0,1,0,0,0.000
GSS,L21_SV20,negative,True,2,21,0,0,0,0,3,
GSS,L21_SV20,positive,False,2,21,45,5,3,0,3,0.100
GSS,L21_SV21,negative,True,76,21,4,0,0,0,5,0.000
GSS,L21_SV21,positive,False,76,21,16,0,18,0,2,0.000
GSS,L21_SV22,negative,True,808,21,27,2,0,0,6,0.069
GSS,L21_SV22,positive,False,808,21,6,0,26,0,0,0.000
GSS,L21_SV23,negative,False,1184,21,3,25,3,0,1,0.893
GSS,L21_SV23,positive,True,1184,21,3,0,3,0,2,0.000
GSS,L21_SV24,negative,False,1182,21,43,1,11,0,4,0.023
GSS,L21_SV24,positive,True,1182,21,4,0,0,0,16,0.000
GSS,L21_SV25,negative,True,394,21,24,0,6,0,8,0.000
GSS,L21_SV25,positive,False,394,21,11,0,7,0,6,0.000
GSS,L21_SV26,negative,True,659,21,14,0,2,21,3,0.000
GSS,L21_SV26,positive,False,659,21,43,0,1,0,2,0.000
GSS,L21_SV27,negative,True,829,21,12,0,0,0,14,0.000
GSS,L21_SV27,positive,False,829,21,27,0,15,0,0,0.000
GSS,L21_SV28,negative,True,725,21,7,1,13,0,3,0.125
GSS,L21_SV28,positive,False,725,21,0,0,62,0,0,
GSS,L21_SV29,negative,False,832,21,31,0,1,0,15,0.000
GSS,L21_SV29,positive,True,832,21,10,0,9,0,5,0.000
GSS,L21_SV30,negative,False,95,21,17,1,7,2,12,0.056
GSS,L21_SV30,positive,True,95,21,0,0,0,0,0,
GSS,L21_SV31,negative,True,1122,21,22,0,0,0,15,0.000
GSS,L21_SV31,positive,False,1122,21,17,7,12,0,2,0.292
GSS,L21_SV32,negative,True,258,21,4,0,0,0,15,0.000
GSS,L21_SV32,positive,False,258,21,0,3,19,0,0,1.000
GSS,L21_SV33,negative,False,586,21,20,0,12,0,5,0.000
GSS,L21_SV33,positive,True,586,21,4,0,3,0,0,0.000
GSS,L21_SV34,negative,False,603,21,10,0,6,0,4,0.000
GSS,L21_SV34,positive,True,603,21,0,0,44,0,1,
GSS,L21_SV35,negative,False,78,21,21,4,3,5,2,0.160
GSS,L21_SV35,positive,True,78,21,10,0,1,0,19,0.000
GSS,L21_SV36,negative,False,1163,21,36,8,2,0,11,0.182
GSS,L21_SV36,positive,True,1163,21,20,0,3,0,3,0.000
GSS,L21_SV37,negative,True,762,21,14,5,0,0,17,0.263
GSS,L21_SV37,positive,False,762,21,8,6,18,1,0,0.429
GSS,L21_SV38,negative,False,104,21,21,26,5,0,7,0.553
GSS,L21_SV38,positive,True,104,21,23,0,12,0,9,0.000
GSS,L21_SV39,negative,False,1073,21,0,0,50,0,0,
GSS,L21_SV39,positive,True,1073,21,6,0,2,2,3,0.000
GSS,L21_SV40,negative,True,694,21,0,0,9,0,0,
GSS,L21_SV40,positive,False,694,21,4,0,2,0,2,0.000
GSS,L21_SV41,negative,False,768,21,28,11,4,0,10,0.282
GSS,L21_SV41,positive,True,768,21,12,1,11,0,9,0.077
GSS,L21_SV42,negative,True,477,21,53,2,3,0,3,0.036
GSS,L21_SV42,positive,False,477,21,0,0,7,0,1,
GSS,L21_SV43,negative,True,100,21,0,0,0,0,1,
GSS,L21_SV43,positive,False,100,21,24,1,4,0,0,0.040
GSS,L21_SV44,negative,True,303,21,7,0,1,0,2,0.000
GSS,L21_SV44,positive,False,303,21,36,0,5,0,9,0.000
GSS,L21_SV45,negative,False,207,21,0,2,24,1,0,1.000
GSS,L21_SV45,positive,True,207,21,3,0,0,2,7,0.000
GSS,L21_SV46,negative,False,1055,21,8,2,32,0,5,0.200
GSS,L21_SV46,positive,True,1055,21,9,0,6,0,4,0.000
GSS,L21_SV47,negative,True,990,21,31,1,0,0,19,0.031
GSS,L21_SV47,positive,False,990,21,0,0,64,0,0,
GSS,L21_SV48,negative,True,16,21,5,0,0,0,3,0.000
GSS,L21_SV48,positive,False,16,21,42,0,5,0,15,0.000
GSS,L21_SV49,negative,True,225,21,21,0,0,0,9,0.000
GSS,L21_SV49,positive,False,225,21,7,2,22,0,5,0.222
GSS,L21_SV50,negative,False,14,21,35,1,2,0,13,0.028
GSS,L21_SV50,positive,True,14,21,2,0,1,1,0,0.000
GSS,L21_SV51,negative,False,353,21,20,3,4,0,1,0.130
GSS,L21_SV51,positive,True,353,21,4,0,1,0,1,0.000
GSS,L21_SV52,negative,False,121,21,26,0,0,0,34,0.000
GSS,L21_SV52,positive,True,121,21,18,0,3,0,0,0.000
GSS,L21_SV53,negative,False,135,21,4,16,22,0,3,0.800
GSS,L21_SV53,positive,True,135,21,8,0,0,0,9,0.000
GSS,L21_SV54,negative,False,982,21,1,0,26,0,4,0.000
GSS,L21_SV54,positive,True,982,21,41,0,1,0,15,0.000
GSS,L21_SV55,negative,False,10,21,17,0,23,0,8,0.000
GSS,L21_SV55,positive,True,10,21,6,1,0,0,1,0.143
GSS,L21_SV56,negative,True,1445,21,21,2,0,0,10,0.087
GSS,L21_SV56,positive,False,1445,21,0,0,44,0,1,
GSS,L21_SV57,negative,True,526,21,36,4,0,0,8,0.100
GSS,L21_SV57,positive,False,526,21,11,3,5,0,4,0.214
GSS,L21_SV58,negative,True,42,21,1,0,0,0,1,0.000
GSS,L21_SV58,positive,False,42,21,43,11,2,0,8,0.204
GSS,L21_SV59,negative,False,313,21,25,1,11,0,13,0.038
GSS,L21_SV59,positive,True,313,21,1,0,31,0,1,0.000
GSS,L21_SV60,negative,False,1059,21,44,5,7,0,2,0.102
GSS,L21_SV60,positive,True,1059,21,7,0,0,0,3,0.000
GSS,L21_SV61,negative,False,1064,21,1,4,15,0,0,0.800
GSS,L21_SV61,positive,True,1064,21,42,0,3,0,14,0.000
GSS,L21_SV62,negative,False,33,21,14,5,4,0,5,0.263
GSS,L21_SV62,positive,True,33,21,0,0,0,2,0,
GSS,L21_SV63,negative,True,1254,21,10,0,1,0,3,0.000
GSS,L21_SV63,positive,False,1254,21,1,0,42,0,1,0.000
GSS,L21_SV64,negative,False,536,21,5,2,16,0,5,0.286
GSS,L21_SV64,positive,True,536,21,14,2,0,0,4,0.125
GSS,L22_SV01,negative,True,1465,22,0,0,62,0,0,
GSS,L22_SV01,positive,False,1465,22,43,1,0,0,12,0.023
GSS,L22_SV02,negative,True,1431,22,23,0,0,0,1,0.000
GSS,L22_SV02,positive,False,1431,22,0,0,6,0,0,
GSS,L22_SV03,negative,False,12,22,40,3,13,0,1,0.070
GSS,L22_SV03,positive,True,12,22,1,0,0,0,2,0.000
GSS,L22_SV04,negative,True,1129,22,0,0,2,0,0,
GSS,L22_SV04,positive,False,1129,22,28,0,10,0,6,0.000
GSS,L22_SV05,negative,True,30,22,2,0,0,1,1,0.000
GSS,L22_SV05,positive,False,30,22,13,4,4,0,0,0.235
GSS,L22_SV06,negative,True,800,22,44,0,0,0,8,0.000
GSS,L22_SV06,positive,False,800,22,3,1,40,0,1,0.250
GSS,L22_SV07,negative,True,897,22,2,0,1,0,4,0.000
GSS,L22_SV07,positive,False,897,22,0,0,0,0,0,
GSS,L22_SV08,negative,True,614,22,0,0,0,0,0,
GSS,L22_SV08,positive,False,614,22,30,0,11,0,14,0.000
GSS,L22_SV09,negative,False,1210,22,32,2,10,0,16,0.059
GSS,L22_SV09,positive,True,1210,22,7,0,1,0,1,0.000
GSS,L22_SV10,negative,True,1050,22,9,0,0,0,1,0.000
GSS,L22_SV10,positive,False,1050,22,39,0,1,0,2,0.000
GSS,L22_SV11,negative,False,418,22,13,0,0,4,11,0.000
GSS,L22_SV11,positive,True,418,22,0,0,0,0,0,
GSS,L22_SV12,negative,True,876,22,7,0,8,0,2,0.000
GSS,L22_SV12,positive,False,876,22,20,1,1,1,25,0.048
GSS,L22_SV13,negative,False,27,22,24,0,3,0,2,0.000
GSS,L22_SV13,positive,True,27,22,2,0,0,1,1,0.000
GSS,L22_SV14,negative,False,984,22,3,1,0,4,0,0.250
GSS,L22_SV14,positive,True,984,22,53,0,0,0,8,0.000
GSS,L22_SV15,negative,True,17,22,2,0,0,4,4,0.000
GSS,L22_SV15,positive,False,17,22,40,2,9,0,5,0.048
GSS,L22_SV16,negative,False,288,22,29,0,1,0,16,0.000
GSS,L22_SV16,positive,True,288,22,18,7,3,0,9,0.280
GSS,L22_SV17,negative,True,159,22,5,0,0,1,5,0.000
GSS,L22_SV17,positive,False,159,22,46,8,2,0,5,0.148
GSS,L22_SV18,negative,True,408,22,2,4,1,0,0,0.667
GSS,L22_SV18,positive,False,408,22,46,0,0,0,8,0.000
GSS,L22_SV19,negative,True,18,22,0,0,0,1,0,
GSS,L22_SV19,positive,False,18,22,15,1,4,0,0,0.062
GSS,L22_SV20,negative,True,19,22,6,0,0,0,3,0.000
GSS,L22_SV20,positive,False,19,22,21,0,6,0,5,0.000
GSS,L22_SV21,negative,True,23,22,2,0,0,0,2,0.000
GSS,L22_SV21,positive,False,23,22,47,0,1,0,11,0.000
GSS,L22_SV22,negative,True,783,22,15,1,1,0,5,0.062
GSS,L22_SV22,positive,False,783,22,38,0,19,0,3,0.000
GSS,L22_SV23,negative,False,1206,22,21,1,36,0,0,0.045
GSS,L22_SV23,positive,True,1206,22,34,0,4,0,13,0.000
GSS,L22_SV24,negative,False,129,22,21,0,16,0,6,0.000
GSS,L22_SV24,positive,True,129,22,2,0,0,0,4,0.000
GSS,L22_SV25,negative,True,239,22,13,3,3,2,2,0.188
GSS,L22_SV25,positive,False,239,22,15,0,5,0,11,0.000
GSS,L22_SV26,negative,True,57,22,1,4,0,1,2,0.800
GSS,L22_SV26,positive,False,57,22,29,0,11,0,1,0.000
GSS,L22_SV27,negative,False,28,22,36,1,2,0,5,0.027
GSS,L22_SV27,positive,True,28,22,25,0,4,0,3,0.000
GSS,L22_SV28,negative,True,46,22,19,0,0,0,13,0.000
GSS,L22_SV28,positive,False,46,22,19,10,5,0,6,0.345
GSS,L22_SV29,negative,False,24,22,36,3,3,0,10,0.077
GSS,L22_SV29,positive,True,24,22,0,0,1,2,6,
GSS,L22_SV30,negative,True,206,22,36,0,0,0,11,0.000
GSS,L22_SV30,positive,False,206,22,8,0,6,1,11,0.000
GSS,L22_SV31,negative,True,150,22,9,0,0,1,15,0.000
GSS,L22_SV31,positive,False,150,22,1,13,29,0,2,0.929
GSS,L22_SV32,negative,False,90,22,21,0,1,1,17,0.000
GSS,L22_SV32,positive,True,90,22,1,0,1,0,0,0.000
GSS,L22_SV33,negative,True,137,22,19,0,0,0,8,0.000
GSS,L22_SV33,positive,False,137,22,19,15,18,0,0,0.441
GSS,L22_SV34,negative,False,34,22,37,7,5,0,11,0.159
GSS,L22_SV34,positive,True,34,22,8,0,1,19,1,0.000
GSS,L22_SV35,negative,True,31,22,10,0,5,0,7,0.000
GSS,L22_SV35,positive,False,31,22,23,0,1,0,12,0.000
GSS,L22_SV36,negative,False,91,22,19,1,9,0,3,0.050
GSS,L22_SV36,positive,True,91,22,9,0,0,0,2,0.000
GSS,L22_SV37,negative,True,132,22,1,0,1,2,1,0.000
GSS,L22_SV37,positive,False,132,22,21,0,30,0,4,0.000
GSS,L22_SV38,negative,False,204,22,25,0,8,0,4,0.000
GSS,L22_SV38,positive,True,204,22,10,0,0,2,6,0.000
GSS,L22_SV39,negative,True,379,22,16,1,0,0,9,0.059
GSS,L22_SV39,positive,False,379,22,0,0,58,0,0,
GSS,L22_SV40,negative,False,538,22,13,0,4,0,15,0.000
GSS,L22_SV40,positive,True,538,22,43,0,9,0,0,0.000
GSS,L22_SV41,negative,True,406,22,0,0,0,0,2,
GSS,L22_SV41,positive,False,406,22,0,1,25,0,0,1.000
GSS,L22_SV42,negative,False,417,22,0,22,26,0,5,1.000
GSS,L22_SV42,positive,True,417,22,12,0,0,0,4,0.000
GSS,L22_SV43,negative,True,26,22,14,0,1,2,2,0.000
GSS,L22_SV43,positive,False,26,22,23,1,17,1,3,0.042
GSS,L22_SV44,negative,False,1235,22,0,0,51,0,0,
GSS,L22_SV44,positive,True,1235,22,7,0,0,0,8,0.000
GSS,L22_SV45,negative,True,66,22,15,0,0,0,4,0.000
GSS,L22_SV45,positive,False,66,22,50,1,2,0,6,0.020
GSS,L22_SV46,negative,True,142,22,3,1,2,0,9,0.250
GSS,L22_SV46,positive,False,142,22,13,9,40,0,1,0.409
GSS,L22_SV47,negative,False,32,22,34,1,1,0,13,0.029
GSS,L22_SV47,positive,True,32,22,18,0,1,0,1,0.000
GSS,L22_SV48,negative,False,7,22,51,0,5,0,1,0.000
GSS,L22_SV48,positive,True,7,22,6,0,0,0,1,0.000
GSS,L22_SV49,negative,False,166,22,9,6,13,0,0,0.400
GSS,L22_SV49,positive,True,166,22,1,0,3,0,0,0.000
GSS,L22_SV50,negative,True,362,22,4,0,1,0,3,0.000
GSS,L22_SV50,positive,False,362,22,46,4,1,0,9,0.080
GSS,L22_SV51,negative,True,1265,22,50,0,2,0,10,0.000
GSS,L22_SV51,positive,False,1265,22,0,1,3,1,2,1.000
GSS,L22_SV52,negative,True,311,22,2,0,6,0,1,0.000
GSS,L22_SV52,positive,False,311,22,46,4,0,0,12,0.080
GSS,L22_SV53,negative,True,13,22,0,0,0,0,0,
GSS,L22_SV53,positive,False,13,22,39,1,0,0,18,0.025
GSS,L22_SV54,negative,False,173,22,11,5,24,1,6,0.312
GSS,L22_SV54,positive,True,173,22,19,0,1,0,3,0.000
GSS,L22_SV55,negative,False,35,22,60,0,0,0,2,0.000
GSS,L22_SV55,positive,True,35,22,1,0,1,0,4,0.000
GSS,L22_SV56,negative,False,298,22,1,0,24,0,3,0.000
GSS,L22_SV56,positive,True,298,22,7,0,3,3,2,0.000
GSS,L22_SV57,negative,False,254,22,47,1,1,0,0,0.021
GSS,L22_SV57,positive,True,254,22,1,5,38,0,0,0.833
GSS,L22_SV58,negative,True,304,22,11,0,0,0,5,0.000
GSS,L22_SV58,positive,False,304,22,18,0,16,0,0,0.000
GSS,L22_SV59,negative,True,5,22,0,0,3,1,0,
GSS,L22_SV59,positive,False,5,22,21,0,24,0,8,0.000
GSS,L22_SV60,negative,True,171,22,0,0,0,0,0,
GSS,L22_SV60,positive,False,171,22,8,1,3,0,5,0.111
GSS,L22_SV61,negative,False,256,22,2,0,8,0,0,0.000
GSS,L22_SV61,positive,True,256,22,6,0,16,0,7,0.000
GSS,L22_SV62,negative,False,180,22,2,0,9,0,1,0.000
GSS,L22_SV62,positive,True,180,22,18,1,3,1,7,0.053
GSS,L22_SV63,negative,True,81,22,5,0,2,0,2,0.000
GSS,L22_SV63,positive,False,81,22,4,7,41,0,0,0.636
GSS,L22_SV64,negative,True,8,22,8,0,33,0,2,0.000
GSS,L22_SV64,positive,False,8,22,11,2,8,0,1,0.154
