event_id,run_id,environment,condition,objective_status,event_type,layer,train_rollouts_in_fold,cv_projection,cv_cosine,effect_norm
impossiblebench__binary_no_rules__s92345__step_03__event_01,impossiblebench__binary_no_rules__s92345,impossiblebench,binary_no_rules,correct,strategy_selection,0,18,-9.156242576041315,-0.10398330230282063,88.05493927001953
impossiblebench__binary_no_rules__s92345__step_03__event_01,impossiblebench__binary_no_rules__s92345,impossiblebench,binary_no_rules,correct,strategy_selection,1,18,-14.685423590559857,-0.1522104355707027,96.4810562133789
impossiblebench__binary_no_rules__s92345__step_03__event_01,impossiblebench__binary_no_rules__s92345,impossiblebench,binary_no_rules,correct,strategy_selection,2,18,-16.198108998858892,-0.14724075909146586,110.01103973388672
impossiblebench__binary_no_rules__s92345__step_03__event_01,impossiblebench__binary_no_rules__s92345,impossiblebench,binary_no_rules,correct,strategy_selection,3,18,-15.502956987436349,-0.12167509777746077,127.41273498535156
impossiblebench__binary_no_rules__s92345__step_03__event_01,impossiblebench__binary_no_rules__s92345,impossiblebench,binary_no_rules,correct,strategy_selection,4,18,-5.162956521596271,-0.033797118970236524,152.76321411132812
impossiblebench__binary_no_rules__s92345__step_03__event_01,impossiblebench__binary_no_rules__s92345,impossiblebench,binary_no_rules,correct,strategy_selection,5,18,-5.572975425320621,-0.02940946647003579,189.4959716796875
impossiblebench__binary_no_rules__s92345__step_03__event_01,impossiblebench__binary_no_rules__s92345,impossiblebench,binary_no_rules,correct,strategy_selection,6,18,-3.6347002392353573,-0.015668674590155987,231.972412109375
impossiblebench__binary_no_rules__s92345__step_03__event_01,impossiblebench__binary_no_rules__s92345,impossiblebench,binary_no_rules,correct,strategy_selection,7,18,-5.028565471392994,-0.01819184047571137,276.4187316894531
impossiblebench__binary_no_rules__s92345__step_03__event_01,impossiblebench__binary_no_rules__s92345,impossiblebench,binary_no_rules,correct,strategy_selection,8,18,-5.522491843066717,-0.016270867856908715,339.4097900390625
impossiblebench__binary_no_rules__s92345__step_03__event_01,impossiblebench__binary_no_rules__s92345,impossiblebench,binary_no_rules,correct,strategy_selection,9,18,21.73023838951582,0.05041717981770921,431.00860595703125
impossiblebench__binary_no_rules__s92345__step_03__event_01,impossiblebench__binary_no_rules__s92345,impossiblebench,binary_no_rules,correct,strategy_selection,10,18,35.56317868890551,0.07141008432233807,498.0133972167969
impossiblebench__binary_no_rules__s92345__step_03__event_01,impossiblebench__binary_no_rules__s92345,impossiblebench,binary_no_rules,correct,strategy_selection,11,18,74.72807925154586,0.12495967005827027,598.017578125
impossiblebench__binary_no_rules__s92345__step_03__event_01,impossiblebench__binary_no_rules__s92345,impossiblebench,binary_no_rules,correct,strategy_selection,12,18,153.2121304351358,0.20415240433942028,750.4791870117188
impossiblebench__binary_no_rules__s92345__step_03__event_01,impossiblebench__binary_no_rules__s92345,impossiblebench,binary_no_rules,correct,strategy_selection,13,18,185.62461847520353,0.1980381821208869,937.3173217773438
impossiblebench__binary_no_rules__s92345__step_03__event_01,impossiblebench__binary_no_rules__s92345,impossiblebench,binary_no_rules,correct,strategy_selection,14,18,275.9933217465881,0.2404043511042957,1148.0379638671875
impossiblebench__binary_no_rules__s92345__step_03__event_01,impossiblebench__binary_no_rules__s92345,impossiblebench,binary_no_rules,correct,strategy_selection,15,18,320.935366806445,0.22071344032649184,1454.0816650390625
impossiblebench__binary_no_rules__s92345__step_03__event_01,impossiblebench__binary_no_rules__s92345,impossiblebench,binary_no_rules,correct,strategy_selection,16,18,289.993476418711,0.1541356541330927,1881.417236328125
impossiblebench__binary_no_rules__s92345__step_03__event_01,impossiblebench__binary_no_rules__s92345,impossiblebench,binary_no_rules,correct,strategy_selection,17,18,409.2931538544435,0.15589594377359997,2625.425537109375
impossiblebench__binary_no_rules__s92345__step_03__event_01,impossiblebench__binary_no_rules__s92345,impossiblebench,binary_no_rules,correct,strategy_selection,18,18,570.1071546168421,0.15859429580982212,3594.751953125
impossiblebench__binary_no_rules__s92345__step_03__event_01,impossiblebench__binary_no_rules__s92345,impossiblebench,binary_no_rules,correct,strategy_selection,19,18,695.9935831154617,0.1413755970815133,4923.01123046875
impossiblebench__binary_no_rules__s92345__step_03__event_01,impossiblebench__binary_no_rules__s92345,impossiblebench,binary_no_rules,correct,strategy_selection,20,18,1039.62594007008,0.16704067725143604,6223.7890625
impossiblebench__binary_no_rules__s92345__step_03__event_01,impossiblebench__binary_no_rules__s92345,impossiblebench,binary_no_rules,correct,strategy_selection,21,18,1353.9028883301944,0.17481186716914515,7744.91455078125
impossiblebench__binary_no_rules__s92345__step_03__event_01,impossiblebench__binary_no_rules__s92345,impossiblebench,binary_no_rules,correct,strategy_selection,22,18,1650.8285089635065,0.17594644415782004,9382.5625
impossiblebench__binary_no_rules__s92345__step_08__event_01,impossiblebench__binary_no_rules__s92345,impossiblebench,binary_no_rules,incorrect,hypothesis_revision,0,18,24.00763943331215,0.2271463706981739,105.69237518310547
impossiblebench__binary_no_rules__s92345__step_08__event_01,impossiblebench__binary_no_rules__s92345,impossiblebench,binary_no_rules,incorrect,hypothesis_revision,1,18,17.113629759391046,0.15085600946213024,113.44347381591797
impossiblebench__binary_no_rules__s92345__step_08__event_01,impossiblebench__binary_no_rules__s92345,impossiblebench,binary_no_rules,incorrect,hypothesis_revision,2,18,20.396623228141497,0.16090388165278352,126.76277923583984
impossiblebench__binary_no_rules__s92345__step_08__event_01,impossiblebench__binary_no_rules__s92345,impossiblebench,binary_no_rules,incorrect,hypothesis_revision,3,18,20.939218003406687,0.1470747520853255,142.3712615966797
impossiblebench__binary_no_rules__s92345__step_08__event_01,impossiblebench__binary_no_rules__s92345,impossiblebench,binary_no_rules,incorrect,hypothesis_revision,4,18,24.512334684642184,0.1513194591419195,161.9906463623047
impossiblebench__binary_no_rules__s92345__step_08__event_01,impossiblebench__binary_no_rules__s92345,impossiblebench,binary_no_rules,incorrect,hypothesis_revision,5,18,20.61316289892821,0.10792969098555094,190.98695373535156
impossiblebench__binary_no_rules__s92345__step_08__event_01,impossiblebench__binary_no_rules__s92345,impossiblebench,binary_no_rules,incorrect,hypothesis_revision,6,18,14.522106138086542,0.06559376625830421,221.3946075439453
impossiblebench__binary_no_rules__s92345__step_08__event_01,impossiblebench__binary_no_rules__s92345,impossiblebench,binary_no_rules,incorrect,hypothesis_revision,7,18,30.339316848702907,0.11386638281335365,266.4466552734375
impossiblebench__binary_no_rules__s92345__step_08__event_01,impossiblebench__binary_no_rules__s92345,impossiblebench,binary_no_rules,incorrect,hypothesis_revision,8,18,29.31873818749264,0.09598147629394535,305.4624328613281
impossiblebench__binary_no_rules__s92345__step_08__event_01,impossiblebench__binary_no_rules__s92345,impossiblebench,binary_no_rules,incorrect,hypothesis_revision,9,18,51.951579560273785,0.1428536964813302,363.6698303222656
impossiblebench__binary_no_rules__s92345__step_08__event_01,impossiblebench__binary_no_rules__s92345,impossiblebench,binary_no_rules,incorrect,hypothesis_revision,10,18,73.70398240346958,0.17491140627212418,421.3789367675781
impossiblebench__binary_no_rules__s92345__step_08__event_01,impossiblebench__binary_no_rules__s92345,impossiblebench,binary_no_rules,incorrect,hypothesis_revision,11,18,120.7121640318245,0.233703579972126,516.5182495117188
impossiblebench__binary_no_rules__s92345__step_08__event_01,impossiblebench__binary_no_rules__s92345,impossiblebench,binary_no_rules,incorrect,hypothesis_revision,12,18,131.7941967571321,0.21670068268975118,608.1854248046875
impossiblebench__binary_no_rules__s92345__step_08__event_01,impossiblebench__binary_no_rules__s92345,impossiblebench,binary_no_rules,incorrect,hypothesis_revision,13,18,182.88093839177782,0.23146463664573622,790.1031494140625
impossiblebench__binary_no_rules__s92345__step_08__event_01,impossiblebench__binary_no_rules__s92345,impossiblebench,binary_no_rules,incorrect,hypothesis_revision,14,18,155.99734184327008,0.16015962499797984,974.0115966796875
impossiblebench__binary_no_rules__s92345__step_08__event_01,impossiblebench__binary_no_rules__s92345,impossiblebench,binary_no_rules,incorrect,hypothesis_revision,15,18,185.18347876185635,0.15104002549790949,1226.0556640625
impossiblebench__binary_no_rules__s92345__step_08__event_01,impossiblebench__binary_no_rules__s92345,impossiblebench,binary_no_rules,incorrect,hypothesis_revision,16,18,146.79291687531804,0.08725748327634253,1682.2960205078125
impossiblebench__binary_no_rules__s92345__step_08__event_01,impossiblebench__binary_no_rules__s92345,impossiblebench,binary_no_rules,incorrect,hypothesis_revision,17,18,123.9003020572145,0.05398618103858716,2295.037353515625
impossiblebench__binary_no_rules__s92345__step_08__event_01,impossiblebench__binary_no_rules__s92345,impossiblebench,binary_no_rules,incorrect,hypothesis_revision,18,18,220.5188531979511,0.07181833151428174,3070.50927734375
impossiblebench__binary_no_rules__s92345__step_08__event_01,impossiblebench__binary_no_rules__s92345,impossiblebench,binary_no_rules,incorrect,hypothesis_revision,19,18,408.47713640225993,0.10021247628385266,4076.110595703125
impossiblebench__binary_no_rules__s92345__step_08__event_01,impossiblebench__binary_no_rules__s92345,impossiblebench,binary_no_rules,incorrect,hypothesis_revision,20,18,576.682861638903,0.11302688341802743,5102.17431640625
impossiblebench__binary_no_rules__s92345__step_08__event_01,impossiblebench__binary_no_rules__s92345,impossiblebench,binary_no_rules,incorrect,hypothesis_revision,21,18,683.3940217138479,0.11261785635964373,6068.255859375
impossiblebench__binary_no_rules__s92345__step_08__event_01,impossiblebench__binary_no_rules__s92345,impossiblebench,binary_no_rules,incorrect,hypothesis_revision,22,18,791.3075999052771,0.11259525827922934,7027.89501953125
impossiblebench__binary_no_rules__s92346__step_04__event_01,impossiblebench__binary_no_rules__s92346,impossiblebench,binary_no_rules,correct,strategy_selection,0,18,-19.90270079172327,-0.22814130736490362,87.23847961425781
impossiblebench__binary_no_rules__s92346__step_04__event_01,impossiblebench__binary_no_rules__s92346,impossiblebench,binary_no_rules,correct,strategy_selection,1,18,-36.04710280085967,-0.36565679186892835,98.58179473876953
impossiblebench__binary_no_rules__s92346__step_04__event_01,impossiblebench__binary_no_rules__s92346,impossiblebench,binary_no_rules,correct,strategy_selection,2,18,-33.89507684498693,-0.2899974198203764,116.88062286376953
impossiblebench__binary_no_rules__s92346__step_04__event_01,impossiblebench__binary_no_rules__s92346,impossiblebench,binary_no_rules,correct,strategy_selection,3,18,-45.24908041961476,-0.3276186049778062,138.1151123046875
impossiblebench__binary_no_rules__s92346__step_04__event_01,impossiblebench__binary_no_rules__s92346,impossiblebench,binary_no_rules,correct,strategy_selection,4,18,-35.81247801783114,-0.21338380578514715,167.83128356933594
impossiblebench__binary_no_rules__s92346__step_04__event_01,impossiblebench__binary_no_rules__s92346,impossiblebench,binary_no_rules,correct,strategy_selection,5,18,-37.22714170244376,-0.17516384621071807,212.5275421142578
impossiblebench__binary_no_rules__s92346__step_04__event_01,impossiblebench__binary_no_rules__s92346,impossiblebench,binary_no_rules,correct,strategy_selection,6,18,-21.753487330278944,-0.08659078863546661,251.2217254638672
impossiblebench__binary_no_rules__s92346__step_04__event_01,impossiblebench__binary_no_rules__s92346,impossiblebench,binary_no_rules,correct,strategy_selection,7,18,-29.678546644108962,-0.10098493298790967,293.8908386230469
impossiblebench__binary_no_rules__s92346__step_04__event_01,impossiblebench__binary_no_rules__s92346,impossiblebench,binary_no_rules,correct,strategy_selection,8,18,-6.925870446340468,-0.019880836250880236,348.3691711425781
impossiblebench__binary_no_rules__s92346__step_04__event_01,impossiblebench__binary_no_rules__s92346,impossiblebench,binary_no_rules,correct,strategy_selection,9,18,17.245807814408877,0.041136648079396536,419.2322082519531
impossiblebench__binary_no_rules__s92346__step_04__event_01,impossiblebench__binary_no_rules__s92346,impossiblebench,binary_no_rules,correct,strategy_selection,10,18,50.66592554280578,0.09883977836801174,512.6066284179688
impossiblebench__binary_no_rules__s92346__step_04__event_01,impossiblebench__binary_no_rules__s92346,impossiblebench,binary_no_rules,correct,strategy_selection,11,18,58.319950022863395,0.09287922439208685,627.9116821289062
impossiblebench__binary_no_rules__s92346__step_04__event_01,impossiblebench__binary_no_rules__s92346,impossiblebench,binary_no_rules,correct,strategy_selection,12,18,126.61489549953001,0.1586746396334049,797.9530029296875
impossiblebench__binary_no_rules__s92346__step_04__event_01,impossiblebench__binary_no_rules__s92346,impossiblebench,binary_no_rules,correct,strategy_selection,13,18,137.09323467846843,0.14030657553819578,977.0977172851562
impossiblebench__binary_no_rules__s92346__step_04__event_01,impossiblebench__binary_no_rules__s92346,impossiblebench,binary_no_rules,correct,strategy_selection,14,18,166.9314236091468,0.14365851603737306,1162.0015869140625
impossiblebench__binary_no_rules__s92346__step_04__event_01,impossiblebench__binary_no_rules__s92346,impossiblebench,binary_no_rules,correct,strategy_selection,15,18,202.74702393509688,0.13632362200923737,1487.2479248046875
impossiblebench__binary_no_rules__s92346__step_04__event_01,impossiblebench__binary_no_rules__s92346,impossiblebench,binary_no_rules,correct,strategy_selection,16,18,152.3033316963042,0.08162777664561233,1865.8272705078125
impossiblebench__binary_no_rules__s92346__step_04__event_01,impossiblebench__binary_no_rules__s92346,impossiblebench,binary_no_rules,correct,strategy_selection,17,18,249.24162855810073,0.09104450698984089,2737.580322265625
impossiblebench__binary_no_rules__s92346__step_04__event_01,impossiblebench__binary_no_rules__s92346,impossiblebench,binary_no_rules,correct,strategy_selection,18,18,197.03774853516734,0.05264157820904948,3743.006103515625
impossiblebench__binary_no_rules__s92346__step_04__event_01,impossiblebench__binary_no_rules__s92346,impossiblebench,binary_no_rules,correct,strategy_selection,19,18,107.35907485129428,0.02094517273780563,5125.71923828125
impossiblebench__binary_no_rules__s92346__step_04__event_01,impossiblebench__binary_no_rules__s92346,impossiblebench,binary_no_rules,correct,strategy_selection,20,18,150.48479490267027,0.02337765126386127,6437.12158203125
impossiblebench__binary_no_rules__s92346__step_04__event_01,impossiblebench__binary_no_rules__s92346,impossiblebench,binary_no_rules,correct,strategy_selection,21,18,146.23813937878504,0.01899435345578208,7699.0322265625
impossiblebench__binary_no_rules__s92346__step_04__event_01,impossiblebench__binary_no_rules__s92346,impossiblebench,binary_no_rules,correct,strategy_selection,22,18,195.6707291774759,0.022267889574516794,8787.125
impossiblebench__binary_no_rules__s92346__step_06__event_01,impossiblebench__binary_no_rules__s92346,impossiblebench,binary_no_rules,correct,failure_diagnosis,0,18,4.530391751707207,0.05409246083604745,83.75273895263672
impossiblebench__binary_no_rules__s92346__step_06__event_01,impossiblebench__binary_no_rules__s92346,impossiblebench,binary_no_rules,correct,failure_diagnosis,1,18,0.24761605939285047,0.0027265653960242696,90.81610870361328
impossiblebench__binary_no_rules__s92346__step_06__event_01,impossiblebench__binary_no_rules__s92346,impossiblebench,binary_no_rules,correct,failure_diagnosis,2,18,-2.3362361091178556,-0.021091625653745772,110.76605987548828
impossiblebench__binary_no_rules__s92346__step_06__event_01,impossiblebench__binary_no_rules__s92346,impossiblebench,binary_no_rules,correct,failure_diagnosis,3,18,-13.997601186070035,-0.10879947408524518,128.65504455566406
impossiblebench__binary_no_rules__s92346__step_06__event_01,impossiblebench__binary_no_rules__s92346,impossiblebench,binary_no_rules,correct,failure_diagnosis,4,18,-4.796222766223309,-0.031560322735574235,151.9700164794922
impossiblebench__binary_no_rules__s92346__step_06__event_01,impossiblebench__binary_no_rules__s92346,impossiblebench,binary_no_rules,correct,failure_diagnosis,5,18,-14.897543956212203,-0.0826031559213297,180.3507843017578
impossiblebench__binary_no_rules__s92346__step_06__event_01,impossiblebench__binary_no_rules__s92346,impossiblebench,binary_no_rules,correct,failure_diagnosis,6,18,-33.28294726094782,-0.15464763161759137,215.21795654296875
impossiblebench__binary_no_rules__s92346__step_06__event_01,impossiblebench__binary_no_rules__s92346,impossiblebench,binary_no_rules,correct,failure_diagnosis,7,18,-33.46192027913219,-0.1299115298601804,257.5746765136719
impossiblebench__binary_no_rules__s92346__step_06__event_01,impossiblebench__binary_no_rules__s92346,impossiblebench,binary_no_rules,correct,failure_diagnosis,8,18,-26.4620472387968,-0.08534936046384223,310.04388427734375
impossiblebench__binary_no_rules__s92346__step_06__event_01,impossiblebench__binary_no_rules__s92346,impossiblebench,binary_no_rules,correct,failure_diagnosis,9,18,-36.668838866930855,-0.09813584669509366,373.6539001464844
impossiblebench__binary_no_rules__s92346__step_06__event_01,impossiblebench__binary_no_rules__s92346,impossiblebench,binary_no_rules,correct,failure_diagnosis,10,18,-17.47915538528082,-0.03969572848416362,440.328369140625
impossiblebench__binary_no_rules__s92346__step_06__event_01,impossiblebench__binary_no_rules__s92346,impossiblebench,binary_no_rules,correct,failure_diagnosis,11,18,-48.63168655256413,-0.09512648186859703,511.2318420410156
impossiblebench__binary_no_rules__s92346__step_06__event_01,impossiblebench__binary_no_rules__s92346,impossiblebench,binary_no_rules,correct,failure_diagnosis,12,18,-34.16548398666832,-0.05405279016641119,632.0762329101562
impossiblebench__binary_no_rules__s92346__step_06__event_01,impossiblebench__binary_no_rules__s92346,impossiblebench,binary_no_rules,correct,failure_diagnosis,13,18,-30.645881967347577,-0.03707835130846832,826.516845703125
impossiblebench__binary_no_rules__s92346__step_06__event_01,impossiblebench__binary_no_rules__s92346,impossiblebench,binary_no_rules,correct,failure_diagnosis,14,18,50.11204743905,0.04820838698018065,1039.488037109375
impossiblebench__binary_no_rules__s92346__step_06__event_01,impossiblebench__binary_no_rules__s92346,impossiblebench,binary_no_rules,correct,failure_diagnosis,15,18,56.480404695689685,0.044236551324449695,1276.7813720703125
impossiblebench__binary_no_rules__s92346__step_06__event_01,impossiblebench__binary_no_rules__s92346,impossiblebench,binary_no_rules,correct,failure_diagnosis,16,18,135.08608188631183,0.08124419151848344,1662.716796875
impossiblebench__binary_no_rules__s92346__step_06__event_01,impossiblebench__binary_no_rules__s92346,impossiblebench,binary_no_rules,correct,failure_diagnosis,17,18,215.24979931840062,0.09539741309412786,2256.348388671875
impossiblebench__binary_no_rules__s92346__step_06__event_01,impossiblebench__binary_no_rules__s92346,impossiblebench,binary_no_rules,correct,failure_diagnosis,18,18,454.73450165600207,0.15256001157047627,2980.692626953125
impossiblebench__binary_no_rules__s92346__step_06__event_01,impossiblebench__binary_no_rules__s92346,impossiblebench,binary_no_rules,correct,failure_diagnosis,19,18,490.6266691975179,0.13122599552484268,3738.791748046875
impossiblebench__binary_no_rules__s92346__step_06__event_01,impossiblebench__binary_no_rules__s92346,impossiblebench,binary_no_rules,correct,failure_diagnosis,20,18,803.1459235070624,0.15731627900287565,5105.29443359375
impossiblebench__binary_no_rules__s92346__step_06__event_01,impossiblebench__binary_no_rules__s92346,impossiblebench,binary_no_rules,correct,failure_diagnosis,21,18,881.9714390987792,0.145611022695328,6057.0380859375
impossiblebench__binary_no_rules__s92346__step_06__event_01,impossiblebench__binary_no_rules__s92346,impossiblebench,binary_no_rules,correct,failure_diagnosis,22,18,873.2428621411701,0.12300272090454638,7099.37841796875
impossiblebench__binary_no_rules__s92346__step_08__event_01,impossiblebench__binary_no_rules__s92346,impossiblebench,binary_no_rules,incorrect,hypothesis_revision,0,18,21.67011479166758,0.2655666766653567,81.59952545166016
impossiblebench__binary_no_rules__s92346__step_08__event_01,impossiblebench__binary_no_rules__s92346,impossiblebench,binary_no_rules,incorrect,hypothesis_revision,1,18,30.063210823100253,0.3268981089094307,91.96508026123047
impossiblebench__binary_no_rules__s92346__step_08__event_01,impossiblebench__binary_no_rules__s92346,impossiblebench,binary_no_rules,incorrect,hypothesis_revision,2,18,27.719412019385416,0.2605195716864228,106.40049743652344
impossiblebench__binary_no_rules__s92346__step_08__event_01,impossiblebench__binary_no_rules__s92346,impossiblebench,binary_no_rules,incorrect,hypothesis_revision,3,18,49.81559419071969,0.36982532421255787,134.70033264160156
impossiblebench__binary_no_rules__s92346__step_08__event_01,impossiblebench__binary_no_rules__s92346,impossiblebench,binary_no_rules,incorrect,hypothesis_revision,4,18,42.97089616779337,0.27831789068232177,154.39500427246094
impossiblebench__binary_no_rules__s92346__step_08__event_01,impossiblebench__binary_no_rules__s92346,impossiblebench,binary_no_rules,incorrect,hypothesis_revision,5,18,38.91135342886162,0.2178541391832955,178.61195373535156
impossiblebench__binary_no_rules__s92346__step_08__event_01,impossiblebench__binary_no_rules__s92346,impossiblebench,binary_no_rules,incorrect,hypothesis_revision,6,18,38.58927328068913,0.1792471405693599,215.28529357910156
impossiblebench__binary_no_rules__s92346__step_08__event_01,impossiblebench__binary_no_rules__s92346,impossiblebench,binary_no_rules,incorrect,hypothesis_revision,7,18,46.085666955774684,0.18578490479029036,248.0592498779297
impossiblebench__binary_no_rules__s92346__step_08__event_01,impossiblebench__binary_no_rules__s92346,impossiblebench,binary_no_rules,incorrect,hypothesis_revision,8,18,49.042188538806414,0.17214445329090305,284.8897399902344
impossiblebench__binary_no_rules__s92346__step_08__event_01,impossiblebench__binary_no_rules__s92346,impossiblebench,binary_no_rules,incorrect,hypothesis_revision,9,18,66.50923567458369,0.2032480936605384,327.2317810058594
impossiblebench__binary_no_rules__s92346__step_08__event_01,impossiblebench__binary_no_rules__s92346,impossiblebench,binary_no_rules,incorrect,hypothesis_revision,10,18,55.68162768879711,0.14850384613559298,374.95074462890625
impossiblebench__binary_no_rules__s92346__step_08__event_01,impossiblebench__binary_no_rules__s92346,impossiblebench,binary_no_rules,incorrect,hypothesis_revision,11,18,49.059859810160106,0.10738283969441365,456.86871337890625
impossiblebench__binary_no_rules__s92346__step_08__event_01,impossiblebench__binary_no_rules__s92346,impossiblebench,binary_no_rules,incorrect,hypothesis_revision,12,18,58.96880746396846,0.09831641019936302,599.7860107421875
impossiblebench__binary_no_rules__s92346__step_08__event_01,impossiblebench__binary_no_rules__s92346,impossiblebench,binary_no_rules,incorrect,hypothesis_revision,13,18,80.8728512850721,0.10795891559249542,749.1076049804688
impossiblebench__binary_no_rules__s92346__step_08__event_01,impossiblebench__binary_no_rules__s92346,impossiblebench,binary_no_rules,incorrect,hypothesis_revision,14,18,123.97924987587612,0.12956170339493903,956.9127807617188
impossiblebench__binary_no_rules__s92346__step_08__event_01,impossiblebench__binary_no_rules__s92346,impossiblebench,binary_no_rules,incorrect,hypothesis_revision,15,18,163.49127846751253,0.12967945114335208,1260.7340087890625
impossiblebench__binary_no_rules__s92346__step_08__event_01,impossiblebench__binary_no_rules__s92346,impossiblebench,binary_no_rules,incorrect,hypothesis_revision,16,18,311.09418801880383,0.15281853144253535,2035.7098388671875
impossiblebench__binary_no_rules__s92346__step_08__event_01,impossiblebench__binary_no_rules__s92346,impossiblebench,binary_no_rules,incorrect,hypothesis_revision,17,18,426.25692731103004,0.14431747793914657,2953.605712890625
impossiblebench__binary_no_rules__s92346__step_08__event_01,impossiblebench__binary_no_rules__s92346,impossiblebench,binary_no_rules,incorrect,hypothesis_revision,18,18,694.2329456893349,0.17375405970800928,3995.491943359375
impossiblebench__binary_no_rules__s92346__step_08__event_01,impossiblebench__binary_no_rules__s92346,impossiblebench,binary_no_rules,incorrect,hypothesis_revision,19,18,986.9651238582956,0.19214078876137097,5136.6767578125
impossiblebench__binary_no_rules__s92346__step_08__event_01,impossiblebench__binary_no_rules__s92346,impossiblebench,binary_no_rules,incorrect,hypothesis_revision,20,18,1149.1517494010805,0.17841699981732817,6440.81982421875
impossiblebench__binary_no_rules__s92346__step_08__event_01,impossiblebench__binary_no_rules__s92346,impossiblebench,binary_no_rules,incorrect,hypothesis_revision,21,18,1207.5788097050054,0.16491760574569614,7322.31640625
impossiblebench__binary_no_rules__s92346__step_08__event_01,impossiblebench__binary_no_rules__s92346,impossiblebench,binary_no_rules,incorrect,hypothesis_revision,22,18,1322.786697893355,0.15454681296235057,8559.1328125
impossiblebench__binary_rules__s102345__step_03__event_01,impossiblebench__binary_rules__s102345,impossiblebench,binary_rules,correct,strategy_selection,0,18,34.23712954443531,0.35271374775744085,97.0677490234375
impossiblebench__binary_rules__s102345__step_03__event_01,impossiblebench__binary_rules__s102345,impossiblebench,binary_rules,correct,strategy_selection,1,18,27.520878470920888,0.24708012141204233,111.38443756103516
impossiblebench__binary_rules__s102345__step_03__event_01,impossiblebench__binary_rules__s102345,impossiblebench,binary_rules,correct,strategy_selection,2,18,33.5623989557486,0.2605245084561159,128.82626342773438
impossiblebench__binary_rules__s102345__step_03__event_01,impossiblebench__binary_rules__s102345,impossiblebench,binary_rules,correct,strategy_selection,3,18,38.96634158299534,0.25651093072474035,151.90908813476562
impossiblebench__binary_rules__s102345__step_03__event_01,impossiblebench__binary_rules__s102345,impossiblebench,binary_rules,correct,strategy_selection,4,18,47.72975368402865,0.26754337997439376,178.40005493164062
impossiblebench__binary_rules__s102345__step_03__event_01,impossiblebench__binary_rules__s102345,impossiblebench,binary_rules,correct,strategy_selection,5,18,51.440469959215704,0.23715468064600403,216.90684509277344
impossiblebench__binary_rules__s102345__step_03__event_01,impossiblebench__binary_rules__s102345,impossiblebench,binary_rules,correct,strategy_selection,6,18,63.6842751818399,0.24141406217128197,263.796875
impossiblebench__binary_rules__s102345__step_03__event_01,impossiblebench__binary_rules__s102345,impossiblebench,binary_rules,correct,strategy_selection,7,18,58.207660851343746,0.1869306743109166,311.3863220214844
impossiblebench__binary_rules__s102345__step_03__event_01,impossiblebench__binary_rules__s102345,impossiblebench,binary_rules,correct,strategy_selection,8,18,65.56933383215846,0.17405698279316292,376.7118835449219
impossiblebench__binary_rules__s102345__step_03__event_01,impossiblebench__binary_rules__s102345,impossiblebench,binary_rules,correct,strategy_selection,9,18,59.82992141020651,0.13343902679829112,448.3689880371094
impossiblebench__binary_rules__s102345__step_03__event_01,impossiblebench__binary_rules__s102345,impossiblebench,binary_rules,correct,strategy_selection,10,18,118.92482146227053,0.2078127369559617,572.2691040039062
impossiblebench__binary_rules__s102345__step_03__event_01,impossiblebench__binary_rules__s102345,impossiblebench,binary_rules,correct,strategy_selection,11,18,110.63163198233542,0.1663345483862652,665.1151733398438
impossiblebench__binary_rules__s102345__step_03__event_01,impossiblebench__binary_rules__s102345,impossiblebench,binary_rules,correct,strategy_selection,12,18,137.1822571315497,0.1660730233219059,826.0357666015625
impossiblebench__binary_rules__s102345__step_03__event_01,impossiblebench__binary_rules__s102345,impossiblebench,binary_rules,correct,strategy_selection,13,18,170.0131139016412,0.16444469766646252,1033.8619384765625
impossiblebench__binary_rules__s102345__step_03__event_01,impossiblebench__binary_rules__s102345,impossiblebench,binary_rules,correct,strategy_selection,14,18,215.9212950761821,0.1689402362360989,1278.0927734375
impossiblebench__binary_rules__s102345__step_03__event_01,impossiblebench__binary_rules__s102345,impossiblebench,binary_rules,correct,strategy_selection,15,18,207.98552942323658,0.13142454142924953,1582.547119140625
impossiblebench__binary_rules__s102345__step_03__event_01,impossiblebench__binary_rules__s102345,impossiblebench,binary_rules,correct,strategy_selection,16,18,305.86393045169825,0.1479526156128494,2067.31005859375
impossiblebench__binary_rules__s102345__step_03__event_01,impossiblebench__binary_rules__s102345,impossiblebench,binary_rules,correct,strategy_selection,17,18,440.8864989362046,0.15742142899544395,2800.676513671875
impossiblebench__binary_rules__s102345__step_03__event_01,impossiblebench__binary_rules__s102345,impossiblebench,binary_rules,correct,strategy_selection,18,18,699.1555684433115,0.1827076938019429,3826.634521484375
impossiblebench__binary_rules__s102345__step_03__event_01,impossiblebench__binary_rules__s102345,impossiblebench,binary_rules,correct,strategy_selection,19,18,612.0456827895614,0.12123737261574623,5048.3251953125
impossiblebench__binary_rules__s102345__step_03__event_01,impossiblebench__binary_rules__s102345,impossiblebench,binary_rules,correct,strategy_selection,20,18,1000.0218856801221,0.16199174792491294,6173.2890625
impossiblebench__binary_rules__s102345__step_03__event_01,impossiblebench__binary_rules__s102345,impossiblebench,binary_rules,correct,strategy_selection,21,18,1055.9160810486064,0.14169790990999587,7451.8818359375
impossiblebench__binary_rules__s102345__step_03__event_01,impossiblebench__binary_rules__s102345,impossiblebench,binary_rules,correct,strategy_selection,22,18,1038.8878780481682,0.11779734069011216,8819.28125
impossiblebench__binary_rules__s102345__step_05__event_01,impossiblebench__binary_rules__s102345,impossiblebench,binary_rules,correct,failure_diagnosis,0,18,29.28690235030333,0.28423241074869193,103.03857421875
impossiblebench__binary_rules__s102345__step_05__event_01,impossiblebench__binary_rules__s102345,impossiblebench,binary_rules,correct,failure_diagnosis,1,18,23.60936858820646,0.20223449739259952,116.74254608154297
impossiblebench__binary_rules__s102345__step_05__event_01,impossiblebench__binary_rules__s102345,impossiblebench,binary_rules,correct,failure_diagnosis,2,18,11.890863405822053,0.08749758167381917,135.8993377685547
impossiblebench__binary_rules__s102345__step_05__event_01,impossiblebench__binary_rules__s102345,impossiblebench,binary_rules,correct,failure_diagnosis,3,18,3.395465067404359,0.022023432124779255,154.17510986328125
impossiblebench__binary_rules__s102345__step_05__event_01,impossiblebench__binary_rules__s102345,impossiblebench,binary_rules,correct,failure_diagnosis,4,18,15.88492552396901,0.08628240407296092,184.10389709472656
impossiblebench__binary_rules__s102345__step_05__event_01,impossiblebench__binary_rules__s102345,impossiblebench,binary_rules,correct,failure_diagnosis,5,18,4.514216642941871,0.02158218408852075,209.16403198242188
impossiblebench__binary_rules__s102345__step_05__event_01,impossiblebench__binary_rules__s102345,impossiblebench,binary_rules,correct,failure_diagnosis,6,18,2.465282023145221,0.009975895953189817,247.12387084960938
impossiblebench__binary_rules__s102345__step_05__event_01,impossiblebench__binary_rules__s102345,impossiblebench,binary_rules,correct,failure_diagnosis,7,18,4.880189168856305,0.016564977821046552,294.60888671875
impossiblebench__binary_rules__s102345__step_05__event_01,impossiblebench__binary_rules__s102345,impossiblebench,binary_rules,correct,failure_diagnosis,8,18,-2.475038501476888,-0.007063592280691022,350.39373779296875
impossiblebench__binary_rules__s102345__step_05__event_01,impossiblebench__binary_rules__s102345,impossiblebench,binary_rules,correct,failure_diagnosis,9,18,-2.385626554412738,-0.005859711290512746,407.12353515625
impossiblebench__binary_rules__s102345__step_05__event_01,impossiblebench__binary_rules__s102345,impossiblebench,binary_rules,correct,failure_diagnosis,10,18,-9.590455071291217,-0.019386204654296902,494.7051696777344
impossiblebench__binary_rules__s102345__step_05__event_01,impossiblebench__binary_rules__s102345,impossiblebench,binary_rules,correct,failure_diagnosis,11,18,5.775962924002158,0.010206759209845267,565.8958129882812
impossiblebench__binary_rules__s102345__step_05__event_01,impossiblebench__binary_rules__s102345,impossiblebench,binary_rules,correct,failure_diagnosis,12,18,-40.38172965025433,-0.060516977142415065,667.2793579101562
impossiblebench__binary_rules__s102345__step_05__event_01,impossiblebench__binary_rules__s102345,impossiblebench,binary_rules,correct,failure_diagnosis,13,18,-25.53418974702072,-0.0310204557336411,823.140380859375
impossiblebench__binary_rules__s102345__step_05__event_01,impossiblebench__binary_rules__s102345,impossiblebench,binary_rules,correct,failure_diagnosis,14,18,-17.274993376940984,-0.01722576054679421,1002.8580932617188
impossiblebench__binary_rules__s102345__step_05__event_01,impossiblebench__binary_rules__s102345,impossiblebench,binary_rules,correct,failure_diagnosis,15,18,-6.308221908537234,-0.004944366746937983,1275.8402099609375
impossiblebench__binary_rules__s102345__step_05__event_01,impossiblebench__binary_rules__s102345,impossiblebench,binary_rules,correct,failure_diagnosis,16,18,-37.845600322302744,-0.022100416183171517,1712.438232421875
impossiblebench__binary_rules__s102345__step_05__event_01,impossiblebench__binary_rules__s102345,impossiblebench,binary_rules,correct,failure_diagnosis,17,18,6.72430176117814,0.0027579655382515156,2438.138427734375
impossiblebench__binary_rules__s102345__step_05__event_01,impossiblebench__binary_rules__s102345,impossiblebench,binary_rules,correct,failure_diagnosis,18,18,190.0169250670806,0.05752073064825391,3303.451171875
impossiblebench__binary_rules__s102345__step_05__event_01,impossiblebench__binary_rules__s102345,impossiblebench,binary_rules,correct,failure_diagnosis,19,18,356.24322306728936,0.08258888955017955,4313.4521484375
impossiblebench__binary_rules__s102345__step_05__event_01,impossiblebench__binary_rules__s102345,impossiblebench,binary_rules,correct,failure_diagnosis,20,18,747.0412499444355,0.13999243278397167,5336.29736328125
impossiblebench__binary_rules__s102345__step_05__event_01,impossiblebench__binary_rules__s102345,impossiblebench,binary_rules,correct,failure_diagnosis,21,18,907.6073805004926,0.1384347745882462,6556.20947265625
impossiblebench__binary_rules__s102345__step_05__event_01,impossiblebench__binary_rules__s102345,impossiblebench,binary_rules,correct,failure_diagnosis,22,18,771.1309076980015,0.09788820338278852,7877.66943359375
impossiblebench__binary_rules__s102345__step_08__event_01,impossiblebench__binary_rules__s102345,impossiblebench,binary_rules,incorrect,hypothesis_revision,0,18,9.189917740982075,0.1211649159102795,75.84635925292969
impossiblebench__binary_rules__s102345__step_08__event_01,impossiblebench__binary_rules__s102345,impossiblebench,binary_rules,incorrect,hypothesis_revision,1,18,12.473343915935278,0.14829020051614017,84.11441802978516
impossiblebench__binary_rules__s102345__step_08__event_01,impossiblebench__binary_rules__s102345,impossiblebench,binary_rules,incorrect,hypothesis_revision,2,18,3.633378753899073,0.03733942105875599,97.30677795410156
impossiblebench__binary_rules__s102345__step_08__event_01,impossiblebench__binary_rules__s102345,impossiblebench,binary_rules,incorrect,hypothesis_revision,3,18,5.546752567346976,0.04562612402449464,121.56966400146484
impossiblebench__binary_rules__s102345__step_08__event_01,impossiblebench__binary_rules__s102345,impossiblebench,binary_rules,incorrect,hypothesis_revision,4,18,5.520701169172696,0.03644957071794369,151.4613494873047
impossiblebench__binary_rules__s102345__step_08__event_01,impossiblebench__binary_rules__s102345,impossiblebench,binary_rules,incorrect,hypothesis_revision,5,18,11.56408602735604,0.06019584014077279,192.10772705078125
impossiblebench__binary_rules__s102345__step_08__event_01,impossiblebench__binary_rules__s102345,impossiblebench,binary_rules,incorrect,hypothesis_revision,6,18,19.191602464361495,0.08242596021481793,232.83445739746094
impossiblebench__binary_rules__s102345__step_08__event_01,impossiblebench__binary_rules__s102345,impossiblebench,binary_rules,incorrect,hypothesis_revision,7,18,40.52020053046937,0.1411550336203198,287.0616760253906
impossiblebench__binary_rules__s102345__step_08__event_01,impossiblebench__binary_rules__s102345,impossiblebench,binary_rules,incorrect,hypothesis_revision,8,18,40.029391708647154,0.11862908588125216,337.4331970214844
impossiblebench__binary_rules__s102345__step_08__event_01,impossiblebench__binary_rules__s102345,impossiblebench,binary_rules,incorrect,hypothesis_revision,9,18,66.50233417736376,0.15325975394756622,433.9190979003906
impossiblebench__binary_rules__s102345__step_08__event_01,impossiblebench__binary_rules__s102345,impossiblebench,binary_rules,incorrect,hypothesis_revision,10,18,95.65954829044699,0.18995649725857883,503.58660888671875
impossiblebench__binary_rules__s102345__step_08__event_01,impossiblebench__binary_rules__s102345,impossiblebench,binary_rules,incorrect,hypothesis_revision,11,18,153.57149239860178,0.24123981335439817,636.5925903320312
impossiblebench__binary_rules__s102345__step_08__event_01,impossiblebench__binary_rules__s102345,impossiblebench,binary_rules,incorrect,hypothesis_revision,12,18,160.8410097634321,0.21142606326947047,760.7435302734375
impossiblebench__binary_rules__s102345__step_08__event_01,impossiblebench__binary_rules__s102345,impossiblebench,binary_rules,incorrect,hypothesis_revision,13,18,221.78921320394147,0.22492455218407822,986.0604858398438
impossiblebench__binary_rules__s102345__step_08__event_01,impossiblebench__binary_rules__s102345,impossiblebench,binary_rules,incorrect,hypothesis_revision,14,18,160.87254673719872,0.13746275099205085,1170.2991943359375
impossiblebench__binary_rules__s102345__step_08__event_01,impossiblebench__binary_rules__s102345,impossiblebench,binary_rules,incorrect,hypothesis_revision,15,18,148.34703086250738,0.0951813842648374,1558.5718994140625
impossiblebench__binary_rules__s102345__step_08__event_01,impossiblebench__binary_rules__s102345,impossiblebench,binary_rules,incorrect,hypothesis_revision,16,18,99.95772116136004,0.05185667090041306,1927.576904296875
impossiblebench__binary_rules__s102345__step_08__event_01,impossiblebench__binary_rules__s102345,impossiblebench,binary_rules,incorrect,hypothesis_revision,17,18,183.36243766960797,0.06452762209277342,2841.611572265625
impossiblebench__binary_rules__s102345__step_08__event_01,impossiblebench__binary_rules__s102345,impossiblebench,binary_rules,incorrect,hypothesis_revision,18,18,208.45189920529083,0.05792165724877506,3598.859375
impossiblebench__binary_rules__s102345__step_08__event_01,impossiblebench__binary_rules__s102345,impossiblebench,binary_rules,incorrect,hypothesis_revision,19,18,457.53770197785343,0.09745092377629525,4695.0576171875
impossiblebench__binary_rules__s102345__step_08__event_01,impossiblebench__binary_rules__s102345,impossiblebench,binary_rules,incorrect,hypothesis_revision,20,18,498.49748058404657,0.09031094171320574,5519.79052734375
impossiblebench__binary_rules__s102345__step_08__event_01,impossiblebench__binary_rules__s102345,impossiblebench,binary_rules,incorrect,hypothesis_revision,21,18,848.7034838321706,0.11464702440474163,7402.751953125
impossiblebench__binary_rules__s102345__step_08__event_01,impossiblebench__binary_rules__s102345,impossiblebench,binary_rules,incorrect,hypothesis_revision,22,18,762.6190391754062,0.08843286567738208,8623.70703125
impossiblebench__binary_rules__s102346__step_05__event_01,impossiblebench__binary_rules__s102346,impossiblebench,binary_rules,correct,strategy_selection,0,18,-0.6178360729183368,-0.006548255851151238,94.35124206542969
impossiblebench__binary_rules__s102346__step_05__event_01,impossiblebench__binary_rules__s102346,impossiblebench,binary_rules,correct,strategy_selection,1,18,14.017007974473032,0.1279948026490826,109.5123291015625
impossiblebench__binary_rules__s102346__step_05__event_01,impossiblebench__binary_rules__s102346,impossiblebench,binary_rules,correct,strategy_selection,2,18,16.724573811098708,0.130852278451611,127.81263732910156
impossiblebench__binary_rules__s102346__step_05__event_01,impossiblebench__binary_rules__s102346,impossiblebench,binary_rules,correct,strategy_selection,3,18,41.007461463522795,0.24217887176729166,169.32716369628906
impossiblebench__binary_rules__s102346__step_05__event_01,impossiblebench__binary_rules__s102346,impossiblebench,binary_rules,correct,strategy_selection,4,18,56.30217156360203,0.2766736287556892,203.4967041015625
impossiblebench__binary_rules__s102346__step_05__event_01,impossiblebench__binary_rules__s102346,impossiblebench,binary_rules,correct,strategy_selection,5,18,50.453248802486,0.2028368483713919,248.7380828857422
impossiblebench__binary_rules__s102346__step_05__event_01,impossiblebench__binary_rules__s102346,impossiblebench,binary_rules,correct,strategy_selection,6,18,58.09476457387876,0.19643143440322125,295.7508544921875
impossiblebench__binary_rules__s102346__step_05__event_01,impossiblebench__binary_rules__s102346,impossiblebench,binary_rules,correct,strategy_selection,7,18,51.578214485377615,0.14860150716143328,347.09075927734375
impossiblebench__binary_rules__s102346__step_05__event_01,impossiblebench__binary_rules__s102346,impossiblebench,binary_rules,correct,strategy_selection,8,18,68.60459968983571,0.1660630004581092,413.1239318847656
impossiblebench__binary_rules__s102346__step_05__event_01,impossiblebench__binary_rules__s102346,impossiblebench,binary_rules,correct,strategy_selection,9,18,97.87964978825977,0.18884257155998743,518.3134765625
impossiblebench__binary_rules__s102346__step_05__event_01,impossiblebench__binary_rules__s102346,impossiblebench,binary_rules,correct,strategy_selection,10,18,176.25373676565613,0.2658789410595866,662.9097290039062
impossiblebench__binary_rules__s102346__step_05__event_01,impossiblebench__binary_rules__s102346,impossiblebench,binary_rules,correct,strategy_selection,11,18,214.31511717854255,0.2865697282178439,747.86376953125
impossiblebench__binary_rules__s102346__step_05__event_01,impossiblebench__binary_rules__s102346,impossiblebench,binary_rules,correct,strategy_selection,12,18,284.81167655481886,0.2988121874780536,953.1461181640625
impossiblebench__binary_rules__s102346__step_05__event_01,impossiblebench__binary_rules__s102346,impossiblebench,binary_rules,correct,strategy_selection,13,18,300.69815998027207,0.27707320471946334,1085.26611328125
impossiblebench__binary_rules__s102346__step_05__event_01,impossiblebench__binary_rules__s102346,impossiblebench,binary_rules,correct,strategy_selection,14,18,464.07933240668353,0.3286972946637694,1411.87451171875
impossiblebench__binary_rules__s102346__step_05__event_01,impossiblebench__binary_rules__s102346,impossiblebench,binary_rules,correct,strategy_selection,15,18,515.5079463247057,0.30016377682475226,1717.4222412109375
impossiblebench__binary_rules__s102346__step_05__event_01,impossiblebench__binary_rules__s102346,impossiblebench,binary_rules,correct,strategy_selection,16,18,686.3823305849237,0.31326383798521557,2191.06787109375
impossiblebench__binary_rules__s102346__step_05__event_01,impossiblebench__binary_rules__s102346,impossiblebench,binary_rules,correct,strategy_selection,17,18,849.7669656049156,0.27439749315928835,3096.8466796875
impossiblebench__binary_rules__s102346__step_05__event_01,impossiblebench__binary_rules__s102346,impossiblebench,binary_rules,correct,strategy_selection,18,18,1219.2468867858238,0.28221712641671176,4320.244140625
impossiblebench__binary_rules__s102346__step_05__event_01,impossiblebench__binary_rules__s102346,impossiblebench,binary_rules,correct,strategy_selection,19,18,1422.034180625349,0.26295950930320233,5407.806640625
impossiblebench__binary_rules__s102346__step_05__event_01,impossiblebench__binary_rules__s102346,impossiblebench,binary_rules,correct,strategy_selection,20,18,1831.1702883451726,0.25911305263034023,7067.07080078125
impossiblebench__binary_rules__s102346__step_05__event_01,impossiblebench__binary_rules__s102346,impossiblebench,binary_rules,correct,strategy_selection,21,18,2367.8986853853166,0.26885547912195423,8807.3291015625
impossiblebench__binary_rules__s102346__step_05__event_01,impossiblebench__binary_rules__s102346,impossiblebench,binary_rules,correct,strategy_selection,22,18,2705.2325598002644,0.25430185239928094,10637.8798828125
impossiblebench__fractional_no_rules__s112345__step_03__event_01,impossiblebench__fractional_no_rules__s112345,impossiblebench,fractional_no_rules,correct,strategy_selection,0,18,22.871338221164002,0.22686779662368908,100.81350708007812
impossiblebench__fractional_no_rules__s112345__step_03__event_01,impossiblebench__fractional_no_rules__s112345,impossiblebench,fractional_no_rules,correct,strategy_selection,1,18,54.584632275680505,0.42935957500422006,127.1303482055664
impossiblebench__fractional_no_rules__s112345__step_03__event_01,impossiblebench__fractional_no_rules__s112345,impossiblebench,fractional_no_rules,correct,strategy_selection,2,18,57.14159127327151,0.3942820448803852,144.92567443847656
impossiblebench__fractional_no_rules__s112345__step_03__event_01,impossiblebench__fractional_no_rules__s112345,impossiblebench,fractional_no_rules,correct,strategy_selection,3,18,83.01727859782477,0.45730697165566797,181.53512573242188
impossiblebench__fractional_no_rules__s112345__step_03__event_01,impossiblebench__fractional_no_rules__s112345,impossiblebench,fractional_no_rules,correct,strategy_selection,4,18,101.1634742377696,0.466316383202218,216.94171142578125
impossiblebench__fractional_no_rules__s112345__step_03__event_01,impossiblebench__fractional_no_rules__s112345,impossiblebench,fractional_no_rules,correct,strategy_selection,5,18,113.01145236216797,0.4447956191381834,254.0750274658203
impossiblebench__fractional_no_rules__s112345__step_03__event_01,impossiblebench__fractional_no_rules__s112345,impossiblebench,fractional_no_rules,correct,strategy_selection,6,18,131.9445750513368,0.46204876171707326,285.5641784667969
impossiblebench__fractional_no_rules__s112345__step_03__event_01,impossiblebench__fractional_no_rules__s112345,impossiblebench,fractional_no_rules,correct,strategy_selection,7,18,134.345099053691,0.4270889913851424,314.5599670410156
impossiblebench__fractional_no_rules__s112345__step_03__event_01,impossiblebench__fractional_no_rules__s112345,impossiblebench,fractional_no_rules,correct,strategy_selection,8,18,165.0291738111137,0.4373701453244994,377.321533203125
impossiblebench__fractional_no_rules__s112345__step_03__event_01,impossiblebench__fractional_no_rules__s112345,impossiblebench,fractional_no_rules,correct,strategy_selection,9,18,226.5355701468252,0.4673849174997253,484.6873779296875
impossiblebench__fractional_no_rules__s112345__step_03__event_01,impossiblebench__fractional_no_rules__s112345,impossiblebench,fractional_no_rules,correct,strategy_selection,10,18,278.98052926027367,0.4802666181582854,580.8867797851562
impossiblebench__fractional_no_rules__s112345__step_03__event_01,impossiblebench__fractional_no_rules__s112345,impossiblebench,fractional_no_rules,correct,strategy_selection,11,18,349.1712027449355,0.49769440361826045,701.5775146484375
impossiblebench__fractional_no_rules__s112345__step_03__event_01,impossiblebench__fractional_no_rules__s112345,impossiblebench,fractional_no_rules,correct,strategy_selection,12,18,461.5551799027486,0.5196581571893986,888.1900024414062
impossiblebench__fractional_no_rules__s112345__step_03__event_01,impossiblebench__fractional_no_rules__s112345,impossiblebench,fractional_no_rules,correct,strategy_selection,13,18,471.16889532749155,0.44385083030781386,1061.5478515625
impossiblebench__fractional_no_rules__s112345__step_03__event_01,impossiblebench__fractional_no_rules__s112345,impossiblebench,fractional_no_rules,correct,strategy_selection,14,18,693.3940204943253,0.4842430509171909,1431.9132080078125
impossiblebench__fractional_no_rules__s112345__step_03__event_01,impossiblebench__fractional_no_rules__s112345,impossiblebench,fractional_no_rules,correct,strategy_selection,15,18,754.488949851403,0.4187646131531254,1801.701904296875
impossiblebench__fractional_no_rules__s112345__step_03__event_01,impossiblebench__fractional_no_rules__s112345,impossiblebench,fractional_no_rules,correct,strategy_selection,16,18,948.3012279095292,0.4258283489651537,2226.95654296875
impossiblebench__fractional_no_rules__s112345__step_03__event_01,impossiblebench__fractional_no_rules__s112345,impossiblebench,fractional_no_rules,correct,strategy_selection,17,18,1069.4314181490413,0.3624948848708535,2950.197265625
impossiblebench__fractional_no_rules__s112345__step_03__event_01,impossiblebench__fractional_no_rules__s112345,impossiblebench,fractional_no_rules,correct,strategy_selection,18,18,1560.925035097911,0.4003012140276244,3899.376220703125
impossiblebench__fractional_no_rules__s112345__step_03__event_01,impossiblebench__fractional_no_rules__s112345,impossiblebench,fractional_no_rules,correct,strategy_selection,19,18,1765.728831480572,0.3401938489374329,5190.36083984375
impossiblebench__fractional_no_rules__s112345__step_03__event_01,impossiblebench__fractional_no_rules__s112345,impossiblebench,fractional_no_rules,correct,strategy_selection,20,18,2222.0284364166628,0.34574099795895347,6426.8583984375
impossiblebench__fractional_no_rules__s112345__step_03__event_01,impossiblebench__fractional_no_rules__s112345,impossiblebench,fractional_no_rules,correct,strategy_selection,21,18,2712.6446069017147,0.33082761418516377,8199.5712890625
impossiblebench__fractional_no_rules__s112345__step_03__event_01,impossiblebench__fractional_no_rules__s112345,impossiblebench,fractional_no_rules,correct,strategy_selection,22,18,3210.301963973019,0.33870957951806463,9478.037109375
impossiblebench__fractional_no_rules__s112345__step_07__event_01,impossiblebench__fractional_no_rules__s112345,impossiblebench,fractional_no_rules,incorrect,hypothesis_revision,0,18,6.288660976731404,0.06566843493346405,95.76383972167969
impossiblebench__fractional_no_rules__s112345__step_07__event_01,impossiblebench__fractional_no_rules__s112345,impossiblebench,fractional_no_rules,incorrect,hypothesis_revision,1,18,1.4778349795367731,0.013670828300384354,108.10134887695312
impossiblebench__fractional_no_rules__s112345__step_07__event_01,impossiblebench__fractional_no_rules__s112345,impossiblebench,fractional_no_rules,incorrect,hypothesis_revision,2,18,-5.2336025119759455,-0.041494029026862354,126.1290512084961
impossiblebench__fractional_no_rules__s112345__step_07__event_01,impossiblebench__fractional_no_rules__s112345,impossiblebench,fractional_no_rules,incorrect,hypothesis_revision,3,18,2.8085763271834026,0.019282562592272373,145.6536865234375
impossiblebench__fractional_no_rules__s112345__step_07__event_01,impossiblebench__fractional_no_rules__s112345,impossiblebench,fractional_no_rules,incorrect,hypothesis_revision,4,18,-0.8861653177555615,-0.005249740816972199,168.80172729492188
impossiblebench__fractional_no_rules__s112345__step_07__event_01,impossiblebench__fractional_no_rules__s112345,impossiblebench,fractional_no_rules,incorrect,hypothesis_revision,5,18,-2.3564465856691186,-0.011948857093149254,197.21104431152344
impossiblebench__fractional_no_rules__s112345__step_07__event_01,impossiblebench__fractional_no_rules__s112345,impossiblebench,fractional_no_rules,incorrect,hypothesis_revision,6,18,-2.3998230208696896,-0.00997691502903798,240.53758239746094
impossiblebench__fractional_no_rules__s112345__step_07__event_01,impossiblebench__fractional_no_rules__s112345,impossiblebench,fractional_no_rules,incorrect,hypothesis_revision,7,18,15.826525500831735,0.057560481108533755,274.9547119140625
impossiblebench__fractional_no_rules__s112345__step_07__event_01,impossiblebench__fractional_no_rules__s112345,impossiblebench,fractional_no_rules,incorrect,hypothesis_revision,8,18,12.499462411858758,0.03922889534607942,318.62896728515625
impossiblebench__fractional_no_rules__s112345__step_07__event_01,impossiblebench__fractional_no_rules__s112345,impossiblebench,fractional_no_rules,incorrect,hypothesis_revision,9,18,32.38203716154163,0.08990078783766842,360.1974792480469
impossiblebench__fractional_no_rules__s112345__step_07__event_01,impossiblebench__fractional_no_rules__s112345,impossiblebench,fractional_no_rules,incorrect,hypothesis_revision,10,18,13.964788360959119,0.030962639800960617,451.0205993652344
impossiblebench__fractional_no_rules__s112345__step_07__event_01,impossiblebench__fractional_no_rules__s112345,impossiblebench,fractional_no_rules,incorrect,hypothesis_revision,11,18,60.5261273768574,0.11462649652927136,528.0291137695312
impossiblebench__fractional_no_rules__s112345__step_07__event_01,impossiblebench__fractional_no_rules__s112345,impossiblebench,fractional_no_rules,incorrect,hypothesis_revision,12,18,87.09554457698118,0.12866907818377007,676.8956909179688
impossiblebench__fractional_no_rules__s112345__step_07__event_01,impossiblebench__fractional_no_rules__s112345,impossiblebench,fractional_no_rules,incorrect,hypothesis_revision,13,18,113.62401581452468,0.1345668237277954,844.3687133789062
impossiblebench__fractional_no_rules__s112345__step_07__event_01,impossiblebench__fractional_no_rules__s112345,impossiblebench,fractional_no_rules,incorrect,hypothesis_revision,14,18,101.32181773972388,0.08771166913453708,1155.169189453125
impossiblebench__fractional_no_rules__s112345__step_07__event_01,impossiblebench__fractional_no_rules__s112345,impossiblebench,fractional_no_rules,incorrect,hypothesis_revision,15,18,170.95916703569677,0.10794857463741415,1583.7093505859375
impossiblebench__fractional_no_rules__s112345__step_07__event_01,impossiblebench__fractional_no_rules__s112345,impossiblebench,fractional_no_rules,incorrect,hypothesis_revision,16,18,222.58571156196012,0.09238047877957808,2409.4453125
impossiblebench__fractional_no_rules__s112345__step_07__event_01,impossiblebench__fractional_no_rules__s112345,impossiblebench,fractional_no_rules,incorrect,hypothesis_revision,17,18,223.0368395787914,0.06318271629536824,3530.029296875
impossiblebench__fractional_no_rules__s112345__step_07__event_01,impossiblebench__fractional_no_rules__s112345,impossiblebench,fractional_no_rules,incorrect,hypothesis_revision,18,18,236.64411077507248,0.05091796699556465,4647.55615234375
impossiblebench__fractional_no_rules__s112345__step_07__event_01,impossiblebench__fractional_no_rules__s112345,impossiblebench,fractional_no_rules,incorrect,hypothesis_revision,19,18,320.2874472305484,0.053129959154620286,6028.37744140625
impossiblebench__fractional_no_rules__s112345__step_07__event_01,impossiblebench__fractional_no_rules__s112345,impossiblebench,fractional_no_rules,incorrect,hypothesis_revision,20,18,251.46772157479427,0.03425874527851234,7340.24853515625
impossiblebench__fractional_no_rules__s112345__step_07__event_01,impossiblebench__fractional_no_rules__s112345,impossiblebench,fractional_no_rules,incorrect,hypothesis_revision,21,18,552.1270790387789,0.06513407077258858,8476.7783203125
impossiblebench__fractional_no_rules__s112345__step_07__event_01,impossiblebench__fractional_no_rules__s112345,impossiblebench,fractional_no_rules,incorrect,hypothesis_revision,22,18,831.4399940738949,0.08412464299973246,9883.4296875
impossiblebench__fractional_no_rules__s112346__step_03__event_01,impossiblebench__fractional_no_rules__s112346,impossiblebench,fractional_no_rules,correct,strategy_selection,0,18,44.22542582251763,0.4830264166368102,91.55902099609375
impossiblebench__fractional_no_rules__s112346__step_03__event_01,impossiblebench__fractional_no_rules__s112346,impossiblebench,fractional_no_rules,correct,strategy_selection,1,18,60.420209073267365,0.5733444104116912,105.38204956054688
impossiblebench__fractional_no_rules__s112346__step_03__event_01,impossiblebench__fractional_no_rules__s112346,impossiblebench,fractional_no_rules,correct,strategy_selection,2,18,74.21601310996957,0.5599159352811581,132.54849243164062
impossiblebench__fractional_no_rules__s112346__step_03__event_01,impossiblebench__fractional_no_rules__s112346,impossiblebench,fractional_no_rules,correct,strategy_selection,3,18,92.88571974569203,0.5850406533899002,158.7679901123047
impossiblebench__fractional_no_rules__s112346__step_03__event_01,impossiblebench__fractional_no_rules__s112346,impossiblebench,fractional_no_rules,correct,strategy_selection,4,18,121.50394142990709,0.5838040484436506,208.12452697753906
impossiblebench__fractional_no_rules__s112346__step_03__event_01,impossiblebench__fractional_no_rules__s112346,impossiblebench,fractional_no_rules,correct,strategy_selection,5,18,125.45945851857158,0.5163362496416942,242.98016357421875
impossiblebench__fractional_no_rules__s112346__step_03__event_01,impossiblebench__fractional_no_rules__s112346,impossiblebench,fractional_no_rules,correct,strategy_selection,6,18,161.68943683644386,0.5446248904998391,296.8822021484375
impossiblebench__fractional_no_rules__s112346__step_03__event_01,impossiblebench__fractional_no_rules__s112346,impossiblebench,fractional_no_rules,correct,strategy_selection,7,18,175.3034003587792,0.5154699370279736,340.0846252441406
impossiblebench__fractional_no_rules__s112346__step_03__event_01,impossiblebench__fractional_no_rules__s112346,impossiblebench,fractional_no_rules,correct,strategy_selection,8,18,209.83513868356908,0.4836108723214502,433.89251708984375
impossiblebench__fractional_no_rules__s112346__step_03__event_01,impossiblebench__fractional_no_rules__s112346,impossiblebench,fractional_no_rules,correct,strategy_selection,9,18,228.4945032671285,0.439522287803894,519.8701171875
impossiblebench__fractional_no_rules__s112346__step_03__event_01,impossiblebench__fractional_no_rules__s112346,impossiblebench,fractional_no_rules,correct,strategy_selection,10,18,313.3996033458941,0.46219890408008957,678.0621948242188
impossiblebench__fractional_no_rules__s112346__step_03__event_01,impossiblebench__fractional_no_rules__s112346,impossiblebench,fractional_no_rules,correct,strategy_selection,11,18,300.85186768598214,0.40881046828059675,735.920166015625
impossiblebench__fractional_no_rules__s112346__step_03__event_01,impossiblebench__fractional_no_rules__s112346,impossiblebench,fractional_no_rules,correct,strategy_selection,12,18,381.77733148454763,0.4287117720928457,890.5221557617188
impossiblebench__fractional_no_rules__s112346__step_03__event_01,impossiblebench__fractional_no_rules__s112346,impossiblebench,fractional_no_rules,correct,strategy_selection,13,18,412.0412948760227,0.39469619889244373,1043.9454345703125
impossiblebench__fractional_no_rules__s112346__step_03__event_01,impossiblebench__fractional_no_rules__s112346,impossiblebench,fractional_no_rules,correct,strategy_selection,14,18,470.0482109057857,0.3637442613444885,1292.2491455078125
impossiblebench__fractional_no_rules__s112346__step_03__event_01,impossiblebench__fractional_no_rules__s112346,impossiblebench,fractional_no_rules,correct,strategy_selection,15,18,458.7427089742731,0.300578812804656,1526.19775390625
impossiblebench__fractional_no_rules__s112346__step_03__event_01,impossiblebench__fractional_no_rules__s112346,impossiblebench,fractional_no_rules,correct,strategy_selection,16,18,589.7990798734027,0.3120474863693583,1890.093994140625
impossiblebench__fractional_no_rules__s112346__step_03__event_01,impossiblebench__fractional_no_rules__s112346,impossiblebench,fractional_no_rules,correct,strategy_selection,17,18,716.7414394913085,0.29495745855571387,2429.982421875
impossiblebench__fractional_no_rules__s112346__step_03__event_01,impossiblebench__fractional_no_rules__s112346,impossiblebench,fractional_no_rules,correct,strategy_selection,18,18,985.6811886101905,0.30277367845894293,3255.5048828125
impossiblebench__fractional_no_rules__s112346__step_03__event_01,impossiblebench__fractional_no_rules__s112346,impossiblebench,fractional_no_rules,correct,strategy_selection,19,18,1244.5969314172232,0.28970040475476305,4296.1513671875
impossiblebench__fractional_no_rules__s112346__step_03__event_01,impossiblebench__fractional_no_rules__s112346,impossiblebench,fractional_no_rules,correct,strategy_selection,20,18,1622.4119915277406,0.2936768185367397,5524.48095703125
impossiblebench__fractional_no_rules__s112346__step_03__event_01,impossiblebench__fractional_no_rules__s112346,impossiblebench,fractional_no_rules,correct,strategy_selection,21,18,2136.25190602124,0.31694512184925294,6740.1318359375
impossiblebench__fractional_no_rules__s112346__step_03__event_01,impossiblebench__fractional_no_rules__s112346,impossiblebench,fractional_no_rules,correct,strategy_selection,22,18,2579.620247909249,0.32257245218044267,7997.02587890625
impossiblebench__fractional_no_rules__s112346__step_05__event_01,impossiblebench__fractional_no_rules__s112346,impossiblebench,fractional_no_rules,correct,failure_diagnosis,0,18,25.002549559937286,0.30077932117337314,83.12589263916016
impossiblebench__fractional_no_rules__s112346__step_05__event_01,impossiblebench__fractional_no_rules__s112346,impossiblebench,fractional_no_rules,correct,failure_diagnosis,1,18,26.439621884112768,0.29186945076270054,90.58715057373047
impossiblebench__fractional_no_rules__s112346__step_05__event_01,impossiblebench__fractional_no_rules__s112346,impossiblebench,fractional_no_rules,correct,failure_diagnosis,2,18,28.45761853592642,0.27291571805141734,104.27255249023438
impossiblebench__fractional_no_rules__s112346__step_05__event_01,impossiblebench__fractional_no_rules__s112346,impossiblebench,fractional_no_rules,correct,failure_diagnosis,3,18,32.4109093015191,0.2740623002048299,118.2611083984375
impossiblebench__fractional_no_rules__s112346__step_05__event_01,impossiblebench__fractional_no_rules__s112346,impossiblebench,fractional_no_rules,correct,failure_diagnosis,4,18,39.29631737041601,0.2927377149647007,134.23728942871094
impossiblebench__fractional_no_rules__s112346__step_05__event_01,impossiblebench__fractional_no_rules__s112346,impossiblebench,fractional_no_rules,correct,failure_diagnosis,5,18,29.756884597825717,0.19653016298710418,151.41128540039062
impossiblebench__fractional_no_rules__s112346__step_05__event_01,impossiblebench__fractional_no_rules__s112346,impossiblebench,fractional_no_rules,correct,failure_diagnosis,6,18,37.7435411637827,0.209503360374258,180.15721130371094
impossiblebench__fractional_no_rules__s112346__step_05__event_01,impossiblebench__fractional_no_rules__s112346,impossiblebench,fractional_no_rules,correct,failure_diagnosis,7,18,48.11439487657766,0.221633295016966,217.09011840820312
impossiblebench__fractional_no_rules__s112346__step_05__event_01,impossiblebench__fractional_no_rules__s112346,impossiblebench,fractional_no_rules,correct,failure_diagnosis,8,18,54.31351378559282,0.21554010088797135,251.98797607421875
impossiblebench__fractional_no_rules__s112346__step_05__event_01,impossiblebench__fractional_no_rules__s112346,impossiblebench,fractional_no_rules,correct,failure_diagnosis,9,18,56.069777789156205,0.19017607446700446,294.83087158203125
impossiblebench__fractional_no_rules__s112346__step_05__event_01,impossiblebench__fractional_no_rules__s112346,impossiblebench,fractional_no_rules,correct,failure_diagnosis,10,18,64.37534787401273,0.18151887853905638,354.6482238769531
impossiblebench__fractional_no_rules__s112346__step_05__event_01,impossiblebench__fractional_no_rules__s112346,impossiblebench,fractional_no_rules,correct,failure_diagnosis,11,18,51.69345262396246,0.12157778899241144,425.18829345703125
impossiblebench__fractional_no_rules__s112346__step_05__event_01,impossiblebench__fractional_no_rules__s112346,impossiblebench,fractional_no_rules,correct,failure_diagnosis,12,18,82.0918916902101,0.14878166627773837,551.7608642578125
impossiblebench__fractional_no_rules__s112346__step_05__event_01,impossiblebench__fractional_no_rules__s112346,impossiblebench,fractional_no_rules,correct,failure_diagnosis,13,18,80.15791821770887,0.11296535648735545,709.5796508789062
impossiblebench__fractional_no_rules__s112346__step_05__event_01,impossiblebench__fractional_no_rules__s112346,impossiblebench,fractional_no_rules,correct,failure_diagnosis,14,18,135.64250080276997,0.14276777521400122,950.0918579101562
impossiblebench__fractional_no_rules__s112346__step_05__event_01,impossiblebench__fractional_no_rules__s112346,impossiblebench,fractional_no_rules,correct,failure_diagnosis,15,18,166.21402775580464,0.1355402122072269,1226.307861328125
impossiblebench__fractional_no_rules__s112346__step_05__event_01,impossiblebench__fractional_no_rules__s112346,impossiblebench,fractional_no_rules,correct,failure_diagnosis,16,18,269.825155744511,0.17097101638753,1578.1923828125
impossiblebench__fractional_no_rules__s112346__step_05__event_01,impossiblebench__fractional_no_rules__s112346,impossiblebench,fractional_no_rules,correct,failure_diagnosis,17,18,492.3243492911188,0.21578101390559856,2281.592529296875
impossiblebench__fractional_no_rules__s112346__step_05__event_01,impossiblebench__fractional_no_rules__s112346,impossiblebench,fractional_no_rules,correct,failure_diagnosis,18,18,890.4394585150119,0.28130469757782195,3165.391357421875
impossiblebench__fractional_no_rules__s112346__step_05__event_01,impossiblebench__fractional_no_rules__s112346,impossiblebench,fractional_no_rules,correct,failure_diagnosis,19,18,1024.3848959318111,0.2559361857613265,4002.501220703125
impossiblebench__fractional_no_rules__s112346__step_05__event_01,impossiblebench__fractional_no_rules__s112346,impossiblebench,fractional_no_rules,correct,failure_diagnosis,20,18,1421.661564815151,0.2415075723195606,5886.61279296875
impossiblebench__fractional_no_rules__s112346__step_05__event_01,impossiblebench__fractional_no_rules__s112346,impossiblebench,fractional_no_rules,correct,failure_diagnosis,21,18,1821.3025123329862,0.25707997114784226,7084.57568359375
impossiblebench__fractional_no_rules__s112346__step_05__event_01,impossiblebench__fractional_no_rules__s112346,impossiblebench,fractional_no_rules,correct,failure_diagnosis,22,18,2060.869526225614,0.2465074884323187,8360.271484375
impossiblebench__fractional_no_rules__s112346__step_09__event_01,impossiblebench__fractional_no_rules__s112346,impossiblebench,fractional_no_rules,incorrect,hypothesis_revision,0,18,24.933260506790763,0.2822184189774581,88.3473892211914
impossiblebench__fractional_no_rules__s112346__step_09__event_01,impossiblebench__fractional_no_rules__s112346,impossiblebench,fractional_no_rules,incorrect,hypothesis_revision,1,18,34.482324913131976,0.3413212635928954,101.02600860595703
impossiblebench__fractional_no_rules__s112346__step_09__event_01,impossiblebench__fractional_no_rules__s112346,impossiblebench,fractional_no_rules,incorrect,hypothesis_revision,2,18,35.768191212836726,0.3115013270542118,114.82516479492188
impossiblebench__fractional_no_rules__s112346__step_09__event_01,impossiblebench__fractional_no_rules__s112346,impossiblebench,fractional_no_rules,incorrect,hypothesis_revision,3,18,47.14889394046739,0.34077814181392097,138.3565673828125
impossiblebench__fractional_no_rules__s112346__step_09__event_01,impossiblebench__fractional_no_rules__s112346,impossiblebench,fractional_no_rules,incorrect,hypothesis_revision,4,18,45.18275080975556,0.28161548968376976,160.4412841796875
impossiblebench__fractional_no_rules__s112346__step_09__event_01,impossiblebench__fractional_no_rules__s112346,impossiblebench,fractional_no_rules,incorrect,hypothesis_revision,5,18,43.82870204518713,0.2263037289951289,193.67202758789062
impossiblebench__fractional_no_rules__s112346__step_09__event_01,impossiblebench__fractional_no_rules__s112346,impossiblebench,fractional_no_rules,incorrect,hypothesis_revision,6,18,50.632707710070065,0.2195347513664683,230.63641357421875
impossiblebench__fractional_no_rules__s112346__step_09__event_01,impossiblebench__fractional_no_rules__s112346,impossiblebench,fractional_no_rules,incorrect,hypothesis_revision,7,18,71.53060624124419,0.25867156791816337,276.5306091308594
impossiblebench__fractional_no_rules__s112346__step_09__event_01,impossiblebench__fractional_no_rules__s112346,impossiblebench,fractional_no_rules,incorrect,hypothesis_revision,8,18,68.45651555453844,0.21833361121871755,313.5408935546875
impossiblebench__fractional_no_rules__s112346__step_09__event_01,impossiblebench__fractional_no_rules__s112346,impossiblebench,fractional_no_rules,incorrect,hypothesis_revision,9,18,87.8118270212978,0.23828028753726566,368.5232849121094
impossiblebench__fractional_no_rules__s112346__step_09__event_01,impossiblebench__fractional_no_rules__s112346,impossiblebench,fractional_no_rules,incorrect,hypothesis_revision,10,18,109.82054209739317,0.23926152203002649,458.9979248046875
impossiblebench__fractional_no_rules__s112346__step_09__event_01,impossiblebench__fractional_no_rules__s112346,impossiblebench,fractional_no_rules,incorrect,hypothesis_revision,11,18,127.5614068220234,0.23380808959716465,545.5816650390625
impossiblebench__fractional_no_rules__s112346__step_09__event_01,impossiblebench__fractional_no_rules__s112346,impossiblebench,fractional_no_rules,incorrect,hypothesis_revision,12,18,142.57328782730457,0.2109549428630066,675.8471069335938
impossiblebench__fractional_no_rules__s112346__step_09__event_01,impossiblebench__fractional_no_rules__s112346,impossiblebench,fractional_no_rules,incorrect,hypothesis_revision,13,18,161.48992572131647,0.18794231302241896,859.2526245117188
impossiblebench__fractional_no_rules__s112346__step_09__event_01,impossiblebench__fractional_no_rules__s112346,impossiblebench,fractional_no_rules,incorrect,hypothesis_revision,14,18,174.4183033420104,0.15577376906530588,1119.6898193359375
impossiblebench__fractional_no_rules__s112346__step_09__event_01,impossiblebench__fractional_no_rules__s112346,impossiblebench,fractional_no_rules,incorrect,hypothesis_revision,15,18,196.73818910683622,0.1252642961584864,1570.584716796875
impossiblebench__fractional_no_rules__s112346__step_09__event_01,impossiblebench__fractional_no_rules__s112346,impossiblebench,fractional_no_rules,incorrect,hypothesis_revision,16,18,308.8836463830896,0.13486514050920678,2290.31494140625
impossiblebench__fractional_no_rules__s112346__step_09__event_01,impossiblebench__fractional_no_rules__s112346,impossiblebench,fractional_no_rules,incorrect,hypothesis_revision,17,18,349.6631827430356,0.11384066369349857,3071.513916015625
impossiblebench__fractional_no_rules__s112346__step_09__event_01,impossiblebench__fractional_no_rules__s112346,impossiblebench,fractional_no_rules,incorrect,hypothesis_revision,18,18,401.13141191343675,0.10067504569482144,3984.41748046875
impossiblebench__fractional_no_rules__s112346__step_09__event_01,impossiblebench__fractional_no_rules__s112346,impossiblebench,fractional_no_rules,incorrect,hypothesis_revision,19,18,735.6840124461332,0.1431320542726635,5139.89697265625
impossiblebench__fractional_no_rules__s112346__step_09__event_01,impossiblebench__fractional_no_rules__s112346,impossiblebench,fractional_no_rules,incorrect,hypothesis_revision,20,18,865.7434840122005,0.13758621961328468,6292.37060546875
impossiblebench__fractional_no_rules__s112346__step_09__event_01,impossiblebench__fractional_no_rules__s112346,impossiblebench,fractional_no_rules,incorrect,hypothesis_revision,21,18,1384.1396072085554,0.18953272195625265,7302.90576171875
impossiblebench__fractional_no_rules__s112346__step_09__event_01,impossiblebench__fractional_no_rules__s112346,impossiblebench,fractional_no_rules,incorrect,hypothesis_revision,22,18,1559.195870447547,0.18213845291591763,8560.498046875
impossiblebench__fractional_rules__s122345__step_03__event_01,impossiblebench__fractional_rules__s122345,impossiblebench,fractional_rules,correct,strategy_selection,0,18,10.604443935986847,0.10926896250864206,97.04900360107422
impossiblebench__fractional_rules__s122345__step_03__event_01,impossiblebench__fractional_rules__s122345,impossiblebench,fractional_rules,correct,strategy_selection,1,18,25.83688769530338,0.2326277899080879,111.06534576416016
impossiblebench__fractional_rules__s122345__step_03__event_01,impossiblebench__fractional_rules__s122345,impossiblebench,fractional_rules,correct,strategy_selection,2,18,45.610978344941586,0.3270526427705448,139.46066284179688
impossiblebench__fractional_rules__s122345__step_03__event_01,impossiblebench__fractional_rules__s122345,impossiblebench,fractional_rules,correct,strategy_selection,3,18,76.08194371106929,0.3933501311966422,193.42041015625
impossiblebench__fractional_rules__s122345__step_03__event_01,impossiblebench__fractional_rules__s122345,impossiblebench,fractional_rules,correct,strategy_selection,4,18,104.47268948419381,0.454797170832663,229.71270751953125
impossiblebench__fractional_rules__s122345__step_03__event_01,impossiblebench__fractional_rules__s122345,impossiblebench,fractional_rules,correct,strategy_selection,5,18,100.98009471031656,0.3842318278007287,262.8103332519531
impossiblebench__fractional_rules__s122345__step_03__event_01,impossiblebench__fractional_rules__s122345,impossiblebench,fractional_rules,correct,strategy_selection,6,18,121.65104572454098,0.3988394060605965,305.0126037597656
impossiblebench__fractional_rules__s122345__step_03__event_01,impossiblebench__fractional_rules__s122345,impossiblebench,fractional_rules,correct,strategy_selection,7,18,130.58589643277548,0.36152907881712093,361.20440673828125
impossiblebench__fractional_rules__s122345__step_03__event_01,impossiblebench__fractional_rules__s122345,impossiblebench,fractional_rules,correct,strategy_selection,8,18,162.1610387629609,0.3773326915455552,429.7561340332031
impossiblebench__fractional_rules__s122345__step_03__event_01,impossiblebench__fractional_rules__s122345,impossiblebench,fractional_rules,correct,strategy_selection,9,18,210.1353308569545,0.38653730742198594,543.6353149414062
impossiblebench__fractional_rules__s122345__step_03__event_01,impossiblebench__fractional_rules__s122345,impossiblebench,fractional_rules,correct,strategy_selection,10,18,275.1628240692037,0.424628508338852,648.0083618164062
impossiblebench__fractional_rules__s122345__step_03__event_01,impossiblebench__fractional_rules__s122345,impossiblebench,fractional_rules,correct,strategy_selection,11,18,328.6676082506265,0.42281814268242435,777.326171875
impossiblebench__fractional_rules__s122345__step_03__event_01,impossiblebench__fractional_rules__s122345,impossiblebench,fractional_rules,correct,strategy_selection,12,18,440.05222877534015,0.46105691117707726,954.4423217773438
impossiblebench__fractional_rules__s122345__step_03__event_01,impossiblebench__fractional_rules__s122345,impossiblebench,fractional_rules,correct,strategy_selection,13,18,430.19285833562026,0.3929958842435984,1094.6497802734375
impossiblebench__fractional_rules__s122345__step_03__event_01,impossiblebench__fractional_rules__s122345,impossiblebench,fractional_rules,correct,strategy_selection,14,18,591.1518537924098,0.4287593913391032,1378.7496337890625
impossiblebench__fractional_rules__s122345__step_03__event_01,impossiblebench__fractional_rules__s122345,impossiblebench,fractional_rules,correct,strategy_selection,15,18,652.2224253390277,0.393453531915379,1657.68603515625
impossiblebench__fractional_rules__s122345__step_03__event_01,impossiblebench__fractional_rules__s122345,impossiblebench,fractional_rules,correct,strategy_selection,16,18,779.6403723346457,0.3842404676719588,2029.0428466796875
impossiblebench__fractional_rules__s122345__step_03__event_01,impossiblebench__fractional_rules__s122345,impossiblebench,fractional_rules,correct,strategy_selection,17,18,933.202751762663,0.3341063191011945,2793.13134765625
impossiblebench__fractional_rules__s122345__step_03__event_01,impossiblebench__fractional_rules__s122345,impossiblebench,fractional_rules,correct,strategy_selection,18,18,1195.7747438117476,0.3248533800677563,3680.967529296875
impossiblebench__fractional_rules__s122345__step_03__event_01,impossiblebench__fractional_rules__s122345,impossiblebench,fractional_rules,correct,strategy_selection,19,18,1378.2860886151248,0.2746466574924585,5018.3974609375
impossiblebench__fractional_rules__s122345__step_03__event_01,impossiblebench__fractional_rules__s122345,impossiblebench,fractional_rules,correct,strategy_selection,20,18,1814.719681346167,0.28801873206032796,6300.7001953125
impossiblebench__fractional_rules__s122345__step_03__event_01,impossiblebench__fractional_rules__s122345,impossiblebench,fractional_rules,correct,strategy_selection,21,18,2409.1508129509107,0.30085243754514307,8007.7490234375
impossiblebench__fractional_rules__s122345__step_03__event_01,impossiblebench__fractional_rules__s122345,impossiblebench,fractional_rules,correct,strategy_selection,22,18,2966.764161273584,0.3078309283458515,9637.6416015625
impossiblebench__fractional_rules__s122345__step_05__event_01,impossiblebench__fractional_rules__s122345,impossiblebench,fractional_rules,correct,failure_diagnosis,0,18,-2.214272875402193,-0.023159213106758367,95.61089324951172
impossiblebench__fractional_rules__s122345__step_05__event_01,impossiblebench__fractional_rules__s122345,impossiblebench,fractional_rules,correct,failure_diagnosis,1,18,-2.241523813485557,-0.019690051590785768,113.84042358398438
impossiblebench__fractional_rules__s122345__step_05__event_01,impossiblebench__fractional_rules__s122345,impossiblebench,fractional_rules,correct,failure_diagnosis,2,18,-2.5262181255462046,-0.01778548676266908,142.03817749023438
impossiblebench__fractional_rules__s122345__step_05__event_01,impossiblebench__fractional_rules__s122345,impossiblebench,fractional_rules,correct,failure_diagnosis,3,18,-17.162666879815347,-0.10338846661321048,166.0017547607422
impossiblebench__fractional_rules__s122345__step_05__event_01,impossiblebench__fractional_rules__s122345,impossiblebench,fractional_rules,correct,failure_diagnosis,4,18,-11.786456188062399,-0.06093601164929822,193.42349243164062
impossiblebench__fractional_rules__s122345__step_05__event_01,impossiblebench__fractional_rules__s122345,impossiblebench,fractional_rules,correct,failure_diagnosis,5,18,-18.853832744818305,-0.08112755457996053,232.39739990234375
impossiblebench__fractional_rules__s122345__step_05__event_01,impossiblebench__fractional_rules__s122345,impossiblebench,fractional_rules,correct,failure_diagnosis,6,18,-37.15086429676708,-0.13754026370064348,270.1090087890625
impossiblebench__fractional_rules__s122345__step_05__event_01,impossiblebench__fractional_rules__s122345,impossiblebench,fractional_rules,correct,failure_diagnosis,7,18,-41.907580363477805,-0.13096655931195686,319.98687744140625
impossiblebench__fractional_rules__s122345__step_05__event_01,impossiblebench__fractional_rules__s122345,impossiblebench,fractional_rules,correct,failure_diagnosis,8,18,-61.12907442142216,-0.16465666801569442,371.2517395019531
impossiblebench__fractional_rules__s122345__step_05__event_01,impossiblebench__fractional_rules__s122345,impossiblebench,fractional_rules,correct,failure_diagnosis,9,18,-83.81780905808853,-0.19448407044481716,430.9751892089844
impossiblebench__fractional_rules__s122345__step_05__event_01,impossiblebench__fractional_rules__s122345,impossiblebench,fractional_rules,correct,failure_diagnosis,10,18,-113.18634302168428,-0.21741631235381856,520.5972900390625
impossiblebench__fractional_rules__s122345__step_05__event_01,impossiblebench__fractional_rules__s122345,impossiblebench,fractional_rules,correct,failure_diagnosis,11,18,-103.92753401233495,-0.16923704248646557,614.0945434570312
impossiblebench__fractional_rules__s122345__step_05__event_01,impossiblebench__fractional_rules__s122345,impossiblebench,fractional_rules,correct,failure_diagnosis,12,18,-145.08910130503682,-0.20108661897450023,721.5254516601562
impossiblebench__fractional_rules__s122345__step_05__event_01,impossiblebench__fractional_rules__s122345,impossiblebench,fractional_rules,correct,failure_diagnosis,13,18,-121.23061346494706,-0.13466067319067682,900.2673950195312
impossiblebench__fractional_rules__s122345__step_05__event_01,impossiblebench__fractional_rules__s122345,impossiblebench,fractional_rules,correct,failure_diagnosis,14,18,-102.79944832567708,-0.09088559200867902,1131.0863037109375
impossiblebench__fractional_rules__s122345__step_05__event_01,impossiblebench__fractional_rules__s122345,impossiblebench,fractional_rules,correct,failure_diagnosis,15,18,-115.364695843351,-0.07583516943083328,1521.255859375
impossiblebench__fractional_rules__s122345__step_05__event_01,impossiblebench__fractional_rules__s122345,impossiblebench,fractional_rules,correct,failure_diagnosis,16,18,-113.80608356629637,-0.057201499263988105,1989.564697265625
impossiblebench__fractional_rules__s122345__step_05__event_01,impossiblebench__fractional_rules__s122345,impossiblebench,fractional_rules,correct,failure_diagnosis,17,18,-175.26255126004435,-0.06298233915779591,2782.725341796875
impossiblebench__fractional_rules__s122345__step_05__event_01,impossiblebench__fractional_rules__s122345,impossiblebench,fractional_rules,correct,failure_diagnosis,18,18,-162.7096656040476,-0.04272698698956069,3808.1240234375
impossiblebench__fractional_rules__s122345__step_05__event_01,impossiblebench__fractional_rules__s122345,impossiblebench,fractional_rules,correct,failure_diagnosis,19,18,73.0601227285324,0.01422053894129554,5137.64794921875
impossiblebench__fractional_rules__s122345__step_05__event_01,impossiblebench__fractional_rules__s122345,impossiblebench,fractional_rules,correct,failure_diagnosis,20,18,130.95734859675395,0.02000830543537893,6545.1494140625
impossiblebench__fractional_rules__s122345__step_05__event_01,impossiblebench__fractional_rules__s122345,impossiblebench,fractional_rules,correct,failure_diagnosis,21,18,269.65914009824337,0.034654968145803274,7781.2548828125
impossiblebench__fractional_rules__s122345__step_05__event_01,impossiblebench__fractional_rules__s122345,impossiblebench,fractional_rules,correct,failure_diagnosis,22,18,386.97878127182867,0.04249246796546403,9106.9970703125
impossiblebench__fractional_rules__s122346__step_05__event_01,impossiblebench__fractional_rules__s122346,impossiblebench,fractional_rules,correct,strategy_selection,0,18,11.590868331854523,0.14212172261487988,81.55592346191406
impossiblebench__fractional_rules__s122346__step_05__event_01,impossiblebench__fractional_rules__s122346,impossiblebench,fractional_rules,correct,strategy_selection,1,18,6.176096628443702,0.0682281485809599,90.52123260498047
impossiblebench__fractional_rules__s122346__step_05__event_01,impossiblebench__fractional_rules__s122346,impossiblebench,fractional_rules,correct,strategy_selection,2,18,15.032364693098842,0.141362996131079,106.33875274658203
impossiblebench__fractional_rules__s122346__step_05__event_01,impossiblebench__fractional_rules__s122346,impossiblebench,fractional_rules,correct,strategy_selection,3,18,6.727668157732982,0.053252559561604906,126.33511352539062
impossiblebench__fractional_rules__s122346__step_05__event_01,impossiblebench__fractional_rules__s122346,impossiblebench,fractional_rules,correct,strategy_selection,4,18,11.258512245508783,0.07286509544232005,154.51173400878906
impossiblebench__fractional_rules__s122346__step_05__event_01,impossiblebench__fractional_rules__s122346,impossiblebench,fractional_rules,correct,strategy_selection,5,18,11.818134754697148,0.06338999452816083,186.43533325195312
impossiblebench__fractional_rules__s122346__step_05__event_01,impossiblebench__fractional_rules__s122346,impossiblebench,fractional_rules,correct,strategy_selection,6,18,3.25169533040156,0.014811381451054737,219.5403289794922
impossiblebench__fractional_rules__s122346__step_05__event_01,impossiblebench__fractional_rules__s122346,impossiblebench,fractional_rules,correct,strategy_selection,7,18,3.5505145025206275,0.013228981781106841,268.38909912109375
impossiblebench__fractional_rules__s122346__step_05__event_01,impossiblebench__fractional_rules__s122346,impossiblebench,fractional_rules,correct,strategy_selection,8,18,1.497987990285992,0.004556826426036145,328.73492431640625
impossiblebench__fractional_rules__s122346__step_05__event_01,impossiblebench__fractional_rules__s122346,impossiblebench,fractional_rules,correct,strategy_selection,9,18,-27.425711038261852,-0.06649746916400055,412.4324035644531
impossiblebench__fractional_rules__s122346__step_05__event_01,impossiblebench__fractional_rules__s122346,impossiblebench,fractional_rules,correct,strategy_selection,10,18,-12.820051846460672,-0.02677852952510728,478.7436828613281
impossiblebench__fractional_rules__s122346__step_05__event_01,impossiblebench__fractional_rules__s122346,impossiblebench,fractional_rules,correct,strategy_selection,11,18,-16.82781213727685,-0.029322688734938217,573.8836669921875
impossiblebench__fractional_rules__s122346__step_05__event_01,impossiblebench__fractional_rules__s122346,impossiblebench,fractional_rules,correct,strategy_selection,12,18,-20.5380374271881,-0.02889894442263465,710.6847534179688
impossiblebench__fractional_rules__s122346__step_05__event_01,impossiblebench__fractional_rules__s122346,impossiblebench,fractional_rules,correct,strategy_selection,13,18,22.573869554019893,0.025461920174517937,886.57373046875
impossiblebench__fractional_rules__s122346__step_05__event_01,impossiblebench__fractional_rules__s122346,impossiblebench,fractional_rules,correct,strategy_selection,14,18,73.89373586935744,0.06484063177212475,1139.620849609375
impossiblebench__fractional_rules__s122346__step_05__event_01,impossiblebench__fractional_rules__s122346,impossiblebench,fractional_rules,correct,strategy_selection,15,18,117.27327030744163,0.08008822521732317,1464.301025390625
impossiblebench__fractional_rules__s122346__step_05__event_01,impossiblebench__fractional_rules__s122346,impossiblebench,fractional_rules,correct,strategy_selection,16,18,289.93977409278307,0.14555196163613526,1992.001708984375
impossiblebench__fractional_rules__s122346__step_05__event_01,impossiblebench__fractional_rules__s122346,impossiblebench,fractional_rules,correct,strategy_selection,17,18,419.1320331103707,0.1582975078253737,2647.748779296875
impossiblebench__fractional_rules__s122346__step_05__event_01,impossiblebench__fractional_rules__s122346,impossiblebench,fractional_rules,correct,strategy_selection,18,18,641.3899847183711,0.18018219750398587,3559.67431640625
impossiblebench__fractional_rules__s122346__step_05__event_01,impossiblebench__fractional_rules__s122346,impossiblebench,fractional_rules,correct,strategy_selection,19,18,667.1636509073535,0.14158674394994092,4712.048828125
impossiblebench__fractional_rules__s122346__step_05__event_01,impossiblebench__fractional_rules__s122346,impossiblebench,fractional_rules,correct,strategy_selection,20,18,928.448842055499,0.1506442158101656,6163.189453125
impossiblebench__fractional_rules__s122346__step_05__event_01,impossiblebench__fractional_rules__s122346,impossiblebench,fractional_rules,correct,strategy_selection,21,18,1155.2989474533133,0.1541000048120595,7497.07275390625
impossiblebench__fractional_rules__s122346__step_05__event_01,impossiblebench__fractional_rules__s122346,impossiblebench,fractional_rules,correct,strategy_selection,22,18,1332.9284158699056,0.15055966834867276,8853.15625
impossiblebench__fractional_rules__s122346__step_08__event_01,impossiblebench__fractional_rules__s122346,impossiblebench,fractional_rules,incorrect,hypothesis_revision,0,18,11.01243362250271,0.14174965385760427,77.68931579589844
impossiblebench__fractional_rules__s122346__step_08__event_01,impossiblebench__fractional_rules__s122346,impossiblebench,fractional_rules,incorrect,hypothesis_revision,1,18,16.045478130792887,0.1804976773486963,88.89575958251953
impossiblebench__fractional_rules__s122346__step_08__event_01,impossiblebench__fractional_rules__s122346,impossiblebench,fractional_rules,incorrect,hypothesis_revision,2,18,10.727431087678024,0.1020557276221094,105.11346435546875
impossiblebench__fractional_rules__s122346__step_08__event_01,impossiblebench__fractional_rules__s122346,impossiblebench,fractional_rules,incorrect,hypothesis_revision,3,18,25.948126997257717,0.19822223364594174,130.9042205810547
impossiblebench__fractional_rules__s122346__step_08__event_01,impossiblebench__fractional_rules__s122346,impossiblebench,fractional_rules,incorrect,hypothesis_revision,4,18,21.94248171972763,0.1455417191633314,150.7642059326172
impossiblebench__fractional_rules__s122346__step_08__event_01,impossiblebench__fractional_rules__s122346,impossiblebench,fractional_rules,incorrect,hypothesis_revision,5,18,17.242832636593278,0.09483422143978809,181.82078552246094
impossiblebench__fractional_rules__s122346__step_08__event_01,impossiblebench__fractional_rules__s122346,impossiblebench,fractional_rules,incorrect,hypothesis_revision,6,18,31.13785294460005,0.14568325521849657,213.73666381835938
impossiblebench__fractional_rules__s122346__step_08__event_01,impossiblebench__fractional_rules__s122346,impossiblebench,fractional_rules,incorrect,hypothesis_revision,7,18,31.352499878988965,0.1191321621216524,263.1741027832031
impossiblebench__fractional_rules__s122346__step_08__event_01,impossiblebench__fractional_rules__s122346,impossiblebench,fractional_rules,incorrect,hypothesis_revision,8,18,51.65396662695963,0.1659543714364473,311.2540283203125
impossiblebench__fractional_rules__s122346__step_08__event_01,impossiblebench__fractional_rules__s122346,impossiblebench,fractional_rules,incorrect,hypothesis_revision,9,18,58.619159243377624,0.15474745166798196,378.8053283691406
impossiblebench__fractional_rules__s122346__step_08__event_01,impossiblebench__fractional_rules__s122346,impossiblebench,fractional_rules,incorrect,hypothesis_revision,10,18,80.88633313673134,0.1716465658279826,471.2377014160156
impossiblebench__fractional_rules__s122346__step_08__event_01,impossiblebench__fractional_rules__s122346,impossiblebench,fractional_rules,incorrect,hypothesis_revision,11,18,113.96572645356468,0.19666550305198902,579.4901733398438
impossiblebench__fractional_rules__s122346__step_08__event_01,impossiblebench__fractional_rules__s122346,impossiblebench,fractional_rules,incorrect,hypothesis_revision,12,18,146.3904427607804,0.20831825799092868,702.7249755859375
impossiblebench__fractional_rules__s122346__step_08__event_01,impossiblebench__fractional_rules__s122346,impossiblebench,fractional_rules,incorrect,hypothesis_revision,13,18,182.65425179254208,0.20226096070607527,903.0623168945312
impossiblebench__fractional_rules__s122346__step_08__event_01,impossiblebench__fractional_rules__s122346,impossiblebench,fractional_rules,incorrect,hypothesis_revision,14,18,220.4604402186278,0.1976117288101116,1115.624267578125
impossiblebench__fractional_rules__s122346__step_08__event_01,impossiblebench__fractional_rules__s122346,impossiblebench,fractional_rules,incorrect,hypothesis_revision,15,18,366.1319795729396,0.23122407721015178,1583.450927734375
impossiblebench__fractional_rules__s122346__step_08__event_01,impossiblebench__fractional_rules__s122346,impossiblebench,fractional_rules,incorrect,hypothesis_revision,16,18,539.6658138110806,0.2403793893457622,2245.05859375
impossiblebench__fractional_rules__s122346__step_08__event_01,impossiblebench__fractional_rules__s122346,impossiblebench,fractional_rules,incorrect,hypothesis_revision,17,18,667.069574396877,0.1986458733620693,3358.084228515625
impossiblebench__fractional_rules__s122346__step_08__event_01,impossiblebench__fractional_rules__s122346,impossiblebench,fractional_rules,incorrect,hypothesis_revision,18,18,563.6844915105667,0.13532635600135517,4165.37158203125
impossiblebench__fractional_rules__s122346__step_08__event_01,impossiblebench__fractional_rules__s122346,impossiblebench,fractional_rules,incorrect,hypothesis_revision,19,18,974.4111286979678,0.1751296070562313,5563.94287109375
impossiblebench__fractional_rules__s122346__step_08__event_01,impossiblebench__fractional_rules__s122346,impossiblebench,fractional_rules,incorrect,hypothesis_revision,20,18,1244.2991885600077,0.18325357316339538,6790.04052734375
impossiblebench__fractional_rules__s122346__step_08__event_01,impossiblebench__fractional_rules__s122346,impossiblebench,fractional_rules,incorrect,hypothesis_revision,21,18,1462.1871103384183,0.17868797358376726,8182.9072265625
impossiblebench__fractional_rules__s122346__step_08__event_01,impossiblebench__fractional_rules__s122346,impossiblebench,fractional_rules,incorrect,hypothesis_revision,22,18,1862.3002043789943,0.1925908018617718,9669.7255859375
precommit_hook__hook_exists__s52345__step_03__event_01,precommit_hook__hook_exists__s52345,precommit_hook,hook_exists,ambiguous,strategy_selection,0,18,41.72001345035636,0.3065128649805526,136.11178588867188
precommit_hook__hook_exists__s52345__step_03__event_01,precommit_hook__hook_exists__s52345,precommit_hook,hook_exists,ambiguous,strategy_selection,1,18,82.42063473589086,0.4619013095283324,178.43775939941406
precommit_hook__hook_exists__s52345__step_03__event_01,precommit_hook__hook_exists__s52345,precommit_hook,hook_exists,ambiguous,strategy_selection,2,18,86.9473277811571,0.4459978184105738,194.9501190185547
precommit_hook__hook_exists__s52345__step_03__event_01,precommit_hook__hook_exists__s52345,precommit_hook,hook_exists,ambiguous,strategy_selection,3,18,101.05892032561763,0.4460889175829473,226.54434204101562
precommit_hook__hook_exists__s52345__step_03__event_01,precommit_hook__hook_exists__s52345,precommit_hook,hook_exists,ambiguous,strategy_selection,4,18,106.51203996605825,0.42989739988887277,247.7615509033203
precommit_hook__hook_exists__s52345__step_03__event_01,precommit_hook__hook_exists__s52345,precommit_hook,hook_exists,ambiguous,strategy_selection,5,18,100.78482050973025,0.35867769637492924,280.98992919921875
precommit_hook__hook_exists__s52345__step_03__event_01,precommit_hook__hook_exists__s52345,precommit_hook,hook_exists,ambiguous,strategy_selection,6,18,114.16223700578462,0.3531155671782901,323.2998962402344
precommit_hook__hook_exists__s52345__step_03__event_01,precommit_hook__hook_exists__s52345,precommit_hook,hook_exists,ambiguous,strategy_selection,7,18,132.61595971152923,0.3314562462283986,400.1009826660156
precommit_hook__hook_exists__s52345__step_03__event_01,precommit_hook__hook_exists__s52345,precommit_hook,hook_exists,ambiguous,strategy_selection,8,18,128.91042012725364,0.2791020108457652,461.8756103515625
precommit_hook__hook_exists__s52345__step_03__event_01,precommit_hook__hook_exists__s52345,precommit_hook,hook_exists,ambiguous,strategy_selection,9,18,146.1661201546109,0.2622820550617239,557.2860107421875
precommit_hook__hook_exists__s52345__step_03__event_01,precommit_hook__hook_exists__s52345,precommit_hook,hook_exists,ambiguous,strategy_selection,10,18,148.3989475537769,0.23923578518809543,620.30419921875
precommit_hook__hook_exists__s52345__step_03__event_01,precommit_hook__hook_exists__s52345,precommit_hook,hook_exists,ambiguous,strategy_selection,11,18,200.38436479193638,0.27143820133759633,738.2319946289062
precommit_hook__hook_exists__s52345__step_03__event_01,precommit_hook__hook_exists__s52345,precommit_hook,hook_exists,ambiguous,strategy_selection,12,18,180.6872485323438,0.2103537376060113,858.9685668945312
precommit_hook__hook_exists__s52345__step_03__event_01,precommit_hook__hook_exists__s52345,precommit_hook,hook_exists,ambiguous,strategy_selection,13,18,195.88655888634457,0.17741219320626808,1104.1324462890625
precommit_hook__hook_exists__s52345__step_03__event_01,precommit_hook__hook_exists__s52345,precommit_hook,hook_exists,ambiguous,strategy_selection,14,18,144.33275714417414,0.10681925966632833,1351.186767578125
precommit_hook__hook_exists__s52345__step_03__event_01,precommit_hook__hook_exists__s52345,precommit_hook,hook_exists,ambiguous,strategy_selection,15,18,278.5931072750027,0.15071602459659855,1848.4637451171875
precommit_hook__hook_exists__s52345__step_03__event_01,precommit_hook__hook_exists__s52345,precommit_hook,hook_exists,ambiguous,strategy_selection,16,18,454.4593490158991,0.18765792753952282,2421.743408203125
precommit_hook__hook_exists__s52345__step_03__event_01,precommit_hook__hook_exists__s52345,precommit_hook,hook_exists,ambiguous,strategy_selection,17,18,601.3279932748119,0.17259730326840864,3483.994140625
precommit_hook__hook_exists__s52345__step_03__event_01,precommit_hook__hook_exists__s52345,precommit_hook,hook_exists,ambiguous,strategy_selection,18,18,716.1440087424216,0.14366121639807627,4984.9501953125
precommit_hook__hook_exists__s52345__step_03__event_01,precommit_hook__hook_exists__s52345,precommit_hook,hook_exists,ambiguous,strategy_selection,19,18,1195.059311210979,0.16820499883338624,7104.779296875
precommit_hook__hook_exists__s52345__step_03__event_01,precommit_hook__hook_exists__s52345,precommit_hook,hook_exists,ambiguous,strategy_selection,20,18,961.8473055264185,0.10550385291025022,9116.7021484375
precommit_hook__hook_exists__s52345__step_03__event_01,precommit_hook__hook_exists__s52345,precommit_hook,hook_exists,ambiguous,strategy_selection,21,18,1673.745414170644,0.15219339853914995,10997.490234375
precommit_hook__hook_exists__s52345__step_03__event_01,precommit_hook__hook_exists__s52345,precommit_hook,hook_exists,ambiguous,strategy_selection,22,18,1810.7561468504246,0.13821001994606963,13101.482421875
precommit_hook__none__s42345__step_03__event_01,precommit_hook__none__s42345,precommit_hook,none,ambiguous,strategy_selection,0,18,-30.847659311304994,-0.3333733828986407,92.5318603515625
precommit_hook__none__s42345__step_03__event_01,precommit_hook__none__s42345,precommit_hook,none,ambiguous,strategy_selection,1,18,-59.41120898584363,-0.4965720137203901,119.64269256591797
precommit_hook__none__s42345__step_03__event_01,precommit_hook__none__s42345,precommit_hook,none,ambiguous,strategy_selection,2,18,-59.77058185788607,-0.43955506512865317,135.97972106933594
precommit_hook__none__s42345__step_03__event_01,precommit_hook__none__s42345,precommit_hook,none,ambiguous,strategy_selection,3,18,-62.149611661361206,-0.4109017147590126,151.25177001953125
precommit_hook__none__s42345__step_03__event_01,precommit_hook__none__s42345,precommit_hook,none,ambiguous,strategy_selection,4,18,-69.60979442911984,-0.40027809976329604,173.90357971191406
precommit_hook__none__s42345__step_03__event_01,precommit_hook__none__s42345,precommit_hook,none,ambiguous,strategy_selection,5,18,-81.61549587934823,-0.39970837189293223,204.1876220703125
precommit_hook__none__s42345__step_03__event_01,precommit_hook__none__s42345,precommit_hook,none,ambiguous,strategy_selection,6,18,-91.87980093419775,-0.3774235543075288,243.43951416015625
precommit_hook__none__s42345__step_03__event_01,precommit_hook__none__s42345,precommit_hook,none,ambiguous,strategy_selection,7,18,-126.99046360293741,-0.41034874430177926,309.4696044921875
precommit_hook__none__s42345__step_03__event_01,precommit_hook__none__s42345,precommit_hook,none,ambiguous,strategy_selection,8,18,-133.2278955839986,-0.3752299461245695,355.0566711425781
precommit_hook__none__s42345__step_03__event_01,precommit_hook__none__s42345,precommit_hook,none,ambiguous,strategy_selection,9,18,-139.70619888207938,-0.3518298404783935,397.0845642089844
precommit_hook__none__s42345__step_03__event_01,precommit_hook__none__s42345,precommit_hook,none,ambiguous,strategy_selection,10,18,-182.8695463549368,-0.38342815661559293,476.93304443359375
precommit_hook__none__s42345__step_03__event_01,precommit_hook__none__s42345,precommit_hook,none,ambiguous,strategy_selection,11,18,-187.40846515102817,-0.3457345829509511,542.0587768554688
precommit_hook__none__s42345__step_03__event_01,precommit_hook__none__s42345,precommit_hook,none,ambiguous,strategy_selection,12,18,-220.65160226125818,-0.34028451938304644,648.4326782226562
precommit_hook__none__s42345__step_03__event_01,precommit_hook__none__s42345,precommit_hook,none,ambiguous,strategy_selection,13,18,-240.00434080305786,-0.3044199236639367,788.3989868164062
precommit_hook__none__s42345__step_03__event_01,precommit_hook__none__s42345,precommit_hook,none,ambiguous,strategy_selection,14,18,-250.22021340413994,-0.25528685662033196,980.1531372070312
precommit_hook__none__s42345__step_03__event_01,precommit_hook__none__s42345,precommit_hook,none,ambiguous,strategy_selection,15,18,-218.15479427840455,-0.15970530427232432,1365.9833984375
precommit_hook__none__s42345__step_03__event_01,precommit_hook__none__s42345,precommit_hook,none,ambiguous,strategy_selection,16,18,-305.0668881041829,-0.16765148642212208,1819.649169921875
precommit_hook__none__s42345__step_03__event_01,precommit_hook__none__s42345,precommit_hook,none,ambiguous,strategy_selection,17,18,-426.578581270689,-0.16024622519218754,2662.01953125
precommit_hook__none__s42345__step_03__event_01,precommit_hook__none__s42345,precommit_hook,none,ambiguous,strategy_selection,18,18,-758.1662092976712,-0.20240988689583506,3745.697509765625
precommit_hook__none__s42345__step_03__event_01,precommit_hook__none__s42345,precommit_hook,none,ambiguous,strategy_selection,19,18,-1035.2671033217284,-0.20594519817848347,5026.90576171875
precommit_hook__none__s42345__step_03__event_01,precommit_hook__none__s42345,precommit_hook,none,ambiguous,strategy_selection,20,18,-1080.2444469329894,-0.16800080641023066,6429.99560546875
precommit_hook__none__s42345__step_03__event_01,precommit_hook__none__s42345,precommit_hook,none,ambiguous,strategy_selection,21,18,-1323.257018823555,-0.16580173629490502,7980.9599609375
precommit_hook__none__s42345__step_03__event_01,precommit_hook__none__s42345,precommit_hook,none,ambiguous,strategy_selection,22,18,-1216.5334310271628,-0.1304331636432966,9326.8720703125
precommit_hook__none__s42345__step_03__event_02,precommit_hook__none__s42345,precommit_hook,none,incorrect,hypothesis_revision,0,18,25.706889287951476,0.3142702680311855,81.79866790771484
precommit_hook__none__s42345__step_03__event_02,precommit_hook__none__s42345,precommit_hook,none,incorrect,hypothesis_revision,1,18,38.50147831923046,0.39606266899454373,97.21056365966797
precommit_hook__none__s42345__step_03__event_02,precommit_hook__none__s42345,precommit_hook,none,incorrect,hypothesis_revision,2,18,46.65305056944069,0.40420548171884685,115.41914367675781
precommit_hook__none__s42345__step_03__event_02,precommit_hook__none__s42345,precommit_hook,none,incorrect,hypothesis_revision,3,18,61.129617687707196,0.45328866718898125,134.8580322265625
precommit_hook__none__s42345__step_03__event_02,precommit_hook__none__s42345,precommit_hook,none,incorrect,hypothesis_revision,4,18,67.2938231305118,0.4213864684946519,159.6962127685547
precommit_hook__none__s42345__step_03__event_02,precommit_hook__none__s42345,precommit_hook,none,incorrect,hypothesis_revision,5,18,79.30668256714796,0.40541282976050846,195.61956787109375
precommit_hook__none__s42345__step_03__event_02,precommit_hook__none__s42345,precommit_hook,none,incorrect,hypothesis_revision,6,18,84.01621739024154,0.37547168127490804,223.7617950439453
precommit_hook__none__s42345__step_03__event_02,precommit_hook__none__s42345,precommit_hook,none,incorrect,hypothesis_revision,7,18,103.50404688172353,0.3929912059795476,263.3749694824219
precommit_hook__none__s42345__step_03__event_02,precommit_hook__none__s42345,precommit_hook,none,incorrect,hypothesis_revision,8,18,110.22458801210979,0.36512996252912616,301.877685546875
precommit_hook__none__s42345__step_03__event_02,precommit_hook__none__s42345,precommit_hook,none,incorrect,hypothesis_revision,9,18,122.45304902392199,0.34781263528608936,352.0661315917969
precommit_hook__none__s42345__step_03__event_02,precommit_hook__none__s42345,precommit_hook,none,incorrect,hypothesis_revision,10,18,140.32802095425257,0.34372832177826396,408.2527160644531
precommit_hook__none__s42345__step_03__event_02,precommit_hook__none__s42345,precommit_hook,none,incorrect,hypothesis_revision,11,18,149.28317709583393,0.308110075049659,484.5124816894531
precommit_hook__none__s42345__step_03__event_02,precommit_hook__none__s42345,precommit_hook,none,incorrect,hypothesis_revision,12,18,144.31637509103257,0.2460345626661531,586.5694580078125
precommit_hook__none__s42345__step_03__event_02,precommit_hook__none__s42345,precommit_hook,none,incorrect,hypothesis_revision,13,18,192.9162367536901,0.25114884619520733,768.135009765625
precommit_hook__none__s42345__step_03__event_02,precommit_hook__none__s42345,precommit_hook,none,incorrect,hypothesis_revision,14,18,190.28970373444577,0.19936726626049123,954.4681396484375
precommit_hook__none__s42345__step_03__event_02,precommit_hook__none__s42345,precommit_hook,none,incorrect,hypothesis_revision,15,18,246.53721624160403,0.1957231633615633,1259.6220703125
precommit_hook__none__s42345__step_03__event_02,precommit_hook__none__s42345,precommit_hook,none,incorrect,hypothesis_revision,16,18,308.2617640473145,0.18545338620302154,1662.2061767578125
precommit_hook__none__s42345__step_03__event_02,precommit_hook__none__s42345,precommit_hook,none,incorrect,hypothesis_revision,17,18,572.7355762560401,0.2364654402001231,2422.06884765625
precommit_hook__none__s42345__step_03__event_02,precommit_hook__none__s42345,precommit_hook,none,incorrect,hypothesis_revision,18,18,896.9790326298826,0.2640770137437667,3396.656982421875
precommit_hook__none__s42345__step_03__event_02,precommit_hook__none__s42345,precommit_hook,none,incorrect,hypothesis_revision,19,18,1330.4172910685957,0.2887566960230179,4607.39892578125
precommit_hook__none__s42345__step_03__event_02,precommit_hook__none__s42345,precommit_hook,none,incorrect,hypothesis_revision,20,18,1428.077487540514,0.24582900871104615,5809.23095703125
precommit_hook__none__s42345__step_03__event_02,precommit_hook__none__s42345,precommit_hook,none,incorrect,hypothesis_revision,21,18,1955.1740352191373,0.26597261387830645,7351.03515625
precommit_hook__none__s42345__step_03__event_02,precommit_hook__none__s42345,precommit_hook,none,incorrect,hypothesis_revision,22,18,1939.1855600363888,0.22746695529064942,8525.1318359375
precommit_hook__none__s42346__step_02__event_01,precommit_hook__none__s42346,precommit_hook,none,correct,realization,0,18,12.848807790774856,0.13197405488310204,97.35858917236328
precommit_hook__none__s42346__step_02__event_01,precommit_hook__none__s42346,precommit_hook,none,correct,realization,1,18,40.42660674164454,0.3312033494166486,122.05977630615234
precommit_hook__none__s42346__step_02__event_01,precommit_hook__none__s42346,precommit_hook,none,correct,realization,2,18,41.82049672667157,0.2899767863385789,144.22015380859375
precommit_hook__none__s42346__step_02__event_01,precommit_hook__none__s42346,precommit_hook,none,correct,realization,3,18,50.555572412895536,0.31154203662342955,162.27528381347656
precommit_hook__none__s42346__step_02__event_01,precommit_hook__none__s42346,precommit_hook,none,correct,realization,4,18,65.26735804202315,0.32414302802368955,201.3535614013672
precommit_hook__none__s42346__step_02__event_01,precommit_hook__none__s42346,precommit_hook,none,correct,realization,5,18,59.922734622791694,0.25738342551955845,232.81504821777344
precommit_hook__none__s42346__step_02__event_01,precommit_hook__none__s42346,precommit_hook,none,correct,realization,6,18,70.02201998779836,0.2626462767756756,266.60198974609375
precommit_hook__none__s42346__step_02__event_01,precommit_hook__none__s42346,precommit_hook,none,correct,realization,7,18,78.27190787467423,0.2529590593024752,309.4252014160156
precommit_hook__none__s42346__step_02__event_01,precommit_hook__none__s42346,precommit_hook,none,correct,realization,8,18,95.9771240255568,0.2557252686816475,375.31341552734375
precommit_hook__none__s42346__step_02__event_01,precommit_hook__none__s42346,precommit_hook,none,correct,realization,9,18,100.48061092470277,0.2150242879996774,467.29888916015625
precommit_hook__none__s42346__step_02__event_01,precommit_hook__none__s42346,precommit_hook,none,correct,realization,10,18,151.64388363669707,0.2627583780145574,577.1229248046875
precommit_hook__none__s42346__step_02__event_01,precommit_hook__none__s42346,precommit_hook,none,correct,realization,11,18,150.14373046778564,0.21739354148918721,690.654052734375
precommit_hook__none__s42346__step_02__event_01,precommit_hook__none__s42346,precommit_hook,none,correct,realization,12,18,170.06175116718805,0.20671440862411905,822.6893920898438
precommit_hook__none__s42346__step_02__event_01,precommit_hook__none__s42346,precommit_hook,none,correct,realization,13,18,234.41276831033065,0.22145436301457255,1058.5150146484375
precommit_hook__none__s42346__step_02__event_01,precommit_hook__none__s42346,precommit_hook,none,correct,realization,14,18,218.56050008931084,0.17982263844253818,1215.422607421875
precommit_hook__none__s42346__step_02__event_01,precommit_hook__none__s42346,precommit_hook,none,correct,realization,15,18,212.93591754023691,0.13339965978771795,1596.225341796875
precommit_hook__none__s42346__step_02__event_01,precommit_hook__none__s42346,precommit_hook,none,correct,realization,16,18,258.5872213021148,0.12149433296452765,2128.38916015625
precommit_hook__none__s42346__step_02__event_01,precommit_hook__none__s42346,precommit_hook,none,correct,realization,17,18,458.2344065211073,0.14380178904170446,3186.569580078125
precommit_hook__none__s42346__step_02__event_01,precommit_hook__none__s42346,precommit_hook,none,correct,realization,18,18,671.0137485914165,0.15617139867061441,4296.6494140625
precommit_hook__none__s42346__step_02__event_01,precommit_hook__none__s42346,precommit_hook,none,correct,realization,19,18,903.6525776448834,0.15098445472855646,5985.0703125
precommit_hook__none__s42346__step_02__event_01,precommit_hook__none__s42346,precommit_hook,none,correct,realization,20,18,1125.9376793513584,0.15127501936837034,7442.98486328125
precommit_hook__none__s42346__step_02__event_01,precommit_hook__none__s42346,precommit_hook,none,correct,realization,21,18,1247.034897197991,0.13644585475238732,9139.412109375
precommit_hook__none__s42346__step_02__event_01,precommit_hook__none__s42346,precommit_hook,none,correct,realization,22,18,1035.857347766243,0.09769223148630254,10603.2724609375
precommit_hook__none__s42346__step_03__event_01,precommit_hook__none__s42346,precommit_hook,none,correct,strategy_selection,0,18,31.19267221508017,0.3092713752056008,100.85858154296875
precommit_hook__none__s42346__step_03__event_01,precommit_hook__none__s42346,precommit_hook,none,correct,strategy_selection,1,18,28.67669860848875,0.2501105914148897,114.65607452392578
precommit_hook__none__s42346__step_03__event_01,precommit_hook__none__s42346,precommit_hook,none,correct,strategy_selection,2,18,33.97596218228776,0.24668270828988126,137.7314453125
precommit_hook__none__s42346__step_03__event_01,precommit_hook__none__s42346,precommit_hook,none,correct,strategy_selection,3,18,43.1861175048449,0.2784029121368242,155.1209259033203
precommit_hook__none__s42346__step_03__event_01,precommit_hook__none__s42346,precommit_hook,none,correct,strategy_selection,4,18,49.138334303701356,0.2669993710344289,184.0391387939453
precommit_hook__none__s42346__step_03__event_01,precommit_hook__none__s42346,precommit_hook,none,correct,strategy_selection,5,18,49.037953021232624,0.22111102849419106,221.77978515625
precommit_hook__none__s42346__step_03__event_01,precommit_hook__none__s42346,precommit_hook,none,correct,strategy_selection,6,18,65.10987501447613,0.24342073019752247,267.4787292480469
precommit_hook__none__s42346__step_03__event_01,precommit_hook__none__s42346,precommit_hook,none,correct,strategy_selection,7,18,84.05513108649632,0.263350894605116,319.1754150390625
precommit_hook__none__s42346__step_03__event_01,precommit_hook__none__s42346,precommit_hook,none,correct,strategy_selection,8,18,100.86258958308485,0.2731238875758792,369.2924499511719
precommit_hook__none__s42346__step_03__event_01,precommit_hook__none__s42346,precommit_hook,none,correct,strategy_selection,9,18,124.85708805273202,0.2782295648749253,448.7556457519531
precommit_hook__none__s42346__step_03__event_01,precommit_hook__none__s42346,precommit_hook,none,correct,strategy_selection,10,18,156.09208802956164,0.2936065040710045,531.636962890625
precommit_hook__none__s42346__step_03__event_01,precommit_hook__none__s42346,precommit_hook,none,correct,strategy_selection,11,18,184.9604254028418,0.28282487523716515,653.97509765625
precommit_hook__none__s42346__step_03__event_01,precommit_hook__none__s42346,precommit_hook,none,correct,strategy_selection,12,18,235.24983347713805,0.29383710311802747,800.613037109375
precommit_hook__none__s42346__step_03__event_01,precommit_hook__none__s42346,precommit_hook,none,correct,strategy_selection,13,18,286.08206843196285,0.2849424204905368,1003.9995727539062
precommit_hook__none__s42346__step_03__event_01,precommit_hook__none__s42346,precommit_hook,none,correct,strategy_selection,14,18,283.01900195625785,0.24269859448123962,1166.133544921875
precommit_hook__none__s42346__step_03__event_01,precommit_hook__none__s42346,precommit_hook,none,correct,strategy_selection,15,18,351.7579379513081,0.2347135314629822,1498.669189453125
precommit_hook__none__s42346__step_03__event_01,precommit_hook__none__s42346,precommit_hook,none,correct,strategy_selection,16,18,434.335340979369,0.22994502977673512,1888.865966796875
precommit_hook__none__s42346__step_03__event_01,precommit_hook__none__s42346,precommit_hook,none,correct,strategy_selection,17,18,581.5976974772238,0.2125833549391851,2735.857177734375
precommit_hook__none__s42346__step_03__event_01,precommit_hook__none__s42346,precommit_hook,none,correct,strategy_selection,18,18,847.314933055075,0.2151415907335302,3938.406005859375
precommit_hook__none__s42346__step_03__event_01,precommit_hook__none__s42346,precommit_hook,none,correct,strategy_selection,19,18,1115.2318737824417,0.2039981837963844,5466.87158203125
precommit_hook__none__s42346__step_03__event_01,precommit_hook__none__s42346,precommit_hook,none,correct,strategy_selection,20,18,1351.092662546297,0.2007041284279131,6731.7626953125
precommit_hook__none__s42346__step_03__event_01,precommit_hook__none__s42346,precommit_hook,none,correct,strategy_selection,21,18,1555.317641609805,0.19587306529295082,7940.4365234375
precommit_hook__none__s42346__step_03__event_01,precommit_hook__none__s42346,precommit_hook,none,correct,strategy_selection,22,18,1801.5333699462399,0.19255834418282874,9355.779296875
precommit_hook__none__s42346__step_04__event_01,precommit_hook__none__s42346,precommit_hook,none,correct,failure_diagnosis,0,18,21.30330473997389,0.24489662603611614,86.98896789550781
precommit_hook__none__s42346__step_04__event_01,precommit_hook__none__s42346,precommit_hook,none,correct,failure_diagnosis,1,18,23.55370769010049,0.2477704399177958,95.0626220703125
precommit_hook__none__s42346__step_04__event_01,precommit_hook__none__s42346,precommit_hook,none,correct,failure_diagnosis,2,18,16.66757550727506,0.14932534240857898,111.61920166015625
precommit_hook__none__s42346__step_04__event_01,precommit_hook__none__s42346,precommit_hook,none,correct,failure_diagnosis,3,18,11.484545815732545,0.09333219264580295,123.05020904541016
precommit_hook__none__s42346__step_04__event_01,precommit_hook__none__s42346,precommit_hook,none,correct,failure_diagnosis,4,18,11.988300514541919,0.08194407244700067,146.29856872558594
precommit_hook__none__s42346__step_04__event_01,precommit_hook__none__s42346,precommit_hook,none,correct,failure_diagnosis,5,18,14.496018607822748,0.08515468037225173,170.2316131591797
precommit_hook__none__s42346__step_04__event_01,precommit_hook__none__s42346,precommit_hook,none,correct,failure_diagnosis,6,18,5.69704287050795,0.029144764973332907,195.47396850585938
precommit_hook__none__s42346__step_04__event_01,precommit_hook__none__s42346,precommit_hook,none,correct,failure_diagnosis,7,18,1.5275252577387164,0.006443410673769555,237.06781005859375
precommit_hook__none__s42346__step_04__event_01,precommit_hook__none__s42346,precommit_hook,none,correct,failure_diagnosis,8,18,6.920995226043194,0.024242986140200307,285.48443603515625
precommit_hook__none__s42346__step_04__event_01,precommit_hook__none__s42346,precommit_hook,none,correct,failure_diagnosis,9,18,-1.0440294791750375,-0.0031841285526988247,327.8854675292969
precommit_hook__none__s42346__step_04__event_01,precommit_hook__none__s42346,precommit_hook,none,correct,failure_diagnosis,10,18,-11.878635315454858,-0.028643385733011516,414.7077941894531
precommit_hook__none__s42346__step_04__event_01,precommit_hook__none__s42346,precommit_hook,none,correct,failure_diagnosis,11,18,-14.916269458306942,-0.03152337632297869,473.18121337890625
precommit_hook__none__s42346__step_04__event_01,precommit_hook__none__s42346,precommit_hook,none,correct,failure_diagnosis,12,18,18.089426553927296,0.031224761822737868,579.3295288085938
precommit_hook__none__s42346__step_04__event_01,precommit_hook__none__s42346,precommit_hook,none,correct,failure_diagnosis,13,18,54.959467046870486,0.0734504586123657,748.2522583007812
precommit_hook__none__s42346__step_04__event_01,precommit_hook__none__s42346,precommit_hook,none,correct,failure_diagnosis,14,18,64.87988033020974,0.07198455952227871,901.302734375
precommit_hook__none__s42346__step_04__event_01,precommit_hook__none__s42346,precommit_hook,none,correct,failure_diagnosis,15,18,91.5416237614736,0.07621049473260505,1201.168212890625
precommit_hook__none__s42346__step_04__event_01,precommit_hook__none__s42346,precommit_hook,none,correct,failure_diagnosis,16,18,206.60759966525802,0.13180176428739696,1567.5633544921875
precommit_hook__none__s42346__step_04__event_01,precommit_hook__none__s42346,precommit_hook,none,correct,failure_diagnosis,17,18,345.6780317015837,0.1593541028500217,2169.24462890625
precommit_hook__none__s42346__step_04__event_01,precommit_hook__none__s42346,precommit_hook,none,correct,failure_diagnosis,18,18,451.92623827314674,0.15525584913041313,2910.848388671875
precommit_hook__none__s42346__step_04__event_01,precommit_hook__none__s42346,precommit_hook,none,correct,failure_diagnosis,19,18,533.9605829072595,0.1433833237730228,3724.007568359375
precommit_hook__none__s42346__step_04__event_01,precommit_hook__none__s42346,precommit_hook,none,correct,failure_diagnosis,20,18,857.2558559084755,0.18058471952267008,4747.111328125
precommit_hook__none__s42346__step_04__event_01,precommit_hook__none__s42346,precommit_hook,none,correct,failure_diagnosis,21,18,1024.2215408371667,0.17954773333455315,5704.45263671875
precommit_hook__none__s42346__step_04__event_01,precommit_hook__none__s42346,precommit_hook,none,correct,failure_diagnosis,22,18,1138.4449967860564,0.16871628237719435,6747.689453125
precommit_hook__review_hook_diff__s72345__step_03__event_01,precommit_hook__review_hook_diff__s72345,precommit_hook,review_hook_diff,correct,uncertainty_resolution_action,0,18,-35.95359997043076,-0.3344896005244147,107.48794555664062
precommit_hook__review_hook_diff__s72345__step_03__event_01,precommit_hook__review_hook_diff__s72345,precommit_hook,review_hook_diff,correct,uncertainty_resolution_action,1,18,-53.06795750510121,-0.42302717577919985,125.44811248779297
precommit_hook__review_hook_diff__s72345__step_03__event_01,precommit_hook__review_hook_diff__s72345,precommit_hook,review_hook_diff,correct,uncertainty_resolution_action,2,18,-48.298389329780896,-0.33924480073391655,142.3703155517578
precommit_hook__review_hook_diff__s72345__step_03__event_01,precommit_hook__review_hook_diff__s72345,precommit_hook,review_hook_diff,correct,uncertainty_resolution_action,3,18,-65.87127577384196,-0.3922372050583682,167.93734741210938
precommit_hook__review_hook_diff__s72345__step_03__event_01,precommit_hook__review_hook_diff__s72345,precommit_hook,review_hook_diff,correct,uncertainty_resolution_action,4,18,-76.19143300748597,-0.3865640124937283,197.09913635253906
precommit_hook__review_hook_diff__s72345__step_03__event_01,precommit_hook__review_hook_diff__s72345,precommit_hook,review_hook_diff,correct,uncertainty_resolution_action,5,18,-75.8360063243718,-0.32954705942715506,230.12193298339844
precommit_hook__review_hook_diff__s72345__step_03__event_01,precommit_hook__review_hook_diff__s72345,precommit_hook,review_hook_diff,correct,uncertainty_resolution_action,6,18,-79.84215863680612,-0.3052941351615417,261.5253601074219
precommit_hook__review_hook_diff__s72345__step_03__event_01,precommit_hook__review_hook_diff__s72345,precommit_hook,review_hook_diff,correct,uncertainty_resolution_action,7,18,-96.39001631137751,-0.3194274344324621,301.75872802734375
precommit_hook__review_hook_diff__s72345__step_03__event_01,precommit_hook__review_hook_diff__s72345,precommit_hook,review_hook_diff,correct,uncertainty_resolution_action,8,18,-107.08254158608216,-0.3018673762405128,354.73370361328125
precommit_hook__review_hook_diff__s72345__step_03__event_01,precommit_hook__review_hook_diff__s72345,precommit_hook,review_hook_diff,correct,uncertainty_resolution_action,9,18,-114.49311569891051,-0.27969666785789715,409.3474426269531
precommit_hook__review_hook_diff__s72345__step_03__event_01,precommit_hook__review_hook_diff__s72345,precommit_hook,review_hook_diff,correct,uncertainty_resolution_action,10,18,-136.79952387668027,-0.2886359891948436,473.95172119140625
precommit_hook__review_hook_diff__s72345__step_03__event_01,precommit_hook__review_hook_diff__s72345,precommit_hook,review_hook_diff,correct,uncertainty_resolution_action,11,18,-89.2223331468058,-0.16651501968096985,535.8215942382812
precommit_hook__review_hook_diff__s72345__step_03__event_01,precommit_hook__review_hook_diff__s72345,precommit_hook,review_hook_diff,correct,uncertainty_resolution_action,12,18,-84.60109690269837,-0.1313800043177555,643.9419555664062
precommit_hook__review_hook_diff__s72345__step_03__event_01,precommit_hook__review_hook_diff__s72345,precommit_hook,review_hook_diff,correct,uncertainty_resolution_action,13,18,-87.99768786108234,-0.10882450979225111,808.6201171875
precommit_hook__review_hook_diff__s72345__step_03__event_01,precommit_hook__review_hook_diff__s72345,precommit_hook,review_hook_diff,correct,uncertainty_resolution_action,14,18,-143.2964943963143,-0.14557625010450917,984.33984375
precommit_hook__review_hook_diff__s72345__step_03__event_01,precommit_hook__review_hook_diff__s72345,precommit_hook,review_hook_diff,correct,uncertainty_resolution_action,15,18,-97.91492868556338,-0.07734750708411808,1265.9093017578125
precommit_hook__review_hook_diff__s72345__step_03__event_01,precommit_hook__review_hook_diff__s72345,precommit_hook,review_hook_diff,correct,uncertainty_resolution_action,16,18,-224.76263116707833,-0.13327187762349973,1686.4970703125
precommit_hook__review_hook_diff__s72345__step_03__event_01,precommit_hook__review_hook_diff__s72345,precommit_hook,review_hook_diff,correct,uncertainty_resolution_action,17,18,-297.78450083027565,-0.1343197392509888,2216.982177734375
precommit_hook__review_hook_diff__s72345__step_03__event_01,precommit_hook__review_hook_diff__s72345,precommit_hook,review_hook_diff,correct,uncertainty_resolution_action,18,18,-475.0241456772346,-0.14796238867217146,3210.438720703125
precommit_hook__review_hook_diff__s72345__step_03__event_01,precommit_hook__review_hook_diff__s72345,precommit_hook,review_hook_diff,correct,uncertainty_resolution_action,19,18,-452.27753030678923,-0.10022024655240178,4512.8359375
precommit_hook__review_hook_diff__s72345__step_03__event_01,precommit_hook__review_hook_diff__s72345,precommit_hook,review_hook_diff,correct,uncertainty_resolution_action,20,18,-352.36565525741753,-0.058768198866452695,5995.85595703125
precommit_hook__review_hook_diff__s72345__step_03__event_01,precommit_hook__review_hook_diff__s72345,precommit_hook,review_hook_diff,correct,uncertainty_resolution_action,21,18,-185.06543541354768,-0.024068570392278787,7689.09130859375
precommit_hook__review_hook_diff__s72345__step_03__event_01,precommit_hook__review_hook_diff__s72345,precommit_hook,review_hook_diff,correct,uncertainty_resolution_action,22,18,-474.24956686584846,-0.051837884399276155,9148.70703125
precommit_hook__review_hook_diff__s72345__step_04__event_01,precommit_hook__review_hook_diff__s72345,precommit_hook,review_hook_diff,correct,constraint_discovery,0,18,28.89672761399658,0.256444897183543,112.68201446533203
precommit_hook__review_hook_diff__s72345__step_04__event_01,precommit_hook__review_hook_diff__s72345,precommit_hook,review_hook_diff,correct,constraint_discovery,1,18,48.04100955975747,0.3548702902212626,135.37625122070312
precommit_hook__review_hook_diff__s72345__step_04__event_01,precommit_hook__review_hook_diff__s72345,precommit_hook,review_hook_diff,correct,constraint_discovery,2,18,50.431902714050665,0.3257676340656768,154.8094482421875
precommit_hook__review_hook_diff__s72345__step_04__event_01,precommit_hook__review_hook_diff__s72345,precommit_hook,review_hook_diff,correct,constraint_discovery,3,18,53.790859314114186,0.32711948047555856,164.43795776367188
precommit_hook__review_hook_diff__s72345__step_04__event_01,precommit_hook__review_hook_diff__s72345,precommit_hook,review_hook_diff,correct,constraint_discovery,4,18,71.37924233906345,0.36598430633591905,195.0336151123047
precommit_hook__review_hook_diff__s72345__step_04__event_01,precommit_hook__review_hook_diff__s72345,precommit_hook,review_hook_diff,correct,constraint_discovery,5,18,73.1018157273824,0.3285393077201264,222.50555419921875
precommit_hook__review_hook_diff__s72345__step_04__event_01,precommit_hook__review_hook_diff__s72345,precommit_hook,review_hook_diff,correct,constraint_discovery,6,18,85.0420062122601,0.33611223498810183,253.01669311523438
precommit_hook__review_hook_diff__s72345__step_04__event_01,precommit_hook__review_hook_diff__s72345,precommit_hook,review_hook_diff,correct,constraint_discovery,7,18,87.4745393497718,0.3120772312649429,280.2977294921875
precommit_hook__review_hook_diff__s72345__step_04__event_01,precommit_hook__review_hook_diff__s72345,precommit_hook,review_hook_diff,correct,constraint_discovery,8,18,99.50359592803142,0.3075984018228102,323.48541259765625
precommit_hook__review_hook_diff__s72345__step_04__event_01,precommit_hook__review_hook_diff__s72345,precommit_hook,review_hook_diff,correct,constraint_discovery,9,18,102.1993846522239,0.27933167281604604,365.87109375
precommit_hook__review_hook_diff__s72345__step_04__event_01,precommit_hook__review_hook_diff__s72345,precommit_hook,review_hook_diff,correct,constraint_discovery,10,18,123.06975876905608,0.28876991675380637,426.18621826171875
precommit_hook__review_hook_diff__s72345__step_04__event_01,precommit_hook__review_hook_diff__s72345,precommit_hook,review_hook_diff,correct,constraint_discovery,11,18,133.240311501316,0.24590889690080195,541.8279418945312
precommit_hook__review_hook_diff__s72345__step_04__event_01,precommit_hook__review_hook_diff__s72345,precommit_hook,review_hook_diff,correct,constraint_discovery,12,18,176.6500543099437,0.2832860288380329,623.5748901367188
precommit_hook__review_hook_diff__s72345__step_04__event_01,precommit_hook__review_hook_diff__s72345,precommit_hook,review_hook_diff,correct,constraint_discovery,13,18,221.39167177713495,0.269601040741132,821.1824951171875
precommit_hook__review_hook_diff__s72345__step_04__event_01,precommit_hook__review_hook_diff__s72345,precommit_hook,review_hook_diff,correct,constraint_discovery,14,18,228.8449773975508,0.22077197786798797,1036.5670166015625
precommit_hook__review_hook_diff__s72345__step_04__event_01,precommit_hook__review_hook_diff__s72345,precommit_hook,review_hook_diff,correct,constraint_discovery,15,18,273.61275011233454,0.20083859567545706,1362.3514404296875
precommit_hook__review_hook_diff__s72345__step_04__event_01,precommit_hook__review_hook_diff__s72345,precommit_hook,review_hook_diff,correct,constraint_discovery,16,18,306.53529227660607,0.16201566119619723,1892.01025390625
precommit_hook__review_hook_diff__s72345__step_04__event_01,precommit_hook__review_hook_diff__s72345,precommit_hook,review_hook_diff,correct,constraint_discovery,17,18,526.6511021754027,0.18224988995797411,2889.719970703125
precommit_hook__review_hook_diff__s72345__step_04__event_01,precommit_hook__review_hook_diff__s72345,precommit_hook,review_hook_diff,correct,constraint_discovery,18,18,897.2121645924217,0.21225608335836482,4227.0263671875
precommit_hook__review_hook_diff__s72345__step_04__event_01,precommit_hook__review_hook_diff__s72345,precommit_hook,review_hook_diff,correct,constraint_discovery,19,18,1344.6452658750386,0.22428464668284853,5995.26220703125
precommit_hook__review_hook_diff__s72345__step_04__event_01,precommit_hook__review_hook_diff__s72345,precommit_hook,review_hook_diff,correct,constraint_discovery,20,18,1318.4109018792333,0.1737392526073652,7588.44580078125
precommit_hook__review_hook_diff__s72345__step_04__event_01,precommit_hook__review_hook_diff__s72345,precommit_hook,review_hook_diff,correct,constraint_discovery,21,18,1623.9814264241977,0.1761545951383229,9219.0693359375
precommit_hook__review_hook_diff__s72345__step_04__event_01,precommit_hook__review_hook_diff__s72345,precommit_hook,review_hook_diff,correct,constraint_discovery,22,18,1602.8756178231997,0.1476262866267206,10857.6572265625
precommit_hook__review_hook_diff__s72345__step_04__event_02,precommit_hook__review_hook_diff__s72345,precommit_hook,review_hook_diff,correct,strategy_selection,0,18,6.868891422408318,0.0712445470974586,96.41287231445312
precommit_hook__review_hook_diff__s72345__step_04__event_02,precommit_hook__review_hook_diff__s72345,precommit_hook,review_hook_diff,correct,strategy_selection,1,18,-0.7869550204004305,-0.007497466574417017,104.9627914428711
precommit_hook__review_hook_diff__s72345__step_04__event_02,precommit_hook__review_hook_diff__s72345,precommit_hook,review_hook_diff,correct,strategy_selection,2,18,0.9299997109492981,0.007935541859741282,117.19422149658203
precommit_hook__review_hook_diff__s72345__step_04__event_02,precommit_hook__review_hook_diff__s72345,precommit_hook,review_hook_diff,correct,strategy_selection,3,18,-5.365842763172012,-0.04056782134620172,132.26844787597656
precommit_hook__review_hook_diff__s72345__step_04__event_02,precommit_hook__review_hook_diff__s72345,precommit_hook,review_hook_diff,correct,strategy_selection,4,18,5.9417903197604005,0.03932098799348425,151.10989379882812
precommit_hook__review_hook_diff__s72345__step_04__event_02,precommit_hook__review_hook_diff__s72345,precommit_hook,review_hook_diff,correct,strategy_selection,5,18,2.520717255700813,0.01435444979032904,175.6053009033203
precommit_hook__review_hook_diff__s72345__step_04__event_02,precommit_hook__review_hook_diff__s72345,precommit_hook,review_hook_diff,correct,strategy_selection,6,18,-3.9868650961112166,-0.02019959933250793,197.3734588623047
precommit_hook__review_hook_diff__s72345__step_04__event_02,precommit_hook__review_hook_diff__s72345,precommit_hook,review_hook_diff,correct,strategy_selection,7,18,0.17524051205853652,0.0007643834833007457,229.25732421875
precommit_hook__review_hook_diff__s72345__step_04__event_02,precommit_hook__review_hook_diff__s72345,precommit_hook,review_hook_diff,correct,strategy_selection,8,18,3.48484704285724,0.01322977207296313,263.40948486328125
precommit_hook__review_hook_diff__s72345__step_04__event_02,precommit_hook__review_hook_diff__s72345,precommit_hook,review_hook_diff,correct,strategy_selection,9,18,15.609517562947985,0.04977706285844909,313.5885925292969
precommit_hook__review_hook_diff__s72345__step_04__event_02,precommit_hook__review_hook_diff__s72345,precommit_hook,review_hook_diff,correct,strategy_selection,10,18,27.533689049674138,0.07693058701714564,357.90301513671875
precommit_hook__review_hook_diff__s72345__step_04__event_02,precommit_hook__review_hook_diff__s72345,precommit_hook,review_hook_diff,correct,strategy_selection,11,18,46.78846664993898,0.11060082666765164,423.0390319824219
precommit_hook__review_hook_diff__s72345__step_04__event_02,precommit_hook__review_hook_diff__s72345,precommit_hook,review_hook_diff,correct,strategy_selection,12,18,34.25906980798436,0.06915352987970351,495.40594482421875
precommit_hook__review_hook_diff__s72345__step_04__event_02,precommit_hook__review_hook_diff__s72345,precommit_hook,review_hook_diff,correct,strategy_selection,13,18,61.232239145829,0.09797067372570882,625.0057983398438
precommit_hook__review_hook_diff__s72345__step_04__event_02,precommit_hook__review_hook_diff__s72345,precommit_hook,review_hook_diff,correct,strategy_selection,14,18,63.75551955881292,0.08082635818987713,788.796142578125
precommit_hook__review_hook_diff__s72345__step_04__event_02,precommit_hook__review_hook_diff__s72345,precommit_hook,review_hook_diff,correct,strategy_selection,15,18,51.902509857823134,0.049107120587689616,1056.9241943359375
precommit_hook__review_hook_diff__s72345__step_04__event_02,precommit_hook__review_hook_diff__s72345,precommit_hook,review_hook_diff,correct,strategy_selection,16,18,52.892407012170224,0.03757149648743303,1407.7801513671875
precommit_hook__review_hook_diff__s72345__step_04__event_02,precommit_hook__review_hook_diff__s72345,precommit_hook,review_hook_diff,correct,strategy_selection,17,18,19.547538889200496,0.009836870954445968,1987.17041015625
precommit_hook__review_hook_diff__s72345__step_04__event_02,precommit_hook__review_hook_diff__s72345,precommit_hook,review_hook_diff,correct,strategy_selection,18,18,-114.12174478312954,-0.0412123313101723,2769.116455078125
precommit_hook__review_hook_diff__s72345__step_04__event_02,precommit_hook__review_hook_diff__s72345,precommit_hook,review_hook_diff,correct,strategy_selection,19,18,-287.74083910406625,-0.07638254425424774,3767.10205078125
precommit_hook__review_hook_diff__s72345__step_04__event_02,precommit_hook__review_hook_diff__s72345,precommit_hook,review_hook_diff,correct,strategy_selection,20,18,-237.90851790261058,-0.048609228620436415,4894.30810546875
precommit_hook__review_hook_diff__s72345__step_04__event_02,precommit_hook__review_hook_diff__s72345,precommit_hook,review_hook_diff,correct,strategy_selection,21,18,-400.5388052799226,-0.0667015017746022,6004.94482421875
precommit_hook__review_hook_diff__s72345__step_04__event_02,precommit_hook__review_hook_diff__s72345,precommit_hook,review_hook_diff,correct,strategy_selection,22,18,-658.0088987930249,-0.0924290490062532,7119.0703125
precommit_hook__review_hook_diff_history__s82345__step_04__event_01,precommit_hook__review_hook_diff_history__s82345,precommit_hook,review_hook_diff_history,correct,realization,0,18,44.227423242260144,0.4415139991579076,100.17218780517578
precommit_hook__review_hook_diff_history__s82345__step_04__event_01,precommit_hook__review_hook_diff_history__s82345,precommit_hook,review_hook_diff_history,correct,realization,1,18,68.42134310095472,0.5701603505121255,120.00367736816406
precommit_hook__review_hook_diff_history__s82345__step_04__event_01,precommit_hook__review_hook_diff_history__s82345,precommit_hook,review_hook_diff_history,correct,realization,2,18,81.26494567763007,0.5769057721919865,140.86346435546875
precommit_hook__review_hook_diff_history__s82345__step_04__event_01,precommit_hook__review_hook_diff_history__s82345,precommit_hook,review_hook_diff_history,correct,realization,3,18,96.96712748211993,0.5886105321340203,164.73902893066406
precommit_hook__review_hook_diff_history__s82345__step_04__event_01,precommit_hook__review_hook_diff_history__s82345,precommit_hook,review_hook_diff_history,correct,realization,4,18,115.26923742722242,0.5801516619351951,198.68812561035156
precommit_hook__review_hook_diff_history__s82345__step_04__event_01,precommit_hook__review_hook_diff_history__s82345,precommit_hook,review_hook_diff_history,correct,realization,5,18,103.52232017955181,0.47933122183737503,215.972412109375
precommit_hook__review_hook_diff_history__s82345__step_04__event_01,precommit_hook__review_hook_diff_history__s82345,precommit_hook,review_hook_diff_history,correct,realization,6,18,114.75373330864218,0.44218616551073886,259.5145263671875
precommit_hook__review_hook_diff_history__s82345__step_04__event_01,precommit_hook__review_hook_diff_history__s82345,precommit_hook,review_hook_diff_history,correct,realization,7,18,121.6004902584452,0.4048100124867301,300.3890380859375
precommit_hook__review_hook_diff_history__s82345__step_04__event_01,precommit_hook__review_hook_diff_history__s82345,precommit_hook,review_hook_diff_history,correct,realization,8,18,139.0725269649165,0.38579290723084225,360.48492431640625
precommit_hook__review_hook_diff_history__s82345__step_04__event_01,precommit_hook__review_hook_diff_history__s82345,precommit_hook,review_hook_diff_history,correct,realization,9,18,162.9144264454655,0.3669809356567627,443.93157958984375
precommit_hook__review_hook_diff_history__s82345__step_04__event_01,precommit_hook__review_hook_diff_history__s82345,precommit_hook,review_hook_diff_history,correct,realization,10,18,177.79729796486458,0.35350813413292814,502.95111083984375
precommit_hook__review_hook_diff_history__s82345__step_04__event_01,precommit_hook__review_hook_diff_history__s82345,precommit_hook,review_hook_diff_history,correct,realization,11,18,191.34434386612998,0.32551113838799645,587.8273315429688
precommit_hook__review_hook_diff_history__s82345__step_04__event_01,precommit_hook__review_hook_diff_history__s82345,precommit_hook,review_hook_diff_history,correct,realization,12,18,187.9428150847816,0.2793124351359054,672.8766479492188
precommit_hook__review_hook_diff_history__s82345__step_04__event_01,precommit_hook__review_hook_diff_history__s82345,precommit_hook,review_hook_diff_history,correct,realization,13,18,254.56615282551445,0.30648558544460885,830.5974731445312
precommit_hook__review_hook_diff_history__s82345__step_04__event_01,precommit_hook__review_hook_diff_history__s82345,precommit_hook,review_hook_diff_history,correct,realization,14,18,289.0464062013107,0.29230984292176215,988.835693359375
precommit_hook__review_hook_diff_history__s82345__step_04__event_01,precommit_hook__review_hook_diff_history__s82345,precommit_hook,review_hook_diff_history,correct,realization,15,18,374.6969997424276,0.28845037332844864,1298.9998779296875
precommit_hook__review_hook_diff_history__s82345__step_04__event_01,precommit_hook__review_hook_diff_history__s82345,precommit_hook,review_hook_diff_history,correct,realization,16,18,499.1303675199824,0.29818520617581484,1673.893798828125
precommit_hook__review_hook_diff_history__s82345__step_04__event_01,precommit_hook__review_hook_diff_history__s82345,precommit_hook,review_hook_diff_history,correct,realization,17,18,742.6183135952524,0.3049053374578083,2435.570068359375
precommit_hook__review_hook_diff_history__s82345__step_04__event_01,precommit_hook__review_hook_diff_history__s82345,precommit_hook,review_hook_diff_history,correct,realization,18,18,1293.9660468346128,0.3726990459011303,3471.879150390625
precommit_hook__review_hook_diff_history__s82345__step_04__event_01,precommit_hook__review_hook_diff_history__s82345,precommit_hook,review_hook_diff_history,correct,realization,19,18,1766.1053771948486,0.3646583495385443,4843.177734375
precommit_hook__review_hook_diff_history__s82345__step_04__event_01,precommit_hook__review_hook_diff_history__s82345,precommit_hook,review_hook_diff_history,correct,realization,20,18,2242.751116550744,0.3588330860879018,6250.1240234375
precommit_hook__review_hook_diff_history__s82345__step_04__event_01,precommit_hook__review_hook_diff_history__s82345,precommit_hook,review_hook_diff_history,correct,realization,21,18,2927.5373764516007,0.3854373653295868,7595.36474609375
precommit_hook__review_hook_diff_history__s82345__step_04__event_01,precommit_hook__review_hook_diff_history__s82345,precommit_hook,review_hook_diff_history,correct,realization,22,18,3070.926622448489,0.35008575735239056,8771.9267578125
precommit_hook__review_hook_diff_history__s82345__step_07__event_01,precommit_hook__review_hook_diff_history__s82345,precommit_hook,review_hook_diff_history,correct,failure_diagnosis,0,18,11.339798435072288,0.11950870000447816,94.88680267333984
precommit_hook__review_hook_diff_history__s82345__step_07__event_01,precommit_hook__review_hook_diff_history__s82345,precommit_hook,review_hook_diff_history,correct,failure_diagnosis,1,18,2.8103281989791036,0.025060896906304087,112.13996887207031
precommit_hook__review_hook_diff_history__s82345__step_07__event_01,precommit_hook__review_hook_diff_history__s82345,precommit_hook,review_hook_diff_history,correct,failure_diagnosis,2,18,7.80751259973573,0.06201773988759386,125.8916015625
precommit_hook__review_hook_diff_history__s82345__step_07__event_01,precommit_hook__review_hook_diff_history__s82345,precommit_hook,review_hook_diff_history,correct,failure_diagnosis,3,18,3.308837037947308,0.02325183060914742,142.3043670654297
precommit_hook__review_hook_diff_history__s82345__step_07__event_01,precommit_hook__review_hook_diff_history__s82345,precommit_hook,review_hook_diff_history,correct,failure_diagnosis,4,18,12.75563164528387,0.07553996717851094,168.859375
precommit_hook__review_hook_diff_history__s82345__step_07__event_01,precommit_hook__review_hook_diff_history__s82345,precommit_hook,review_hook_diff_history,correct,failure_diagnosis,5,18,16.685708460683173,0.08290715929814946,201.2577667236328
precommit_hook__review_hook_diff_history__s82345__step_07__event_01,precommit_hook__review_hook_diff_history__s82345,precommit_hook,review_hook_diff_history,correct,failure_diagnosis,6,18,17.985335733604746,0.07758118339221179,231.8260040283203
precommit_hook__review_hook_diff_history__s82345__step_07__event_01,precommit_hook__review_hook_diff_history__s82345,precommit_hook,review_hook_diff_history,correct,failure_diagnosis,7,18,5.376451823438941,0.019662706944693395,273.4339599609375
precommit_hook__review_hook_diff_history__s82345__step_07__event_01,precommit_hook__review_hook_diff_history__s82345,precommit_hook,review_hook_diff_history,correct,failure_diagnosis,8,18,10.020899999818141,0.03149276444324547,318.1968994140625
precommit_hook__review_hook_diff_history__s82345__step_07__event_01,precommit_hook__review_hook_diff_history__s82345,precommit_hook,review_hook_diff_history,correct,failure_diagnosis,9,18,-1.2264061424574493,-0.003347657138948124,366.34759521484375
precommit_hook__review_hook_diff_history__s82345__step_07__event_01,precommit_hook__review_hook_diff_history__s82345,precommit_hook,review_hook_diff_history,correct,failure_diagnosis,10,18,2.7933304494080176,0.006077256559357216,459.63677978515625
precommit_hook__review_hook_diff_history__s82345__step_07__event_01,precommit_hook__review_hook_diff_history__s82345,precommit_hook,review_hook_diff_history,correct,failure_diagnosis,11,18,-3.036784912864192,-0.005775471728897011,525.8072509765625
precommit_hook__review_hook_diff_history__s82345__step_07__event_01,precommit_hook__review_hook_diff_history__s82345,precommit_hook,review_hook_diff_history,correct,failure_diagnosis,12,18,21.706193424507774,0.03312768448969283,655.2282104492188
precommit_hook__review_hook_diff_history__s82345__step_07__event_01,precommit_hook__review_hook_diff_history__s82345,precommit_hook,review_hook_diff_history,correct,failure_diagnosis,13,18,23.509645607246057,0.03011407321056398,780.6863403320312
precommit_hook__review_hook_diff_history__s82345__step_07__event_01,precommit_hook__review_hook_diff_history__s82345,precommit_hook,review_hook_diff_history,correct,failure_diagnosis,14,18,28.88028762297654,0.030410466415317902,949.6824951171875
precommit_hook__review_hook_diff_history__s82345__step_07__event_01,precommit_hook__review_hook_diff_history__s82345,precommit_hook,review_hook_diff_history,correct,failure_diagnosis,15,18,2.776318700902266,0.0022653909175194015,1225.5362548828125
precommit_hook__review_hook_diff_history__s82345__step_07__event_01,precommit_hook__review_hook_diff_history__s82345,precommit_hook,review_hook_diff_history,correct,failure_diagnosis,16,18,69.70238246844337,0.04140804556214846,1683.305419921875
precommit_hook__review_hook_diff_history__s82345__step_07__event_01,precommit_hook__review_hook_diff_history__s82345,precommit_hook,review_hook_diff_history,correct,failure_diagnosis,17,18,215.84477743296884,0.08005832079911608,2696.09423828125
precommit_hook__review_hook_diff_history__s82345__step_07__event_01,precommit_hook__review_hook_diff_history__s82345,precommit_hook,review_hook_diff_history,correct,failure_diagnosis,18,18,342.7116284718277,0.0935592706379791,3663.04296875
precommit_hook__review_hook_diff_history__s82345__step_07__event_01,precommit_hook__review_hook_diff_history__s82345,precommit_hook,review_hook_diff_history,correct,failure_diagnosis,19,18,314.30826116456774,0.06480720372755126,4849.8974609375
precommit_hook__review_hook_diff_history__s82345__step_07__event_01,precommit_hook__review_hook_diff_history__s82345,precommit_hook,review_hook_diff_history,correct,failure_diagnosis,20,18,621.6411721327177,0.10163074449674024,6116.66455078125
precommit_hook__review_hook_diff_history__s82345__step_07__event_01,precommit_hook__review_hook_diff_history__s82345,precommit_hook,review_hook_diff_history,correct,failure_diagnosis,21,18,426.95309976983117,0.0572970262768617,7451.57568359375
precommit_hook__review_hook_diff_history__s82345__step_07__event_01,precommit_hook__review_hook_diff_history__s82345,precommit_hook,review_hook_diff_history,correct,failure_diagnosis,22,18,536.7800582033378,0.06119484877494223,8771.6533203125
precommit_hook__review_hook_diff_history__s82345__step_08__event_01,precommit_hook__review_hook_diff_history__s82345,precommit_hook,review_hook_diff_history,incorrect,conclusion,0,18,-4.136818985651046,-0.05959857255741705,69.411376953125
precommit_hook__review_hook_diff_history__s82345__step_08__event_01,precommit_hook__review_hook_diff_history__s82345,precommit_hook,review_hook_diff_history,incorrect,conclusion,1,18,-6.7281422216839095,-0.0818302154537665,82.22075653076172
precommit_hook__review_hook_diff_history__s82345__step_08__event_01,precommit_hook__review_hook_diff_history__s82345,precommit_hook,review_hook_diff_history,incorrect,conclusion,2,18,-4.198443606465915,-0.04319964695876509,97.1869888305664
precommit_hook__review_hook_diff_history__s82345__step_08__event_01,precommit_hook__review_hook_diff_history__s82345,precommit_hook,review_hook_diff_history,incorrect,conclusion,3,18,-3.05268047835699,-0.027702303516008088,110.19590759277344
precommit_hook__review_hook_diff_history__s82345__step_08__event_01,precommit_hook__review_hook_diff_history__s82345,precommit_hook,review_hook_diff_history,incorrect,conclusion,4,18,-4.8919542103100255,-0.0364610932133819,134.16915893554688
precommit_hook__review_hook_diff_history__s82345__step_08__event_01,precommit_hook__review_hook_diff_history__s82345,precommit_hook,review_hook_diff_history,incorrect,conclusion,5,18,-2.9628702067193444,-0.01692881227992148,175.01937866210938
precommit_hook__review_hook_diff_history__s82345__step_08__event_01,precommit_hook__review_hook_diff_history__s82345,precommit_hook,review_hook_diff_history,incorrect,conclusion,6,18,-1.9225819797221675,-0.008766928580250324,219.29937744140625
precommit_hook__review_hook_diff_history__s82345__step_08__event_01,precommit_hook__review_hook_diff_history__s82345,precommit_hook,review_hook_diff_history,incorrect,conclusion,7,18,8.406330081844573,0.03047057440205463,275.883544921875
precommit_hook__review_hook_diff_history__s82345__step_08__event_01,precommit_hook__review_hook_diff_history__s82345,precommit_hook,review_hook_diff_history,incorrect,conclusion,8,18,15.630218384526415,0.045951156772761494,340.1485290527344
precommit_hook__review_hook_diff_history__s82345__step_08__event_01,precommit_hook__review_hook_diff_history__s82345,precommit_hook,review_hook_diff_history,incorrect,conclusion,9,18,14.908526038482478,0.037326003249771304,399.4139709472656
precommit_hook__review_hook_diff_history__s82345__step_08__event_01,precommit_hook__review_hook_diff_history__s82345,precommit_hook,review_hook_diff_history,incorrect,conclusion,10,18,14.534208229729302,0.02937143486986222,494.8416442871094
precommit_hook__review_hook_diff_history__s82345__step_08__event_01,precommit_hook__review_hook_diff_history__s82345,precommit_hook,review_hook_diff_history,incorrect,conclusion,11,18,26.506941357674393,0.04208655471915861,629.8196411132812
precommit_hook__review_hook_diff_history__s82345__step_08__event_01,precommit_hook__review_hook_diff_history__s82345,precommit_hook,review_hook_diff_history,incorrect,conclusion,12,18,-0.3774568890039518,-0.0005031826108915809,750.1390380859375
precommit_hook__review_hook_diff_history__s82345__step_08__event_01,precommit_hook__review_hook_diff_history__s82345,precommit_hook,review_hook_diff_history,incorrect,conclusion,13,18,-22.971005444615002,-0.024885669419054315,923.0615234375
precommit_hook__review_hook_diff_history__s82345__step_08__event_01,precommit_hook__review_hook_diff_history__s82345,precommit_hook,review_hook_diff_history,incorrect,conclusion,14,18,-25.150557775042216,-0.023648377719254494,1063.521484375
precommit_hook__review_hook_diff_history__s82345__step_08__event_01,precommit_hook__review_hook_diff_history__s82345,precommit_hook,review_hook_diff_history,incorrect,conclusion,15,18,-73.08101182656947,-0.05229310929336629,1397.5264892578125
precommit_hook__review_hook_diff_history__s82345__step_08__event_01,precommit_hook__review_hook_diff_history__s82345,precommit_hook,review_hook_diff_history,incorrect,conclusion,16,18,-184.5528388450855,-0.1037806900778079,1778.296630859375
precommit_hook__review_hook_diff_history__s82345__step_08__event_01,precommit_hook__review_hook_diff_history__s82345,precommit_hook,review_hook_diff_history,incorrect,conclusion,17,18,-263.30840480917504,-0.09661635974293785,2725.29833984375
precommit_hook__review_hook_diff_history__s82345__step_08__event_01,precommit_hook__review_hook_diff_history__s82345,precommit_hook,review_hook_diff_history,incorrect,conclusion,18,18,-319.0258303994269,-0.09368618155791919,3405.260498046875
precommit_hook__review_hook_diff_history__s82345__step_08__event_01,precommit_hook__review_hook_diff_history__s82345,precommit_hook,review_hook_diff_history,incorrect,conclusion,19,18,-422.21279393142504,-0.09396784219464084,4493.16259765625
precommit_hook__review_hook_diff_history__s82345__step_08__event_01,precommit_hook__review_hook_diff_history__s82345,precommit_hook,review_hook_diff_history,incorrect,conclusion,20,18,-436.5075214277076,-0.07180427624384925,6079.1298828125
precommit_hook__review_hook_diff_history__s82345__step_08__event_01,precommit_hook__review_hook_diff_history__s82345,precommit_hook,review_hook_diff_history,incorrect,conclusion,21,18,-755.0705895240171,-0.09295619379691472,8122.86474609375
precommit_hook__review_hook_diff_history__s82345__step_08__event_01,precommit_hook__review_hook_diff_history__s82345,precommit_hook,review_hook_diff_history,incorrect,conclusion,22,18,-670.5299957224124,-0.0702568203567928,9543.9853515625
precommit_hook__review_hook_diff_history__s82345__step_09__event_01,precommit_hook__review_hook_diff_history__s82345,precommit_hook,review_hook_diff_history,incorrect,failure_diagnosis,0,18,42.85778130040998,0.4077390477264519,105.11080932617188
precommit_hook__review_hook_diff_history__s82345__step_09__event_01,precommit_hook__review_hook_diff_history__s82345,precommit_hook,review_hook_diff_history,incorrect,failure_diagnosis,1,18,57.58226725025326,0.4517839908162074,127.45530700683594
precommit_hook__review_hook_diff_history__s82345__step_09__event_01,precommit_hook__review_hook_diff_history__s82345,precommit_hook,review_hook_diff_history,incorrect,failure_diagnosis,2,18,63.06553656818984,0.40589179387619373,155.375244140625
precommit_hook__review_hook_diff_history__s82345__step_09__event_01,precommit_hook__review_hook_diff_history__s82345,precommit_hook,review_hook_diff_history,incorrect,failure_diagnosis,3,18,64.93449198259518,0.367372792178698,176.753662109375
precommit_hook__review_hook_diff_history__s82345__step_09__event_01,precommit_hook__review_hook_diff_history__s82345,precommit_hook,review_hook_diff_history,incorrect,failure_diagnosis,4,18,89.34843563861835,0.383743429892499,232.8337860107422
precommit_hook__review_hook_diff_history__s82345__step_09__event_01,precommit_hook__review_hook_diff_history__s82345,precommit_hook,review_hook_diff_history,incorrect,failure_diagnosis,5,18,84.68480302838029,0.3198721072116989,264.7458190917969
precommit_hook__review_hook_diff_history__s82345__step_09__event_01,precommit_hook__review_hook_diff_history__s82345,precommit_hook,review_hook_diff_history,incorrect,failure_diagnosis,6,18,94.4771996194192,0.3110562366835883,303.73028564453125
precommit_hook__review_hook_diff_history__s82345__step_09__event_01,precommit_hook__review_hook_diff_history__s82345,precommit_hook,review_hook_diff_history,incorrect,failure_diagnosis,7,18,99.32799550164984,0.27385633110318663,362.7011413574219
precommit_hook__review_hook_diff_history__s82345__step_09__event_01,precommit_hook__review_hook_diff_history__s82345,precommit_hook,review_hook_diff_history,incorrect,failure_diagnosis,8,18,111.68035282579652,0.2555335385349322,437.0477600097656
precommit_hook__review_hook_diff_history__s82345__step_09__event_01,precommit_hook__review_hook_diff_history__s82345,precommit_hook,review_hook_diff_history,incorrect,failure_diagnosis,9,18,97.90627542272733,0.19870910228412722,492.7115783691406
precommit_hook__review_hook_diff_history__s82345__step_09__event_01,precommit_hook__review_hook_diff_history__s82345,precommit_hook,review_hook_diff_history,incorrect,failure_diagnosis,10,18,124.67419944958874,0.21191164133909457,588.3310546875
precommit_hook__review_hook_diff_history__s82345__step_09__event_01,precommit_hook__review_hook_diff_history__s82345,precommit_hook,review_hook_diff_history,incorrect,failure_diagnosis,11,18,115.99454634862124,0.15965185466250492,726.5468139648438
precommit_hook__review_hook_diff_history__s82345__step_09__event_01,precommit_hook__review_hook_diff_history__s82345,precommit_hook,review_hook_diff_history,incorrect,failure_diagnosis,12,18,127.92512858277405,0.14970566764715731,854.5108642578125
precommit_hook__review_hook_diff_history__s82345__step_09__event_01,precommit_hook__review_hook_diff_history__s82345,precommit_hook,review_hook_diff_history,incorrect,failure_diagnosis,13,18,158.15174191081496,0.14678131448363843,1077.465087890625
precommit_hook__review_hook_diff_history__s82345__step_09__event_01,precommit_hook__review_hook_diff_history__s82345,precommit_hook,review_hook_diff_history,incorrect,failure_diagnosis,14,18,193.23139159455468,0.15054522338509552,1283.5438232421875
precommit_hook__review_hook_diff_history__s82345__step_09__event_01,precommit_hook__review_hook_diff_history__s82345,precommit_hook,review_hook_diff_history,incorrect,failure_diagnosis,15,18,140.2056853112881,0.08647942445006393,1621.2606201171875
precommit_hook__review_hook_diff_history__s82345__step_09__event_01,precommit_hook__review_hook_diff_history__s82345,precommit_hook,review_hook_diff_history,incorrect,failure_diagnosis,16,18,300.4112980973441,0.1364412547392411,2201.762939453125
precommit_hook__review_hook_diff_history__s82345__step_09__event_01,precommit_hook__review_hook_diff_history__s82345,precommit_hook,review_hook_diff_history,incorrect,failure_diagnosis,17,18,543.8601530825981,0.16727553987295296,3251.283203125
precommit_hook__review_hook_diff_history__s82345__step_09__event_01,precommit_hook__review_hook_diff_history__s82345,precommit_hook,review_hook_diff_history,incorrect,failure_diagnosis,18,18,1019.3480989421951,0.2298939772189653,4433.9921875
precommit_hook__review_hook_diff_history__s82345__step_09__event_01,precommit_hook__review_hook_diff_history__s82345,precommit_hook,review_hook_diff_history,incorrect,failure_diagnosis,19,18,1252.3122871564033,0.2178972644061563,5747.26025390625
precommit_hook__review_hook_diff_history__s82345__step_09__event_01,precommit_hook__review_hook_diff_history__s82345,precommit_hook,review_hook_diff_history,incorrect,failure_diagnosis,20,18,1706.086199225625,0.2379937008449969,7168.61962890625
precommit_hook__review_hook_diff_history__s82345__step_09__event_01,precommit_hook__review_hook_diff_history__s82345,precommit_hook,review_hook_diff_history,incorrect,failure_diagnosis,21,18,1914.2378129302033,0.22170191993702978,8634.2861328125
precommit_hook__review_hook_diff_history__s82345__step_09__event_01,precommit_hook__review_hook_diff_history__s82345,precommit_hook,review_hook_diff_history,incorrect,failure_diagnosis,22,18,2107.485434605798,0.20343068096850608,10359.72265625
precommit_hook__review_hook_diff_history__s82346__step_06__event_01,precommit_hook__review_hook_diff_history__s82346,precommit_hook,review_hook_diff_history,ambiguous,strategy_selection,0,18,-0.4573365584510718,-0.004723927064215323,96.81278991699219
precommit_hook__review_hook_diff_history__s82346__step_06__event_01,precommit_hook__review_hook_diff_history__s82346,precommit_hook,review_hook_diff_history,ambiguous,strategy_selection,1,18,-2.1001790057504,-0.019913936288616204,105.4627685546875
precommit_hook__review_hook_diff_history__s82346__step_06__event_01,precommit_hook__review_hook_diff_history__s82346,precommit_hook,review_hook_diff_history,ambiguous,strategy_selection,2,18,-2.91500653044983,-0.023221111656220154,125.53260040283203
precommit_hook__review_hook_diff_history__s82346__step_06__event_01,precommit_hook__review_hook_diff_history__s82346,precommit_hook,review_hook_diff_history,ambiguous,strategy_selection,3,18,2.429987138744295,0.016709525551382033,145.42526245117188
precommit_hook__review_hook_diff_history__s82346__step_06__event_01,precommit_hook__review_hook_diff_history__s82346,precommit_hook,review_hook_diff_history,ambiguous,strategy_selection,4,18,20.917540072608972,0.12265985228749114,170.53289794921875
precommit_hook__review_hook_diff_history__s82346__step_06__event_01,precommit_hook__review_hook_diff_history__s82346,precommit_hook,review_hook_diff_history,ambiguous,strategy_selection,5,18,19.72388272043769,0.09633331996596012,204.7462158203125
precommit_hook__review_hook_diff_history__s82346__step_06__event_01,precommit_hook__review_hook_diff_history__s82346,precommit_hook,review_hook_diff_history,ambiguous,strategy_selection,6,18,27.6917188311634,0.11627572895719962,238.15562438964844
precommit_hook__review_hook_diff_history__s82346__step_06__event_01,precommit_hook__review_hook_diff_history__s82346,precommit_hook,review_hook_diff_history,ambiguous,strategy_selection,7,18,30.54336099586328,0.11038610277342006,276.6957092285156
precommit_hook__review_hook_diff_history__s82346__step_06__event_01,precommit_hook__review_hook_diff_history__s82346,precommit_hook,review_hook_diff_history,ambiguous,strategy_selection,8,18,37.993554784134574,0.1179012478454399,322.24896240234375
precommit_hook__review_hook_diff_history__s82346__step_06__event_01,precommit_hook__review_hook_diff_history__s82346,precommit_hook,review_hook_diff_history,ambiguous,strategy_selection,9,18,38.48687007240147,0.09938824654170635,387.2376403808594
precommit_hook__review_hook_diff_history__s82346__step_06__event_01,precommit_hook__review_hook_diff_history__s82346,precommit_hook,review_hook_diff_history,ambiguous,strategy_selection,10,18,54.777053667602615,0.1220978422775706,448.6324462890625
precommit_hook__review_hook_diff_history__s82346__step_06__event_01,precommit_hook__review_hook_diff_history__s82346,precommit_hook,review_hook_diff_history,ambiguous,strategy_selection,11,18,78.40439136487691,0.14133585380320057,554.7381591796875
precommit_hook__review_hook_diff_history__s82346__step_06__event_01,precommit_hook__review_hook_diff_history__s82346,precommit_hook,review_hook_diff_history,ambiguous,strategy_selection,12,18,105.45817047080436,0.15683038190882254,672.4345092773438
precommit_hook__review_hook_diff_history__s82346__step_06__event_01,precommit_hook__review_hook_diff_history__s82346,precommit_hook,review_hook_diff_history,ambiguous,strategy_selection,13,18,124.24688769226019,0.15190070605669057,817.9480590820312
precommit_hook__review_hook_diff_history__s82346__step_06__event_01,precommit_hook__review_hook_diff_history__s82346,precommit_hook,review_hook_diff_history,ambiguous,strategy_selection,14,18,105.54152463259936,0.10552630498790415,1000.1442260742188
precommit_hook__review_hook_diff_history__s82346__step_06__event_01,precommit_hook__review_hook_diff_history__s82346,precommit_hook,review_hook_diff_history,ambiguous,strategy_selection,15,18,73.3574454336972,0.05437087847820212,1349.2047119140625
precommit_hook__review_hook_diff_history__s82346__step_06__event_01,precommit_hook__review_hook_diff_history__s82346,precommit_hook,review_hook_diff_history,ambiguous,strategy_selection,16,18,27.953477870956704,0.014738267672920894,1896.65966796875
precommit_hook__review_hook_diff_history__s82346__step_06__event_01,precommit_hook__review_hook_diff_history__s82346,precommit_hook,review_hook_diff_history,ambiguous,strategy_selection,17,18,33.61058927672002,0.011690651661452542,2874.9970703125
precommit_hook__review_hook_diff_history__s82346__step_06__event_01,precommit_hook__review_hook_diff_history__s82346,precommit_hook,review_hook_diff_history,ambiguous,strategy_selection,18,18,-55.368194128101095,-0.013704779075833885,4040.064697265625
precommit_hook__review_hook_diff_history__s82346__step_06__event_01,precommit_hook__review_hook_diff_history__s82346,precommit_hook,review_hook_diff_history,ambiguous,strategy_selection,19,18,-37.19701493465254,-0.006910781516516581,5382.46142578125
precommit_hook__review_hook_diff_history__s82346__step_06__event_01,precommit_hook__review_hook_diff_history__s82346,precommit_hook,review_hook_diff_history,ambiguous,strategy_selection,20,18,309.6282381600465,0.04452387095013194,6954.20751953125
precommit_hook__review_hook_diff_history__s82346__step_06__event_01,precommit_hook__review_hook_diff_history__s82346,precommit_hook,review_hook_diff_history,ambiguous,strategy_selection,21,18,463.536832368809,0.05513985258287913,8406.56640625
precommit_hook__review_hook_diff_history__s82346__step_06__event_01,precommit_hook__review_hook_diff_history__s82346,precommit_hook,review_hook_diff_history,ambiguous,strategy_selection,22,18,559.504447154075,0.05673175848217579,9862.279296875
precommit_hook__review_hook_diff_history__s82346__step_06__event_02,precommit_hook__review_hook_diff_history__s82346,precommit_hook,review_hook_diff_history,incorrect,hypothesis_revision,0,18,-18.84378227888473,-0.20120338157466677,93.6553955078125
precommit_hook__review_hook_diff_history__s82346__step_06__event_02,precommit_hook__review_hook_diff_history__s82346,precommit_hook,review_hook_diff_history,incorrect,hypothesis_revision,1,18,-25.52822014757324,-0.23413635138774863,109.03142547607422
precommit_hook__review_hook_diff_history__s82346__step_06__event_02,precommit_hook__review_hook_diff_history__s82346,precommit_hook,review_hook_diff_history,incorrect,hypothesis_revision,2,18,-20.204597130842572,-0.1612561263700218,125.2950668334961
precommit_hook__review_hook_diff_history__s82346__step_06__event_02,precommit_hook__review_hook_diff_history__s82346,precommit_hook,review_hook_diff_history,incorrect,hypothesis_revision,3,18,-18.334665603995152,-0.12685183275382983,144.53607177734375
precommit_hook__review_hook_diff_history__s82346__step_06__event_02,precommit_hook__review_hook_diff_history__s82346,precommit_hook,review_hook_diff_history,incorrect,hypothesis_revision,4,18,-16.6625206457648,-0.1012556174679397,164.5589599609375
precommit_hook__review_hook_diff_history__s82346__step_06__event_02,precommit_hook__review_hook_diff_history__s82346,precommit_hook,review_hook_diff_history,incorrect,hypothesis_revision,5,18,-19.828106448090693,-0.10202373488185065,194.34799194335938
precommit_hook__review_hook_diff_history__s82346__step_06__event_02,precommit_hook__review_hook_diff_history__s82346,precommit_hook,review_hook_diff_history,incorrect,hypothesis_revision,6,18,-22.36769730477934,-0.09546532276818606,234.3018035888672
precommit_hook__review_hook_diff_history__s82346__step_06__event_02,precommit_hook__review_hook_diff_history__s82346,precommit_hook,review_hook_diff_history,incorrect,hypothesis_revision,7,18,-20.12380025816742,-0.0706697960562054,284.7581481933594
precommit_hook__review_hook_diff_history__s82346__step_06__event_02,precommit_hook__review_hook_diff_history__s82346,precommit_hook,review_hook_diff_history,incorrect,hypothesis_revision,8,18,-10.025492986116149,-0.029956330923934443,334.6702575683594
precommit_hook__review_hook_diff_history__s82346__step_06__event_02,precommit_hook__review_hook_diff_history__s82346,precommit_hook,review_hook_diff_history,incorrect,hypothesis_revision,9,18,23.010974937592266,0.05890060902063647,390.6746520996094
precommit_hook__review_hook_diff_history__s82346__step_06__event_02,precommit_hook__review_hook_diff_history__s82346,precommit_hook,review_hook_diff_history,incorrect,hypothesis_revision,10,18,48.50778407400276,0.10403097954366271,466.2821044921875
precommit_hook__review_hook_diff_history__s82346__step_06__event_02,precommit_hook__review_hook_diff_history__s82346,precommit_hook,review_hook_diff_history,incorrect,hypothesis_revision,11,18,90.71003514675394,0.15818519138924703,573.4420166015625
precommit_hook__review_hook_diff_history__s82346__step_06__event_02,precommit_hook__review_hook_diff_history__s82346,precommit_hook,review_hook_diff_history,incorrect,hypothesis_revision,12,18,119.02384129008806,0.16430419931057674,724.4114379882812
precommit_hook__review_hook_diff_history__s82346__step_06__event_02,precommit_hook__review_hook_diff_history__s82346,precommit_hook,review_hook_diff_history,incorrect,hypothesis_revision,13,18,139.94887433896474,0.1580600213563759,885.416015625
precommit_hook__review_hook_diff_history__s82346__step_06__event_02,precommit_hook__review_hook_diff_history__s82346,precommit_hook,review_hook_diff_history,incorrect,hypothesis_revision,14,18,88.69102757595465,0.08279211938887683,1071.2496337890625
precommit_hook__review_hook_diff_history__s82346__step_06__event_02,precommit_hook__review_hook_diff_history__s82346,precommit_hook,review_hook_diff_history,incorrect,hypothesis_revision,15,18,87.96444532814712,0.0617043858829737,1425.5784912109375
precommit_hook__review_hook_diff_history__s82346__step_06__event_02,precommit_hook__review_hook_diff_history__s82346,precommit_hook,review_hook_diff_history,incorrect,hypothesis_revision,16,18,1.9216818179716029,0.0009828031154459234,1955.3070068359375
precommit_hook__review_hook_diff_history__s82346__step_06__event_02,precommit_hook__review_hook_diff_history__s82346,precommit_hook,review_hook_diff_history,incorrect,hypothesis_revision,17,18,-71.0340626034822,-0.025206219734277432,2818.116455078125
precommit_hook__review_hook_diff_history__s82346__step_06__event_02,precommit_hook__review_hook_diff_history__s82346,precommit_hook,review_hook_diff_history,incorrect,hypothesis_revision,18,18,-325.81154465693544,-0.08558875482921953,3806.709716796875
precommit_hook__review_hook_diff_history__s82346__step_06__event_02,precommit_hook__review_hook_diff_history__s82346,precommit_hook,review_hook_diff_history,incorrect,hypothesis_revision,19,18,-272.43585060456644,-0.05516565924417393,4938.50439453125
precommit_hook__review_hook_diff_history__s82346__step_06__event_02,precommit_hook__review_hook_diff_history__s82346,precommit_hook,review_hook_diff_history,incorrect,hypothesis_revision,20,18,-289.4680505631037,-0.04764901203350694,6075.00634765625
precommit_hook__review_hook_diff_history__s82346__step_06__event_02,precommit_hook__review_hook_diff_history__s82346,precommit_hook,review_hook_diff_history,incorrect,hypothesis_revision,21,18,-204.26182222746138,-0.027936770051467566,7311.57568359375
precommit_hook__review_hook_diff_history__s82346__step_06__event_02,precommit_hook__review_hook_diff_history__s82346,precommit_hook,review_hook_diff_history,incorrect,hypothesis_revision,22,18,-158.76601428881258,-0.01941489956755501,8177.53466796875
precommit_hook__review_hook_diff_history__s82346__step_07__event_01,precommit_hook__review_hook_diff_history__s82346,precommit_hook,review_hook_diff_history,correct,failure_diagnosis,0,18,24.96172962790142,0.24440405661258208,102.13304138183594
precommit_hook__review_hook_diff_history__s82346__step_07__event_01,precommit_hook__review_hook_diff_history__s82346,precommit_hook,review_hook_diff_history,correct,failure_diagnosis,1,18,34.87470784521226,0.2979022555227011,117.06761169433594
precommit_hook__review_hook_diff_history__s82346__step_07__event_01,precommit_hook__review_hook_diff_history__s82346,precommit_hook,review_hook_diff_history,correct,failure_diagnosis,2,18,31.81256449464342,0.2475574834792077,128.50575256347656
precommit_hook__review_hook_diff_history__s82346__step_07__event_01,precommit_hook__review_hook_diff_history__s82346,precommit_hook,review_hook_diff_history,correct,failure_diagnosis,3,18,34.656412306155616,0.23553153839964286,147.1412811279297
precommit_hook__review_hook_diff_history__s82346__step_07__event_01,precommit_hook__review_hook_diff_history__s82346,precommit_hook,review_hook_diff_history,correct,failure_diagnosis,4,18,40.495092548073146,0.2380638165031146,170.10183715820312
precommit_hook__review_hook_diff_history__s82346__step_07__event_01,precommit_hook__review_hook_diff_history__s82346,precommit_hook,review_hook_diff_history,correct,failure_diagnosis,5,18,25.888009963331484,0.13464192334988853,192.2730255126953
precommit_hook__review_hook_diff_history__s82346__step_07__event_01,precommit_hook__review_hook_diff_history__s82346,precommit_hook,review_hook_diff_history,correct,failure_diagnosis,6,18,28.34810110316179,0.12628776151046078,224.47227478027344
precommit_hook__review_hook_diff_history__s82346__step_07__event_01,precommit_hook__review_hook_diff_history__s82346,precommit_hook,review_hook_diff_history,correct,failure_diagnosis,7,18,40.13830313402076,0.1437470864926781,279.2286376953125
precommit_hook__review_hook_diff_history__s82346__step_07__event_01,precommit_hook__review_hook_diff_history__s82346,precommit_hook,review_hook_diff_history,correct,failure_diagnosis,8,18,45.89715751365597,0.1434302313017628,319.9964294433594
precommit_hook__review_hook_diff_history__s82346__step_07__event_01,precommit_hook__review_hook_diff_history__s82346,precommit_hook,review_hook_diff_history,correct,failure_diagnosis,9,18,49.49834895826666,0.1393692729474262,355.1596984863281
precommit_hook__review_hook_diff_history__s82346__step_07__event_01,precommit_hook__review_hook_diff_history__s82346,precommit_hook,review_hook_diff_history,correct,failure_diagnosis,10,18,65.15474941201148,0.15933562867674456,408.91510009765625
precommit_hook__review_hook_diff_history__s82346__step_07__event_01,precommit_hook__review_hook_diff_history__s82346,precommit_hook,review_hook_diff_history,correct,failure_diagnosis,11,18,64.72232870218272,0.1364316850606438,474.3936767578125
precommit_hook__review_hook_diff_history__s82346__step_07__event_01,precommit_hook__review_hook_diff_history__s82346,precommit_hook,review_hook_diff_history,correct,failure_diagnosis,12,18,63.167351916606094,0.1101381565293723,573.5283203125
precommit_hook__review_hook_diff_history__s82346__step_07__event_01,precommit_hook__review_hook_diff_history__s82346,precommit_hook,review_hook_diff_history,correct,failure_diagnosis,13,18,91.6973984273518,0.12864509602195265,712.7935791015625
precommit_hook__review_hook_diff_history__s82346__step_07__event_01,precommit_hook__review_hook_diff_history__s82346,precommit_hook,review_hook_diff_history,correct,failure_diagnosis,14,18,143.64287394542043,0.16042054867511188,895.4144897460938
precommit_hook__review_hook_diff_history__s82346__step_07__event_01,precommit_hook__review_hook_diff_history__s82346,precommit_hook,review_hook_diff_history,correct,failure_diagnosis,15,18,168.39817254524678,0.14571744442798923,1155.648681640625
precommit_hook__review_hook_diff_history__s82346__step_07__event_01,precommit_hook__review_hook_diff_history__s82346,precommit_hook,review_hook_diff_history,correct,failure_diagnosis,16,18,351.6035509244721,0.22724975162634428,1547.2119140625
precommit_hook__review_hook_diff_history__s82346__step_07__event_01,precommit_hook__review_hook_diff_history__s82346,precommit_hook,review_hook_diff_history,correct,failure_diagnosis,17,18,505.5209822866236,0.21698087010419753,2329.795166015625
precommit_hook__review_hook_diff_history__s82346__step_07__event_01,precommit_hook__review_hook_diff_history__s82346,precommit_hook,review_hook_diff_history,correct,failure_diagnosis,18,18,746.7384725968966,0.23166849107830592,3223.305908203125
precommit_hook__review_hook_diff_history__s82346__step_07__event_01,precommit_hook__review_hook_diff_history__s82346,precommit_hook,review_hook_diff_history,correct,failure_diagnosis,19,18,1037.2776348607877,0.2361011175968375,4393.36181640625
precommit_hook__review_hook_diff_history__s82346__step_07__event_01,precommit_hook__review_hook_diff_history__s82346,precommit_hook,review_hook_diff_history,correct,failure_diagnosis,20,18,1255.8289299651244,0.20406434693371403,6154.08251953125
precommit_hook__review_hook_diff_history__s82346__step_07__event_01,precommit_hook__review_hook_diff_history__s82346,precommit_hook,review_hook_diff_history,correct,failure_diagnosis,21,18,1391.3103857178066,0.19373854671732219,7181.38134765625
precommit_hook__review_hook_diff_history__s82346__step_07__event_01,precommit_hook__review_hook_diff_history__s82346,precommit_hook,review_hook_diff_history,correct,failure_diagnosis,22,18,1521.4900818083606,0.1854460447199152,8204.4892578125
secret_number__base__s12345__step_00__event_01,secret_number__base__s12345,secret_number,base,correct,hypothesis_revision,0,18,16.565975975161326,0.16252874525317595,101.92643737792969
secret_number__base__s12345__step_00__event_01,secret_number__base__s12345,secret_number,base,correct,hypothesis_revision,1,18,37.3453169835403,0.32097431501867246,116.349853515625
secret_number__base__s12345__step_00__event_01,secret_number__base__s12345,secret_number,base,correct,hypothesis_revision,2,18,47.05534657754416,0.34453570458397154,136.57611083984375
secret_number__base__s12345__step_00__event_01,secret_number__base__s12345,secret_number,base,correct,hypothesis_revision,3,18,62.2799889757472,0.379190344418053,164.24464416503906
secret_number__base__s12345__step_00__event_01,secret_number__base__s12345,secret_number,base,correct,hypothesis_revision,4,18,79.23776119014005,0.4000206073526437,198.08421325683594
secret_number__base__s12345__step_00__event_01,secret_number__base__s12345,secret_number,base,correct,hypothesis_revision,5,18,64.76440710433171,0.2948297806121353,219.6671142578125
secret_number__base__s12345__step_00__event_01,secret_number__base__s12345,secret_number,base,correct,hypothesis_revision,6,18,82.69975576290256,0.31894405324442027,259.2923583984375
secret_number__base__s12345__step_00__event_01,secret_number__base__s12345,secret_number,base,correct,hypothesis_revision,7,18,96.7703056865173,0.3088273744205096,313.3475646972656
secret_number__base__s12345__step_00__event_01,secret_number__base__s12345,secret_number,base,correct,hypothesis_revision,8,18,117.02303628178072,0.31912487270172574,366.6998291015625
secret_number__base__s12345__step_00__event_01,secret_number__base__s12345,secret_number,base,correct,hypothesis_revision,9,18,126.69973198576122,0.2676699273833904,473.3431701660156
secret_number__base__s12345__step_00__event_01,secret_number__base__s12345,secret_number,base,correct,hypothesis_revision,10,18,122.27861921296335,0.22925793722799157,533.3670043945312
secret_number__base__s12345__step_00__event_01,secret_number__base__s12345,secret_number,base,correct,hypothesis_revision,11,18,122.37330408649474,0.1902324306211489,643.2830810546875
secret_number__base__s12345__step_00__event_01,secret_number__base__s12345,secret_number,base,correct,hypothesis_revision,12,18,106.36830606632793,0.13700807475228843,776.365234375
secret_number__base__s12345__step_00__event_01,secret_number__base__s12345,secret_number,base,correct,hypothesis_revision,13,18,84.170131791102,0.08929118623815684,942.647705078125
secret_number__base__s12345__step_00__event_01,secret_number__base__s12345,secret_number,base,correct,hypothesis_revision,14,18,35.343479029771515,0.030996101714006297,1140.255615234375
secret_number__base__s12345__step_00__event_01,secret_number__base__s12345,secret_number,base,correct,hypothesis_revision,15,18,32.60155402426972,0.023797382401916815,1369.9638671875
secret_number__base__s12345__step_00__event_01,secret_number__base__s12345,secret_number,base,correct,hypothesis_revision,16,18,38.75152567357782,0.02268162489309994,1708.498779296875
secret_number__base__s12345__step_00__event_01,secret_number__base__s12345,secret_number,base,correct,hypothesis_revision,17,18,101.61822952291702,0.04168223233010367,2437.9267578125
secret_number__base__s12345__step_00__event_01,secret_number__base__s12345,secret_number,base,correct,hypothesis_revision,18,18,56.23258660771262,0.01666546494984239,3374.19873046875
secret_number__base__s12345__step_00__event_01,secret_number__base__s12345,secret_number,base,correct,hypothesis_revision,19,18,56.671628740252345,0.012456810927065003,4549.44921875
secret_number__base__s12345__step_00__event_01,secret_number__base__s12345,secret_number,base,correct,hypothesis_revision,20,18,64.03781090388384,0.011597689819683146,5521.6005859375
secret_number__base__s12345__step_00__event_01,secret_number__base__s12345,secret_number,base,correct,hypothesis_revision,21,18,14.076674955351336,0.001972361537927232,7136.96484375
secret_number__base__s12345__step_00__event_01,secret_number__base__s12345,secret_number,base,correct,hypothesis_revision,22,18,-466.6791766768242,-0.05522729648255175,8450.154296875
secret_number__base__s12345__step_00__event_02,secret_number__base__s12345,secret_number,base,ambiguous,strategy_selection,0,18,10.708382232909956,0.14690021021677824,72.89562225341797
secret_number__base__s12345__step_00__event_02,secret_number__base__s12345,secret_number,base,ambiguous,strategy_selection,1,18,18.122866408628944,0.210805903905554,85.96944427490234
secret_number__base__s12345__step_00__event_02,secret_number__base__s12345,secret_number,base,ambiguous,strategy_selection,2,18,15.049375006649777,0.147316584333723,102.15669250488281
secret_number__base__s12345__step_00__event_02,secret_number__base__s12345,secret_number,base,ambiguous,strategy_selection,3,18,21.670057541069276,0.17610346745694438,123.05298614501953
secret_number__base__s12345__step_00__event_02,secret_number__base__s12345,secret_number,base,ambiguous,strategy_selection,4,18,24.465999788435447,0.17100821039430827,143.0691375732422
secret_number__base__s12345__step_00__event_02,secret_number__base__s12345,secret_number,base,ambiguous,strategy_selection,5,18,26.9494095657491,0.1621698669086205,166.1801300048828
secret_number__base__s12345__step_00__event_02,secret_number__base__s12345,secret_number,base,ambiguous,strategy_selection,6,18,31.222997601175024,0.15842592612334497,197.08262634277344
secret_number__base__s12345__step_00__event_02,secret_number__base__s12345,secret_number,base,ambiguous,strategy_selection,7,18,50.24875041390453,0.2100649240042509,239.205810546875
secret_number__base__s12345__step_00__event_02,secret_number__base__s12345,secret_number,base,ambiguous,strategy_selection,8,18,43.96495331301736,0.16073584914192604,273.52301025390625
secret_number__base__s12345__step_00__event_02,secret_number__base__s12345,secret_number,base,ambiguous,strategy_selection,9,18,63.686892867043866,0.18690475151912012,340.7452087402344
secret_number__base__s12345__step_00__event_02,secret_number__base__s12345,secret_number,base,ambiguous,strategy_selection,10,18,68.43743784825256,0.15488406154781845,441.86236572265625
secret_number__base__s12345__step_00__event_02,secret_number__base__s12345,secret_number,base,ambiguous,strategy_selection,11,18,103.58094547857331,0.19048789831408294,543.7665405273438
secret_number__base__s12345__step_00__event_02,secret_number__base__s12345,secret_number,base,ambiguous,strategy_selection,12,18,125.52082463380225,0.18482968583776432,679.1161499023438
secret_number__base__s12345__step_00__event_02,secret_number__base__s12345,secret_number,base,ambiguous,strategy_selection,13,18,122.99894551470659,0.15279176332499445,805.0103149414062
secret_number__base__s12345__step_00__event_02,secret_number__base__s12345,secret_number,base,ambiguous,strategy_selection,14,18,116.96376601996963,0.11685524127928935,1000.9287109375
secret_number__base__s12345__step_00__event_02,secret_number__base__s12345,secret_number,base,ambiguous,strategy_selection,15,18,110.91705442370687,0.09301458532795084,1192.469482421875
secret_number__base__s12345__step_00__event_02,secret_number__base__s12345,secret_number,base,ambiguous,strategy_selection,16,18,207.68146830129194,0.13583211565566483,1528.9571533203125
secret_number__base__s12345__step_00__event_02,secret_number__base__s12345,secret_number,base,ambiguous,strategy_selection,17,18,248.84839963620107,0.12045371198827794,2065.925537109375
secret_number__base__s12345__step_00__event_02,secret_number__base__s12345,secret_number,base,ambiguous,strategy_selection,18,18,402.8144623900098,0.1459319980252753,2760.288818359375
secret_number__base__s12345__step_00__event_02,secret_number__base__s12345,secret_number,base,ambiguous,strategy_selection,19,18,565.8253490291718,0.15236767233454687,3713.552490234375
secret_number__base__s12345__step_00__event_02,secret_number__base__s12345,secret_number,base,ambiguous,strategy_selection,20,18,666.9267889380226,0.13919988941849407,4791.14453125
secret_number__base__s12345__step_00__event_02,secret_number__base__s12345,secret_number,base,ambiguous,strategy_selection,21,18,804.0090210754634,0.13336634196760425,6028.5751953125
secret_number__base__s12345__step_00__event_02,secret_number__base__s12345,secret_number,base,ambiguous,strategy_selection,22,18,816.0406082870438,0.1086431428898234,7511.2021484375
secret_number__base__s12346__step_00__event_01,secret_number__base__s12346,secret_number,base,incorrect,intermediate_result,0,18,15.28847541483303,0.17442252686466164,87.6519546508789
secret_number__base__s12346__step_00__event_01,secret_number__base__s12346,secret_number,base,incorrect,intermediate_result,1,18,19.472177048745877,0.18689145594007214,104.18976593017578
secret_number__base__s12346__step_00__event_01,secret_number__base__s12346,secret_number,base,incorrect,intermediate_result,2,18,17.852751176794957,0.144843533250463,123.25542449951172
secret_number__base__s12346__step_00__event_01,secret_number__base__s12346,secret_number,base,incorrect,intermediate_result,3,18,22.997020580490016,0.159472053345422,144.20721435546875
secret_number__base__s12346__step_00__event_01,secret_number__base__s12346,secret_number,base,incorrect,intermediate_result,4,18,35.1669526965961,0.20389241790180188,172.4779815673828
secret_number__base__s12346__step_00__event_01,secret_number__base__s12346,secret_number,base,incorrect,intermediate_result,5,18,31.347861378253683,0.15536828889882034,201.76486206054688
secret_number__base__s12346__step_00__event_01,secret_number__base__s12346,secret_number,base,incorrect,intermediate_result,6,18,40.27167300776932,0.16429637780492165,245.1160125732422
secret_number__base__s12346__step_00__event_01,secret_number__base__s12346,secret_number,base,incorrect,intermediate_result,7,18,52.15093225812507,0.17467393542813892,298.5616149902344
secret_number__base__s12346__step_00__event_01,secret_number__base__s12346,secret_number,base,incorrect,intermediate_result,8,18,57.93225277909778,0.16416493866576026,352.89056396484375
secret_number__base__s12346__step_00__event_01,secret_number__base__s12346,secret_number,base,incorrect,intermediate_result,9,18,76.46749039151882,0.18126528171280565,421.8540344238281
secret_number__base__s12346__step_00__event_01,secret_number__base__s12346,secret_number,base,incorrect,intermediate_result,10,18,103.56255107540869,0.20563925062453053,503.61273193359375
secret_number__base__s12346__step_00__event_01,secret_number__base__s12346,secret_number,base,incorrect,intermediate_result,11,18,104.5639655847632,0.16373351396717087,638.6228637695312
secret_number__base__s12346__step_00__event_01,secret_number__base__s12346,secret_number,base,incorrect,intermediate_result,12,18,153.72004871981153,0.2009540505412402,764.9512329101562
secret_number__base__s12346__step_00__event_01,secret_number__base__s12346,secret_number,base,incorrect,intermediate_result,13,18,123.78148048577714,0.1230558012583734,1005.897216796875
secret_number__base__s12346__step_00__event_01,secret_number__base__s12346,secret_number,base,incorrect,intermediate_result,14,18,172.99602247369967,0.14177707985463855,1220.1973876953125
secret_number__base__s12346__step_00__event_01,secret_number__base__s12346,secret_number,base,incorrect,intermediate_result,15,18,205.62671929380485,0.13707243214747153,1500.1318359375
secret_number__base__s12346__step_00__event_01,secret_number__base__s12346,secret_number,base,incorrect,intermediate_result,16,18,258.51479722596196,0.13436153790163857,1924.0238037109375
secret_number__base__s12346__step_00__event_01,secret_number__base__s12346,secret_number,base,incorrect,intermediate_result,17,18,277.1443750592472,0.09762301503561602,2838.924560546875
secret_number__base__s12346__step_00__event_01,secret_number__base__s12346,secret_number,base,incorrect,intermediate_result,18,18,400.7490445886215,0.10186826155406474,3933.9931640625
secret_number__base__s12346__step_00__event_01,secret_number__base__s12346,secret_number,base,incorrect,intermediate_result,19,18,382.5591290064076,0.07413270881257378,5160.46337890625
secret_number__base__s12346__step_00__event_01,secret_number__base__s12346,secret_number,base,incorrect,intermediate_result,20,18,832.5029344895047,0.12614213696989787,6599.72119140625
secret_number__base__s12346__step_00__event_01,secret_number__base__s12346,secret_number,base,incorrect,intermediate_result,21,18,562.7384745199315,0.06905097102321386,8149.60986328125
secret_number__base__s12346__step_00__event_01,secret_number__base__s12346,secret_number,base,incorrect,intermediate_result,22,18,625.9955200033419,0.06485663248087947,9651.9892578125
secret_number__base__s12346__step_00__event_02,secret_number__base__s12346,secret_number,base,incorrect,strategy_selection,0,18,17.894584122518463,0.16061819627101803,111.41069793701172
secret_number__base__s12346__step_00__event_02,secret_number__base__s12346,secret_number,base,incorrect,strategy_selection,1,18,26.598432307626503,0.21789176999930757,122.07176208496094
secret_number__base__s12346__step_00__event_02,secret_number__base__s12346,secret_number,base,incorrect,strategy_selection,2,18,22.05422110080039,0.16136704663845086,136.67115783691406
secret_number__base__s12346__step_00__event_02,secret_number__base__s12346,secret_number,base,incorrect,strategy_selection,3,18,34.344978610954314,0.2152990304459405,159.522216796875
secret_number__base__s12346__step_00__event_02,secret_number__base__s12346,secret_number,base,incorrect,strategy_selection,4,18,20.841460623418456,0.11214970313263808,185.83607482910156
secret_number__base__s12346__step_00__event_02,secret_number__base__s12346,secret_number,base,incorrect,strategy_selection,5,18,31.71478306142574,0.14070187266818443,225.4041290283203
secret_number__base__s12346__step_00__event_02,secret_number__base__s12346,secret_number,base,incorrect,strategy_selection,6,18,16.38440089235837,0.060951909846256654,268.80865478515625
secret_number__base__s12346__step_00__event_02,secret_number__base__s12346,secret_number,base,incorrect,strategy_selection,7,18,24.014369389522756,0.07435037960751775,322.98919677734375
secret_number__base__s12346__step_00__event_02,secret_number__base__s12346,secret_number,base,incorrect,strategy_selection,8,18,14.782556633681452,0.038333862693382625,385.6266174316406
secret_number__base__s12346__step_00__event_02,secret_number__base__s12346,secret_number,base,incorrect,strategy_selection,9,18,4.619373079676279,0.009695510388222516,476.4445495605469
secret_number__base__s12346__step_00__event_02,secret_number__base__s12346,secret_number,base,incorrect,strategy_selection,10,18,-9.643359609035997,-0.017638310183823464,546.7280883789062
secret_number__base__s12346__step_00__event_02,secret_number__base__s12346,secret_number,base,incorrect,strategy_selection,11,18,12.514859342638033,0.01956545045005136,639.6406860351562
secret_number__base__s12346__step_00__event_02,secret_number__base__s12346,secret_number,base,incorrect,strategy_selection,12,18,-10.924817557288407,-0.014814914422649933,737.4202270507812
secret_number__base__s12346__step_00__event_02,secret_number__base__s12346,secret_number,base,incorrect,strategy_selection,13,18,31.399198205217544,0.03397653083729681,924.1437377929688
secret_number__base__s12346__step_00__event_02,secret_number__base__s12346,secret_number,base,incorrect,strategy_selection,14,18,48.93078644745674,0.04398471781527667,1112.44970703125
secret_number__base__s12346__step_00__event_02,secret_number__base__s12346,secret_number,base,incorrect,strategy_selection,15,18,164.16794149542056,0.11021102236039255,1489.5782470703125
secret_number__base__s12346__step_00__event_02,secret_number__base__s12346,secret_number,base,incorrect,strategy_selection,16,18,258.30741553792177,0.13382318452969444,1930.2142333984375
secret_number__base__s12346__step_00__event_02,secret_number__base__s12346,secret_number,base,incorrect,strategy_selection,17,18,351.16859414157807,0.12397152503326886,2832.6552734375
secret_number__base__s12346__step_00__event_02,secret_number__base__s12346,secret_number,base,incorrect,strategy_selection,18,18,462.071245510846,0.11815258370622234,3910.80126953125
secret_number__base__s12346__step_00__event_02,secret_number__base__s12346,secret_number,base,incorrect,strategy_selection,19,18,677.8227696707581,0.12939922427318326,5238.22900390625
secret_number__base__s12346__step_00__event_02,secret_number__base__s12346,secret_number,base,incorrect,strategy_selection,20,18,1070.4877946450915,0.16095736058420504,6650.75390625
secret_number__base__s12346__step_00__event_02,secret_number__base__s12346,secret_number,base,incorrect,strategy_selection,21,18,1172.666202697235,0.14901385465427244,7869.51123046875
secret_number__base__s12346__step_00__event_02,secret_number__base__s12346,secret_number,base,incorrect,strategy_selection,22,18,1438.465563400614,0.1575488439294275,9130.283203125
secret_number__commands_reviewed__s22345__step_00__event_01,secret_number__commands_reviewed__s22345,secret_number,commands_reviewed,correct,constraint_discovery,0,18,1.7126090962143579,0.021302995842751107,80.39287567138672
secret_number__commands_reviewed__s22345__step_00__event_01,secret_number__commands_reviewed__s22345,secret_number,commands_reviewed,correct,constraint_discovery,1,18,24.2656026434276,0.2377025598511953,102.08389282226562
secret_number__commands_reviewed__s22345__step_00__event_01,secret_number__commands_reviewed__s22345,secret_number,commands_reviewed,correct,constraint_discovery,2,18,31.146051728180637,0.2409267030551025,129.2760467529297
secret_number__commands_reviewed__s22345__step_00__event_01,secret_number__commands_reviewed__s22345,secret_number,commands_reviewed,correct,constraint_discovery,3,18,45.32245905635533,0.27470390009520435,164.98658752441406
secret_number__commands_reviewed__s22345__step_00__event_01,secret_number__commands_reviewed__s22345,secret_number,commands_reviewed,correct,constraint_discovery,4,18,53.78229456090196,0.26956871519277087,199.5123748779297
secret_number__commands_reviewed__s22345__step_00__event_01,secret_number__commands_reviewed__s22345,secret_number,commands_reviewed,correct,constraint_discovery,5,18,43.02728622699656,0.17772130471983014,242.1053924560547
secret_number__commands_reviewed__s22345__step_00__event_01,secret_number__commands_reviewed__s22345,secret_number,commands_reviewed,correct,constraint_discovery,6,18,43.20373176753759,0.14937977186041002,289.22076416015625
secret_number__commands_reviewed__s22345__step_00__event_01,secret_number__commands_reviewed__s22345,secret_number,commands_reviewed,correct,constraint_discovery,7,18,23.872907839812484,0.06961527254227308,342.92633056640625
secret_number__commands_reviewed__s22345__step_00__event_01,secret_number__commands_reviewed__s22345,secret_number,commands_reviewed,correct,constraint_discovery,8,18,26.21541785094962,0.06429973761734745,407.7064514160156
secret_number__commands_reviewed__s22345__step_00__event_01,secret_number__commands_reviewed__s22345,secret_number,commands_reviewed,correct,constraint_discovery,9,18,-7.472024563719515,-0.01570787322497851,475.68658447265625
secret_number__commands_reviewed__s22345__step_00__event_01,secret_number__commands_reviewed__s22345,secret_number,commands_reviewed,correct,constraint_discovery,10,18,-22.845116615668644,-0.04063113160223611,562.2564697265625
secret_number__commands_reviewed__s22345__step_00__event_01,secret_number__commands_reviewed__s22345,secret_number,commands_reviewed,correct,constraint_discovery,11,18,-42.30924225684453,-0.06590034815999428,642.0184936523438
secret_number__commands_reviewed__s22345__step_00__event_01,secret_number__commands_reviewed__s22345,secret_number,commands_reviewed,correct,constraint_discovery,12,18,-40.94403641430631,-0.05395992958240052,758.7859497070312
secret_number__commands_reviewed__s22345__step_00__event_01,secret_number__commands_reviewed__s22345,secret_number,commands_reviewed,correct,constraint_discovery,13,18,-68.41070010760086,-0.07158889486268996,955.6049194335938
secret_number__commands_reviewed__s22345__step_00__event_01,secret_number__commands_reviewed__s22345,secret_number,commands_reviewed,correct,constraint_discovery,14,18,-120.24772243221378,-0.10273557143078939,1170.45849609375
secret_number__commands_reviewed__s22345__step_00__event_01,secret_number__commands_reviewed__s22345,secret_number,commands_reviewed,correct,constraint_discovery,15,18,-160.49160103341455,-0.10251848597365026,1565.4893798828125
secret_number__commands_reviewed__s22345__step_00__event_01,secret_number__commands_reviewed__s22345,secret_number,commands_reviewed,correct,constraint_discovery,16,18,-137.55958663016736,-0.06460999574428018,2129.075927734375
secret_number__commands_reviewed__s22345__step_00__event_01,secret_number__commands_reviewed__s22345,secret_number,commands_reviewed,correct,constraint_discovery,17,18,-111.9033981161283,-0.03628833438830726,3083.7294921875
secret_number__commands_reviewed__s22345__step_00__event_01,secret_number__commands_reviewed__s22345,secret_number,commands_reviewed,correct,constraint_discovery,18,18,58.26566437866313,0.013335432897543728,4369.23681640625
secret_number__commands_reviewed__s22345__step_00__event_01,secret_number__commands_reviewed__s22345,secret_number,commands_reviewed,correct,constraint_discovery,19,18,204.40359284525107,0.034726835125032565,5886.04150390625
secret_number__commands_reviewed__s22345__step_00__event_01,secret_number__commands_reviewed__s22345,secret_number,commands_reviewed,correct,constraint_discovery,20,18,237.93820779823182,0.032778542525775736,7258.9619140625
secret_number__commands_reviewed__s22345__step_00__event_01,secret_number__commands_reviewed__s22345,secret_number,commands_reviewed,correct,constraint_discovery,21,18,196.8290730023582,0.021577749814246178,9121.853515625
secret_number__commands_reviewed__s22345__step_00__event_01,secret_number__commands_reviewed__s22345,secret_number,commands_reviewed,correct,constraint_discovery,22,18,182.62382980343682,0.016753634731791617,10900.5498046875
secret_number__commands_reviewed__s22345__step_00__event_02,secret_number__commands_reviewed__s22345,secret_number,commands_reviewed,incorrect,strategy_selection,0,18,-8.196071163970684,-0.0920993718276271,88.99160766601562
secret_number__commands_reviewed__s22345__step_00__event_02,secret_number__commands_reviewed__s22345,secret_number,commands_reviewed,incorrect,strategy_selection,1,18,2.5729642451318018,0.024974670834442842,103.02294921875
secret_number__commands_reviewed__s22345__step_00__event_02,secret_number__commands_reviewed__s22345,secret_number,commands_reviewed,incorrect,strategy_selection,2,18,3.0862480235643517,0.02467840714766173,125.05863189697266
secret_number__commands_reviewed__s22345__step_00__event_02,secret_number__commands_reviewed__s22345,secret_number,commands_reviewed,incorrect,strategy_selection,3,18,14.055580486507889,0.09623961699630346,146.04776000976562
secret_number__commands_reviewed__s22345__step_00__event_02,secret_number__commands_reviewed__s22345,secret_number,commands_reviewed,incorrect,strategy_selection,4,18,19.878052825289004,0.11677252517032718,170.22885131835938
secret_number__commands_reviewed__s22345__step_00__event_02,secret_number__commands_reviewed__s22345,secret_number,commands_reviewed,incorrect,strategy_selection,5,18,21.917059489511786,0.10849531159015298,202.00927734375
secret_number__commands_reviewed__s22345__step_00__event_02,secret_number__commands_reviewed__s22345,secret_number,commands_reviewed,incorrect,strategy_selection,6,18,19.709417042936593,0.08054552432098404,244.69911193847656
secret_number__commands_reviewed__s22345__step_00__event_02,secret_number__commands_reviewed__s22345,secret_number,commands_reviewed,incorrect,strategy_selection,7,18,21.857975235568148,0.07102590523142126,307.74652099609375
secret_number__commands_reviewed__s22345__step_00__event_02,secret_number__commands_reviewed__s22345,secret_number,commands_reviewed,incorrect,strategy_selection,8,18,28.52628126197927,0.08100412308031861,352.1583557128906
secret_number__commands_reviewed__s22345__step_00__event_02,secret_number__commands_reviewed__s22345,secret_number,commands_reviewed,incorrect,strategy_selection,9,18,33.93355662062659,0.08261412234135707,410.7476501464844
secret_number__commands_reviewed__s22345__step_00__event_02,secret_number__commands_reviewed__s22345,secret_number,commands_reviewed,incorrect,strategy_selection,10,18,23.743074471671207,0.05155292728825038,460.5572509765625
secret_number__commands_reviewed__s22345__step_00__event_02,secret_number__commands_reviewed__s22345,secret_number,commands_reviewed,incorrect,strategy_selection,11,18,46.24189854090355,0.08721345157999207,530.2152099609375
secret_number__commands_reviewed__s22345__step_00__event_02,secret_number__commands_reviewed__s22345,secret_number,commands_reviewed,incorrect,strategy_selection,12,18,48.80921760318256,0.08003746215494299,609.8296508789062
secret_number__commands_reviewed__s22345__step_00__event_02,secret_number__commands_reviewed__s22345,secret_number,commands_reviewed,incorrect,strategy_selection,13,18,64.1284825699604,0.08543811044493681,750.5840454101562
secret_number__commands_reviewed__s22345__step_00__event_02,secret_number__commands_reviewed__s22345,secret_number,commands_reviewed,incorrect,strategy_selection,14,18,72.26866438516208,0.07574142538129762,954.1497802734375
secret_number__commands_reviewed__s22345__step_00__event_02,secret_number__commands_reviewed__s22345,secret_number,commands_reviewed,incorrect,strategy_selection,15,18,94.38264961740788,0.07567109598473286,1247.2747802734375
secret_number__commands_reviewed__s22345__step_00__event_02,secret_number__commands_reviewed__s22345,secret_number,commands_reviewed,incorrect,strategy_selection,16,18,168.46995120990505,0.101499364560592,1659.8128662109375
secret_number__commands_reviewed__s22345__step_00__event_02,secret_number__commands_reviewed__s22345,secret_number,commands_reviewed,incorrect,strategy_selection,17,18,315.82382459247674,0.13369677024304147,2362.23974609375
secret_number__commands_reviewed__s22345__step_00__event_02,secret_number__commands_reviewed__s22345,secret_number,commands_reviewed,incorrect,strategy_selection,18,18,405.0267723272673,0.11956297905324893,3387.560302734375
secret_number__commands_reviewed__s22345__step_00__event_02,secret_number__commands_reviewed__s22345,secret_number,commands_reviewed,incorrect,strategy_selection,19,18,661.8501799297374,0.1445255369260326,4579.46875
secret_number__commands_reviewed__s22345__step_00__event_02,secret_number__commands_reviewed__s22345,secret_number,commands_reviewed,incorrect,strategy_selection,20,18,913.3731693372501,0.1573086322752389,5806.24951171875
secret_number__commands_reviewed__s22345__step_00__event_02,secret_number__commands_reviewed__s22345,secret_number,commands_reviewed,incorrect,strategy_selection,21,18,953.2360958514255,0.12929305566627466,7372.67822265625
secret_number__commands_reviewed__s22345__step_00__event_02,secret_number__commands_reviewed__s22345,secret_number,commands_reviewed,incorrect,strategy_selection,22,18,901.2899196772196,0.10210294538036087,8827.2666015625
secret_number__commands_reviewed__s22345__step_00__event_03,secret_number__commands_reviewed__s22345,secret_number,commands_reviewed,correct,hypothesis_revision,0,18,-3.071890568124811,-0.033584982917207094,91.4661865234375
secret_number__commands_reviewed__s22345__step_00__event_03,secret_number__commands_reviewed__s22345,secret_number,commands_reviewed,correct,hypothesis_revision,1,18,9.20388362610976,0.0889152498822721,103.51299285888672
secret_number__commands_reviewed__s22345__step_00__event_03,secret_number__commands_reviewed__s22345,secret_number,commands_reviewed,correct,hypothesis_revision,2,18,9.179284029797373,0.07376068035653632,124.44684600830078
secret_number__commands_reviewed__s22345__step_00__event_03,secret_number__commands_reviewed__s22345,secret_number,commands_reviewed,correct,hypothesis_revision,3,18,11.870521606555684,0.08162792211145384,145.4223175048828
secret_number__commands_reviewed__s22345__step_00__event_03,secret_number__commands_reviewed__s22345,secret_number,commands_reviewed,correct,hypothesis_revision,4,18,14.865365027271473,0.08511762295624531,174.6449737548828
secret_number__commands_reviewed__s22345__step_00__event_03,secret_number__commands_reviewed__s22345,secret_number,commands_reviewed,correct,hypothesis_revision,5,18,8.034475810098115,0.03609179903582843,222.6122283935547
secret_number__commands_reviewed__s22345__step_00__event_03,secret_number__commands_reviewed__s22345,secret_number,commands_reviewed,correct,hypothesis_revision,6,18,18.628080158166654,0.06657117284533243,279.822021484375
secret_number__commands_reviewed__s22345__step_00__event_03,secret_number__commands_reviewed__s22345,secret_number,commands_reviewed,correct,hypothesis_revision,7,18,-5.406305774126267,-0.015310831918662867,353.10333251953125
secret_number__commands_reviewed__s22345__step_00__event_03,secret_number__commands_reviewed__s22345,secret_number,commands_reviewed,correct,hypothesis_revision,8,18,-3.7916347443308496,-0.009108665793091398,416.2667541503906
secret_number__commands_reviewed__s22345__step_00__event_03,secret_number__commands_reviewed__s22345,secret_number,commands_reviewed,correct,hypothesis_revision,9,18,-11.692096926431319,-0.02263998718428847,516.4357299804688
secret_number__commands_reviewed__s22345__step_00__event_03,secret_number__commands_reviewed__s22345,secret_number,commands_reviewed,correct,hypothesis_revision,10,18,-11.292819155885809,-0.018388173969833898,614.1348876953125
secret_number__commands_reviewed__s22345__step_00__event_03,secret_number__commands_reviewed__s22345,secret_number,commands_reviewed,correct,hypothesis_revision,11,18,-44.521747393575424,-0.06038431272905281,737.3065185546875
secret_number__commands_reviewed__s22345__step_00__event_03,secret_number__commands_reviewed__s22345,secret_number,commands_reviewed,correct,hypothesis_revision,12,18,-48.44506898635882,-0.05984840348053541,809.4630126953125
secret_number__commands_reviewed__s22345__step_00__event_03,secret_number__commands_reviewed__s22345,secret_number,commands_reviewed,correct,hypothesis_revision,13,18,-70.39643303655976,-0.06549328675780551,1074.8648681640625
secret_number__commands_reviewed__s22345__step_00__event_03,secret_number__commands_reviewed__s22345,secret_number,commands_reviewed,correct,hypothesis_revision,14,18,-76.39827643675494,-0.06021004915568955,1268.862548828125
secret_number__commands_reviewed__s22345__step_00__event_03,secret_number__commands_reviewed__s22345,secret_number,commands_reviewed,correct,hypothesis_revision,15,18,-114.86356101255114,-0.06945599836478962,1653.7601318359375
secret_number__commands_reviewed__s22345__step_00__event_03,secret_number__commands_reviewed__s22345,secret_number,commands_reviewed,correct,hypothesis_revision,16,18,-53.264501640514936,-0.024316450286853496,2190.471923828125
secret_number__commands_reviewed__s22345__step_00__event_03,secret_number__commands_reviewed__s22345,secret_number,commands_reviewed,correct,hypothesis_revision,17,18,-74.58833517635117,-0.02322611948878502,3211.39892578125
secret_number__commands_reviewed__s22345__step_00__event_03,secret_number__commands_reviewed__s22345,secret_number,commands_reviewed,correct,hypothesis_revision,18,18,183.6280467755496,0.04156092232502368,4418.2861328125
secret_number__commands_reviewed__s22345__step_00__event_03,secret_number__commands_reviewed__s22345,secret_number,commands_reviewed,correct,hypothesis_revision,19,18,272.95968232981613,0.04557074100576586,5989.80126953125
secret_number__commands_reviewed__s22345__step_00__event_03,secret_number__commands_reviewed__s22345,secret_number,commands_reviewed,correct,hypothesis_revision,20,18,394.3762883709096,0.053268929893008264,7403.49560546875
secret_number__commands_reviewed__s22345__step_00__event_03,secret_number__commands_reviewed__s22345,secret_number,commands_reviewed,correct,hypothesis_revision,21,18,388.86948028291954,0.041646073611010144,9337.482421875
secret_number__commands_reviewed__s22345__step_00__event_03,secret_number__commands_reviewed__s22345,secret_number,commands_reviewed,correct,hypothesis_revision,22,18,605.252329644296,0.054468730365527025,11111.9228515625
secret_number__commands_reviewed__s22346__step_00__event_01,secret_number__commands_reviewed__s22346,secret_number,commands_reviewed,incorrect,hypothesis_revision,0,18,10.173845947857082,0.13777181377487638,73.84562683105469
secret_number__commands_reviewed__s22346__step_00__event_01,secret_number__commands_reviewed__s22346,secret_number,commands_reviewed,incorrect,hypothesis_revision,1,18,6.09390991473883,0.07780915770276983,78.31867218017578
secret_number__commands_reviewed__s22346__step_00__event_01,secret_number__commands_reviewed__s22346,secret_number,commands_reviewed,incorrect,hypothesis_revision,2,18,3.045270264974345,0.03346173385083032,91.0075454711914
secret_number__commands_reviewed__s22346__step_00__event_01,secret_number__commands_reviewed__s22346,secret_number,commands_reviewed,incorrect,hypothesis_revision,3,18,3.784530677470782,0.03725414674605448,101.58683013916016
secret_number__commands_reviewed__s22346__step_00__event_01,secret_number__commands_reviewed__s22346,secret_number,commands_reviewed,incorrect,hypothesis_revision,4,18,-0.6187720799628309,-0.005183836222325706,119.36566925048828
secret_number__commands_reviewed__s22346__step_00__event_01,secret_number__commands_reviewed__s22346,secret_number,commands_reviewed,incorrect,hypothesis_revision,5,18,2.2568568245385734,0.015765534281166758,143.15130615234375
secret_number__commands_reviewed__s22346__step_00__event_01,secret_number__commands_reviewed__s22346,secret_number,commands_reviewed,incorrect,hypothesis_revision,6,18,4.181202710499775,0.023729804530004853,176.20045471191406
secret_number__commands_reviewed__s22346__step_00__event_01,secret_number__commands_reviewed__s22346,secret_number,commands_reviewed,incorrect,hypothesis_revision,7,18,13.099155348890008,0.0613505779862509,213.51316833496094
secret_number__commands_reviewed__s22346__step_00__event_01,secret_number__commands_reviewed__s22346,secret_number,commands_reviewed,incorrect,hypothesis_revision,8,18,12.835339315189685,0.05092462326485671,252.0458526611328
secret_number__commands_reviewed__s22346__step_00__event_01,secret_number__commands_reviewed__s22346,secret_number,commands_reviewed,incorrect,hypothesis_revision,9,18,18.262806941388302,0.05888163998574998,310.1612854003906
secret_number__commands_reviewed__s22346__step_00__event_01,secret_number__commands_reviewed__s22346,secret_number,commands_reviewed,incorrect,hypothesis_revision,10,18,24.48171158297373,0.06864218250130451,356.65692138671875
secret_number__commands_reviewed__s22346__step_00__event_01,secret_number__commands_reviewed__s22346,secret_number,commands_reviewed,incorrect,hypothesis_revision,11,18,12.478988358139802,0.031197632748302603,399.9979248046875
secret_number__commands_reviewed__s22346__step_00__event_01,secret_number__commands_reviewed__s22346,secret_number,commands_reviewed,incorrect,hypothesis_revision,12,18,24.332533300409295,0.05351376157901454,454.6967468261719
secret_number__commands_reviewed__s22346__step_00__event_01,secret_number__commands_reviewed__s22346,secret_number,commands_reviewed,incorrect,hypothesis_revision,13,18,20.09517569747004,0.03348357361542846,600.1502685546875
secret_number__commands_reviewed__s22346__step_00__event_01,secret_number__commands_reviewed__s22346,secret_number,commands_reviewed,incorrect,hypothesis_revision,14,18,14.31554263778844,0.018940384867477206,755.8211059570312
secret_number__commands_reviewed__s22346__step_00__event_01,secret_number__commands_reviewed__s22346,secret_number,commands_reviewed,incorrect,hypothesis_revision,15,18,28.175718971185233,0.027295947783086215,1032.2308349609375
secret_number__commands_reviewed__s22346__step_00__event_01,secret_number__commands_reviewed__s22346,secret_number,commands_reviewed,incorrect,hypothesis_revision,16,18,77.54088226666363,0.057903565254383525,1339.138427734375
secret_number__commands_reviewed__s22346__step_00__event_01,secret_number__commands_reviewed__s22346,secret_number,commands_reviewed,incorrect,hypothesis_revision,17,18,126.97447898421706,0.06690430844277248,1897.8519287109375
secret_number__commands_reviewed__s22346__step_00__event_01,secret_number__commands_reviewed__s22346,secret_number,commands_reviewed,incorrect,hypothesis_revision,18,18,82.8268016253678,0.033590387387869264,2465.788818359375
secret_number__commands_reviewed__s22346__step_00__event_01,secret_number__commands_reviewed__s22346,secret_number,commands_reviewed,incorrect,hypothesis_revision,19,18,77.259554053064,0.023190862384258267,3331.46533203125
secret_number__commands_reviewed__s22346__step_00__event_01,secret_number__commands_reviewed__s22346,secret_number,commands_reviewed,incorrect,hypothesis_revision,20,18,18.390935850925416,0.00435064072482677,4227.1787109375
secret_number__commands_reviewed__s22346__step_00__event_01,secret_number__commands_reviewed__s22346,secret_number,commands_reviewed,incorrect,hypothesis_revision,21,18,66.66592519939877,0.012880714714817491,5175.638671875
secret_number__commands_reviewed__s22346__step_00__event_01,secret_number__commands_reviewed__s22346,secret_number,commands_reviewed,incorrect,hypothesis_revision,22,18,153.16637565742712,0.025110652938074192,6099.6572265625
secret_number__commands_reviewed__s22346__step_00__event_02,secret_number__commands_reviewed__s22346,secret_number,commands_reviewed,incorrect,strategy_selection,0,18,-2.018923726164612,-0.021421369696430482,94.24811553955078
secret_number__commands_reviewed__s22346__step_00__event_02,secret_number__commands_reviewed__s22346,secret_number,commands_reviewed,incorrect,strategy_selection,1,18,1.3519668316726055,0.012317383366704142,109.76087951660156
secret_number__commands_reviewed__s22346__step_00__event_02,secret_number__commands_reviewed__s22346,secret_number,commands_reviewed,incorrect,strategy_selection,2,18,-7.291170742258927,-0.05711871005633179,127.64942169189453
secret_number__commands_reviewed__s22346__step_00__event_02,secret_number__commands_reviewed__s22346,secret_number,commands_reviewed,incorrect,strategy_selection,3,18,-11.304122742624315,-0.07553677415486648,149.6505889892578
secret_number__commands_reviewed__s22346__step_00__event_02,secret_number__commands_reviewed__s22346,secret_number,commands_reviewed,incorrect,strategy_selection,4,18,-20.37862911971698,-0.11944414028332201,170.61221313476562
secret_number__commands_reviewed__s22346__step_00__event_02,secret_number__commands_reviewed__s22346,secret_number,commands_reviewed,incorrect,strategy_selection,5,18,-24.518798509559613,-0.12005730207603138,204.22579956054688
secret_number__commands_reviewed__s22346__step_00__event_02,secret_number__commands_reviewed__s22346,secret_number,commands_reviewed,incorrect,strategy_selection,6,18,-26.445557438864512,-0.11065412474212843,238.9929656982422
secret_number__commands_reviewed__s22346__step_00__event_02,secret_number__commands_reviewed__s22346,secret_number,commands_reviewed,incorrect,strategy_selection,7,18,-40.60000495915014,-0.1362305083600006,298.0243225097656
secret_number__commands_reviewed__s22346__step_00__event_02,secret_number__commands_reviewed__s22346,secret_number,commands_reviewed,incorrect,strategy_selection,8,18,-54.18959695639114,-0.1569643150457496,345.2351379394531
secret_number__commands_reviewed__s22346__step_00__event_02,secret_number__commands_reviewed__s22346,secret_number,commands_reviewed,incorrect,strategy_selection,9,18,-74.53072891931919,-0.17477041651876593,426.4493408203125
secret_number__commands_reviewed__s22346__step_00__event_02,secret_number__commands_reviewed__s22346,secret_number,commands_reviewed,incorrect,strategy_selection,10,18,-107.56312441841601,-0.20365398152525904,528.1660766601562
secret_number__commands_reviewed__s22346__step_00__event_02,secret_number__commands_reviewed__s22346,secret_number,commands_reviewed,incorrect,strategy_selection,11,18,-138.71682813230268,-0.21803406523626073,636.21630859375
secret_number__commands_reviewed__s22346__step_00__event_02,secret_number__commands_reviewed__s22346,secret_number,commands_reviewed,incorrect,strategy_selection,12,18,-155.22148409062402,-0.20625883891427935,752.5567016601562
secret_number__commands_reviewed__s22346__step_00__event_02,secret_number__commands_reviewed__s22346,secret_number,commands_reviewed,incorrect,strategy_selection,13,18,-128.6272388877478,-0.13301985758199777,966.9777221679688
secret_number__commands_reviewed__s22346__step_00__event_02,secret_number__commands_reviewed__s22346,secret_number,commands_reviewed,incorrect,strategy_selection,14,18,-146.3623542736584,-0.1273940192841765,1148.89501953125
secret_number__commands_reviewed__s22346__step_00__event_02,secret_number__commands_reviewed__s22346,secret_number,commands_reviewed,incorrect,strategy_selection,15,18,-157.5149732433756,-0.1106957227449776,1422.9544677734375
secret_number__commands_reviewed__s22346__step_00__event_02,secret_number__commands_reviewed__s22346,secret_number,commands_reviewed,incorrect,strategy_selection,16,18,-237.78501512219555,-0.1315749196225312,1807.221435546875
secret_number__commands_reviewed__s22346__step_00__event_02,secret_number__commands_reviewed__s22346,secret_number,commands_reviewed,incorrect,strategy_selection,17,18,-311.5328493636043,-0.12327519457216427,2527.13330078125
secret_number__commands_reviewed__s22346__step_00__event_02,secret_number__commands_reviewed__s22346,secret_number,commands_reviewed,incorrect,strategy_selection,18,18,-387.62294998029756,-0.11081489370004408,3497.931884765625
secret_number__commands_reviewed__s22346__step_00__event_02,secret_number__commands_reviewed__s22346,secret_number,commands_reviewed,incorrect,strategy_selection,19,18,-737.5843829538558,-0.15446867599775732,4774.97705078125
secret_number__commands_reviewed__s22346__step_00__event_02,secret_number__commands_reviewed__s22346,secret_number,commands_reviewed,incorrect,strategy_selection,20,18,-966.909098069882,-0.15525690882421112,6227.80029296875
secret_number__commands_reviewed__s22346__step_00__event_02,secret_number__commands_reviewed__s22346,secret_number,commands_reviewed,incorrect,strategy_selection,21,18,-1123.8206275566554,-0.14179345179449634,7925.7578125
secret_number__commands_reviewed__s22346__step_00__event_02,secret_number__commands_reviewed__s22346,secret_number,commands_reviewed,incorrect,strategy_selection,22,18,-993.3832707214387,-0.10269617093622423,9673.03125
secret_number__commands_reviewed__s22346__step_03__event_01,secret_number__commands_reviewed__s22346,secret_number,commands_reviewed,incorrect,conclusion,0,18,18.499443305657675,0.17603044728875375,105.09229278564453
secret_number__commands_reviewed__s22346__step_03__event_01,secret_number__commands_reviewed__s22346,secret_number,commands_reviewed,incorrect,conclusion,1,18,28.433424172184367,0.2498034405511771,113.82318878173828
secret_number__commands_reviewed__s22346__step_03__event_01,secret_number__commands_reviewed__s22346,secret_number,commands_reviewed,incorrect,conclusion,2,18,33.196444461406,0.2503921721303125,132.5778045654297
secret_number__commands_reviewed__s22346__step_03__event_01,secret_number__commands_reviewed__s22346,secret_number,commands_reviewed,incorrect,conclusion,3,18,37.84496357902067,0.25772077034965923,146.84483337402344
secret_number__commands_reviewed__s22346__step_03__event_01,secret_number__commands_reviewed__s22346,secret_number,commands_reviewed,incorrect,conclusion,4,18,41.45574190308744,0.24669059633924742,168.04751586914062
secret_number__commands_reviewed__s22346__step_03__event_01,secret_number__commands_reviewed__s22346,secret_number,commands_reviewed,incorrect,conclusion,5,18,43.25330691875977,0.22074872467570567,195.93910217285156
secret_number__commands_reviewed__s22346__step_03__event_01,secret_number__commands_reviewed__s22346,secret_number,commands_reviewed,incorrect,conclusion,6,18,53.53957990146367,0.2304968671931933,232.27899169921875
secret_number__commands_reviewed__s22346__step_03__event_01,secret_number__commands_reviewed__s22346,secret_number,commands_reviewed,incorrect,conclusion,7,18,53.711007934998676,0.19304794756452087,278.22625732421875
secret_number__commands_reviewed__s22346__step_03__event_01,secret_number__commands_reviewed__s22346,secret_number,commands_reviewed,incorrect,conclusion,8,18,73.42469582941317,0.21520256915479985,341.1887512207031
secret_number__commands_reviewed__s22346__step_03__event_01,secret_number__commands_reviewed__s22346,secret_number,commands_reviewed,incorrect,conclusion,9,18,62.247740405027855,0.15817419884143635,393.5391845703125
secret_number__commands_reviewed__s22346__step_03__event_01,secret_number__commands_reviewed__s22346,secret_number,commands_reviewed,incorrect,conclusion,10,18,111.79808217829661,0.23453606053625392,476.67755126953125
secret_number__commands_reviewed__s22346__step_03__event_01,secret_number__commands_reviewed__s22346,secret_number,commands_reviewed,incorrect,conclusion,11,18,108.27765396450005,0.20015078627685587,540.9804077148438
secret_number__commands_reviewed__s22346__step_03__event_01,secret_number__commands_reviewed__s22346,secret_number,commands_reviewed,incorrect,conclusion,12,18,134.06104356830747,0.20372937833733748,658.034912109375
secret_number__commands_reviewed__s22346__step_03__event_01,secret_number__commands_reviewed__s22346,secret_number,commands_reviewed,incorrect,conclusion,13,18,133.81321999390184,0.1671775359124776,800.4258422851562
secret_number__commands_reviewed__s22346__step_03__event_01,secret_number__commands_reviewed__s22346,secret_number,commands_reviewed,incorrect,conclusion,14,18,182.11408588434483,0.17549840445375828,1037.696533203125
secret_number__commands_reviewed__s22346__step_03__event_01,secret_number__commands_reviewed__s22346,secret_number,commands_reviewed,incorrect,conclusion,15,18,205.86516372499887,0.14792600410023413,1391.6766357421875
secret_number__commands_reviewed__s22346__step_03__event_01,secret_number__commands_reviewed__s22346,secret_number,commands_reviewed,incorrect,conclusion,16,18,348.3768030461961,0.17310458551439126,2012.5220947265625
secret_number__commands_reviewed__s22346__step_03__event_01,secret_number__commands_reviewed__s22346,secret_number,commands_reviewed,incorrect,conclusion,17,18,568.7827257631699,0.1967825708722757,2890.412109375
secret_number__commands_reviewed__s22346__step_03__event_01,secret_number__commands_reviewed__s22346,secret_number,commands_reviewed,incorrect,conclusion,18,18,852.8818747594141,0.20985074022033642,4064.231201171875
secret_number__commands_reviewed__s22346__step_03__event_01,secret_number__commands_reviewed__s22346,secret_number,commands_reviewed,incorrect,conclusion,19,18,1027.8341572866448,0.18638560490929357,5514.5576171875
secret_number__commands_reviewed__s22346__step_03__event_01,secret_number__commands_reviewed__s22346,secret_number,commands_reviewed,incorrect,conclusion,20,18,1335.7791298794561,0.19443579450000772,6870.0263671875
secret_number__commands_reviewed__s22346__step_03__event_01,secret_number__commands_reviewed__s22346,secret_number,commands_reviewed,incorrect,conclusion,21,18,1309.347389324379,0.14872746777030263,8803.6689453125
secret_number__commands_reviewed__s22346__step_03__event_01,secret_number__commands_reviewed__s22346,secret_number,commands_reviewed,incorrect,conclusion,22,18,1749.543623614485,0.1681916614490086,10402.0830078125
secret_number__guess_log_reviewed__s32345__step_00__event_01,secret_number__guess_log_reviewed__s32345,secret_number,guess_log_reviewed,incorrect,strategy_selection,0,18,1.883387566942563,0.023022959241564354,81.80475616455078
secret_number__guess_log_reviewed__s32345__step_00__event_01,secret_number__guess_log_reviewed__s32345,secret_number,guess_log_reviewed,incorrect,strategy_selection,1,18,11.27462768954532,0.11340229922949688,99.42150115966797
secret_number__guess_log_reviewed__s32345__step_00__event_01,secret_number__guess_log_reviewed__s32345,secret_number,guess_log_reviewed,incorrect,strategy_selection,2,18,5.897206241921737,0.050072425351890396,117.77352142333984
secret_number__guess_log_reviewed__s32345__step_00__event_01,secret_number__guess_log_reviewed__s32345,secret_number,guess_log_reviewed,incorrect,strategy_selection,3,18,0.18238915047461113,0.0013192071908879565,138.2566375732422
secret_number__guess_log_reviewed__s32345__step_00__event_01,secret_number__guess_log_reviewed__s32345,secret_number,guess_log_reviewed,incorrect,strategy_selection,4,18,10.591798894779608,0.06022783192013369,175.86219787597656
secret_number__guess_log_reviewed__s32345__step_00__event_01,secret_number__guess_log_reviewed__s32345,secret_number,guess_log_reviewed,incorrect,strategy_selection,5,18,10.186731863047044,0.04649246736352112,219.10499572753906
secret_number__guess_log_reviewed__s32345__step_00__event_01,secret_number__guess_log_reviewed__s32345,secret_number,guess_log_reviewed,incorrect,strategy_selection,6,18,15.507501207550519,0.059703611904752804,259.7414245605469
secret_number__guess_log_reviewed__s32345__step_00__event_01,secret_number__guess_log_reviewed__s32345,secret_number,guess_log_reviewed,incorrect,strategy_selection,7,18,6.145474244347611,0.01916901208919466,320.59417724609375
secret_number__guess_log_reviewed__s32345__step_00__event_01,secret_number__guess_log_reviewed__s32345,secret_number,guess_log_reviewed,incorrect,strategy_selection,8,18,-7.876746927203385,-0.02192931608012394,359.18798828125
secret_number__guess_log_reviewed__s32345__step_00__event_01,secret_number__guess_log_reviewed__s32345,secret_number,guess_log_reviewed,incorrect,strategy_selection,9,18,-19.365394065852172,-0.04570086781310475,423.74237060546875
secret_number__guess_log_reviewed__s32345__step_00__event_01,secret_number__guess_log_reviewed__s32345,secret_number,guess_log_reviewed,incorrect,strategy_selection,10,18,-17.883891517086795,-0.03536729760597256,505.66180419921875
secret_number__guess_log_reviewed__s32345__step_00__event_01,secret_number__guess_log_reviewed__s32345,secret_number,guess_log_reviewed,incorrect,strategy_selection,11,18,-10.674703622870766,-0.01867520338179625,571.5977172851562
secret_number__guess_log_reviewed__s32345__step_00__event_01,secret_number__guess_log_reviewed__s32345,secret_number,guess_log_reviewed,incorrect,strategy_selection,12,18,-22.431193663314843,-0.032597932517932714,688.1170654296875
secret_number__guess_log_reviewed__s32345__step_00__event_01,secret_number__guess_log_reviewed__s32345,secret_number,guess_log_reviewed,incorrect,strategy_selection,13,18,-34.244013001424264,-0.03900420155263067,877.95703125
secret_number__guess_log_reviewed__s32345__step_00__event_01,secret_number__guess_log_reviewed__s32345,secret_number,guess_log_reviewed,incorrect,strategy_selection,14,18,-24.246514721951826,-0.021083303694357413,1150.033935546875
secret_number__guess_log_reviewed__s32345__step_00__event_01,secret_number__guess_log_reviewed__s32345,secret_number,guess_log_reviewed,incorrect,strategy_selection,15,18,-47.117574840174676,-0.03332587992447992,1413.8433837890625
secret_number__guess_log_reviewed__s32345__step_00__event_01,secret_number__guess_log_reviewed__s32345,secret_number,guess_log_reviewed,incorrect,strategy_selection,16,18,-42.36111107112265,-0.023775326853473736,1781.7257080078125
secret_number__guess_log_reviewed__s32345__step_00__event_01,secret_number__guess_log_reviewed__s32345,secret_number,guess_log_reviewed,incorrect,strategy_selection,17,18,-101.30057839300116,-0.04290542966811144,2361.020263671875
secret_number__guess_log_reviewed__s32345__step_00__event_01,secret_number__guess_log_reviewed__s32345,secret_number,guess_log_reviewed,incorrect,strategy_selection,18,18,44.145657843393565,0.013925661045120316,3170.09423828125
secret_number__guess_log_reviewed__s32345__step_00__event_01,secret_number__guess_log_reviewed__s32345,secret_number,guess_log_reviewed,incorrect,strategy_selection,19,18,34.142864760207885,0.007749600911638373,4405.7578125
secret_number__guess_log_reviewed__s32345__step_00__event_01,secret_number__guess_log_reviewed__s32345,secret_number,guess_log_reviewed,incorrect,strategy_selection,20,18,164.6301239879831,0.02749797322020851,5986.9912109375
secret_number__guess_log_reviewed__s32345__step_00__event_01,secret_number__guess_log_reviewed__s32345,secret_number,guess_log_reviewed,incorrect,strategy_selection,21,18,280.3096356039823,0.03714840941973367,7545.669921875
secret_number__guess_log_reviewed__s32345__step_00__event_01,secret_number__guess_log_reviewed__s32345,secret_number,guess_log_reviewed,incorrect,strategy_selection,22,18,446.7545087543849,0.045127114235880006,9899.9130859375
