rank,metric,layer,sv_rank,n_events,n_rollouts,event_weighted_mean,rollout_weighted_mean,rollout_sd,rollout_se,standardized_rollout_effect,rollout_consistency,event_consistency,bootstrap_ci_low,bootstrap_ci_high,permutation_p_two_sided,permutation_p_directional,correct_n_events,correct_n_rollouts,correct_rollout_weighted_mean,correct_rollout_consistency,incorrect_n_events,incorrect_n_rollouts,incorrect_rollout_weighted_mean,incorrect_rollout_consistency,ambiguous_n_events,ambiguous_rollout_weighted_mean,status_preservation_ratio,rank_score,permutation_p_holm
1,delta,3,1,45,19,-0.44247147507137724,-0.4475890056867349,0.6004127880072475,0.1377441403859527,-0.7454688085046784,0.8421052631578947,0.7333333333333333,-0.705570821702611,-0.17502282641893438,0.0044995500449955,0.0021997800219978004,24,14,-0.4679785668849945,0.7857142857142857,17,13,-0.502767040561407,0.8461538461538461,4,-0.4157443344593048,1.0,0.6866160078332565,1.0
2,delta,11,25,45,19,-4.263751180966695,-4.165983967613756,6.532825987124294,1.498733068084797,-0.6377001279116565,0.7368421052631579,0.6,-7.111296609357782,-1.3820689652572626,0.0098990100989901,0.0047995200479952005,24,14,-7.38587703023638,0.8571428571428571,17,13,-4.5502494390194235,0.6923076923076923,4,9.874046564102173,1.0,0.5537922163443333,1.0
3,delta,2,1,45,19,-0.27877199947834014,-0.2590564246240415,0.43752575032074587,0.10037529109710208,-0.5920941211668793,0.8421052631578947,0.7111111111111111,-0.4400243611385425,-0.06404737927542445,0.020897910208979104,0.010498950104989501,24,14,-0.2833990078596842,0.7857142857142857,17,13,-0.3337289434977067,0.7692307692307693,4,-0.2975529357790947,1.0,0.5453498484431784,1.0
4,delta,17,32,45,19,8.678250895606148,6.897361173964384,10.836350766538471,2.486029363584248,0.6365022065604152,0.7368421052631579,0.6888888888888889,2.234178031536571,11.582115197181702,0.012398760123987601,0.006399360063993601,24,14,6.743248791921706,0.6428571428571429,17,13,8.4519518216451,0.8461538461538461,4,15.946396470069885,0.9776563270857253,0.5434890352093908,1.0
5,delta,4,24,45,19,1.841343993610806,1.9931722973522388,3.1656218509521254,0.7262434600928679,0.6296305721900269,0.8421052631578947,0.6888888888888889,0.611694704362175,3.3797898273196134,0.013798620137986202,0.007699230076992301,24,14,1.6905719325655983,0.7142857142857143,17,13,1.931737319017068,0.6923076923076923,4,0.7456139326095581,0.8481815319284642,0.513890641249407,1.0
6,delta,5,32,45,19,3.0182255182001327,3.6224156299181147,4.828247812923895,1.10767601531087,0.7502547032117742,0.7894736842105263,0.6666666666666666,1.520669640182403,5.768987781515246,0.0038996100389961006,0.0017998200179982,24,14,4.451895607724076,0.8571428571428571,17,13,2.3696781259316664,0.7692307692307693,4,-0.8726045489311218,0.6541706882998496,0.49716916276595646,1.0
7,delta,21,28,45,19,-38.050211376614044,-48.90137284262139,57.38821342567436,13.165759098571508,-0.8521152676403737,0.8421052631578947,0.7111111111111111,-72.84499851130603,-22.749296909466132,0.0016998300169983002,0.0007999200079992001,24,14,-49.95284879775274,0.8571428571428571,17,13,-24.23819798689622,0.6923076923076923,4,-57.002564430236816,0.49565475523359387,0.48796912980781804,1.0
8,delta,8,27,45,19,5.284916999604967,6.437619255300154,8.91133620244458,2.0444007346511284,0.7224078532166893,0.6842105263157895,0.7333333333333333,2.6740508138087757,10.494953332344691,0.0052994700529947,0.0026997300269973002,24,14,9.15954405211267,0.7857142857142857,17,13,4.67515693566738,0.6923076923076923,4,2.667660117149353,0.7262245172108118,0.4834313129497804,1.0
9,delta,19,28,45,19,-12.359032927619086,-10.246881903263562,18.501693277058532,4.244579541004422,-0.5538348166202358,0.7894736842105263,0.7111111111111111,-17.852299519170796,-1.9541571520922516,0.026097390260973904,0.013898610138986101,24,14,-13.562212251481554,0.9285714285714286,17,13,-9.828030170538486,0.6923076923076923,4,-13.910881757736206,0.9591239816483418,0.4803447481796089,1.0
10,delta,22,24,45,19,-18.278524038526747,-16.380511032907588,28.729491876803618,6.5909974626452446,-0.5701636180392499,0.631578947368421,0.5777777777777777,-29.151406435380906,-3.8998915408786994,0.0235976402359764,0.0100989901009899,24,14,-25.629016297204153,0.6428571428571429,17,13,-18.09443913973295,0.6153846153846154,4,9.412765502929688,1.0,0.4651334778741249,1.0
11,delta,21,19,45,19,21.458201747470433,24.016747206972358,38.46272632473848,8.823954586452453,0.6244161426363906,0.7368421052631579,0.6666666666666666,8.459800809308101,41.69807267732787,0.011198880111988802,0.0053994600539946005,24,14,18.945940449124294,0.5714285714285714,17,13,29.97054031567696,0.8461538461538461,4,18.15550994873047,0.7888637160499425,0.4563886666613854,1.0
12,delta,17,22,45,19,-5.943219810061985,-6.243983362850389,11.832607951911639,2.7145864368904533,-0.5276929133650229,0.6842105263157895,0.6666666666666666,-11.590310247320877,-1.1143765391487868,0.030996900309969003,0.014998500149985002,24,14,-8.702756609235491,0.7142857142857143,17,13,-8.554797728856403,0.6923076923076923,4,12.502042770385742,1.0,0.44437297967580874,1.0
13,delta,4,21,45,19,1.239959681034088,1.0513419812185723,2.0552952618202496,0.4715170708111809,0.5115284410705364,0.7368421052631579,0.6666666666666666,0.13482341013456647,1.933747963398172,0.037396260373962605,0.017698230176982303,24,14,2.138134682462329,0.8571428571428571,17,13,1.0554059835580678,0.7692307692307693,4,-0.5081242471933365,1.0,0.44422206724546587,1.0
14,delta,21,5,45,19,-17.227039040459527,-22.235240216840776,43.139527257492055,9.896886304606642,-0.5154261446613134,0.631578947368421,0.6444444444444445,-41.83562151214532,-3.684219128625437,0.0387961203879612,0.021497850214978503,24,14,-25.994844289053052,0.7857142857142857,17,13,-25.60105905777369,0.6923076923076923,4,6.583451271057129,1.0,0.42047922327633463,1.0
15,delta,8,11,45,19,-2.359242886967129,-2.2965370874133026,4.09151196438837,0.9386572199503416,-0.5612930152476302,0.8421052631578947,0.6666666666666666,-4.127659276389238,-0.47676192341666507,0.025897410258974102,0.012998700129987,24,14,-1.6810908629780723,0.7142857142857143,17,13,-2.811948161858779,0.7692307692307693,4,-1.1373765766620636,0.7320111972899004,0.4130716882004214,1.0
16,delta,19,24,45,19,10.550452285342747,10.224266819786607,17.785855280526913,4.080355041697688,0.5748538183025016,0.6842105263157895,0.6888888888888889,2.71406601609891,18.188237363413748,0.020597940205979402,0.0091990800919908,24,14,12.182985036146075,0.7857142857142857,17,13,7.922660515858577,0.6153846153846154,4,1.8077545166015625,0.774887887366767,0.40235696857472336,1.0
17,delta,1,30,45,19,-0.9508339093791114,-0.9229004105977845,1.569292307124034,0.3600203462962872,-0.5880997481528087,0.6842105263157895,0.6444444444444445,-1.634954237585005,-0.25145727576393834,0.020097990200979902,0.008999100089991,24,14,-0.8941428363323212,0.7857142857142857,17,13,-0.6360512719704554,0.5384615384615384,4,-1.2481114268302917,0.6891873323129957,0.37979630270377795,1.0
18,delta,4,31,45,19,2.1401007148954605,2.3218533093469182,3.2708673412842777,0.7503884314939857,0.7098585992898332,0.7368421052631579,0.6888888888888889,0.8511272262062941,3.6990762190337763,0.006799320067993201,0.0029997000299970002,24,14,2.6310830173038298,0.7142857142857143,17,13,1.1268821435096936,0.6923076923076923,4,2.1638410687446594,0.4853373548506639,0.3785059366539452,1.0
19,delta,8,9,45,19,-2.9193240854475233,-3.597459656104707,6.946677448036053,1.593677104703272,-0.5178676688265945,0.7368421052631579,0.6666666666666666,-6.690121121103304,-0.4931896397419143,0.038196180381961806,0.017998200179982,24,14,-4.474854987292063,0.8571428571428571,17,13,-2.5973432858784995,0.7692307692307693,4,-3.145207464694977,0.7219937217283143,0.35595695015517537,1.0
20,delta,5,26,45,19,-1.6689655012554592,-1.8029366993067555,4.31236831164321,0.9893251409357824,-0.4180850449250597,0.7894736842105263,0.5777777777777777,-3.667375898256637,0.17220076238899873,0.0816918308169183,0.040495950404959506,24,14,-1.6621363390059698,0.5714285714285714,17,13,-4.318200196975317,0.6923076923076923,4,-1.5971457958221436,0.9219049895900812,0.35216598555507517,1.0
21,delta,18,22,45,19,-8.11959563361274,-8.775717095324866,13.538805334209513,3.1060149614783517,-0.6481899162218253,0.7894736842105263,0.6666666666666666,-14.738829516946224,-2.8268133134172686,0.0117988201179882,0.0053994600539946005,24,14,-15.87258779434931,0.7142857142857143,17,13,-3.999970925159943,0.6153846153846154,4,13.391618251800537,0.45579989438024027,0.3432489241938883,1.0
22,delta,8,2,45,19,0.9046862443288167,1.281808476699026,3.2888105385488338,0.754504883262418,0.3897483487341949,0.6842105263157895,0.5777777777777777,-0.11534497690828227,2.728413132983341,0.10868913108689131,0.0537946205379462,24,14,1.315520431314196,0.6428571428571429,17,13,2.1091816333624034,0.7692307692307693,4,-1.292069137096405,1.0,0.3282091357761641,1.0
23,delta,21,27,45,19,-26.490792814890543,-27.17455396317599,50.98901205632705,11.69768162023719,-0.5329492152771372,0.7368421052631579,0.6444444444444445,-49.97095791540647,-5.70665982125099,0.034996500349965,0.017798220177982202,24,14,-16.16931877249763,0.5714285714285714,17,13,-35.051135503328766,0.6923076923076923,4,-25.236345291137695,0.5950168968516848,0.32224729698201354,1.0
24,delta,4,28,45,19,-2.4277111570040386,-1.5911004972039606,4.460232835274286,1.0232475891380266,-0.3567303672177272,0.7894736842105263,0.6888888888888889,-3.5013350123114746,0.47493164684427297,0.1346865313468653,0.06529347065293471,24,14,-2.463986948842094,0.7142857142857143,17,13,-2.2889386125099964,0.7692307692307693,4,-2.250745862722397,1.0,0.31917980224744014,1.0
25,delta,6,1,45,19,-0.7963140712844001,-0.6594449543116385,1.3036924899133233,0.29908756931500496,-0.505828605605822,0.7368421052631579,0.6666666666666666,-1.2208785228954073,-0.0713446259890732,0.041695830416958304,0.020597940205979402,24,14,-0.41264548613911584,0.5714285714285714,17,13,-1.2349361639756422,0.7692307692307693,4,-0.2990749329328537,0.6257466729271676,0.315972895532145,1.0
26,delta,5,3,45,19,0.8121944265233145,1.5090449800093968,3.0761877171431116,0.705725862651995,0.4905568576324929,0.631578947368421,0.5555555555555556,0.21940686817101224,2.9322477282792847,0.0443955604439556,0.022497750224977502,24,14,1.3391166474847567,0.6428571428571429,17,13,1.0143390893936157,0.6153846153846154,4,1.5809024572372437,0.6721728661708277,0.3017959896379205,1.0
27,delta,22,8,45,19,12.219338544209798,11.304603467907821,24.865017926950994,5.704426335416136,0.45463886256260655,0.7368421052631579,0.6,-0.05348998496406858,21.70078902725588,0.06669333066693331,0.0316968303169683,24,14,17.021435612723938,0.6428571428571429,17,13,7.661165261879946,0.5384615384615384,4,22.336862564086914,0.6777031395775107,0.299381517982211,1.0
28,delta,7,9,45,19,-1.189696470896403,-2.022210568712469,4.9937131826909,1.1456363745461315,-0.4049512846916822,0.5789473684210527,0.5777777777777777,-4.271679363125249,0.10579267870961544,0.1004899510048995,0.049795020497950204,24,14,-2.6912811270781924,0.5714285714285714,17,13,-1.7615999166782086,0.6923076923076923,4,1.2944636940956116,0.8711258579762098,0.2887977415733906,1.0
29,delta,7,1,45,19,-1.0172058012750413,-0.8493257815900602,1.8635349851176572,0.4275242462042337,-0.4557605778119785,0.6842105263157895,0.5555555555555556,-1.6572517404888283,-0.024565975988904875,0.056694330566943306,0.029497050294970503,24,14,-0.5635259985214188,0.42857142857142855,17,13,-1.7268621890972822,0.7692307692307693,4,0.2870044633746147,0.6634980483771692,0.28693670305862623,1.0
30,delta,16,19,45,19,-4.853219278653463,-3.933885376704366,8.93313170742932,2.0494009664222816,-0.4403702425469351,0.631578947368421,0.6444444444444445,-7.873690756554143,-0.07147408211440427,0.0710928907109289,0.034396560343965606,24,14,-2.8629092829568044,0.5714285714285714,17,13,-5.125369131565094,0.6923076923076923,4,2.9248348474502563,0.7277561516942881,0.28589682731159405,1.0
31,delta,7,2,45,19,0.6652797910902235,1.0558277870479384,2.6162400013436984,0.600206619889784,0.40356686944074943,0.631578947368421,0.5777777777777777,-0.06671996950580365,2.2073951578846107,0.0999900009999,0.047495250474952504,24,14,1.4767656822999318,0.6428571428571429,17,13,0.8675203399780469,0.5384615384615384,4,0.04480484127998352,0.8216494684266709,0.2851874329044061,1.0
32,delta,7,26,45,19,1.8731020132700602,2.726960000761768,5.43654891439399,1.247229858918903,0.5015976207887649,0.7368421052631579,0.5777777777777777,0.25088725012906804,4.931382593198825,0.04709529047095291,0.022997700229977002,24,14,3.8103729287783303,0.7142857142857143,17,13,1.4223899046579995,0.6153846153846154,4,3.4906564950942993,0.5216027753471482,0.27930630188166394,1.0
33,delta,9,24,45,19,-3.0551891724268594,-2.92866613781243,7.134865729652671,1.6368504574361886,-0.410472495038109,0.7368421052631579,0.6444444444444445,-6.093198158971051,0.17577700222793174,0.0913908609139086,0.045795420457954206,24,14,-4.97486504486629,0.7142857142857143,17,13,-2.06862228955978,0.6923076923076923,4,0.3480386435985565,0.7063359878586022,0.2779526997903873,1.0
34,delta,13,15,45,19,-4.277759313583374,-3.8706279297669726,9.531827741724756,2.186751256495564,-0.4060740536490847,0.6842105263157895,0.6666666666666666,-8.325511197667373,0.043739879445025324,0.09059094090590941,0.045295470452954706,24,14,-3.7276761475063505,0.7142857142857143,17,13,-2.8878086117597728,0.7692307692307693,4,-1.3640881776809692,0.7460827194345261,0.27683548555031934,1.0
35,delta,1,31,45,19,0.695749008986685,0.5974950020511944,1.6526732000522162,0.37914923503818887,0.3615324566480031,0.5263157894736842,0.5555555555555556,-0.10779755905989491,1.3264759962594037,0.1334866513348665,0.0670932906709329,24,14,1.057732826187497,0.5714285714285714,17,13,0.60555728410299,0.6153846153846154,4,0.06477552652359009,1.0,0.27590634849452866,1.0
36,delta,19,15,45,19,-3.135810218916999,-4.132540299181352,10.993653192722935,2.5221170151269763,-0.37590237082581596,0.5789473684210527,0.6,-9.04786237290031,0.5416787178369977,0.12198780121987801,0.06269373062693731,24,14,-3.7247985828490484,0.5714285714285714,17,13,-5.480641172482417,0.5384615384615384,4,5.282695531845093,0.9013338801770241,0.27480453912204117,1.0
37,delta,16,32,45,19,-4.933861788113912,-4.8604511890495035,11.714327998906555,2.6874511546696165,-0.41491506721539556,0.631578947368421,0.6444444444444445,-9.80825882737051,0.26153741275009224,0.08649135086491351,0.044295570442955706,24,14,-5.575145644801004,0.6428571428571429,17,13,-3.5639759088173895,0.6153846153846154,4,7.389028549194336,0.7332603024276746,0.27076813563694824,1.0
38,delta,21,30,45,19,-22.879020531972248,-21.687490304311115,43.45335423350338,9.96888315061666,-0.499098186707751,0.6842105263157895,0.7111111111111111,-40.56581482448075,-3.010586586542302,0.045995400459954004,0.0240975902409759,24,14,-11.011999141602288,0.5714285714285714,17,13,-30.56713764484112,0.7692307692307693,4,-82.96478366851807,0.507758112491849,0.2651287676632099,1.0
39,delta,11,23,45,19,-1.7111361503601075,-2.3769889379802502,7.344576180730682,1.684961334470577,-0.32363867968536386,0.631578947368421,0.5333333333333333,-5.595039059404742,0.8237368734259349,0.17398260173982602,0.0898910108989101,24,14,-2.9418742827006747,0.5,17,13,-2.441269422188783,0.6923076923076923,4,2.6588239669799805,1.0,0.2640210281643758,1.0
40,delta,0,32,45,19,-0.44453195565276676,-0.5061011317006328,0.9134059650345202,0.20954969979014312,-0.5540812640538271,0.7368421052631579,0.6444444444444445,-0.9223972714979921,-0.12821731960172214,0.023297670232976703,0.012998700129987,24,14,-0.45893380010411855,0.7142857142857143,17,13,-0.2004820589835827,0.7692307692307693,4,-0.9240679740905762,0.3961304301176137,0.26325025137698616,1.0
41,delta,0,20,45,19,0.21514813270833757,0.4649628117157702,1.1269073330156165,0.2585302728078952,0.41260075082795367,0.6842105263157895,0.5777777777777777,-0.03528956348697341,0.9466404598925197,0.0847915208479152,0.04179582041795821,24,14,0.5834169927097502,0.5714285714285714,17,13,0.3118561869248365,0.6923076923076923,4,0.13290800899267197,0.6707121065748219,0.2616441488662029,1.0
42,delta,18,32,45,19,4.507816796832614,3.867161396302675,11.246095206073516,2.580031184879562,0.3438670334405664,0.631578947368421,0.6,-1.2358052852906674,8.775125161597602,0.15198480151984803,0.07899210078992101,24,14,5.525031234536852,0.6428571428571429,17,13,3.458959854566134,0.5384615384615384,4,1.7312783002853394,0.8944441413469799,0.25831496321541225,1.0
43,delta,6,10,45,19,-0.8395725051561992,-1.4667661893263197,4.621621337381307,1.0602726507871796,-0.3173704815369871,0.631578947368421,0.5777777777777777,-3.4882961715261134,0.5452148719772429,0.18848115188481152,0.09459054094590541,24,14,-2.3230345004371236,0.7142857142857143,17,13,-1.4440355362036288,0.6923076923076923,4,2.0190517604351044,0.9845028789945512,0.2558982574755548,1.0
44,delta,6,27,45,19,2.0646618472205267,2.5631914410674783,8.234594528313341,1.8891455468395173,0.31127111750971503,0.631578947368421,0.5777777777777777,-0.8738039967783713,6.3393032566497185,0.1982801719828017,0.10058994100589941,24,14,3.7639382112593873,0.7142857142857143,17,13,4.561856092550816,0.5384615384615384,4,-1.539798080921173,1.0,0.25393170112634644,1.0
45,delta,2,20,45,19,-0.9891695565647549,-1.3398294156057793,2.1675234734746147,0.49726398834884783,-0.618138364821483,0.8421052631578947,0.7111111111111111,-2.4334114761990415,-0.5563941212338317,0.000999900009999,0.0004999500049995,24,14,-1.563191416008132,0.7857142857142857,17,13,-0.3469063269022183,0.5384615384615384,4,-1.6883942484855652,0.25891827934332295,0.2528934971013002,0.7359264073592641
46,delta,7,8,45,19,-1.725711277458403,-1.5308381637983157,5.125126196519135,1.1757845875536783,-0.29869277459704796,0.6842105263157895,0.6,-3.703504235676506,0.7632344779346071,0.21277872212778723,0.1045895410458954,24,14,-1.5861462851365407,0.5714285714285714,17,13,-2.1514855860135493,0.6923076923076923,4,-0.06017869710922241,1.0,0.25153075755540877,1.0
47,delta,6,3,45,19,0.8348868542247349,1.9036817451318102,4.518667683894316,1.0366534628178061,0.4212927080070565,0.631578947368421,0.5333333333333333,-0.021563684796554943,3.975753592386057,0.08969103089691031,0.045495450454954504,24,14,1.2264092011111123,0.42857142857142855,17,13,1.2124017981382518,0.6923076923076923,4,2.501661241054535,0.6368721038790576,0.25008463332153413,1.0
48,delta,0,16,45,19,0.20721907938520115,0.4447771404265312,1.1193475967965782,0.25679595037533665,0.39735390659650616,0.6842105263157895,0.5555555555555556,-0.026070173996451645,0.9536149243726147,0.0983901609839016,0.0476952304769523,24,14,0.28243904210449683,0.7857142857142857,17,13,0.3869335525310956,0.6153846153846154,4,0.5073405057191849,0.6350124959966337,0.24301641992886064,1.0
49,delta,1,3,45,19,0.14693970481554666,0.22922761280808535,0.7004137853117066,0.16068594257034324,0.3272745591465932,0.631578947368421,0.6222222222222222,-0.07801917951815482,0.5330428672627662,0.1787821217878212,0.08809119088091191,24,14,0.2913210856772604,0.6428571428571429,17,13,0.19934400877891445,0.6153846153846154,4,-0.17536666989326477,0.8696334893379963,0.24088250394651037,1.0
50,delta,0,12,45,19,-0.1851452824142244,-0.15249610705333844,0.48407492602473867,0.11105440440230331,-0.3150258335122797,0.5263157894736842,0.5555555555555556,-0.36405313910360926,0.05782831973281852,0.1877812218778122,0.09069093090690931,24,14,-0.15601730417637596,0.5,17,13,-0.45981716956847757,0.6923076923076923,4,0.4213278852403164,1.0,0.24041445189095026,1.0
51,delta,3,25,45,19,-1.9706477734777663,-1.6005807539872954,2.3330150081047356,0.5352303502153825,-0.6860567756430999,0.7894736842105263,0.6444444444444445,-2.581168877555613,-0.568818512402083,0.009999000099990002,0.005499450054994501,24,14,-2.3494255507276174,0.7857142857142857,17,13,-0.3011667606158134,0.6153846153846154,4,-1.562770962715149,0.18816092837900256,0.24008563496110455,1.0
52,delta,13,31,45,19,4.729605960845947,3.705199270917659,11.727090193274538,2.690379002856346,0.3159521424199997,0.47368421052631576,0.5555555555555556,-1.2148926717147492,8.848218290115657,0.1842815718428157,0.09159084091590841,24,14,3.698062822932289,0.42857142857142855,17,13,7.301060566535363,0.6923076923076923,4,5.9861592054367065,0.9980739367943354,0.23247054126416855,1.0
53,delta,6,14,45,19,1.4122650861740111,2.693500336847807,6.571794421315181,1.5076730400124858,0.4098576681144524,0.631578947368421,0.5111111111111111,-0.048843360626906626,5.6398337204728195,0.08969103089691031,0.043995600439956005,24,14,2.076361968403771,0.5714285714285714,17,13,1.5942991971969604,0.5384615384615384,4,6.878031849861145,0.5919060693576013,0.2320205997053284,1.0
54,delta,13,3,45,19,-1.226147198014789,-1.6304359399435813,3.930800641762939,0.9017875139289196,-0.4147846936374624,0.5789473684210527,0.5555555555555556,-3.4455895922163076,-0.013774162687753257,0.08289171082891711,0.0418958104189581,24,14,-0.97927854458491,0.5,17,13,-1.3025367917158663,0.6153846153846154,4,-4.770542204380035,0.6006237476700842,0.2293763102257152,1.0
55,delta,21,22,45,19,10.05177460776435,12.90367462551385,46.27654085334486,10.616566580861143,0.27883835713665217,0.631578947368421,0.6444444444444445,-7.344666653453257,33.79079267811357,0.24397560243975602,0.1260873912608739,24,14,26.6284989629473,0.7857142857142857,17,13,13.14613185173426,0.6153846153846154,4,-10.154825687408447,1.0,0.2274733966114794,1.0
56,delta,20,24,45,19,-7.70236694018046,-6.70971143454836,21.22304608491131,4.868900692538681,-0.31615213988149804,0.5789473684210527,0.5555555555555556,-16.202064185184348,2.5347749279256453,0.18708129187081293,0.09679032096790322,24,14,-5.914578173841749,0.6428571428571429,17,13,-10.98235656053592,0.5384615384615384,4,-17.063807249069214,0.8814951628750435,0.22741024065708593,1.0
57,delta,10,25,45,19,1.640081192387475,1.944266308817947,6.794346763516913,1.5587300489233085,0.28615941701090764,0.5789473684210527,0.6,-0.9028090347323502,4.99780355137691,0.2233776622337766,0.1141885811418858,24,14,3.2450865790957493,0.5714285714285714,17,13,3.271097398721255,0.6153846153846154,4,-12.170130014419556,1.0,0.22591532921913762,1.0
58,delta,18,20,45,19,4.139826265970866,7.032144137641841,15.791891290231437,3.622908329552577,0.44530094644153173,0.631578947368421,0.5777777777777777,0.39426147770463427,14.24552309539234,0.0670932906709329,0.0337966203379662,24,14,4.113704567863828,0.6428571428571429,17,13,3.4783942852264795,0.5384615384615384,4,12.921005487442017,0.4946420632374757,0.2255850998570092,1.0
59,delta,19,14,45,19,-4.284711795383029,-6.415153442767628,14.716042493688077,3.3760916883598218,-0.4359292551322259,0.7368421052631579,0.6444444444444445,-12.98928099447175,-0.18686324007678726,0.06999300069993,0.0352964703529647,24,14,-4.812760233879089,0.8571428571428571,17,13,-2.9331097847376117,0.6153846153846154,4,-13.604092240333557,0.45721584228735274,0.22445873561906826,1.0
60,delta,9,25,45,19,-1.3977025866508483,-2.547810307720251,8.59730294301147,1.9723565639785168,-0.2963499512124673,0.5263157894736842,0.6,-6.368901374570109,1.1533076491795087,0.21027897210278973,0.104989501049895,24,14,-2.489540866443089,0.5714285714285714,17,13,-2.596149566846016,0.6923076923076923,4,10.025645732879639,0.9771295998369279,0.22228249663839192,1.0
61,delta,3,6,45,19,-0.42143225073814394,-0.46364000531142224,1.4348999865282395,0.3291886334402352,-0.32311660022605876,0.631578947368421,0.5555555555555556,-1.070271505493867,0.17809824731135532,0.1772822717728227,0.0918908109189081,24,14,-0.3648705872751417,0.5714285714285714,17,13,-0.6563786841355838,0.7692307692307693,4,-0.7068756222724915,0.7869695951497151,0.22147978969178173,1.0
62,delta,22,23,45,19,-9.663280296325684,-13.459508360477917,42.149813280489965,9.669830346250755,-0.31932545634094106,0.42105263157894735,0.5333333333333333,-32.20421705455111,4.209120895569781,0.18448155184481552,0.09269073092690731,24,14,-18.27893833887009,0.5714285714285714,17,13,-12.78249689248892,0.46153846153846156,4,6.088695526123047,0.949700133923394,0.21832977001334736,1.0
63,delta,19,13,45,19,7.335737154218886,5.417785849487572,20.68220433646131,4.744823085910186,0.2619539852401703,0.631578947368421,0.5777777777777777,-4.932701556096998,13.920759095852834,0.28077192280771923,0.14478552144785523,24,14,7.166478321665809,0.6428571428571429,17,13,14.31816857900375,0.6153846153846154,4,-5.431162357330322,1.0,0.21369930374855994,1.0
64,delta,21,24,45,19,10.579228803846572,20.833406904287504,53.651808283250716,12.308568970784647,0.3883076371685198,0.7894736842105263,0.6222222222222222,-0.9031914430752129,46.00948637619352,0.1105889411058894,0.055094490550944904,24,14,19.342068876538956,0.7142857142857143,17,13,9.834260634886913,0.7692307692307693,4,35.99197602272034,0.47204284349973635,0.20986078596251484,1.0
65,delta,21,18,45,19,-8.616866037580703,-8.09852950196517,29.54443565235958,6.777958386977662,-0.274113528424036,0.5263157894736842,0.6222222222222222,-21.245618306753926,4.43218369682629,0.24537546245375463,0.12588741125887412,24,14,-17.49818221160344,0.7142857142857143,17,13,-9.385193519103222,0.6153846153846154,4,20.151919841766357,1.0,0.20919190327097484,1.0
66,delta,6,29,45,19,1.7204353067609999,1.2014160135336092,4.847399405752642,1.1120696920344673,0.24784753905523668,0.6842105263157895,0.5777777777777777,-1.0454372845459403,3.2050705106896262,0.3060693930606939,0.1553844615538446,24,14,2.253885107381003,0.8571428571428571,17,13,2.1090609691081905,0.6153846153846154,4,-1.2278378307819366,1.0,0.20871371709914666,1.0
67,delta,11,15,45,19,4.375876488950517,4.320345495876513,8.949387892414887,2.053130391030681,0.48275318354881575,0.6842105263157895,0.6888888888888889,0.6575392163374969,8.577739699995307,0.0400959904009599,0.0207979202079792,24,14,5.56012103103456,0.7857142857142857,17,13,1.5115651671703045,0.6923076923076923,4,3.0622498989105225,0.3498713629761774,0.20830688978457987,1.0
68,delta,2,27,45,19,-0.75456569592158,-0.8118900286785343,1.5804898663886864,0.36258924257254654,-0.5136951814399473,0.7894736842105263,0.6888888888888889,-1.4950623456486747,-0.11172247200616127,0.0400959904009599,0.0202979702029797,24,14,-1.5023798747431665,0.7142857142857143,17,13,-0.21769905319580665,0.6923076923076923,4,0.4412810355424881,0.26813859698479436,0.2073373006732382,1.0
69,delta,1,20,45,19,-0.8743070330884721,-1.2972455410319463,2.1812354408180425,0.5004097293997495,-0.594729719110667,0.7894736842105263,0.6888888888888889,-2.3526081650272794,-0.4538923396843308,0.0064993500649935,0.0038996100389961006,24,14,-1.437520272320225,0.7857142857142857,17,13,-0.23673089956625912,0.5384615384615384,4,-1.406518667936325,0.18248734883138776,0.20586142579184416,1.0
70,delta,0,7,45,19,0.16335885044601228,0.09358529632159492,0.3968829355222058,0.09105118991352969,0.23580075620650806,0.7368421052631579,0.5777777777777777,-0.0908624713880974,0.25297774869719875,0.30626937306269375,0.1543845615438456,24,14,0.16362312471582777,0.7142857142857143,17,13,0.19878298263901317,0.6923076923076923,4,-0.24134139716625214,1.0,0.20477434091617805,1.0
71,delta,12,25,45,19,-1.632476544380188,-1.805576027485362,7.300701746608108,1.6748958489681909,-0.24731540749822156,0.631578947368421,0.6,-5.126391495894967,1.2796982355285105,0.3040695930406959,0.15558444155584442,24,14,-3.8440371851126356,0.6428571428571429,17,13,-4.322658068094499,0.6923076923076923,4,7.955509781837463,1.0,0.2017573061169702,1.0
72,delta,5,8,45,19,-1.7299305624432033,-1.0603199240408445,3.6701504114854475,0.8419902500662781,-0.28890367019364016,0.6842105263157895,0.6888888888888889,-2.5637272938432396,0.6150656673861176,0.21237876212378762,0.10548945105489452,24,14,-0.8111080896286736,0.6428571428571429,17,13,-1.7386279977284944,0.7692307692307693,4,-2.396667182445526,0.7649654328266956,0.20040160706070248,1.0
73,delta,9,17,45,19,-3.639688433541192,-2.032695274603994,8.032403645190774,1.8427597770060167,-0.2530618933500716,0.5789473684210527,0.5777777777777777,-5.5294413327125085,1.4505209833906385,0.2803719628037196,0.14028597140285973,24,14,-2.293666927587418,0.42857142857142855,17,13,-2.2983932495117188,0.6153846153846154,4,-0.4444045424461365,1.0,0.19978570527637232,1.0
74,delta,8,8,45,19,0.4187334524260627,1.21405834534712,4.336321274385857,0.994820327461761,0.2799742612519097,0.631578947368421,0.5555555555555556,-0.6883196062686151,3.1101168671851616,0.2405759424057594,0.12108789121087891,24,14,1.1335601586671102,0.5714285714285714,17,13,1.0078092354994554,0.5384615384615384,4,-0.3605230152606964,0.8301159819557976,0.19929891590359644,1.0
75,delta,7,29,45,19,-2.5194207376903957,-1.6437336494002426,6.982560713392305,1.6019092903586487,-0.23540556493087408,0.6842105263157895,0.6666666666666666,-4.5771714704339965,1.4314856163503809,0.32296770322967705,0.16348365163483652,24,14,-1.8037963878540764,0.5,17,13,-6.011708789911026,0.8461538461538461,4,5.774393618106842,1.0,0.19823626520494658,1.0
76,delta,12,15,45,19,-4.265447807312012,-3.8554874491273305,9.511209868525919,2.182021191984803,-0.4053624620234426,0.631578947368421,0.6444444444444445,-8.202417147159576,0.10143977811461999,0.08649135086491351,0.0458954104589541,24,14,-4.578337516103472,0.6428571428571429,17,13,-1.7949502345843191,0.6923076923076923,4,-2.3173935413360596,0.4655572760301935,0.19813910907768228,1.0
77,delta,12,7,45,19,-1.9619367745187548,-2.6682917240418886,7.477656106358281,1.7154919632718724,-0.35683530856320467,0.5789473684210527,0.5333333333333333,-5.994754595191855,0.5207988136562337,0.1391860813918608,0.06629337066293371,24,14,-2.8034526833466122,0.6428571428571429,17,13,-1.6128039910243108,0.46153846153846156,4,-5.431040644645691,0.6044331571741561,0.1981351154608067,1.0
78,delta,20,22,45,19,7.508026504516602,9.09002208709717,22.903651119348762,5.254457929860709,0.39688091823133015,0.6842105263157895,0.5333333333333333,-0.15039888181184422,19.778204193868135,0.10128987101289871,0.0476952304769523,24,14,16.067224479856943,0.6428571428571429,17,13,4.151627271603315,0.6153846153846154,4,10.69566535949707,0.45672356258587554,0.19803695135204843,1.0
79,delta,4,29,45,19,-1.4810193224085701,-1.96561456027261,5.604763896830168,1.2858210225625224,-0.3507042573879488,0.631578947368421,0.5111111111111111,-4.532454241812229,0.37961628646181317,0.1444855514448555,0.07179282071792821,24,14,-1.155454378397692,0.5,17,13,-2.6289843473678975,0.5384615384615384,4,-2.3172736763954163,0.5878336484429799,0.19765998652300584,1.0
80,delta,11,7,45,19,-1.8775890906651815,-2.487538927479794,7.4947528519279665,1.71941422570354,-0.3319040636329848,0.631578947368421,0.5555555555555556,-5.79154219742407,0.8370829793444835,0.1715828417158284,0.08609139086091391,24,14,-2.6398413238071257,0.7142857142857143,17,13,-1.58066502901224,0.46153846153846156,4,-4.9000712633132935,0.6354332836968556,0.19673022797434095,1.0
81,delta,1,15,45,19,0.6773426545990838,0.8141830286435914,1.838350228396649,0.42174646675873206,0.4428878763507953,0.6842105263157895,0.6222222222222222,0.07605015717838945,1.6776098580998275,0.05929407059294071,0.0287971202879712,24,14,0.3005220741033554,0.6428571428571429,17,13,0.9354976362142808,0.6923076923076923,4,1.6486690938472748,0.3691087427897112,0.19648615538120767,1.0
82,delta,2,32,45,19,1.4028198824988471,0.9093635950172158,3.451024238862613,0.7917192583637631,0.2635054210215931,0.6842105263157895,0.7111111111111111,-0.6767972930742983,2.343894772832854,0.2702729727027297,0.1366863313668633,24,14,1.1974549463817052,0.7142857142857143,17,13,0.7625826688913199,0.6153846153846154,4,3.098003327846527,0.8385893971012585,0.19503662683448972,1.0
83,delta,2,22,45,19,0.13753763205475278,0.28060721749799294,1.1770693618063914,0.27003823145536704,0.23839480204238653,0.631578947368421,0.5777777777777777,-0.24662214927375317,0.7979995630746869,0.31316868313168683,0.16378362163783622,24,14,0.3066338261678106,0.5,17,13,0.2870309024285047,0.5384615384615384,4,0.15227581560611725,1.0,0.19447997008721005,1.0
84,delta,6,2,45,19,0.47938571042484707,0.8797059540163008,2.2590161511619122,0.5182538481442619,0.3894199488409275,0.5789473684210527,0.5111111111111111,-0.06116937642034729,1.8987224320570624,0.10898910108989102,0.0504949505049495,24,14,0.8334310760810261,0.5,17,13,0.4448121404036497,0.6153846153846154,4,1.0449533462524414,0.5056372966135539,0.19344783540372487,1.0
85,delta,2,17,45,19,0.614628971947564,0.8872542109405787,2.4245135234553743,0.5562215492626161,0.36595143823989873,0.5789473684210527,0.6666666666666666,-0.028113052902514493,2.0694458482296842,0.10178982101789821,0.049595040495950406,24,14,0.705240847099395,0.6428571428571429,17,13,0.4937186256433144,0.6923076923076923,4,1.7010225653648376,0.5564567849386964,0.19280130010655855,1.0
86,delta,13,7,45,19,2.1667506297429404,2.90021595724842,7.80794138298234,1.7912646023952223,0.37144438143062064,0.5789473684210527,0.5333333333333333,-0.47573908441945123,6.3369523574908575,0.12438756124387561,0.060493950604939506,24,14,3.1105198093823025,0.6428571428571429,17,13,1.5720039086464124,0.46153846153846156,4,5.823545455932617,0.5420299494310249,0.19252229985798425,1.0
87,delta,10,7,45,19,1.8689428355958726,2.595084611783948,7.533225778753796,1.7282405204454363,0.3444851764702115,0.5789473684210527,0.5333333333333333,-0.6968105345964429,5.971432060212421,0.1536846315368463,0.0780921907809219,24,14,2.619849290166582,0.7142857142857143,17,13,1.5697858364154131,0.46153846153846156,4,5.67169189453125,0.6049073811648438,0.1913743528255906,1.0
88,delta,7,27,45,19,-2.3656406349605983,-2.33790377775828,9.186293824668157,2.107480339336855,-0.25449912906990363,0.5789473684210527,0.6,-6.406344472211703,1.5509394442825972,0.27677232276772323,0.1366863313668633,24,14,-2.172189235687256,0.5714285714285714,17,13,-4.704480586907803,0.6923076923076923,4,-0.9597271680831909,0.9291183222989952,0.19023918563562955,1.0
89,delta,8,10,45,19,1.6213813649283515,1.3984800995441902,4.813820665241857,1.1043662006377364,0.2905135435646578,0.5789473684210527,0.6222222222222222,-0.6407508805655597,3.5902086747842916,0.21957804219578042,0.10978902109789021,24,14,1.0656840361299966,0.5,17,13,1.580851001617236,0.6153846153846154,4,-1.1408212780952454,0.7620301758153994,0.1884185138689442,1.0
90,delta,6,7,45,19,-1.2110068553023867,-0.6819404889094202,3.0139626164995903,0.691450445522692,-0.22626043374798868,0.631578947368421,0.6888888888888889,-1.8939293994257846,0.7123716461553907,0.3434656534346565,0.1725827417258274,24,14,-0.9911424815654755,0.6428571428571429,17,13,-1.4384581133341179,0.7692307692307693,4,0.6243596971035004,1.0,0.18458088016283286,1.0
91,delta,3,30,45,19,0.9682462414105734,0.8189085737655036,2.62591734441284,0.6024267546519083,0.3118561882794575,0.5263157894736842,0.5555555555555556,-0.3273858579627255,1.9861836670260677,0.19618038196180382,0.096990300969903,24,14,0.5728024741013844,0.5,17,13,2.3812926808993025,0.6923076923076923,4,-0.5312838405370712,0.6994706032537006,0.18435202634639755,1.0
92,delta,22,27,45,19,14.242018678453233,11.858846978137368,49.302876701188,11.310855640332864,0.2405305282693904,0.5263157894736842,0.5555555555555556,-10.15009234965893,33.28851293043086,0.30426957304269575,0.1548845115488451,24,14,21.039047570455644,0.5714285714285714,17,13,13.382000923156738,0.6923076923076923,4,3.677035331726074,1.0,0.18356277157400844,1.0
93,delta,0,31,45,19,-0.47634390791257225,-0.47257319641740697,1.8774114076174049,0.43070771585551126,-0.2517153110394395,0.5789473684210527,0.6222222222222222,-1.3276937093062882,0.3046350482001637,0.3046695330466953,0.15358464153584642,24,14,-0.42256345599889755,0.6428571428571429,17,13,-0.6103934874901404,0.6923076923076923,4,-0.21849733591079712,0.8941756731070765,0.18295034883149672,1.0
94,delta,10,17,45,19,3.6932387669881184,2.127797666348909,8.351131234643153,1.9158809008450295,0.2547915493798165,0.631578947368421,0.6444444444444445,-1.370412509849197,5.861846500216867,0.2846715328467153,0.1474852514748525,24,14,1.7797828231539043,0.5714285714285714,17,13,3.5612973677806363,0.6923076923076923,4,-0.5475426912307739,0.8364436390269363,0.18235910336272934,1.0
95,delta,1,25,45,19,-0.7427487320370144,-0.831406358564109,2.1154424966685523,0.4853157928341893,-0.39301770663746566,0.6842105263157895,0.6444444444444445,-1.6576873969352035,0.15302005010215852,0.1044895510448955,0.05549445055494451,24,14,-0.7364325118916375,0.7142857142857143,17,13,-0.33221498666665494,0.6923076923076923,4,-2.2720161080360413,0.39958196523828743,0.18192548829734637,1.0
96,delta,15,25,45,19,-3.121004586749607,-2.3044746549505932,9.411091119339805,2.1590523756660676,-0.2448679569380531,0.47368421052631576,0.5777777777777777,-6.7300808543698825,1.3217804024094022,0.33996600339966004,0.17118288171182883,24,14,-2.384254376093547,0.5714285714285714,17,13,-8.136447136218731,0.6923076923076923,4,7.049902677536011,1.0,0.18042902090172333,1.0
97,delta,5,12,45,19,-1.757568958732817,-1.4999594725014869,4.493322560146389,1.030838892653135,-0.33381967406600327,0.631578947368421,0.6666666666666666,-3.4462069022812334,0.4772387680123772,0.15748425157484253,0.07789221077892211,24,14,-0.8227330680404391,0.6428571428571429,17,13,-2.3048315262183166,0.7692307692307693,4,-1.2073078453540802,0.5485035316776691,0.18011071066930515,1.0
98,delta,0,23,45,19,0.4459663689136505,0.40756865590810776,0.7878557969978178,0.1807465158524307,0.5173137742480006,0.6842105263157895,0.6444444444444445,0.08153395909946741,0.7617262733185236,0.036696330366963306,0.0170982901709829,24,14,0.7714733410449254,0.6428571428571429,17,13,0.08671116064756344,0.46153846153846156,4,0.5126190036535263,0.21275227962356782,0.17841954284290573,1.0
99,delta,16,6,45,19,3.041857549879286,2.4430637202764816,8.786061348609687,2.015660712123069,0.27806130908283194,0.6842105263157895,0.6222222222222222,-1.3950021056491029,6.350255499022049,0.23657634236576341,0.11498850114988501,24,14,3.869042532784598,0.5714285714285714,17,13,1.647145952933874,0.5384615384615384,4,7.295839607715607,0.6742132590579611,0.17694298385827567,1.0
100,delta,7,30,45,19,1.3461511611938477,2.0613936112638105,7.679816645354716,1.7618707716854078,0.26841703473619827,0.5789473684210527,0.4888888888888889,-1.1623883510106485,5.494564769952966,0.2612738726127387,0.1324867513248675,24,14,1.6040084589095343,0.42857142857142855,17,13,3.2182578795995473,0.5384615384615384,4,-1.8532027006149292,0.7781184777836485,0.17664430227169584,1.0
101,delta,13,20,45,19,3.456376748614841,2.7939976391039396,10.799084944446063,2.477479997660628,0.2587254062244305,0.7368421052631579,0.6888888888888889,-2.0927058963922023,7.364244787002863,0.28057194280571945,0.1401859814018598,24,14,2.823034734953017,0.6428571428571429,17,13,1.9839149102186546,0.6923076923076923,4,5.131257057189941,0.710063202077334,0.17582477667928648,1.0
102,delta,8,20,45,19,-1.6987885100973976,-1.7383028957012452,5.6086826152548666,1.2867200382257566,-0.30993069405876056,0.47368421052631576,0.5555555555555556,-4.323363572798604,0.6095810879838832,0.1994800519948005,0.0984901509849015,24,14,-2.4551679974510554,0.5,17,13,-1.1919427615327716,0.46153846153846156,4,1.9876601696014404,0.6856933647642187,0.17453633389266865,1.0
103,delta,14,2,45,19,3.389282785521613,3.801285775084244,11.213609083916705,2.5725783573243484,0.33898861166261784,0.5789473684210527,0.6,-0.8761371679473341,8.83305491700507,0.1625837416258374,0.0807919208079192,24,14,2.0141154470897855,0.5,17,13,2.519052502436516,0.6923076923076923,4,8.590768337249756,0.529851099407318,0.17325573895867366,1.0
104,delta,0,26,45,19,-0.4544579803943634,-0.2621684428631214,1.122807041195689,0.25758960135094305,-0.23349376450644227,0.6842105263157895,0.6888888888888889,-0.7316887180729392,0.25576360459325076,0.32696730326967305,0.16678332166783322,24,14,-0.4206997477227734,0.5714285714285714,17,13,-0.21927276368324572,0.6923076923076923,4,-0.8397226929664612,0.8363812260872617,0.1724975089750164,1.0
105,delta,5,6,45,19,-0.9143030431535509,-1.0009482617963825,3.0055096598951745,0.6895112042799139,-0.3330377789673427,0.631578947368421,0.6,-2.3402222447228005,0.29855377506791364,0.16768323167683233,0.08709129087091291,24,14,-1.5783692740258715,0.6428571428571429,17,13,-0.5124944754135914,0.6153846153846154,4,-0.07667040824890137,0.5120089568803761,0.17225247005522684,1.0
106,delta,13,12,45,19,2.920432840453254,2.201146304607391,7.076644569860817,1.623493607335745,0.31104378393991927,0.5263157894736842,0.5777777777777777,-0.8494628364056871,5.307995684026626,0.18318168183181682,0.0887911208879112,24,14,1.38860373269944,0.5,17,13,3.136153221130371,0.6153846153846154,4,1.5800081193447113,0.6308548095112284,0.17165599584929406,1.0
107,delta,5,31,45,19,3.740245791276296,3.640698370180632,4.774966773835292,1.095452506626972,0.7624552258939372,0.7894736842105263,0.7333333333333333,1.4967231632586113,5.73177504411392,0.0053994600539946005,0.0025997400259974,24,14,4.550419031864121,0.7857142857142857,17,13,-0.3752902379402748,0.5384615384615384,4,7.089496970176697,0.0,0.1705491952657491,1.0
108,delta,21,23,45,19,-30.029083675808376,-33.186277155290576,44.86556273467985,10.292866000292305,-0.7396826236537649,0.8421052631578947,0.7111111111111111,-52.547125381335874,-13.67387698658726,0.0033996600339966003,0.0017998200179982,24,14,-66.3185081027803,1.0,17,13,4.4288889567057295,0.5384615384615384,4,-5.688109397888184,0.0,0.17032165676238006,1.0
109,delta,20,12,45,19,-7.820692380269368,-5.4929494481337695,25.47946794539641,5.8453908373245715,-0.21558336539465403,0.5789473684210527,0.6444444444444445,-16.48495490049061,5.810262151350053,0.35106489351064896,0.1772822717728227,24,14,-7.976928631464641,0.6428571428571429,17,13,-7.423827538123498,0.6153846153846154,4,3.9430917501449585,1.0,0.1701973937326216,1.0
110,delta,19,7,45,19,-5.286665715111626,-7.690172007209377,20.932142156195546,4.802162754246524,-0.36738581029238904,0.5789473684210527,0.6222222222222222,-16.993707607921802,1.1635805325549882,0.12988701129887012,0.0654934506549345,24,14,-10.427266257149833,0.5714285714285714,17,13,-3.452954053878784,0.5384615384615384,4,-18.76838493347168,0.44900868935593524,0.17018369877522052,1.0
111,delta,18,31,45,19,9.73545938067966,9.442892446852568,12.141081026511964,2.785355013679195,0.7777637284713382,0.7368421052631579,0.6444444444444445,4.019284055421227,14.663277014514854,0.0045995400459954,0.0021997800219978004,24,14,16.16822909173511,0.7142857142857143,17,13,-0.24709545037685304,0.5384615384615384,4,15.22734022140503,0.0,0.16885659894443528,1.0
112,delta,11,30,45,19,-2.5244913061459857,-2.826255896112375,9.510277319661892,2.181807250602792,-0.29717912539409036,0.6842105263157895,0.6444444444444445,-6.8274026013780045,1.4387529325851178,0.21737826217378262,0.1121887811218878,24,14,-1.6132437317144304,0.6428571428571429,17,13,-1.5925306479136148,0.8461538461538461,4,-1.6399534940719604,0.563477160756817,0.16832422628081234,1.0
113,delta,17,31,45,19,-4.268938930829366,-3.8713698826338123,17.673568016959926,4.05459457672215,-0.21904857462391095,0.5263157894736842,0.5555555555555556,-11.553641817757958,3.6443691502014692,0.35156484351564843,0.17688231176882313,24,14,-4.018998919498353,0.5,17,13,-4.514754307575715,0.6153846153846154,4,-4.608416318893433,1.0,0.1671686490550899,1.0
114,delta,2,14,45,19,-0.2760295831494861,-0.255090513250284,1.115429709934315,0.25589712548560867,-0.22869259351654322,0.5789473684210527,0.6444444444444445,-0.7304106186225748,0.23215499881720333,0.32456754324567544,0.16368363163683633,24,14,-0.22882552657808578,0.5714285714285714,17,13,-0.627195112980329,0.6153846153846154,4,0.42900411412119865,0.8970365995287793,0.16660450120915168,1.0
115,delta,9,29,45,19,4.358122769991557,6.036457201890779,10.06623173004574,2.3093519396595776,0.5996739757016651,0.6842105263157895,0.6666666666666666,1.6720703892017668,10.568656415949784,0.017598240175982403,0.0084991500849915,24,14,9.546398395583745,0.7142857142857143,17,13,0.6214054303291517,0.5384615384615384,4,8.847304821014404,0.10294207505265025,0.16523558440906758,1.0
116,delta,10,23,45,19,-1.9872069305843778,-2.7127189991766945,7.68807000513467,1.7637642222762238,-0.35284785353995696,0.47368421052631576,0.5555555555555556,-6.155261176876855,0.5836636329429189,0.1436856314368563,0.071992800719928,24,14,-4.198775921549116,0.5,17,13,-1.3426596751579871,0.5384615384615384,4,-0.27257847785949707,0.49494978122152794,0.1615109552888298,1.0
117,delta,10,21,45,19,3.6812073548634845,3.668291554116366,6.1295007709053095,1.4062039176174155,0.5984649796486721,0.6842105263157895,0.6666666666666666,1.0098523111196986,6.315211480333094,0.0160983901609839,0.007799220077992201,24,14,5.536514075029464,0.7857142857142857,17,13,0.34231127836765385,0.6153846153846154,4,6.808993697166443,0.09331626816399856,0.16126411268034616,1.0
118,delta,15,6,45,19,2.543382814195421,2.081646388037163,7.697874030591041,1.7660134199711828,0.2704183492435423,0.5789473684210527,0.5777777777777777,-1.2843422297845806,5.562680659064074,0.24907509249075094,0.1212878712128787,24,14,4.101924328576951,0.6428571428571429,17,13,1.3737755555372972,0.5384615384615384,4,4.279764890670776,0.6599466477265935,0.15904014442986458,1.0
119,delta,13,28,45,19,-5.62791092660692,-4.922390627233605,11.463300541656242,2.6298615063428747,-0.42940430719287476,0.7368421052631579,0.6888888888888889,-9.800263256200573,0.1785354836729526,0.07729227077292271,0.0395960403959604,24,14,-5.8926617190951385,0.6428571428571429,17,13,-1.1549948239937806,0.7692307692307693,4,-1.0051709413528442,0.23464103348557092,0.15884982440283651,1.0
120,delta,14,26,45,19,3.527332883410984,3.5195272638086683,9.723784558065333,2.2307891703877942,0.3619503540819833,0.5789473684210527,0.5333333333333333,-0.6042330124921967,7.826931416360956,0.1314868513148685,0.06619338066193381,24,14,6.505599745682308,0.5714285714285714,17,13,1.3904518408653064,0.46153846153846156,4,-7.024555206298828,0.3950677851435719,0.15610561741564846,1.0
121,delta,19,30,45,19,-13.709161069658068,-14.462981483392548,21.430941271207292,4.91659511927093,-0.6748645008338353,0.8421052631578947,0.6666666666666666,-23.988541657882823,-5.36700442590212,0.0084991500849915,0.0037996200379962005,24,14,-27.75829883984157,0.8571428571428571,17,13,-0.020696945679493393,0.5384615384615384,4,1.0561761856079102,0.0014310289827349318,0.15606356150326323,1.0
122,delta,18,26,45,19,-3.3874010509914823,-5.368879190662451,15.308748414884,3.512067752240412,-0.35070660547550275,0.5263157894736842,0.5777777777777777,-12.613017116774591,0.7817853512471138,0.15558444155584442,0.07779222077792221,24,14,-4.763858857608976,0.5714285714285714,17,13,-2.3690175337669177,0.46153846153846156,4,-2.203892409801483,0.44124992379920014,0.1554847199653849,1.0
123,delta,0,4,45,19,-0.07954937037494447,-0.07800227390569552,0.40989140761512605,0.0940355380852617,-0.19029985126923415,0.631578947368421,0.4666666666666667,-0.2553153067271699,0.1005425653796185,0.41105889411058893,0.20467953204679531,24,14,-0.2071464020936262,0.6428571428571429,17,13,-0.08460320723362456,0.6153846153846154,4,0.2605018578469753,1.0,0.15524461550911206,1.0
124,delta,12,23,45,19,-1.963051817814509,-2.484729094855618,7.2232676810301575,1.6571312559870444,-0.34398961862939775,0.631578947368421,0.5333333333333333,-5.739301734502639,0.6226745194150947,0.1581841815818418,0.08089191080891911,24,14,-3.867655945320924,0.5,17,13,-1.0038832701169527,0.5384615384615384,4,2.4153425693511963,0.40402121591258866,0.15518904505031136,1.0
125,delta,11,9,45,19,2.6088090976079306,3.5713744618390737,6.756621418739645,1.5500752612657116,0.5285740077035816,0.631578947368421,0.5777777777777777,0.6085003658344871,6.577287697935836,0.03469653034696531,0.016998300169983,24,14,0.5048461953798932,0.5714285714285714,17,13,4.092240601013868,0.6153846153846154,4,7.5667396783828735,0.1413590763932168,0.15351734511522297,1.0
126,delta,2,23,45,19,-0.38029702769385443,-0.4570812750280949,1.299126958137188,0.29804016449207354,-0.35183726437599416,0.6842105263157895,0.5777777777777777,-1.0235054491904743,0.11249162941648246,0.14228577142285773,0.07039296070392961,24,14,-0.39756890421821955,0.6428571428571429,17,13,-0.16241435057077652,0.46153846153846156,4,-1.3819164037704468,0.35532925858928166,0.15302978679166387,1.0
127,delta,1,17,45,19,-0.0047711895571814645,0.37777710065507053,1.9004486102199845,0.43599281259690686,0.1987831181666845,0.5263157894736842,0.5333333333333333,-0.4050385284842106,1.239152695029451,0.406959304069593,0.20617938206179381,24,14,0.465535543859005,0.6428571428571429,17,13,0.38575793688113874,0.6923076923076923,4,-0.12831610441207886,1.0,0.15170290596931185,1.0
128,delta,20,7,45,19,6.102824391259087,9.957173435311569,22.769600337613245,5.223704571392933,0.4373011949122028,0.631578947368421,0.5555555555555556,0.19437459341266727,20.03908665295232,0.07429257074292571,0.0362963703629637,24,14,2.179918896584284,0.42857142857142855,17,13,16.00867117368258,0.6153846153846154,4,13.704774856567383,0.2189294894526533,0.14776304529487183,1.0
129,delta,12,28,45,19,3.1977439986334906,4.115840169421413,6.236450696880106,1.4307399133723258,0.6599651579832796,0.7894736842105263,0.6444444444444445,1.449827930069806,6.84029226428584,0.010798920107989201,0.006399360063993601,24,14,6.504201185135614,0.7142857142857143,17,13,-0.5419107522719947,0.46153846153846156,4,5.9863914251327515,0.0,0.14762378533836518,1.0
130,delta,20,19,45,19,2.0618587176005048,5.200767284945438,18.543991199261562,4.25428334986783,0.2804556596830426,0.631578947368421,0.5777777777777777,-2.990809732414129,13.263115278252378,0.23547645235476453,0.11898810118988101,24,14,4.281310813767569,0.5714285714285714,17,13,2.7102845265315127,0.6153846153846154,4,14.434789657592773,0.5211316673170364,0.14662156398232098,1.0
131,delta,9,4,45,19,-2.8841971768273247,-1.4774568002474935,7.227312787524059,1.6580592670619272,-0.20442685181661308,0.631578947368421,0.7111111111111111,-4.280790822038001,2.033083250961805,0.4106589341065893,0.205979402059794,24,14,-1.2106341748010543,0.5714285714285714,17,13,-2.4688226779301963,0.7692307692307693,4,-3.9465850591659546,0.8194041102239045,0.1441808898016508,1.0
132,delta,10,4,45,19,-3.067370765739017,-1.3968949398973534,7.909771881590173,1.8146261209637435,-0.1766036948737544,0.631578947368421,0.7333333333333333,-4.473165820146861,2.4817251753846277,0.47185281471852814,0.23027697230276972,24,14,-1.464976335565249,0.6428571428571429,17,13,-2.2788280156942515,0.7692307692307693,4,-3.61443167924881,1.0,0.144071435291747,1.0
133,delta,3,20,45,19,-0.3384633206658893,-0.5297912457271626,2.2295817007821332,0.5115011221093083,-0.23761912180267394,0.5789473684210527,0.4888888888888889,-1.4999493697788893,0.4374625272427992,0.3213678632136786,0.1576842315768423,24,14,-0.5579263766606648,0.5,17,13,-0.3632876437443953,0.5384615384615384,4,0.0025573670864105225,0.6857184724631802,0.1433760366107348,1.0
134,delta,22,19,45,19,-8.469308450486924,-16.464946445665863,55.91275353641155,12.827265385279702,-0.2944756858548121,0.6842105263157895,0.5333333333333333,-41.11705218407146,7.578642228193445,0.21707829217078292,0.10968903109689031,24,14,-12.368733315240771,0.7142857142857143,17,13,-7.186073816739595,0.46153846153846156,4,1.683751106262207,0.4364468381633404,0.1431672909214218,1.0
135,delta,4,15,45,19,2.071467301580641,2.625457048416138,8.36752352218923,1.91964154952223,0.3137675133453618,0.631578947368421,0.6,-0.6415103002598411,6.676674192777849,0.18898110188981102,0.09479052094790522,24,14,2.4190356504349486,0.6428571428571429,17,13,1.073764321131584,0.6153846153846154,4,5.345231294631958,0.4089818653782033,0.1425068331821802,1.0
136,delta,20,30,45,19,7.229384639528063,7.301415974633736,22.071358384487368,5.063516881297345,0.330809542731428,0.631578947368421,0.6222222222222222,-2.228733710343377,16.8303182020522,0.16178382161783822,0.08239176082391761,24,14,9.979706031935555,0.5714285714285714,17,13,2.70358421252324,0.5384615384615384,4,-2.374462604522705,0.370282178404287,0.14241403611703657,1.0
137,delta,2,4,45,19,0.20607124831941392,0.11145498054592233,0.6385697528830733,0.14649794848521352,0.17453845886485408,0.631578947368421,0.5777777777777777,-0.16084910700130362,0.39577362075317324,0.46045395460453953,0.22327767223277672,24,14,0.21744802807058608,0.6428571428571429,17,13,0.12396955222655565,0.6153846153846154,4,-0.2642505541443825,1.0,0.14238663749501254,1.0
138,delta,4,8,45,19,-0.6830622461107042,-0.6847644228684274,1.8473623620605941,0.4238139920169856,-0.37067141613983307,0.631578947368421,0.5777777777777777,-1.5523129812980956,0.08974722740158683,0.1331866813318668,0.068993100689931,24,14,-0.1975588365679696,0.5,17,13,-0.940486042163311,0.6923076923076923,4,-0.9055623114109039,0.2885062803648739,0.14102848572754337,1.0
139,delta,13,25,45,19,2.0832678768369886,1.4965767567617854,7.820520384174701,1.7941504231851264,0.19136536742365629,0.47368421052631576,0.6444444444444445,-1.595418044192749,5.242039159672301,0.44625537446255376,0.22447755224477553,24,14,2.955560596216293,0.5,17,13,6.018881495182331,0.6923076923076923,4,-8.820878505706787,1.0,0.14100606020690462,1.0
140,delta,14,28,45,19,-3.8632863256666394,-2.9995153828671106,12.48725765886952,2.8647733798403436,-0.2402060936683402,0.5789473684210527,0.5555555555555556,-8.33910961590315,2.6866455587378715,0.31726827317268275,0.16198380161983802,24,14,-1.9645963254429044,0.5,17,13,-3.74088724454244,0.6153846153846154,4,-1.2462478876113892,0.6549712452432997,0.14056388418222723,1.0
141,delta,19,27,45,19,7.5862637135717605,9.142058212506143,18.37656905028108,4.215874074693286,0.4974844971056395,0.7368421052631579,0.6888888888888889,1.415610212479767,17.593845362412303,0.0425957404259574,0.0207979202079792,24,14,4.9680424368097675,0.7142857142857143,17,13,0.9073536946223333,0.5384615384615384,4,35.66437387466431,0.09925048315499595,0.14016559538007722,1.0
142,delta,13,1,45,19,-4.899501895904541,-2.205630996771026,12.893635919005012,2.9580029466183695,-0.17106353945669905,0.631578947368421,0.6444444444444445,-7.546457468835931,3.7394341169742105,0.48205179482051796,0.24467553244675533,24,14,-5.700082256680443,0.5,17,13,-2.6367675157693715,0.6923076923076923,4,9.700213432312012,1.0,0.13955183481993869,1.0
143,delta,18,17,45,19,-3.984675815370348,-2.040519607694526,11.981889226761226,2.748833910113204,-0.17030032318585292,0.631578947368421,0.6222222222222222,-6.9322423112497,3.571457258128283,0.46565343465653436,0.23707629237076291,24,14,-2.335224483694349,0.6428571428571429,17,13,-3.7011237480701547,0.5384615384615384,4,0.3762962222099304,1.0,0.1389292110200379,1.0
144,delta,7,15,45,19,1.6986503097746106,2.033907325644242,6.054127157258048,1.3889120247280529,0.33595384979746795,0.5263157894736842,0.5111111111111111,-0.5563108899614266,4.771610106292523,0.1628837116288371,0.0790920907909209,24,14,0.7827928208169482,0.5,17,13,3.0475743489387708,0.6153846153846154,4,4.728368163108826,0.384871429955147,0.13810314473525684,1.0
145,delta,11,4,45,19,3.388932628101773,1.5990896125634508,8.412864832198986,1.9300435594327707,0.19007670329412327,0.631578947368421,0.7333333333333333,-2.4284275552944137,4.964182722202518,0.43875612438756123,0.2146785321467853,24,14,1.3517121062392279,0.6428571428571429,17,13,2.7123947051855235,0.7692307692307693,4,3.8528430461883545,0.8453010360515946,0.1370715591113859,1.0
146,delta,0,2,45,19,0.10520849575599035,0.06987849067439114,0.40291663663718436,0.09243541588277811,0.1734316340412492,0.5789473684210527,0.6666666666666666,-0.11220319810601179,0.24270813096674132,0.45245475452454753,0.2258774122587741,24,14,0.174329644157773,0.6428571428571429,17,13,0.07020961053860494,0.6923076923076923,4,0.19505851343274117,1.0,0.13691971108519674,1.0
147,delta,5,24,45,19,-1.2116891781489054,-0.8049689855491905,4.814792084708857,1.1045890595476542,-0.16718665549560605,0.631578947368421,0.5777777777777777,-2.940206109667033,1.295490620115347,0.4754524547545245,0.24227577242275772,24,14,-1.5833413629304796,0.5714285714285714,17,13,-1.3621237889314308,0.5384615384615384,4,-0.6998505592346191,1.0,0.13638911369378387,1.0
148,delta,6,30,45,19,-1.143868417210049,-2.1092393356457095,6.293509846141719,1.4438301799742086,-0.33514515543958256,0.631578947368421,0.5777777777777777,-4.8818714698155725,0.6576126738598468,0.16698330166983302,0.08459154084591541,24,14,-0.6966669488520851,0.5,17,13,-2.3843350471594396,0.7692307692307693,4,1.012481451034546,0.33029298149269143,0.13608050284581175,1.0
149,delta,11,27,45,19,3.6817271974351673,2.9760106226854157,12.198610556988639,2.7985531931327303,0.2439630815970632,0.5789473684210527,0.6,-2.4522670559715807,8.1405181536549,0.29317068293170684,0.1513848615138486,24,14,1.7825659456707181,0.5714285714285714,17,13,2.2421064713062386,0.5384615384615384,4,5.655972003936768,0.5989783544731477,0.134674124427372,1.0
150,delta,11,29,45,19,-3.0910159587860107,-2.3377789321698645,11.526587391826517,2.644380505519045,-0.20281622415213538,0.631578947368421,0.6888888888888889,-7.146827544245805,2.932654112263729,0.38586141385861417,0.19358064193580643,24,14,-3.1258264836810885,0.7142857142857143,17,13,-1.7404397145295754,0.6923076923076923,4,-2.4561034440994263,0.7444843011371247,0.13374801298785052,1.0
151,delta,14,25,45,19,-2.3589475419786243,-1.696012070304469,8.984598375809336,2.061208229918556,-0.18876882408799844,0.5263157894736842,0.5555555555555556,-6.049621409805197,1.7917854717948976,0.45645435456454353,0.22597740225977403,24,14,-1.5300796599615187,0.42857142857142855,17,13,-6.566962657830654,0.6923076923076923,4,4.220079064369202,0.9021631901987809,0.1334896095680339,1.0
152,delta,9,9,45,19,2.258819982740614,3.1983275769049664,6.3783894372117365,1.4633028936501697,0.5014318439457172,0.631578947368421,0.5555555555555556,0.350948213537534,5.995053950474972,0.041695830416958304,0.0201979802019798,24,14,0.32426548855645315,0.5,17,13,3.68351465005141,0.6153846153846154,4,7.263487815856934,0.10138595273916441,0.1333706228217838,1.0
153,delta,6,12,45,19,1.251575039492713,1.0747767153539158,4.789131729423931,1.0987021703085837,0.22441995252513072,0.5789473684210527,0.5555555555555556,-1.0409678885288405,3.1220301095330916,0.3374662533746625,0.1685831416858314,24,14,0.7182363342671169,0.5714285714285714,17,13,1.556687266398699,0.6153846153846154,4,-0.045430541038513184,0.6682656257868473,0.13309270511149618,1.0
154,delta,21,11,45,19,-17.636867904663085,-8.008530541470178,49.27497249697296,11.304453976844798,-0.16252734675726413,0.631578947368421,0.6888888888888889,-26.25174217726055,15.701287309746983,0.5640435956404359,0.28317168283171684,24,14,-26.224976698557537,0.7857142857142857,17,13,-20.355762139344826,0.7692307692307693,4,28.634339332580566,1.0,0.1325880986703997,1.0
155,delta,9,21,45,19,-2.8959983613755966,-3.028202930040527,5.552992915695698,1.2739439449323589,-0.5453280737098047,0.6842105263157895,0.6888888888888889,-5.3840251427732015,-0.5076494289071937,0.031196880311968805,0.014798520147985201,24,14,-4.338214536507924,0.7857142857142857,17,13,-0.15490165429237557,0.6923076923076923,4,-7.091472029685974,0.051152996635632504,0.13242390927772327,1.0
156,delta,7,11,45,19,-1.4292369564374288,-1.6258561250410581,6.881411861555985,1.5787041522844547,-0.2362678121511868,0.631578947368421,0.6,-4.522589470027832,1.519404805869909,0.3214678532146785,0.1618838116188381,24,14,-1.8291774647576469,0.6428571428571429,17,13,-0.9418732829582996,0.6153846153846154,4,-3.0605502128601074,0.5793091211773208,0.13193031150215445,1.0
157,delta,20,21,45,19,12.754645125071209,16.355867113983425,26.928429388370343,6.177805390114584,0.607382884389354,0.7368421052631579,0.6444444444444445,5.42744632426061,28.982849472865727,0.0108989101089891,0.0051994800519948,24,14,22.221513509750366,0.8571428571428571,17,13,-8.82483353981605,0.6153846153846154,4,22.973782896995544,0.0,0.13186602095295186,1.0
158,delta,7,12,45,19,-1.2895769225226508,-2.0577605607216816,7.630898392882092,1.7506481548947355,-0.26966163808983595,0.631578947368421,0.5111111111111111,-5.475775217225676,1.183254889490311,0.25977402259774024,0.1311868813118688,24,14,-0.9535699798947288,0.5714285714285714,17,13,-1.9075841200657382,0.5384615384615384,4,-4.74640166759491,0.46340181559330706,0.13145360658320773,1.0
159,delta,0,17,45,19,0.28166511952877044,0.4125843070316733,1.0769598627124561,0.24707153725331754,0.3831009133362955,0.6842105263157895,0.5777777777777777,-0.017084251778821124,0.925204536344921,0.0999900009999,0.0504949505049495,24,14,0.548345264224779,0.7142857142857143,17,13,0.08441361364645836,0.6153846153846154,4,0.274439737200737,0.20459724766016874,0.1301568611937693,1.0
160,delta,14,31,45,19,2.8426624920633103,2.853490759406173,9.626860066402049,2.208553167002831,0.29640929022796514,0.6842105263157895,0.5777777777777777,-1.336012566821617,7.088875466428303,0.21707829217078292,0.10688931106889311,24,14,2.322964414244606,0.6428571428571429,17,13,1.0300304966095166,0.6153846153846154,4,-0.9689908623695374,0.3609720806749245,0.12997804734797128,1.0
161,delta,3,32,45,19,-0.76543187962638,-1.0472420637021984,4.694236385717616,1.0769316853913002,-0.2230910371042392,0.5789473684210527,0.5333333333333333,-3.1821551095106098,0.9303608732003913,0.34336566343365665,0.17838216178382163,24,14,-0.679742945092065,0.5714285714285714,17,13,-4.040374210247626,0.7692307692307693,4,3.026146352291107,0.6490791085005174,0.1297701772773287,1.0
162,delta,5,1,45,19,-0.5765495194329155,-0.467650196008515,1.09085625579218,0.2502595884698562,-0.42870010922649693,0.631578947368421,0.6444444444444445,-0.9473822344552004,0.012137888267374846,0.0750924907509249,0.0364963503649635,24,14,-0.07439992825190227,0.5,17,13,-1.1017000262553875,0.8461538461538461,4,-0.23664464056491852,0.1590931189314579,0.12916187151374808,1.0
163,delta,5,11,45,19,0.25773007339901394,0.7544979494914673,4.561632816534584,1.0465103402533191,0.16540085093141058,0.631578947368421,0.6222222222222222,-1.3281537027212609,2.6587193511557157,0.4851514848515148,0.24477552244775522,24,14,0.7089255139941262,0.5,17,13,1.4900663602046476,0.7692307692307693,4,-0.6789755523204803,0.9395989935717426,0.12881973930580662,1.0
164,delta,5,13,45,19,1.069300901889801,1.3240444037997932,4.200501320664879,0.9636610931045969,0.315211043330946,0.631578947368421,0.6,-0.5149116405138844,3.1578783076844714,0.18948105189481051,0.0938906109389061,24,14,0.4365752211638859,0.7142857142857143,17,13,0.5371096714948996,0.46153846153846156,4,5.399677515029907,0.3297285347160455,0.1278777063127329,1.0
165,delta,11,21,45,19,3.5883633931477865,4.074702089292962,6.7967066056361265,1.5592714338349067,0.5995112523930399,0.6842105263157895,0.6666666666666666,1.2644834137276602,7.114847250988609,0.014498550144985502,0.0082991700829917,24,14,6.115569736276354,0.8571428571428571,17,13,-0.573361439582629,0.38461538461538464,4,5.828422904014587,0.0,0.12621289524063997,1.0
166,delta,15,21,45,19,3.953128046459622,5.288244224431222,10.243366661293274,2.3499894799058425,0.516260366273324,0.631578947368421,0.6222222222222222,1.0713812044315176,9.881070556609252,0.0372962703729627,0.018998100189981004,24,14,7.133194588479542,0.7142857142857143,17,13,0.33208594566736466,0.6153846153846154,4,7.641102313995361,0.06279701382420216,0.1251256251627903,1.0
167,delta,5,14,45,19,0.9103755156199137,2.2286014096778732,7.470011905331343,1.7137382632834233,0.2983397400059459,0.631578947368421,0.5777777777777777,-0.7860545500328666,5.768376155380614,0.22557744225577442,0.10938906109389061,24,14,2.5634234065101262,0.6428571428571429,17,13,0.7766759548431786,0.6923076923076923,4,4.381628632545471,0.3485037528336846,0.12446036979114226,1.0
168,delta,7,18,45,19,-1.9733100738790301,-1.5212613579474001,9.581916659949517,2.1982424424288802,-0.1587637851522928,0.5789473684210527,0.6,-5.780713831215051,2.5253757130942835,0.5013498650134987,0.24787521247875213,24,14,-1.7010007238104232,0.6428571428571429,17,13,-1.4801433728291438,0.6923076923076923,4,-4.208926200866699,0.9729711236642888,0.12279898430186033,1.0
169,delta,4,32,45,19,-1.4692717419730292,-1.5539287307806184,4.473720433735932,1.0263418564372566,-0.34734596267182427,0.6842105263157895,0.5777777777777777,-3.5109218626953007,0.41052914789894046,0.1511848815118488,0.07339266073392661,24,14,-0.34050852060317993,0.5714285714285714,17,13,-0.5509166167332575,0.6923076923076923,4,-4.140739679336548,0.21912750170474354,0.12119686773775622,1.0
170,delta,18,14,45,19,2.7687124729156496,3.031989666453579,16.62788745427074,3.814699003038629,0.18234364857183563,0.631578947368421,0.5555555555555556,-4.751530309622748,9.926069484990935,0.45085491450854914,0.22797720227977203,24,14,2.2507253658203843,0.6428571428571429,17,13,8.367724112975292,0.5384615384615384,4,0.5950891971588135,0.7423261994335837,0.12000651707762497,1.0
171,delta,4,4,45,19,0.33847241202990214,0.4125299503405888,1.5147561791424742,0.3475089004729388,0.27234082687428157,0.631578947368421,0.6,-0.26478894682306986,1.06803435125764,0.24697530246975302,0.12478752124787522,24,14,0.9284828911934581,0.6428571428571429,17,13,0.15919008010473007,0.7692307692307693,4,-0.6800143420696259,0.3858873276311239,0.11984344016202543,1.0
172,delta,7,3,45,19,0.873583796289232,2.395605026629933,7.270272718497497,1.6679149511532274,0.32950690013799344,0.5263157894736842,0.4888888888888889,-0.6223775167214243,5.7651201951922015,0.17768223177682232,0.08749125087491251,24,14,0.7110907846973055,0.5,17,13,1.6555615082765236,0.5384615384615384,4,5.739527851343155,0.2968313961578412,0.11884865469349516,1.0
173,delta,14,15,45,19,3.8925814390182496,3.1205631640919465,10.35312798354445,2.375170454200699,0.30141259424705813,0.631578947368421,0.6222222222222222,-1.2631626257770936,7.766414846244606,0.20877912208779123,0.10258974102589741,24,14,3.8466648927756717,0.7142857142857143,17,13,0.9703037922198956,0.6153846153846154,4,1.7100878357887268,0.31093868035907696,0.11881465797003891,1.0
174,delta,17,30,45,19,-6.411271781391568,-6.332750247235883,12.043765338577884,2.76302926371468,-0.5258114940973807,0.7894736842105263,0.6222222222222222,-11.581243270844745,-0.9897842415069287,0.0370962903709629,0.017598240175982403,24,14,-13.161964598156157,0.8571428571428571,17,13,7.3762259391637945,0.5384615384615384,4,-3.6130599975585938,0.0,0.11761572894283516,1.0
175,delta,3,14,45,19,-1.2364930046929254,-1.8556522245992693,5.531411776793953,1.2689928921134526,-0.3354753360406697,0.5789473684210527,0.6,-4.624111421719977,0.18288577964954175,0.14058594140585942,0.07169283071692831,24,14,-1.3795577060608635,0.6428571428571429,17,13,-0.47906202842027706,0.6153846153846154,4,-4.380911886692047,0.25816369148789786,0.11749302424477828,1.0
176,delta,16,18,45,19,0.8512420097986857,1.4585021232303819,9.618461675671114,2.2066264440299617,0.15163569522967582,0.5789473684210527,0.5333333333333333,-2.651117712573001,5.655684684243116,0.5265473452654734,0.26607339266073393,24,14,1.4060207051890237,0.5,17,13,6.221796952761137,0.6923076923076923,4,-11.233761072158813,0.9640169066568658,0.11648167436682273,1.0
177,delta,11,20,45,19,-1.6411828968260023,-1.4424982217320221,9.406775615523275,2.158062331190977,-0.15334672375426694,0.631578947368421,0.5111111111111111,-5.432087087892649,2.801505194996533,0.5101489851014899,0.25747425257474255,24,14,-1.7022887340613775,0.6428571428571429,17,13,-1.3054159176655307,0.5384615384615384,4,-2.2706589698791504,0.9049688228371642,0.1161824395789007,1.0
178,delta,22,31,45,19,-16.916784879896376,-21.84400493220279,39.60759907056755,9.086606407625235,-0.5515104536703689,0.6842105263157895,0.6,-39.54918881131892,-4.925950263257616,0.023997600239976002,0.0115988401159884,24,14,-46.86528419312977,0.7142857142857143,17,13,23.4815119718894,0.6153846153846154,4,-14.721376895904541,0.0,0.11610746393060396,1.0
179,delta,2,13,45,19,0.5768742670615514,0.5202301826916242,1.3906286279840963,0.31903208723038384,0.37409713292453073,0.631578947368421,0.6222222222222222,-0.0905694437719751,1.111282099548139,0.12138786121387861,0.06329367063293671,24,14,0.09028310062629837,0.5,17,13,0.4927442646943606,0.6923076923076923,4,1.4669995158910751,0.17354452630791567,0.11601845082387105,1.0
180,delta,15,5,45,19,2.1388663053512573,1.8166393041610718,6.3580195400686685,1.4586297187482251,0.2857240832168709,0.631578947368421,0.6222222222222222,-1.0109990038892678,4.575393034596192,0.22517748225177484,0.1090890910908909,24,14,1.3651943192595528,0.5714285714285714,17,13,0.5926723052293826,0.6153846153846154,4,9.854148507118225,0.32624654980867546,0.11530645223665029,1.0
181,delta,15,31,45,19,-6.1828283998701306,-5.262090388097261,9.632888418485459,2.2099361658200767,-0.5462629856689026,0.6842105263157895,0.6888888888888889,-9.552688021827162,-0.9425173986376384,0.026197380261973803,0.0136986301369863,24,14,-14.589011288824535,0.8571428571428571,17,13,8.77570487291385,0.5384615384615384,4,-0.047776877880096436,0.0,0.11500273382503212,1.0
182,delta,19,26,45,19,6.505734425120884,5.923532516287085,10.891146298027028,2.4986003206535226,0.543885129645183,0.6842105263157895,0.6666666666666666,1.1430311050592807,10.533646576603251,0.0287971202879712,0.014598540145985401,24,14,11.051476643199013,0.7857142857142857,17,13,-4.113054052377358,0.46153846153846156,4,1.3018131256103516,0.0,0.11450213255688062,1.0
183,delta,12,21,45,19,-3.4111712879604763,-4.025700251261393,7.4029233524191405,1.6983470936827563,-0.5437987210749476,0.6842105263157895,0.6222222222222222,-7.469600766374355,-0.9021379526247079,0.025597440255974404,0.013598640135986401,24,14,-6.314051219395229,0.8571428571428571,17,13,0.2852183060768324,0.46153846153846156,4,-5.424434304237366,0.0,0.11448394127893634,1.0
184,delta,21,10,45,19,7.02869782977634,12.023322364740205,30.919734155580766,7.093473502385235,0.3888559424295726,0.631578947368421,0.5777777777777777,-1.6452404436312225,25.204332050105975,0.10898910108989102,0.053594640535946404,24,14,21.581752635183786,0.7857142857142857,17,13,1.774537062033629,0.46153846153846156,4,-32.761000633239746,0.1475912404409671,0.11442082360951834,1.0
185,delta,8,3,45,19,1.5279149214426677,3.229516268822185,8.435893119010611,1.9353266107514415,0.38283039190531526,0.5789473684210527,0.5333333333333333,-0.2789934585230392,7.135170078878861,0.11358864113588642,0.05779422057794221,24,14,0.5528874056679862,0.5,17,13,3.0414656492379994,0.6923076923076923,4,7.572926700115204,0.1711982103962666,0.11436513667969526,1.0
186,delta,1,22,45,19,0.49982155561447145,0.7387800512083791,1.449071813647129,0.332439873559002,0.5098298402126558,0.7894736842105263,0.5777777777777777,0.15806163977504822,1.398944202058932,0.024397560243975602,0.0124987501249875,24,14,0.9512079003311339,0.7142857142857143,17,13,-0.04255793491999311,0.5384615384615384,4,0.8711363673210144,0.0,0.11404088531072563,1.0
187,delta,19,6,45,19,1.4814712895287407,1.9601349119554488,13.631429410488751,3.1272643819120356,0.14379525821754366,0.5789473684210527,0.4888888888888889,-3.9626710096995033,7.845549884072521,0.5384461553844615,0.2702729727027297,24,14,4.207292968318576,0.5714285714285714,17,13,4.531208515167236,0.5384615384615384,4,-7.289621829986572,1.0,0.11352257227700815,1.0
188,delta,6,21,45,19,-1.2232069542010626,-1.5694525652287297,5.287103721806929,1.212944780388115,-0.2968454276309055,0.5263157894736842,0.5111111111111111,-4.10873006914922,0.5021724796216721,0.25047495250474955,0.12248775122487751,24,14,-2.6685638784297874,0.6428571428571429,17,13,-0.5247561794060928,0.5384615384615384,4,1.083012968301773,0.3343561895606673,0.11344375414137238,1.0
189,delta,11,2,45,19,-2.6074270473586187,-2.346925779915692,6.851851145640207,1.5719224589488974,-0.34252433831827,0.631578947368421,0.6222222222222222,-5.36383501740924,0.6268603390768958,0.1548845115488451,0.0770922907709229,24,14,-0.48562715876670104,0.6428571428571429,17,13,-2.3904040073737116,0.6153846153846154,4,-7.444912672042847,0.2069205438546702,0.11322144386918538,1.0
190,delta,20,2,45,19,9.739535435040791,23.21076912419838,58.88587785511055,13.509346882742447,0.39416529004303497,0.631578947368421,0.6,0.15552553921415374,51.727732613996444,0.0917908209179082,0.04689531046895311,24,14,16.9441359326953,0.5,17,13,3.061758099458156,0.46153846153846156,4,58.87574219703674,0.13191110053591984,0.11220156757354806,1.0
191,delta,4,16,45,19,0.08775208658642239,0.8025839407193033,3.9428588629789663,0.9045538595983682,0.203553809205568,0.42105263157894735,0.5111111111111111,-0.8828057154620949,2.6027115318728113,0.39446055394460555,0.19768023197680232,24,14,0.560425014722915,0.42857142857142855,17,13,1.5608241558074951,0.5384615384615384,4,0.35871721804142,0.6982758890249446,0.11190149297784424,1.0
192,delta,9,8,45,19,-1.7032736778259276,-2.847102115028783,8.668026014380208,1.9885815492981558,-0.32846026422918617,0.631578947368421,0.5555555555555556,-6.647018163246021,0.82286599749013,0.1688831116888311,0.0846915308469153,24,14,-4.484432487260728,0.6428571428571429,17,13,-0.6319368863717103,0.6153846153846154,4,-6.016490817070007,0.22195792804056896,0.11159456343722231,1.0
193,delta,21,26,45,19,15.278985214233398,13.954829985635325,45.359003077184106,10.40606897858926,0.307652925305466,0.5789473684210527,0.5333333333333333,-5.29998538724163,34.34346544198822,0.195980401959804,0.10058994100589941,24,14,3.821424995149885,0.5,17,13,21.953603573334526,0.6923076923076923,4,57.151686668395996,0.2738424616482998,0.11060491352019355,1.0
194,delta,15,9,45,19,-2.224574751324124,-2.249815528852898,6.275944504619482,1.4398004142581975,-0.3584823809702101,0.631578947368421,0.5555555555555556,-5.000825607776641,0.41213478048642477,0.1364863513648635,0.0675932406759324,24,14,-0.35901577699752074,0.5,17,13,-3.694341928530962,0.6923076923076923,4,-2.623286485671997,0.15957565071149202,0.10811200208411616,1.0
195,delta,3,27,45,19,0.42103013065126205,0.932580220071893,3.7667046920737177,0.8641413212057802,0.24758516961372706,0.5789473684210527,0.5777777777777777,-0.6181970586379368,2.702365893752951,0.32086791320867913,0.15108489151084892,24,14,0.6313604371888297,0.5714285714285714,17,13,0.3710023103616177,0.6923076923076923,4,2.467568874359131,0.39782348196599854,0.10718501691914856,1.0
196,delta,21,8,45,19,-0.9088625378078885,-4.507334985231099,31.26717425005622,7.173181726635379,-0.14415549512674602,0.47368421052631576,0.5111111111111111,-18.38741384451849,9.052049136998358,0.5383461653834617,0.2665733426657334,24,14,-4.740982339495704,0.5,17,13,-6.2097242306440315,0.5384615384615384,4,1.1657133102416992,1.0,0.10621983851444443,1.0
197,delta,13,29,45,19,3.231427057584127,2.721980938785954,10.470950178798946,2.40220071959125,0.2599554856346547,0.5789473684210527,0.6222222222222222,-2.2120981725945805,7.046696537053374,0.2776722327767223,0.1372862713728627,24,14,2.752524304957617,0.7142857142857143,17,13,0.9491194853415856,0.6923076923076923,4,1.2858644723892212,0.348687043254942,0.10497726604464584,1.0
198,delta,10,30,45,19,-1.3654422044754029,-2.4666182158286114,9.497163749015256,2.17879879116923,-0.2597215633019248,0.631578947368421,0.5555555555555556,-6.594179648762208,1.7309033628879917,0.271972802719728,0.13408659134086592,24,14,-3.3517977027666004,0.7142857142857143,17,13,-0.8037575361056205,0.5384615384615384,4,-3.7699376344680786,0.32585405027328646,0.10475053640438928,1.0
199,delta,5,21,45,19,1.8998690393235949,1.3850342913677818,6.267735005107246,1.437917025902888,0.22097843802253772,0.631578947368421,0.6222222222222222,-1.469033245141046,3.981841154919381,0.3437656234376562,0.1720827917208279,24,14,4.321494800703866,0.6428571428571429,17,13,0.6107374154604398,0.6153846153846154,4,-3.158961147069931,0.44095472528503965,0.10468677511110645,1.0
200,delta,10,9,45,19,-2.398475703928206,-3.2986593343186796,6.4757645843498475,1.4856422844916135,-0.5093853075342852,0.631578947368421,0.5555555555555556,-6.107438192764918,-0.48084960877895444,0.040195980401959805,0.020497950204979503,24,14,-0.006384094556172519,0.5,17,13,-4.22485852929262,0.6153846153846154,4,-7.487758994102478,0.0019353603719406568,0.10449097393697471,1.0
201,delta,13,14,45,19,-1.2039086606767442,-0.9146224385813665,6.683134954721034,1.5332163101933294,-0.1368552999120971,0.5263157894736842,0.5555555555555556,-3.748276720392076,2.063497883081434,0.5560443955604439,0.2803719628037196,24,14,-1.6324539298102967,0.5,17,13,-4.167316027176685,0.6153846153846154,4,4.569851756095886,1.0,0.10444220256449516,1.0
202,delta,15,14,45,19,0.4952632400724623,1.3287763443955205,9.430598933345086,2.1635277751323,0.1409005253841493,0.47368421052631576,0.5333333333333333,-2.69375384452573,5.583570443681981,0.5572442755724427,0.27387261273872615,24,14,1.714028115783419,0.5,17,13,2.739914405040252,0.6153846153846154,4,-3.6436852365732193,1.0,0.10382143975674157,1.0
203,delta,11,17,45,19,-3.1526432275772094,-1.6361998089572838,8.911297356411524,2.0443918227599465,-0.18360960739123652,0.631578947368421,0.6444444444444445,-5.564274161557355,2.2583141467027494,0.43625637436256376,0.21547845215478453,24,14,-0.9384448074159167,0.5,17,13,-4.176358403303684,0.6923076923076923,4,1.578028917312622,0.5735514710846765,0.10187951939874361,1.0
204,delta,20,26,45,19,-14.434664079878065,-15.09757364005373,33.45375442177345,7.6748176213967065,-0.451296839502936,0.7368421052631579,0.5777777777777777,-29.930081307888027,-0.6925727336030286,0.059394060593940604,0.028097190280971903,24,14,-35.09785102662586,0.7857142857142857,17,13,-0.1807656532678849,0.5384615384615384,4,8.53427767753601,0.011973159235886436,0.10149827070313788,1.0
205,delta,19,16,45,19,9.783874686559042,5.389229897867168,24.711409557092054,5.669186158516287,0.2180867054716628,0.6842105263157895,0.6222222222222222,-5.867320432004175,15.5461985617876,0.3457654234576542,0.1718828117188281,24,14,12.936048683666046,0.7857142857142857,17,13,2.1698216108175425,0.46153846153846156,4,12.904304027557373,0.40262183130771007,0.10136970772510757,1.0
206,delta,11,12,45,19,1.9815791103574965,2.091961640276407,6.782951323912019,1.556115755783574,0.3084146620515453,0.5263157894736842,0.6,-0.850983391911314,5.0383751671303765,0.19918008199180082,0.0999900009999,24,14,1.0425459891557696,0.35714285714285715,17,13,0.49705229661403566,0.5384615384615384,4,4.8034210205078125,0.23760105684746738,0.1007852284151701,1.0
207,delta,12,12,45,19,-2.0144421709908378,-1.7337521487160732,6.885740292996554,1.5796971625599014,-0.25178878013733136,0.5263157894736842,0.6222222222222222,-4.803522101619787,1.244325954467058,0.28757124287571245,0.14158584141585842,24,14,-0.6295694637866246,0.42857142857142855,17,13,-1.0418701324707422,0.6153846153846154,4,-4.027898907661438,0.3631254122758268,0.10037081133975564,1.0
208,delta,10,29,45,19,3.6581053098042804,4.4256293501770285,12.109127197591441,2.778024302567419,0.36547880602470717,0.631578947368421,0.7333333333333333,-0.6803383876357163,9.771863497715241,0.1232876712328767,0.06159384061593841,24,14,6.555595670427595,0.6428571428571429,17,13,0.5065033680353409,0.6923076923076923,4,4.038388252258301,0.11444776052361466,0.10013071353634569,1.0
209,delta,18,6,45,19,-6.344958559672038,-7.031593925074529,14.338728684943684,3.28952996402723,-0.4903917271590488,0.631578947368421,0.5555555555555556,-13.607494180871731,-1.316502510664758,0.039696030396960305,0.0187981201879812,24,14,-9.855126948583694,0.6428571428571429,17,13,0.6021582652360965,0.38461538461538464,4,-21.656185626983643,0.0,0.10001410224954284,1.0
210,delta,8,1,45,19,-1.0375247518221538,-0.6221724659727331,2.5749702455857273,0.5907386885859103,-0.24162316711788173,0.5263157894736842,0.5555555555555556,-1.7754275207848926,0.4921099348026405,0.3207679232076792,0.1615838416158384,24,14,-0.24213116793405445,0.42857142857142855,17,13,-1.5897450981996,0.6923076923076923,4,1.745996281504631,0.38917049721172636,0.09992045230148408,1.0
211,delta,7,21,45,19,1.864884204334683,2.1324121936371454,4.691126718399243,1.0762182787813623,0.4545629060228819,0.7368421052631579,0.6444444444444445,0.1956213285002792,4.284990731770529,0.0628937106289371,0.0324967503249675,24,14,2.7460958872522627,0.7857142857142857,17,13,0.007747932886465991,0.6153846153846154,4,4.555204153060913,0.003633412390711733,0.09976372193269835,1.0
212,delta,0,13,45,19,-0.16820201476414998,-0.21962806582450867,1.0804256981631224,0.24786665443670675,-0.20327919467105204,0.5263157894736842,0.5111111111111111,-0.6901619843354351,0.24059626007812066,0.38466153384661533,0.19268073192680732,24,14,-0.1148287004658154,0.6428571428571429,17,13,-0.11372340107575442,0.5384615384615384,4,-0.7616127580404282,0.5177999480568382,0.09902986089400649,1.0
213,delta,2,24,45,19,0.6117235369152493,1.101930644428521,2.4172356338974352,0.5545518868886526,0.4558639749372802,0.7368421052631579,0.6,0.016992149149116727,2.1487697186700085,0.0633936606339366,0.031596840315968405,24,14,1.627477234318143,0.7142857142857143,17,13,-0.026972706501300518,0.46153846153846156,4,0.6159842610359192,0.0,0.09897046824296216,1.0
214,delta,20,28,45,19,-10.953436523013645,-7.609199950569556,45.162656336271375,10.361023946929674,-0.16848433125618426,0.631578947368421,0.6666666666666666,-26.502462653109898,12.717907752070483,0.47995200479952005,0.23837616238376164,24,14,-12.861374809628442,0.6428571428571429,17,13,-4.7469060482122964,0.5384615384615384,4,-10.051939010620117,0.6238377331452548,0.09867075272439121,1.0
215,delta,22,12,45,19,6.003598986731635,5.587976873966685,30.22402845508631,6.933867668548366,0.18488524394656933,0.5263157894736842,0.5777777777777777,-7.606441973385059,18.506268232956245,0.42945705429457054,0.21777822217778223,24,14,10.212534421966192,0.7142857142857143,17,13,3.3052277442736506,0.5384615384615384,4,-33.285287857055664,0.5914891594616424,0.09786700526531308,1.0
216,delta,10,15,45,19,-3.956426429748535,-3.8758018466464264,8.672296417596806,1.9895612469860149,-0.44691759368165784,0.5263157894736842,0.7111111111111111,-7.874392839298959,-0.27061659220540824,0.06419358064193581,0.0337966203379662,24,14,-5.9201637123312265,0.7142857142857143,17,13,-0.1840804417928059,0.6923076923076923,4,-2.3114524483680725,0.04749480212774118,0.09741641493334617,1.0
217,delta,6,22,45,19,-0.7785207437144386,-1.1127994978114177,4.81247525023646,1.1040575412669127,-0.23123225366338052,0.6842105263157895,0.5333333333333333,-3.2930014600094992,0.9235631274549586,0.32896710328967105,0.16448355164483552,24,14,-3.726037581761678,0.7142857142857143,17,13,-0.3654134808442531,0.6153846153846154,4,3.5432319417595863,0.3283731539805012,0.09663655725805709,1.0
218,delta,11,1,45,19,-1.9310136795043946,-0.7218827835300511,5.91521286055912,1.3570428994057555,-0.12203834427385542,0.5789473684210527,0.5777777777777777,-3.101052773364803,2.0659344208345067,0.609039096090391,0.3094690530946905,24,14,-0.9160506555012294,0.5,17,13,-2.5017065910192637,0.7692307692307693,4,1.8415402173995972,1.0,0.09634606126883323,1.0
219,delta,18,5,45,19,-1.8618339803483752,-4.4034151382613596,13.165938678894399,3.020473484113373,-0.33445508487140646,0.5263157894736842,0.4888888888888889,-10.293944325467995,1.1919851131083659,0.16568343165683433,0.0790920907909209,24,14,-1.286493006206694,0.42857142857142855,17,13,-0.7414685579446646,0.38461538461538464,4,-15.736582934856415,0.16838488642645338,0.09604468585593595,1.0
220,delta,1,8,45,19,0.2139965938197242,0.28917976612584634,1.0027308205968908,0.23004222708186628,0.2883922187149964,0.47368421052631576,0.4888888888888889,-0.12832474794173443,0.740042777267987,0.22897710228977103,0.10948905109489052,24,14,0.07640357918682554,0.5714285714285714,17,13,0.34047943506485373,0.46153846153846156,4,0.5327944457530975,0.2642079015776503,0.09523292349219015,1.0
221,delta,14,30,45,19,-5.507922326193915,-4.166815891600492,8.980884481899883,2.0603562042218013,-0.4639649802865533,0.631578947368421,0.6222222222222222,-8.231824424601438,-0.34441157485309604,0.059994000599940006,0.028697130286971302,24,14,-11.262124615056175,0.8571428571428571,17,13,5.129031352507763,0.5384615384615384,4,5.826916217803955,0.0,0.0946244367689681,1.0
222,delta,3,18,45,19,-1.8628151098887125,-2.187845213371411,4.716100374162514,1.081947628345724,-0.46390980678818333,0.631578947368421,0.6444444444444445,-4.362640940829327,-0.2102120558420826,0.050594940505949405,0.0268973102689731,24,14,-2.947269283589862,0.7857142857142857,17,13,0.6865549668287619,0.5384615384615384,4,-4.605618894100189,0.0,0.09461318427916897,1.0
223,delta,12,9,45,19,2.2462569024827745,3.1320369499817233,6.762711011515409,1.5514723096613365,0.4631333417395115,0.631578947368421,0.5777777777777777,0.26459640039686577,6.097327570342703,0.060193980601939805,0.0316968303169683,24,14,-0.49307596541586385,0.42857142857142855,17,13,4.559077615921314,0.6153846153846154,4,6.52747106552124,0.0,0.09445482627582141,1.0
224,delta,19,3,45,19,-5.699591859181722,-6.6762983506185964,15.093815233389035,3.4627586986746097,-0.4423201322784152,0.6842105263157895,0.5777777777777777,-13.255156521211592,0.0209234032714573,0.07329267073292671,0.037396260373962605,24,14,-14.06137922831944,0.7857142857142857,17,13,3.5610124759185005,0.46153846153846156,4,-15.329121828079224,0.0,0.09312002784808741,1.0
225,delta,19,22,45,19,3.835749101638794,4.895605227403474,19.348149562793736,4.438769930985713,0.25302705106320167,0.5789473684210527,0.5333333333333333,-3.490307291767053,13.556220124897203,0.2940705929407059,0.1484851514848515,24,14,1.3931037953921728,0.5,17,13,10.090415013142122,0.6923076923076923,4,9.039647102355957,0.2845621186108272,0.09257226162086557,1.0
226,delta,19,19,45,19,2.477210526996189,8.037923875607943,27.858525667765008,6.3911841106221905,0.2885265348018253,0.631578947368421,0.5555555555555556,-3.632835862511083,20.809799169866658,0.2390760923907609,0.11898810118988101,24,14,11.95204169977279,0.7857142857142857,17,13,1.5188247362772622,0.6153846153846154,4,8.220478177070618,0.18895734268973616,0.09220137407130412,1.0
227,delta,9,11,45,19,-2.4892726010746427,-2.624729580000827,10.627632159045227,2.4381460310737433,-0.2469721891688646,0.631578947368421,0.6222222222222222,-7.532130119021524,1.766389788530372,0.3113688631136886,0.1536846315368463,24,14,-0.7253233357554391,0.5714285714285714,17,13,-1.479937501442738,0.7692307692307693,4,-10.19286561012268,0.27634211969189243,0.0921268287000185,1.0
228,delta,2,5,45,19,0.22969117826885646,0.294758760615399,0.8412810465569301,0.19300310868725234,0.35036895437231563,0.5789473684210527,0.5333333333333333,-0.06681040967896318,0.6657366397545526,0.1503849615038496,0.07789221077892211,24,14,0.032061351906685596,0.5,17,13,0.3031233847141266,0.6153846153846154,4,0.6901200041174889,0.10877149788439781,0.09171699124541775,1.0
229,delta,9,1,45,19,-1.5862800262040562,-0.5414278017062889,4.8328209436881835,1.1087251634612454,-0.11203142181657086,0.631578947368421,0.6444444444444445,-2.577143495520087,1.7186120658688082,0.631036896310369,0.3177682231776822,24,14,-0.6859528272457066,0.5714285714285714,17,13,-2.031824752306327,0.6153846153846154,4,2.250644713640213,1.0,0.09139405463983412,1.0
230,delta,21,2,45,19,-13.07473766538832,-22.479003784949317,51.91470773270665,11.910050773174623,-0.43299875443173064,0.6842105263157895,0.5555555555555556,-48.7014132746479,-3.5843253686762693,0.030796920307969204,0.0168983101689831,24,14,-27.262883788063412,0.7857142857142857,17,13,9.10020759778145,0.6153846153846154,4,-65.21958017349243,0.0,0.09115763251194328,1.0
231,delta,7,5,45,19,1.602787242995368,1.1007487925521113,4.4586474697065706,1.022883881332856,0.2468795301783644,0.6842105263157895,0.6222222222222222,-0.8921902153967766,3.0171799908604537,0.2930706929307069,0.14908509149085092,24,14,1.9533038863113947,0.7142857142857143,17,13,0.2735569660480206,0.5384615384615384,4,1.6503605246543884,0.24851897898863237,0.09072468978899483,1.0
232,delta,0,15,45,19,0.33460633887184993,0.4526287297669209,1.3899171323134523,0.31886885892895733,0.3256515940727643,0.631578947368421,0.5111111111111111,-0.031196920109683994,1.1485977161839078,0.1351864813518648,0.0685931406859314,24,14,0.5952879907119841,0.7857142857142857,17,13,0.05427345060385191,0.46153846153846156,4,0.5440125986933708,0.11990721541648443,0.09030698137820861,1.0
233,delta,11,6,45,19,0.07096797517604297,0.6815037446978846,5.618938660905753,1.2890729364653648,0.12128691659147398,0.47368421052631576,0.5777777777777777,-1.6810382369219472,3.144168134546724,0.6131386861313869,0.3093690630936906,24,14,0.9343321362865112,0.5714285714285714,17,13,1.9244618171300645,0.6153846153846154,4,-3.2948800325393677,1.0,0.08936930696213871,1.0
234,delta,22,28,45,19,14.918071132236056,24.753412037564992,58.56365592889197,13.435424103069826,0.4226753204687324,0.6842105263157895,0.6,-1.3957602655678476,50.65870068805258,0.08869113088691132,0.0458954104589541,24,14,45.649327028365356,0.7857142857142857,17,13,-5.820834575555263,0.5384615384615384,4,20.43604850769043,0.0,0.08898427799341735,1.0
235,delta,21,6,45,19,25.436686833699543,22.667278222870408,50.61992841398913,11.613008025570617,0.44779356536201986,0.5789473684210527,0.6666666666666666,1.252875741322836,45.25472639987342,0.0674932506749325,0.0341965803419658,24,14,55.84981189455305,1.0,17,13,-10.917051315307617,0.6923076923076923,4,5.809630393981934,0.0,0.08838030895303024,1.0
236,delta,11,14,45,19,-0.9916991644435459,-0.8302159989089295,6.463261012240668,1.4827737683201827,-0.12845156606496264,0.3684210526315789,0.5555555555555556,-3.62590609464729,1.9437014951779128,0.5826417358264173,0.2986701329867013,24,14,-1.0235090355078378,0.5,17,13,-4.147212532850412,0.6153846153846154,4,3.3705086708068848,1.0,0.08788791362339549,1.0
237,delta,22,1,45,19,9.437321005927192,25.3240287429408,60.69456964953446,13.924289238105871,0.4172371414636934,0.6842105263157895,0.5111111111111111,-0.021340172960046346,52.9149224864809,0.08739126087391261,0.0428957104289571,24,14,46.2731150445484,0.7142857142857143,17,13,-31.485597121409878,0.6923076923076923,4,59.20851421356201,0.0,0.08783939820288282,1.0
238,delta,16,5,45,19,-1.4845402399698893,-2.186915600508974,8.61572912041119,1.9765838189891027,-0.25382826803689046,0.5789473684210527,0.5777777777777777,-5.955833290491188,1.5781974498117164,0.2726727327267273,0.13638636136386362,24,14,-0.9119518087023779,0.5,17,13,-0.5390069973774445,0.6153846153846154,4,-12.239313244819641,0.24646904400517247,0.08714026968365401,1.0
239,delta,20,32,45,19,9.67927992078993,10.677727757838735,25.841065048968122,5.928346902205945,0.41320772722040394,0.6842105263157895,0.5777777777777777,-0.765361265759719,21.87969120029817,0.08999100089991001,0.043695630436956304,24,14,16.44036759649004,0.7857142857142857,17,13,-0.8487830284314278,0.46153846153846156,4,10.302729606628418,0.0,0.08699110046745345,1.0
240,delta,13,9,45,19,1.9767607476976183,2.760084619647578,6.7100778362461,1.5393974311309901,0.4113342180232719,0.6842105263157895,0.5777777777777777,-0.20972848265317443,5.678754166239183,0.09209079092090791,0.0453954604539546,24,14,-0.37080526919592,0.42857142857142855,17,13,3.7388422030668993,0.6153846153846154,4,6.127119183540344,0.0,0.08659667747858356,1.0
241,delta,9,7,45,19,-1.276561262872484,-1.454576208403236,8.014773675939107,1.8387151846720302,-0.18148687252017762,0.6842105263157895,0.5777777777777777,-4.988081444538476,1.9682765404775473,0.4403559644035596,0.22647735226477353,24,14,-0.6130757048016502,0.6428571428571429,17,13,-1.408224553633959,0.5384615384615384,4,-3.4152392148971558,0.4214806355692118,0.08651925887410453,1.0
242,delta,22,32,45,19,16.1437878396776,28.69887318109211,76.82503803299811,17.62487247997408,0.37356145751291775,0.631578947368421,0.5333333333333333,-1.0376660382538514,65.24271843621604,0.12618738126187382,0.06239376062393761,24,14,1.2391983668009436,0.5714285714285714,17,13,26.65690909899198,0.6923076923076923,4,81.94528913497925,0.043179338748999166,0.08605597301072251,1.0
243,delta,8,19,45,19,-1.7410715368058947,-0.7024324776833516,6.462106232422961,1.4825088436608445,-0.10870023679879603,0.5789473684210527,0.6,-3.400276926734991,2.2634197036425268,0.6419358064193581,0.31866813318668136,24,14,-2.4787854523885815,0.6428571428571429,17,13,-3.932555455427903,0.7692307692307693,4,6.2780046463012695,1.0,0.08581597642010214,1.0
244,delta,6,8,45,19,2.1455215401119654,0.9663944380325185,7.576139867412319,1.7380856875884176,0.12755762894364261,0.6842105263157895,0.6444444444444445,-2.5478660067968204,3.996834356795277,0.6042395760423958,0.3040695930406959,24,14,2.08144565139498,0.6428571428571429,17,13,0.7043433219958575,0.7692307692307693,4,3.1192110776901245,0.728836274585592,0.08557126529819155,1.0
245,delta,19,23,45,19,5.243625259399414,6.23486590385437,14.968352329897545,3.433975534596578,0.41653655435414555,0.631578947368421,0.5555555555555556,-0.3197998137850509,12.977697837771032,0.0837916208379162,0.0410958904109589,24,14,14.994423928714934,0.7857142857142857,17,13,-12.04492753591293,0.6923076923076923,4,4.9275641441345215,0.0,0.08495153411170074,1.0
246,delta,2,2,45,19,-0.15617503888077205,-0.08599911636689256,0.8063623039217614,0.18499219971976785,-0.10665071512970521,0.5789473684210527,0.6666666666666666,-0.4309670646936355,0.2787403345581862,0.6507349265073493,0.32556744325567444,24,14,-0.08985956385731697,0.5714285714285714,17,13,-0.1941119126784496,0.7692307692307693,4,-0.4652661457657814,1.0,0.0841979329971357,1.0
247,delta,14,5,45,19,3.712258654170566,1.696623010593548,9.733030278254951,2.2329102840702575,0.17431601074786116,0.7368421052631579,0.5777777777777777,-2.488717354154378,5.860843339431701,0.46435356464353567,0.22947705229477053,24,14,2.759752381415594,0.5,17,13,0.6840140788983076,0.6153846153846154,4,4.745137929916382,0.403162090003136,0.08361783861103278,1.0
248,delta,16,21,45,19,3.2778438144259985,4.964406189165618,12.115548827247602,2.779497525447632,0.40975495703510995,0.631578947368421,0.5777777777777777,0.05152013260021593,10.727277874632883,0.09509049095090491,0.0466953304669533,24,14,7.114394918793723,0.7142857142857143,17,13,-0.208838945780045,0.46153846153846156,4,8.775602102279663,0.0,0.08356844518479216,1.0
249,delta,20,10,45,19,-4.862646516164144,-2.2380389288852087,19.910782184590698,4.567846706814781,-0.11240336558034703,0.5789473684210527,0.5333333333333333,-10.234870047632016,6.952123653888699,0.6433356664333567,0.31516848315168483,24,14,-2.0357697123572938,0.5,17,13,-15.303325335184732,0.7692307692307693,4,21.70366859436035,0.9096221187588245,0.08272443320621072,1.0
250,delta,6,5,45,19,0.8217067188686795,0.5624342958132427,2.521392012458222,0.5784469989134756,0.22306499466733035,0.47368421052631576,0.5111111111111111,-0.5339089225781591,1.6836125679444842,0.34266573342665735,0.17418258174182583,24,14,0.7296901983874184,0.5714285714285714,17,13,0.1892620019423656,0.5384615384615384,4,0.8493672013282776,0.3365050875297448,0.08257283103509751,1.0
251,delta,17,23,45,19,-3.3814240243699816,-3.5100253945902775,8.391323211605924,1.925101572735652,-0.41829224141141524,0.5789473684210527,0.6666666666666666,-7.2148810782976325,0.10190182866757186,0.08819118088191182,0.046295370462953706,24,14,-7.356686802137466,0.6428571428571429,17,13,1.7987936521187808,0.46153846153846156,4,-4.641816139221191,0.0,0.08255767922593722,1.0
252,delta,15,20,45,19,3.9361813333299427,2.4118307201485876,11.848759882607625,2.7182919439244992,0.20355132047943925,0.7368421052631579,0.6222222222222222,-2.7304650807066975,7.676855888962744,0.3925607439256074,0.19588041195880412,24,14,2.4462760346276418,0.5,17,13,0.6962182093889285,0.6153846153846154,4,6.293597459793091,0.28866794156516756,0.08246255857699324,1.0
253,delta,21,13,45,19,14.89867778354221,17.439622586233575,43.21047474648965,9.913162774861298,0.4035971066865064,0.631578947368421,0.6666666666666666,-0.6840884183582505,37.156206116132566,0.09469053094690531,0.0496950304969503,24,14,48.02049334843954,0.8571428571428571,17,13,-21.566671249194023,0.6923076923076923,4,-10.200830936431885,0.0,0.0823125678110638,1.0
254,delta,1,28,45,19,-0.6775977412859598,-0.6418936819883816,2.488243487935383,0.5708422058333421,-0.2579706066149467,0.5789473684210527,0.5777777777777777,-1.7516510888345929,0.41432066215365554,0.28157184281571845,0.14338566143385661,24,14,-0.13036234960669565,0.5,17,13,-1.5336243980205977,0.8461538461538461,4,-0.8409727215766907,0.20309025196022296,0.0819364249543875,1.0
255,delta,19,8,45,19,0.880946593814426,-3.8500691798695343,20.797414634168618,4.7712541409081535,-0.1851224898668008,0.631578947368421,0.5333333333333333,-13.150773339940791,4.806184991200762,0.43255674432556745,0.21707829217078292,24,14,-1.4402829919542586,0.5714285714285714,17,13,-2.447089916620499,0.5384615384615384,4,-8.364316940307617,0.3740927564327727,0.0801271352597631,1.0
256,delta,10,14,45,19,-0.7197285758124458,-0.7182361326719582,6.3794162969944335,1.4635384714407995,-0.11258649682579022,0.42105263157894735,0.5111111111111111,-3.5634258335096787,1.95322316508544,0.6196380361963804,0.31126887311268875,24,14,-0.8214407137462071,0.5,17,13,-3.9411087402930627,0.5384615384615384,4,3.0241000652313232,1.0,0.079995668797272,1.0
257,delta,15,23,45,19,-3.365576826201545,-2.9949399379261754,7.642987875848018,1.7534216725014788,-0.39185459751810425,0.631578947368421,0.6666666666666666,-6.414507601710788,0.33826263672427104,0.1050894910508949,0.052594740525947405,24,14,-6.843721687793732,0.7142857142857143,17,13,1.1598642055804913,0.46153846153846156,4,-1.9833240509033203,0.0,0.0799177139675081,1.0
258,delta,16,29,45,19,-4.033614709642198,-3.7531023360135265,9.680205444617718,2.2207914360947814,-0.3877089548858992,0.631578947368421,0.6888888888888889,-8.123089087845987,0.39033822406801766,0.11188881111888811,0.05649435056494351,24,14,-15.423024467059545,0.9285714285714286,17,13,11.156961832291042,0.7692307692307693,4,6.3720221519470215,0.0,0.07907222106225575,1.0
259,delta,6,28,45,19,-1.9906923903359308,-2.1625830729802455,7.140986903083096,1.6382547509308785,-0.3028409241370486,0.5789473684210527,0.6444444444444445,-5.149200081877542,0.9894055871064198,0.20187981201879812,0.09959004099590041,24,14,-1.4038322000276475,0.5714285714285714,17,13,-0.23036049268184572,0.46153846153846156,4,-8.656922817230225,0.1065209912904696,0.07887190864425979,1.0
260,delta,14,21,45,19,-2.5050014734268187,-3.3745529923522675,8.452421188654231,1.9391184099781962,-0.39924098871007085,0.5789473684210527,0.5777777777777777,-7.207408385841469,0.26341153262999956,0.10018998100189981,0.052094790520947905,24,14,-5.200438813084648,0.6428571428571429,17,13,0.8472868356949242,0.5384615384615384,4,-5.995025634765625,0.0,0.0787975635611982,1.0
261,delta,17,20,45,19,-2.727402400970459,-4.811253961763883,13.432117567668874,3.0815391092224194,-0.3581902806854951,0.7368421052631579,0.5111111111111111,-10.700667045827498,1.0828911600405693,0.13538646135386462,0.06919308069193081,24,14,-7.962440916470119,0.5714285714285714,17,13,5.836917192508013,0.5384615384615384,4,-17.82132637500763,0.0,0.0777649951488246,1.0
262,delta,12,4,45,19,3.0506780677371554,0.907154845563989,9.527965625465084,2.185865226259558,0.09520971015464892,0.631578947368421,0.7333333333333333,-3.629447129499494,4.679150325399742,0.7110288971102889,0.35506449355064496,24,14,0.9593654431047893,0.6428571428571429,17,13,2.0763616684155584,0.7692307692307693,4,2.7531090676784515,1.0,0.07767107933668728,1.0
263,delta,10,27,45,19,4.04227471086714,3.2849114129417822,11.648824254051245,2.6724235649723656,0.28199510451016985,0.5789473684210527,0.6,-1.8981397704074259,8.374822287392195,0.23747625237476253,0.11918808119188082,24,14,0.4300220424220674,0.5,17,13,4.053382237752279,0.5384615384615384,4,7.067702054977417,0.13090826155246718,0.07751478379013838,1.0
264,delta,4,17,45,19,0.8206851806905534,0.389698365801259,3.8534821003284434,0.8840494240039235,0.10112888957445627,0.5263157894736842,0.6222222222222222,-1.3055135181467783,2.0414597894146773,0.6623337666233376,0.32986701329867013,24,14,1.5252796049628938,0.6428571428571429,17,13,0.5947490028845959,0.6153846153846154,4,-0.23202180862426758,1.0,0.07717731046471663,1.0
265,delta,16,20,45,19,-0.32192724545796714,-1.4502094147498148,13.934041935227734,3.196688456353453,-0.10407672242491446,0.47368421052631576,0.5333333333333333,-7.686517900594492,4.626068434432932,0.654934506549345,0.33066693330666935,24,14,-1.8853544621240528,0.5,17,13,-5.194496692755283,0.6153846153846154,4,17.52903985977173,1.0,0.07668811126046328,1.0
266,delta,16,11,45,19,-3.2676464676856996,-2.7754094140571466,8.996078094776454,2.0638418580700253,-0.3085132637597577,0.5263157894736842,0.6,-6.734327325460159,1.2125157081244275,0.18768123187681232,0.0912908709129087,24,14,-0.2767188052336375,0.5,17,13,-1.9211009251765714,0.5384615384615384,4,-5.730831861495972,0.09970377841628945,0.07646710041265017,1.0
267,delta,0,19,45,19,0.1752627025047938,0.31638267250698915,0.8715209925272396,0.19994062808423702,0.3630235820132589,0.6842105263157895,0.6888888888888889,-0.04851040540981972,0.7116633605130276,0.13258674132586742,0.0665933406659334,24,14,0.33110988228803595,0.6428571428571429,17,13,-0.10297364913500272,0.38461538461538464,4,1.0205783024430275,0.0,0.07642601726594923,1.0
268,delta,5,15,45,19,-1.9334586275948418,-2.2558747927347818,6.088792641432188,1.3968648322198416,-0.37049624212595317,0.631578947368421,0.5777777777777777,-5.022457193570179,0.45652670669451006,0.12338766123387661,0.06569343065693431,24,14,-2.6703593610298064,0.6428571428571429,17,13,0.6672949011509235,0.46153846153846156,4,-7.063111066818237,0.0,0.07556173359147729,1.0
269,delta,19,9,45,19,-3.99247956805759,-4.947968871969925,14.23243129807093,3.265143671009294,-0.34765450599017295,0.7368421052631579,0.6222222222222222,-11.288758911898263,1.1446687037484624,0.14808519148085192,0.07189281071892811,24,14,-9.12561821937561,0.7857142857142857,17,13,5.82238576351068,0.6923076923076923,4,-22.33751392364502,0.0,0.0754776230110244,1.0
270,delta,12,14,45,19,0.8233146574762132,0.6480086571291875,6.344429429907928,1.455511933652317,0.10213820868972794,0.47368421052631576,0.5333333333333333,-2.099136030360272,3.4442327410244107,0.6567343265673433,0.3241675832416758,24,14,0.9617859423160553,0.5,17,13,3.917702210255158,0.5384615384615384,4,-3.7528775930404663,1.0,0.07525973271874689,1.0
271,delta,2,30,45,19,-0.900789409213596,-0.32063583977389765,3.364679700699275,0.7719104627753062,-0.09529460997647429,0.5789473684210527,0.6222222222222222,-1.5982690812398992,1.3490583079556617,0.7225277472252775,0.3635636436356364,24,14,-0.6853198451655251,0.5714285714285714,17,13,-0.4474993944168091,0.6153846153846154,4,-0.33144375681877136,1.0,0.07523258682353234,1.0
272,delta,9,15,45,19,-3.66073297129737,-3.287172423120131,8.638662633167387,1.9818451276482953,-0.3805186708529768,0.5789473684210527,0.6444444444444445,-7.206251081144602,0.35968074756756074,0.1161883811618838,0.05849415058494151,24,14,-6.394230856781915,0.6428571428571429,17,13,0.7874224980672201,0.38461538461538464,4,-1.0652362704277039,0.0,0.07510236924729806,1.0
273,delta,14,4,45,19,2.7563397354549832,0.9972947731352684,11.213320712857675,2.572512200466214,0.0889383973466243,0.6842105263157895,0.6222222222222222,-4.28684332621725,5.492852118977329,0.712928707129287,0.34526547345265474,24,14,2.1193849387623014,0.5714285714285714,17,13,1.111928493548662,0.6153846153846154,4,2.5558998584747314,1.0,0.07489549250242046,1.0
274,delta,3,10,45,19,-0.23881981174151104,-0.18239456702742657,1.662632366822323,0.3814340245914923,-0.10970228335926419,0.47368421052631576,0.6222222222222222,-0.9232464715969142,0.5215428557050855,0.6436356364363564,0.32016798320167983,24,14,-0.16318289438883465,0.5,17,13,-1.0195584709827716,0.6153846153846154,4,1.7172787860035896,0.8946697100045581,0.0744476182724246,1.0
275,delta,10,28,45,19,-2.050748176044888,-2.403056044327585,7.027157867281957,1.6121405791467818,-0.3419669928743277,0.7368421052631579,0.5777777777777777,-5.494518842195211,0.7125585152391775,0.15458454154584542,0.0775922407759224,24,14,-6.712392009439923,0.7857142857142857,17,13,3.2526180835870595,0.6153846153846154,4,-1.0771483182907104,0.0,0.07424283397929483,1.0
276,delta,0,30,45,19,0.20387610461976793,0.09933086968304815,1.1040670683700493,0.25329035673243455,0.08996814824817825,0.631578947368421,0.5777777777777777,-0.401387639807766,0.5574829788649814,0.6913308669133087,0.3427657234276572,24,14,0.23345350651513966,0.5714285714285714,17,13,0.4727495282124251,0.6923076923076923,4,-0.29551832377910614,1.0,0.07339506830772437,1.0
277,delta,21,1,45,19,7.096092891693115,24.765958397012007,66.9458680928928,15.358435458132824,0.3699400590735076,0.5789473684210527,0.5111111111111111,-2.357087567500902,56.107260182238434,0.1250874912508749,0.0644935506449355,24,14,30.634252639043897,0.5714285714285714,17,13,-9.720673989026974,0.6923076923076923,4,51.32681322097778,0.0,0.07301448534345545,1.0
278,delta,18,15,45,19,2.333878981404834,3.2440926284905074,11.018852734275692,2.5278981864455035,0.29441292180984513,0.6842105263157895,0.6222222222222222,-1.7154835321891462,7.953018547382138,0.2181781821817818,0.1095890410958904,24,14,2.5775535755923817,0.7142857142857143,17,13,0.17989276617001268,0.5384615384615384,4,10.055490970611572,0.055452413593294246,0.07229276697517355,1.0
279,delta,11,28,45,19,1.3658728705512153,2.574015269153996,7.7970474234758855,1.7887653566802928,0.3301269223275434,0.7368421052631579,0.6,-0.8788407071640616,5.9738707564117615,0.1598840115988401,0.0822917708229177,24,14,5.042608300844828,0.7142857142857143,17,13,-0.8573283293308358,0.5384615384615384,4,3.979171633720398,0.0,0.0716722923474272,1.0
280,delta,15,19,45,19,0.06153836250305176,0.6565997129992438,7.006897815856064,1.607492604580655,0.09370761929957218,0.5263157894736842,0.4444444444444444,-2.2973582030388346,3.81808907917717,0.694930506949305,0.35136486351364865,24,14,1.1381522502217973,0.5,17,13,2.1964042584101358,0.46153846153846156,4,-2.8695605993270874,1.0,0.07151370946546297,1.0
281,delta,20,11,45,19,-10.105937470330133,-8.1350225398415,24.05822127715002,5.5193344899177355,-0.33813898567671624,0.6842105263157895,0.6222222222222222,-18.616822448425125,2.555315125406822,0.15728427157284272,0.0771922807719228,24,14,-15.059612291199821,0.7857142857142857,17,13,1.000272818100758,0.46153846153846156,4,-32.87482261657715,0.0,0.07118715487930868,1.0
282,delta,17,6,45,19,4.033206854926215,3.2295883496602373,10.579203652552387,2.4270357697164333,0.30527707526275405,0.631578947368421,0.6,-1.2439584002160187,7.9602321532734654,0.19668033196680332,0.0917908209179082,24,14,6.708455369586035,0.7142857142857143,17,13,0.14206089117588144,0.5384615384615384,4,7.07438063621521,0.04398730605738861,0.07047646535750583,1.0
283,delta,3,8,45,19,0.526057494017813,0.4981628647237494,1.5149567905367047,0.347554923883169,0.32882975134047543,0.5789473684210527,0.5555555555555556,-0.17859991141513237,1.1691811204806224,0.17028297170282972,0.08599140085991401,24,14,0.4970071046125321,0.6428571428571429,17,13,0.013583795764507403,0.5384615384615384,4,1.5091543793678284,0.02726778073279337,0.07020969552915564,1.0
284,delta,6,15,45,19,-1.8669319995575482,-2.2834857750618665,6.431595165835164,1.4755091249284313,-0.3550419011432521,0.5789473684210527,0.6,-5.279442076551679,0.3811561074728758,0.147985201479852,0.0720927907209279,24,14,-2.810178080396283,0.6428571428571429,17,13,0.028428169397207406,0.5384615384615384,4,-6.070824384689331,0.0,0.07007405943616818,1.0
285,delta,14,9,45,19,1.673953111966451,2.4057781602206987,6.7896948703373745,1.5576628314356373,0.3543278757239878,0.5789473684210527,0.5777777777777777,-0.610595216798155,5.2709622834073855,0.1391860813918608,0.06939306069393061,24,14,-1.3582516951220376,0.5,17,13,4.559441419748159,0.6153846153846154,4,4.997399568557739,0.0,0.06993313336657654,1.0
286,delta,13,21,45,19,-1.722103065914578,-2.678783705360011,7.578135224015313,1.7385434537878268,-0.35348850689162603,0.5789473684210527,0.5777777777777777,-6.036153232946731,0.5504874164598014,0.13888611138886112,0.0690930906909309,24,14,-4.864793715022858,0.6428571428571429,17,13,1.7506727805504432,0.46153846153846156,4,-4.0894176959991455,0.0,0.06976746846545251,1.0
287,delta,8,15,45,19,-1.9287921693589953,-2.5198551165430167,6.925557370852714,1.5888318266968535,-0.3638487101627689,0.5263157894736842,0.5555555555555556,-5.857259447846497,0.1344220868850992,0.11708829117088292,0.05629437056294371,24,14,-2.5076123078664145,0.7142857142857143,17,13,0.41689022993430114,0.6153846153846154,4,-5.363261342048645,0.0,0.06941850391263353,1.0
288,delta,13,23,45,19,1.1531267987357245,1.4557298296376278,6.886820055667017,1.5799448771053515,0.211379100640177,0.631578947368421,0.5555555555555556,-1.561268705025054,4.464849793283561,0.37006299370062995,0.1822817718228177,24,14,2.739998990581149,0.5714285714285714,17,13,0.2882639139126508,0.5384615384615384,4,-4.115874290466309,0.19802020130645248,0.06872028948351806,1.0
289,delta,19,4,45,19,-1.3686700450049507,-7.576388421811555,21.766027763054986,4.993469232708281,-0.3480831920407404,0.5789473684210527,0.4888888888888889,-17.534641423978307,1.4774770750288382,0.15098490150984903,0.0786921307869213,24,14,-4.868636889117105,0.5,17,13,1.0751817654340692,0.6153846153846154,4,-22.949410438537598,0.0,0.06870063000804087,1.0
290,delta,19,2,45,19,-3.4043167538113064,-14.295879978882638,47.055005408937035,10.795158598174542,-0.30381209936419346,0.47368421052631576,0.4666666666666667,-35.94590010161985,4.558117302572514,0.20557944205579443,0.10228977102289771,24,14,-1.0707602387382873,0.42857142857142855,17,13,-7.494140484394172,0.6153846153846154,4,-44.24871838092804,0.07489991804072053,0.06854079536143837,1.0
291,delta,18,2,45,19,-2.296956613328722,-9.892295944063287,32.790797003165565,7.522724758681845,-0.30167903339184776,0.5263157894736842,0.4888888888888889,-25.107562278760106,3.804874702712946,0.21637836216378362,0.10488951104889511,24,14,-0.6282329701241994,0.35714285714285715,17,13,-7.495470725573027,0.6923076923076923,4,-25.85864281654358,0.0635072963522916,0.06852308742732185,1.0
292,delta,18,3,45,19,-1.0622269418504504,-4.55590744395005,13.136482272104136,3.0137157209323946,-0.3468133515183672,0.5789473684210527,0.4666666666666667,-10.58687608571429,0.7700162951360665,0.1508849115088491,0.07749225077492251,24,14,-5.806446580659775,0.6428571428571429,17,13,1.5684542044615133,0.7692307692307693,4,-8.491495728492737,0.0,0.06845000358915142,1.0
293,delta,14,8,45,19,-0.7476225852966308,-2.3455984853861627,11.217714397349434,2.573520180818287,-0.20909771833203294,0.631578947368421,0.5111111111111111,-7.363862708393943,2.5163196332621975,0.37446255374462556,0.1837816218378162,24,14,-2.6534919625236877,0.6428571428571429,17,13,-0.46356804554279035,0.6153846153846154,4,-5.372573137283325,0.1976331620398671,0.06792908612155375,1.0
294,delta,3,21,45,19,1.2819686187638177,0.9140355767388093,2.9220427585913047,0.6703625838633849,0.3128070504962286,0.7368421052631579,0.6888888888888889,-0.44932479022495575,2.103849797029244,0.1907809219078092,0.0912908709129087,24,14,2.019397673862321,0.8571428571428571,17,13,-0.1453691782095493,0.5384615384615384,4,1.2560822367668152,0.0,0.06791205701562858,1.0
295,delta,6,32,45,19,-2.1775111847453648,-2.2851341147171818,7.084673983959642,1.6253356812637776,-0.32254612137283056,0.6842105263157895,0.5777777777777777,-5.444215135668454,0.7454532750081593,0.17298270172982702,0.08799120087991201,24,14,-3.5031355222066245,0.7857142857142857,17,13,2.0564235189022164,0.6923076923076923,4,-7.329475462436676,0.0,0.06790444660480643,1.0
296,delta,4,5,45,19,-0.6455341657002767,-1.2267683284324513,3.56969945798806,0.8189452208516772,-0.3436615162901915,0.5789473684210527,0.5777777777777777,-2.8122109137083355,0.3152685528784464,0.15748425157484253,0.0810918908109189,24,14,0.08958475078855235,0.5,17,13,-1.27599695401314,0.6923076923076923,4,-3.4107539653778076,0.0,0.06782793084674832,1.0
297,delta,20,1,45,19,6.23322729534573,21.52112962279404,61.05887194993051,14.007865917701967,0.35246523454350404,0.5263157894736842,0.4444444444444444,-3.4643083999031465,50.559609648689886,0.14778522147785222,0.0744925507449255,24,14,27.1280095406941,0.5,17,13,-0.5258621313633071,0.6923076923076923,4,22.19186782836914,0.0,0.06724665659053695,1.0
298,delta,15,28,45,19,-4.360144715838962,-3.19406589290552,9.388690447391575,2.153913309071871,-0.3402035577595292,0.5789473684210527,0.6222222222222222,-7.29097549052615,0.8733117350360798,0.1586841315868413,0.07729227077292271,24,14,-6.258894965762184,0.7142857142857143,17,13,1.811611701280643,0.46153846153846156,4,1.1875028014183044,0.0,0.06714543903148602,1.0
299,delta,10,12,45,19,1.4282839907540215,1.7011994238485373,6.747957537428914,1.548087630576643,0.2521058282320969,0.5263157894736842,0.5333333333333333,-1.2843592996137183,4.626350936999444,0.28257174282571745,0.14008599140085992,24,14,0.6719081146376473,0.42857142857142855,17,13,0.2202902757204496,0.5384615384615384,4,4.485450863838196,0.12949115349574836,0.0667843769756464,1.0
300,delta,14,23,45,19,2.564654759565989,2.582119233775557,7.915428790709405,1.8159239049207712,0.3262134373321979,0.631578947368421,0.6222222222222222,-0.9253589439810368,6.0295447476077495,0.1703829617038296,0.08789121087891211,24,14,5.718726616530191,0.7142857142857143,17,13,-1.6159000029930701,0.5384615384615384,4,-0.2584006190299988,0.0,0.06653037208748773,1.0
301,delta,22,22,45,19,-23.84959225124783,-21.491251652700864,87.9430406167227,20.175517201894056,-0.24437694560010723,0.7894736842105263,0.6666666666666666,-55.107672831259286,20.982778063782447,0.3084691530846915,0.1586841315868413,24,14,-54.03066005025591,0.8571428571428571,17,13,-1.5012863110273298,0.6923076923076923,4,-20.312337398529053,0.06985569455367943,0.06611888499815444,1.0
302,delta,22,4,45,19,24.655990155537925,22.847324655767068,70.80807192605936,16.244485784876428,0.32266553846608287,0.631578947368421,0.5777777777777777,-8.532790774629827,52.72766983634546,0.17318268173182683,0.08749125087491251,24,14,65.95852084386917,0.7857142857142857,17,13,-6.406877493247008,0.6153846153846154,4,-8.803194046020508,0.0,0.06580678745031954,1.0
303,delta,16,14,45,19,-2.606372857093811,-2.6283147512820726,10.182723871617252,2.3360770698083595,-0.2581150961589058,0.47368421052631576,0.5777777777777777,-7.4088639721274365,1.5270480458673679,0.29317068293170684,0.14658534146585342,24,14,-4.076654730808167,0.6428571428571429,17,13,-0.3319469873721783,0.5384615384615384,4,2.348972797393799,0.12629651270277162,0.065562774738141,1.0
304,delta,15,26,45,19,-1.596716414557563,-1.9914451983937045,11.600180474881634,2.6612639166759315,-0.17167363927706691,0.5263157894736842,0.5111111111111111,-7.284100347129922,2.9617143765876164,0.46765323467653236,0.23777622237776222,24,14,-5.1555149384907315,0.6428571428571429,17,13,-0.6534831829560109,0.6153846153846154,4,9.586421012878418,0.3281452000201206,0.06499725763043841,1.0
305,delta,2,21,45,19,0.6071356084611681,0.3328281298541185,2.250798264756319,0.5163685357036579,0.1478711509003904,0.5789473684210527,0.6,-0.7401976642574657,1.256108461745213,0.5486451354864513,0.26517348265173485,24,14,0.13582929897876017,0.7142857142857143,17,13,0.41954216284629625,0.5384615384615384,4,1.5029956698417664,0.40810642729716184,0.0649169708256363,1.0
306,delta,19,1,45,19,2.822119861178928,14.340743175724098,43.854180020725735,10.06083889274652,0.3270097210561589,0.5789473684210527,0.4888888888888889,-3.3355623800503578,34.9263792693092,0.17368263173682633,0.08759124087591241,24,14,15.728486776351929,0.5714285714285714,17,13,-2.8845985913887997,0.6153846153846154,4,28.77364671230316,0.0,0.06454139231371557,1.0
307,delta,20,9,45,19,-4.676638619105021,-5.768714325469837,18.2986452375587,4.197997126011589,-0.3152536294670231,0.631578947368421,0.6444444444444445,-13.91970462056629,2.356443898092234,0.1832816718328167,0.09109089091090891,24,14,1.3805749955631437,0.6428571428571429,17,13,-15.100435562622852,0.7692307692307693,4,-9.205508470535278,0.0,0.06429514811498498,1.0
308,delta,19,20,45,19,-2.9193993409474692,-5.225221780308506,16.052922156311485,3.6827929172572,-0.3254997270546235,0.5789473684210527,0.5111111111111111,-12.76561487238658,1.250066069814196,0.1750824917508249,0.0893910608939106,24,14,-4.592426669029963,0.5714285714285714,17,13,0.09807581779284345,0.6153846153846154,4,-19.2015820145607,0.0,0.06424336718183359,1.0
309,delta,9,18,45,19,3.0082693947686088,2.4140140968456603,8.208928432018606,1.8832573405224682,0.2940717679337893,0.7368421052631579,0.6222222222222222,-1.2710614827118418,5.895466073667793,0.21357864213578642,0.1044895510448955,24,14,-0.02247838179270418,0.5,17,13,3.37212235499651,0.6153846153846154,4,8.710245370864868,0.0,0.06384452856457268,1.0
310,delta,7,16,45,19,-1.6972591929965548,-2.1878736662237266,6.543481930137466,1.5011777090712466,-0.33435924322599353,0.5263157894736842,0.5333333333333333,-5.192958715976331,0.4812309043841403,0.1708829117088291,0.0882911708829117,24,14,-3.7150307978902544,0.7857142857142857,17,13,3.8515853805419726,0.6153846153846154,4,-3.920170873403549,0.0,0.06379222403653824,1.0
311,delta,0,6,45,19,0.14594369166427187,0.2318836483254767,0.807708136315475,0.18530095484603842,0.2870884146137999,0.5263157894736842,0.5111111111111111,-0.12190033054926938,0.5834797675410905,0.22997700229977003,0.11378862113788621,24,14,0.012204903931844797,0.42857142857142855,17,13,0.259407075933921,0.46153846153846156,4,0.6648031771183014,0.05263374118865743,0.06342224190812558,1.0
312,delta,6,24,45,19,-1.7797313796149359,-1.170009104306238,6.473885336420791,1.4852111554488443,-0.180727498790255,0.5789473684210527,0.6,-4.01757619600547,1.6053074743141202,0.44085591440855915,0.22367763223677634,24,14,-0.2961158496992929,0.5714285714285714,17,13,-3.5529321309847712,0.7692307692307693,4,0.68492591381073,0.2530885004308373,0.06275282639932496,1.0
313,delta,8,21,45,19,2.642755304442512,1.9681551581934882,6.236350190097731,1.4307168555350882,0.3155940731677617,0.5789473684210527,0.6222222222222222,-0.6197311467246005,4.788046005054522,0.1782821717828217,0.09119088091190881,24,14,1.7715623804501124,0.6428571428571429,17,13,-1.0999886011466002,0.46153846153846156,4,6.392808109521866,0.0,0.06228830391468981,1.0
314,delta,1,1,45,19,-0.07068338327937657,-0.035976929492072054,0.42860076690884347,0.0983277594778779,-0.08394042257914058,0.47368421052631576,0.6,-0.22037545770668152,0.15114416946706014,0.7151284871512849,0.35776422357764226,24,14,-0.041693286171981266,0.6428571428571429,17,13,-0.08054196910980421,0.5384615384615384,4,0.05140811949968338,1.0,0.06185083768989306,1.0
315,delta,15,15,45,19,5.503257518344455,3.8866790093873678,14.006266922434943,3.2132580047973867,0.27749571180610355,0.631578947368421,0.5777777777777777,-2.2268285998126918,9.946168400634795,0.23867613238676133,0.11848815118488151,24,14,5.976280950364613,0.6428571428571429,17,13,0.11017595804654635,0.46153846153846156,4,4.944169044494629,0.02834706899655001,0.06140738647532201,1.0
316,delta,7,6,45,19,-2.332939824793074,-1.1620943107103046,8.202029369178339,1.8816745869579492,-0.1416837539106155,0.631578947368421,0.6222222222222222,-4.526705968602185,2.5608809559753043,0.5321467853214679,0.27447255274472554,24,14,-2.5916018840812503,0.6428571428571429,17,13,-0.42688654095698636,0.6153846153846154,4,-2.682183265686035,0.36734242395185757,0.0607402404978198,1.0
317,delta,9,28,45,19,-3.0152360598246255,-2.450696054257844,9.905727372585769,2.2725297147034755,-0.24740192840761777,0.631578947368421,0.6,-6.658078701663435,1.8416464488757276,0.2910708929107089,0.1441855814418558,24,14,-2.338776795637039,0.6428571428571429,17,13,-0.15380530479626778,0.46153846153846156,4,-4.24031662940979,0.0627598451178987,0.05995698752992227,1.0
318,delta,20,23,45,19,-3.5035316917631363,-6.6716936565282055,21.30352604647371,4.887364061982393,-0.31317321094986267,0.5263157894736842,0.5333333333333333,-16.24777528170431,2.0322758273335917,0.19588041195880412,0.0958904109589041,24,14,-17.10364539566494,0.7857142857142857,17,13,4.6164966485439205,0.6153846153846154,4,19.657881408929825,0.0,0.05975015208911853,1.0
319,delta,4,1,45,19,-0.34793073534965513,-0.3004880678235439,0.9960962570093008,0.22852015380750842,-0.3016656931587468,0.5789473684210527,0.5777777777777777,-0.7473803108982874,0.1316662634281735,0.21347865213478653,0.10488951104889511,24,14,0.13957605830260686,0.5714285714285714,17,13,-0.884359190097222,0.9230769230769231,4,-0.6432920843362808,0.0,0.0595392815444895,1.0
320,delta,0,9,45,19,-0.17557586133480071,-0.1586143703183584,0.5521320447460818,0.12666777823887618,-0.2872761540064262,0.631578947368421,0.5555555555555556,-0.3985598246959087,0.0881072473532536,0.22197780221977803,0.11408859114088592,24,14,0.1603299831705434,0.5714285714285714,17,13,-0.5784256718097589,0.6153846153846154,4,-0.3598949536681175,0.0,0.058589215619731655,1.0
321,delta,3,15,45,19,0.2436365783214569,0.45346788722172127,2.9001332834792346,0.6653362055518305,0.15636105064719802,0.5263157894736842,0.5333333333333333,-0.8042132319457698,1.735479233413935,0.5076492350764924,0.25997400259974,24,14,0.1444311887025833,0.42857142857142855,17,13,1.919400359575565,0.5384615384615384,4,0.1719871312379837,0.31850367528222406,0.05833688814508818,1.0
322,delta,8,4,45,19,1.7837025019857617,1.3753588884546046,4.8370048735097795,1.1096850227917296,0.28434101772087533,0.631578947368421,0.6,-0.7961152364418174,3.454701615203368,0.23257674232576742,0.11658834116588342,24,14,-0.8730486099209104,0.5714285714285714,17,13,2.939978403922839,0.8461538461538461,4,5.585289835929871,0.0,0.05799060229833641,1.0
323,delta,1,9,45,19,0.23914139800601536,0.2182562840089463,0.7686823898154067,0.17634783457287875,0.2839355849707431,0.631578947368421,0.5777777777777777,-0.13223449512662594,0.5530987179723744,0.23077692230776922,0.11808819118088192,24,14,-0.030236105833734785,0.35714285714285715,17,13,0.47576467960308755,0.6153846153846154,4,0.32408668100833893,0.0,0.057907915355875236,1.0
324,delta,16,15,45,19,4.728705011473762,3.2109070733973852,10.950274440620055,2.512165246878905,0.29322617353648434,0.5789473684210527,0.6222222222222222,-1.763326366193462,7.7682540189017315,0.2126787321267873,0.10528947105289471,24,14,4.804758449395498,0.6428571428571429,17,13,-1.10663453126565,0.5384615384615384,4,7.407146126031876,0.0,0.05787358688220086,1.0
325,delta,14,27,45,19,-1.1235040174590216,-2.276571377327568,8.09982755207025,1.8582278820831921,-0.28106417855102295,0.631578947368421,0.6444444444444445,-5.910800177146467,1.2181322310315923,0.23507649235076492,0.11648835116488351,24,14,-4.711753403856641,0.7142857142857143,17,13,0.9930742841500503,0.5384615384615384,4,-4.923194169998169,0.0,0.057322299572905994,1.0
326,delta,12,27,45,19,3.0635021686553956,2.136969583076343,11.897194289527242,2.7294035589325487,0.1796196255244361,0.5263157894736842,0.6,-3.1496778437965793,7.197146442375684,0.43775622437756223,0.21597840215978403,24,14,0.4613234656197684,0.5,17,13,2.52040425936381,0.5384615384615384,4,1.1636813879013062,0.21587741317106415,0.05646358875024396,1.0
327,delta,6,4,45,19,-1.249731335706181,-1.80242088848823,6.368443832848953,1.4610212155264957,-0.28302375522120427,0.5789473684210527,0.5555555555555556,-4.6591551641214695,0.9451157166916663,0.23347665233476653,0.11698830116988301,24,14,1.6689085777671566,0.6428571428571429,17,13,-3.269920327724555,0.7692307692307693,4,-7.1662962436676025,0.0,0.05585995168839558,1.0
328,delta,5,4,45,19,0.8418032381269667,1.4579683662506573,5.1661588284867355,1.185198118929166,0.28221516501027194,0.5789473684210527,0.5555555555555556,-0.7325823859033875,3.8125216628375806,0.23737626237376264,0.11818818118188182,24,14,-1.3468078914142791,0.5714285714285714,17,13,2.3241826708500204,0.7692307692307693,4,5.917356789112091,0.0,0.05570036151518525,1.0
329,delta,11,18,45,19,-3.331920862197876,-2.536540056529798,9.906023019588966,2.2725975407776806,-0.2560603838204131,0.7368421052631579,0.6,-6.810723988633407,1.9819650860209204,0.28057194280571945,0.14678532146785322,24,14,0.21544763303938375,0.5714285714285714,17,13,-4.161759792230068,0.6153846153846154,4,-9.35948395729065,0.0,0.05559205701364232,1.0
330,delta,21,7,45,19,-3.414334297180176,-6.700469807574624,21.414346968916913,4.912788125232913,-0.31289629412003117,0.42105263157894735,0.4888888888888889,-16.51056865526919,2.2289794433535177,0.19188081191880813,0.0928907109289071,24,14,-6.766437519164313,0.5,17,13,5.612989853589962,0.6153846153846154,4,-32.56794786453247,0.0,0.055580262771321325,1.0
331,delta,7,28,45,19,2.0252363204956056,2.121294013240881,7.784245691692518,1.7858284379883975,0.2725111844176197,0.631578947368421,0.5777777777777777,-1.3075907305144425,5.480873921356703,0.2455754424557544,0.11918808119188082,24,14,1.2384249312537057,0.6428571428571429,17,13,-0.03087399861751454,0.6153846153846154,4,10.34373676776886,0.0,0.0555779389272777,1.0
332,delta,8,12,45,19,1.7598021613226997,2.5583265706112512,10.284534473793066,2.359434023822328,0.24875472751152228,0.5263157894736842,0.4888888888888889,-1.6587166441114323,7.332857584325889,0.3127687231276872,0.16028397160283972,24,14,0.14491232236226395,0.5,17,13,1.7076826401245901,0.5384615384615384,4,9.554120779037476,0.05664340277232105,0.055524634441737865,1.0
333,delta,4,23,45,19,-0.8846553670035469,-0.8606305070090713,2.88329330151433,0.6614728487309849,-0.29848871308273106,0.47368421052631576,0.6222222222222222,-2.1501821983540266,0.35878337747172295,0.21277872212778723,0.1014898510148985,24,14,-1.7916924031007857,0.7142857142857143,17,13,1.023866424193749,0.5384615384615384,4,-0.6841816306114197,0.0,0.054984762936292564,1.0
334,delta,1,16,45,19,-0.30509233673413594,-0.355471357572497,1.3249006098640572,0.3039530457175175,-0.26830039546058515,0.631578947368421,0.5111111111111111,-0.9376294128073934,0.2003756441372005,0.2656734326567343,0.13238676132386762,24,14,-0.6357158482784317,0.7142857142857143,17,13,0.48455276244725937,0.6923076923076923,4,-0.751382902264595,0.0,0.05471915960051407,1.0
335,delta,2,26,45,19,-0.565905061033037,-0.6371722379535958,2.570768932946608,0.589774841363587,-0.24785278435089486,0.6842105263157895,0.6222222222222222,-1.7712543089171513,0.4789191809368495,0.3093690630936906,0.15628437156284372,24,14,-0.716779599232333,0.7142857142857143,17,13,-0.00984036922454834,0.6153846153846154,4,-2.6991539150476456,0.015443813522310113,0.05459708650492559,1.0
336,delta,16,23,45,19,3.0841403166453043,2.4762430567490425,9.041884372391861,2.0743505388650423,0.27386360572248714,0.5789473684210527,0.7111111111111111,-1.5045077392929476,6.324834528094844,0.2405759424057594,0.12138786121387861,24,14,6.7598885241008935,0.5714285714285714,17,13,-3.576924776419615,0.46153846153846156,4,8.105223715305328,0.0,0.054052027445227725,1.0
337,delta,15,2,45,19,1.6218141953150431,3.628548384758463,12.816073516649997,2.94020891116133,0.28312481042219645,0.5263157894736842,0.5555555555555556,-1.7875858410670047,9.406158453330656,0.23627637236276372,0.11818818118188182,24,14,-0.22601359940710505,0.5714285714285714,17,13,4.209765061354026,0.6923076923076923,4,11.772590160369873,0.0,0.05401723356739274,1.0
338,delta,19,25,45,19,-5.8388474146525065,-5.104398051897685,18.087402169674483,4.149534642567862,-0.28220736200888863,0.5263157894736842,0.5777777777777777,-13.32830092007654,2.2174089696846493,0.24317568243175683,0.12048795120487951,24,14,-8.23179939247313,0.6428571428571429,17,13,3.3218976656595864,0.6153846153846154,4,-11.595696210861206,0.0,0.053842194067485326,1.0
339,delta,2,28,45,19,0.3918235063552856,0.4235605074648271,1.5069186942287462,0.34571085811975644,0.2810772134468801,0.5263157894736842,0.6,-0.22301254084235742,1.1002210394855125,0.23847615238476152,0.11918808119188082,24,14,0.0649048253184273,0.6428571428571429,17,13,-0.3923976100408114,0.6153846153846154,4,2.0665910691022873,0.0,0.053626573618154746,1.0
340,delta,22,2,45,19,-13.198141437106662,-6.458598346040961,65.6126219344518,15.052567812263975,-0.09843530338557752,0.47368421052631576,0.6,-35.707612027410875,23.213104229433476,0.6776322367763223,0.3387661233876612,24,14,-4.209655625479562,0.5714285714285714,17,13,-11.519537216577776,0.6153846153846154,4,-19.902667999267578,0.6517908995006676,0.05358923835161796,1.0
341,delta,6,13,45,19,-1.0244265291425916,-0.9568846654473688,6.097008852560693,1.398749760325523,-0.15694329606319748,0.7894736842105263,0.5555555555555556,-3.5957527092151476,1.8166569230587837,0.5098490150984901,0.2542745725427457,24,14,-0.1676568970793769,0.6428571428571429,17,13,-0.24322686439905417,0.5384615384615384,4,-3.913393497467041,0.17521118598027993,0.053558490866494675,1.0
342,delta,9,26,45,19,-0.3604705969492594,-1.0561202178921616,7.93976402739568,1.8215067911040668,-0.13301657508309844,0.47368421052631576,0.4888888888888889,-4.609341806121039,2.3095738795242804,0.5618438156184381,0.28547145285471454,24,14,-0.41597516763777964,0.5,17,13,-4.528344435569568,0.6923076923076923,4,1.445798397064209,0.39387103910196525,0.053456182503756444,1.0
343,delta,3,16,45,19,0.4039104276233249,-0.5609139214482223,4.746890510980964,1.0890113701799036,-0.11816449529448009,0.5789473684210527,0.5111111111111111,-2.5968419158929277,1.5864651594768489,0.6116388361163884,0.30756924307569244,24,14,-0.8706328883057549,0.6428571428571429,17,13,-0.24120204570965884,0.46153846153846156,4,2.496150493621826,0.4300161512962628,0.05340837231980391,1.0
344,delta,13,10,45,19,1.4643402099609375,2.701013544149566,9.996639622358428,2.2933864152028938,0.2701921491806601,0.5789473684210527,0.4888888888888889,-1.5777687480052314,7.1068241712294125,0.2546745325467453,0.12818718128187181,24,14,4.700780408723014,0.7142857142857143,17,13,-2.413524652138735,0.6153846153846154,4,4.523178339004517,0.0,0.05332739786460396,1.0
345,delta,9,3,45,19,-0.6168776512145996,-2.6076812827796267,9.345590857079413,2.1440255849308856,-0.27902797401025453,0.5263157894736842,0.4666666666666667,-6.900908140027731,1.282568728610089,0.25437456254374563,0.127987201279872,24,14,0.7614984597478595,0.5,17,13,-2.69381726705111,0.6923076923076923,4,-7.319772779941559,0.0,0.05323560030458803,1.0
346,delta,15,4,45,19,0.8220822281307645,1.937727302835699,6.961557020068576,1.5970907126407934,0.2783468263277417,0.5263157894736842,0.5111111111111111,-0.8804180952540613,5.064523677292623,0.24427557244275572,0.11808819118088192,24,14,3.514093667268753,0.5714285714285714,17,13,-1.039372431926238,0.5384615384615384,4,5.016997694969177,0.0,0.05310564449674019,1.0
347,delta,11,32,45,19,2.7724684768252903,2.601293411171227,10.022789109706997,2.299385519033305,0.2595378774010014,0.631578947368421,0.5555555555555556,-1.775277131639029,7.009539562411476,0.27517248275172485,0.1341865813418658,24,14,7.0372849362237115,0.7857142857142857,17,13,-4.717684091665806,0.6153846153846154,4,3.499302625656128,0.0,0.05293206710152003,1.0
348,delta,0,10,45,19,0.12925655974282158,0.24215495351113772,0.8746849633535887,0.20066649277330895,0.27684819524357973,0.5263157894736842,0.5333333333333333,-0.11725173638970182,0.6375051879961233,0.24697530246975302,0.12238776122387761,24,14,-0.07138047172200111,0.5,17,13,0.47500012089044613,0.7692307692307693,4,0.36190491914749146,0.0,0.05281972146094613,1.0
349,delta,11,11,45,19,-2.1301473577817283,-2.120717267195384,10.109316791176346,2.3192363305777137,-0.2097784955207257,0.631578947368421,0.5777777777777777,-6.74525784931162,2.058542865044192,0.37666233376662334,0.19018098190180982,24,14,-0.1538799632163274,0.5714285714285714,17,13,-1.029765084767953,0.6923076923076923,4,-9.890459179878235,0.07256033871022859,0.052096987100193136,1.0
350,delta,0,14,45,19,-0.2512895279460483,-0.2072439018571586,0.8379224714163716,0.19223259870662168,-0.2473306408728322,0.6842105263157895,0.5777777777777777,-0.5587777457347042,0.1820430564710445,0.2977702229777022,0.15228477152284772,24,14,-0.24337547343401683,0.7142857142857143,17,13,0.0282067549534333,0.5384615384615384,4,-0.7455524876713753,0.0,0.05206960860480678,1.0
351,delta,20,16,45,19,2.0993357446458605,0.9145579170762448,12.97422963391639,2.9764924128701185,0.0704903445431139,0.47368421052631576,0.5777777777777777,-4.878161433286834,6.624573891413837,0.7531246875312468,0.3785621437856214,24,14,3.857451274281457,0.5,17,13,2.1025583438384228,0.6153846153846154,4,-13.304280400276184,1.0,0.051940253873873396,1.0
352,delta,10,5,45,19,-0.4182318952348497,-0.8985654136590789,6.258515685695156,1.4358019689741761,-0.14357484406612492,0.5263157894736842,0.5111111111111111,-3.699725098568096,1.809128583104987,0.5391460853914608,0.2712728727127287,24,14,-1.1225498545737496,0.42857142857142855,17,13,-0.268295502051329,0.38461538461538464,4,0.6099708080291748,0.29858204864439836,0.05192935698321156,1.0
353,delta,13,6,45,19,-1.1151181750827366,-0.5073020207254512,7.713000637545578,1.7694837016066294,-0.06577232967620812,0.5789473684210527,0.5333333333333333,-3.858139371244531,2.821214688137957,0.7771222877712228,0.38276172382761725,24,14,-1.651269697007679,0.5714285714285714,17,13,-2.070501241928492,0.46153846153846156,4,4.744705438613892,1.0,0.05192552342858536,1.0
354,delta,5,22,45,19,-0.8002726647588941,-0.5570156375567117,4.664066629128209,1.0700102685426451,-0.1194270326410039,0.42105263157894735,0.5555555555555556,-2.6646126571585214,1.3838228767508998,0.6142385761423858,0.3063693630636936,24,14,-0.7151575095596767,0.5714285714285714,17,13,-0.2652280300091475,0.5384615384615384,4,0.36927783489227295,0.47615903778310664,0.05151774353990332,1.0
355,delta,4,26,45,19,-1.25716984934277,-0.8732930704167015,3.3621061261656697,0.7713200442850086,-0.2597458371763692,0.5789473684210527,0.6666666666666666,-2.3016612164806904,0.64954527849168,0.2725727427257274,0.1352864713528647,24,14,-1.5961105021692459,0.7857142857142857,17,13,0.8866552420151539,0.46153846153846156,4,-0.6452615261077881,0.0,0.051265625758493916,1.0
356,delta,14,20,45,19,3.060241696569655,2.21481554340898,10.655149011294808,2.444458829926389,0.20786340398066724,0.5789473684210527,0.6,-2.528807958071692,6.818457542124545,0.38096190380961903,0.19458054194580543,24,14,2.780601034561793,0.5714285714285714,17,13,0.18254359563191722,0.46153846153846156,4,4.794032096862793,0.08241932208537395,0.05116959602131613,1.0
357,delta,13,2,45,19,-2.6166867468092176,-2.494991285759106,9.972536491977248,2.2878567778579177,-0.2501862277231362,0.631578947368421,0.5777777777777777,-7.019019097978609,1.808289897180439,0.28927107289271076,0.1424857514248575,24,14,0.11297267391568155,0.5714285714285714,17,13,-3.097190398436326,0.7692307692307693,4,-5.98063325881958,0.0,0.05102482275932383,1.0
358,delta,10,11,45,19,2.0273690581321717,2.0930313488893337,10.380067814014621,2.381350875178362,0.20163946771748764,0.5789473684210527,0.6,-2.347956080551733,6.970446762076596,0.39746025397460255,0.20377962203779623,24,14,0.19273085182621358,0.5714285714285714,17,13,0.8764995825596344,0.6923076923076923,4,9.915724039077759,0.09208216204142672,0.05079111752731852,1.0
359,delta,13,16,45,19,3.5329509735107423,2.0109626818121527,8.353567082521593,1.9164397226736587,0.24073101490017926,0.6842105263157895,0.6222222222222222,-1.7585804622162853,5.647466310231309,0.30586941305869414,0.1586841315868413,24,14,4.345690815221696,0.7142857142857143,17,13,-2.1052462382194324,0.46153846153846156,4,2.6749168038368225,0.0,0.05068021366319563,1.0
360,delta,0,25,45,19,0.15660359279976951,0.1432514126624977,0.8031802585570208,0.18426218844720646,0.17835524608119802,0.5789473684210527,0.4888888888888889,-0.1986179510654326,0.506612271446277,0.46215378462153783,0.22967703229677033,24,14,0.020715667644426942,0.5,17,13,0.13018823969058502,0.6153846153846154,4,0.325664758682251,0.14461056445728282,0.05047330352178097,1.0
361,delta,4,22,45,19,-0.80899146132999,-1.2529240250587463,5.077629250147737,1.1648880407452733,-0.24675374339752978,0.631578947368421,0.5333333333333333,-3.541365367383288,0.8476745641022397,0.30456954304569545,0.15208479152084792,24,14,-3.19053427094505,0.7142857142857143,17,13,1.2224293244190707,0.6153846153846154,4,-2.469088613986969,0.0,0.05032477661396989,1.0
362,delta,3,12,45,19,-0.776352623436186,-0.8163876245942031,3.42866952474303,0.7865907352185524,-0.23810624462425822,0.6842105263157895,0.6222222222222222,-2.2567301045515036,0.6874593859048264,0.3213678632136786,0.1620837916208379,24,14,0.49495739170483183,0.42857142857142855,17,13,-2.020106914715889,0.6153846153846154,4,-2.0874824300408363,0.0,0.05012763044721225,1.0
363,delta,18,1,45,19,0.07067543665568034,9.271598063017192,35.692374698266576,8.188392334985897,0.25976411324258214,0.5263157894736842,0.4444444444444444,-5.074508026817388,25.939133854079643,0.28817118288171184,0.14308569143085692,24,14,11.4786791347322,0.5714285714285714,17,13,-4.026479623256586,0.6153846153846154,4,12.173312664031982,0.0,0.049560258447597906,1.0
364,delta,22,25,45,19,-7.514000436994764,-20.04478903402362,77.24850121987271,17.722021597758083,-0.25948450413257934,0.5263157894736842,0.4888888888888889,-55.37343560509514,11.388031063058905,0.29187081291870814,0.1464853514648535,24,14,9.65237756002517,0.6428571428571429,17,13,-21.09641588651217,0.6923076923076923,4,-64.70128858089447,0.0,0.04950691197266316,1.0
365,delta,0,11,45,19,0.11772491128908263,0.15198823593949018,0.606122022629068,0.13905392863655686,0.2507551784378957,0.5789473684210527,0.5555555555555556,-0.1130448835591475,0.4110300003469251,0.28717128287171284,0.14528547145285473,24,14,-0.027454842236779964,0.5,17,13,-0.025628929432385997,0.46153846153846156,4,0.7305146530270576,0.0,0.04949115363905836,1.0
366,delta,11,16,45,19,-2.7233784013324316,-1.7115946527112993,7.2922008681371695,1.672945613695236,-0.23471578521513423,0.6842105263157895,0.6444444444444445,-4.789272145116539,1.62783615317261,0.3223677632236776,0.16418358164183583,24,14,-3.9481267361413868,0.7857142857142857,17,13,2.5776197298979144,0.38461538461538464,4,-3.6765266954898834,0.0,0.04941384951897562,1.0
367,delta,7,4,45,19,-1.3215546872880723,-1.3693224871367737,5.290588859632159,1.21374432583993,-0.25882232081666223,0.5263157894736842,0.5555555555555556,-3.7008130900169673,0.9266835646148315,0.2770722927707229,0.1377862213778622,24,14,1.7039659534181868,0.6428571428571429,17,13,-3.3208501033293896,0.7692307692307693,4,-6.006232142448425,0.0,0.04938057436633687,1.0
368,delta,17,26,45,19,5.795491515265571,4.1728649097576485,16.716438195888887,3.8350139364117384,0.24962643721459102,0.5789473684210527,0.6666666666666666,-3.448350197599645,11.224848229111286,0.290970902909709,0.14428557144285573,24,14,7.678750253859021,0.7142857142857143,17,13,-3.4469860517061672,0.5384615384615384,4,2.340640902519226,0.0,0.0492683757660377,1.0
369,delta,17,18,45,19,-0.43475658628675673,-1.5321143970154878,10.016355683963123,2.297909589944972,-0.1529612610970384,0.631578947368421,0.5111111111111111,-5.985949666353695,2.8817162125779836,0.5069493050694931,0.2572742725727427,24,14,-0.292438132422311,0.42857142857142855,17,13,-5.646458815305662,0.6153846153846154,4,8.95110821723938,0.19087225666175553,0.04905942615222515,1.0
370,delta,3,9,45,19,0.28854930268393625,0.5403332584782651,2.3209096665179505,0.5324531943914963,0.23281098194955793,0.6842105263157895,0.5555555555555556,-0.4380907968863061,1.5713498938763348,0.3401659834016598,0.16998300169983002,24,14,-0.22319011461167118,0.42857142857142855,17,13,0.8098269273073245,0.6153846153846154,4,0.7733803987503052,0.0,0.04901283830517009,1.0
371,delta,14,6,45,19,3.267884275648329,2.2545625745204454,10.876499542772246,2.495240124547924,0.20728751614012328,0.5789473684210527,0.5777777777777777,-2.617213683483893,6.930221930093932,0.38636136386361364,0.19618038196180382,24,14,6.2871420951116646,0.7142857142857143,17,13,0.14561941684820703,0.46153846153846156,4,-1.2063605785369873,0.06458876701578392,0.04883937856497794,1.0
372,delta,13,18,45,19,3.3059389935599435,2.5004052070149205,10.781826957742236,2.473520743975841,0.23190923178556713,0.6842105263157895,0.6444444444444445,-2.417463097812836,7.046325194574237,0.3344665533446655,0.16998300169983002,24,14,-0.07685691402072006,0.5,17,13,3.7281018495559692,0.6923076923076923,4,9.034620523452759,0.0,0.04882299616538255,1.0
373,delta,17,29,45,19,1.6281684279441833,1.8572025722578949,7.266050562415167,1.6669463221170835,0.2556000066755079,0.5263157894736842,0.5333333333333333,-1.2804112059113226,4.96735710242861,0.2763723627637236,0.14238576142385762,24,14,6.639245219173886,0.7857142857142857,17,13,-3.025818714728722,0.6923076923076923,4,-10.965767741203308,0.0,0.04876579074730085,1.0
374,delta,18,28,45,19,3.361681588490804,3.403665500774718,14.2394268613527,3.2667485632934192,0.2390310743484082,0.631578947368421,0.5111111111111111,-2.7132733943169582,9.541188613155432,0.3137686231376862,0.15858414158584141,24,14,11.893460188593183,0.7857142857142857,17,13,-11.176914704151642,0.6923076923076923,4,-1.5914649963378906,0.0,0.048749758584214826,1.0
375,delta,15,13,45,19,-0.13291306230756972,-0.7222623511364582,11.718059146697229,2.6883071386781934,-0.061636687619897365,0.5789473684210527,0.5333333333333333,-5.7652123572533585,4.375979518262963,0.7882211778822118,0.39856014398560147,24,14,-0.9161066838673183,0.5714285714285714,17,13,-4.46355514954298,0.6153846153846154,4,4.791020154953003,1.0,0.04866054285781371,1.0
376,delta,20,4,45,19,12.734226979149712,11.054732205574973,45.04915229118553,10.334984333129025,0.24539267984711846,0.5789473684210527,0.6222222222222222,-9.376524928369019,30.592089241847653,0.2926707329267073,0.146985301469853,24,14,40.247012268929254,0.8571428571428571,17,13,-15.562888536697777,0.6153846153846154,4,10.764440536499023,0.0,0.048432765759299695,1.0
377,delta,4,9,45,19,-0.27338159647252824,-0.7016865834593773,2.956909130452153,0.6783614781512453,-0.2373040741201538,0.631578947368421,0.4666666666666667,-2.0306377661234714,0.5601685044470063,0.3304669533046695,0.16098390160983903,24,14,0.29300816853841144,0.5,17,13,-0.5744713602157739,0.5384615384615384,4,-1.9833774119615555,0.0,0.04839754143239979,1.0
378,delta,2,19,45,19,0.18205505079693265,0.830086459977585,3.3006346052467506,0.7572175102012552,0.2514929882447648,0.5263157894736842,0.5111111111111111,-0.4227727025159096,2.3933698056494452,0.33636636336366366,0.16318368163183683,24,14,0.5618367363654432,0.6428571428571429,17,13,-0.30842466155687964,0.6153846153846154,4,1.15993931889534,0.0,0.047982214862488014,1.0
379,delta,14,14,45,19,-0.7441063086191814,-0.49334447321138886,8.127881372822337,1.8646638699589053,-0.060697794490580666,0.5789473684210527,0.4666666666666667,-3.9276498579142394,3.0957987222232304,0.7861213878612139,0.39166083391660833,24,14,-1.4889154405820937,0.5714285714285714,17,13,-3.5203154209332586,0.5384615384615384,4,5.029806613922119,1.0,0.047919311439932104,1.0
380,delta,12,20,45,19,1.4264846430884468,0.8513329614672746,9.892727468565186,2.2695473321823467,0.0860564454213909,0.5789473684210527,0.5555555555555556,-3.6024910062551503,4.982376684222303,0.7070292970702929,0.35636436356364365,24,14,0.5146809220314026,0.5714285714285714,17,13,1.0073605806399615,0.5384615384615384,4,3.5858460664749146,0.6045589038915499,0.04778980586282923,1.0
381,delta,14,16,45,19,3.4305627716912164,1.9462034200367175,8.325593637877349,1.9100221743417118,0.23376151956089364,0.631578947368421,0.6666666666666666,-1.7645016754928389,5.526651969813459,0.31786821317868214,0.15558444155584442,24,14,3.9991846595491682,0.7142857142857143,17,13,-1.750589376840836,0.46153846153846156,4,3.0932008028030396,0.0,0.04767504675255067,1.0
382,delta,22,3,45,19,-5.888478130764431,-7.125603374681975,33.988879060798205,7.797583633170789,-0.209645141928215,0.5789473684210527,0.5111111111111111,-22.462937079814445,7.126195489314563,0.37906209379062095,0.1924807519248075,24,14,-11.851484684717088,0.6428571428571429,17,13,-0.3494550753862434,0.46153846153846156,4,-34.17604970932007,0.04904217327446183,0.047465033300919675,1.0
383,delta,16,9,45,19,3.4604860464731853,2.8412088636766404,12.56186551266383,2.881889595371073,0.22617730310934864,0.5263157894736842,0.6222222222222222,-2.7432131440493093,8.398185681669336,0.3364663533646635,0.1703829617038296,24,14,3.820022049404326,0.6428571428571429,17,13,0.09336176285376915,0.5384615384615384,4,12.255584955215454,0.03285987315024606,0.04740618086690534,1.0
384,delta,16,1,45,19,-3.6878415213690863,3.8214831498631257,29.472537666548472,6.761463857798991,0.12966250796247297,0.42105263157894735,0.4222222222222222,-8.597116396458523,17.30059392331985,0.5760423957604239,0.28757124287571245,24,14,1.7586466244288854,0.35714285714285715,17,13,1.3298199360187237,0.5384615384615384,4,7.967674732208252,0.34798529363301106,0.047076710746147284,1.0
385,delta,4,30,45,19,0.4386770235167609,0.9378290521471124,3.9318489528273495,0.902028012981086,0.23852112921904842,0.5789473684210527,0.4666666666666667,-0.7991749985699069,2.6288668063387535,0.3117688231176882,0.15858414158584141,24,14,1.916521464075361,0.5,17,13,-1.1219043670556486,0.5384615384615384,4,-1.3965510427951813,0.0,0.047076538661654295,1.0
386,delta,2,25,45,19,0.829978342851003,0.7991195038745278,3.492682112972266,0.8012762301241166,0.22879823528929136,0.631578947368421,0.6,-0.7870360780703394,2.2499704601733312,0.32986701329867013,0.1635836416358364,24,14,0.002277184100378043,0.5,17,13,1.5916432249240384,0.6923076923076923,4,2.0993719696998596,0.0028496164707995796,0.047061711219780686,1.0
387,delta,8,5,45,19,-0.9241939226786295,-0.8214893341064453,5.188859472099204,1.1904060037428545,-0.15831789982435268,0.5789473684210527,0.6222222222222222,-3.16438875250649,1.4097764462755438,0.5071492850714928,0.256974302569743,24,14,-1.4000396331151328,0.6428571428571429,17,13,-0.13676910522656557,0.5384615384615384,4,-1.0507855415344238,0.1664892038742448,0.0468537953539637,1.0
388,delta,13,11,45,19,-2.183010169201427,-1.9063802243847596,10.700555328475298,2.4548757535047105,-0.17815712978107615,0.631578947368421,0.5333333333333333,-6.690586587682105,2.6400874921627207,0.4577542245775422,0.23397660233976603,24,14,-0.1814810094379245,0.5714285714285714,17,13,-0.39670593578081864,0.46153846153846156,4,-9.330951571464539,0.0951966491870704,0.04671149650736971,1.0
389,delta,9,30,45,19,2.165050482749939,1.4670871496200564,11.217089260511703,2.573376764591889,0.13079036063167876,0.5263157894736842,0.6222222222222222,-3.5573853032369356,6.348027384385728,0.5777422257774223,0.28877112288771123,24,14,3.1411065828232543,0.7142857142857143,17,13,0.42167823742597527,0.5384615384615384,4,-1.0306075513362885,0.28742548630132897,0.0464701742106724,1.0
390,delta,7,32,45,19,-1.4273678607410856,-1.589552447722669,6.5445178151929495,1.501415357401456,-0.24288304999836033,0.5263157894736842,0.5555555555555556,-4.480446685040206,1.2704426913407811,0.30646935306469353,0.1511848815118488,24,14,2.3603834843351725,0.5714285714285714,17,13,-3.97658943824279,0.6923076923076923,4,-3.767755627632141,0.0,0.046339529276002954,1.0
391,delta,18,25,45,19,-6.102831790182326,-4.322985337491622,19.65997751949403,4.510308170513469,-0.21988760328973553,0.6842105263157895,0.6444444444444445,-12.46840740400448,4.972038590176055,0.35096490350964904,0.17178282171782822,24,14,-10.262195416859218,0.8571428571428571,17,13,8.17091636168651,0.46153846153846156,4,-3.9915753304958344,0.0,0.04629212700836537,1.0
392,delta,8,24,45,19,0.7681482474009196,0.6440787984613786,4.913808799249331,1.1273050517794092,0.13107526661594418,0.5263157894736842,0.4444444444444444,-1.4210701377768264,2.8989772423317537,0.5846415358464153,0.29387061293870614,24,14,0.18178200154077423,0.42857142857142855,17,13,0.6551683254731008,0.46153846153846156,4,2.206221580505371,0.28223565497735376,0.04618204359151144,1.0
393,delta,0,28,45,19,-0.17672180831432344,-0.12604533044392602,1.0520298082086992,0.24135219050390505,-0.11981155805703315,0.5263157894736842,0.5333333333333333,-0.6054094586782811,0.32748223451995523,0.6093390660933906,0.30956904309569044,24,14,-0.042828046317611425,0.5714285714285714,17,13,-0.230271339798585,0.46153846153846156,4,-0.27617672085762024,0.33978288736895657,0.04615985509575575,1.0
394,delta,5,20,45,19,-1.1527324464586046,-0.8186483634145638,3.6202483257800053,0.8305419264524924,-0.2261304445844004,0.631578947368421,0.6666666666666666,-2.3534993148686594,0.7904154483686407,0.32566743325667435,0.16318368163183683,24,14,0.17275979689189366,0.42857142857142855,17,13,-2.782222237342443,0.8461538461538461,4,-1.5751129984855652,0.0,0.046118709092871135,1.0
395,delta,4,12,45,19,-0.9429189811150233,-0.7524253763258459,3.434201274138809,0.7878598055657731,-0.219097634722802,0.631578947368421,0.5777777777777777,-2.1883392816082687,0.83686810725679,0.34906509349065096,0.17178282171782822,24,14,-0.007989875794876169,0.5714285714285714,17,13,-1.7113951872556636,0.6923076923076923,4,-1.7321907877922058,0.010618828187177019,0.0461078734826666,1.0
396,delta,18,7,45,19,-2.3817721870210438,-3.6752571196932533,15.306930704276287,3.511650740827379,-0.24010411954543567,0.5263157894736842,0.6222222222222222,-10.99857905893995,2.2796663021570738,0.33996600339966004,0.1720827917208279,24,14,-5.999822917438688,0.6428571428571429,17,13,6.245212568686559,0.5384615384615384,4,-19.87009024620056,0.0,0.045809338597484435,1.0
397,delta,19,21,45,19,-3.453649065229628,-2.584077791163796,15.740004569493832,3.611004699436423,-0.1641726201383749,0.631578947368421,0.5555555555555556,-9.42826294658477,4.136592695587559,0.48465153484651535,0.24437556244375563,24,14,-6.5171597741899046,0.6428571428571429,17,13,-0.316179544497759,0.46153846153846156,4,9.994069576263428,0.12235682129188556,0.04577303775668259,1.0
398,delta,1,14,45,19,-0.08872269855605232,-0.2955626968229026,1.2751595424906619,0.29254166224254496,-0.23178487630308975,0.5789473684210527,0.4666666666666667,-0.8620265991279953,0.2534140712271134,0.32536746325367466,0.1606839316068393,24,14,0.10595742542119255,0.42857142857142855,17,13,0.12154301771750817,0.6153846153846154,4,-1.5121567845344543,0.0,0.045747015059820345,1.0
399,delta,1,11,45,19,0.037229456173049076,0.042584879487230075,0.7445014031694134,0.17080033577577394,0.057199193051809157,0.5789473684210527,0.5111111111111111,-0.2851242133857388,0.3611971495509669,0.8046195380461953,0.40585941405859416,24,14,0.0975894672530038,0.5714285714285714,17,13,0.2886803532258058,0.7692307692307693,4,-0.6882768608629704,1.0,0.04515725767248091,1.0
400,delta,12,8,45,19,1.207278347015381,2.312790305990922,10.498962788485645,2.408627253000154,0.22028750387870605,0.631578947368421,0.5333333333333333,-2.0187524695145456,7.117764132692102,0.37746225377462256,0.1825817418258174,24,14,4.091438276427133,0.7142857142857143,17,13,-0.9866239963433681,0.38461538461538464,4,6.9182448387146,0.0,0.04492705671210452,1.0
401,delta,12,30,45,19,-2.7645111269421045,-2.1601579931744355,9.846575128601728,2.2589592592397865,-0.21938165960870404,0.631578947368421,0.5777777777777777,-6.36419861755873,2.1896695138331035,0.34906509349065096,0.17448255174482552,24,14,-5.064321529297602,0.5714285714285714,17,13,2.3683445086845984,0.46153846153846156,4,7.8256083726882935,0.0,0.04474231215703832,1.0
402,delta,1,24,45,19,0.19740370512008668,0.11545039844094661,1.6441979962142232,0.3772048899299931,0.0702168465761252,0.631578947368421,0.6222222222222222,-0.6457448561594152,0.7969672897405791,0.7611238876112388,0.3842615738426157,24,14,0.08121972708475021,0.5714285714285714,17,13,0.7203425535788903,0.6923076923076923,4,-0.26990704238414764,0.7035032202707768,0.044544181371258255,1.0
403,delta,14,10,45,19,1.310993872748481,2.8093699237756558,12.037793282791062,2.76165918015363,0.2333791466407604,0.5263157894736842,0.4888888888888889,-2.36429287822623,8.09990756103867,0.32496750324967505,0.16148385161483853,24,14,3.9989031780333746,0.7142857142857143,17,13,-2.6650386040027323,0.7692307692307693,4,6.596920013427734,0.0,0.04452628455646086,1.0
404,delta,9,5,45,19,0.5985929509003957,0.727499428025463,6.0818829193234984,1.3952796332514348,0.11961746677398788,0.5263157894736842,0.5555555555555556,-1.9740017003788235,3.4198123928355533,0.6067393260673932,0.30346965303469653,24,14,1.1378603013498443,0.42857142857142855,17,13,0.22983160385718712,0.38461538461538464,4,-0.4022883176803589,0.315919978770269,0.044451297200628404,1.0
405,delta,7,31,45,19,0.5805361005995009,1.5029831434551038,6.691479355385207,1.5351306469954107,0.22461148927337338,0.5789473684210527,0.4222222222222222,-1.3904921581870628,4.398352274873799,0.34196580341965804,0.1723827617238276,24,14,2.4835538920902067,0.6428571428571429,17,13,-2.1194500006162205,0.6923076923076923,4,-1.0055198073387146,0.0,0.0443312149881658,1.0
406,delta,1,7,45,19,0.08761779169241588,0.1755088387351287,0.7582777887721572,0.17396085538891126,0.23145718011775307,0.5263157894736842,0.5111111111111111,-0.14349400811550908,0.5172167031323178,0.32966703329667035,0.1603839616038396,24,14,-0.1121503125344004,0.6428571428571429,17,13,0.23342427152853745,0.6153846153846154,4,0.41106870770454407,0.0,0.04415959357509762,1.0
407,delta,16,2,45,19,-0.9825330601798163,-3.734493960414017,15.621484875815408,3.583814416933073,-0.23906139461784578,0.47368421052631576,0.4666666666666667,-10.61469941617627,3.0513045737617883,0.32486751324867513,0.1643835616438356,24,14,1.3661252373740784,0.6428571428571429,17,13,-4.303114392818549,0.6923076923076923,4,-14.99011766910553,0.0,0.04403762532434001,1.0
408,delta,8,18,45,19,-2.3511214521196155,-2.069549442383281,9.925435054067096,2.2770509669134014,-0.20850969565664046,0.6842105263157895,0.4888888888888889,-6.473221889268934,2.130248797044418,0.38296170382961703,0.19148085191480851,24,14,-3.332406330676306,0.7142857142857143,17,13,1.4278067197555149,0.5384615384615384,4,-3.6424366235733032,0.0,0.04389677803297694,1.0
409,delta,9,12,45,19,-1.071584705511729,-1.5535469285228798,7.227360895479219,1.6580703037837652,-0.21495355649039719,0.631578947368421,0.5555555555555556,-4.682525790887967,1.6835335852545608,0.3574642535746425,0.17548245175482452,24,14,-0.9436368438459576,0.5714285714285714,17,13,0.373975185247568,0.46153846153846156,4,-3.833425760269165,0.0,0.04383921217896258,1.0
410,delta,12,32,45,19,-1.5755259381400215,-2.114319384098053,9.52235516895079,2.1845780992609827,-0.222037442059727,0.5789473684210527,0.5111111111111111,-6.432000473089385,1.7770178610034146,0.3564643535646435,0.1755824417558244,24,14,1.894084592660268,0.6428571428571429,17,13,-5.360047123371027,0.6923076923076923,4,-5.968439817428589,0.0,0.04382317935389349,1.0
411,delta,2,16,45,19,-0.2362742500172721,-0.4194887659528799,1.896872550041035,0.4351724081265879,-0.22114757575241686,0.5789473684210527,0.5333333333333333,-1.2641082578779834,0.38605889098947493,0.3414658534146585,0.1683831616838316,24,14,0.03567380404898105,0.42857142857142855,17,13,-1.0536519136184301,0.6923076923076923,4,-0.6051709055900574,0.0,0.04364754784587175,1.0
412,delta,12,16,45,19,2.6176428265041776,1.5617649701603673,7.303786248656692,1.6756034822692922,0.21382950116422234,0.631578947368421,0.6222222222222222,-1.6732521090068309,4.698047575354576,0.37336266373362664,0.18288171182881713,24,14,3.8952915214356922,0.7142857142857143,17,13,-2.3698182228284006,0.46153846153846156,4,2.686102569103241,0.0,0.043609964053229554,1.0
413,delta,3,29,45,19,0.3253216054704454,0.727007694411696,3.290618065595541,0.7549195584063293,0.22093347812460912,0.5789473684210527,0.5333333333333333,-0.7021145425083344,2.1821307526345834,0.3544645535446455,0.1800819918008199,24,14,-0.46738469884509143,0.5714285714285714,17,13,2.201573017315987,0.6153846153846154,4,3.2396121621131897,0.0,0.04360529173512022,1.0
414,delta,6,18,45,19,-1.0406023104985556,-1.7709225165216547,8.052169209760358,1.8472943085071136,-0.21993111053541303,0.5789473684210527,0.4666666666666667,-5.706902898403635,1.3348280174690375,0.42625737426257376,0.21457854214578542,24,14,1.4349052097116197,0.6428571428571429,17,13,-3.2042867220365086,0.6923076923076923,4,-4.419852077960968,0.0,0.04340745602672626,1.0
415,delta,12,18,45,19,-2.953456852171156,-2.146864849224425,10.432296388019186,2.393332931812632,-0.2057902468808267,0.6842105263157895,0.6222222222222222,-6.528342476121166,2.556469575564066,0.38746125387461255,0.1947805219478052,24,14,0.816689031464713,0.5714285714285714,17,13,-4.068509584818131,0.6153846153846154,4,-9.028257369995117,0.0,0.043324262501226674,1.0
416,delta,17,1,45,19,3.619775915145874,-5.5900350641786005,34.51742886752912,7.918841274969106,-0.1619481881351018,0.5263157894736842,0.37777777777777777,-21.105196509549494,8.967360220405089,0.49605039496050396,0.24747525247475252,24,14,-0.7418925648643864,0.42857142857142855,17,13,-0.8523668081332479,0.38461538461538464,4,-19.95013976097107,0.13271697875716276,0.04320008102097597,1.0
417,delta,17,15,45,19,4.277805492613051,2.815307886976945,12.920808979886019,2.9642368743218954,0.2178894441795068,0.5789473684210527,0.6444444444444445,-3.076001932851055,8.189357791082898,0.35636436356364365,0.1827817218278172,24,14,5.108785839307877,0.6428571428571429,17,13,-3.633618214191535,0.5384615384615384,4,9.65336161851883,0.0,0.043004495561744766,1.0
418,delta,10,3,45,19,0.20678474108378092,2.2413343964961534,9.62060364837168,2.207117846268993,0.23297232464986817,0.47368421052631576,0.4666666666666667,-1.616863268195537,6.81443558575814,0.3491650834916508,0.17418258174182583,24,14,-1.6374852983724504,0.6428571428571429,17,13,2.7711217250579443,0.6923076923076923,4,6.852074027061462,0.0,0.04291595454076519,1.0
419,delta,2,8,45,19,0.19976716538270314,0.22405204438326654,1.0457374241521702,0.23990861859778104,0.21425267873999665,0.5789473684210527,0.5333333333333333,-0.21684818708321502,0.6937048190779853,0.3705629437056294,0.18618138186181382,24,14,-0.22038501784915018,0.42857142857142855,17,13,0.647009646663299,0.6153846153846154,4,0.3059292733669281,0.0,0.042286712909209864,1.0
420,delta,5,10,45,19,0.44617612626817493,0.9330463409423828,4.096282355939944,0.9397516228289958,0.22777881500023783,0.47368421052631576,0.5111111111111111,-0.8166153727393402,2.7650963590856183,0.33066693330666935,0.16568343165683433,24,14,0.8860560953617096,0.5714285714285714,17,13,-0.031025733703222053,0.6153846153846154,4,0.7973334193229675,0.0,0.041959255394780653,1.0
421,delta,13,8,45,19,1.160510402255588,2.346396421131334,11.057216103111593,2.536699346860739,0.21220498896381693,0.5789473684210527,0.5333333333333333,-2.369547190582543,7.2599815556877525,0.36076392360763926,0.17248275172482752,24,14,4.007235095614479,0.6428571428571429,17,13,-0.5017239374992175,0.46153846153846156,4,7.036232590675354,0.0,0.041882563611279656,1.0
422,delta,17,27,45,19,4.200510099199083,2.6374303959963616,12.42983378195976,2.851599438977398,0.2121854919592118,0.5789473684210527,0.5333333333333333,-2.7988590508176565,8.158694813962562,0.37006299370062995,0.17898210178982102,24,14,4.966086731070564,0.5,17,13,-0.4841640545771672,0.38461538461538464,4,-5.831022143363953,0.0,0.04187871551826549,1.0
423,delta,10,18,45,19,2.7156206289927165,1.920721585290474,9.404387672213721,2.157514499424175,0.20423675120980533,0.631578947368421,0.6,-2.2983259509529983,5.933739683502599,0.38836116388361164,0.1942805719428057,24,14,-0.8234133436566309,0.5714285714285714,17,13,3.628357483790471,0.6153846153846154,4,9.087711572647095,0.0,0.041653547944105036,1.0
424,delta,4,20,45,19,0.42887340916527644,1.0003785606016191,4.289433650725996,0.9840635688703872,0.2332192643735853,0.42105263157894735,0.5111111111111111,-0.7646425044850299,2.999876081263809,0.32156784321567844,0.15808419158084192,24,14,2.574704593136197,0.6428571428571429,17,13,-1.0314505864412358,0.6153846153846154,4,0.07820069789886475,0.0,0.04142710617162371,1.0
425,delta,15,1,45,19,-1.526004966100057,5.656925883209496,26.09695672753848,5.987052479436533,0.21676573028302942,0.5263157894736842,0.4888888888888889,-5.227659179976111,17.427150646950068,0.3765623437656234,0.18688131186881313,24,14,5.549009050641741,0.42857142857142855,17,13,-1.4473429459791918,0.5384615384615384,4,16.739438831806183,0.0,0.04135661959347271,1.0
426,delta,16,8,45,19,0.8528634866078695,2.4378416130417273,12.041808168048998,2.7625802580014858,0.20244813561389793,0.631578947368421,0.4666666666666667,-2.6986850804404208,7.772190636710117,0.38976102389761025,0.19048095190480951,24,14,-1.4086073296410697,0.42857142857142855,17,13,3.79019741828625,0.6153846153846154,4,3.509699821472168,0.0,0.041288764500202864,1.0
427,delta,20,13,45,19,-1.1752864042917888,-5.107645992647138,30.48918355060276,6.9946984193757915,-0.1675232130821083,0.5263157894736842,0.4444444444444444,-19.276616565595596,7.924796327896278,0.47965203479652035,0.2395760423957604,24,14,-10.004615420386903,0.5714285714285714,17,13,-0.49530281776036983,0.5384615384615384,4,-15.664604663848877,0.09697281653297773,0.04125990387243303,1.0
428,delta,16,7,45,19,0.977736583020952,1.874036572742881,13.575746137698731,3.1144897630205985,0.13804298885192287,0.631578947368421,0.5111111111111111,-3.6520169518103724,8.305076144243541,0.5867413258674132,0.2956704329567043,24,14,2.246437191963196,0.6428571428571429,17,13,0.28065722493024975,0.6923076923076923,4,9.186436593532562,0.14976080457142504,0.04080237867413864,1.0
429,delta,21,16,45,19,-6.935584290822347,-8.645495849743224,43.276969824050525,9.928417791878706,-0.19977128447053655,0.631578947368421,0.5777777777777777,-27.483013469503636,9.59390884899256,0.38886111388861117,0.1860813918608139,24,14,-18.39909346898397,0.7142857142857143,17,13,0.005688545031426009,0.6153846153846154,4,-33.48989486694336,0.0,0.04074282775385943,1.0
430,delta,8,6,45,19,2.5321281380123564,1.31372110258069,8.155117835745086,1.870912343088366,0.16109161498837654,0.6842105263157895,0.6444444444444445,-2.37345905445124,4.635272339613814,0.4901509849015098,0.2385761423857614,24,14,3.262073460079375,0.7142857142857143,17,13,0.08783894930130387,0.5384615384615384,4,2.4403600096702576,0.06686270710636523,0.04071677461034822,1.0
431,delta,6,16,45,19,1.4236723449495103,1.9955267351970336,8.740777924014088,2.0052719820372973,0.22830081630544552,0.42105263157894735,0.5333333333333333,-1.5055317586189823,6.129860498612387,0.3608639136086391,0.17738226177382263,24,14,1.5391008059183757,0.5714285714285714,17,13,-3.040216170824491,0.6153846153846154,4,7.070331126451492,0.0,0.0405534344753094,1.0
432,delta,18,21,45,19,-3.439529938167996,-2.361777535656042,11.920686118034801,2.734792954009572,-0.19812429521845307,0.631578947368421,0.6,-7.276150840416289,3.1630594637310288,0.39876012398760124,0.19978002199780023,24,14,-6.779709713799613,0.6428571428571429,17,13,3.5727330354543834,0.5384615384615384,4,-4.294828176498413,0.0,0.04040692863007924,1.0
433,delta,17,17,45,19,-2.4824240684509276,-1.271142089576052,10.520534608494316,2.4135761679183663,-0.12082485699440858,0.6842105263157895,0.6222222222222222,-5.867370010990846,3.3791107401513196,0.6004399560043996,0.2967703229677032,24,14,-0.24897340933481843,0.6428571428571429,17,13,-1.2592212787041297,0.46153846153846156,4,-4.497988939285278,0.19586591568048495,0.04038342542124822,1.0
434,delta,12,17,45,19,2.7442867120107013,1.0529076802103143,9.57526222933276,2.196715811345446,0.10996123709122532,0.5789473684210527,0.6222222222222222,-3.3221858843899605,5.023078377414166,0.6432356764323568,0.3157684231576842,24,14,0.30136369665463747,0.5,17,13,4.342522489718902,0.7692307692307693,4,-2.509450078010559,0.2862204372889,0.04033829549732805,1.0
435,delta,18,23,45,19,0.9472808175616794,2.0880151234175033,10.25802886429948,2.35335321996867,0.20354935154104714,0.5789473684210527,0.6,-2.573857445622745,6.366599098684493,0.38236176382361764,0.19038096190380963,24,14,2.998979344254448,0.6428571428571429,17,13,-3.238672818893041,0.5384615384615384,4,12.069870233535767,0.0,0.04017421411994351,1.0
436,delta,12,2,45,19,-2.2672156956460743,-1.7479068785905838,8.314899126073223,1.907568685067781,-0.21021384049141756,0.5263157894736842,0.6222222222222222,-5.385419325857309,1.8672683593800714,0.3762623737626237,0.18618138186181382,24,14,0.6471234701928638,0.5714285714285714,17,13,-2.519002710397427,0.6923076923076923,4,-6.606283903121948,0.0,0.04010658798849413,1.0
437,delta,1,19,45,19,0.1350408398442798,0.2969623540054288,1.4250707914092016,0.3269336614286442,0.2083842822374974,0.5263157894736842,0.4444444444444444,-0.3127732741858876,0.9176972692080754,0.37666233376662334,0.18948105189481051,24,14,0.44331271077195805,0.5714285714285714,17,13,-0.48985296946305495,0.6923076923076923,4,0.4970622956752777,0.0,0.039757527532154106,1.0
438,delta,19,11,45,19,-4.933829307556152,-3.7853356118787795,20.129170964628187,4.617948529056179,-0.18805223615669656,0.6842105263157895,0.6,-12.268012915577804,5.025974068411607,0.4276572342765723,0.21107889211078892,24,14,-3.2795072623661587,0.6428571428571429,17,13,0.4580379021473421,0.46153846153846156,4,-26.33257782459259,0.0,0.039589944454041376,1.0
439,delta,3,3,45,19,-0.26293620069821677,-0.06211043240731224,1.1999081206247346,0.27527780207037,-0.05176265693991163,0.5263157894736842,0.4444444444444444,-0.5579457168385648,0.49210067444987465,0.8335166483351665,0.42775722427757223,24,14,-0.10629019921734219,0.42857142857142855,17,13,-0.12517865804525521,0.38461538461538464,4,-0.4535904973745346,1.0,0.03950308029624835,1.0
440,delta,12,3,45,19,0.4127496454450819,-1.811965010668102,8.831170075329226,2.026009363767398,-0.2051783620077719,0.5263157894736842,0.4444444444444444,-5.826869716639059,1.8184936583303564,0.38846115388461155,0.19508049195080493,24,14,1.0866732866991133,0.5714285714285714,17,13,-1.897787500650455,0.6153846153846154,4,-5.735445499420166,0.0,0.03914587169885121,1.0
441,delta,1,23,45,19,0.1696860780318578,0.2292298960842584,1.0915763113308479,0.25042478053968725,0.20999896544546823,0.47368421052631576,0.5555555555555556,-0.23786233315538421,0.71381828181707,0.3748625137486251,0.1902809719028097,24,14,0.7522650091421037,0.7857142857142857,17,13,-0.4670483362980378,0.6923076923076923,4,0.45496977865695953,0.0,0.038684019950480986,1.0
442,delta,3,5,45,19,0.2522953401837084,0.5840172378771138,2.8913052309782956,0.6633109114086797,0.20199086268021138,0.5263157894736842,0.5555555555555556,-0.6883215313368853,1.8524768686984057,0.38336166383361664,0.19208079192080793,24,14,-0.9348729607604799,0.5,17,13,1.2067809661802573,0.6153846153846154,4,2.8397503942251205,0.0,0.03853773037977717,1.0
443,delta,11,8,45,19,1.0185560014512804,1.9855543793293464,10.268392750654334,2.35573085856252,0.19336564421952215,0.5789473684210527,0.4888888888888889,-2.2002174523838773,6.742868269640101,0.4326567343265673,0.2141785821417858,24,14,4.106610616048178,0.6428571428571429,17,13,-0.9467103297893817,0.46153846153846156,4,6.044672012329102,0.0,0.038164271885432005,1.0
444,delta,8,13,45,19,-0.6226354969872369,-1.7973099905147887,8.700587486523368,1.9960516633257848,-0.20657340591065862,0.47368421052631576,0.4888888888888889,-5.672667641388742,2.053081897371693,0.38846115388461155,0.1897810218978102,24,14,-0.010686161972227508,0.42857142857142855,17,13,0.14388317328232986,0.6153846153846154,4,-9.611630201339722,0.0,0.03805299582564764,1.0
445,delta,10,6,45,19,-0.35517186323801675,0.307640405600531,5.758310016281195,1.3210469182393567,0.05342546766858689,0.42105263157894735,0.5111111111111111,-2.1159157149362984,2.9685531987563527,0.823917608239176,0.41285871412858716,24,14,0.9482107488881973,0.5,17,13,1.2898227312625983,0.5384615384615384,4,-3.8408454060554504,1.0,0.037960200711890685,1.0
446,delta,20,5,45,19,2.033974011739095,4.008434295654298,22.3382721689345,5.124751103036453,0.17944245039814527,0.6842105263157895,0.5555555555555556,-6.258408718882946,12.998184595087116,0.46715328467153283,0.23117688231176883,24,14,-0.41383723985581106,0.35714285714285715,17,13,9.695758685087547,0.6153846153846154,4,15.37460744380951,0.0,0.0377773579785569,1.0
447,delta,1,21,45,19,-0.4503096878528595,-0.25916619415868797,1.6442108337855257,0.3772078350708346,-0.15762345608804945,0.5263157894736842,0.5777777777777777,-0.9568682519098123,0.4848458282649515,0.5041495850414959,0.24927507249275072,24,14,-0.021975895123822347,0.5714285714285714,17,13,-0.4618048622057988,0.5384615384615384,4,-1.568530797958374,0.08479460523453326,0.037722954318890604,1.0
448,delta,6,6,45,19,0.997717899746365,0.7383206570357606,4.134288723262711,0.9484708814801025,0.1785846868607402,0.6842105263157895,0.5777777777777777,-1.1411667094157452,2.443977957937801,0.44465553444655537,0.21607839216078392,24,14,1.7414145022630692,0.6428571428571429,17,13,-0.0978725751241048,0.5384615384615384,4,-0.06121683120727539,0.0,0.037596776181208456,1.0
449,delta,13,30,45,19,-2.394394286473592,-1.7079532585645973,8.706919089824407,1.9975042327436698,-0.1961604605423113,0.5263157894736842,0.6222222222222222,-5.4319541234196285,2.154259630985427,0.40415958404159585,0.20257974202579743,24,14,-9.512657171203978,0.7857142857142857,17,13,9.485926408034105,0.7692307692307693,4,3.363196849822998,0.0,0.037425351024519916,1.0
450,delta,3,26,45,19,-0.8081125921673245,-0.5665092677400824,3.0951362394887654,0.7100729518116858,-0.18303209419746083,0.631578947368421,0.6666666666666666,-1.827942329187665,0.8232266957822594,0.42485751424857515,0.2126787321267873,24,14,0.4868756741994904,0.42857142857142855,17,13,-1.779265291415728,0.6923076923076923,4,0.5756826251745224,0.0,0.037328913948166356,1.0
451,delta,3,22,45,19,-0.6905999706851111,-0.6924913817068985,3.664323636973106,0.840653496315431,-0.1889820469785052,0.5789473684210527,0.6,-2.2944373135471294,0.8946891425961719,0.4203579642035796,0.21127887211278873,24,14,-1.81647733989216,0.6428571428571429,17,13,0.40013908308285934,0.5384615384615384,4,-0.990315780043602,0.0,0.03729908821944182,1.0
452,delta,1,6,45,19,-0.026450875401496887,-0.24609492862956564,1.3058396895990454,0.29958017070667153,-0.1884572283946496,0.5789473684210527,0.5777777777777777,-0.818976487941517,0.32093917792172805,0.41705829417058293,0.21457854214578542,24,14,0.2943177269328208,0.5,17,13,-0.2202200587743368,0.6153846153846154,4,-1.5509976744651794,0.0,0.03719550560420716,1.0
453,delta,2,10,45,19,-0.11361449625757006,-0.16465844449244046,1.0684298543883057,0.24511461913371058,-0.15411254544802122,0.42105263157894735,0.6444444444444445,-0.6423924727398052,0.2995022112863104,0.5097490250974902,0.25447455254474555,24,14,-0.34271577852112906,0.7142857142857143,17,13,-0.019401220939098282,0.5384615384615384,4,0.021138206124305725,0.11782706316036527,0.03705189240676036,1.0
454,delta,17,5,45,19,1.0521021710501777,1.9852735755736366,10.275398809991703,2.3573381588069435,0.19320647424829632,0.5263157894736842,0.5333333333333333,-2.532771510905341,6.45277658876097,0.40245975402459755,0.20717928207179281,24,14,0.4243259146100001,0.5714285714285714,17,13,-1.0737016537250619,0.6923076923076923,4,15.2101469039917,0.0,0.03686176153421442,1.0
455,delta,22,26,45,19,6.551939201354981,11.654674153578906,62.44646623560444,14.326201879064447,0.18663464654039758,0.5789473684210527,0.5333333333333333,-14.727278951594705,39.48533080377076,0.42915708429157085,0.2151784821517848,24,14,-13.349191506703695,0.5714285714285714,17,13,25.53856817881266,0.6153846153846154,4,17.367164611816406,0.0,0.036835785501394255,1.0
456,delta,12,10,45,19,-0.7001933733622233,-1.711277603057393,9.188198137933613,2.107917218762169,-0.18624735528855849,0.5789473684210527,0.4888888888888889,-5.847465618190012,2.1869465408095135,0.43395660433956607,0.21387861213878612,24,14,-3.2143187324206037,0.7142857142857143,17,13,2.1169195297436834,0.6153846153846154,4,-3.085745334625244,0.0,0.03675934643853128,1.0
457,delta,2,18,45,19,-0.24327658282385933,-0.38023017268431814,2.0420935269924816,0.46848838512730395,-0.1861962577415868,0.5789473684210527,0.4666666666666667,-1.3089886504307129,0.49621119207718883,0.44515548445155484,0.21977802219778023,24,14,-0.6865781989125977,0.5714285714285714,17,13,0.7523959256135501,0.6153846153846154,4,-1.4781381487846375,0.0,0.036749261396365814,1.0
458,delta,17,25,45,19,1.6680045869615343,2.5449705563093485,13.826843568819411,3.1720954644541624,0.18406012504896285,0.5789473684210527,0.5111111111111111,-3.4300294409195584,8.68599092793046,0.42025797420257976,0.2116788321167883,24,14,3.89443264121101,0.5714285714285714,17,13,-1.5143613326243863,0.5384615384615384,4,-0.01314854621887207,0.0,0.03632765625966372,1.0
459,delta,9,32,45,19,0.8660483174853855,1.5732941742528948,9.118529191818006,2.091934066361068,0.17253815183972881,0.6842105263157895,0.5555555555555556,-2.4286228104902987,5.524445249872246,0.46185381461853814,0.22957704229577042,24,14,-4.734019009839921,0.7142857142857143,17,13,8.726261814435322,0.8461538461538461,4,4.166616797447205,0.0,0.03632382143994291,1.0
460,delta,1,5,45,19,0.09688208666112688,0.12242242543582331,0.6508013007130332,0.14930405800699664,0.18811029618670772,0.5263157894736842,0.5111111111111111,-0.1675231904265258,0.40597622214342666,0.41105889411058893,0.20717928207179281,24,14,-0.18628067807072685,0.6428571428571429,17,13,0.28527584767494446,0.6923076923076923,4,0.5777996480464935,0.0,0.03588946440404291,1.0
461,delta,10,1,45,19,-0.024007799890306263,1.0861047025312456,5.774987427305838,1.3248729787286362,0.18807048780674798,0.5263157894736842,0.4888888888888889,-1.4014162598733313,3.622233939353834,0.42805719428057193,0.2141785821417858,24,14,2.7136172311646596,0.7142857142857143,17,13,-2.275605861957257,0.6923076923076923,4,3.059085786342621,0.0,0.035881869384182176,1.0
462,delta,1,2,45,19,-0.08371543685595194,-0.029820907795638386,0.6812819064641313,0.1562967885442041,-0.04377175955018324,0.6842105263157895,0.5777777777777777,-0.31472053206934214,0.27962881169821074,0.8536146385361464,0.42755724427557246,24,14,-0.1266343245903651,0.5714285714285714,17,13,-0.02870014080634484,0.5384615384615384,4,-0.2123173028230667,0.9624167380492197,0.03582142772317255,1.0
463,delta,16,28,45,19,2.9979926241768733,2.1261339469959863,12.641854430397553,2.900240311634467,0.16818212539164043,0.6842105263157895,0.6222222222222222,-3.5071387907653517,7.48345867505199,0.48585141485851413,0.2420757924207579,24,14,8.09765006247021,0.7857142857142857,17,13,-9.778303207495274,0.7692307692307693,4,2.814703494310379,0.0,0.03540676324034535,1.0
464,delta,0,24,45,19,-0.023892408940527174,0.2022541306520763,1.1360575373286332,0.2606294736454315,0.1780315908362036,0.5789473684210527,0.5333333333333333,-0.2832862852435363,0.6919079867763477,0.43585641435856415,0.21247875212478753,24,14,0.2236863383579822,0.6428571428571429,17,13,-0.06459989188573302,0.38461538461538464,4,-0.07117778062820435,0.0,0.03513781398082966,1.0
465,delta,3,4,45,19,-0.09219042195214165,-0.23242034776168963,1.3210687524421443,0.303073957334982,-0.1759335744881063,0.5789473684210527,0.4888888888888889,-0.8187185442499947,0.3378520069153684,0.46525347465253475,0.23247675232476753,24,14,-0.16211512400990438,0.42857142857142855,17,13,0.028675027382679463,0.38461538461538464,4,-0.645271509885788,0.0,0.034723731806863084,1.0
466,delta,5,25,45,19,-1.497139694955614,-0.8767779260350949,5.173899648153746,1.186973984753833,-0.16946171856038303,0.631578947368421,0.6,-3.0149290713040453,1.460609958020216,0.4814518548145185,0.23687631236876314,24,14,-3.6453205261911665,0.7142857142857143,17,13,0.9586087373586801,0.5384615384615384,4,0.10962089896202087,0.0,0.03456127154849917,1.0
467,delta,10,32,45,19,2.6453992631700305,1.5660746787723745,8.682199983894966,1.9918332809162431,0.1803776325905142,0.5263157894736842,0.5777777777777777,-2.207833552621958,5.317923107011274,0.43085691430856915,0.21957804219578042,24,14,5.125089219638279,0.6428571428571429,17,13,-2.886347092114962,0.5384615384615384,4,-7.263184309005737,0.0,0.0344141535863481,1.0
468,delta,17,28,45,19,-2.6456030633714462,-2.311328388096993,13.287686749474226,3.0484044070727685,-0.17394512917671306,0.5789473684210527,0.5111111111111111,-8.132434652510442,3.519385009847189,0.45025497450254975,0.22827717228277172,24,14,-13.773632021177383,0.8571428571428571,17,13,15.777290197519156,0.9230769230769231,4,-1.2207980155944824,0.0,0.03433127549540389,1.0
469,delta,19,31,45,19,3.63040714263916,4.7913898752446755,26.673643648115476,6.11935353253426,0.1796301224704707,0.5263157894736842,0.5333333333333333,-6.334298167521494,16.934123600156678,0.4637536246375362,0.23767623237676233,24,14,8.562953057743254,0.5714285714285714,17,13,-1.9822753148201184,0.5384615384615384,4,-3.3431555032730103,0.0,0.03427153652397138,1.0
470,delta,21,21,45,19,-6.50684871673584,-1.9650574985303377,46.81506886406725,10.740113379650873,-0.04197489283282057,0.631578947368421,0.5333333333333333,-20.973946602302682,19.36843313752559,0.855014498550145,0.42185781421857815,24,14,-9.678723516918366,0.7142857142857143,17,13,-4.3447023049379005,0.5384615384615384,4,8.855398416519165,1.0,0.03424267573203783,1.0
471,delta,17,16,45,19,3.3716291374630396,1.9952314130046909,11.99021251794253,2.7507434040677814,0.16640500825310345,0.631578947368421,0.5333333333333333,-3.50093695808921,6.789227991355083,0.48495150484951505,0.23667633236676333,24,14,-0.08659517765045166,0.5,17,13,8.31200805077186,0.7692307692307693,4,0.2360236644744873,0.0,0.03393786352530399,1.0
472,delta,0,22,45,19,-0.12184515098730724,-0.1497527475942645,0.9035770640039691,0.2072947952470781,-0.16573323246018856,0.631578947368421,0.6,-0.5616852701037076,0.2175078422746114,0.4891510848915108,0.24477552244775522,24,14,0.1306829106594835,0.5714285714285714,17,13,-0.4120731712915958,0.6923076923076923,4,-0.46875231713056564,0.0,0.03380085662017004,1.0
473,delta,2,12,45,19,0.055085617966122095,0.24734039081816092,1.4982863538825504,0.3437304634242135,0.16508218884675885,0.631578947368421,0.4666666666666667,-0.38116450553531184,0.9371190189923109,0.49265073492650735,0.2506749325067493,24,14,-0.33348105422088076,0.6428571428571429,17,13,0.23124025800289252,0.6153846153846154,4,0.8841221854090691,0.0,0.03366807798848371,1.0
474,delta,5,23,45,19,0.10250336064232721,1.14324551820755,6.5093804496258185,1.4933542928935943,0.17563046545747188,0.5263157894736842,0.5333333333333333,-1.6362827787273808,4.052090561625203,0.45085491450854914,0.23057694230576942,24,14,3.2517067236559734,0.6428571428571429,17,13,-2.1116053874676046,0.5384615384615384,4,-1.3541219234466553,0.0,0.033508444067543976,1.0
475,delta,22,30,45,19,-3.753820376925998,-9.982996271367659,57.642663952933844,13.224134053016494,-0.17318762851624858,0.5263157894736842,0.5111111111111111,-34.51689073579353,15.083987234349836,0.46355364463553644,0.23247675232476753,24,14,-8.719268685295466,0.5714285714285714,17,13,6.217792584345891,0.6923076923076923,4,-29.63147735595703,0.0,0.033042376493231634,1.0
476,delta,10,20,45,19,0.4813792732026842,0.5550673028878995,9.611469700657471,2.2050223749510023,0.05775051268693384,0.5789473684210527,0.5111111111111111,-3.799502365683255,4.557854388523517,0.8072192780721927,0.39856014398560147,24,14,0.3512458233606246,0.42857142857142855,17,13,1.4696193291590764,0.5384615384615384,4,0.03984332084655762,0.6327986201550078,0.03303628557464642,1.0
477,delta,20,6,45,19,4.656896866692437,3.0999595094145387,18.84730960648733,4.323869364857979,0.16447756067781252,0.5789473684210527,0.5555555555555556,-5.111719609509434,11.146014441994197,0.48085191480851913,0.24027597240275972,24,14,5.486169849123273,0.7142857142857143,17,13,-4.119132726620405,0.5384615384615384,4,18.02903413772583,0.0,0.03246267644956826,1.0
478,delta,8,17,45,19,-1.1281409607993231,-0.2679099377832916,6.91231936189695,1.5857948191572817,-0.03875832752463697,0.631578947368421,0.5777777777777777,-3.2693684172212034,2.8709638021494204,0.8698130186981302,0.43215678432156784,24,14,-1.5665969933782304,0.5714285714285714,17,13,-1.3262159427007039,0.7692307692307693,4,-0.22745013236999512,1.0,0.03161863561220384,1.0
479,delta,12,11,45,19,-1.9259670628441705,-1.6669201369871176,10.418610434876012,2.3901931588285725,-0.15999447790150098,0.5789473684210527,0.5555555555555556,-6.304250847456747,2.7745205447862014,0.4951504849515049,0.24567543245675433,24,14,0.1872509249619075,0.42857142857142855,17,13,-0.46824925679426926,0.46153846153846156,4,-9.57929527759552,0.0,0.031577857480559406,1.0
480,delta,16,22,45,19,-3.8925627920362684,-1.874191359469765,11.328479565848308,2.5989314532367525,-0.1654406797113219,0.5263157894736842,0.5555555555555556,-6.766013225965332,3.252107470913937,0.4774522547745225,0.23607639236076391,24,14,-8.900350701241265,0.6428571428571429,17,13,1.2040454913408327,0.46153846153846156,4,10.96236801147461,0.0,0.031564340208081146,1.0
481,delta,22,10,45,19,-2.1326436731550427,10.668140904945242,65.04474059595735,14.922286898241875,0.16401235222403648,0.5263157894736842,0.5111111111111111,-16.776229662539667,40.343164383633095,0.48455154484551544,0.24437556244375563,24,14,-14.022336851982844,0.5,17,13,17.166201542585323,0.6153846153846154,4,7.627569675445557,0.0,0.03129183035853327,1.0
482,delta,14,18,45,19,-2.382166939311557,-1.7242103909191329,11.238861989320295,2.578371771149877,-0.15341503370693227,0.631578947368421,0.5777777777777777,-6.556687282548662,3.297138554380649,0.5154484551544846,0.2596740325967403,24,14,0.6314089468547276,0.5,17,13,-1.7069248878038847,0.46153846153846156,4,-9.053041815757751,0.0,0.031288592400755925,1.0
483,delta,22,18,45,19,-0.9952328787909613,-9.106196871975012,55.77307986351781,12.795222047110387,-0.16327226135366324,0.5263157894736842,0.5333333333333333,-33.8211045662562,14.039092197334543,0.48885111488851113,0.24017598240175983,24,14,17.442552702767507,0.6428571428571429,17,13,-23.09034567612868,0.6153846153846154,4,-31.859145402908325,0.0,0.031150628810896273,1.0
484,delta,20,18,45,19,7.976258616977268,4.6760543480254055,30.652478368215064,7.032160819795578,0.15255061244490484,0.631578947368421,0.6,-10.3324347989601,16.31889510175637,0.5526447355264473,0.2796720327967203,24,14,20.940981887635733,0.7142857142857143,17,13,-1.3789045138236806,0.46153846153846156,4,-22.960866689682007,0.0,0.031112295959158223,1.0
485,delta,5,30,45,19,1.022142896387312,0.22863864584972973,5.611637361273307,1.2873979034519785,0.04074366020648393,0.5263157894736842,0.4666666666666667,-2.0908410265257484,2.781074313636411,0.8647135286471352,0.42875712428757123,24,14,1.2092302406118027,0.5714285714285714,17,13,0.8803806824561877,0.38461538461538464,4,-2.935710847377777,1.0,0.03109384594705352,1.0
486,delta,5,28,45,19,-1.3611841334236994,-0.7811917955415292,4.631380089085953,1.0625114619711615,-0.1686736524567356,0.47368421052631576,0.6,-2.851273703470565,1.232195448509433,0.47455254474552544,0.23547645235476453,24,14,-1.0389285754589808,0.5,17,13,0.12610853024018118,0.5384615384615384,4,-2.489173471927643,0.0,0.03107146229466182,1.0
487,delta,17,9,45,19,3.5515280114279855,2.2891008665687154,13.637992473916963,3.128770051924858,0.16784734783705768,0.47368421052631576,0.6,-3.471414042538717,8.251215445864617,0.47155284471552844,0.23637636236376364,24,14,3.9388987507138933,0.6428571428571429,17,13,-2.698662369679182,0.5384615384615384,4,8.824449390172958,0.0,0.030919248285773783,1.0
488,delta,4,10,45,19,0.14740454852581025,0.4925974126447711,3.154631667032089,0.7237221389834803,0.1561505318648538,0.5789473684210527,0.5111111111111111,-0.8679794537066892,1.8670876772126606,0.5077492250774922,0.25507449255074494,24,14,-0.5644036297287259,0.5714285714285714,17,13,1.3527032568668709,0.5384615384615384,4,1.363116905093193,0.0,0.03081918392069483,1.0
489,delta,11,31,45,19,-0.4428117593129476,1.6124615167316645,11.02078906335579,2.5283424108024293,0.14631089547781218,0.6842105263157895,0.4888888888888889,-3.272250094016393,6.299838916460672,0.5262473752624738,0.25677432256774324,24,14,-1.7072398378735498,0.5,17,13,4.767623348113817,0.6923076923076923,4,10.556551545858383,0.0,0.03080229378480256,1.0
490,delta,7,13,45,19,0.08229071696599324,1.0832555314950776,6.50386220404438,1.4920883205338507,0.16655573219578096,0.47368421052631576,0.4666666666666667,-1.7228772970929478,3.861366554284305,0.4754524547545245,0.23557644235576441,24,14,-0.034350620848791875,0.6428571428571429,17,13,-0.11529633632073036,0.5384615384615384,4,6.812903672456741,0.0,0.03068131908869649,1.0
491,delta,16,4,45,19,0.13318726552857293,-1.5868005475454166,9.212094905043257,2.1133995131257617,-0.17225186712706425,0.42105263157894735,0.4,-5.830710676155592,2.2517193833333327,0.4674532546745325,0.23627637236276372,24,14,-2.009042208393415,0.5714285714285714,17,13,0.07141739894182236,0.5384615384615384,4,-4.106563687324524,0.0,0.03059737113441273,1.0
492,delta,15,10,45,19,-0.7757551246219211,-1.9676766981158342,11.425106429762678,2.6210991761332783,-0.17222392720911456,0.42105263157894735,0.6,-7.004102912911198,2.921093765580863,0.45535446455354467,0.2308769123087691,24,14,-0.11561920813151769,0.42857142857142855,17,13,0.3565051249968699,0.6153846153846154,4,-5.404136657714844,0.0,0.030592408122671666,1.0
493,delta,21,9,45,19,-2.8400138113233777,-4.5511486258423135,29.374703425034898,6.739019143484485,-0.1549342834203238,0.5789473684210527,0.5333333333333333,-17.565925494934383,8.308275133580485,0.5058494150584941,0.2586741325867413,24,14,-11.739264022736323,0.7142857142857143,17,13,4.452153450403458,0.6153846153846154,4,1.151999831199646,0.0,0.030579134885590227,1.0
494,delta,20,29,45,19,-0.8393334176805284,-4.911160945892333,31.73712109546284,7.280994927054493,-0.15474500447346612,0.5789473684210527,0.4444444444444444,-19.464530231659875,8.164572636286413,0.5123487651234877,0.2598740125987401,24,14,-15.731881936391195,0.7142857142857143,17,13,8.74357782266079,0.6923076923076923,4,19.30133295059204,0.0,0.03054177719871042,1.0
495,delta,17,7,45,19,-1.481070970164405,-2.0009223081563645,12.966818178255027,2.9747921083305173,-0.15431097133079666,0.5789473684210527,0.5555555555555556,-8.171418288742242,3.314971121387523,0.5385461453854614,0.26907309269073093,24,14,-3.295660668895358,0.6428571428571429,17,13,1.7199177772570877,0.6153846153846154,4,-11.893867552280426,0.0,0.030456112762657236,1.0
496,delta,16,30,45,19,1.2536496241887412,1.0428981864661502,6.993118014392814,1.604331301315373,0.1491320730351926,0.631578947368421,0.5777777777777777,-2.1439155174974815,4.014808518295747,0.5322467753224678,0.2685731426857314,24,14,-0.6113132380303882,0.5,17,13,2.5820477528449812,0.6153846153846154,4,4.687437295913696,0.0,0.030415093842703755,1.0
497,delta,17,21,45,19,-4.2446169058481855,-2.096560747999894,14.087867601320582,3.2319784844282715,-0.14882030462888254,0.631578947368421,0.5777777777777777,-8.003802386553664,4.233388791586224,0.5216478352164784,0.2575742425757424,24,14,-9.542802566573732,0.7142857142857143,17,13,6.129844268163045,0.6153846153846154,4,-5.897035121917725,0.0,0.03035150949667999,1.0
498,delta,22,15,45,19,-1.752344889110989,-6.638380443840697,43.33295207610187,9.941261001316793,-0.1531947427025579,0.5789473684210527,0.4,-26.991364823726187,10.704442168223222,0.5455454454554545,0.27687231276872315,24,14,1.5528287149610966,0.5,17,13,-0.31437420233702057,0.3076923076923077,4,-22.095781803131104,0.0,0.030235804480768007,1.0
499,delta,18,30,45,19,3.274500995212131,3.0023206995244607,17.763062376325927,4.075125990853377,0.16902044455610668,0.42105263157894735,0.5555555555555556,-4.677061244479397,10.787064293392918,0.47265273472652736,0.2400759924007599,24,14,-1.1696595464433943,0.7142857142857143,17,13,8.818204219524677,0.6923076923076923,4,-7.742231130599976,0.0,0.03002336844088737,1.0
500,delta,18,13,45,19,-2.431276125378079,-1.5414464829260843,9.95987301115867,2.284951576112568,-0.15476567634939775,0.5263157894736842,0.5555555555555556,-5.960621907679657,2.760596522584296,0.5038496150384961,0.24907509249075094,24,14,-6.624444107214609,0.7857142857142857,17,13,2.8692417756105075,0.6153846153846154,4,-2.0086193084716797,0.0,0.029527661935082463,1.0
501,delta,17,8,45,19,0.6878266758388943,2.199508901227985,13.855240142095628,3.1786100851517345,0.15874924423325842,0.47368421052631576,0.4888888888888889,-3.587978266623982,8.491057388249196,0.5124487551244875,0.2575742425757424,24,14,-3.403842500277928,0.5714285714285714,17,13,5.3570005893707275,0.6153846153846154,4,4.736422300338745,0.0,0.02924328183244234,1.0
502,delta,10,8,45,19,0.5419788466559516,1.505497066598189,9.87995867292397,2.2666179695596735,0.15237888299310445,0.5263157894736842,0.5111111111111111,-2.4988428908481937,6.160604309617425,0.5583441655834417,0.2800719928007199,24,14,2.8213446140289307,0.5714285714285714,17,13,-0.3868731046334291,0.46153846153846156,4,4.7572407722473145,0.0,0.029072286886842293,1.0
503,delta,2,9,45,19,-0.006752378741900126,0.03792920022418624,1.0037891916287864,0.23028503404885597,0.037786021746897755,0.5263157894736842,0.5555555555555556,-0.41023251613471334,0.47614700988653935,0.8767123287671232,0.44185581441855815,24,14,0.11932271080357684,0.5,17,13,0.41840381939441734,0.9230769230769231,4,-1.3876923322677612,1.0,0.02883670080684302,1.0
504,delta,11,10,45,19,-0.4336894406212701,-1.2912484804789226,8.555431024421834,1.962750487046707,-0.1509273439050587,0.5263157894736842,0.4888888888888889,-5.192697647998207,2.3738529759540854,0.5225477452254774,0.25877412258774124,24,14,-2.5834494942710515,0.6428571428571429,17,13,1.9323636385110707,0.5384615384615384,4,-3.0047284364700317,0.0,0.028795348508201982,1.0
505,delta,7,14,45,19,-0.6521863407558866,-1.2077814947094836,8.0393198468903,1.8443464624945105,-0.15023428818753454,0.5263157894736842,0.5333333333333333,-5.003256674503025,2.1302642776777834,0.5520447955204479,0.27757224277572246,24,14,-0.057313087440672206,0.6428571428571429,17,13,2.4240866043628793,0.5384615384615384,4,-7.314607203006744,0.0,0.028663120772621717,1.0
506,delta,4,13,45,19,-0.35831193062994215,0.6964555738265054,4.503555478394182,1.03318648510259,0.1546457187366188,0.47368421052631576,0.4444444444444444,-1.1603808345371172,2.755525057462223,0.5184481551844815,0.2586741325867413,24,14,0.8544157165147009,0.5714285714285714,17,13,-1.3811071759615188,0.6923076923076923,4,1.3154228031635284,0.0,0.028487369240956094,1.0
507,delta,10,2,45,19,-1.0266994449827407,-0.8526138433238917,5.942364337776882,1.363271875477338,-0.1434805735325993,0.5789473684210527,0.5333333333333333,-3.3877513533360073,1.75607417021927,0.533946605339466,0.2635736426357364,24,14,0.6318489611148834,0.42857142857142855,17,13,-1.4441383954806204,0.5384615384615384,4,-5.877014756202698,0.0,0.028318534249855126,1.0
508,delta,11,3,45,19,0.7726695444848802,-1.3713948041723485,9.29926443679831,2.1333975752245005,-0.14747347099256303,0.5263157894736842,0.5333333333333333,-5.486458492239839,2.474035075202322,0.5242475752424758,0.26147385261473854,24,14,1.4393715794597353,0.5714285714285714,17,13,-1.3944101150219257,0.6923076923076923,4,-5.406515598297119,0.0,0.028136385913054784,1.0
509,delta,4,3,45,19,-0.06913919481966231,0.20941364333817836,1.476092313342805,0.3386388013262348,0.14187028917177522,0.5789473684210527,0.5555555555555556,-0.38135033812569946,0.9025702557706256,0.5648435156484352,0.28857114288571145,24,14,0.31643406213039443,0.6428571428571429,17,13,-0.05054863676046716,0.38461538461538464,4,-0.3558826893568039,0.0,0.02800071496811353,1.0
510,delta,2,3,45,19,0.07116297880808513,-0.03294254787135544,0.8997607362144104,0.20641926960654589,-0.036612564369007235,0.5263157894736842,0.5333333333333333,-0.43721915377924847,0.3510717934847139,0.8720127987201279,0.44385561443855615,24,14,-0.10232075090919222,0.5,17,13,-0.07306756098300983,0.6153846153846154,4,0.8118772432208061,1.0,0.027941167544768677,1.0
511,delta,5,16,45,19,1.029480226834615,1.0403714221820497,7.1647651926833404,1.6437098646897053,0.1452066319276558,0.5263157894736842,0.5555555555555556,-1.9965691083355952,4.204520974347464,0.5492450754924507,0.2743725627437256,24,14,0.8141093835944221,0.5714285714285714,17,13,-1.8923240319276466,0.6153846153846154,4,3.243712306022644,0.0,0.027703896880934324,1.0
512,delta,0,1,45,19,0.027342720992035337,0.036375762143155986,0.259733810146045,0.05958702266565207,0.1400501618279975,0.5789473684210527,0.5777777777777777,-0.07648681164637468,0.14878612326196672,0.5503449655034497,0.28417158284171584,24,14,0.11821321655242215,0.7142857142857143,17,13,-0.07615959147612254,0.5384615384615384,4,0.007868912070989609,0.0,0.027641479308157402,1.0
513,delta,14,12,45,19,-1.990000441339281,-1.1953993857952583,8.566968416099996,1.9653973462255045,-0.13953586936876425,0.5789473684210527,0.5111111111111111,-4.919475628618608,2.546822948413982,0.5443455654434557,0.276972302769723,24,14,-1.4882056769870575,0.35714285714285715,17,13,1.1951055710132306,0.5384615384615384,4,-2.9444711208343506,0.0,0.02753997421751926,1.0
514,delta,3,2,45,19,-0.25176766001515916,-0.14273531391824545,1.026778021318964,0.2355590332830534,-0.13901282551304767,0.5789473684210527,0.6,-0.5886697606273453,0.31497130729339756,0.543045695430457,0.2646735326467353,24,14,0.07090039489169918,0.5,17,13,-0.549570185251725,0.7692307692307693,4,-0.6657789200544357,0.0,0.027436741877575197,1.0
515,delta,10,16,45,19,-1.8211902883317737,-0.9075627452448795,6.767195440049578,1.552501108124493,-0.13411209315364925,0.631578947368421,0.5555555555555556,-3.8549577147291423,2.0398042145528295,0.5737426257374263,0.28377162283771623,24,14,-3.6706982623963134,0.6428571428571429,17,13,3.292525835526295,0.46153846153846156,4,-1.8437379002571106,0.0,0.027351808472125833,1.0
516,delta,18,8,45,19,-0.4860449684990777,-3.202961267086497,21.045909387910456,4.828262747200822,-0.15218925483573525,0.42105263157894735,0.4888888888888889,-12.781529813116055,5.588237694271821,0.5145485451454854,0.2598740125987401,24,14,1.431995261283148,0.6428571428571429,17,13,-9.04293836080111,0.6153846153846154,4,0.42832088470458984,0.0,0.027033617635295076,1.0
517,delta,18,29,45,19,2.5315365526411266,1.7040045094071767,11.719526214189685,2.688643707043613,0.14539875403359004,0.47368421052631576,0.5777777777777777,-3.534681339117519,6.779618268368536,0.5366463353664633,0.2662733726627337,24,14,1.0766278505325317,0.5714285714285714,17,13,-1.026036928861569,0.46153846153846156,4,11.606425881385803,0.0,0.026783981006187636,1.0
518,delta,17,19,45,19,3.2882444222768146,1.6104033432508762,11.492533728730642,2.6365680594089236,0.14012604889946634,0.5263157894736842,0.6444444444444445,-3.333633201059542,6.724425841632641,0.5563443655634437,0.27417258274172585,24,14,-1.2060026838665916,0.5,17,13,3.8061456496898947,0.6153846153846154,4,3.8451266288757324,0.0,0.026734575118977127,1.0
519,delta,6,25,45,19,2.2464975012673274,0.9114526018761753,6.510843380440595,1.4936899122400682,0.13998994425427208,0.5263157894736842,0.5777777777777777,-1.930654466335188,3.8187210469130877,0.547945205479452,0.27277272272772723,24,14,2.0438620221047175,0.7142857142857143,17,13,-0.5193835466335982,0.5384615384615384,4,2.2216992378234863,0.0,0.02670860778535454,1.0
520,delta,17,2,45,19,1.049729127354092,2.035682195111325,14.554777000386629,3.3390948468660717,0.13986350976433715,0.5263157894736842,0.5555555555555556,-3.9980491506425957,8.667932789053834,0.5631436856314369,0.2813718628137186,24,14,-3.1941371460755663,0.5714285714285714,17,13,3.767800373908801,0.7692307692307693,4,11.475245952606201,0.0,0.02668448541556432,1.0
521,delta,20,27,45,19,3.79180248843299,3.1301309414077223,23.166303426006532,5.314714501545398,0.13511568435617707,0.5789473684210527,0.5555555555555556,-6.970537696334354,13.322051894664762,0.557044295570443,0.2883711628837116,24,14,11.043834103005272,0.6428571428571429,17,13,-6.7274221029037085,0.6153846153846154,4,3.5909242630004883,0.0,0.02666756928082442,1.0
522,delta,20,25,45,19,-1.1853839609358046,-2.745238967109145,19.74422860462862,4.529636695039012,-0.13904007201707444,0.5263157894736842,0.5333333333333333,-11.552521534394801,5.767333459174424,0.5560443955604439,0.2782721727827217,24,14,-3.1715836638496038,0.6428571428571429,17,13,7.204358736673991,0.6153846153846154,4,-20.44506597518921,0.0,0.026527382161152357,1.0
523,delta,21,25,45,19,-2.902069007025825,-4.899384996347259,36.869043218896486,8.458338607168596,-0.132886144271739,0.5789473684210527,0.5333333333333333,-20.696850119557293,11.4420308978934,0.5684431556844316,0.28687131286871315,24,14,1.439246450151716,0.35714285714285715,17,13,-25.22123763500116,0.6923076923076923,4,24.192261219024658,0.0,0.02622752847468533,1.0
524,delta,15,17,45,19,2.233085033628676,1.2098052668989747,9.133699613857535,2.0954143998663928,0.13245511874109295,0.5789473684210527,0.6,-2.8871063983231258,5.173699000268651,0.577042295770423,0.28917108289171084,24,14,-1.3408208517801192,0.5714285714285714,17,13,7.145649115244548,0.7692307692307693,4,-2.0986396074295044,0.0,0.026142457646268345,1.0
525,delta,7,17,45,19,0.4128062129020691,1.1466934280960184,8.71691705065613,1.9997979222650888,0.13154804863144887,0.5263157894736842,0.4888888888888889,-2.1137322028477987,5.444641058859332,0.714928507149285,0.35326467353264673,24,14,-1.5344831602913993,0.42857142857142855,17,13,1.3479137290746737,0.5384615384615384,4,4.698448657989502,0.0,0.025097982962579056,1.0
526,delta,13,19,45,19,-1.0123123407363892,-0.8180240946903564,6.8625393135440165,1.5743744928322816,-0.11920137099628575,0.6842105263157895,0.6222222222222222,-3.5819850408455784,2.3546486721749886,0.6274372562743725,0.3070692930706929,24,14,-0.9476222906793866,0.6428571428571429,17,13,3.1153228130096045,0.5384615384615384,4,-6.311065435409546,0.0,0.025095025472902262,1.0
527,delta,5,2,45,19,-0.3006300104988946,-0.05613944561857926,1.7101265824707825,0.3923299449290903,-0.03282765509525574,0.5263157894736842,0.5555555555555556,-0.776469211149634,0.7340507602613222,0.8975102489751025,0.43945605439456054,24,14,-0.1659483349039441,0.42857142857142855,17,13,-0.2654458116262387,0.5384615384615384,4,0.2919027507305145,1.0,0.025052684151642534,1.0
528,delta,9,31,45,19,2.0355521069632636,1.4481568942990224,11.465550433869389,2.6303776670160834,0.12630504768625392,0.5789473684210527,0.6222222222222222,-3.508546278455801,6.584168974663082,0.5872412758724127,0.29817018298170184,24,14,4.293191092354911,0.7142857142857143,17,13,-2.8207164911123424,0.46153846153846156,4,-4.285243988037109,0.0,0.024928627832813275,1.0
529,delta,9,27,45,19,-2.077553216616313,-1.351981082506347,10.898413082447485,2.5002674353342207,-0.12405302242431877,0.5789473684210527,0.5333333333333333,-6.181431145521633,3.4646290017586003,0.5924407559244076,0.296970302969703,24,14,1.5728407970496587,0.5714285714285714,17,13,-5.666166550073868,0.6153846153846154,4,-0.7646443843841553,0.0,0.024484149162694493,1.0
530,delta,3,17,45,19,0.9528299841615889,0.34257305295843826,4.118805389190949,0.9449187610312663,0.08317291558796601,0.631578947368421,0.6444444444444445,-1.6285138194236837,2.02261553086471,0.7161283871612839,0.35996400359964004,24,14,0.05033091349261148,0.5,17,13,1.4584870842786937,0.7692307692307693,4,0.8637647330760956,0.14692023513804436,0.024439475819407305,1.0
531,delta,7,22,45,19,-1.4817443751626544,-0.7708475090432585,6.028603235301454,1.3830564354411259,-0.1278650259365946,0.5263157894736842,0.6444444444444445,-3.5015201854797304,1.6315441349749997,0.6085391460853915,0.30146985301469853,24,14,-1.3295616291108587,0.5714285714285714,17,13,0.4896870989065904,0.46153846153846156,4,-1.9085752367973328,0.0,0.02439530100106081,1.0
532,delta,6,26,45,19,0.8947643823093838,0.764383964371263,5.803991401145456,1.3315269466722148,0.1316997065537359,0.47368421052631576,0.6,-1.7558831088637052,3.291732973958316,0.5741425857414258,0.2850714928507149,24,14,-0.41071874825727356,0.5,17,13,3.1614250586583066,0.6153846153846154,4,0.9283002614974976,0.0,0.024260472259898715,1.0
533,delta,22,13,45,19,8.387424267662896,4.934865411959195,39.193526564687616,8.991611659813167,0.12591021641837621,0.5263157894736842,0.6222222222222222,-13.022388661848872,21.02310789603936,0.5962403759624038,0.3006699330066993,24,14,14.620933282943001,0.7142857142857143,17,13,-4.987925737332076,0.6153846153846154,4,23.330429553985596,0.0,0.02402234392192704,1.0
534,delta,5,5,45,19,-0.10099031262927585,-0.46103952642072715,3.803309029219332,0.8725389320748868,-0.12122063258040335,0.5789473684210527,0.5111111111111111,-2.107712798996975,1.1819138468618964,0.5984401559844016,0.295970402959704,24,14,0.9338964727662857,0.5,17,13,-1.4800195816235666,0.6923076923076923,4,-1.479275405406952,0.0,0.023925124851395398,1.0
535,delta,15,16,45,19,1.382299749056498,0.7637800584759629,6.101408039463889,1.3997590030173535,0.12518095061596204,0.5263157894736842,0.5111111111111111,-1.9736539012507384,3.438184245898011,0.595040495950405,0.29747025297470253,24,14,2.4036837163425626,0.5714285714285714,17,13,-3.250988147197625,0.46153846153846156,4,3.4747439324855804,0.0,0.023883207683308545,1.0
536,delta,14,11,45,19,1.953279791937934,1.423061676192702,11.894986904651768,2.728897150111407,0.11963541343926876,0.5789473684210527,0.4888888888888889,-3.478241817156474,6.71025490332068,0.6126387361263873,0.3073692630736926,24,14,0.11068705717722567,0.5,17,13,-1.2581145946796124,0.5384615384615384,4,10.600677490234375,0.0,0.023612252652487255,1.0
537,delta,0,5,45,19,0.0019143687354193793,0.06505773399482695,0.5260630408785055,0.12068713858532167,0.12366908324558018,0.5263157894736842,0.5333333333333333,-0.15505082684716112,0.3161194798356869,0.6149385061493851,0.30746925307469253,24,14,-0.03864875577744983,0.5714285714285714,17,13,0.09506526933266567,0.6923076923076923,4,0.32231327146291733,0.0,0.02359475930343306,1.0
538,delta,18,12,45,19,3.482338229815165,2.097514250299387,17.70617489751724,4.062075108154436,0.1184623026960781,0.5789473684210527,0.5555555555555556,-5.437254550961549,9.909869567762337,0.6227377262273772,0.30746925307469253,24,14,8.942434916893642,0.7142857142857143,17,13,-11.010553573950743,0.6923076923076923,4,13.326024651527405,0.0,0.023380717637383835,1.0
539,delta,17,24,45,19,0.8779663350847032,0.8232119250715823,12.267356944141945,2.8143246959924557,0.06710589158039396,0.42105263157894735,0.4444444444444444,-3.8851497260102055,6.752696463517974,0.8249175082491751,0.408959104089591,24,14,0.2590887830370948,0.2857142857142857,17,13,8.926865021387737,0.6153846153846154,4,-7.049262523651123,0.31472914221276105,0.023174958078465473,1.0
540,delta,21,32,45,19,-7.508539157443576,-7.795270986724317,64.67990981530615,14.838588976960208,-0.12052074607066951,0.5263157894736842,0.6,-37.381598037585874,19.79103503561856,0.6180381961803819,0.31216878312168783,24,14,-37.08989035515559,0.7142857142857143,17,13,13.870184996189217,0.38461538461538464,4,-1.1778993606567383,0.0,0.022994089710851418,1.0
541,delta,8,31,45,19,0.6592293024063111,0.2777806849856127,8.636958231457095,1.9814541110791186,0.032161865038769534,0.42105263157894735,0.5111111111111111,-3.372560645339259,4.331253522529935,0.8871112888711129,0.43475652434756523,24,14,0.8918167977106002,0.5,17,13,0.33411548535029095,0.5384615384615384,4,-2.1289284229278564,1.0,0.022851851474915193,1.0
542,delta,17,4,45,19,0.9680216603808933,-1.3241150400094817,10.680736826276117,2.45032907727847,-0.12397225599192484,0.47368421052631576,0.4,-6.071233974632464,3.232463400353465,0.6031396860313969,0.29987001299870014,24,14,-1.4056305374417986,0.5714285714285714,17,13,1.4364648170960252,0.6153846153846154,4,-2.8050440549850464,0.0,0.022836994524828257,1.0
543,delta,20,8,45,19,-3.5896819644504125,-2.5254120241131695,21.19351439548904,4.862125658337432,-0.11915966257350381,0.5263157894736842,0.5777777777777777,-11.803924054221103,6.800835176727227,0.6004399560043996,0.2999700029997,24,14,-15.832346064703804,0.7142857142857143,17,13,5.4751536295964165,0.5384615384615384,4,6.258327960968018,0.0,0.02273440930678691,1.0
544,delta,18,27,45,19,-3.0311187585194905,-1.7139702261539924,13.904322772536545,3.1898704128346353,-0.12326887502492258,0.47368421052631576,0.5111111111111111,-7.964342743472049,4.13232651196028,0.5991400859914009,0.29317068293170684,24,14,-6.3203594996815635,0.6428571428571429,17,13,4.614828317593306,0.6153846153846154,4,2.9721275568008423,0.0,0.022707424346696262,1.0
545,delta,5,19,45,19,0.8037559217876858,0.9750503395733082,7.677547377541385,1.7613501659446638,0.12700023739684857,0.42105263157894735,0.4666666666666667,-2.061608427423134,4.655400597892308,0.6531346865313469,0.32266773322667736,24,14,-1.7386999676624932,0.7142857142857143,17,13,2.440197454049037,0.6923076923076923,4,3.4598978757858276,0.0,0.02255925269549284,1.0
546,delta,5,17,45,19,0.4711710002687242,0.5427718413503545,4.609009045430885,1.0573791925735838,0.11776324064463016,0.5263157894736842,0.5111111111111111,-1.4089732078606623,2.662514133097832,0.6296370362963704,0.31356864313568644,24,14,1.1871800110453652,0.5714285714285714,17,13,-0.061840989650824144,0.46153846153846156,4,-0.0606234073638916,0.0,0.022467986701936015,1.0
547,delta,18,18,45,19,-3.107545828819275,-1.3278603470116328,11.280978346419278,2.5880339261216947,-0.11770790672895069,0.5263157894736842,0.5777777777777777,-6.199972683609578,3.603138852694578,0.6109389061093891,0.29647035296470353,24,14,-8.461447942824591,0.7142857142857143,17,13,6.265375409370814,0.6923076923076923,4,-8.125795364379883,0.0,0.022457429573286645,1.0
548,delta,19,12,45,19,-3.1639816840489705,-2.0772005120913186,18.412950900473554,4.224220643554761,-0.11281192913178822,0.5789473684210527,0.4888888888888889,-9.960818376379054,6.242317414937312,0.6317368263173683,0.3157684231576842,24,14,-13.18424959125973,0.6428571428571429,17,13,13.66492967422192,0.6153846153846154,4,-2.1523380279541016,0.0,0.022265512328642413,1.0
549,delta,7,19,45,19,1.2938288079367743,0.16970527067519078,6.077185524396109,1.3942019769468879,0.027924977770372485,0.5789473684210527,0.4666666666666667,-2.653897624502056,2.7088619288645277,0.9095090490950904,0.45855414458554145,24,14,2.4828641953922452,0.6428571428571429,17,13,1.8257922392625074,0.6923076923076923,4,-8.379565060138702,1.0,0.022046035081873014,1.0
550,delta,6,20,45,19,-1.1875131951438056,-0.4684323061976515,4.221939060625633,0.9685792479502198,-0.11095193451897818,0.5789473684210527,0.5777777777777777,-2.2968569025397296,1.338141174901994,0.6471352864713529,0.3187681231876812,24,14,0.5902960413978214,0.5,17,13,-2.843582784518217,0.6923076923076923,4,-0.6843540072441101,0.0,0.021898408128745696,1.0
551,delta,16,10,45,19,2.5495333201355406,1.6379111539899252,14.822592547268346,3.4005359470958867,0.11050099021252362,0.5789473684210527,0.5777777777777777,-4.7217738209586395,8.195175760566142,0.6451354864513549,0.31926807319268075,24,14,-1.102253936585926,0.42857142857142855,17,13,-0.17716186092450067,0.46153846153846156,4,15.170211672782898,0.0,0.02180940596299808,1.0
552,delta,14,7,45,19,-0.17615954081217447,-1.1416384943744595,10.01620226668868,2.2978743936083674,-0.11397917733463275,0.5263157894736842,0.4666666666666667,-5.752996623620653,3.093009567156169,0.6472352764723528,0.31826817318268175,24,14,0.08707575287137713,0.42857142857142855,17,13,-0.5570641450392894,0.46153846153846156,4,-4.849886775016785,0.0,0.021746027254633878,1.0
553,delta,6,19,45,19,-0.22783498764038085,-0.713480974498548,6.262019064008774,1.436605699081021,-0.11393784771421582,0.5263157894736842,0.5111111111111111,-3.441998008154986,2.0414970619113824,0.6137386261373863,0.30426957304269575,24,14,1.4712483968053545,0.5,17,13,-2.8098143002925777,0.6153846153846154,4,-4.9599655866622925,0.0,0.021738141998106964,1.0
554,delta,21,20,45,19,-5.078350390328302,-5.620533353403993,49.75050686892824,11.413549043767595,-0.11297439377274579,0.5263157894736842,0.5111111111111111,-27.68344666121299,16.401634475013665,0.6311368863113689,0.31296870312968705,24,14,2.752613856678918,0.5,17,13,-4.272226773775541,0.46153846153846156,4,-26.27751898765564,0.0,0.02155432512769492,1.0
555,delta,21,29,45,19,1.9094923655192058,-5.843959323146886,49.98304107602402,11.466896049538484,-0.116918842818272,0.47368421052631576,0.4666666666666667,-28.25124818358505,15.442464680420724,0.6137386261373863,0.3076692330766923,24,14,8.792773519243513,0.6428571428571429,17,13,-3.870094494941907,0.5384615384615384,4,-26.355910778045654,0.0,0.021537681571786947,1.0
556,delta,20,3,45,19,-10.078810087839763,-4.350335618905855,38.684987942331524,8.874944898563818,-0.1124553954984033,0.5263157894736842,0.6,-20.862140194784132,13.089637045274701,0.6244375562443756,0.31086891310868914,24,14,-15.516429798943657,0.7857142857142857,17,13,12.767323322785208,0.6923076923076923,4,-14.86148476600647,0.0,0.021455305720090103,1.0
557,delta,3,24,45,19,1.1307871209250555,0.5239787206315158,4.850558130596244,1.1127943532125575,0.10802441832958858,0.5789473684210527,0.5777777777777777,-1.6600570666685441,2.528999125042505,0.6451354864513549,0.3163683631636836,24,14,1.7780075527372812,0.6428571428571429,17,13,-0.5389202802609174,0.46153846153846156,4,2.04842746257782,0.0,0.02132060888083985,1.0
558,delta,1,4,45,19,0.07228426171673669,0.07893756241129156,0.6650786055826851,0.15257949638136156,0.11868907186111213,0.42105263157894735,0.4888888888888889,-0.21278538598368563,0.36393578102518065,0.6234376562343765,0.3140685931406859,24,14,0.004339755645820073,0.5,17,13,-0.005416624439068331,0.5384615384615384,4,0.21800801903009415,0.0,0.021082927238487023,1.0
559,delta,15,11,45,19,-2.2031251033147177,-1.5072638434276244,13.230377909311805,3.035256857449636,-0.11392447394618879,0.47368421052631576,0.5333333333333333,-7.349799618595526,4.10915950978534,0.6300369963003699,0.31126887311268875,24,14,0.4217119387217925,0.5,17,13,0.7410139579039353,0.6153846153846154,4,-12.216765761375427,0.0,0.020986087305876883,1.0
560,delta,9,14,45,19,-0.3747999350229899,-0.3838632263635334,6.415902868760362,1.4719090650789008,-0.05982996223845591,0.3684210526315789,0.4666666666666667,-3.2230748554855064,2.4041441090274276,0.7998200179982001,0.39336066393360664,24,14,-0.1308228827658152,0.5,17,13,-3.755832183055389,0.5384615384615384,4,2.4965484142303467,0.3408059792680449,0.02069757177683637,1.0
561,delta,1,10,45,19,0.14009498722023433,0.11911634198929134,1.1566793327371547,0.265360437972806,0.10298130053678368,0.5789473684210527,0.5555555555555556,-0.43623781071877793,0.587888747264157,0.6761323867613239,0.33796620337966204,24,14,0.3836406391291391,0.6428571428571429,17,13,-0.32875036352720016,0.46153846153846156,4,0.4715954326093197,0.0,0.02032525668489152,1.0
562,delta,13,32,45,19,-0.4555421749750773,-0.9376468104228636,9.461344481458122,2.1705812876159043,-0.09910291420637075,0.631578947368421,0.4888888888888889,-4.964172522645247,3.2758011475205397,0.6716328367163283,0.33596640335966405,24,14,4.083311675559907,0.5714285714285714,17,13,-9.687824918673588,0.8461538461538461,4,2.188298225402832,0.0,0.020211778555246668,1.0
563,delta,6,9,45,19,0.08623500929938423,0.4876611713777509,4.226479438284666,0.9696208820229162,0.11538235983366577,0.3684210526315789,0.5333333333333333,-1.2837204678539642,2.3796348050498124,0.623037696230377,0.31296870312968705,24,14,0.7592028705846696,0.5,17,13,-0.44064189226199413,0.6153846153846154,4,-0.6951159238815308,0.0,0.019736456287337566,1.0
564,delta,6,23,45,19,0.11293654706743028,-0.6028859761723302,5.627833885928473,1.2911136410418957,-0.10712575893182513,0.47368421052631576,0.4444444444444444,-3.16761126468579,1.7535363159420183,0.6433356664333567,0.3200679932006799,24,14,-1.603417342617398,0.5,17,13,0.8911909674986815,0.5384615384615384,4,1.363607406616211,0.0,0.01973369243480989,1.0
565,delta,16,17,45,19,1.7766962236828274,0.9674911300341287,10.005989705266227,2.2955314713349373,0.0966911978257314,0.631578947368421,0.6,-3.629255709182798,5.085907883576133,0.6886311368863114,0.34256574342565743,24,14,-1.6641836961110432,0.42857142857142855,17,13,2.740710897323413,0.5384615384615384,4,3.3398990631103516,0.0,0.019719915346037325,1.0
566,delta,19,18,45,19,-0.09259693887498643,1.635303353008471,15.888098382100269,3.644979750137218,0.10292631085736631,0.5263157894736842,0.4888888888888889,-4.513510516285897,9.307980731077357,0.7291270872912708,0.36676332366763326,24,14,-6.220212663922991,0.6428571428571429,17,13,0.6773661772410076,0.6923076923076923,4,10.38329815864563,0.0,0.01963725667673436,1.0
567,delta,2,11,45,19,-0.19791642162534925,-0.16144529743152755,1.6537366274841432,0.3793932020229025,-0.09762455202866066,0.5789473684210527,0.5777777777777777,-0.906150590863667,0.5222269412064761,0.6804319568043196,0.33726627337266274,24,14,-0.20702771629605973,0.6428571428571429,17,13,0.39014107982317603,0.5384615384615384,4,-1.356738656759262,0.0,0.019268003689867235,1.0
568,delta,7,20,45,19,-0.05589315228992038,-0.5774571367523126,5.537726287747266,1.2704415402778406,-0.1042769372747783,0.47368421052631576,0.5333333333333333,-3.0063306434112684,1.8480171874034805,0.6492350764923508,0.33156684331566844,24,14,-0.3026982361362095,0.5,17,13,0.7368345673267658,0.5384615384615384,4,-0.28124403953552246,0.0,0.019208909497985475,1.0
569,delta,4,14,45,19,1.166039850976732,0.46956379371776924,4.579021127996951,1.0504994924882278,0.10254676285435167,0.47368421052631576,0.5555555555555556,-1.5119987748955426,2.520589069368546,0.6665333466653335,0.33396660333966605,24,14,0.2210087407202947,0.42857142857142855,17,13,-0.3743625329090999,0.46153846153846156,4,5.135956883430481,0.0,0.01889019315738057,1.0
570,delta,10,31,45,19,-0.8553891208436754,-0.8357084696752985,9.046287889692579,2.0753607750181984,-0.09238137011176842,0.631578947368421,0.4888888888888889,-4.601986421043413,3.2269218545210974,0.6966303369663034,0.3477652234776522,24,14,-4.12134259655362,0.7142857142857143,17,13,2.9707693870250997,0.6153846153846154,4,-3.1453148424625397,0.0,0.01884093732542645,1.0
571,delta,16,25,45,19,-0.4828904257880317,-0.7131201760810719,7.5199265254990495,1.7251894625000679,-0.09483073719709605,0.5789473684210527,0.4666666666666667,-3.675451483433707,2.9203739636822714,0.7163283671632836,0.36696330366963303,24,14,-1.2941532475607735,0.5714285714285714,17,13,4.535006841023764,0.6923076923076923,4,-7.7774269580841064,0.0,0.018716592867847905,1.0
572,delta,11,26,45,19,0.4084775659773085,0.785399497601024,8.066940543621266,1.850683084905061,0.09736026853725348,0.5263157894736842,0.5777777777777777,-2.7562335515754266,4.394947117828486,0.6697330266973303,0.33336666333366666,24,14,2.161537584804353,0.6428571428571429,17,13,-3.3553837568331986,0.5384615384615384,4,-2.1705626249313354,0.0,0.018575314391975992,1.0
573,delta,12,19,45,19,0.5461091942257351,0.6109931918612697,6.9483776147770095,1.594067149703851,0.08793321631827834,0.6842105263157895,0.6,-2.6354569185721246,3.470665727006762,0.710928907109289,0.34756524347565243,24,14,0.22573619229452951,0.6428571428571429,17,13,-3.465432949555226,0.5384615384615384,4,8.002013802528381,0.0,0.018512256067005965,1.0
574,delta,12,6,45,19,-0.041826984617445204,0.15845421322605072,6.124360850588839,1.4050247390259762,0.025872775476777438,0.42105263157894735,0.6,-2.4802162839655284,2.8459979113779563,0.9059094090590941,0.45565443455654436,24,14,0.7494451857748486,0.5714285714285714,17,13,1.6164755698962088,0.6153846153846154,4,-3.746291756629944,1.0,0.018383287838762915,1.0
575,delta,15,24,45,19,0.016712199317084418,1.0155769879357857,10.545416363627167,2.419284434032157,0.09630506306405062,0.5263157894736842,0.5111111111111111,-3.5886066355203323,5.61652410657782,0.6713328667133287,0.34156584341565843,24,14,-1.0585008121672133,0.6428571428571429,17,13,4.315917565272405,0.6923076923076923,4,-10.823384761810303,0.0,0.01837399229511492,1.0
576,delta,2,31,45,19,0.6811701168616613,0.34851921689614906,3.7479787012168857,0.8598452842709067,0.09298857989320819,0.5789473684210527,0.5333333333333333,-1.3074449804268389,1.9538319882038122,0.6925307469253075,0.34956504349565043,24,14,-0.3478805962063018,0.5714285714285714,17,13,1.7975444870117383,0.7692307692307693,4,-0.11652989313006401,0.0,0.018353009189448984,1.0
577,delta,3,23,45,19,-0.16689709921677906,-0.21150024091465428,2.2702718411806773,0.5208360805301365,-0.09316075594042583,0.5263157894736842,0.5333333333333333,-1.235296908576499,0.7345521487491686,0.6987301269873013,0.34896510348965104,24,14,-0.18061236966223948,0.6428571428571429,17,13,0.08228155855949108,0.46153846153846156,4,0.2875816524028778,0.0,0.01777409159389703,1.0
578,delta,19,32,45,19,0.06208891338772244,2.1837346177352104,24.382254662180053,5.593672846742963,0.08956245630238854,0.5789473684210527,0.5111111111111111,-8.585114942308056,12.649465705637342,0.6941305869413059,0.34866513348665135,24,14,5.549147026879447,0.6428571428571429,17,13,-0.5391323016240046,0.5384615384615384,4,7.359323263168335,0.0,0.01767680058599774,1.0
579,delta,15,27,45,19,-1.9859224849277073,-1.0477393876042285,11.75311954561402,2.6963505458254833,-0.08914564201767347,0.5789473684210527,0.5333333333333333,-5.787458782237872,4.367218464325385,0.7091290870912909,0.3538646135386461,24,14,-1.2368419425828117,0.5714285714285714,17,13,1.758838571034945,0.6153846153846154,4,1.9302358627319336,0.0,0.017594534608751343,1.0
580,delta,3,11,45,19,-0.08636712100770738,0.24510818563009568,2.6583687930819564,0.6098716275634966,0.09220247629597385,0.5263157894736842,0.4666666666666667,-0.8471092169875638,1.4615277257535537,0.704029597040296,0.34856514348565143,24,14,-0.43602859548160006,0.6428571428571429,17,13,0.6060467958450317,0.5384615384615384,4,0.8439469337463379,0.0,0.017591261924889745,1.0
581,delta,15,8,45,19,-0.9481271823247274,1.3067676309953653,15.186144651396038,3.483940519864528,0.08604999234451756,0.631578947368421,0.5555555555555556,-5.652964128946004,7.855111869489935,0.7148285171482852,0.35566443355664434,24,14,-2.6465662433987576,0.5714285714285714,17,13,1.7919894456863403,0.6153846153846154,4,4.205742120742798,0.0,0.017549669491316082,1.0
582,delta,0,29,45,19,0.08659089273876613,0.08313837961146708,0.9238122686620787,0.2119370695737393,0.08999488579197282,0.5263157894736842,0.4888888888888889,-0.32435588413163235,0.4877194357741819,0.7028297170282972,0.3534646535346465,24,14,-0.25168508965344655,0.7857142857142857,17,13,0.4985314103273245,0.6153846153846154,4,0.6928861737251282,0.0,0.017170076894521127,1.0
583,delta,18,24,45,19,-0.17681556410259672,-1.132589979129925,14.395251760243685,3.3024972468278007,-0.07867802508726338,0.5263157894736842,0.5111111111111111,-8.056617551623729,4.803355581091156,0.7481251874812519,0.37376262373762625,24,14,-0.053024243740808226,0.5,17,13,-9.361001526698088,0.6153846153846154,4,8.422086358070374,0.04681680459643688,0.017119231590394492,1.0
584,delta,1,27,45,19,0.4014240112569597,0.046197447991162044,2.139670379717432,0.49087405040397813,0.021590918128830173,0.5789473684210527,0.5777777777777777,-0.88272127945695,0.9931460897160466,0.9177082291770823,0.46215378462153783,24,14,0.08568403905346285,0.7142857142857143,17,13,0.22663803933522642,0.38461538461538464,4,-0.19750258326530457,1.0,0.0170454616806554,1.0
585,delta,8,23,45,19,2.0770613776312934,0.5964110755083851,7.397388795770884,1.6970773793076483,0.08062454089872302,0.6842105263157895,0.6,-2.8473902989374964,3.631280932144114,0.7353264673532647,0.36476352364763526,24,14,-0.27412331388110217,0.5,17,13,2.953060327432094,0.6923076923076923,4,-0.4612431526184082,0.0,0.0169735875576259,1.0
586,delta,2,7,45,19,-0.013008333577050103,0.15122281759977335,1.6489911245352917,0.37830450898130685,0.09170626533383557,0.47368421052631576,0.4666666666666667,-0.5579064668989496,0.8668691215677217,0.6982301769823017,0.3601639836016398,24,14,-0.4607264584019071,0.6428571428571429,17,13,0.27618923248388827,0.5384615384615384,4,1.4207393825054169,0.0,0.01689325940360129,1.0
587,delta,3,31,45,19,0.715392976337009,0.5948086799236767,6.2561304367473705,1.435254755336356,0.09507613147415835,0.42105263157894735,0.5555555555555556,-2.129527052034412,3.344312127588088,0.6964303569643036,0.3407659234076592,24,14,-0.3201061004684084,0.5,17,13,-0.07876334434900528,0.5384615384615384,4,1.685002088546753,0.0,0.016888523353962338,1.0
588,delta,22,17,45,19,1.9310488171047635,6.618422600260954,72.21886102832748,16.56814300210986,0.0916439626161497,0.47368421052631576,0.5555555555555556,-25.070993022960533,38.747109588823825,0.6951304869513049,0.33696630336966304,24,14,-1.1253925618671243,0.5714285714285714,17,13,11.312660559629784,0.6153846153846154,4,-38.92769718170166,0.0,0.01688178258718547,1.0
589,delta,1,26,45,19,-0.014471245474285549,0.14714617399792923,1.5873587416152781,0.36416507062352044,0.09269875179456596,0.42105263157894735,0.4444444444444444,-0.5570443690542066,0.8567998831013314,0.6901309869013099,0.35056494350564943,24,14,0.8355188568433126,0.5714285714285714,17,13,-0.8343821106812892,0.8461538461538461,4,-0.630714938044548,0.0,0.016466225647718952,1.0
590,delta,18,10,45,19,-1.3214362144470215,-1.0006698307238129,11.352336169509044,2.604404533473239,-0.08814659958815234,0.47368421052631576,0.4666666666666667,-5.908151621567575,4.015543340172683,0.6996300369963003,0.3518648135186481,24,14,0.6994070552644275,0.42857142857142855,17,13,0.9898631817255263,0.6153846153846154,4,-3.070727586746216,0.0,0.016237531503080695,1.0
591,delta,13,17,45,19,2.037323490778605,0.795593208911126,10.025186924548875,2.29993561548494,0.07935943887120359,0.631578947368421,0.6666666666666666,-3.9374259700900622,4.810039466240426,0.7589241075892411,0.37766223377662234,24,14,-0.5054143085366205,0.35714285714285715,17,13,5.1475670001445675,0.8461538461538461,4,-2.3003827333450317,0.0,0.01618514871715336,1.0
592,delta,1,29,45,19,0.05549197925461663,-0.17279860403454092,2.050716006525621,0.470466517597183,-0.08426257145537233,0.5263157894736842,0.4888888888888889,-1.16741813291191,0.6172638999069467,0.7705229477052294,0.3798620137986201,24,14,0.5326190927908534,0.5714285714285714,17,13,-0.5719005992779365,0.5384615384615384,4,-0.11378572881221771,0.0,0.01607641165924867,1.0
593,delta,0,3,45,19,-0.0058957688510417935,0.006356571000396158,0.3125999732828005,0.07171535227859166,0.020334521892762754,0.5789473684210527,0.5111111111111111,-0.12591529214722025,0.14171985851829505,0.9295070492950704,0.46815318468153183,24,14,0.049582911744004206,0.5714285714285714,17,13,0.01721176476432727,0.46153846153846156,4,-0.11639751866459846,1.0,0.016053569915339017,1.0
594,delta,17,3,45,19,1.6193010595109727,-0.7896596810273958,9.574581721293523,2.19655969209422,-0.08247458782154643,0.5263157894736842,0.4,-5.217143601309835,3.0752852633595436,0.734026597340266,0.37206279372062795,24,14,-0.7208165285133182,0.42857142857142855,17,13,1.418300287845807,0.7692307692307693,4,-3.701250672340393,0.0,0.01573528320279504,1.0
595,delta,9,22,45,19,-2.2368479410807294,-0.37370460493522767,9.90860968209734,2.273190961855315,-0.03771514036024943,0.5263157894736842,0.6222222222222222,-4.455819239951016,4.1479555786701665,0.8786121387861214,0.43685631436856315,24,14,-4.416244123663221,0.5714285714285714,17,13,-0.14445430193191916,0.6153846153846154,4,5.596636772155762,0.38654675383771814,0.015540019290314589,1.0
596,delta,8,14,45,19,-0.22083606455061172,-0.5918020867464834,7.281172616716602,1.6704155593022776,-0.08127840361699222,0.5263157894736842,0.4888888888888889,-3.9000538040410007,2.454406203172707,0.7290270972902709,0.37036296370362964,24,14,-0.7122802564076015,0.5714285714285714,17,13,4.093998667521355,0.6153846153846154,4,-4.825957894325256,0.0,0.015507063847978777,1.0
597,delta,17,13,45,19,0.2502382384406196,-0.6782158466807581,8.777731914491762,2.0137498088821784,-0.07726550016423318,0.5789473684210527,0.4666666666666667,-4.41333423837235,3.2824294011843835,0.7414258574142586,0.3812618738126187,24,14,2.5915855226062594,0.7142857142857143,17,13,-2.028814211869851,0.5384615384615384,4,-4.28831672668457,0.0,0.015249769769256549,1.0
598,delta,22,7,45,19,10.231987391577826,5.685046154156066,73.76417345799298,16.922661987220874,0.07707055997032991,0.5789473684210527,0.5111111111111111,-26.775906329405935,37.16314686620445,0.7494250574942506,0.37336266373362664,24,14,57.825371549243016,0.9285714285714286,17,13,-41.22946711075612,0.8461538461538461,4,-26.092166423797607,0.0,0.015211294730986166,1.0
599,delta,9,16,45,19,-0.2553498639000787,0.5172263216554072,6.503116293096662,1.4919171968263778,0.07953514874160642,0.5263157894736842,0.5777777777777777,-2.434310923908885,3.336116636322256,0.7269273072692731,0.36726327367263273,24,14,-1.4981144240924291,0.5714285714285714,17,13,3.0831045982165217,0.5384615384615384,4,-0.18756365776062012,0.0,0.015174469167806485,1.0
600,delta,22,29,45,19,-0.1369286855061849,-3.673706506427965,47.86541343413405,10.981078950009708,-0.0767507526386088,0.5789473684210527,0.4666666666666667,-25.88600070476532,16.96216169491149,0.7497250274972502,0.37336266373362664,24,14,-37.02365328016736,0.5714285714285714,17,13,43.60435847747021,0.6153846153846154,4,10.340338706970215,0.0,0.015148174862883316,1.0
601,delta,13,27,45,19,2.0826178073883055,0.7131772292287725,8.987933661137523,2.0619733968497895,0.0793482969631211,0.5263157894736842,0.4444444444444444,-3.388993211848694,4.536348923779367,0.7251274872512748,0.35896410358964104,24,14,-2.1754099357695806,0.5,17,13,3.590256996643849,0.5384615384615384,4,-0.8795962929725647,0.0,0.015138819815332313,1.0
602,delta,0,18,45,19,-0.04082790546947056,-0.08479122954763864,1.0395849218931439,0.23849713777688622,-0.0815625811436635,0.47368421052631576,0.5555555555555556,-0.5399985183079383,0.35795935522928274,0.7294270572942706,0.36726327367263273,24,14,-0.17129003629088402,0.5714285714285714,17,13,0.4350826218724251,0.6153846153846154,4,-0.3949553519487381,0.0,0.01502468600014854,1.0
603,delta,4,19,45,19,-0.3727742178572549,0.2606039740014497,3.089894884012044,0.7088705023985173,0.08434072477671829,0.42105263157894735,0.4888888888888889,-1.0220008584752418,1.7141479659760201,0.7226277372262774,0.36306369363063695,24,14,0.8395294947993188,0.5714285714285714,17,13,-1.0819635028258348,0.6153846153846154,4,0.2909134477376938,0.0,0.014981576111653907,1.0
604,delta,19,5,45,19,6.5617969936794704,2.5104653166051505,32.501617861317456,7.4563825136347015,0.0772412415688709,0.5263157894736842,0.5333333333333333,-11.689178547838278,16.602251872472586,0.7413258674132587,0.37266273372662734,24,14,8.276038941882906,0.6428571428571429,17,13,-10.971614544208233,0.6153846153846154,4,22.764567613601685,0.0,0.014736815825639842,1.0
605,delta,14,1,45,19,-2.297127278645833,1.0634849709376955,14.49476682467656,3.325327568365845,0.07337027106411739,0.5789473684210527,0.4444444444444444,-5.3247632765456245,7.467856608932478,0.7618238176182381,0.3785621437856214,24,14,-6.578054950350807,0.6428571428571429,17,13,7.567897246434138,0.6153846153846154,4,16.00584864616394,0.0,0.014480974552128432,1.0
606,delta,10,10,45,19,-0.05149966610802544,0.6207756902042189,7.908581932515776,1.814353127923572,0.07849393171889991,0.47368421052631576,0.4666666666666667,-2.720916203527074,4.248856630633796,0.7369263073692631,0.3705629437056294,24,14,1.310748849596296,0.5714285714285714,17,13,-1.633574259586823,0.6153846153846154,4,1.9967808723449707,0.0,0.014459408474534193,1.0
607,delta,20,31,45,19,-3.152768135070801,2.5817281823409233,31.847523517425728,7.306322979710197,0.08106527281244653,0.42105263157894735,0.4444444444444444,-10.889366198840893,16.684863054543207,0.7301269873012699,0.36696330366963303,24,14,-5.984705550330026,0.5714285714285714,17,13,17.472242795504055,0.5384615384615384,4,-11.297659397125244,0.0,0.014399752407474055,1.0
608,delta,16,27,45,19,2.031837312380473,0.8622159701690341,11.830821112983177,2.7141765079263718,0.07287879361330515,0.5789473684210527,0.5111111111111111,-4.753487492431151,5.607040592021587,0.7737226277372263,0.38316168383161686,24,14,1.0209348584924427,0.5714285714285714,17,13,-1.0330075239523864,0.5384615384615384,4,-1.923023283481598,0.0,0.01438397242367865,1.0
609,delta,21,4,45,19,-17.1950749291314,-7.558629767936575,107.3914389182827,24.63728577085343,-0.07038391369062628,0.631578947368421,0.5777777777777777,-53.1337058557753,41.0329375454208,0.7653234676532347,0.38636136386361364,24,14,-65.70924403553917,0.7857142857142857,17,13,36.321719365242195,0.7692307692307693,4,2.3160243034362793,0.0,0.014354613976377729,1.0
610,delta,20,15,45,19,1.6278127564324274,1.8006766072490756,23.112383467636576,5.302344414725684,0.07790960243327985,0.47368421052631576,0.5555555555555556,-8.506129789979834,12.081739287156807,0.7498250174982501,0.37466253374662534,24,14,-3.945588492211841,0.5714285714285714,17,13,5.23620903186309,0.7692307692307693,4,-4.5516581535339355,0.0,0.014351768869288392,1.0
611,delta,7,25,45,19,-0.24287538660897148,0.5490134410690843,7.056000708291897,1.6187575806839891,0.0778080195519125,0.47368421052631576,0.5333333333333333,-2.4033698023934114,3.8293974166376543,0.7390260973902609,0.36276372362763726,24,14,3.4344424392495836,0.7142857142857143,17,13,-4.803913675821745,0.6153846153846154,4,2.0349478721618652,0.0,0.014333056233247038,1.0
612,delta,8,28,45,19,0.7397084554036458,0.5362958071524634,7.049722357676309,1.6173172282700172,0.07607332316690472,0.47368421052631576,0.4666666666666667,-2.48024150101762,3.7038238131163395,0.7509249075092491,0.3762623737626237,24,14,0.17838433810642787,0.5,17,13,-0.9493728234217718,0.6923076923076923,4,7.140813171863556,0.0,0.01401350689916666,1.0
613,delta,8,25,45,19,-0.4125339289506276,0.5946655487805081,7.578947197092069,1.738729733187114,0.07846281723781802,0.42105263157894735,0.5555555555555556,-2.6413337328585618,3.934786046387856,0.7373262673732627,0.37166283371662834,24,14,2.122379360454423,0.6428571428571429,17,13,-4.098203331996233,0.6153846153846154,4,4.264732003211975,0.0,0.013937474114612412,1.0
614,delta,11,13,45,19,0.5277511848343743,-0.7573110215496601,10.561009699725009,2.4228617906765337,-0.07170820244293301,0.5263157894736842,0.4222222222222222,-5.675198641157987,3.5737562005195667,0.7681231876812319,0.38366163383661633,24,14,1.7063630790937516,0.42857142857142855,17,13,3.968000586216266,0.6153846153846154,4,-10.138629958033562,0.0,0.013681170202928007,1.0
615,delta,4,2,45,19,-0.08415074778927698,0.08987428483210112,1.2594803494705533,0.2889446086693386,0.07135822712111507,0.5263157894736842,0.37777777777777777,-0.4427706321668729,0.6567022606207612,0.7629237076292371,0.37736226377362264,24,14,0.288435911493642,0.5714285714285714,17,13,-0.31229864863248974,0.7692307692307693,4,-0.4827289581298828,0.0,0.013614398595475901,1.0
616,delta,15,30,45,19,0.7353601647747887,0.5266890489218529,7.4699778979316225,1.7137304614508593,0.07050744408061621,0.5263157894736842,0.5777777777777777,-2.7422700641970885,3.7696842282226206,0.7668233176682332,0.38466153384661533,24,14,-3.428317998136793,0.5714285714285714,17,13,5.015939649098958,0.7692307692307693,4,1.656761646270752,0.0,0.013452078146959671,1.0
617,delta,12,29,45,19,0.5258019102944268,0.790291642410714,12.065855910456364,2.7680971884738015,0.06549818332621071,0.631578947368421,0.5333333333333333,-4.768599165636196,5.818766823868479,0.781021897810219,0.3912608739126087,24,14,-1.5014514752796717,0.5,17,13,3.02818460495044,0.6923076923076923,4,2.6814101934432983,0.0,0.013358182125740343,1.0
618,delta,10,19,45,19,0.20656582249535455,0.46419238939619906,6.9618981429320055,1.597168971592847,0.06667612479614708,0.5789473684210527,0.6,-2.7126309412613248,3.310581735116347,0.7861213878612139,0.39816018398160186,24,14,-0.16660079927671528,0.42857142857142855,17,13,-3.447117343927041,0.5384615384615384,4,7.334693789482117,0.0,0.013159761472923767,1.0
619,delta,19,29,45,19,4.405367480383979,1.4083624388042237,19.81936420992718,4.54687398506839,0.07105992018143545,0.47368421052631576,0.6,-7.1775487033944385,10.12698774390053,0.7563243675632437,0.38236176382361764,24,14,10.466475770587012,0.7142857142857143,17,13,-9.044458780533228,0.6923076923076923,4,-8.12205195426941,0.0,0.013089985296580214,1.0
620,delta,21,14,45,19,0.7887118445502387,-2.6787548567119406,40.423938217264045,9.273887452051879,-0.0662665483584158,0.5789473684210527,0.5111111111111111,-19.764194706030057,15.356609170478686,0.7731226877312268,0.393960603939606,24,14,-11.431352524530322,0.7142857142857143,17,13,32.26386896769206,0.7692307692307693,4,-6.81342887878418,0.0,0.013078924018108383,1.0
621,delta,1,18,45,19,-0.21139505373107062,-0.11598148602142667,1.7710676174375346,0.4063107771888193,-0.06548676339598725,0.5789473684210527,0.5555555555555556,-0.8622047505749945,0.687795281299112,0.7795220477952205,0.38566143385661433,24,14,-0.3118034533801533,0.5714285714285714,17,13,0.3117290146839924,0.46153846153846156,4,-0.7914338707923889,0.0,0.012925019091313272,1.0
622,delta,22,9,45,19,3.0630906422932944,2.03687510364934,31.273824752585135,7.174707456553658,0.06513034845477189,0.5789473684210527,0.5333333333333333,-11.387372544669269,15.265338660750468,0.7786221377862214,0.39106089391060894,24,14,-3.5692644403094342,0.6428571428571429,17,13,13.008508229867005,0.6153846153846154,4,-0.3726797103881836,0.0,0.012854674037126031,1.0
623,delta,9,13,45,19,-0.6656472603480021,0.7398162003149066,10.983087201734838,2.5196930105503723,0.06735958539945386,0.5263157894736842,0.4666666666666667,-3.832445357504643,5.765320511815838,0.7829217078292171,0.38996100389961,24,14,-1.358700482618241,0.42857142857142855,17,13,-4.550972162148891,0.6153846153846154,4,10.232544094324112,0.0,0.012851499845948432,1.0
624,delta,15,7,45,19,0.7123203383551704,0.769127914780065,11.106711538534947,2.548054378501631,0.06924893224349629,0.47368421052631576,0.5333333333333333,-4.022075258221544,5.755595597572492,0.7738226177382261,0.392960703929607,24,14,2.501474147751218,0.6428571428571429,17,13,-0.7061621225797213,0.5384615384615384,4,2.9111897945404053,0.0,0.012756382255380895,1.0
625,delta,7,24,45,19,-0.7634725319014655,-0.2488147720955966,4.000587943814907,0.9177978190440185,-0.062194551298459945,0.631578947368421,0.5111111111111111,-1.9190460109919834,1.5940446759002238,0.7858214178582141,0.3942605739426057,24,14,0.47258621170407256,0.35714285714285715,17,13,-1.7456368100948825,0.5384615384615384,4,0.7288317680358887,0.0,0.012684415067449068,1.0
626,delta,4,7,45,19,-0.35363231698671976,0.14313053640357234,2.1125584169715417,0.4846541395739584,0.06775222652008703,0.47368421052631576,0.4,-0.758931178403528,1.1086612125237774,0.7691230876912308,0.3955604439556044,24,14,-0.42468126614888513,0.5714285714285714,17,13,-0.13553962646386564,0.46153846153846156,4,0.7070958018302917,0.0,0.01248067330633182,1.0
627,delta,3,7,45,19,-0.3751088506645627,-0.026911662858829195,1.7706929807060297,0.4062248296281262,-0.015198378912700433,0.631578947368421,0.6,-0.7544893091054339,0.7645638403008901,0.945005499450055,0.4637536246375362,24,14,-0.7498301214405468,0.7857142857142857,17,13,-0.15824946531882653,0.5384615384615384,4,1.38123419880867,1.0,0.01239867753404509,1.0
628,delta,12,5,45,19,-0.7832785659366184,0.4728011122921057,7.121077912899192,1.6336873153372165,0.06639459897435879,0.47368421052631576,0.4666666666666667,-2.5456458863459135,3.5853155159113697,0.7771222877712228,0.39686031396860316,24,14,0.8657620520818801,0.42857142857142855,17,13,-0.5900079837212195,0.6153846153846154,4,-1.2057069540023804,0.0,0.012230584021592408,1.0
629,delta,17,11,45,19,-2.470335602098041,-0.8512621778145167,13.377065466363364,3.0689092910002995,-0.06363594317116977,0.5263157894736842,0.5333333333333333,-6.718656521643463,4.994886167504285,0.7926207379262074,0.40735926407359263,24,14,1.9782422096246763,0.6428571428571429,17,13,-1.2821024992527106,0.6153846153846154,4,-5.397438645362854,0.0,0.01214106810502581,1.0
630,delta,14,17,45,19,-1.864794311258528,-0.6392574624011388,10.065785227066629,2.3092495048509494,-0.06350795769834156,0.5263157894736842,0.6,-4.743293648592213,4.12700719153672,0.8138186181381862,0.40545945405459455,24,14,0.8653415313788823,0.5,17,13,-5.563098910527352,0.7692307692307693,4,2.794188916683197,0.0,0.01211664982402569,1.0
631,delta,5,7,45,19,0.31552218033207785,-0.13753672440846754,2.170169161036067,0.49787095070235066,-0.06337603854936621,0.5263157894736842,0.4444444444444444,-1.0837311904877425,0.7763101536453814,0.7863213678632137,0.3945605439456054,24,14,0.09636411993276502,0.42857142857142855,17,13,0.6266344564083296,0.5384615384615384,4,-1.5988165140151978,0.0,0.012091481039023817,1.0
632,delta,16,13,45,19,0.2844612280527751,0.6494881217939813,11.008562716900418,2.525537494557814,0.058998448616446805,0.631578947368421,0.5333333333333333,-4.461418830172012,4.993144955211562,0.8054194580541946,0.40585941405859416,24,14,-0.6005674969582329,0.6428571428571429,17,13,4.4708654788824225,0.6923076923076923,4,-4.330240964889526,0.0,0.012032578336249019,1.0
633,delta,0,21,45,19,0.2855323606067234,0.06587723002099152,1.117566450023647,0.25638732728129343,0.05894703623180313,0.631578947368421,0.5555555555555556,-0.4254690712219791,0.5487631950723495,0.8004199580041996,0.39746025397460255,24,14,0.13597612881234714,0.6428571428571429,17,13,-0.07904245341435456,0.6153846153846154,4,0.581247553229332,0.0,0.01202209291569669,1.0
634,delta,8,26,45,19,1.0811507807837593,0.5416609488035503,8.372924047426688,1.9208805149828676,0.06469196970322727,0.47368421052631576,0.4888888888888889,-2.999752822152355,4.24951328661358,0.7854214578542146,0.38506149385061494,24,14,-2.7748937805493674,0.7142857142857143,17,13,4.017406252714304,0.7692307692307693,4,2.450272560119629,0.0,0.011916941787436602,1.0
635,delta,4,6,45,19,0.03065093888176812,-0.17518849749314153,2.9506449633995717,0.6769243796697896,-0.05937295054681839,0.5789473684210527,0.5333333333333333,-1.4671115715252723,1.119215616139403,0.7948205179482052,0.40145985401459855,24,14,1.2220184192771002,0.5714285714285714,17,13,-1.2290955415138831,0.7692307692307693,4,-1.4074057638645172,0.0,0.011718345502661525,1.0
636,delta,13,22,45,19,1.0081064807044136,-0.6059773574795638,9.905158512603021,2.272399209273064,-0.061177956587826106,0.5263157894736842,0.4666666666666667,-5.0287337065788735,3.514192228097663,0.8024197580241976,0.40345965403459655,24,14,2.675542961983454,0.5,17,13,0.9685725554441794,0.5384615384615384,4,-7.253020644187927,0.0,0.011672110138466823,1.0
637,delta,8,7,45,19,-0.17645038233862984,0.43834836441173897,6.919332812263316,1.5874038150200465,0.06335124733917158,0.47368421052631576,0.5111111111111111,-2.4140644812270216,3.655612036638092,0.7957204279572043,0.39846015398460155,24,14,2.4557483721347078,0.5,17,13,-0.2950412676884578,0.5384615384615384,4,-1.2584879398345947,0.0,0.011669966615110553,1.0
638,delta,18,19,45,19,-2.8227218839857313,0.9850053996370548,17.329204484286247,3.9755921641555587,0.056840774227705414,0.5263157894736842,0.4,-5.827667241556602,8.967563694088083,0.8217178282171783,0.40785921407859216,24,14,4.309671856108166,0.6428571428571429,17,13,-5.8333605375045385,0.6923076923076923,4,-1.7266101837158203,0.0,0.010844621398706953,1.0
639,delta,22,5,45,19,-10.533654700385199,8.031089749252592,126.80412903228705,29.090862319759538,0.06333460756004014,0.3684210526315789,0.4888888888888889,-45.098781599914815,66.43292602781663,0.7922207779222078,0.39506049395060494,24,14,-46.76376060077122,0.7142857142857143,17,13,30.96623112605168,0.6923076923076923,4,45.03938293457031,0.0,0.010833551293164762,1.0
640,delta,2,29,45,19,0.2656811934378412,-0.14468987978864134,2.5536859771204625,0.5858557425160534,-0.056659229476520724,0.5263157894736842,0.4666666666666667,-1.3123733241339788,0.9427620586498002,0.8169183081691831,0.40475952404759524,24,14,0.5681364268419288,0.6428571428571429,17,13,-0.9879251290590336,0.6153846153846154,4,0.3741835951805115,0.0,0.010809984571178296,1.0
641,delta,17,14,45,19,0.756749443213145,0.6384391402989106,10.97013256196137,2.5167210123597132,0.058197942157297226,0.47368421052631576,0.5333333333333333,-3.8879364496391067,5.581952993963894,0.8084191580841916,0.40245975402459755,24,14,1.2928887960456665,0.42857142857142855,17,13,-1.0852378530380054,0.46153846153846156,4,-2.3907724022865295,0.0,0.010720673555291594,1.0
642,delta,15,22,45,19,2.066718419392904,0.519835534848665,10.016195350402613,2.297872806903524,0.05189950042535557,0.631578947368421,0.5333333333333333,-3.94465246786151,4.674795461955822,0.8178182181781822,0.41355864413558646,24,14,5.63857653027489,0.6428571428571429,17,13,-1.4292675654093425,0.46153846153846156,4,-6.107004404067993,0.0,0.01058476653411857,1.0
643,delta,5,29,45,19,1.4948946370018854,0.3569598658043042,6.216169765851604,1.4260871486968438,0.05742440751300835,0.47368421052631576,0.5777777777777777,-2.4265903353691103,3.1215829268882147,0.8091190880911909,0.404959504049595,24,14,2.072695737793332,0.6428571428571429,17,13,-1.8021800823700735,0.5384615384615384,4,1.1007962226867676,0.0,0.010578180331343643,1.0
644,delta,19,10,45,19,-0.6186243693033854,1.1394655035253152,21.037072641457257,4.826235458528234,0.05416464177053787,0.5263157894736842,0.4666666666666667,-7.767054728039523,10.76306440767489,0.8232176782321767,0.40675932406759324,24,14,6.972624279203869,0.42857142857142855,17,13,-2.5178422805590506,0.46153846153846156,4,-0.4395909309387207,0.0,0.010334043495694724,1.0
645,delta,10,13,45,19,-0.6896999332639906,0.5817945777324206,10.417695814721247,2.3899833305745544,0.05584676190202124,0.47368421052631576,0.4666666666666667,-3.7862756624033578,5.242118143407922,0.8133186681331867,0.41235876412358763,24,14,-1.7878767521608445,0.5,17,13,-4.08336873849233,0.6153846153846154,4,10.115456253290176,0.0,0.010287561403003912,1.0
646,delta,22,14,45,19,2.0811523543463815,1.6348548228280584,32.67681715313532,7.496575987740699,0.050031030108181614,0.631578947368421,0.4222222222222222,-12.73866075172759,16.126178100130016,0.824017598240176,0.4146585341465853,24,14,-19.013085456121537,0.6428571428571429,17,13,18.768135119707157,0.6153846153846154,4,27.351614475250244,0.0,0.010203696929958091,1.0
647,delta,12,31,45,19,-0.7472340848710802,-0.5673740495715226,10.246611196265398,2.350733827277541,-0.05537187258342685,0.47368421052631576,0.4888888888888889,-5.2126784870499066,3.7812718971779447,0.8174182581741826,0.40185981401859816,24,14,4.582809892438706,0.7142857142857143,17,13,-9.350553451440273,0.7692307692307693,4,1.9216036796569824,0.0,0.010200081791683894,1.0
648,delta,12,1,45,19,-1.409221711423662,0.5115408426836918,9.08884107709354,2.0851231457343213,0.05628229587740509,0.3684210526315789,0.4444444444444444,-3.193365878023599,4.76057922620522,0.8114188581141886,0.40675932406759324,24,14,1.0911413885298227,0.5,17,13,-2.146433474161686,0.6153846153846154,4,4.19347083568573,0.0,0.009627234821135082,1.0
649,delta,14,32,45,19,-1.1624216159184775,-0.5854790649915996,11.365844070845984,2.6075034585715042,-0.05151215002970045,0.47368421052631576,0.4888888888888889,-5.6973202379126295,4.199396424753622,0.8195180481951805,0.40675932406759324,24,14,-6.701725331090745,0.5714285714285714,17,13,7.141559637509859,0.7692307692307693,4,-7.257368564605713,0.0,0.00948908026862903,1.0
650,delta,20,20,45,19,-0.7078556219736735,1.294501860936483,26.043439619179352,5.974774812747694,0.04970548744195693,0.5263157894736842,0.4444444444444444,-9.169376781321409,13.37637189041104,0.8447155284471553,0.41755824417558246,24,14,17.180587842350917,0.7142857142857143,17,13,-21.881469530936997,0.8461538461538461,4,3.459336519241333,0.0,0.009483283788268097,1.0
651,delta,21,17,45,19,-0.9665555318196615,-2.4636738844085158,48.4105206357307,11.10613511870213,-0.050891290819750745,0.47368421052631576,0.4888888888888889,-24.141874146252345,18.379372654881386,0.8286171382861713,0.4092590740925907,24,14,1.0056493849981405,0.5,17,13,-0.005997046446189267,0.5384615384615384,4,-19.32011890411377,0.0,0.00937471146679619,1.0
652,delta,8,32,45,19,-1.277252623769972,-0.5465869401630599,10.81117193328025,2.480252943074308,-0.050557603147582016,0.47368421052631576,0.5555555555555556,-5.370773441096146,4.080022526806906,0.8302169783021698,0.41375862413758624,24,14,-4.363570951280139,0.7142857142857143,17,13,5.915593587435209,0.6923076923076923,4,-12.037745833396912,0.0,0.009313242685080898,1.0
653,delta,5,27,45,19,-0.3321254120932685,-0.27185007459238936,5.613608642301815,1.2878501463357988,-0.048426973078215765,0.5263157894736842,0.5333333333333333,-2.6423276510416414,2.25310642690512,0.8365163483651635,0.41075892410758924,24,14,0.3237400239422207,0.42857142857142855,17,13,-2.3991646644396663,0.6153846153846154,4,1.0979083776474,0.0,0.009239356705712217,1.0
654,delta,22,21,45,19,-11.168607934315999,3.7748405849724485,70.56993857488689,16.18985424735814,0.0534907732839627,0.3684210526315789,0.3333333333333333,-23.1212475341663,38.47104181260392,0.8657134286571343,0.43415658434156584,24,14,-18.04418819291251,0.6428571428571429,17,13,-3.5861581533383107,0.5384615384615384,4,38.552635192871094,0.0,0.009149737535414672,1.0
655,delta,17,10,45,19,-1.9571935971577963,-0.7337262504979182,15.955743046599475,3.660498500485731,-0.04598508815008096,0.5789473684210527,0.5333333333333333,-7.468344220466779,6.318041073439414,0.8462153784621538,0.42845715428457154,24,14,1.1709499529429845,0.42857142857142855,17,13,2.1933034505599585,0.5384615384615384,4,-16.601561665534973,0.0,0.009076004240147558,1.0
656,delta,14,22,45,19,1.1212484889560275,-0.5194540191114992,10.200039302974519,2.3400495022004724,-0.05092666838646562,0.42105263157894735,0.4888888888888889,-5.055819410817665,3.754586955016119,0.8286171382861713,0.41325867413258677,24,14,3.632612977709089,0.5714285714285714,17,13,0.2570486924587152,0.5384615384615384,4,-8.383766889572144,0.0,0.009046184516016919,1.0
657,delta,1,13,45,19,-0.005109085970454745,0.04354905703088693,1.0238985879616458,0.2348984459662529,0.042532588229839643,0.6842105263157895,0.4444444444444444,-0.41739552851047435,0.48819921416018086,0.8574142585741426,0.42755724427557246,24,14,-0.13598507483090674,0.42857142857142855,17,13,0.054152456995768435,0.38461538461538464,4,0.09342075884342194,0.0,0.008954229101018871,1.0
658,delta,15,32,45,19,-0.023217184013790554,0.4791777855471563,11.019107027509552,2.527956525314368,0.043486081435716493,0.631578947368421,0.6222222222222222,-4.381925904384829,5.130469939504798,0.8481151884811519,0.4320567943205679,24,14,-1.6278896360170272,0.5,17,13,3.8204554594480076,0.7692307692307693,4,-12.600283145904541,0.0,0.008868871871757968,1.0
659,delta,8,16,45,19,-0.016875994205474854,-0.3661761838093141,8.205328388372303,1.8824314338673855,-0.044626633630924395,0.5263157894736842,0.5333333333333333,-4.107657384062022,3.1024387679079095,0.8497150284971503,0.42175782421757824,24,14,2.709775386112077,0.5,17,13,-3.560566348907275,0.6153846153846154,4,-6.378008008003235,0.0,0.008514291942742154,1.0
660,delta,15,29,45,19,-0.4898841990364922,-0.6333322509338981,13.870568722963785,3.1821267027807973,-0.04566015017721431,0.47368421052631576,0.5111111111111111,-6.733251824216884,5.337626967971262,0.84001599840016,0.41975802419758024,24,14,-2.6569535320713404,0.42857142857142855,17,13,3.628427945650541,0.46153846153846156,4,0.787318229675293,0.0,0.008411080295802635,1.0
661,delta,0,8,45,19,0.0007055399732457267,0.0168921711217416,0.4052167908051582,0.09296310743923927,0.04168675016693452,0.5789473684210527,0.4888888888888889,-0.1646772083793685,0.18803943881209476,0.8605139486051395,0.43025697430256976,24,14,-0.17324207623356155,0.7142857142857143,17,13,0.1414809349255684,0.6153846153846154,4,0.3689592406153679,0.0,0.008227648059263393,1.0
662,delta,21,3,45,19,8.346991888682048,0.998193339297646,38.417638160976374,8.813610652274093,0.02598268365991287,0.631578947368421,0.5555555555555556,-15.989715328132897,17.814324470151924,0.915008499150085,0.45735426457354267,24,14,5.087205858457657,0.6428571428571429,17,13,0.1764194781963642,0.46153846153846156,4,-7.4988789558410645,0.17673878521419245,0.008108769424318818,1.0
663,delta,5,18,45,19,-0.10283843676249187,-0.1130295814129344,2.7703815305990016,0.63556911194382,-0.04079928347937534,0.5263157894736842,0.5333333333333333,-1.3018962511367964,1.0976565147962483,0.8557144285571443,0.41995800419958,24,14,-0.6904407711256118,0.6428571428571429,17,13,2.6881388639792414,0.5384615384615384,4,-1.7300430238246918,0.0,0.007784073821722926,1.0
664,delta,12,26,45,19,-0.2861843612458971,-0.29009985714627967,7.331611132042604,1.681986948311134,-0.03956836388640503,0.5263157894736842,0.5111111111111111,-3.4922880240176855,2.9229161849147385,0.8687131286871312,0.43565643435656437,24,14,-2.524498871394566,0.5714285714285714,17,13,2.597311854362488,0.5384615384615384,4,6.34305202960968,0.0,0.007549227320432538,1.0
665,delta,8,30,45,19,1.1834365367889403,-0.2710273454063817,7.191554857493784,1.6498558353023396,-0.03768689119070882,0.5789473684210527,0.5333333333333333,-3.358031770639252,2.8134416843715466,0.8741125887411259,0.43575642435756423,24,14,0.6999576347214835,0.42857142857142855,17,13,1.678035204227154,0.46153846153846156,4,-2.3327938318252563,0.0,0.00743820220869253,1.0
666,delta,12,22,45,19,1.3221592585245767,-0.38009693748072565,9.499229349676632,2.1792726724608436,-0.04001344987987523,0.47368421052631576,0.4444444444444444,-4.620939259152663,3.658477650242938,0.8736126387361264,0.43865613438656137,24,14,3.1462480369068326,0.5714285714285714,17,13,0.8082855236835969,0.6153846153846154,4,-7.38392698764801,0.0,0.007370898662082279,1.0
667,delta,19,17,45,19,-3.358803791469998,-0.15318424450723764,17.676495028995877,4.055266079336426,-0.00866598521120617,0.631578947368421,0.5333333333333333,-6.504990446724389,8.771325601977214,0.9814018598140186,0.49005099490050996,24,14,-0.7246148132142574,0.5,17,13,-3.488031368989211,0.6153846153846154,4,8.56269121170044,1.0,0.007069619514405033,1.0
668,delta,1,32,45,19,0.1690584831767612,0.07662904628536155,2.0071026227446684,0.46046092115049736,0.03817893784652278,0.47368421052631576,0.4888888888888889,-0.768134827441291,0.962768067615597,0.8696130386961304,0.4303569643035696,24,14,-0.4353112564200447,0.7142857142857143,17,13,0.12113441565097907,0.5384615384615384,4,1.471789464354515,0.0,0.007032962234885774,1.0
669,delta,22,11,45,19,-9.749586417939927,-2.8127730865227565,78.95530781848126,18.11358988615298,-0.035624876455289604,0.5789473684210527,0.5777777777777777,-36.979102582732835,33.02676722919732,0.8773122687731227,0.42705729427057293,24,14,-38.59297155482428,0.7857142857142857,17,13,7.559830396603316,0.5384615384615384,4,39.78110408782959,0.0,0.00703122561617558,1.0
670,delta,13,5,45,19,1.8317572302288478,-0.36771274972380263,9.326362802294119,2.139614366631414,-0.03942724055655993,0.42105263157894735,0.4666666666666667,-4.484133356156057,3.7494025660711414,0.8602139786021398,0.43115688431156884,24,14,-0.3659198057083857,0.5,17,13,0.8879256951503264,0.5384615384615384,4,-0.2056279182434082,0.0,0.007003522993599461,1.0
671,delta,9,20,45,19,0.003156052695380317,-0.3549677802805317,9.92593245158159,2.2771650777292143,-0.035761655845640124,0.5263157894736842,0.5333333333333333,-4.844098023312133,3.704761743440962,0.8882111788821118,0.44795520447955206,24,14,0.040877799193064286,0.35714285714285715,17,13,-0.9341578086217246,0.6153846153846154,4,0.8431721925735474,0.0,0.006822947496865549,1.0
672,delta,22,16,45,19,-11.172055392795139,-3.0816658086944035,88.43094471877042,20.287450079523794,-0.03484827419287184,0.5263157894736842,0.5111111111111111,-40.741220328682346,36.28991385761061,0.8798120187981202,0.43215678432156784,24,14,-42.16056819189163,0.7857142857142857,17,13,31.36972070351625,0.6923076923076923,4,11.572202682495117,0.0,0.006648683892061074,1.0
673,delta,16,12,45,19,-0.9516349368625217,0.3126644000672458,9.054794678347521,2.0773123661803536,0.034530258407174205,0.5263157894736842,0.5777777777777777,-3.677204313612821,4.224691503821758,0.8772122787721228,0.43985601439856015,24,14,1.4834632447787695,0.7142857142857143,17,13,-6.755423979881483,0.6923076923076923,4,4.167821288108826,0.0,0.006588009827684552,1.0
674,delta,4,18,45,19,-0.18421008851793078,-0.1432032072753236,4.246433776174961,0.9741987210939195,-0.03372316979927473,0.5263157894736842,0.5111111111111111,-1.975342425756287,1.737279166464219,0.8858114188581142,0.4497550244975502,24,14,-0.13849389269238443,0.5,17,13,1.8802239589202097,0.5384615384615384,4,-2.32598340511322,0.0,0.006434025816966888,1.0
675,delta,11,22,45,19,1.3829984929826524,-0.32635506203300085,9.435037475095797,2.1645460464453543,-0.03458969430640097,0.47368421052631576,0.4666666666666667,-4.711149042112786,3.5934793729531127,0.8866113388661134,0.44375562443755623,24,14,3.080257742177872,0.5714285714285714,17,13,0.6904396949670253,0.5384615384615384,4,-7.639783620834351,0.0,0.006371785793284389,1.0
676,delta,17,12,45,19,-0.1246900028652615,0.4249457016325831,12.869590511983226,2.9524865519202503,0.03301936462056851,0.5263157894736842,0.4888888888888889,-4.988415842202671,6.161614323289768,0.8844115588441156,0.43695630436956306,24,14,3.6124917439052036,0.5,17,13,-9.609769662221273,0.6923076923076923,4,8.513811111450195,0.0,0.006299747197345307,1.0
677,delta,16,31,45,19,0.8223493893941244,0.5235257546106978,16.32318184522334,3.7447947421245424,0.032072530930230214,0.5263157894736842,0.4888888888888889,-6.492450499534607,7.855219780457638,0.895010498950105,0.44025597440255976,24,14,4.821923500015622,0.5714285714285714,17,13,-10.766743201475878,0.7692307692307693,4,12.994632720947266,0.0,0.006119101295899185,1.0
678,delta,16,16,45,19,1.8121275530921088,0.34593585081267786,10.810999014228484,2.480213272723147,0.03199850914401043,0.5263157894736842,0.5555555555555556,-4.604323985388404,4.881460681819081,0.8937106289371063,0.45735426457354267,24,14,-2.7445601310048784,0.5714285714285714,17,13,6.977322829075349,0.6923076923076923,4,1.2649805545806885,0.0,0.0061049787182651475,1.0
679,delta,21,15,45,19,9.962053638034396,1.4761498099879207,46.322706256810925,10.62715765077674,0.03186665739700558,0.5263157894736842,0.5111111111111111,-18.63699351653718,21.05707681053563,0.893010698930107,0.44575542445755423,24,14,29.501142501831055,0.7857142857142857,17,13,-10.672465813465609,0.6153846153846154,4,-57.122615814208984,0.0,0.006079822792849748,1.0
680,delta,9,19,45,19,0.7604086359341939,0.1741734400653004,7.09695542307562,1.6281532366315563,0.024541994373950646,0.47368421052631576,0.4888888888888889,-2.87491626816622,3.3112046967669015,0.9157084291570843,0.46315368463153683,24,14,0.019542235703695367,0.42857142857142855,17,13,5.319200140543473,0.6923076923076923,4,-7.934908151626587,0.11219986064677068,0.0060426246300375646,1.0
681,delta,16,3,45,19,-2.327082489596473,-0.07312978516545225,9.388839092930793,2.153947410697337,-0.007789012511729421,0.5263157894736842,0.6666666666666666,-3.9992523134800417,4.331052643871097,0.9746025397460254,0.48135186481351866,24,14,-0.7632318139076233,0.6428571428571429,17,13,-0.5943036782435883,0.6923076923076923,4,0.8597018271684647,1.0,0.005944246390530347,1.0
682,delta,18,4,45,19,2.8203545173009235,-0.439610908951676,13.314408580660652,3.054534815584768,-0.033017682031345835,0.42105263157894735,0.35555555555555557,-6.5649731617224845,4.7626017603957855,0.8923107689231077,0.44795520447955206,24,14,1.123250317005884,0.5714285714285714,17,13,2.1017618790650974,0.6153846153846154,4,-1.3358848094940186,0.0,0.005864982992410115,1.0
683,delta,11,24,45,19,1.8441029919518366,0.33425177398480865,11.056649667195089,2.5365693975492634,0.03023083701173318,0.5263157894736842,0.5333333333333333,-4.473865733230324,5.298835184176761,0.8987101289871013,0.45065493450654937,24,14,4.662088482152847,0.7857142857142857,17,13,-4.274348680789654,0.6923076923076923,4,7.014193058013916,0.0,0.005767725482501725,1.0
684,delta,9,2,45,19,-0.508235239982605,-0.163834203753555,5.693572405179556,1.3061950916794471,-0.028775291169479425,0.5789473684210527,0.5111111111111111,-2.636280000758799,2.3634033765447744,0.905009499050095,0.45225477452254775,24,14,1.0911219687688918,0.5714285714285714,17,13,-0.6353588348779922,0.6153846153846154,4,-5.056939482688904,0.0,0.0056793337834498865,1.0
685,delta,3,13,45,19,-0.26239615281422934,0.06888921741853683,2.3405709924827205,0.5369638119165724,0.029432654527374015,0.47368421052631576,0.4,-0.9241853944565119,1.1429936159467484,0.9005099490050995,0.45955404459554045,24,14,-0.2797366487128394,0.5714285714285714,17,13,-0.320441878758944,0.6923076923076923,4,1.2250885963439941,0.0,0.005421804781358371,1.0
686,delta,22,20,45,19,-3.8782896094852024,1.1413299472708445,39.60696098908794,9.08646002169432,0.028816397894937982,0.47368421052631576,0.4,-15.908772253101334,19.58669531993698,0.9028097190280971,0.45455454454554545,24,14,5.6796992733365,0.5,17,13,-9.468707812138092,0.5384615384615384,4,-13.587849855422974,0.0,0.0053082838227517335,1.0
687,delta,3,28,45,19,0.16044229467709858,0.057713409787730145,2.2951814892006124,0.5265507457110873,0.02514546673510822,0.631578947368421,0.6444444444444445,-0.9655519629779615,0.9986621976944439,0.9126087391260874,0.46165383461653836,24,14,-0.07616775340977165,0.42857142857142855,17,13,0.33266151868380034,0.7692307692307693,4,0.10700885951519012,0.0,0.005128351768344439,1.0
688,delta,13,24,45,19,-1.5320634232627022,-0.2718189536479483,10.900822261761979,2.500820138974681,-0.024935637617121573,0.5263157894736842,0.5555555555555556,-5.095954883255457,4.532409820222018,0.9144085591440856,0.46395360463953605,24,14,-4.423494107666469,0.7142857142857143,17,13,4.629522091303117,0.6923076923076923,4,-8.456109285354614,0.0,0.004757457176950826,1.0
689,delta,16,24,45,19,-0.4406835714975993,0.26364061131811983,10.977185954654233,2.518339171620624,0.024017139948908167,0.5789473684210527,0.4666666666666667,-4.743168992993601,4.858900238861116,0.9144085591440856,0.4460553944605539,24,14,-4.448793212572734,0.5714285714285714,17,13,5.08295009075067,0.6923076923076923,4,2.864320158958435,0.0,0.004740224989916086,1.0
690,delta,7,23,45,19,-1.951528803507487,-0.19407989895134636,8.053236587378512,1.8475391817266995,-0.02409961471335877,0.5263157894736842,0.5777777777777777,-3.62055625188769,3.4350477533382286,0.92000799920008,0.46765323467653236,24,14,0.24614994298844092,0.6428571428571429,17,13,0.6381480938349016,0.38461538461538464,4,-2.9379392862319946,0.0,0.004597952807153975,1.0
691,delta,4,25,45,19,0.33450742926862503,-0.1262560824030325,4.911630251504451,1.1268052586497452,-0.025705534809824043,0.42105263157894735,0.4666666666666667,-2.440743366942594,1.8834005027225136,0.922107789221078,0.46115388461153883,24,14,0.8674779378232501,0.6428571428571429,17,13,-1.099079747994741,0.5384615384615384,4,-0.6708921976387501,0.0,0.004566114735955587,1.0
692,delta,14,3,45,19,-0.8908452656533983,-0.11236695291703196,4.759792288369497,1.0919712409077287,-0.02360753287314647,0.5263157894736842,0.5333333333333333,-2.1407908815694485,2.032318673688068,0.9234076592340766,0.4637536246375362,24,14,-0.13321103652318328,0.7142857142857143,17,13,0.29709436878179896,0.46153846153846156,4,-1.6627303957939148,0.0,0.004504068771850313,1.0
693,delta,9,10,45,19,-0.5269973304536607,-0.17687155280196892,7.2701740866578985,1.6678923234573628,-0.024328379306151778,0.47368421052631576,0.5777777777777777,-3.296895604384573,3.0929482210100736,0.9172082791720828,0.45215478452154784,24,14,1.289695634728386,0.6428571428571429,17,13,-2.3163386308229885,0.6923076923076923,4,0.23896807432174683,0.0,0.00448154355639638,1.0
694,delta,0,27,45,19,-0.06181544827090369,-0.021081696999700483,0.8492321467196835,0.19482721616616874,-0.02482442178046656,0.42105263157894735,0.4222222222222222,-0.41609563475245964,0.3285790424075042,0.9127087291270873,0.45045495450454953,24,14,-0.3534781641903378,0.5714285714285714,17,13,0.5224822442501019,0.7692307692307693,4,0.03737277537584305,0.0,0.004409601237319718,1.0
695,delta,15,12,45,19,-1.6546656092007954,0.22753692875828654,8.83861383531944,2.0277170794283097,0.025743508314509705,0.3684210526315789,0.4222222222222222,-3.3363624824635814,4.313658371071021,0.9167083291670833,0.45735426457354267,24,14,1.0822696217468806,0.35714285714285715,17,13,-3.5619573486156955,0.6923076923076923,4,0.8909533619880676,0.0,0.004403494843271397,1.0
696,delta,9,23,45,19,-1.385976955625746,-0.1983467089502436,8.9826119146802,2.06075250448081,-0.022081184274040315,0.5263157894736842,0.4666666666666667,-4.274561906540603,3.5419902075278094,0.9311068893110689,0.46145385461453853,24,14,-0.7350021657489597,0.7142857142857143,17,13,0.5721569122412266,0.6153846153846154,4,-1.4142255783081055,0.0,0.004212857525968217,1.0
697,delta,10,26,45,19,-0.14684536192152237,-0.17984850783097117,7.928778452731352,1.8189865274304602,-0.02268300330286261,0.47368421052631576,0.4666666666666667,-3.6377167720543713,3.2910286107607054,0.9207079292070793,0.45485451454854514,24,14,0.6189485845111665,0.5714285714285714,17,13,-3.8137963246076536,0.6923076923076923,4,-1.2396382093429565,0.0,0.0041784479768431125,1.0
698,delta,13,13,45,19,0.33563325934939914,-0.24739725652493932,11.211007077655225,2.5719814161483354,-0.02206735352241721,0.47368421052631576,0.4222222222222222,-5.3694347563542815,4.368250118535862,0.9316068393160684,0.46265373462653736,24,14,2.244249704338255,0.5,17,13,3.477138641553047,0.6153846153846154,4,-8.516008377075195,0.0,0.004065038806761065,1.0
699,delta,18,16,45,19,-2.5856739468044703,-0.2907794023814954,13.436809318772179,3.0826154707449223,-0.02164050969862733,0.47368421052631576,0.5777777777777777,-6.020967558601447,5.77465758721033,0.9321067893210679,0.4677532246775322,24,14,1.122738037790571,0.5714285714285714,17,13,-9.635753637705095,0.7692307692307693,4,8.862849950790405,0.0,0.0039864096813260865,1.0
700,delta,6,31,45,19,0.7042392677730984,0.1452314811840391,7.077086228180841,1.6235949307033535,0.02052136663330874,0.5263157894736842,0.5333333333333333,-3.086320890878376,3.1686104886887363,0.9279072092790721,0.46465353464653536,24,14,2.2370707931972684,0.6428571428571429,17,13,-2.069895178843767,0.6923076923076923,4,2.9997620582580566,0.0,0.003915260739249694,1.0
701,delta,10,22,45,19,-1.390692933400472,-0.041833618230986996,8.401127354782705,1.9273507974375255,-0.0049795243500470685,0.5263157894736842,0.5333333333333333,-3.5880945873887913,3.8287847518920888,0.9811018898110189,0.49575042495750427,24,14,-2.908888447852362,0.5714285714285714,17,13,-1.225421129128872,0.6153846153846154,4,8.16518759727478,1.0,0.0038001633197727626,1.0
702,delta,2,15,45,19,0.04905253847440084,0.024152514181639006,1.2191775862674776,0.2796985206720935,0.019810497218524275,0.5263157894736842,0.4888888888888889,-0.5062955596075769,0.5493169031383697,0.9343065693430657,0.46625337466253375,24,14,0.8231448917871429,0.7857142857142857,17,13,-1.0080216542268412,0.5384615384615384,4,-0.6190264075994492,0.0,0.0037796343377447627,1.0
703,delta,7,10,45,19,-0.8004483487870958,-0.09116449481562543,4.965923358449707,1.1392609516237042,-0.018358014861527328,0.5789473684210527,0.6444444444444445,-2.1760235562136296,2.1206332751010573,0.9331066893310669,0.4634536546345365,24,14,1.6384650412059967,0.42857142857142855,17,13,-1.173866534844423,0.5384615384615384,4,0.4143596887588501,0.0,0.0036232924068803937,1.0
704,delta,11,19,45,19,0.09155511326260037,-0.1231281903752112,7.108359739182839,1.6307695661805859,-0.017321603702258003,0.5789473684210527,0.5333333333333333,-3.032012755044719,3.243133818737245,0.9419058094190581,0.46865313468653136,24,14,0.06160531725202288,0.42857142857142855,17,13,3.7838752422577295,0.5384615384615384,4,-6.162797451019287,0.0,0.0034187375728140794,1.0
705,delta,12,13,45,19,0.8770680904388428,-0.19677981577421472,10.807664112714141,2.4794481938448483,-0.01820743258876105,0.47368421052631576,0.4,-5.290867314291626,4.199858475175866,0.9479052094790521,0.47485251474852513,24,14,2.7865148073151,0.5714285714285714,17,13,3.780760719225957,0.6923076923076923,4,-9.7295401096344,0.0,0.00335400074003493,1.0
706,delta,8,29,45,19,-1.238706119855245,-0.13511974769726107,8.68133343684815,1.9916344813895641,-0.015564400178864428,0.5789473684210527,0.6222222222222222,-3.5530560920635854,4.023838798048202,0.9563043695630437,0.47035296470352966,24,14,0.15711092948913574,0.42857142857142855,17,13,-2.348793314053462,0.6923076923076923,4,-1.2377902269363403,0.0,0.003071921087933769,1.0
707,delta,6,17,45,19,0.21327260335286458,-0.08513642403117405,5.3654812401099745,1.2309258162685615,-0.015867434852764303,0.47368421052631576,0.5111111111111111,-2.4282906130217667,2.3171220591193746,0.9472052794720528,0.47125287471252875,24,14,0.46088862135296765,0.5,17,13,0.15756445053296206,0.46153846153846156,4,-0.907241702079773,0.0,0.0029229485255092137,1.0
708,delta,4,11,45,19,0.35148217529058456,-0.05168302481373154,3.3851692959981943,0.7766110983175186,-0.015267485993929183,0.42105263157894735,0.4666666666666667,-1.6826493189000247,1.3180589123302249,0.9499050094990501,0.47255274472552744,24,14,0.04959063090029219,0.42857142857142855,17,13,-0.4158117990845289,0.5384615384615384,4,2.4178960621356964,0.0,0.002711987643658473,1.0
709,delta,14,19,45,19,-0.24503458340962728,0.11204318205515532,7.098696574335938,1.6285526841257218,0.015783627442286702,0.3684210526315789,0.4666666666666667,-2.7580321189604304,3.4623385123516326,0.9487051294870513,0.4624537546245375,24,14,-0.8223666406813123,0.6428571428571429,17,13,4.5686188110938435,0.5384615384615384,4,-4.705054044723511,0.0,0.0026998310098648305,1.0
710,delta,11,5,45,19,0.6353278875350952,-0.09467697352693803,6.526794562499261,1.49734936437816,-0.014505891463310288,0.47368421052631576,0.4888888888888889,-3.0379828229807972,2.7059223857888006,0.9537046295370463,0.4737526247375263,24,14,-0.42837176436469676,0.42857142857142855,17,13,0.3855089591099666,0.6153846153846154,4,1.5661791563034058,0.0,0.0026721379011361056,1.0
711,delta,3,19,45,19,0.6454830050468445,-0.054177155881597314,3.637584963114837,0.8345192238295106,-0.014893715591788079,0.3684210526315789,0.35555555555555557,-1.7287012585422448,1.4685488474996464,0.9439056094390561,0.4737526247375263,24,14,0.1092855767125175,0.7142857142857143,17,13,0.6587020831230359,0.6923076923076923,4,0.8173573017120361,0.0,0.0025476092459637504,1.0
712,delta,6,11,45,19,0.5445665147569444,-0.07445769351825382,4.960589220398426,1.1380372164281027,-0.015009848671217631,0.3157894736842105,0.4444444444444444,-2.490586501412224,1.8739019161253643,0.9537046295370463,0.47835216478352166,24,14,-0.5811416364851453,0.35714285714285715,17,13,0.2616299054561517,0.5384615384615384,4,-0.17729878425598145,0.0,0.002468725110397637,1.0
713,delta,20,17,45,19,5.327365938822428,-0.35473584292227794,25.44843177582278,5.838270651705306,-0.013939398940067257,0.3684210526315789,0.4,-11.57673366007052,9.972458251317338,0.9535046495350465,0.48405159484051596,24,14,8.587641364052182,0.6428571428571429,17,13,6.2313510210086145,0.6153846153846154,4,-6.305990219116211,0.0,0.002384370871327294,1.0
714,delta,14,13,45,19,-0.3186716569794549,0.13678969102993324,10.256686714028811,2.35304530957936,0.013336635391508653,0.42105263157894735,0.5111111111111111,-4.200418022118117,4.839051491910951,0.9542045795420458,0.47635236476352366,24,14,-0.07475641156945935,0.5714285714285714,17,13,-4.806876347615169,0.6153846153846154,4,6.8700302839279175,0.0,0.002369007602439037,1.0
715,delta,1,12,45,19,0.1102220720714993,0.014343178324532059,1.3262230919679416,0.30425644391991086,0.010815056992597421,0.5789473684210527,0.4666666666666667,-0.559858608677199,0.6011858028604793,0.963003699630037,0.4824517548245176,24,14,0.5130300663766407,0.7857142857142857,17,13,-0.57608179633434,0.6153846153846154,4,0.2339526116847992,0.0,0.002134550722223175,1.0
716,delta,16,26,45,19,1.4427870485517713,0.12622289490281496,11.71789179807757,2.688268746271802,0.010771809219429985,0.5789473684210527,0.6,-5.264619735249303,4.937314235850383,0.9647035296470353,0.4864513548645136,24,14,0.23506736755371094,0.5,17,13,-0.6418691537319086,0.46153846153846156,4,3.5949697494506836,0.0,0.002126014977519076,1.0
717,delta,9,6,45,19,-0.8583386295371586,-0.06215093206418193,5.619288143279163,1.2891531132205354,-0.011060285658872345,0.5263157894736842,0.5555555555555556,-2.3863683437895875,2.4483860798049384,0.9633036696330367,0.47555244475552444,24,14,-0.08264216461351939,0.5714285714285714,17,13,1.1841587378428533,0.5384615384615384,4,-3.777733623981476,0.0,0.002110186079653276,1.0
718,delta,22,6,45,19,20.742109468248156,-1.681574871665547,147.33682163812907,33.80138506226744,-0.011413133885809132,0.42105263157894735,0.4666666666666667,-68.5386659321032,60.12861161984895,0.9605039496050395,0.48335166483351666,24,14,63.13140991755894,0.6428571428571429,17,13,-35.49545473930163,0.6153846153846154,4,-40.945152282714844,0.0,0.0020273329928739902,1.0
719,delta,13,26,45,19,0.11919368902842203,-0.09207256425890993,9.002459574948707,2.065305870026923,-0.010227489886777361,0.5263157894736842,0.4666666666666667,-4.133143367735963,3.6910810550053914,0.9644035596440356,0.49105089491050896,24,14,-2.6248897654669627,0.5714285714285714,17,13,2.3104804631991267,0.46153846153846156,4,8.353296875953674,0.0,0.0019512974126088384,1.0
720,delta,13,4,45,19,-2.5665774875217013,0.14972425343697518,12.639373722717108,2.8996711982614394,0.011845860144784823,0.3157894736842105,0.3333333333333333,-4.903376125452811,6.047573146171736,0.9601039896010399,0.48105189481051897,24,14,-0.43699220532462746,0.5714285714285714,17,13,-0.9769064279702994,0.6153846153846154,4,0.5372049808502197,0.0,0.0019483322606553986,1.0
721,delta,18,9,45,19,-2.1814713531070287,-0.21473800717738661,21.679558221390163,4.973631759349795,-0.009905091468400637,0.47368421052631576,0.5333333333333333,-9.232293306735523,9.692242777870407,0.9675032496750325,0.48305169483051696,24,14,4.827310096649897,0.5714285714285714,17,13,-0.5383423780783629,0.46153846153846156,4,-10.427061796188354,0.0,0.0018246221126001173,1.0
722,delta,15,18,45,19,-0.7384118278821309,-0.10201177680701547,11.533064721898567,2.645866506951046,-0.008845157750074807,0.47368421052631576,0.5333333333333333,-5.000049796439053,5.251586860287607,0.972002799720028,0.48325167483251674,24,14,2.1277708326067244,0.5714285714285714,17,13,0.9335156633303716,0.6923076923076923,4,-8.729566812515259,0.0,0.0016293711644874643,1.0
723,delta,15,3,45,19,-2.082733850346671,0.07367720258863349,8.98108187765475,2.060401489913767,0.00820359992173604,0.47368421052631576,0.35555555555555557,-3.6457348524609157,4.211247054056116,0.9759024097590241,0.4931506849315068,24,14,-0.5963812715240887,0.6428571428571429,17,13,-0.3820173067924303,0.6153846153846154,4,0.11222079396247864,0.0,0.0015111894592671653,1.0
724,delta,12,24,45,19,1.2364616632461547,0.085147543957359,11.00267213439413,2.5241861022492094,0.007738805893451056,0.5263157894736842,0.5555555555555556,-4.773960368465959,4.942341917334941,0.9739026097390261,0.4854514548545146,24,14,4.010084525460289,0.7142857142857143,17,13,-4.93327437303005,0.6923076923076923,4,9.408219337463379,0.0,0.0014764827033557934,1.0
725,delta,5,9,45,19,-1.1615308364232382,0.05232893374928263,7.4998968593155215,1.7205943419333916,0.006977287118860249,0.3684210526315789,0.4,-2.916065100410528,3.653966309679182,0.9799020097990201,0.48935106489351066,24,14,-0.9967209569045475,0.7142857142857143,17,13,0.26186740704071837,0.46153846153846156,4,-2.1435791850090027,0.0,0.0011934833229629374,1.0
726,delta,4,27,45,19,0.05550412999259101,0.02387111333378576,3.7990268656144845,0.8715565363689269,0.0062834810540158305,0.47368421052631576,0.5333333333333333,-1.6130046242946074,1.72731288417912,0.9765023497650235,0.49465053494650535,24,14,-0.4913540837310609,0.5,17,13,-0.20737725954789382,0.5384615384615384,4,-2.1434072256088257,0.0,0.0011574833520555476,1.0
727,delta,18,11,45,19,2.584689368142022,0.09400736239918497,16.743201026196772,3.841153750767275,0.005614658884648105,0.5263157894736842,0.6,-7.394968443429259,7.022069366563827,0.9807019298070193,0.48705129487051296,24,14,-1.8933471838633216,0.42857142857142855,17,13,0.49505781210385835,0.5384615384615384,4,14.017551720142365,0.0,0.0010712178135183882,1.0
728,delta,20,14,45,19,0.009291611777411567,-0.06288254679295067,14.118016192232783,3.2388950455375576,-0.004454063937647724,0.5789473684210527,0.4666666666666667,-6.051890381961539,6.177719104917424,0.9839016098390161,0.48895110488951105,24,14,-8.127652242070154,0.7142857142857143,17,13,1.8035283577747832,0.46153846153846156,4,4.6367573738098145,0.0,0.0008790915666409982,1.0
729,delta,21,12,45,19,-3.335958565606011,-0.14093166903445745,34.197268528601725,7.84539145585783,-0.004121138181448199,0.5263157894736842,0.4666666666666667,-14.600936207541249,14.729918529589968,0.9873012698730127,0.49855014498550143,24,14,3.8251609121050154,0.5,17,13,-22.34409812780527,0.6153846153846154,4,41.83526372909546,0.0,0.0007862697846184064,1.0
730,delta,7,7,45,19,-0.3249554024802314,0.01942643261792364,4.533088949568368,1.039961928065761,0.004285473511340073,0.3157894736842105,0.4666666666666667,-1.9045897913867966,2.078071929592835,0.9849015098490151,0.49345065493450657,24,14,-0.8071584673154921,0.7142857142857143,17,13,0.023408367083622858,0.5384615384615384,4,0.41020262241363525,0.0,0.0007048476169967227,1.0
731,delta,8,22,45,19,0.3255460527208116,-0.019633561372756958,6.96523195138719,1.5979337997061769,-0.0028187950537450165,0.5263157894736842,0.6,-2.9689438988765082,3.1062153804851196,0.9897010298970103,0.5045495450454954,24,14,1.744004869744891,0.5,17,13,-2.548038210624304,0.6153846153846154,4,0.5242350101470947,0.0,0.0005377964247276675,1.0
732,delta,10,24,45,19,-1.8896899620691936,0.03192037657687524,11.870329686896012,2.723240396404764,0.002689089302390062,0.47368421052631576,0.5111111111111111,-5.104764852084611,5.39291686305874,0.9922007799220078,0.48785121487851213,24,14,-3.4367393837088636,0.6428571428571429,17,13,2.5939864623240934,0.6923076923076923,4,-3.165994167327881,0.0,0.0004953585557034325,1.0
733,delta,2,6,45,19,0.11889214449458652,0.0013872781082203513,0.9762319247356044,0.22396296344108968,0.0014210538224265425,0.5263157894736842,0.5111111111111111,-0.447153612644526,0.3912652397364899,0.9958004199580042,0.5016498350164984,24,14,0.35496932161705835,0.5714285714285714,17,13,-0.09617448540834281,0.46153846153846156,4,-0.6161054000258446,0.0,0.0002711221108576956,1.0
734,delta,21,31,45,19,1.9327233208550347,0.05491646549157954,53.74498083936854,12.329944221123013,0.001021797098704199,0.5789473684210527,0.5333333333333333,-23.648630003761824,23.597494976144077,0.9963003699630038,0.49445055494450557,24,14,10.429724784124463,0.5714285714285714,17,13,-10.86769808255709,0.6153846153846154,4,11.112927436828613,0.0,0.0002016704800074077,1.0
735,delta,14,24,45,19,-1.2640480253431532,0.008146319472998778,11.200984946708212,2.5696821816221793,0.0007272859942011483,0.42105263157894735,0.4666666666666667,-4.843022521127735,5.052217833828507,0.9971002899710029,0.49205079492050796,24,14,-3.1021228063674195,0.7857142857142857,17,13,4.473782576047457,0.6923076923076923,4,-11.626589298248291,0.0,0.00012918895949625661,1.0
736,delta,14,29,45,19,-0.2783778137630887,-0.004800277843809559,11.548267666161125,2.649354301566034,-0.0004156708159679561,0.5263157894736842,0.4666666666666667,-4.8434671781565015,5.281167050620964,0.9989001099890011,0.49075092490750927,24,14,0.7337947289148963,0.5,17,13,-2.2946586792285624,0.46153846153846156,4,-2.250039577484131,0.0,7.930561620441268e-05,1.0
